session,frequency_hz,task,pattern_id,label_provenance,force_pair,sense_pair,rest_real_counts,rest_imag_counts,task_real_counts,task_imag_counts,rest_magnitude_counts,delta_real_counts,delta_imag_counts,relative_voltage_real,relative_voltage_imag,relative_voltage_abs_pct,signed_magnitude_change_pct,signed_phase_change_deg,common_rest_ge50,start_s,end_s
session-1-20261005-10000Hz-600mV,10000,SMILE_LEFT,0,cue_assumed,L1-L2,L3-L4,72.0,-276.0,74.0,-283.0,285.2367437761131,2.0,-7.0,0.02551622418879056,0.0005899705014749265,2.552304374570617,2.5516393891207745,0.032961756474738174,True,32.8403122,32.938222
session-1-20261005-10000Hz-600mV,10000,SMILE_LEFT,1,cue_assumed,L1-L2,L4-L5,26.0,-94.0,26.0,-98.0,97.52948272189288,0.0,-4.0,0.03952901597981497,-0.010933557611438185,4.1013239159753105,3.9586512872307855,-0.6026032925172434,True,32.9385168,33.0361079
session-1-20261005-10000Hz-600mV,10000,SMILE_LEFT,2,cue_assumed,L1-L2,L5-L6,15.0,-79.0,15.0,-79.0,80.4114419718985,0.0,0.0,-0.0,0.0,0.0,0.0,-6.994662476092052e-16,True,33.0363973,33.1351068
session-1-20261005-10000Hz-600mV,10000,SMILE_LEFT,3,cue_assumed,L1-L2,L6-L7,17.0,-52.0,17.0,-50.0,54.70831746635972,0.0,2.0,-0.03474774473772135,0.01135983962579352,3.655751250675558,-3.468090133612367,0.6742701879389136,False,33.1353778,33.2371059
session-1-20261005-10000Hz-600mV,10000,SMILE_LEFT,4,cue_assumed,L1-L2,L7-L8,-2.0,-15.0,-3.0,-14.0,15.132745950421556,-1.0,1.0,-0.056768558951965066,-0.074235807860262,9.345386270319956,-5.385175233993156,-4.500113708420656,False,33.2373713,33.3341091
session-1-20261005-10000Hz-600mV,10000,SMILE_LEFT,5,cue_assumed,L1-L2,L8-R8,-2.0,-3.0,-1.0,-5.0,3.605551275463989,1.0,-2.0,0.30769230769230776,0.5384615384615384,62.01736729460423,41.42135623730952,22.38013505195957,False,33.3343877,33.4334938
session-1-20261005-10000Hz-600mV,10000,SMILE_LEFT,6,cue_assumed,L1-L2,R8-R7,-3.0,1.0,-3.0,0.0,3.1622776601683795,0.0,-1.0,-0.09999999999999999,0.3,31.622776601683793,-5.131670194948623,18.43494882292201,False,33.4337509,33.5310145
session-1-20261005-10000Hz-600mV,10000,SMILE_LEFT,7,cue_assumed,L1-L2,R7-R6,-14.0,23.0,-15.0,23.0,26.92582403567252,-1.0,0.0,0.019310344827586208,0.031724137931034485,3.7139067635410377,1.9803902718557032,1.7826490925678566,False,33.5312757,33.6290445
session-1-20261005-10000Hz-600mV,10000,SMILE_LEFT,8,cue_assumed,L1-L2,R6-R5,-2.0,-7.0,-2.0,-6.0,7.280109889280518,0.0,1.0,-0.1320754716981132,-0.03773584905660377,13.736056394868903,-13.12555144738613,-2.489552921999157,False,33.6293463,33.7261301
session-1-20261005-10000Hz-600mV,10000,SMILE_LEFT,9,cue_assumed,L1-L2,R5-R4,-24.0,61.0,-24.0,60.0,65.55150646628954,0.0,-1.0,-0.014195950663253434,0.005585292064230859,1.52551795360227,-1.4180128433105232,0.3246185068114292,True,33.7263855,33.824107
session-1-20261005-10000Hz-600mV,10000,SMILE_LEFT,10,cue_assumed,L1-L2,R4-R3,2.0,-42.0,1.0,-41.0,42.04759208325728,-1.0,1.0,-0.0248868778280543,-0.022624434389140267,3.3633639699815623,-2.4624448705346857,-1.3291299666098886,False,33.8243777,33.922113
session-1-20261005-10000Hz-600mV,10000,SMILE_LEFT,11,cue_assumed,L1-L2,R3-R2,-14.0,26.0,-14.0,26.0,29.5296461204668,0.0,0.0,0.0,-0.0,0.0,0.0,1.1379966291474967e-15,False,33.9223996,34.0221252
session-1-20261005-10000Hz-600mV,10000,SMILE_LEFT,12,cue_assumed,L1-L2,R2-R1,83.0,-359.0,83.0,-358.0,368.46980880392357,0.0,1.0,-0.0026441776533844,0.0006113279811445827,0.2713926558178711,-0.26439902970483153,0.03511937068644973,True,34.0224063,34.1179676
session-1-20261005-10000Hz-600mV,10000,SMILE_LEFT,13,cue_assumed,L2-L3,L4-L5,-68.0,244.0,-67.0,239.0,253.29824318380102,1.0,-5.0,-0.020074812967581047,0.001496259351620947,2.0130496956873007,-2.0073670640201158,0.087485535033279,True,34.1182163,34.2161157
session-1-20261005-10000Hz-600mV,10000,SMILE_LEFT,14,cue_assumed,L2-L3,L5-L6,39.0,-161.0,38.0,-155.0,165.65627063289816,-1.0,6.0,-0.03662269513883827,0.002660155965308651,3.671918066885556,-3.661902242606241,0.15820937603363835,True,34.2163663,34.313999
session-1-20261005-10000Hz-600mV,10000,SMILE_LEFT,15,cue_assumed,L2-L3,L6-L7,14.0,-44.0,13.0,-39.0,46.17358552246078,-1.0,5.0,-0.10975609756097561,0.01219512195121951,11.043152607484656,-10.967257324663516,0.7848246029918884,False,34.3143213,34.412149
session-1-20261005-10000Hz-600mV,10000,SMILE_LEFT,16,cue_assumed,L2-L3,L7-L8,1.0,-18.0,1.0,-19.0,18.027756377319946,0.0,-1.0,0.05538461538461538,-0.0030769230769230765,5.547001962252291,5.538910068569192,-0.16704261568089426,False,34.4123912,34.5169727
session-1-20261005-10000Hz-600mV,10000,SMILE_LEFT,17,cue_assumed,L2-L3,L8-R8,2.0,-15.0,3.0,-18.0,15.132745950421556,1.0,-3.0,0.2052401746724891,0.039301310043668124,20.896918976428644,20.588078665169895,1.8676788394341732,False,34.51726,34.6161959
session-1-20261005-10000Hz-600mV,10000,SMILE_LEFT,18,cue_assumed,L2-L3,R8-R7,-1.0,-9.0,-1.0,-8.0,9.055385138137417,0.0,1.0,-0.10975609756097561,-0.012195121951219511,11.043152607484656,-10.967257324663526,-0.7848246029918886,False,34.6164675,34.7151129
session-1-20261005-10000Hz-600mV,10000,SMILE_LEFT,19,cue_assumed,L2-L3,R7-R6,-6.0,-2.0,-6.0,-2.0,6.324555320336759,0.0,0.0,-0.0,-0.0,0.0,0.0,9.54166404439055e-16,False,34.7154081,34.8140286
session-1-20261005-10000Hz-600mV,10000,SMILE_LEFT,20,cue_assumed,L2-L3,R6-R5,2.0,-16.0,2.0,-16.0,16.1245154965971,0.0,0.0,-0.0,0.0,0.0,0.0,-0.0,False,34.8143029,34.9120641
session-1-20261005-10000Hz-600mV,10000,SMILE_LEFT,21,cue_assumed,L2-L3,R5-R4,-7.0,4.0,-7.0,4.0,8.06225774829855,0.0,0.0,-0.0,-0.0,0.0,0.0,-1.370085093553515e-15,False,34.9122804,35.011
session-1-20261005-10000Hz-600mV,10000,SMILE_LEFT,22,cue_assumed,L2-L3,R4-R3,-9.0,-4.0,-9.0,-3.0,9.848857801796104,0.0,1.0,-0.04123711340206185,-0.09278350515463916,10.153461651336189,-3.6758051398096625,-5.527540151656171,False,35.0112494,35.1071138
session-1-20261005-10000Hz-600mV,10000,SMILE_LEFT,23,cue_assumed,L2-L3,R3-R2,0.0,-8.0,0.0,-8.0,8.0,0.0,0.0,-0.0,0.0,0.0,0.0,-0.0,False,35.1073452,35.205106
session-1-20261005-10000Hz-600mV,10000,SMILE_LEFT,24,cue_assumed,L2-L3,R2-R1,-20.0,45.0,-20.0,45.0,49.24428900898052,0.0,0.0,0.0,-0.0,0.0,0.0,1.1804120467287281e-15,False,35.2053745,35.3043073
session-1-20261005-10000Hz-600mV,10000,SMILE_LEFT,25,cue_assumed,L2-L3,R1-L1,7.0,-10.0,7.0,-9.0,12.206555615733702,0.0,1.0,-0.06711409395973154,0.046979865771812075,8.192319205190405,-6.593189676741984,2.8829634525395424,False,35.3045571,35.4021152
session-1-20261005-10000Hz-600mV,10000,SMILE_LEFT,26,cue_assumed,L3-L4,L1-L2,66.0,-283.0,68.0,-288.0,290.5942188000305,2.0,-5.0,0.018319616318313692,0.0027947184557996327,1.8531562084654722,1.8323451281529124,0.1572445113113593,True,35.4023502,35.5042811
session-1-20261005-10000Hz-600mV,10000,SMILE_LEFT,27,cue_assumed,L3-L4,L5-L6,-76.0,245.0,-74.0,239.0,256.51705596314645,2.0,-6.0,-0.024650081305755234,-0.0005167094725004179,2.4655496284993235,-2.4649944437614257,-0.030353485115088286,True,35.5045249,35.6100118
session-1-20261005-10000Hz-600mV,10000,SMILE_LEFT,28,cue_assumed,L3-L4,L6-L7,-2.0,20.0,0.0,14.0,20.09975124224178,2.0,-6.0,-0.306930693069307,-0.0693069306930693,31.465838776377637,-30.347396685300755,-5.710593137499642,False,35.6102718,35.7061906
session-1-20261005-10000Hz-600mV,10000,SMILE_LEFT,29,cue_assumed,L3-L4,L7-L8,-10.0,18.0,-11.0,21.0,20.591260281974,-1.0,3.0,0.1509433962264151,-0.02830188679245283,15.35737792084878,15.129131765735426,-1.4086287353384683,False,35.7064246,35.8051223
session-1-20261005-10000Hz-600mV,10000,SMILE_LEFT,30,cue_assumed,L3-L4,L8-R8,-8.0,18.0,-8.0,22.0,19.697715603592208,0.0,4.0,0.18556701030927833,-0.0824742268041237,20.306923302672377,18.843221683889855,-3.979382452678204,False,35.805383,35.9040261
session-1-20261005-10000Hz-600mV,10000,SMILE_LEFT,31,cue_assumed,L3-L4,R8-R7,-6.0,6.0,-5.0,6.0,8.48528137423857,1.0,0.0,-0.08333333333333333,-0.08333333333333333,11.785113019775793,-7.9553248567728385,-5.194428907734806,False,35.9042741,36.0020002
session-1-20261005-10000Hz-600mV,10000,SMILE_LEFT,32,cue_assumed,L3-L4,R7-R6,-14.0,22.0,-14.0,23.0,26.076809620810597,0.0,1.0,0.032352941176470584,-0.020588235294117643,3.8348249442368516,3.2558216561291653,-1.1424994230443217,False,36.0021935,36.1000029
session-1-20261005-10000Hz-600mV,10000,SMILE_LEFT,33,cue_assumed,L3-L4,R6-R5,0.0,-11.0,0.0,-11.0,11.0,0.0,0.0,-0.0,0.0,0.0,0.0,-0.0,False,36.1002507,36.2011525
session-1-20261005-10000Hz-600mV,10000,SMILE_LEFT,34,cue_assumed,L3-L4,R5-R4,-24.0,58.0,-23.0,56.0,62.76941930590086,1.0,-2.0,-0.03553299492385787,-0.002538071065989848,3.5623524993954825,-3.5529655362447454,-0.1507780190839637,True,36.2014221,36.3041205
session-1-20261005-10000Hz-600mV,10000,SMILE_LEFT,35,cue_assumed,L3-L4,R4-R3,3.0,-50.0,3.0,-48.0,50.08991914547278,0.0,2.0,-0.03985651654045436,0.0023913909924272616,3.9928193818631144,-3.985353847409834,0.14270401254682907,True,36.3043518,36.410075
session-1-20261005-10000Hz-600mV,10000,SMILE_LEFT,36,cue_assumed,L3-L4,R3-R2,4.0,-13.0,4.0,-14.0,13.601470508735444,0.0,-1.0,0.07027027027027027,-0.021621621621621623,7.352146220938077,7.048864820975376,-1.1573330681295182,False,36.4102533,36.5079636
session-1-20261005-10000Hz-600mV,10000,SMILE_LEFT,37,cue_assumed,L3-L4,R2-R1,-15.0,18.0,-15.0,18.0,23.430749027719962,0.0,0.0,0.0,-0.0,0.0,0.0,-1.2513657763135148e-15,False,36.5082348,36.6071164
session-1-20261005-10000Hz-600mV,10000,SMILE_LEFT,38,cue_assumed,L3-L4,R1-L1,37.0,-111.0,37.0,-111.0,117.00427342623003,0.0,0.0,-0.0,0.0,0.0,0.0,9.541664044390551e-16,True,36.6073684,36.703121
session-1-20261005-10000Hz-600mV,10000,SMILE_LEFT,39,cue_assumed,L4-L5,L1-L2,26.0,-82.0,26.0,-83.0,86.02325267042627,0.0,-1.0,0.01108108108108108,-0.0035135135135135136,1.1624763874381927,1.1087185804121047,-0.1991024152695598,True,36.7033824,36.8021244
session-1-20261005-10000Hz-600mV,10000,SMILE_LEFT,40,cue_assumed,L4-L5,L2-L3,-93.0,251.0,-91.0,243.0,267.67517628648346,2.0,-8.0,-0.030621074668527565,0.0033775296580600142,3.080678367578504,-3.0615190657811375,0.19963030600909334,True,36.8023927,36.8979752
session-1-20261005-10000Hz-600mV,10000,SMILE_LEFT,41,cue_assumed,L4-L5,L6-L7,75.0,-191.0,69.0,-176.0,205.19746587129188,-6.0,15.0,-0.07872987222723601,-0.0004987412720277377,7.873145193487373,-7.872973722728849,-0.031017794133475617,True,36.8982137,36.9977194
session-1-20261005-10000Hz-600mV,10000,SMILE_LEFT,42,cue_assumed,L4-L5,L7-L8,21.0,-66.0,25.0,-75.0,69.26037828369117,4.0,-9.0,0.14133833646028768,0.015634771732332707,14.220046216691292,14.144541891457063,0.7848246029918884,True,36.9979722,37.0951402
session-1-20261005-10000Hz-600mV,10000,SMILE_LEFT,43,cue_assumed,L4-L5,L8-R8,16.0,-47.0,19.0,-57.0,49.64876634922564,3.0,-10.0,0.2101419878296146,-0.0077079107505070975,21.0283301612657,21.016653506711602,-0.3649363357306451,False,37.0954377,37.1978985
session-1-20261005-10000Hz-600mV,10000,SMILE_LEFT,44,cue_assumed,L4-L5,R8-R7,4.0,-19.0,4.0,-19.0,19.4164878389476,0.0,0.0,-0.0,0.0,0.0,0.0,6.411728270324332e-16,False,37.1981471,37.2971196
session-1-20261005-10000Hz-600mV,10000,SMILE_LEFT,45,cue_assumed,L4-L5,R7-R6,4.0,-20.0,4.0,-20.0,20.396078054371138,0.0,0.0,-0.0,0.0,0.0,0.0,-6.116451310506762e-16,False,37.2973659,37.3976892
session-1-20261005-10000Hz-600mV,10000,SMILE_LEFT,46,cue_assumed,L4-L5,R6-R5,0.0,-6.0,0.0,-6.0,6.0,0.0,0.0,-0.0,0.0,0.0,0.0,-0.0,False,37.3979864,37.498023
session-1-20261005-10000Hz-600mV,10000,SMILE_LEFT,47,cue_assumed,L4-L5,R5-R4,13.0,-43.0,13.0,-42.0,44.9221548904324,0.0,1.0,-0.02130822596630327,0.006442021803766105,2.2260730867409517,-2.1287024605198934,0.3771313300250399,False,37.4982655,37.5979051
session-1-20261005-10000Hz-600mV,10000,SMILE_LEFT,48,cue_assumed,L4-L5,R4-R3,-15.0,30.0,-15.0,28.0,33.54101966249684,0.0,-2.0,-0.05333333333333334,0.02666666666666667,5.96284793999944,-5.295782095574619,1.6135389328811822,False,37.5981495,37.7031129
session-1-20261005-10000Hz-600mV,10000,SMILE_LEFT,49,cue_assumed,L4-L5,R3-R2,-9.0,12.0,-9.0,12.0,15.0,0.0,0.0,0.0,-0.0,0.0,0.0,0.0,False,37.7033523,37.8031171
session-1-20261005-10000Hz-600mV,10000,SMILE_LEFT,50,cue_assumed,L4-L5,R2-R1,-35.0,95.0,-35.0,95.0,101.24228365658294,0.0,0.0,0.0,-0.0,0.0,0.0,1.0317409088649947e-15,True,37.8033616,37.9041197
session-1-20261005-10000Hz-600mV,10000,SMILE_LEFT,51,cue_assumed,L4-L5,R1-L1,-3.0,10.0,-4.0,11.0,10.44030650891055,-1.0,1.0,0.11926605504587155,0.06422018348623852,13.545709229571926,12.110692351129204,3.2838622879063575,False,37.9043518,38.0031666
session-1-20261005-10000Hz-600mV,10000,SMILE_LEFT,52,cue_assumed,L5-L6,L1-L2,33.0,-94.0,33.0,-95.0,99.62429422585637,0.0,-1.0,0.00947103274559194,-0.0033249370277078087,1.0037712264569911,0.9476508472926248,-0.188716826681486,True,38.0034499,38.1120436
session-1-20261005-10000Hz-600mV,10000,SMILE_LEFT,53,cue_assumed,L5-L6,L2-L3,77.0,-195.0,75.0,-188.0,209.65209276322523,-2.0,7.0,-0.03455885698684989,0.003389907630704828,3.472471842912847,-3.45529055943653,0.20117912250485043,True,38.1122734,38.211138
session-1-20261005-10000Hz-600mV,10000,SMILE_LEFT,54,cue_assumed,L5-L6,L3-L4,-126.0,302.0,-125.0,296.0,327.2308053958246,1.0,-6.0,-0.01809861785580874,0.004239820694807621,1.858859994229576,-1.8089464189227966,0.24739991854421473,True,38.2114366,38.3111673
session-1-20261005-10000Hz-600mV,10000,SMILE_LEFT,55,cue_assumed,L5-L6,L7-L8,83.0,-201.0,91.0,-221.0,217.46264046957583,8.0,-20.0,0.09904842461408334,-0.001099598223725947,9.905452808824728,9.904897468809493,-0.05732442260669143,True,38.3116231,38.4150065
session-1-20261005-10000Hz-600mV,10000,SMILE_LEFT,56,cue_assumed,L5-L6,L8-R8,24.0,-60.0,27.0,-66.0,64.62197768561404,3.0,-6.0,0.10344827586206898,0.008620689655172412,10.380684981717499,10.348194991721726,0.447614170860552,True,38.4152724,38.5131565
session-1-20261005-10000Hz-600mV,10000,SMILE_LEFT,57,cue_assumed,L5-L6,R8-R7,6.0,-19.0,6.0,-18.0,19.924858845171276,0.0,1.0,-0.04785894206549118,0.015113350125944584,5.018856132284956,-4.773900239657247,0.9093804491991423,False,38.5134031,38.6120714
session-1-20261005-10000Hz-600mV,10000,SMILE_LEFT,58,cue_assumed,L5-L6,R7-R6,-4.0,-3.0,-5.0,-2.0,5.0,-1.0,1.0,0.04,-0.28,28.284271247461906,7.703296142690075,-15.068488159492212,False,38.612399,38.7139605
session-1-20261005-10000Hz-600mV,10000,SMILE_LEFT,59,cue_assumed,L5-L6,R6-R5,8.0,-33.0,8.0,-33.0,33.95585369269929,0.0,0.0,-0.0,0.0,0.0,0.0,-3.641224787104807e-16,False,38.714208,38.8130593
session-1-20261005-10000Hz-600mV,10000,SMILE_LEFT,60,cue_assumed,L5-L6,R5-R4,-6.0,1.0,-6.0,2.0,6.082762530298219,0.0,1.0,0.02702702702702702,-0.16216216216216214,16.439898730535727,3.97504898200729,-8.972626614896395,False,38.8133508,38.9111691
session-1-20261005-10000Hz-600mV,10000,SMILE_LEFT,61,cue_assumed,L5-L6,R4-R3,-4.0,-6.0,-4.0,-7.0,7.211102550927978,0.0,-1.0,0.11538461538461539,0.07692307692307693,13.867504905630728,11.803398874989469,3.945186229037562,False,38.9114651,39.0100059
session-1-20261005-10000Hz-600mV,10000,SMILE_LEFT,62,cue_assumed,L5-L6,R3-R2,-1.0,-4.0,-1.0,-4.0,4.123105625617661,0.0,0.0,-0.0,-0.0,0.0,0.0,-0.0,False,39.0102659,39.1072257
session-1-20261005-10000Hz-600mV,10000,SMILE_LEFT,63,cue_assumed,L5-L6,R2-R1,-18.0,25.0,-18.0,25.0,30.805843601498726,0.0,0.0,0.0,-0.0,0.0,0.0,1.0054440510422076e-15,False,39.1074676,39.2071106
session-1-20261005-10000Hz-600mV,10000,SMILE_LEFT,64,cue_assumed,L5-L6,R1-L1,32.0,-65.0,32.0,-64.0,72.44998274671983,0.0,1.0,-0.012383311106877501,0.0060963993141550776,1.380262578523906,-1.2364495238849638,0.3536731592464599,True,39.2073758,39.3051711
session-1-20261005-10000Hz-600mV,10000,SMILE_LEFT,65,cue_assumed,L6-L7,L1-L2,27.0,-55.0,26.0,-53.0,61.26989472816156,-1.0,2.0,-0.03649440596696857,-0.00026638252530634,3.6495378153016853,-3.6494369143286076,-0.015840690642312662,False,39.3055014,39.412967
session-1-20261005-10000Hz-600mV,10000,SMILE_LEFT,66,cue_assumed,L6-L7,L2-L3,23.0,-52.0,20.0,-47.0,56.859475903318,-3.0,5.0,-0.10176306835756263,-0.01268171976492422,10.255022231932037,-10.167354965880193,-0.8088742748693153,False,39.4133088,39.5112274
session-1-20261005-10000Hz-600mV,10000,SMILE_LEFT,67,cue_assumed,L6-L7,L3-L4,-11.0,36.0,-8.0,29.0,37.64306044943742,3.0,-7.0,-0.2011291460832745,-0.02187720536344389,20.23154604045412,-20.08296468510906,-1.5686619732474956,False,39.5114832,39.616972
session-1-20261005-10000Hz-600mV,10000,SMILE_LEFT,68,cue_assumed,L6-L7,L4-L5,116.0,-240.0,107.0,-222.0,266.5633133047382,-9.0,18.0,-0.07548975455978384,-0.0010132852961044808,7.54965548259502,-7.548919926751518,-0.06279751679170391,True,39.6172481,39.7142827
session-1-20261005-10000Hz-600mV,10000,SMILE_LEFT,69,cue_assumed,L6-L7,L8-R8,151.0,-321.0,154.0,-322.0,354.7421598851763,3.0,-1.0,0.006150569762082611,0.00645253571939416,0.891429894093206,0.617125990050682,0.3674380423402079,True,39.7145201,39.8259956
session-1-20261005-10000Hz-600mV,10000,SMILE_LEFT,70,cue_assumed,L6-L7,R8-R7,31.0,-58.0,29.0,-51.0,65.76473218982953,-2.0,7.0,-0.10820809248554913,0.023352601156069363,11.069930108232665,-10.79023874659133,1.500013367885002,True,39.8263972,39.9251199
session-1-20261005-10000Hz-600mV,10000,SMILE_LEFT,71,cue_assumed,L6-L7,R7-R6,22.0,-45.0,19.0,-39.0,50.08991914547278,-3.0,6.0,-0.13391789557592668,-0.0011956954962136326,13.392323339586925,-13.391707019976929,-0.07910134805962915,False,39.9253631,40.0239719
session-1-20261005-10000Hz-600mV,10000,SMILE_LEFT,72,cue_assumed,L6-L7,R6-R5,8.0,-22.0,7.0,-19.0,23.40939982143925,-1.0,3.0,-0.13503649635036497,0.0036496350364963515,13.508580673957479,-13.5028796732659,0.24175290926810106,False,40.0242432,40.1231162
session-1-20261005-10000Hz-600mV,10000,SMILE_LEFT,73,cue_assumed,L6-L7,R5-R4,7.0,-17.0,5.0,-13.0,18.384776310850235,-2.0,4.0,-0.24260355029585798,-0.017751479289940832,24.325212770525994,-24.239555370799202,-1.3426240265377563,False,40.1233557,40.2270814
session-1-20261005-10000Hz-600mV,10000,SMILE_LEFT,74,cue_assumed,L6-L7,R4-R3,-11.0,9.0,-10.0,8.0,14.212670403551895,1.0,-1.0,-0.09900990099009901,0.009900990099009898,9.950371902099892,-9.895550158784506,0.6295986084102687,False,40.2273698,40.3251737
session-1-20261005-10000Hz-600mV,10000,SMILE_LEFT,75,cue_assumed,L6-L7,R3-R2,1.0,-4.0,0.0,-3.0,4.123105625617661,-1.0,1.0,-0.29411764705882354,-0.1764705882352941,34.29971702850177,-27.239312489100108,-14.036243467926479,False,40.3259545,40.4311546
session-1-20261005-10000Hz-600mV,10000,SMILE_LEFT,76,cue_assumed,L6-L7,R2-R1,-18.0,43.0,-17.0,43.0,46.61544808322666,1.0,0.0,-0.008283479061205707,-0.019788311090658078,2.145211600700721,-0.8086074722828407,-1.143105161912639,False,40.4315003,40.5311371
session-1-20261005-10000Hz-600mV,10000,SMILE_LEFT,77,cue_assumed,L6-L7,R1-L1,16.0,-47.0,15.0,-43.0,49.64876634922564,-1.0,4.0,-0.08275862068965516,0.00689655172413793,8.304547985373995,-8.27326941698906,0.43078721700862893,False,40.5313691,40.6319989
session-1-20261005-10000Hz-600mV,10000,SMILE_LEFT,78,cue_assumed,L7-L8,L1-L2,5.0,-18.0,4.0,-16.0,18.681541692269406,-1.0,2.0,-0.1174785100286533,-0.022922636103151862,11.969397463728036,-11.718086364920522,-1.4878675288277794,False,40.6322446,40.7310993
session-1-20261005-10000Hz-600mV,10000,SMILE_LEFT,79,cue_assumed,L7-L8,L2-L3,11.0,-27.0,12.0,-29.0,29.154759474226502,1.0,-2.0,0.07647058823529412,0.005882352941176473,7.669649888473705,7.648666011788774,0.31308857502065673,False,40.7313894,40.8311061
session-1-20261005-10000Hz-600mV,10000,SMILE_LEFT,80,cue_assumed,L7-L8,L3-L4,-14.0,27.0,-16.0,32.0,30.4138126514911,-2.0,5.0,0.17621621621621622,-0.017297297297297294,17.706312815307243,17.634339535009257,-0.8425242607404133,False,40.831317,40.9270342
session-1-20261005-10000Hz-600mV,10000,SMILE_LEFT,81,cue_assumed,L7-L8,L4-L5,48.0,-94.0,55.0,-107.0,105.54619841567009,7.0,-13.0,0.13985637342908439,0.0030520646319569167,13.988967183910736,13.986045950608439,0.15341406898350096,True,40.9272852,41.0254215
session-1-20261005-10000Hz-600mV,10000,SMILE_LEFT,82,cue_assumed,L7-L8,L5-L6,112.0,-216.0,122.0,-235.0,243.3105012119288,10.0,-19.0,0.08824324324324324,0.0005405405405405425,8.824489878832749,8.824337748899191,0.02845934424491656,True,41.0256079,41.1231153
session-1-20261005-10000Hz-600mV,10000,SMILE_LEFT,83,cue_assumed,L7-L8,R8-R7,82.0,-143.0,86.0,-146.0,164.84234892769516,4.0,-3.0,0.027858536046811173,0.011997203106024363,3.033201135827755,2.7928549562984406,0.6687281046607828,True,41.123395,41.2189917
session-1-20261005-10000Hz-600mV,10000,SMILE_LEFT,84,cue_assumed,L7-L8,R7-R6,40.0,-73.0,41.0,-74.0,83.24061508662703,1.0,-1.0,0.016308269591571656,0.004762592004618271,1.6989465549976392,1.6319428685104498,0.2684957233220629,True,41.2192307,41.3171361
session-1-20261005-10000Hz-600mV,10000,SMILE_LEFT,85,cue_assumed,L7-L8,R6-R5,16.0,-27.0,18.0,-28.0,31.38470965295043,2.0,-1.0,0.05989847715736041,0.03857868020304569,7.124704998790965,6.0600347183942915,2.084558315054734,False,41.3174603,41.4131964
session-1-20261005-10000Hz-600mV,10000,SMILE_LEFT,86,cue_assumed,L7-L8,R5-R4,7.0,-19.0,6.0,-17.0,20.248456731316587,-1.0,2.0,-0.1097560975609756,-0.012195121951219514,11.043152607484654,-10.967257324663516,-0.7848246029918872,False,41.413447,41.5119926
session-1-20261005-10000Hz-600mV,10000,SMILE_LEFT,87,cue_assumed,L7-L8,R4-R3,-11.0,9.0,-10.0,7.0,14.212670403551895,1.0,-2.0,-0.14356435643564358,0.06435643564356434,15.732919388188815,-14.114974391560109,4.297386663941697,False,41.5122457,41.6100692
session-1-20261005-10000Hz-600mV,10000,SMILE_LEFT,88,cue_assumed,L7-L8,R3-R2,0.0,-3.0,1.0,-4.0,3.0,1.0,-1.0,0.3333333333333333,0.3333333333333333,47.14045207910317,37.43685418725535,14.036243467926479,False,41.6103458,41.7131221
session-1-20261005-10000Hz-600mV,10000,SMILE_LEFT,89,cue_assumed,L7-L8,R2-R1,-21.0,38.0,-19.0,35.0,43.41658669218482,2.0,-3.0,-0.08275862068965517,-0.006896551724137927,8.304547985373997,-8.27326941698906,-0.4307872170086308,False,41.713368,41.8171132
session-1-20261005-10000Hz-600mV,10000,SMILE_LEFT,90,cue_assumed,L7-L8,R1-L1,30.0,-55.0,31.0,-57.0,62.64982043070834,1.0,-2.0,0.035668789808917196,-0.0012738853503184702,3.569153051241248,3.5669573255945775,-0.07047447800524921,True,41.8173727,41.9149988
session-1-20261005-10000Hz-600mV,10000,SMILE_LEFT,91,cue_assumed,L8-R8,L1-L2,-1.0,-2.0,0.0,-3.0,2.23606797749979,1.0,-1.0,0.2,0.6000000000000001,63.245553203367585,34.16407864998738,26.56505117707799,False,41.9152539,42.013302
session-1-20261005-10000Hz-600mV,10000,SMILE_LEFT,92,cue_assumed,L8-R8,L2-L3,9.0,-24.0,10.0,-27.0,25.632011235952593,1.0,-3.0,0.1232876712328767,-0.0045662100456621,12.337220169960087,12.329695210926328,-0.23290838992052318,False,42.0135488,42.1130493
session-1-20261005-10000Hz-600mV,10000,SMILE_LEFT,93,cue_assumed,L8-R8,L3-L4,-14.0,28.0,-16.0,33.0,31.304951684997057,-2.0,5.0,0.17142857142857143,-0.014285714285714285,17.20227796970328,17.151567620405174,-0.6986943829834712,False,42.1133456,42.2123063
session-1-20261005-10000Hz-600mV,10000,SMILE_LEFT,94,cue_assumed,L8-R8,L4-L5,33.0,-70.0,39.0,-82.0,77.38862965578342,6.0,-12.0,0.17331774920687928,0.004007346802471199,17.336407072555136,17.332459252855227,0.19568711563055827,True,42.2125405,42.316138
session-1-20261005-10000Hz-600mV,10000,SMILE_LEFT,95,cue_assumed,L8-R8,L5-L6,29.0,-62.0,32.0,-70.0,68.4470598345904,3.0,-8.0,0.12443970117395944,-0.009818569903948771,12.48264536996187,12.448256806903956,-0.5002921174591574,True,42.3164575,42.4141178
session-1-20261005-10000Hz-600mV,10000,SMILE_LEFT,96,cue_assumed,L8-R8,L6-L7,167.0,-329.0,170.0,-329.0,368.95799218881274,3.0,0.0,0.003680305590244619,0.0072504223903621535,0.8131006953400707,0.3706493181430792,0.4138881419961595,True,42.4143594,42.5111588
session-1-20261005-10000Hz-600mV,10000,SMILE_LEFT,97,cue_assumed,L8-R8,R7-R6,183.0,-361.0,186.0,-366.0,404.7344808636892,3.0,-5.0,0.014370307063060864,0.0010255784140162378,1.4406857262080202,1.4370825518109864,0.05792883944981584,True,42.511483,42.609299
session-1-20261005-10000Hz-600mV,10000,SMILE_LEFT,98,cue_assumed,L8-R8,R6-R5,47.0,-88.0,48.0,-89.0,99.76472322419383,1.0,-1.0,0.013563749623229178,0.004119360996684417,1.4175487253094847,1.357212061368429,0.23286221509401478,True,42.6095492,42.7091541
session-1-20261005-10000Hz-600mV,10000,SMILE_LEFT,99,cue_assumed,L8-R8,R5-R4,23.0,-47.0,23.0,-47.0,52.32590180780452,0.0,0.0,-0.0,0.0,0.0,0.0,7.097585501731954e-16,False,42.7093522,42.8079882
session-1-20261005-10000Hz-600mV,10000,SMILE_LEFT,100,cue_assumed,L8-R8,R4-R3,-17.0,19.0,-18.0,19.0,25.495097567963924,-1.0,0.0,0.026153846153846153,0.02923076923076923,3.922322702763681,2.657009202789151,1.6316724208862665,False,42.8082886,42.9061061
session-1-20261005-10000Hz-600mV,10000,SMILE_LEFT,101,cue_assumed,L8-R8,R3-R2,5.0,-10.0,5.0,-10.0,11.180339887498949,0.0,0.0,-0.0,0.0,0.0,0.0,-0.0,False,42.9063833,43.0032476
session-1-20261005-10000Hz-600mV,10000,SMILE_LEFT,102,cue_assumed,L8-R8,R2-R1,-12.0,28.0,-12.0,27.0,30.463092423455635,0.0,-1.0,-0.030172413793103446,0.012931034482758619,3.2826608214930637,-3.008621072762885,0.7638984609299961,False,43.0034733,43.1161731
session-1-20261005-10000Hz-600mV,10000,SMILE_LEFT,103,cue_assumed,L8-R8,R1-L1,34.0,-71.0,36.0,-74.0,78.7210264160726,2.0,-3.0,0.04534452154268194,0.006454736162659352,4.580162936909875,4.536444952859764,0.3537823485552471,True,43.1164883,43.2199988
session-1-20261005-10000Hz-600mV,10000,SMILE_LEFT,104,cue_assumed,R8-R7,L1-L2,-4.0,5.0,-3.0,5.0,6.4031242374328485,1.0,0.0,-0.09756097560975611,-0.12195121951219513,15.617376188860607,-8.935830719051374,-7.696051722016571,False,43.2202675,43.3180425
session-1-20261005-10000Hz-600mV,10000,SMILE_LEFT,105,cue_assumed,R8-R7,L2-L3,4.0,-13.0,4.0,-12.0,13.601470508735444,0.0,1.0,-0.07027027027027027,0.021621621621621623,7.352146220938077,-7.001889004944573,1.3322198538696381,False,43.3182809,43.4163608
session-1-20261005-10000Hz-600mV,10000,SMILE_LEFT,106,cue_assumed,R8-R7,L3-L4,-7.0,15.0,-7.0,15.0,16.55294535724685,0.0,0.0,0.0,-0.0,0.0,0.0,-3.4823591402885223e-16,False,43.4166106,43.5171701
session-1-20261005-10000Hz-600mV,10000,SMILE_LEFT,107,cue_assumed,R8-R7,L4-L5,14.0,-34.0,14.0,-34.0,36.76955262170047,0.0,0.0,-0.0,0.0,0.0,0.0,9.598123594949074e-16,False,43.5174332,43.6160846
session-1-20261005-10000Hz-600mV,10000,SMILE_LEFT,108,cue_assumed,R8-R7,L5-L6,7.0,-19.0,7.0,-19.0,20.248456731316587,0.0,0.0,-0.0,0.0,0.0,0.0,1.0317409088649947e-15,False,43.6163401,43.7170569
session-1-20261005-10000Hz-600mV,10000,SMILE_LEFT,109,cue_assumed,R8-R7,L6-L7,38.0,-62.0,36.0,-55.0,72.71863585079137,-2.0,7.0,-0.0964447806354009,0.02685325264750378,10.011340014983643,-9.60458354436552,1.7023035958853379,True,43.7173003,43.8171141
session-1-20261005-10000Hz-600mV,10000,SMILE_LEFT,110,cue_assumed,R8-R7,L7-L8,79.0,-143.0,83.0,-147.0,163.37074401495514,4.0,-4.0,0.033270887973023605,0.009591607343574374,3.4625870645325247,3.3315405316302282,0.5318477871121201,True,43.8174041,43.9182206
session-1-20261005-10000Hz-600mV,10000,SMILE_LEFT,111,cue_assumed,R8-R7,R6-R5,115.0,-207.0,110.0,-199.0,236.799493242701,-5.0,8.0,-0.03978671041837572,-0.0020508613617719433,3.98395326057033,-3.9784520265638834,-0.12237439638865938,True,43.9184917,44.0190276
session-1-20261005-10000Hz-600mV,10000,SMILE_LEFT,112,cue_assumed,R8-R7,R5-R4,30.0,-59.0,29.0,-57.0,66.18912297349165,-1.0,2.0,-0.03378224149737503,0.0002282583884957766,3.378301263177821,-3.3782214535600263,0.013535501641203694,False,44.0192898,44.1231121
session-1-20261005-10000Hz-600mV,10000,SMILE_LEFT,113,cue_assumed,R8-R7,R4-R3,-18.0,20.0,-18.0,19.0,26.90724809414742,0.0,-1.0,-0.027624309392265192,0.024861878453038673,3.7164707312358316,-2.730652480594764,1.4646298052053714,False,44.1233511,44.2200187
session-1-20261005-10000Hz-600mV,10000,SMILE_LEFT,114,cue_assumed,R8-R7,R3-R2,5.0,-12.0,5.0,-11.0,13.0,0.0,1.0,-0.07100591715976332,0.02958579881656805,7.6923076923076925,-7.053492510810999,1.8240898323761088,False,44.220338,44.3171181
session-1-20261005-10000Hz-600mV,10000,SMILE_LEFT,115,cue_assumed,R8-R7,R2-R1,-10.0,15.0,-11.0,16.0,18.027756377319946,-1.0,1.0,0.07692307692307691,0.015384615384615385,7.84464540552736,7.703296142690097,0.8184554616886158,False,44.3173441,44.4161356
session-1-20261005-10000Hz-600mV,10000,SMILE_LEFT,116,cue_assumed,R8-R7,R1-L1,28.0,-55.0,28.0,-54.0,61.71709649683789,0.0,1.0,-0.014439485429246522,0.007351010763980047,1.6202965738208952,-1.441207127916777,0.42734471959555254,True,44.4164654,44.5201103
session-1-20261005-10000Hz-600mV,10000,SMILE_LEFT,117,cue_assumed,R7-R6,L1-L2,-15.0,22.0,-14.0,22.0,26.627053911388696,1.0,0.0,-0.021156558533145273,-0.031029619181946404,3.7555788309433984,-2.066485809542562,-1.815684686360473,False,44.5203428,44.6180119
session-1-20261005-10000Hz-600mV,10000,SMILE_LEFT,118,cue_assumed,R7-R6,L2-L3,3.0,-16.0,3.0,-16.0,16.278820596099706,0.0,0.0,-0.0,0.0,0.0,0.0,-0.0,False,44.6183034,44.716181
session-1-20261005-10000Hz-600mV,10000,SMILE_LEFT,119,cue_assumed,R7-R6,L3-L4,-13.0,25.0,-13.0,25.0,28.178005607210743,0.0,0.0,0.0,-0.0,0.0,0.0,-8.01147274927838e-16,False,44.7164185,44.8171345
session-1-20261005-10000Hz-600mV,10000,SMILE_LEFT,120,cue_assumed,R7-R6,L4-L5,17.0,-43.0,18.0,-44.0,46.238512086787566,1.0,-1.0,0.028063610851262865,0.01216089803554724,3.0585187510330805,2.8135533574036087,0.6777164659577678,False,44.8174345,44.9131893
session-1-20261005-10000Hz-600mV,10000,SMILE_LEFT,121,cue_assumed,R7-R6,L5-L6,-2.0,-9.0,-3.0,-8.0,9.219544457292887,-1.0,1.0,-0.08235294117647059,-0.12941176470588237,15.33929977694741,-7.327267796197767,-8.027237510431954,False,44.9134371,45.0169733
session-1-20261005-10000Hz-600mV,10000,SMILE_LEFT,122,cue_assumed,R7-R6,L6-L7,26.0,-55.0,23.0,-48.0,60.83584469702052,-3.0,7.0,-0.12510132396649554,0.004593353147797891,12.518562278197306,-12.508926614292848,0.3008089260220558,False,45.0173945,45.1119893
session-1-20261005-10000Hz-600mV,10000,SMILE_LEFT,123,cue_assumed,R7-R6,L7-L8,31.0,-76.0,32.0,-77.0,82.0792300158816,1.0,-1.0,0.015882440255306517,0.006679530948493394,1.7229859028885348,1.590439931755805,0.3767201817520674,True,45.1122481,45.2089919
session-1-20261005-10000Hz-600mV,10000,SMILE_LEFT,124,cue_assumed,R7-R6,L8-R8,150.0,-363.0,152.0,-371.0,392.77092560422545,2.0,-8.0,0.020768916632635203,-0.0030725550823561443,2.0994963510981957,2.077354087872907,-0.1724620567894773,True,45.2092488,45.3061157
session-1-20261005-10000Hz-600mV,10000,SMILE_LEFT,125,cue_assumed,R7-R6,R5-R4,41.0,-100.0,41.0,-99.0,108.07867504739313,0.0,1.0,-0.008560910880917729,0.0035099734611762686,0.9252519052083994,-0.8554697753338503,0.2028423405385027,True,45.306347,45.4131912
session-1-20261005-10000Hz-600mV,10000,SMILE_LEFT,126,cue_assumed,R7-R6,R4-R3,-8.0,7.0,-8.0,6.0,10.63014581273465,0.0,-1.0,-0.061946902654867256,0.07079646017699115,9.407208683835973,-5.927913161640275,4.316027519865624,False,45.4136033,45.511009
session-1-20261005-10000Hz-600mV,10000,SMILE_LEFT,127,cue_assumed,R7-R6,R3-R2,8.0,-22.0,8.0,-22.0,23.40939982143925,0.0,0.0,-0.0,0.0,0.0,0.0,-5.107460072423165e-16,False,45.5112815,45.6090117
session-1-20261005-10000Hz-600mV,10000,SMILE_LEFT,128,cue_assumed,R7-R6,R2-R1,-3.0,-11.0,-4.0,-12.0,11.40175425099138,-1.0,-1.0,0.1076923076923077,-0.06153846153846154,12.403473458920846,10.94003924504583,-3.1798301198642354,False,45.6092471,45.7119859
session-1-20261005-10000Hz-600mV,10000,SMILE_LEFT,129,cue_assumed,R7-R6,R1-L1,34.0,-63.0,34.0,-63.0,71.58910531638176,0.0,0.0,-0.0,0.0,0.0,0.0,1.329316707842898e-15,True,45.7122881,45.8090438
session-1-20261005-10000Hz-600mV,10000,SMILE_LEFT,130,cue_assumed,R6-R5,L1-L2,-3.0,-2.0,-3.0,-1.0,3.605551275463989,0.0,1.0,-0.15384615384615385,-0.23076923076923078,27.735009811261456,-12.29419806929708,-15.255118703057775,False,45.8092872,45.9110074
session-1-20261005-10000Hz-600mV,10000,SMILE_LEFT,131,cue_assumed,R6-R5,L2-L3,5.0,-21.0,5.0,-20.0,21.587033144922902,0.0,1.0,-0.045064377682403435,0.01072961373390558,4.632410546120794,-4.500410085593853,0.6437457141753816,False,45.9112687,46.007119
session-1-20261005-10000Hz-600mV,10000,SMILE_LEFT,132,cue_assumed,R6-R5,L3-L4,1.0,-4.0,1.0,-4.0,4.123105625617661,0.0,0.0,-0.0,0.0,0.0,0.0,-0.0,False,46.0073476,46.1041181
session-1-20261005-10000Hz-600mV,10000,SMILE_LEFT,133,cue_assumed,R6-R5,L4-L5,4.0,-18.0,4.0,-18.0,18.439088914585774,0.0,0.0,-0.0,0.0,0.0,0.0,6.735292266628623e-16,False,46.1044001,46.2021072
session-1-20261005-10000Hz-600mV,10000,SMILE_LEFT,134,cue_assumed,R6-R5,L5-L6,3.0,-30.0,3.0,-30.0,30.14962686336267,0.0,0.0,-0.0,0.0,0.0,0.0,-3.149064041052987e-16,False,46.2023494,46.3000433
session-1-20261005-10000Hz-600mV,10000,SMILE_LEFT,135,cue_assumed,R6-R5,L6-L7,8.0,-23.0,7.0,-20.0,24.351591323771842,-1.0,3.0,-0.12984822934232715,0.0016863406408094423,12.98591791445427,-12.984659529285292,0.11103819337801422,False,46.3002855,46.3981066
session-1-20261005-10000Hz-600mV,10000,SMILE_LEFT,136,cue_assumed,R6-R5,L7-L8,7.0,-24.0,8.0,-25.0,25.0,1.0,-1.0,0.0496,0.027199999999999995,5.656854249492381,4.995237987253498,1.4844669167449738,False,46.3983534,46.5011663
session-1-20261005-10000Hz-600mV,10000,SMILE_LEFT,137,cue_assumed,R6-R5,L8-R8,29.0,-82.0,30.0,-84.0,86.97700845625813,1.0,-2.0,0.025512227362855255,0.0031725049570389963,2.570872483645304,2.5517134551357623,0.17724855912132453,True,46.5014319,46.6042915
session-1-20261005-10000Hz-600mV,10000,SMILE_LEFT,138,cue_assumed,R6-R5,R8-R7,70.0,-193.0,67.0,-185.0,205.30221625691235,-3.0,8.0,-0.04161427317374078,-0.00045078175045671265,4.161671462243585,-4.161416715996702,-0.026949368250245687,True,46.6045466,46.7000086
session-1-20261005-10000Hz-600mV,10000,SMILE_LEFT,139,cue_assumed,R6-R5,R4-R3,-130.0,342.0,-131.0,343.0,365.8742953529258,-1.0,1.0,0.003525966652722166,0.0015836968863921596,0.3865299039411696,0.3527216293663038,0.09042025349117665,True,46.7002795,46.8010731
session-1-20261005-10000Hz-600mV,10000,SMILE_LEFT,140,cue_assumed,R6-R5,R3-R2,70.0,-191.0,70.0,-192.0,203.42320418280704,0.0,-1.0,0.004615644861168168,-0.0016915975930982816,0.4915860036799667,0.46170690378688484,-0.09647601211024243,True,46.8013248,46.8979684
session-1-20261005-10000Hz-600mV,10000,SMILE_LEFT,141,cue_assumed,R6-R5,R2-R1,38.0,-130.0,38.0,-130.0,135.4400236266961,0.0,0.0,-0.0,0.0,0.0,0.0,-8.565165790683479e-16,True,46.8982217,46.9971546
session-1-20261005-10000Hz-600mV,10000,SMILE_LEFT,142,cue_assumed,R6-R5,R1-L1,37.0,-84.0,37.0,-84.0,91.7877987534291,0.0,0.0,-0.0,0.0,0.0,0.0,5.073786933990464e-16,True,46.997492,47.0990203
session-1-20261005-10000Hz-600mV,10000,SMILE_LEFT,143,cue_assumed,R5-R4,L1-L2,-23.0,57.0,-23.0,57.0,61.465437442517235,0.0,0.0,0.0,-0.0,0.0,0.0,1.1036810977762496e-15,True,47.0992633,47.1979753
session-1-20261005-10000Hz-600mV,10000,SMILE_LEFT,144,cue_assumed,R5-R4,L2-L3,0.0,-11.0,0.0,-11.0,11.0,0.0,0.0,-0.0,0.0,0.0,0.0,-0.0,False,47.1982061,47.2960229
session-1-20261005-10000Hz-600mV,10000,SMILE_LEFT,145,cue_assumed,R5-R4,L3-L4,-21.0,58.0,-21.0,57.0,61.68468205316454,0.0,-1.0,-0.015243101182654404,0.005519053876478319,1.621148017165954,-1.5227635580665089,0.32110989386024474,True,47.2963002,47.3930017
session-1-20261005-10000Hz-600mV,10000,SMILE_LEFT,146,cue_assumed,R5-R4,L4-L5,20.0,-67.0,20.0,-66.0,69.92138442565336,0.0,1.0,-0.01370423399468194,0.0040908161178155045,1.430177631942184,-1.3695750380985583,0.23764185384622186,True,47.3932545,47.4899827
session-1-20261005-10000Hz-600mV,10000,SMILE_LEFT,147,cue_assumed,R5-R4,L5-L6,-6.0,-5.0,-6.0,-4.0,7.810249675906654,0.0,1.0,-0.0819672131147541,-0.09836065573770493,12.8036879932896,-7.6712928503034465,-6.115503566285409,False,47.4902233,47.5889929
session-1-20261005-10000Hz-600mV,10000,SMILE_LEFT,148,cue_assumed,R5-R4,L6-L7,8.0,-26.0,8.0,-22.0,27.202941017470888,0.0,4.0,-0.14054054054054055,0.043243243243243246,14.704292441876154,-13.945334784188457,2.880377552847606,False,47.5892308,47.6861219
session-1-20261005-10000Hz-600mV,10000,SMILE_LEFT,149,cue_assumed,R5-R4,L7-L8,0.0,-21.0,-1.0,-19.0,21.0,-1.0,2.0,-0.09523809523809523,-0.047619047619047616,10.647942749998998,-9.398582902664543,-3.0127875041833403,False,47.6863285,47.7821793
session-1-20261005-10000Hz-600mV,10000,SMILE_LEFT,150,cue_assumed,R5-R4,L8-R8,11.0,-47.0,12.0,-47.0,48.27007354458868,1.0,0.0,0.0047210300429184554,0.02017167381974249,2.0716769761626046,0.4923501882204695,1.150166554876661,False,47.782409,47.8851205
session-1-20261005-10000Hz-600mV,10000,SMILE_LEFT,151,cue_assumed,R5-R4,R8-R7,13.0,-58.0,13.0,-56.0,59.43904440685432,0.0,2.0,-0.032833286159071606,0.007359184828757429,3.36479164488278,-3.2805288495018736,0.4359559610071669,True,47.8853828,47.9821053
session-1-20261005-10000Hz-600mV,10000,SMILE_LEFT,152,cue_assumed,R5-R4,R7-R6,20.0,-90.0,20.0,-89.0,92.19544457292888,0.0,1.0,-0.010588235294117647,0.002352941176470588,1.0846522890932808,-1.05854375083273,0.13625605589085207,True,47.9823354,48.0800709
session-1-20261005-10000Hz-600mV,10000,SMILE_LEFT,153,cue_assumed,R5-R4,R3-R2,-83.0,254.0,-83.0,253.0,267.21714016881475,0.0,-1.0,-0.0035571738673762345,0.0011623835865835726,0.37422749130847255,-0.3556495888114908,0.06683739571433994,True,48.0803258,48.1790536
session-1-20261005-10000Hz-600mV,10000,SMILE_LEFT,154,cue_assumed,R5-R4,R2-R1,-17.0,38.0,-17.0,36.0,41.6293165929973,0.0,-2.0,-0.043854587420657815,0.019619157530294286,4.8043065889206344,-4.365332575539371,1.1754877343918084,False,48.1793084,48.2760699
session-1-20261005-10000Hz-600mV,10000,SMILE_LEFT,155,cue_assumed,R5-R4,R1-L1,16.0,-14.0,16.0,-14.0,21.2602916254693,0.0,0.0,0.0,0.0,0.0,0.0,0.0,False,48.2763421,48.3729915
session-1-20261005-10000Hz-600mV,10000,SMILE_LEFT,156,cue_assumed,R4-R3,L1-L2,1.0,-34.0,1.0,-33.0,34.0147027033899,0.0,1.0,-0.029386343993085564,0.0008643042350907519,2.9399051601892734,-2.938595917382314,0.05102027103209748,False,48.3732606,48.4690526
session-1-20261005-10000Hz-600mV,10000,SMILE_LEFT,157,cue_assumed,R4-R3,L2-L3,-3.0,-5.0,-4.0,-5.0,5.830951894845301,-1.0,0.0,0.08823529411764706,-0.14705882352941177,17.149858514250884,9.812674721143955,-7.696051722016569,False,48.4692894,48.5671152
session-1-20261005-10000Hz-600mV,10000,SMILE_LEFT,158,cue_assumed,R4-R3,L3-L4,4.0,-39.0,3.0,-38.0,39.20459156782532,-1.0,1.0,-0.02797657774886142,-0.02277163305139883,3.607265133540433,-2.7709878340501315,-1.3420251274276949,False,48.5673807,48.6631901
session-1-20261005-10000Hz-600mV,10000,SMILE_LEFT,159,cue_assumed,R4-R3,L4-L5,-1.0,18.0,-1.0,16.0,18.027756377319946,0.0,-2.0,-0.11076923076923076,0.006153846153846153,11.094003924504582,-11.074793743886602,0.3965042551331167,False,48.6634179,48.7670594
session-1-20261005-10000Hz-600mV,10000,SMILE_LEFT,160,cue_assumed,R4-R3,L5-L6,-5.0,-2.0,-5.0,-2.0,5.385164807134504,0.0,0.0,-0.0,-0.0,0.0,0.0,-1.0967429936081094e-15,False,48.7673097,48.8640373
session-1-20261005-10000Hz-600mV,10000,SMILE_LEFT,161,cue_assumed,R4-R3,L6-L7,-1.0,6.0,0.0,4.0,6.082762530298219,1.0,-2.0,-0.35135135135135126,-0.10810810810810811,36.76073110469037,-34.24040507785707,-9.462322208025617,False,48.8642837,48.9630687
session-1-20261005-10000Hz-600mV,10000,SMILE_LEFT,162,cue_assumed,R4-R3,L7-L8,-7.0,10.0,-7.0,8.0,12.206555615733702,0.0,-2.0,-0.1342281879194631,0.09395973154362415,16.38463841038081,-12.914452304359559,6.193904967150986,False,48.9633286,49.0611239
session-1-20261005-10000Hz-600mV,10000,SMILE_LEFT,163,cue_assumed,R4-R3,L8-R8,-7.0,19.0,-7.0,18.0,20.248456731316587,0.0,-1.0,-0.046341463414634146,0.017073170731707315,4.9386479832479475,-4.6188646764479095,1.02564607596516,False,49.0613881,49.1641151
session-1-20261005-10000Hz-600mV,10000,SMILE_LEFT,164,cue_assumed,R4-R3,R8-R7,-8.0,17.0,-8.0,16.0,18.788294228055936,0.0,-1.0,-0.04815864022662889,0.022662889518413595,5.322462954123494,-4.788888214844167,1.3639275316029191,False,49.1643407,49.2611344
session-1-20261005-10000Hz-600mV,10000,SMILE_LEFT,165,cue_assumed,R4-R3,R7-R6,-9.0,14.0,-9.0,14.0,16.64331697709324,0.0,0.0,0.0,-0.0,0.0,0.0,-1.9290006732341907e-15,False,49.2614228,49.3600145
session-1-20261005-10000Hz-600mV,10000,SMILE_LEFT,166,cue_assumed,R4-R3,R6-R5,-62.0,300.0,-62.0,302.0,306.33968074671617,0.0,2.0,0.0063935893610673035,-0.0013213418012872427,0.652870041231653,0.6394456786804836,-0.07522629894123899,True,49.3602374,49.4589925
session-1-20261005-10000Hz-600mV,10000,SMILE_LEFT,167,cue_assumed,R4-R3,R2-R1,57.0,-442.0,56.0,-443.0,445.66018444550326,-1.0,-1.0,0.0019384431029187414,-0.0025124236580687065,0.3173300222304309,0.1941593128131469,-0.14367246933432776,True,49.4593043,49.556186
session-1-20261005-10000Hz-600mV,10000,SMILE_LEFT,168,cue_assumed,R4-R3,R1-L1,42.0,-103.0,42.0,-102.0,111.23398761170077,0.0,1.0,-0.008324577709528812,0.0033944879980602922,0.8990057998197749,-0.8318768089385697,0.19612170668960033,True,49.5564177,49.6630062
session-1-20261005-10000Hz-600mV,10000,SMILE_LEFT,169,cue_assumed,R3-R2,L1-L2,-13.0,27.0,-13.0,28.0,29.966648127543394,0.0,1.0,0.030066815144766147,-0.014476614699331848,3.337043221329999,3.016853768479777,-0.805184972716081,False,49.663301,49.7630722
session-1-20261005-10000Hz-600mV,10000,SMILE_LEFT,170,cue_assumed,R3-R2,L2-L3,1.0,-18.0,1.0,-18.0,18.027756377319946,0.0,0.0,-0.0,0.0,0.0,0.0,1.7615379774259476e-16,False,49.7632855,49.8640013
session-1-20261005-10000Hz-600mV,10000,SMILE_LEFT,171,cue_assumed,R3-R2,L3-L4,1.0,-11.0,1.0,-11.0,11.045361017187261,0.0,0.0,-0.0,0.0,0.0,0.0,-1.4338566186925689e-16,False,49.8642697,49.9622985
session-1-20261005-10000Hz-600mV,10000,SMILE_LEFT,172,cue_assumed,R3-R2,L4-L5,-2.0,-6.0,-1.0,-7.0,6.324555320336759,1.0,-1.0,0.1,0.19999999999999998,22.360679774997898,11.80339887498949,10.304846468766033,False,49.9625287,50.0621801
session-1-20261005-10000Hz-600mV,10000,SMILE_LEFT,173,cue_assumed,R3-R2,L5-L6,-6.0,-5.0,-6.0,-5.0,7.810249675906654,0.0,0.0,-0.0,-0.0,0.0,0.0,-1.251365776313515e-15,False,50.0624171,50.160773
session-1-20261005-10000Hz-600mV,10000,SMILE_LEFT,174,cue_assumed,R3-R2,L6-L7,2.0,-11.0,2.0,-9.0,11.180339887498949,0.0,2.0,-0.17600000000000002,0.032,17.888543819998322,-17.537887487646774,2.2239612403854787,False,50.1610323,50.2589975
session-1-20261005-10000Hz-600mV,10000,SMILE_LEFT,175,cue_assumed,R3-R2,L7-L8,-5.0,-5.0,-5.0,-5.0,7.0710678118654755,0.0,0.0,-0.0,-0.0,0.0,0.0,-0.0,False,50.2592734,50.3572459
session-1-20261005-10000Hz-600mV,10000,SMILE_LEFT,176,cue_assumed,R3-R2,L8-R8,-1.0,-11.0,-2.0,-12.0,11.045361017187261,-1.0,-1.0,0.0983606557377049,-0.08196721311475409,12.803687993289598,10.141488736005378,-4.267893300290812,False,50.3574687,50.4561111
session-1-20261005-10000Hz-600mV,10000,SMILE_LEFT,177,cue_assumed,R3-R2,R8-R7,-3.0,-14.0,-3.0,-14.0,14.317821063276353,0.0,0.0,-0.0,-0.0,0.0,0.0,-6.516258371778913e-16,False,50.4563893,50.5521212
session-1-20261005-10000Hz-600mV,10000,SMILE_LEFT,178,cue_assumed,R3-R2,R7-R6,-7.0,-16.0,-7.0,-16.0,17.46424919657298,0.0,0.0,-0.0,-0.0,0.0,0.0,-0.0,False,50.5523554,50.6511389
session-1-20261005-10000Hz-600mV,10000,SMILE_LEFT,179,cue_assumed,R3-R2,R6-R5,20.0,-186.0,21.0,-187.0,187.0721785835617,1.0,-1.0,0.005886387015658932,0.004743399245628072,0.7559721456610887,0.5897571037836391,0.27018433327118796,True,50.6517366,50.7531188
session-1-20261005-10000Hz-600mV,10000,SMILE_LEFT,180,cue_assumed,R3-R2,R5-R4,-46.0,261.0,-45.0,260.0,265.02264054227516,1.0,-1.0,-0.004370915614277375,-0.0030610646810085855,0.5336199048803554,-0.43662099990111614,-0.1761554952297534,True,50.7534485,50.8499892
session-1-20261005-10000Hz-600mV,10000,SMILE_LEFT,181,cue_assumed,R3-R2,R1-L1,30.0,-58.0,30.0,-57.0,65.29931086925804,0.0,1.0,-0.013602251407129454,0.007035647279549718,1.531409729579222,-1.357716025949307,0.40866482099014534,True,50.8502437,50.947175
session-1-20261005-10000Hz-600mV,10000,SMILE_LEFT,182,cue_assumed,R2-R1,L1-L2,6.0,-255.0,6.0,-254.0,255.07057846799972,0.0,1.0,-0.003919398718126066,9.22211463088486e-05,0.3920483522663341,-0.3919394449023783,0.005304673581091861,True,50.9474256,51.0501802
session-1-20261005-10000Hz-600mV,10000,SMILE_LEFT,183,cue_assumed,R2-R1,L2-L3,-2.0,-9.0,-2.0,-9.0,9.219544457292887,0.0,0.0,-0.0,-0.0,0.0,0.0,-6.735292266628623e-16,False,51.0504254,51.1513147
session-1-20261005-10000Hz-600mV,10000,SMILE_LEFT,184,cue_assumed,R2-R1,L3-L4,-5.0,-10.0,-5.0,-9.0,11.180339887498949,0.0,1.0,-0.08,-0.04,8.94427190999916,-7.913084534229298,-2.489552921999156,False,51.1515763,51.2509875
session-1-20261005-10000Hz-600mV,10000,SMILE_LEFT,185,cue_assumed,R2-R1,L4-L5,-1.0,12.0,-1.0,11.0,12.041594578792296,0.0,-1.0,-0.08275862068965517,0.006896551724137931,8.304547985373997,-8.273269416989038,0.43078721700862865,False,51.2512756,51.3480604
session-1-20261005-10000Hz-600mV,10000,SMILE_LEFT,186,cue_assumed,R2-R1,L5-L6,-10.0,-6.0,-10.0,-5.0,11.661903789690601,0.0,1.0,-0.04411764705882353,-0.07352941176470588,8.574929257125442,-4.129376394078676,-4.398705354995531,False,51.3483451,51.4471442
session-1-20261005-10000Hz-600mV,10000,SMILE_LEFT,187,cue_assumed,R2-R1,L6-L7,1.0,-3.0,1.0,-3.0,3.1622776601683795,0.0,0.0,-0.0,0.0,0.0,0.0,9.54166404439055e-16,False,51.4474071,51.5451205
session-1-20261005-10000Hz-600mV,10000,SMILE_LEFT,188,cue_assumed,R2-R1,L7-L8,-9.0,3.0,-9.0,2.0,9.486832980505138,0.0,-1.0,-0.03333333333333333,0.1,10.5409255338946,-2.817468419244973,5.906141113770499,False,51.5453771,51.6431528
session-1-20261005-10000Hz-600mV,10000,SMILE_LEFT,189,cue_assumed,R2-R1,L8-R8,-5.0,-3.0,-5.0,-5.0,5.830951894845301,0.0,-2.0,0.17647058823529413,0.29411764705882354,34.29971702850177,21.267812518166494,14.036243467926479,False,51.6433887,51.7411239
session-1-20261005-10000Hz-600mV,10000,SMILE_LEFT,190,cue_assumed,R2-R1,R8-R7,-8.0,-11.0,-8.0,-10.0,13.601470508735444,0.0,1.0,-0.059459459459459456,-0.04324324324324324,7.352146220938077,-5.846588671122155,-2.632434868986483,False,51.7414419,51.8380155
session-1-20261005-10000Hz-600mV,10000,SMILE_LEFT,191,cue_assumed,R2-R1,R7-R6,-12.0,-17.0,-12.0,-17.0,20.808652046684813,0.0,0.0,-0.0,-0.0,0.0,0.0,1.7482032660238268e-15,False,51.8382956,51.9351223
session-1-20261005-10000Hz-600mV,10000,SMILE_LEFT,192,cue_assumed,R2-R1,R6-R5,-4.0,-103.0,-3.0,-102.0,103.07764064044152,1.0,1.0,-0.010070588235294118,0.00931764705882353,1.3719886811400708,-1.0026738328994256,0.5392769224891873,True,51.9354205,52.0331701
session-1-20261005-10000Hz-600mV,10000,SMILE_LEFT,193,cue_assumed,R2-R1,R5-R4,-10.0,5.0,-10.0,4.0,11.180339887498949,0.0,-1.0,-0.04,0.08,8.94427190999916,-3.6672433696616435,4.763641690726178,False,52.0334256,52.1311217
session-1-20261005-10000Hz-600mV,10000,SMILE_LEFT,194,cue_assumed,R2-R1,R4-R3,-10.0,-326.0,-10.0,-328.0,326.15333817086713,0.0,-2.0,0.006129202075656163,0.00018801233360908476,0.613208502238977,0.6129219642305284,0.010706689622561076,True,52.1314025,52.2273634
session-1-20261005-10000Hz-600mV,10000,SMILE_LEFT,195,cue_assumed,R1-L1,L2-L3,-7.0,23.0,-7.0,23.0,24.041630560342615,0.0,0.0,0.0,-0.0,0.0,0.0,-1.0124949158984206e-15,False,52.2276403,52.330026
session-1-20261005-10000Hz-600mV,10000,SMILE_LEFT,196,cue_assumed,R1-L1,L3-L4,2.0,-26.0,2.0,-26.0,26.076809620810597,0.0,0.0,-0.0,0.0,0.0,0.0,-2.4321888740603364e-16,False,52.3303,52.4271211
session-1-20261005-10000Hz-600mV,10000,SMILE_LEFT,197,cue_assumed,R1-L1,L4-L5,-4.0,23.0,-4.0,24.0,23.345235059857504,0.0,1.0,0.04220183486238532,-0.007339449541284404,4.283529368781194,4.2227677674168795,-0.4034847350587498,False,52.4274406,52.5260432
session-1-20261005-10000Hz-600mV,10000,SMILE_LEFT,198,cue_assumed,R1-L1,L5-L6,-2.0,-10.0,-2.0,-10.0,10.198039027185569,0.0,0.0,-0.0,-0.0,0.0,0.0,6.116451310506762e-16,False,52.5262842,52.6266656
session-1-20261005-10000Hz-600mV,10000,SMILE_LEFT,199,cue_assumed,R1-L1,L6-L7,0.0,-7.0,0.0,-5.0,7.0,0.0,2.0,-0.2857142857142857,0.0,28.57142857142857,-28.57142857142857,-0.0,False,52.6269187,52.7250492
session-1-20261005-10000Hz-600mV,10000,SMILE_LEFT,200,cue_assumed,R1-L1,L7-L8,-2.0,-8.0,-1.0,-9.0,8.246211251235321,1.0,-1.0,0.08823529411764705,0.14705882352941177,17.149858514250884,9.812674721143955,7.696051722016571,False,52.7253036,52.825059
session-1-20261005-10000Hz-600mV,10000,SMILE_LEFT,201,cue_assumed,R1-L1,L8-R8,0.0,-15.0,0.0,-17.0,15.0,0.0,-2.0,0.13333333333333333,-0.0,13.333333333333334,13.33333333333333,-0.0,False,52.8253279,52.9241194
session-1-20261005-10000Hz-600mV,10000,SMILE_LEFT,202,cue_assumed,R1-L1,R8-R7,-1.0,-10.0,-1.0,-10.0,10.04987562112089,0.0,0.0,-0.0,-0.0,0.0,0.0,3.149064041052987e-16,False,52.9245137,53.0242099
session-1-20261005-10000Hz-600mV,10000,SMILE_LEFT,203,cue_assumed,R1-L1,R7-R6,-4.0,-3.0,-4.0,-2.0,5.0,0.0,1.0,-0.12,-0.16,20.0,-10.557280900008404,-10.304846468766033,False,53.0244578,53.1310121
session-1-20261005-10000Hz-600mV,10000,SMILE_LEFT,204,cue_assumed,R1-L1,R6-R5,1.0,-24.0,1.0,-24.0,24.020824298928627,0.0,0.0,-0.0,0.0,0.0,0.0,1.322934356241324e-16,False,53.1314832,53.2289981
session-1-20261005-10000Hz-600mV,10000,SMILE_LEFT,205,cue_assumed,R1-L1,R5-R4,-6.0,37.0,-6.0,37.0,37.48332962798263,0.0,0.0,0.0,-0.0,0.0,0.0,-5.025502770711036e-16,False,53.2292435,53.3280292
session-1-20261005-10000Hz-600mV,10000,SMILE_LEFT,206,cue_assumed,R1-L1,R4-R3,0.0,-37.0,-1.0,-37.0,37.0,-1.0,0.0,-0.0,-0.02702702702702703,2.7027027027027026,0.036516342279724334,-1.5481576989779677,False,53.3283283,53.4251175
session-1-20261005-10000Hz-600mV,10000,SMILE_LEFT,207,cue_assumed,R1-L1,R3-R2,-1.0,4.0,-1.0,4.0,4.123105625617661,0.0,0.0,0.0,-0.0,0.0,0.0,0.0,False,53.4254417,53.5221206
session-1-20261005-10000Hz-600mV,10000,SMILE_RIGHT,0,cue_assumed,L1-L2,L3-L4,72.0,-276.0,71.0,-276.0,285.2367437761131,-1.0,0.0,-0.0008849557522123894,-0.003392330383480826,0.35058596825972604,-0.08791967195911354,-0.19453762397793647,True,55.671297,55.7743079
session-1-20261005-10000Hz-600mV,10000,SMILE_RIGHT,1,cue_assumed,L1-L2,L4-L5,26.0,-94.0,26.0,-96.0,97.52948272189288,0.0,-2.0,0.019764507989907486,-0.005466778805719092,2.0506619579876553,1.9779161106172394,-0.3071496901293052,True,55.7745352,55.8731204
session-1-20261005-10000Hz-600mV,10000,SMILE_RIGHT,2,cue_assumed,L1-L2,L5-L6,15.0,-79.0,16.0,-80.0,80.4114419718985,1.0,-1.0,0.01453758119393752,0.009897927621404267,1.7587218033813177,1.4585862618853973,0.5589654808321636,True,55.8733797,55.9700051
session-1-20261005-10000Hz-600mV,10000,SMILE_RIGHT,3,cue_assumed,L1-L2,L6-L7,17.0,-52.0,17.0,-51.0,54.70831746635972,0.0,1.0,-0.017373872368860677,0.00567991981289676,1.827875625337779,-1.7357456552765993,0.33118578841538415,False,55.9702639,56.0680264
session-1-20261005-10000Hz-600mV,10000,SMILE_RIGHT,4,cue_assumed,L1-L2,L7-L8,-2.0,-15.0,-2.0,-14.0,15.132745950421556,0.0,1.0,-0.06550218340611354,-0.008733624454148471,6.608186004550898,-6.5461372968004365,-0.5354589855645338,False,56.0682583,56.1649789
session-1-20261005-10000Hz-600mV,10000,SMILE_RIGHT,5,cue_assumed,L1-L2,L8-R8,-2.0,-3.0,-2.0,-3.0,3.605551275463989,0.0,0.0,-0.0,-0.0,0.0,0.0,-1.4679483145216231e-15,False,56.1652255,56.267171
session-1-20261005-10000Hz-600mV,10000,SMILE_RIGHT,6,cue_assumed,L1-L2,R8-R7,-3.0,1.0,-3.0,0.0,3.1622776601683795,0.0,-1.0,-0.09999999999999999,0.3,31.622776601683793,-5.131670194948623,18.43494882292201,False,56.2674225,56.3650964
session-1-20261005-10000Hz-600mV,10000,SMILE_RIGHT,7,cue_assumed,L1-L2,R7-R6,-14.0,23.0,-14.0,23.0,26.92582403567252,0.0,0.0,0.0,-0.0,0.0,0.0,-1.614405686591137e-15,False,56.3653799,56.4640734
session-1-20261005-10000Hz-600mV,10000,SMILE_RIGHT,8,cue_assumed,L1-L2,R6-R5,-2.0,-7.0,-1.0,-8.0,7.280109889280518,1.0,-1.0,0.09433962264150944,0.16981132075471697,19.425717247145283,10.743627100597642,8.820379552021057,False,56.4643353,56.5620255
session-1-20261005-10000Hz-600mV,10000,SMILE_RIGHT,9,cue_assumed,L1-L2,R5-R4,-24.0,61.0,-24.0,62.0,65.55150646628954,0.0,1.0,0.014195950663253434,-0.005585292064230859,1.52551795360227,1.4211329964905817,-0.3155311627121065,True,56.5623302,56.6579988
session-1-20261005-10000Hz-600mV,10000,SMILE_RIGHT,10,cue_assumed,L1-L2,R4-R3,2.0,-42.0,2.0,-41.0,42.04759208325728,0.0,1.0,-0.023755656108597284,0.0011312217194570135,2.3782574707724704,-2.375500070805281,0.06639137180701775,False,56.6582759,56.7551238
session-1-20261005-10000Hz-600mV,10000,SMILE_RIGHT,11,cue_assumed,L1-L2,R3-R2,-14.0,26.0,-14.0,26.0,29.5296461204668,0.0,0.0,0.0,-0.0,0.0,0.0,1.1379966291474967e-15,False,56.7553838,56.8539796
session-1-20261005-10000Hz-600mV,10000,SMILE_RIGHT,12,cue_assumed,L1-L2,R2-R1,83.0,-359.0,82.0,-358.0,368.46980880392357,-1.0,1.0,-0.003255505634528983,-0.0020328496722398174,0.38380717458608676,-0.32534326491672205,-0.11685396385060076,True,56.8542647,56.9521191
session-1-20261005-10000Hz-600mV,10000,SMILE_RIGHT,13,cue_assumed,L2-L3,L4-L5,-68.0,244.0,-67.0,242.0,253.29824318380102,1.0,-2.0,-0.00866583541147132,-0.001683291770573566,0.8827806894330609,-0.8664406292389182,-0.09728850764642194,True,56.9523926,57.0501065
session-1-20261005-10000Hz-600mV,10000,SMILE_RIGHT,14,cue_assumed,L2-L3,L5-L6,39.0,-161.0,39.0,-160.0,165.65627063289816,0.0,1.0,-0.005866919320749216,0.0014211792143429779,0.6036596116642307,-0.5865903486266477,0.08190806344349026,True,57.0503625,57.1500786
session-1-20261005-10000Hz-600mV,10000,SMILE_RIGHT,15,cue_assumed,L2-L3,L6-L7,14.0,-44.0,14.0,-44.0,46.17358552246078,0.0,0.0,-0.0,0.0,0.0,0.0,2.625598611339489e-16,False,57.1503664,57.2481173
session-1-20261005-10000Hz-600mV,10000,SMILE_RIGHT,16,cue_assumed,L2-L3,L7-L8,1.0,-18.0,0.0,-17.0,18.027756377319946,-1.0,1.0,-0.05846153846153846,-0.0523076923076923,7.84464540552736,-5.700966641711047,-3.1798301198642345,False,57.2483197,57.3481127
session-1-20261005-10000Hz-600mV,10000,SMILE_RIGHT,17,cue_assumed,L2-L3,L8-R8,2.0,-15.0,3.0,-16.0,15.132745950421556,1.0,-1.0,0.074235807860262,0.056768558951965066,9.345386270319956,7.57347443374099,3.02501190756369,False,57.3483846,57.4490197
session-1-20261005-10000Hz-600mV,10000,SMILE_RIGHT,18,cue_assumed,L2-L3,R8-R7,-1.0,-9.0,-1.0,-9.0,9.055385138137417,0.0,0.0,-0.0,-0.0,0.0,0.0,-3.4908526991672743e-16,False,57.4492227,57.5470471
session-1-20261005-10000Hz-600mV,10000,SMILE_RIGHT,19,cue_assumed,L2-L3,R7-R6,-6.0,-2.0,-6.0,-1.0,6.324555320336759,0.0,1.0,-0.049999999999999996,-0.15,15.811388300841896,-3.823079691643305,-8.972626614896392,False,57.5472945,57.6523111
session-1-20261005-10000Hz-600mV,10000,SMILE_RIGHT,20,cue_assumed,L2-L3,R6-R5,2.0,-16.0,1.0,-16.0,16.1245154965971,-1.0,0.0,-0.007692307692307693,-0.06153846153846154,6.201736729460423,-0.5785969490704312,-3.5486819739044466,False,57.6525707,57.7541839
session-1-20261005-10000Hz-600mV,10000,SMILE_RIGHT,21,cue_assumed,L2-L3,R5-R4,-7.0,4.0,-7.0,4.0,8.06225774829855,0.0,0.0,-0.0,-0.0,0.0,0.0,-1.370085093553515e-15,False,57.754415,57.8521244
session-1-20261005-10000Hz-600mV,10000,SMILE_RIGHT,22,cue_assumed,L2-L3,R4-R3,-9.0,-4.0,-10.0,-4.0,9.848857801796104,-1.0,0.0,0.09278350515463916,-0.04123711340206185,10.153461651336189,9.356128710730882,-2.1610794882263704,False,57.8523606,57.9511362
session-1-20261005-10000Hz-600mV,10000,SMILE_RIGHT,23,cue_assumed,L2-L3,R3-R2,0.0,-8.0,1.0,-8.0,8.0,1.0,0.0,-0.0,0.125,12.5,0.7782218537318641,7.125016348901798,False,57.951391,58.0480534
session-1-20261005-10000Hz-600mV,10000,SMILE_RIGHT,24,cue_assumed,L2-L3,R2-R1,-20.0,45.0,-20.0,44.0,49.24428900898052,0.0,-1.0,-0.018556701030927835,0.008247422680412371,2.030692330267238,-1.8522048606202879,0.4814658058383537,False,58.0482879,58.1451235
session-1-20261005-10000Hz-600mV,10000,SMILE_RIGHT,25,cue_assumed,L2-L3,R1-L1,7.0,-10.0,8.0,-9.0,12.206555615733702,1.0,1.0,-0.020134228187919465,0.11409395973154363,11.585688927269846,-1.3514134710432057,6.641519138011539,False,58.1453745,58.2479919
session-1-20261005-10000Hz-600mV,10000,SMILE_RIGHT,26,cue_assumed,L3-L4,L1-L2,66.0,-283.0,65.0,-281.0,290.5942188000305,-1.0,2.0,-0.007484161288412575,-0.0017881461306175615,0.7694812328797626,-0.7482550501025198,-0.10322567317444155,True,58.2482252,58.3562257
session-1-20261005-10000Hz-600mV,10000,SMILE_RIGHT,27,cue_assumed,L3-L4,L5-L6,-76.0,245.0,-75.0,242.0,256.51705596314645,1.0,-3.0,-0.012325040652877617,-0.00025835473625020894,1.2327748142496617,-1.2325006862829557,-0.014987355431711856,True,58.3564657,58.4560307
session-1-20261005-10000Hz-600mV,10000,SMILE_RIGHT,28,cue_assumed,L3-L4,L6-L7,-2.0,20.0,-2.0,20.0,20.09975124224178,0.0,0.0,0.0,-0.0,0.0,0.0,-3.149064041052987e-16,False,58.4563049,58.5529763
session-1-20261005-10000Hz-600mV,10000,SMILE_RIGHT,29,cue_assumed,L3-L4,L7-L8,-10.0,18.0,-11.0,19.0,20.591260281974,-1.0,1.0,0.0660377358490566,0.018867924528301886,6.868028197434452,6.620469555812258,1.013978722785301,False,58.5532378,58.6499881
session-1-20261005-10000Hz-600mV,10000,SMILE_RIGHT,30,cue_assumed,L3-L4,L8-R8,-8.0,18.0,-8.0,20.0,19.697715603592208,0.0,2.0,0.09278350515463916,-0.04123711340206185,10.153461651336189,9.356128710730882,-2.1610794882263704,False,58.6502571,58.7469995
session-1-20261005-10000Hz-600mV,10000,SMILE_RIGHT,31,cue_assumed,L3-L4,R8-R7,-6.0,6.0,-5.0,6.0,8.48528137423857,1.0,0.0,-0.08333333333333333,-0.08333333333333333,11.785113019775793,-7.9553248567728385,-5.194428907734806,False,58.7472692,58.8424168
session-1-20261005-10000Hz-600mV,10000,SMILE_RIGHT,32,cue_assumed,L3-L4,R7-R6,-14.0,22.0,-14.0,22.0,26.076809620810597,0.0,0.0,0.0,-0.0,0.0,0.0,4.1160119407174925e-16,False,58.8427904,58.9400033
session-1-20261005-10000Hz-600mV,10000,SMILE_RIGHT,33,cue_assumed,L3-L4,R6-R5,0.0,-11.0,0.0,-12.0,11.0,0.0,-1.0,0.09090909090909091,-0.0,9.090909090909092,9.090909090909083,-0.0,False,58.9402877,59.0380225
session-1-20261005-10000Hz-600mV,10000,SMILE_RIGHT,34,cue_assumed,L3-L4,R5-R4,-24.0,58.0,-23.0,56.0,62.76941930590086,1.0,-2.0,-0.03553299492385787,-0.002538071065989848,3.5623524993954825,-3.5529655362447454,-0.1507780190839637,True,59.0382734,59.1369872
session-1-20261005-10000Hz-600mV,10000,SMILE_RIGHT,35,cue_assumed,L3-L4,R4-R3,3.0,-50.0,3.0,-48.0,50.08991914547278,0.0,2.0,-0.03985651654045436,0.0023913909924272616,3.9928193818631144,-3.985353847409834,0.14270401254682907,True,59.1372487,59.2329973
session-1-20261005-10000Hz-600mV,10000,SMILE_RIGHT,36,cue_assumed,L3-L4,R3-R2,4.0,-13.0,3.0,-12.0,13.601470508735444,-1.0,1.0,-0.0918918918918919,-0.04864864864864865,10.397504898200726,-9.058973668259773,-3.0664855011258942,False,59.2332479,59.3310264
session-1-20261005-10000Hz-600mV,10000,SMILE_RIGHT,37,cue_assumed,L3-L4,R2-R1,-15.0,18.0,-16.0,19.0,23.430749027719962,-1.0,1.0,0.06010928961748635,0.005464480874316939,6.03571640283457,6.012337323752925,0.29533645394703983,False,59.3313027,59.4269895
session-1-20261005-10000Hz-600mV,10000,SMILE_RIGHT,38,cue_assumed,L3-L4,R1-L1,37.0,-111.0,37.0,-109.0,117.00427342623003,0.0,2.0,-0.016216216216216217,0.005405405405405406,1.7093392757666919,-1.6201366313443488,0.31480880738910355,True,59.4272444,59.5249894
session-1-20261005-10000Hz-600mV,10000,SMILE_RIGHT,39,cue_assumed,L4-L5,L1-L2,26.0,-82.0,26.0,-80.0,86.02325267042627,0.0,2.0,-0.02216216216216216,0.007027027027027027,2.3249527748763854,-2.2136913358410837,0.4117370437317859,True,59.5252416,59.6219927
session-1-20261005-10000Hz-600mV,10000,SMILE_RIGHT,40,cue_assumed,L4-L5,L2-L3,-93.0,251.0,-92.0,246.0,267.67517628648346,1.0,-5.0,-0.01881367759944173,0.002986741102581996,1.9049280491125857,-1.880913177488952,0.17440839442634576,True,59.6222723,59.7170278
session-1-20261005-10000Hz-600mV,10000,SMILE_RIGHT,41,cue_assumed,L4-L5,L6-L7,75.0,-191.0,74.0,-190.0,205.19746587129188,-1.0,1.0,-0.0063173894456847,-0.0027549517883437035,0.6891964071623313,-0.631357044719838,-0.1588502245335674,True,59.7172819,59.8149996
session-1-20261005-10000Hz-600mV,10000,SMILE_RIGHT,42,cue_assumed,L4-L5,L7-L8,21.0,-66.0,21.0,-66.0,69.26037828369117,0.0,0.0,-0.0,0.0,0.0,0.0,2.625598611339489e-16,True,59.8152532,59.9130326
session-1-20261005-10000Hz-600mV,10000,SMILE_RIGHT,43,cue_assumed,L4-L5,L8-R8,16.0,-47.0,17.0,-50.0,49.64876634922564,1.0,-3.0,0.06369168356997972,-0.0004056795131845837,6.36929755298482,6.369176093067708,-0.021851936207115712,False,59.9133005,60.0100315
session-1-20261005-10000Hz-600mV,10000,SMILE_RIGHT,44,cue_assumed,L4-L5,R8-R7,4.0,-19.0,4.0,-20.0,19.4164878389476,0.0,-1.0,0.050397877984084884,-0.010610079575596816,5.150262026246048,5.045146287778057,-0.5787255656077614,False,60.0103063,60.1059872
session-1-20261005-10000Hz-600mV,10000,SMILE_RIGHT,45,cue_assumed,L4-L5,R7-R6,4.0,-20.0,3.0,-17.0,20.396078054371138,-1.0,3.0,-0.15384615384615385,-0.01923076923076923,15.504341823651057,-15.362765058979289,-1.3019526725788757,False,60.1062521,60.202979
session-1-20261005-10000Hz-600mV,10000,SMILE_RIGHT,46,cue_assumed,L4-L5,R6-R5,0.0,-6.0,-1.0,-4.0,6.0,-1.0,2.0,-0.3333333333333333,-0.16666666666666666,37.26779962499649,-31.281572906372325,-14.036243467926479,False,60.2032475,60.3011458
session-1-20261005-10000Hz-600mV,10000,SMILE_RIGHT,47,cue_assumed,L4-L5,R5-R4,13.0,-43.0,12.0,-41.0,44.9221548904324,-1.0,2.0,-0.04905847373637265,-0.00842418235877106,4.977650744835554,-4.902116047673777,-0.5075574637802707,False,60.3014239,60.3980499
session-1-20261005-10000Hz-600mV,10000,SMILE_RIGHT,48,cue_assumed,L4-L5,R4-R3,-15.0,30.0,-15.0,27.0,33.54101966249684,0.0,-3.0,-0.08,0.04,8.94427190999916,-7.913084534229309,2.489552921999156,False,60.3982914,60.4970534
session-1-20261005-10000Hz-600mV,10000,SMILE_RIGHT,49,cue_assumed,L4-L5,R3-R2,-9.0,12.0,-9.0,12.0,15.0,0.0,0.0,0.0,-0.0,0.0,0.0,0.0,False,60.4973171,60.5940196
session-1-20261005-10000Hz-600mV,10000,SMILE_RIGHT,50,cue_assumed,L4-L5,R2-R1,-35.0,95.0,-34.0,93.0,101.24228365658294,1.0,-2.0,-0.02195121951219512,-0.002439024390243903,2.208630521496931,-2.1948178339379454,-0.14288194698732698,True,60.5942912,60.6909992
session-1-20261005-10000Hz-600mV,10000,SMILE_RIGHT,51,cue_assumed,L4-L5,R1-L1,-3.0,10.0,-3.0,11.0,10.44030650891055,0.0,1.0,0.09174311926605504,-0.027522935779816512,9.578262852211513,9.208999192315437,-1.4441255309358452,False,60.6912947,60.788985
session-1-20261005-10000Hz-600mV,10000,SMILE_RIGHT,52,cue_assumed,L5-L6,L1-L2,33.0,-94.0,33.0,-97.0,99.62429422585637,0.0,-3.0,0.02841309823677582,-0.009974811083123427,3.0113136793709736,2.8461471072741773,-0.5557072899526806,True,60.7892529,60.8871747
session-1-20261005-10000Hz-600mV,10000,SMILE_RIGHT,53,cue_assumed,L5-L6,L2-L3,77.0,-195.0,77.0,-194.0,209.65209276322523,0.0,1.0,-0.004436456295217728,0.0017518314601628977,0.47698069063845216,-0.4434915001792161,0.10081972780650074,True,60.8874102,60.9870088
session-1-20261005-10000Hz-600mV,10000,SMILE_RIGHT,54,cue_assumed,L5-L6,L3-L4,-126.0,302.0,-125.0,299.0,327.2308053958246,1.0,-3.0,-0.009637654090399702,0.0007097497198356371,0.9663752947535696,-0.9637399767018828,0.041061391987706766,True,60.9872687,61.084997
session-1-20261005-10000Hz-600mV,10000,SMILE_RIGHT,55,cue_assumed,L5-L6,L7-L8,83.0,-201.0,79.0,-193.0,217.46264046957583,-4.0,8.0,-0.04102347219285262,-0.00296045675618524,4.11301540838713,-4.1018902590224116,-0.17687725799625925,True,61.0852477,61.1821248
session-1-20261005-10000Hz-600mV,10000,SMILE_RIGHT,56,cue_assumed,L5-L6,L8-R8,24.0,-60.0,25.0,-61.0,64.62197768561404,1.0,-1.0,0.020114942528735632,0.008620689655172414,2.1884405476620428,2.0151367327680747,0.48417816048095136,True,61.1824041,61.2810128
session-1-20261005-10000Hz-600mV,10000,SMILE_RIGHT,57,cue_assumed,L5-L6,R8-R7,6.0,-19.0,8.0,-21.0,19.924858845171276,2.0,-2.0,0.12594458438287154,0.0654911838790932,14.195468819753524,12.784764142458659,3.3288896658554785,False,61.2814757,61.3790131
session-1-20261005-10000Hz-600mV,10000,SMILE_RIGHT,58,cue_assumed,L5-L6,R7-R6,-4.0,-3.0,-5.0,-2.0,5.0,-1.0,1.0,0.04,-0.28,28.284271247461906,7.703296142690075,-15.068488159492212,False,61.3793396,61.4750703
session-1-20261005-10000Hz-600mV,10000,SMILE_RIGHT,59,cue_assumed,L5-L6,R6-R5,8.0,-33.0,8.0,-34.0,33.95585369269929,0.0,-1.0,0.02862098872506505,-0.006938421509106679,2.9450003202688024,2.8644389543231785,-0.3864749447043356,False,61.4753485,61.5730128
session-1-20261005-10000Hz-600mV,10000,SMILE_RIGHT,60,cue_assumed,L5-L6,R5-R4,-6.0,1.0,-6.0,1.0,6.082762530298219,0.0,0.0,-0.0,-0.0,0.0,0.0,-5.157656240211109e-16,False,61.5733242,61.6699966
session-1-20261005-10000Hz-600mV,10000,SMILE_RIGHT,61,cue_assumed,L5-L6,R4-R3,-4.0,-6.0,-4.0,-7.0,7.211102550927978,0.0,-1.0,0.11538461538461539,0.07692307692307693,13.867504905630728,11.803398874989469,3.945186229037562,False,61.6702594,61.7679828
session-1-20261005-10000Hz-600mV,10000,SMILE_RIGHT,62,cue_assumed,L5-L6,R3-R2,-1.0,-4.0,-1.0,-4.0,4.123105625617661,0.0,0.0,-0.0,-0.0,0.0,0.0,-0.0,False,61.7682079,61.8640653
session-1-20261005-10000Hz-600mV,10000,SMILE_RIGHT,63,cue_assumed,L5-L6,R2-R1,-18.0,25.0,-18.0,25.0,30.805843601498726,0.0,0.0,0.0,-0.0,0.0,0.0,1.0054440510422076e-15,False,61.864332,61.9621451
session-1-20261005-10000Hz-600mV,10000,SMILE_RIGHT,64,cue_assumed,L5-L6,R1-L1,32.0,-65.0,32.0,-63.0,72.44998274671983,0.0,2.0,-0.024766622213755002,0.012192798628310155,2.760525157047812,-2.4690405313902652,0.7162998332089735,True,61.9624325,62.0611298
session-1-20261005-10000Hz-600mV,10000,SMILE_RIGHT,65,cue_assumed,L6-L7,L1-L2,27.0,-55.0,27.0,-55.0,61.26989472816156,0.0,0.0,-0.0,0.0,0.0,0.0,1.3979529100732026e-16,False,62.0613869,62.1591133
session-1-20261005-10000Hz-600mV,10000,SMILE_RIGHT,66,cue_assumed,L6-L7,L2-L3,23.0,-52.0,23.0,-52.0,56.859475903318,0.0,0.0,-0.0,0.0,0.0,0.0,8.185034008591543e-16,False,62.1593557,62.2679809
session-1-20261005-10000Hz-600mV,10000,SMILE_RIGHT,67,cue_assumed,L6-L7,L3-L4,-11.0,36.0,-12.0,38.0,37.64306044943742,-1.0,2.0,0.0585744530698659,0.009880028228652079,5.940186453498648,5.8620558864206584,0.5347450817367029,False,62.2682253,62.3682191
session-1-20261005-10000Hz-600mV,10000,SMILE_RIGHT,68,cue_assumed,L6-L7,L4-L5,116.0,-240.0,115.0,-238.0,266.5633133047382,-1.0,2.0,-0.008387750506642649,-0.0001125872551227201,0.8388506091772246,-0.8387744115086693,-0.006505339684005597,True,62.3684488,62.466982
session-1-20261005-10000Hz-600mV,10000,SMILE_RIGHT,69,cue_assumed,L6-L7,L8-R8,151.0,-321.0,153.0,-326.0,354.7421598851763,2.0,-5.0,0.015153923173503283,-0.0008979513993738179,1.5180504084650062,1.5154320313552239,-0.0506807990387313,True,62.4672325,62.5629796
session-1-20261005-10000Hz-600mV,10000,SMILE_RIGHT,70,cue_assumed,L6-L7,R8-R7,31.0,-58.0,34.0,-62.0,65.76473218982953,3.0,-4.0,0.07514450867052022,0.0115606936416185,7.602859212697053,7.520666114094099,0.6160599083992322,True,62.5632186,62.6610018
session-1-20261005-10000Hz-600mV,10000,SMILE_RIGHT,71,cue_assumed,L6-L7,R7-R6,22.0,-45.0,19.0,-41.0,50.08991914547278,-3.0,4.0,-0.09804703068951774,-0.018732562774013552,9.982048454657788,-9.785252438635162,-1.1897987387390823,False,62.661363,62.7579913
session-1-20261005-10000Hz-600mV,10000,SMILE_RIGHT,72,cue_assumed,L6-L7,R6-R5,8.0,-22.0,8.0,-21.0,23.40939982143925,0.0,1.0,-0.040145985401459854,0.014598540145985401,4.271788288583805,-4.003497630625697,0.8713515176783679,False,62.7582552,62.8549707
session-1-20261005-10000Hz-600mV,10000,SMILE_RIGHT,73,cue_assumed,L6-L7,R5-R4,7.0,-17.0,7.0,-16.0,18.384776310850235,0.0,1.0,-0.05029585798816568,0.02071005917159763,5.439282932204212,-5.007007421319498,1.2492426786972437,False,62.8552461,62.9521854
session-1-20261005-10000Hz-600mV,10000,SMILE_RIGHT,74,cue_assumed,L6-L7,R4-R3,-11.0,9.0,-10.0,8.0,14.212670403551895,1.0,-1.0,-0.09900990099009901,0.009900990099009898,9.950371902099892,-9.895550158784506,0.6295986084102687,False,62.9524668,63.0500007
session-1-20261005-10000Hz-600mV,10000,SMILE_RIGHT,75,cue_assumed,L6-L7,R3-R2,1.0,-4.0,1.0,-3.0,4.123105625617661,0.0,1.0,-0.23529411764705882,0.058823529411764705,24.253562503633297,-23.303501115262947,4.398705354995532,False,63.0502875,63.1480608
session-1-20261005-10000Hz-600mV,10000,SMILE_RIGHT,76,cue_assumed,L6-L7,R2-R1,-18.0,43.0,-18.0,42.0,46.61544808322666,0.0,-1.0,-0.019788311090658078,0.008283479061205707,2.145211600700721,-1.9753311099771298,0.48417816048095136,False,63.1483316,63.2540317
session-1-20261005-10000Hz-600mV,10000,SMILE_RIGHT,77,cue_assumed,L6-L7,R1-L1,16.0,-47.0,17.0,-46.0,49.64876634922564,1.0,1.0,-0.012576064908722108,0.025557809330628803,2.848436459479425,-1.224535981402497,1.482673930263951,False,63.2542568,63.3651975
session-1-20261005-10000Hz-600mV,10000,SMILE_RIGHT,78,cue_assumed,L7-L8,L1-L2,5.0,-18.0,4.0,-15.0,18.681541692269406,-1.0,3.0,-0.16905444126074498,-0.008595988538681947,16.927284226638314,-16.900998044052905,-0.5926938186167052,False,63.3654289,63.4620582
session-1-20261005-10000Hz-600mV,10000,SMILE_RIGHT,79,cue_assumed,L7-L8,L2-L3,11.0,-27.0,11.0,-27.0,29.154759474226502,0.0,0.0,-0.0,0.0,0.0,0.0,1.1113232239937232e-15,False,63.462452,63.5612951
session-1-20261005-10000Hz-600mV,10000,SMILE_RIGHT,80,cue_assumed,L7-L8,L3-L4,-14.0,27.0,-16.0,29.0,30.4138126514911,-2.0,2.0,0.08864864864864866,0.02810810810810811,9.299811099505543,8.901145354213158,1.4790063290923057,False,63.5615627,63.6610329
session-1-20261005-10000Hz-600mV,10000,SMILE_RIGHT,81,cue_assumed,L7-L8,L4-L5,48.0,-94.0,48.0,-95.0,105.54619841567009,0.0,-1.0,0.00843806104129264,-0.004308797127468581,0.9474524094763922,0.8447266191647484,-0.24480867728632907,True,63.6613009,63.7592566
session-1-20261005-10000Hz-600mV,10000,SMILE_RIGHT,82,cue_assumed,L7-L8,L5-L6,112.0,-216.0,108.0,-207.0,243.3105012119288,-4.0,9.0,-0.04040540540540541,0.0024324324324324314,4.047855621824367,-4.040232247951803,0.14523613889939668,True,63.7594976,63.8569718
session-1-20261005-10000Hz-600mV,10000,SMILE_RIGHT,83,cue_assumed,L7-L8,R8-R7,82.0,-143.0,89.0,-152.0,164.84234892769516,7.0,-9.0,0.0684871011665992,0.009678725205166895,6.916762788907197,6.8530936885310645,0.518990765400384,True,63.8572008,63.9562103
session-1-20261005-10000Hz-600mV,10000,SMILE_RIGHT,84,cue_assumed,L7-L8,R7-R6,40.0,-73.0,37.0,-66.0,83.24061508662703,-3.0,7.0,-0.09106653196709481,0.008803579160051953,9.149107197175692,-9.102389893003714,0.5549274793830946,True,63.9565007,64.0611594
session-1-20261005-10000Hz-600mV,10000,SMILE_RIGHT,85,cue_assumed,L7-L8,R6-R5,16.0,-27.0,17.0,-26.0,31.38470965295043,1.0,1.0,-0.011167512690355331,0.04365482233502538,4.506059090593329,-1.0204348629434867,2.527843702339881,False,64.0613704,64.1621554
session-1-20261005-10000Hz-600mV,10000,SMILE_RIGHT,86,cue_assumed,L7-L8,R5-R4,7.0,-19.0,6.0,-17.0,20.248456731316587,-1.0,2.0,-0.1097560975609756,-0.012195121951219514,11.043152607484654,-10.967257324663516,-0.7848246029918872,False,64.1624264,64.26134
session-1-20261005-10000Hz-600mV,10000,SMILE_RIGHT,87,cue_assumed,L7-L8,R4-R3,-11.0,9.0,-10.0,6.0,14.212670403551895,1.0,-3.0,-0.18811881188118812,0.1188118811881188,22.249707974499238,-17.947131266928086,8.325650330426837,False,64.2616649,64.3689933
session-1-20261005-10000Hz-600mV,10000,SMILE_RIGHT,88,cue_assumed,L7-L8,R3-R2,0.0,-3.0,1.0,-3.0,3.0,1.0,0.0,-0.0,0.3333333333333333,33.33333333333333,5.409255338945984,18.43494882292201,False,64.3692643,64.4670015
session-1-20261005-10000Hz-600mV,10000,SMILE_RIGHT,89,cue_assumed,L7-L8,R2-R1,-21.0,38.0,-20.0,35.0,43.41658669218482,1.0,-3.0,-0.0716180371352785,0.013262599469496022,7.283570407292298,-7.152330911474081,0.818455461688612,False,64.4672842,64.5661911
session-1-20261005-10000Hz-600mV,10000,SMILE_RIGHT,90,cue_assumed,L7-L8,R1-L1,30.0,-55.0,31.0,-55.0,62.64982043070834,1.0,0.0,0.007643312101910828,0.014012738853503185,1.5961737689352444,0.7740741100549897,0.7967293947684385,True,64.566426,64.6660281
session-1-20261005-10000Hz-600mV,10000,SMILE_RIGHT,91,cue_assumed,L8-R8,L1-L2,-1.0,-2.0,-2.0,-1.0,2.23606797749979,-1.0,1.0,-0.2,-0.6000000000000001,63.245553203367585,0.0,-36.86989764584403,False,64.666277,64.7641879
session-1-20261005-10000Hz-600mV,10000,SMILE_RIGHT,92,cue_assumed,L8-R8,L2-L3,9.0,-24.0,10.0,-25.0,25.632011235952593,1.0,-1.0,0.0502283105022831,0.0228310502283105,5.517372590682452,5.047644477875268,1.2453642667683473,False,64.7644361,64.8650645
session-1-20261005-10000Hz-600mV,10000,SMILE_RIGHT,93,cue_assumed,L8-R8,L3-L4,-14.0,28.0,-15.0,30.0,31.304951684997057,-1.0,2.0,0.07142857142857142,0.0,7.142857142857142,7.142857142857162,0.0,False,64.8653263,64.9631258
session-1-20261005-10000Hz-600mV,10000,SMILE_RIGHT,94,cue_assumed,L8-R8,L4-L5,33.0,-70.0,34.0,-73.0,77.38862965578342,1.0,-3.0,0.04057438637502087,-0.004842210719652696,4.086230334138054,4.05856526900632,-0.2666183589033884,True,64.9633851,65.0621953
session-1-20261005-10000Hz-600mV,10000,SMILE_RIGHT,95,cue_assumed,L8-R8,L5-L6,29.0,-62.0,29.0,-64.0,68.4470598345904,0.0,-2.0,0.026467449306296693,-0.012379935965848453,2.92196626828561,2.6542102059089245,-0.6909948213857008,True,65.0624423,65.1612223
session-1-20261005-10000Hz-600mV,10000,SMILE_RIGHT,96,cue_assumed,L8-R8,L6-L7,167.0,-329.0,170.0,-336.0,368.95799218881274,3.0,-7.0,0.02059795783442298,-0.0013369573202086239,2.064130135976718,2.0598833524059224,-0.07505596834865232,True,65.1614711,65.2666867
session-1-20261005-10000Hz-600mV,10000,SMILE_RIGHT,97,cue_assumed,L8-R8,R7-R6,183.0,-361.0,183.0,-357.0,404.7344808636892,0.0,4.0,-0.00881509065380624,0.004468591661070754,0.9883022547187332,-0.8805017755307842,0.2583067049699427,True,65.2669433,65.3671769
session-1-20261005-10000Hz-600mV,10000,SMILE_RIGHT,98,cue_assumed,L8-R8,R6-R5,47.0,-88.0,49.0,-92.0,99.76472322419383,2.0,-4.0,0.044810609866371955,-0.0012056666331759257,4.482682666246346,4.481130550993306,-0.0661168428669178,True,65.3674428,65.4641222
session-1-20261005-10000Hz-600mV,10000,SMILE_RIGHT,99,cue_assumed,L8-R8,R5-R4,23.0,-47.0,26.0,-52.0,52.32590180780452,3.0,-5.0,0.1110299488677867,0.009495982468955446,11.14352871788557,11.10705292483496,0.48969559312922484,False,65.4643703,65.5640243
session-1-20261005-10000Hz-600mV,10000,SMILE_RIGHT,100,cue_assumed,L8-R8,R4-R3,-17.0,19.0,-17.0,20.0,25.495097567963924,0.0,1.0,0.02923076923076923,-0.026153846153846153,3.922322702763681,2.956301409869999,-1.4556333070384075,False,65.564258,65.6611034
session-1-20261005-10000Hz-600mV,10000,SMILE_RIGHT,101,cue_assumed,L8-R8,R3-R2,5.0,-10.0,6.0,-11.0,11.180339887498949,1.0,-1.0,0.12,0.04,12.649110640673516,12.07140580897519,2.0454084888872277,False,65.6613856,65.7680237
session-1-20261005-10000Hz-600mV,10000,SMILE_RIGHT,102,cue_assumed,L8-R8,R2-R1,-12.0,28.0,-11.0,24.0,30.463092423455635,1.0,-4.0,-0.1336206896551724,0.02155172413793103,13.534757300092739,-13.335267484004964,1.424974272515425,False,65.7683063,65.8641213
session-1-20261005-10000Hz-600mV,10000,SMILE_RIGHT,103,cue_assumed,L8-R8,R1-L1,34.0,-71.0,36.0,-74.0,78.7210264160726,2.0,-3.0,0.04534452154268194,0.006454736162659352,4.580162936909875,4.536444952859764,0.3537823485552471,True,65.864378,65.9641226
session-1-20261005-10000Hz-600mV,10000,SMILE_RIGHT,104,cue_assumed,R8-R7,L1-L2,-4.0,5.0,-1.0,2.0,6.4031242374328485,3.0,-3.0,-0.6585365853658538,-0.07317073170731707,66.25891564490793,-65.07848521152108,-12.094757077012105,False,65.9643596,66.0653207
session-1-20261005-10000Hz-600mV,10000,SMILE_RIGHT,105,cue_assumed,R8-R7,L2-L3,4.0,-13.0,5.0,-14.0,13.601470508735444,1.0,-1.0,0.0918918918918919,0.04864864864864865,10.397504898200726,9.297511160803417,2.551095089000936,False,66.0655612,66.1671154
session-1-20261005-10000Hz-600mV,10000,SMILE_RIGHT,106,cue_assumed,R8-R7,L3-L4,-7.0,15.0,-6.0,14.0,16.55294535724685,1.0,-1.0,-0.08029197080291972,-0.029197080291970805,8.543576577167611,-7.982864179156646,-1.8183029644518336,False,66.1673204,66.2671802
session-1-20261005-10000Hz-600mV,10000,SMILE_RIGHT,107,cue_assumed,R8-R7,L4-L5,14.0,-34.0,14.0,-34.0,36.76955262170047,0.0,0.0,-0.0,0.0,0.0,0.0,9.598123594949074e-16,False,66.2674285,66.3690175
session-1-20261005-10000Hz-600mV,10000,SMILE_RIGHT,108,cue_assumed,R8-R7,L5-L6,7.0,-19.0,9.0,-21.0,20.248456731316587,2.0,-2.0,0.12682926829268293,0.058536585365853655,13.968605915391564,12.834867470446266,2.9737310824801093,False,66.3692633,66.4722066
session-1-20261005-10000Hz-600mV,10000,SMILE_RIGHT,109,cue_assumed,R8-R7,L6-L7,38.0,-62.0,42.0,-67.0,72.71863585079137,4.0,-5.0,0.08736762481089257,0.010968229954614219,8.805341522867916,8.742294143319395,0.5779204368618551,True,66.4724542,66.5712005
session-1-20261005-10000Hz-600mV,10000,SMILE_RIGHT,110,cue_assumed,R8-R7,L7-L8,79.0,-143.0,86.0,-152.0,163.37074401495514,7.0,-9.0,0.0689396777819408,0.010865492693892847,6.979067347546418,6.899489880356335,0.5823765803128708,True,66.5714328,66.6711215
session-1-20261005-10000Hz-600mV,10000,SMILE_RIGHT,111,cue_assumed,R8-R7,R6-R5,115.0,-207.0,115.0,-208.0,236.799493242701,0.0,-1.0,0.0036915504511894994,-0.002050861361771944,0.42229820102489746,0.36936457303282655,-0.11707335466651758,True,66.6714083,66.7700089
session-1-20261005-10000Hz-600mV,10000,SMILE_RIGHT,112,cue_assumed,R8-R7,R5-R4,30.0,-59.0,35.0,-67.0,66.18912297349165,5.0,-8.0,0.14197671764437342,0.012554211367267748,14.25306864367255,14.204572231801249,0.6298502765682231,False,66.7702554,66.8671276
session-1-20261005-10000Hz-600mV,10000,SMILE_RIGHT,113,cue_assumed,R8-R7,R4-R3,-18.0,20.0,-20.0,23.0,26.90724809414742,-2.0,3.0,0.13259668508287292,-0.019337016574585638,13.399925785231936,13.276174514798921,-0.9781255942464409,False,66.867401,66.9689944
session-1-20261005-10000Hz-600mV,10000,SMILE_RIGHT,114,cue_assumed,R8-R7,R3-R2,5.0,-12.0,6.0,-13.0,13.0,1.0,-1.0,0.10059171597633138,0.04142011834319526,10.878565864408424,10.137085102125788,2.155275620791493,False,66.9692448,67.0671855
session-1-20261005-10000Hz-600mV,10000,SMILE_RIGHT,115,cue_assumed,R8-R7,R2-R1,-10.0,15.0,-11.0,17.0,18.027756377319946,-1.0,2.0,0.12307692307692306,-0.01538461538461538,12.403473458920843,12.318229221193722,-0.7848246029918868,False,67.0674276,67.1681366
session-1-20261005-10000Hz-600mV,10000,SMILE_RIGHT,116,cue_assumed,R8-R7,R1-L1,28.0,-55.0,30.0,-58.0,61.71709649683789,2.0,-3.0,0.058020477815699655,0.006825938566552904,5.842062378369859,5.804249674324313,0.36964506184702617,True,67.1683718,67.2721129
session-1-20261005-10000Hz-600mV,10000,SMILE_RIGHT,117,cue_assumed,R7-R6,L1-L2,-15.0,22.0,-15.0,22.0,26.627053911388696,0.0,0.0,0.0,-0.0,0.0,0.0,1.9738280110633955e-15,False,67.2723563,67.3713082
session-1-20261005-10000Hz-600mV,10000,SMILE_RIGHT,118,cue_assumed,R7-R6,L2-L3,3.0,-16.0,3.0,-15.0,16.278820596099706,0.0,1.0,-0.06037735849056604,0.011320754716981133,6.142951168339512,-6.030916364767691,0.6902771978650786,False,67.3715363,67.4689882
session-1-20261005-10000Hz-600mV,10000,SMILE_RIGHT,119,cue_assumed,R7-R6,L3-L4,-13.0,25.0,-13.0,24.0,28.178005607210743,0.0,-1.0,-0.031486146095717885,0.0163727959697733,3.548867204938381,-3.134776433830877,0.968496998086217,False,67.4692691,67.5660365
session-1-20261005-10000Hz-600mV,10000,SMILE_RIGHT,120,cue_assumed,R7-R6,L4-L5,17.0,-43.0,16.0,-41.0,46.238512086787566,-1.0,2.0,-0.04817586529466791,-0.004209541627689431,4.835942759799002,-4.81665567714753,-0.253394915793046,False,67.5662683,67.6661273
session-1-20261005-10000Hz-600mV,10000,SMILE_RIGHT,121,cue_assumed,R7-R6,L5-L6,-2.0,-9.0,-3.0,-8.0,9.219544457292887,-1.0,1.0,-0.08235294117647059,-0.12941176470588237,15.33929977694741,-7.327267796197767,-8.027237510431954,False,67.6664132,67.7651893
session-1-20261005-10000Hz-600mV,10000,SMILE_RIGHT,122,cue_assumed,R7-R6,L6-L7,26.0,-55.0,24.0,-50.0,60.83584469702052,-2.0,5.0,-0.08835449878411239,0.005403944879762226,8.85196027761943,-8.833848249066122,0.3396271988855624,False,67.7654317,67.8641264
session-1-20261005-10000Hz-600mV,10000,SMILE_RIGHT,123,cue_assumed,R7-R6,L7-L8,31.0,-76.0,29.0,-69.0,82.0792300158816,-2.0,7.0,-0.08816980852011282,0.009648211370046013,8.869612797137451,-8.81187653664054,0.6062325718200625,True,67.8643865,67.9663134
session-1-20261005-10000Hz-600mV,10000,SMILE_RIGHT,124,cue_assumed,R7-R6,L8-R8,150.0,-363.0,150.0,-359.0,392.77092560422545,0.0,4.0,-0.00941213075860996,0.0038893102308305626,1.0184053195502025,-0.9404495557208126,0.2249572433710685,True,67.9665743,68.0639938
session-1-20261005-10000Hz-600mV,10000,SMILE_RIGHT,125,cue_assumed,R7-R6,R5-R4,41.0,-100.0,33.0,-78.0,108.07867504739313,-8.0,22.0,-0.2164198270696002,0.00873212909853608,21.65959178457183,-21.63711736490107,0.6384712778957046,True,68.0643093,68.1611329
session-1-20261005-10000Hz-600mV,10000,SMILE_RIGHT,126,cue_assumed,R7-R6,R4-R3,-8.0,7.0,-5.0,-3.0,10.63014581273465,3.0,-10.0,-0.831858407079646,0.5221238938053098,98.21414205253257,-45.14701869978148,72.14968169778318,False,68.1613702,68.2621649
session-1-20261005-10000Hz-600mV,10000,SMILE_RIGHT,127,cue_assumed,R7-R6,R3-R2,8.0,-22.0,6.0,-18.0,23.40939982143925,-2.0,4.0,-0.18978102189781024,-0.0218978102189781,19.104017997521755,-18.94851595625513,-1.5481576989779684,False,68.2624129,68.3654042
session-1-20261005-10000Hz-600mV,10000,SMILE_RIGHT,128,cue_assumed,R7-R6,R2-R1,-3.0,-11.0,-4.0,-11.0,11.40175425099138,-1.0,0.0,0.023076923076923078,-0.08461538461538462,8.770580193070293,2.6570092027891734,-4.727987818842204,False,68.3656614,68.4662337
session-1-20261005-10000Hz-600mV,10000,SMILE_RIGHT,129,cue_assumed,R7-R6,R1-L1,34.0,-63.0,32.0,-57.0,71.58910531638176,-2.0,6.0,-0.08702439024390243,0.015219512195121947,8.834522085987723,-8.68975426815588,0.9550452855920688,True,68.4664683,68.5650703
session-1-20261005-10000Hz-600mV,10000,SMILE_RIGHT,130,cue_assumed,R6-R5,L1-L2,-3.0,-2.0,-2.0,-4.0,3.605551275463989,1.0,-2.0,0.07692307692307691,0.6153846153846154,62.01736729460423,24.034734589208462,29.744881296942236,False,68.5653082,68.676057
session-1-20261005-10000Hz-600mV,10000,SMILE_RIGHT,131,cue_assumed,R6-R5,L2-L3,5.0,-21.0,5.0,-20.0,21.587033144922902,0.0,1.0,-0.045064377682403435,0.01072961373390558,4.632410546120794,-4.500410085593853,0.6437457141753816,False,68.6762735,68.7752554
session-1-20261005-10000Hz-600mV,10000,SMILE_RIGHT,132,cue_assumed,R6-R5,L3-L4,1.0,-4.0,2.0,-5.0,4.123105625617661,1.0,-1.0,0.29411764705882354,0.1764705882352941,34.29971702850177,30.609431242203033,7.765166018425332,False,68.7755293,68.8760399
session-1-20261005-10000Hz-600mV,10000,SMILE_RIGHT,133,cue_assumed,R6-R5,L4-L5,4.0,-18.0,3.0,-16.0,18.439088914585774,-1.0,2.0,-0.11764705882352941,-0.029411764705882353,12.126781251816649,-11.715699883508046,-1.9091524329963754,False,68.8762262,68.9731203
session-1-20261005-10000Hz-600mV,10000,SMILE_RIGHT,134,cue_assumed,R6-R5,L5-L6,3.0,-30.0,4.0,-31.0,30.14962686336267,1.0,-1.0,0.036303630363036306,0.0297029702970297,4.690650298201946,3.672922248197219,1.6417862223927169,False,68.9733962,69.0712098
session-1-20261005-10000Hz-600mV,10000,SMILE_RIGHT,135,cue_assumed,R6-R5,L6-L7,8.0,-23.0,8.0,-22.0,24.351591323771842,0.0,1.0,-0.0387858347386172,0.013490725126475547,4.106507811765909,-3.8691167645082403,0.8040984960892589,False,69.0714627,69.1679814
session-1-20261005-10000Hz-600mV,10000,SMILE_RIGHT,136,cue_assumed,R6-R5,L7-L8,7.0,-24.0,8.0,-24.0,25.0,1.0,0.0,0.0112,0.0384,4.0,1.1928851253881545,2.1747441146100526,False,69.168266,69.2662882
session-1-20261005-10000Hz-600mV,10000,SMILE_RIGHT,137,cue_assumed,R6-R5,L8-R8,29.0,-82.0,31.0,-86.0,86.97700845625813,2.0,-4.0,0.05102445472571051,0.0063450099140779925,5.141744967290608,5.1043606889022985,0.3458890714332318,True,69.2665242,69.3669771
session-1-20261005-10000Hz-600mV,10000,SMILE_RIGHT,138,cue_assumed,R6-R5,R8-R7,70.0,-193.0,71.0,-195.0,205.30221625691235,1.0,-2.0,0.010818762010961115,0.0012574438302213574,1.089159200649644,1.081954413157149,0.07127507916385717,True,69.3672377,69.4672744
session-1-20261005-10000Hz-600mV,10000,SMILE_RIGHT,139,cue_assumed,R6-R5,R4-R3,-130.0,342.0,-133.0,346.0,365.8742953529258,-3.0,4.0,0.01313273172772366,0.003779955776011475,1.366589581040929,1.3139783131502547,0.21376716102809912,True,69.4675655,69.5660723
session-1-20261005-10000Hz-600mV,10000,SMILE_RIGHT,140,cue_assumed,R6-R5,R3-R2,70.0,-191.0,70.0,-189.0,203.42320418280704,0.0,2.0,-0.009231289722336337,0.0033831951861965632,0.9831720073599334,-0.9225513411385333,0.19564813665496736,True,69.566326,69.6641872
session-1-20261005-10000Hz-600mV,10000,SMILE_RIGHT,141,cue_assumed,R6-R5,R2-R1,38.0,-130.0,38.0,-133.0,135.4400236266961,0.0,-3.0,0.02126035761011775,-0.006214566070649803,2.215002566943351,2.127926585111495,-0.3486515556760574,True,69.6644597,69.7650281
session-1-20261005-10000Hz-600mV,10000,SMILE_RIGHT,142,cue_assumed,R6-R5,R1-L1,37.0,-84.0,38.0,-84.0,91.7877987534291,1.0,0.0,0.004391691394658753,0.009970326409495548,1.0894694214056866,0.4441176551088777,0.5687411253278049,True,69.7653963,69.8640376
session-1-20261005-10000Hz-600mV,10000,SMILE_RIGHT,143,cue_assumed,R5-R4,L1-L2,-23.0,57.0,-24.0,59.0,61.465437442517235,-1.0,2.0,0.0362625727898359,0.002911593435680255,3.6379273792543514,3.6266663142911604,0.1609838866283894,True,69.864298,69.9669808
session-1-20261005-10000Hz-600mV,10000,SMILE_RIGHT,144,cue_assumed,R5-R4,L2-L3,0.0,-11.0,0.0,-11.0,11.0,0.0,0.0,-0.0,0.0,0.0,0.0,-0.0,False,69.9672443,70.0650099
session-1-20261005-10000Hz-600mV,10000,SMILE_RIGHT,145,cue_assumed,R5-R4,L3-L4,-21.0,58.0,-21.0,57.0,61.68468205316454,0.0,-1.0,-0.015243101182654404,0.005519053876478319,1.621148017165954,-1.5227635580665089,0.32110989386024474,True,70.0652478,70.1632544
session-1-20261005-10000Hz-600mV,10000,SMILE_RIGHT,146,cue_assumed,R5-R4,L4-L5,20.0,-67.0,20.0,-66.0,69.92138442565336,0.0,1.0,-0.01370423399468194,0.0040908161178155045,1.430177631942184,-1.3695750380985583,0.23764185384622186,True,70.163511,70.2660974
session-1-20261005-10000Hz-600mV,10000,SMILE_RIGHT,147,cue_assumed,R5-R4,L5-L6,-6.0,-5.0,-6.0,-5.0,7.810249675906654,0.0,0.0,-0.0,-0.0,0.0,0.0,-1.251365776313515e-15,False,70.2663397,70.3640217
session-1-20261005-10000Hz-600mV,10000,SMILE_RIGHT,148,cue_assumed,R5-R4,L6-L7,8.0,-26.0,8.0,-24.0,27.202941017470888,0.0,2.0,-0.07027027027027027,0.021621621621621623,7.352146220938077,-7.001889004944573,1.3322198538696381,False,70.3642471,70.4631223
session-1-20261005-10000Hz-600mV,10000,SMILE_RIGHT,149,cue_assumed,R5-R4,L7-L8,0.0,-21.0,0.0,-19.0,21.0,0.0,2.0,-0.09523809523809523,0.0,9.523809523809524,-9.523809523809524,-0.0,False,70.4633695,70.5672615
session-1-20261005-10000Hz-600mV,10000,SMILE_RIGHT,150,cue_assumed,R5-R4,L8-R8,11.0,-47.0,12.0,-50.0,48.27007354458868,1.0,-3.0,0.06523605150214593,0.006008583690987125,6.551217820804184,6.52529974132221,0.32317985746892025,False,70.5675295,70.6631914
session-1-20261005-10000Hz-600mV,10000,SMILE_RIGHT,151,cue_assumed,R5-R4,R8-R7,13.0,-58.0,15.0,-64.0,59.43904440685432,2.0,-6.0,0.10585904330597225,0.010755731672799319,10.64040544973403,10.591134790516431,0.55724877693184,True,70.6634263,70.7643907
session-1-20261005-10000Hz-600mV,10000,SMILE_RIGHT,152,cue_assumed,R5-R4,R7-R6,20.0,-90.0,15.0,-71.0,92.19544457292888,-5.0,19.0,-0.21294117647058822,-0.008235294117647061,21.310036298862173,-21.289809315139774,-0.5994855319131804,True,70.7646675,70.8631208
session-1-20261005-10000Hz-600mV,10000,SMILE_RIGHT,153,cue_assumed,R5-R4,R3-R2,-83.0,254.0,-83.0,250.0,267.21714016881475,0.0,-4.0,-0.014228695469504938,0.0046495343463342905,1.4969099652338902,-1.421773042654495,0.2702419090983697,True,70.863378,70.9635535
session-1-20261005-10000Hz-600mV,10000,SMILE_RIGHT,154,cue_assumed,R5-R4,R2-R1,-17.0,38.0,-13.0,22.0,41.6293165929973,4.0,-16.0,-0.39007501442585113,0.06924408540103866,39.617327047941316,-38.615699776681325,6.476992371327874,False,70.9638401,71.0620197
session-1-20261005-10000Hz-600mV,10000,SMILE_RIGHT,155,cue_assumed,R5-R4,R1-L1,16.0,-14.0,15.0,-10.0,21.2602916254693,-1.0,4.0,-0.1592920353982301,0.11061946902654868,19.393457522841707,-15.204566828598232,7.49585763972986,False,71.0622731,71.1600069
session-1-20261005-10000Hz-600mV,10000,SMILE_RIGHT,156,cue_assumed,R4-R3,L1-L2,1.0,-34.0,1.0,-33.0,34.0147027033899,0.0,1.0,-0.029386343993085564,0.0008643042350907519,2.9399051601892734,-2.938595917382314,0.05102027103209748,False,71.1602478,71.2570387
session-1-20261005-10000Hz-600mV,10000,SMILE_RIGHT,157,cue_assumed,R4-R3,L2-L3,-3.0,-5.0,-3.0,-6.0,5.830951894845301,0.0,-1.0,0.14705882352941177,0.08823529411764706,17.149858514250884,15.044748327105584,4.398705354995531,False,71.2572738,71.3521816
session-1-20261005-10000Hz-600mV,10000,SMILE_RIGHT,158,cue_assumed,R4-R3,L3-L4,4.0,-39.0,3.0,-36.0,39.20459156782532,-1.0,3.0,-0.07872478854912167,-0.01756668835393624,8.066090051461265,-7.855732474907329,-1.0923718947027794,False,71.3524266,71.4631587
session-1-20261005-10000Hz-600mV,10000,SMILE_RIGHT,159,cue_assumed,R4-R3,L4-L5,-1.0,18.0,-1.0,15.0,18.027756377319946,0.0,-3.0,-0.16615384615384615,0.00923076923076923,16.641005886756872,-16.6102754900452,0.63424471442612,False,71.4634107,71.5620682
session-1-20261005-10000Hz-600mV,10000,SMILE_RIGHT,160,cue_assumed,R4-R3,L5-L6,-5.0,-2.0,-5.0,-2.0,5.385164807134504,0.0,0.0,-0.0,-0.0,0.0,0.0,-1.0967429936081094e-15,False,71.5623314,71.6680241
session-1-20261005-10000Hz-600mV,10000,SMILE_RIGHT,161,cue_assumed,R4-R3,L6-L7,-1.0,6.0,0.0,4.0,6.082762530298219,1.0,-2.0,-0.35135135135135126,-0.10810810810810811,36.76073110469037,-34.24040507785707,-9.462322208025617,False,71.6682843,71.7652011
session-1-20261005-10000Hz-600mV,10000,SMILE_RIGHT,162,cue_assumed,R4-R3,L7-L8,-7.0,10.0,-6.0,7.0,12.206555615733702,1.0,-3.0,-0.2483221476510067,0.07382550335570469,25.90638800754199,-24.470548879412735,5.6092744464458075,False,71.76544,71.8610364
session-1-20261005-10000Hz-600mV,10000,SMILE_RIGHT,163,cue_assumed,R4-R3,L8-R8,-7.0,19.0,-7.0,19.0,20.248456731316587,0.0,0.0,0.0,-0.0,0.0,0.0,1.0317409088649947e-15,False,71.8612583,71.9600567
session-1-20261005-10000Hz-600mV,10000,SMILE_RIGHT,164,cue_assumed,R4-R3,R8-R7,-8.0,17.0,-8.0,19.0,18.788294228055936,0.0,2.0,0.09631728045325778,-0.04532577903682719,10.644925908246988,9.725384741440845,-2.3674694675575276,False,71.9603231,72.05612
session-1-20261005-10000Hz-600mV,10000,SMILE_RIGHT,165,cue_assumed,R4-R3,R7-R6,-9.0,14.0,-8.0,7.0,16.64331697709324,1.0,-7.0,-0.3862815884476535,0.17689530685920582,42.485928866208745,-36.129643944381506,16.078848562182753,False,72.0564148,72.1562026
session-1-20261005-10000Hz-600mV,10000,SMILE_RIGHT,166,cue_assumed,R4-R3,R6-R5,-62.0,300.0,-64.0,304.0,306.33968074671617,-2.0,4.0,0.014108520523421849,0.003750905758492818,1.4598617926670665,1.4115457279008536,0.21192020867397984,True,72.1564456,72.2611592
session-1-20261005-10000Hz-600mV,10000,SMILE_RIGHT,167,cue_assumed,R4-R3,R2-R1,57.0,-442.0,55.0,-429.0,445.66018444550326,-2.0,13.0,-0.02950461450156838,-0.0007199931525126751,2.951339809350703,-2.950434742659014,-0.042506705302664746,True,72.2614251,72.3583923
session-1-20261005-10000Hz-600mV,10000,SMILE_RIGHT,168,cue_assumed,R4-R3,R1-L1,42.0,-103.0,42.0,-101.0,111.23398761170077,0.0,2.0,-0.016649155419057624,0.0067889759961205845,1.7980115996395498,-1.6625720423231294,0.3955592187563315,True,72.3586207,72.4661192
session-1-20261005-10000Hz-600mV,10000,SMILE_RIGHT,169,cue_assumed,R3-R2,L1-L2,-13.0,27.0,-13.0,28.0,29.966648127543394,0.0,1.0,0.030066815144766147,-0.014476614699331848,3.337043221329999,3.016853768479777,-0.805184972716081,False,72.4664132,72.5671855
session-1-20261005-10000Hz-600mV,10000,SMILE_RIGHT,170,cue_assumed,R3-R2,L2-L3,1.0,-18.0,1.0,-18.0,18.027756377319946,0.0,0.0,-0.0,0.0,0.0,0.0,1.7615379774259476e-16,False,72.5674193,72.6651212
session-1-20261005-10000Hz-600mV,10000,SMILE_RIGHT,171,cue_assumed,R3-R2,L3-L4,1.0,-11.0,0.0,-10.0,11.045361017187261,-1.0,1.0,-0.0983606557377049,-0.08196721311475409,12.803687993289598,-9.464253957481471,-5.194428907734807,False,72.6653934,72.7679849
session-1-20261005-10000Hz-600mV,10000,SMILE_RIGHT,172,cue_assumed,R3-R2,L4-L5,-2.0,-6.0,-1.0,-6.0,6.324555320336759,1.0,0.0,-0.049999999999999996,0.15,15.811388300841896,-3.823079691643305,8.972626614896392,False,72.768239,72.8651235
session-1-20261005-10000Hz-600mV,10000,SMILE_RIGHT,173,cue_assumed,R3-R2,L5-L6,-6.0,-5.0,-6.0,-5.0,7.810249675906654,0.0,0.0,-0.0,-0.0,0.0,0.0,-1.251365776313515e-15,False,72.8653691,72.9812933
session-1-20261005-10000Hz-600mV,10000,SMILE_RIGHT,174,cue_assumed,R3-R2,L6-L7,2.0,-11.0,2.0,-10.0,11.180339887498949,0.0,1.0,-0.08800000000000001,0.016,8.944271909999161,-8.785965992068956,1.005086005254181,False,72.9815455,73.08421
session-1-20261005-10000Hz-600mV,10000,SMILE_RIGHT,175,cue_assumed,R3-R2,L7-L8,-5.0,-5.0,-5.0,-5.0,7.0710678118654755,0.0,0.0,-0.0,-0.0,0.0,0.0,-0.0,False,73.0844945,73.1813284
session-1-20261005-10000Hz-600mV,10000,SMILE_RIGHT,176,cue_assumed,R3-R2,L8-R8,-1.0,-11.0,-1.0,-12.0,11.045361017187261,0.0,-1.0,0.0901639344262295,0.008196721311475409,9.053574604251851,9.019474873250699,0.43078721700862854,False,73.1815624,73.2811409
session-1-20261005-10000Hz-600mV,10000,SMILE_RIGHT,177,cue_assumed,R3-R2,R8-R7,-3.0,-14.0,-3.0,-15.0,14.317821063276353,0.0,-1.0,0.06829268292682927,0.014634146341463415,6.984302957695783,6.839291210403808,0.7848246029918875,False,73.2813876,73.3790879
session-1-20261005-10000Hz-600mV,10000,SMILE_RIGHT,178,cue_assumed,R3-R2,R7-R6,-7.0,-16.0,-7.0,-13.0,17.46424919657298,0.0,3.0,-0.15737704918032785,-0.06885245901639345,17.177950029416046,-15.456869092713642,-4.671378035349562,False,73.3793954,73.478997
session-1-20261005-10000Hz-600mV,10000,SMILE_RIGHT,179,cue_assumed,R3-R2,R6-R5,20.0,-186.0,21.0,-184.0,187.0721785835617,1.0,2.0,-0.010058292376271575,0.006457880900674363,1.1952969139668086,-1.003722861982792,0.3737634941386577,True,73.4794361,73.5770943
session-1-20261005-10000Hz-600mV,10000,SMILE_RIGHT,180,cue_assumed,R3-R2,R5-R4,-46.0,261.0,-47.0,259.0,265.02264054227516,-1.0,-2.0,-0.006777054828651565,0.005025841080911769,0.8437271521121616,-0.6764339195668212,0.2899218409598208,True,73.5774162,73.6752731
session-1-20261005-10000Hz-600mV,10000,SMILE_RIGHT,181,cue_assumed,R3-R2,R1-L1,30.0,-58.0,30.0,-54.0,65.29931086925804,0.0,4.0,-0.05440900562851782,0.028142589118198873,6.125638918316888,-5.399030979660457,1.704728319007266,True,73.6755667,73.7740957
session-1-20261005-10000Hz-600mV,10000,SMILE_RIGHT,182,cue_assumed,R2-R1,L1-L2,6.0,-255.0,5.0,-255.0,255.07057846799972,-1.0,0.0,-9.22211463088486e-05,-0.003919398718126066,0.3920483522663341,-0.008453962425714057,-0.22458456612316946,True,73.7743596,73.8712025
session-1-20261005-10000Hz-600mV,10000,SMILE_RIGHT,183,cue_assumed,R2-R1,L2-L3,-2.0,-9.0,-2.0,-9.0,9.219544457292887,0.0,0.0,-0.0,-0.0,0.0,0.0,-6.735292266628623e-16,False,73.8714453,73.972042
session-1-20261005-10000Hz-600mV,10000,SMILE_RIGHT,184,cue_assumed,R2-R1,L3-L4,-5.0,-10.0,-5.0,-9.0,11.180339887498949,0.0,1.0,-0.08,-0.04,8.94427190999916,-7.913084534229298,-2.489552921999156,False,73.9722818,74.0690479
session-1-20261005-10000Hz-600mV,10000,SMILE_RIGHT,185,cue_assumed,R2-R1,L4-L5,-1.0,12.0,-1.0,11.0,12.041594578792296,0.0,-1.0,-0.08275862068965517,0.006896551724137931,8.304547985373997,-8.273269416989038,0.43078721700862865,False,74.0693629,74.1680183
session-1-20261005-10000Hz-600mV,10000,SMILE_RIGHT,186,cue_assumed,R2-R1,L5-L6,-10.0,-6.0,-10.0,-5.0,11.661903789690601,0.0,1.0,-0.04411764705882353,-0.07352941176470588,8.574929257125442,-4.129376394078676,-4.398705354995531,False,74.1682711,74.2651405
session-1-20261005-10000Hz-600mV,10000,SMILE_RIGHT,187,cue_assumed,R2-R1,L6-L7,1.0,-3.0,0.0,-3.0,3.1622776601683795,-1.0,0.0,-0.09999999999999999,-0.3,31.622776601683793,-5.131670194948623,-18.43494882292201,False,74.2653942,74.3631679
session-1-20261005-10000Hz-600mV,10000,SMILE_RIGHT,188,cue_assumed,R2-R1,L7-L8,-9.0,3.0,-9.0,2.0,9.486832980505138,0.0,-1.0,-0.03333333333333333,0.1,10.5409255338946,-2.817468419244973,5.906141113770499,False,74.3634208,74.462019
session-1-20261005-10000Hz-600mV,10000,SMILE_RIGHT,189,cue_assumed,R2-R1,L8-R8,-5.0,-3.0,-5.0,-5.0,5.830951894845301,0.0,-2.0,0.17647058823529413,0.29411764705882354,34.29971702850177,21.267812518166494,14.036243467926479,False,74.4623515,74.5600373
session-1-20261005-10000Hz-600mV,10000,SMILE_RIGHT,190,cue_assumed,R2-R1,R8-R7,-8.0,-11.0,-8.0,-10.0,13.601470508735444,0.0,1.0,-0.059459459459459456,-0.04324324324324324,7.352146220938077,-5.846588671122155,-2.632434868986483,False,74.5602575,74.6579812
session-1-20261005-10000Hz-600mV,10000,SMILE_RIGHT,191,cue_assumed,R2-R1,R7-R6,-12.0,-17.0,-13.0,-17.0,20.808652046684813,-1.0,0.0,0.027713625866050806,-0.039260969976905306,4.805693313322127,2.8463281091878567,-2.18776366321584,False,74.6588755,74.7593682
session-1-20261005-10000Hz-600mV,10000,SMILE_RIGHT,192,cue_assumed,R2-R1,R6-R5,-4.0,-103.0,-4.0,-104.0,103.07764064044152,0.0,-1.0,0.009694117647058824,0.0003764705882352941,0.970142500145332,0.9694187831729595,0.02136307861967338,True,74.7596446,74.8580754
session-1-20261005-10000Hz-600mV,10000,SMILE_RIGHT,193,cue_assumed,R2-R1,R5-R4,-10.0,5.0,-9.0,-4.0,11.180339887498949,1.0,-9.0,-0.44,0.68,80.99382692526635,-11.90913781781905,50.527540151656176,False,74.8584825,74.9562028
session-1-20261005-10000Hz-600mV,10000,SMILE_RIGHT,194,cue_assumed,R2-R1,R4-R3,-10.0,-326.0,-9.0,-322.0,326.15333817086713,1.0,4.0,-0.012352410318116869,0.002688576370609912,1.2641617126290532,-1.234875090073706,0.15597030766535125,True,74.9565145,75.0610209
session-1-20261005-10000Hz-600mV,10000,SMILE_RIGHT,195,cue_assumed,R1-L1,L2-L3,-7.0,23.0,-7.0,22.0,24.041630560342615,0.0,-1.0,-0.039792387543252594,0.012110726643598616,4.159451654038515,-3.971601662855828,0.7226111557830787,False,75.0613599,75.1590005
session-1-20261005-10000Hz-600mV,10000,SMILE_RIGHT,196,cue_assumed,R1-L1,L3-L4,2.0,-26.0,2.0,-27.0,26.076809620810597,0.0,-1.0,0.03823529411764706,-0.0029411764705882357,3.8348249442368525,3.823946008162693,-0.16231055593669177,False,75.1592738,75.2590952
session-1-20261005-10000Hz-600mV,10000,SMILE_RIGHT,197,cue_assumed,R1-L1,L4-L5,-4.0,23.0,-4.0,24.0,23.345235059857504,0.0,1.0,0.04220183486238532,-0.007339449541284404,4.283529368781194,4.2227677674168795,-0.4034847350587498,False,75.2593712,75.3571023
session-1-20261005-10000Hz-600mV,10000,SMILE_RIGHT,198,cue_assumed,R1-L1,L5-L6,-2.0,-10.0,-2.0,-10.0,10.198039027185569,0.0,0.0,-0.0,-0.0,0.0,0.0,6.116451310506762e-16,False,75.3573618,75.4620225
session-1-20261005-10000Hz-600mV,10000,SMILE_RIGHT,199,cue_assumed,R1-L1,L6-L7,0.0,-7.0,1.0,-8.0,7.0,1.0,-1.0,0.14285714285714285,0.14285714285714285,20.203050891044214,15.175110689979277,7.125016348901798,False,75.4623009,75.5610627
session-1-20261005-10000Hz-600mV,10000,SMILE_RIGHT,200,cue_assumed,R1-L1,L7-L8,-2.0,-8.0,-2.0,-8.0,8.246211251235321,0.0,0.0,-0.0,-0.0,0.0,0.0,-0.0,False,75.5613115,75.6620911
session-1-20261005-10000Hz-600mV,10000,SMILE_RIGHT,201,cue_assumed,R1-L1,L8-R8,0.0,-15.0,0.0,-17.0,15.0,0.0,-2.0,0.13333333333333333,-0.0,13.333333333333334,13.33333333333333,-0.0,False,75.6623838,75.7600631
session-1-20261005-10000Hz-600mV,10000,SMILE_RIGHT,202,cue_assumed,R1-L1,R8-R7,-1.0,-10.0,-1.0,-12.0,10.04987562112089,0.0,-2.0,0.19801980198019803,0.019801980198019806,19.900743804199784,19.818344353293217,0.9469514467734654,False,75.7603031,75.8590939
session-1-20261005-10000Hz-600mV,10000,SMILE_RIGHT,203,cue_assumed,R1-L1,R7-R6,-4.0,-3.0,-4.0,0.0,5.0,0.0,3.0,-0.36,-0.48,60.0,-19.999999999999996,-36.86989764584402,False,75.8593608,75.9560561
session-1-20261005-10000Hz-600mV,10000,SMILE_RIGHT,204,cue_assumed,R1-L1,R6-R5,1.0,-24.0,1.0,-25.0,24.020824298928627,0.0,-1.0,0.04159445407279029,-0.0017331022530329286,4.163054471218133,4.1595895920588655,-0.09533398775028301,False,75.9563084,76.0540243
session-1-20261005-10000Hz-600mV,10000,SMILE_RIGHT,205,cue_assumed,R1-L1,R5-R4,-6.0,37.0,-6.0,40.0,37.48332962798263,0.0,3.0,0.0790035587188612,-0.012811387900355872,8.00355792768312,7.907961309066547,-0.6802609308685352,False,76.0542624,76.1512139
session-1-20261005-10000Hz-600mV,10000,SMILE_RIGHT,206,cue_assumed,R1-L1,R4-R3,0.0,-37.0,-1.0,-38.0,37.0,-1.0,-1.0,0.02702702702702703,-0.02702702702702703,3.8221988172245815,2.738258425666018,-1.5074357587749678,False,76.1514817,76.2500683
session-1-20261005-10000Hz-600mV,10000,SMILE_RIGHT,207,cue_assumed,R1-L1,R3-R2,-1.0,4.0,-1.0,5.0,4.123105625617661,0.0,1.0,0.23529411764705882,-0.058823529411764705,24.253562503633297,23.669388480168465,-2.7263109939062655,False,76.2503479,76.3471847
session-1-20261005-10000Hz-600mV,10000,SMILE_BOTH,0,cue_assumed,L1-L2,L3-L4,72.0,-276.0,75.0,-285.0,285.2367437761131,3.0,-9.0,0.0331858407079646,0.0022123893805309734,3.325950526188696,3.3188209430496274,0.1226888478390791,True,78.5085679,78.6069809
session-1-20261005-10000Hz-600mV,10000,SMILE_BOTH,1,cue_assumed,L1-L2,L4-L5,26.0,-94.0,27.0,-101.0,97.52948272189288,1.0,-7.0,0.07190916736753575,-0.00925147182506308,7.250184882071769,7.194909059035726,-0.4944981764370399,True,78.6073402,78.70606
session-1-20261005-10000Hz-600mV,10000,SMILE_BOTH,2,cue_assumed,L1-L2,L5-L6,15.0,-79.0,15.0,-78.0,80.4114419718985,0.0,1.0,-0.012217754407670893,0.0023198267862666253,1.2436041133915636,-1.221503033112381,0.13456006147068822,True,78.7063174,78.8051267
session-1-20261005-10000Hz-600mV,10000,SMILE_BOTH,3,cue_assumed,L1-L2,L6-L7,17.0,-52.0,16.0,-48.0,54.70831746635972,-1.0,4.0,-0.07517540928833946,0.005345806882726362,7.536524273759595,-7.515995910848561,0.33118578841538415,False,78.8054028,78.9043141
session-1-20261005-10000Hz-600mV,10000,SMILE_BOTH,4,cue_assumed,L1-L2,L7-L8,-2.0,-15.0,-4.0,-8.0,15.132745950421556,-2.0,7.0,-0.44104803493449785,-0.19213973799126635,48.10832028193611,-40.89458754344582,-18.970407808486545,False,78.9045423,79.0031257
session-1-20261005-10000Hz-600mV,10000,SMILE_BOTH,5,cue_assumed,L1-L2,L8-R8,-2.0,-3.0,-1.0,-4.0,3.605551275463989,1.0,-1.0,0.07692307692307694,0.3846153846153846,39.2232270276368,14.354374979373109,19.653824058053306,False,79.0033933,79.1041239
session-1-20261005-10000Hz-600mV,10000,SMILE_BOTH,6,cue_assumed,L1-L2,R8-R7,-3.0,1.0,-2.0,-6.0,3.1622776601683795,1.0,-7.0,-0.9999999999999999,2.0,223.60679774997897,100.0,90.0,False,79.10436,79.2021258
session-1-20261005-10000Hz-600mV,10000,SMILE_BOTH,7,cue_assumed,L1-L2,R7-R6,-14.0,23.0,-14.0,21.0,26.92582403567252,0.0,-2.0,-0.06344827586206897,0.038620689655172416,7.427813527082075,-6.265231122321935,2.3613746581756185,False,79.2023959,79.3009971
session-1-20261005-10000Hz-600mV,10000,SMILE_BOTH,8,cue_assumed,L1-L2,R6-R5,-2.0,-7.0,-1.0,-9.0,7.280109889280518,1.0,-2.0,0.22641509433962265,0.20754716981132074,30.71475584169756,24.385280934713283,9.605204155012943,False,79.3012684,79.398002
session-1-20261005-10000Hz-600mV,10000,SMILE_BOTH,9,cue_assumed,L1-L2,R5-R4,-24.0,61.0,-24.0,63.0,65.55150646628954,0.0,2.0,0.028391901326506867,-0.011170584128461718,3.05103590720454,2.845256801843732,-0.6223329399620359,True,79.3982622,79.4979863
session-1-20261005-10000Hz-600mV,10000,SMILE_BOTH,10,cue_assumed,L1-L2,R4-R3,2.0,-42.0,2.0,-41.0,42.04759208325728,0.0,1.0,-0.023755656108597284,0.0011312217194570135,2.3782574707724704,-2.375500070805281,0.06639137180701775,False,79.4982326,79.5971278
session-1-20261005-10000Hz-600mV,10000,SMILE_BOTH,11,cue_assumed,L1-L2,R3-R2,-14.0,26.0,-14.0,27.0,29.5296461204668,0.0,1.0,0.029816513761467888,-0.01605504587155963,3.3864273073929816,2.994165684943595,-0.8931803281879732,False,79.5974435,79.6961537
session-1-20261005-10000Hz-600mV,10000,SMILE_BOTH,12,cue_assumed,L1-L2,R2-R1,83.0,-359.0,81.0,-355.0,368.46980880392357,-2.0,4.0,-0.011799366575826767,-0.0028430433821904693,1.2137048540059272,-1.1795276880539274,-0.16483893233340857,True,79.6964798,79.7981162
session-1-20261005-10000Hz-600mV,10000,SMILE_BOTH,13,cue_assumed,L2-L3,L4-L5,-68.0,244.0,-66.0,237.0,253.29824318380102,2.0,-7.0,-0.028740648379052366,-0.00018703241895261908,2.8741256937964015,-2.8740630370924447,-0.011033271481775745,True,79.7983855,79.8960295
session-1-20261005-10000Hz-600mV,10000,SMILE_BOTH,14,cue_assumed,L2-L3,L5-L6,39.0,-161.0,38.0,-155.0,165.65627063289816,-1.0,6.0,-0.03662269513883827,0.002660155965308651,3.671918066885556,-3.661902242606241,0.15820937603363835,True,79.8963144,79.9961603
session-1-20261005-10000Hz-600mV,10000,SMILE_BOTH,15,cue_assumed,L2-L3,L6-L7,14.0,-44.0,12.0,-39.0,46.17358552246078,-2.0,5.0,-0.11632270168855535,-0.008442776735459663,11.66286903258776,-11.628237087290206,-0.5473952508777502,False,79.996375,80.0980616
session-1-20261005-10000Hz-600mV,10000,SMILE_BOTH,16,cue_assumed,L2-L3,L7-L8,1.0,-18.0,1.0,-18.0,18.027756377319946,0.0,0.0,-0.0,0.0,0.0,0.0,1.7615379774259476e-16,False,80.0983178,80.1980912
session-1-20261005-10000Hz-600mV,10000,SMILE_BOTH,17,cue_assumed,L2-L3,L8-R8,2.0,-15.0,3.0,-19.0,15.132745950421556,1.0,-4.0,0.27074235807860264,0.030567685589519653,27.246248890491703,27.110995748498002,1.3779832463049484,False,80.1983202,80.2942981
session-1-20261005-10000Hz-600mV,10000,SMILE_BOTH,18,cue_assumed,L2-L3,R8-R7,-1.0,-9.0,-1.0,-9.0,9.055385138137417,0.0,0.0,-0.0,-0.0,0.0,0.0,-3.4908526991672743e-16,False,80.2945214,80.39712
session-1-20261005-10000Hz-600mV,10000,SMILE_BOTH,19,cue_assumed,L2-L3,R7-R6,-6.0,-2.0,-6.0,-1.0,6.324555320336759,0.0,1.0,-0.049999999999999996,-0.15,15.811388300841896,-3.823079691643305,-8.972626614896392,False,80.3973263,80.4961282
session-1-20261005-10000Hz-600mV,10000,SMILE_BOTH,20,cue_assumed,L2-L3,R6-R5,2.0,-16.0,1.0,-16.0,16.1245154965971,-1.0,0.0,-0.007692307692307693,-0.06153846153846154,6.201736729460423,-0.5785969490704312,-3.5486819739044466,False,80.4964107,80.5940416
session-1-20261005-10000Hz-600mV,10000,SMILE_BOTH,21,cue_assumed,L2-L3,R5-R4,-7.0,4.0,-7.0,4.0,8.06225774829855,0.0,0.0,-0.0,-0.0,0.0,0.0,-1.370085093553515e-15,False,80.5942841,80.6942016
session-1-20261005-10000Hz-600mV,10000,SMILE_BOTH,22,cue_assumed,L2-L3,R4-R3,-9.0,-4.0,-9.0,-4.0,9.848857801796104,0.0,0.0,-0.0,-0.0,0.0,0.0,1.1804120467287277e-15,False,80.6944412,80.7950259
session-1-20261005-10000Hz-600mV,10000,SMILE_BOTH,23,cue_assumed,L2-L3,R3-R2,0.0,-8.0,1.0,-8.0,8.0,1.0,0.0,-0.0,0.125,12.5,0.7782218537318641,7.125016348901798,False,80.7953005,80.8951294
session-1-20261005-10000Hz-600mV,10000,SMILE_BOTH,24,cue_assumed,L2-L3,R2-R1,-20.0,45.0,-20.0,44.0,49.24428900898052,0.0,-1.0,-0.018556701030927835,0.008247422680412371,2.030692330267238,-1.8522048606202879,0.4814658058383537,False,80.8954096,80.9921227
session-1-20261005-10000Hz-600mV,10000,SMILE_BOTH,25,cue_assumed,L2-L3,R1-L1,7.0,-10.0,7.0,-7.0,12.206555615733702,0.0,3.0,-0.20134228187919462,0.1409395973154362,24.57695761557121,-18.90017750911108,10.00797980144134,False,80.9924,81.0900872
session-1-20261005-10000Hz-600mV,10000,SMILE_BOTH,26,cue_assumed,L3-L4,L1-L2,66.0,-283.0,70.0,-293.0,290.5942188000305,4.0,-10.0,0.036639232636627383,0.005589436911599265,3.7063124169309445,3.665430132057268,0.30892911571506365,True,81.0903656,81.1891311
session-1-20261005-10000Hz-600mV,10000,SMILE_BOTH,27,cue_assumed,L3-L4,L5-L6,-76.0,245.0,-75.0,241.0,256.51705596314645,1.0,-4.0,-0.016048388322365922,0.0008966429081624899,1.6073417068259286,-1.6047979781778965,0.052211754661431964,True,81.1898791,81.2879865
session-1-20261005-10000Hz-600mV,10000,SMILE_BOTH,28,cue_assumed,L3-L4,L6-L7,-2.0,20.0,-1.0,16.0,20.09975124224178,1.0,-4.0,-0.20297029702970296,-0.0297029702970297,20.513217183267983,-20.241701757034313,-2.1342587625022915,False,81.288239,81.3852573
session-1-20261005-10000Hz-600mV,10000,SMILE_BOTH,29,cue_assumed,L3-L4,L7-L8,-10.0,18.0,-12.0,24.0,20.591260281974,-2.0,6.0,0.3018867924528302,-0.05660377358490566,30.71475584169756,30.3116728289208,-2.489552921999157,False,81.3854934,81.4861285
session-1-20261005-10000Hz-600mV,10000,SMILE_BOTH,30,cue_assumed,L3-L4,L8-R8,-8.0,18.0,-8.0,21.0,19.697715603592208,0.0,3.0,0.13917525773195874,-0.06185567010309277,15.230192477004284,14.085336119616088,-3.1080309349998347,False,81.4863991,81.5831363
session-1-20261005-10000Hz-600mV,10000,SMILE_BOTH,31,cue_assumed,L3-L4,R8-R7,-6.0,6.0,-5.0,3.0,8.48528137423857,1.0,-3.0,-0.3333333333333333,0.16666666666666666,37.26779962499649,-31.281572906372336,14.036243467926479,False,81.5833791,81.6890572
session-1-20261005-10000Hz-600mV,10000,SMILE_BOTH,32,cue_assumed,L3-L4,R7-R6,-14.0,22.0,-14.0,21.0,26.076809620810597,0.0,-1.0,-0.032352941176470584,0.020588235294117643,3.8348249442368516,-3.2133942178798724,1.2188752351312981,False,81.6892962,81.7881408
session-1-20261005-10000Hz-600mV,10000,SMILE_BOTH,33,cue_assumed,L3-L4,R6-R5,0.0,-11.0,1.0,-14.0,11.0,1.0,-3.0,0.2727272727272727,0.09090909090909091,28.747978728803446,27.59698952380183,4.0856167799748775,False,81.7883753,81.8880029
session-1-20261005-10000Hz-600mV,10000,SMILE_BOTH,34,cue_assumed,L3-L4,R5-R4,-24.0,58.0,-23.0,56.0,62.76941930590086,1.0,-2.0,-0.03553299492385787,-0.002538071065989848,3.5623524993954825,-3.5529655362447454,-0.1507780190839637,True,81.8882458,81.9881564
session-1-20261005-10000Hz-600mV,10000,SMILE_BOTH,35,cue_assumed,L3-L4,R4-R3,3.0,-50.0,3.0,-47.0,50.08991914547278,0.0,3.0,-0.05978477481068155,0.0035870864886408927,5.989229072794672,-5.977793215258032,0.2185924178558136,True,81.9883823,82.0990425
session-1-20261005-10000Hz-600mV,10000,SMILE_BOTH,36,cue_assumed,L3-L4,R3-R2,4.0,-13.0,3.0,-12.0,13.601470508735444,-1.0,1.0,-0.0918918918918919,-0.04864864864864865,10.397504898200726,-9.058973668259773,-3.0664855011258942,False,82.0992942,82.1961513
session-1-20261005-10000Hz-600mV,10000,SMILE_BOTH,37,cue_assumed,L3-L4,R2-R1,-15.0,18.0,-16.0,16.0,23.430749027719962,-1.0,-2.0,-0.03825136612021857,0.08743169398907105,9.543305571897804,-3.4285375546468932,5.194428907734804,False,82.1963948,82.2970281
session-1-20261005-10000Hz-600mV,10000,SMILE_BOTH,38,cue_assumed,L3-L4,R1-L1,37.0,-111.0,38.0,-109.0,117.00427342623003,1.0,2.0,-0.013513513513513514,0.013513513513513513,1.9110994086122908,-1.3420959543568811,0.784824602991889,True,82.2972686,82.3944655
session-1-20261005-10000Hz-600mV,10000,SMILE_BOTH,39,cue_assumed,L4-L5,L1-L2,26.0,-82.0,27.0,-84.0,86.02325267042627,1.0,-2.0,0.025675675675675674,0.004054054054054053,2.5993762245501815,2.568368760891726,0.2264643523411841,True,82.3947381,82.4930541
session-1-20261005-10000Hz-600mV,10000,SMILE_BOTH,40,cue_assumed,L4-L5,L2-L3,-93.0,251.0,-90.0,241.0,267.67517628648346,3.0,-10.0,-0.03892533147243545,0.0024703419399860435,3.9003641106176588,-3.8922156599857427,0.14727248572474894,True,82.4932858,82.5921572
session-1-20261005-10000Hz-600mV,10000,SMILE_BOTH,41,cue_assumed,L4-L5,L6-L7,75.0,-191.0,68.0,-175.0,205.19746587129188,-7.0,16.0,-0.0850472616729207,-0.0032536930603714416,8.510947794807201,-8.504147640958504,-0.20375051797507346,True,82.5923884,82.692016
session-1-20261005-10000Hz-600mV,10000,SMILE_BOTH,42,cue_assumed,L4-L5,L7-L8,21.0,-66.0,25.0,-76.0,69.26037828369117,4.0,-10.0,0.15509693558474044,0.01125703564727955,15.550492043450346,15.515178719024746,0.5583602506507042,True,82.6922295,82.792119
session-1-20261005-10000Hz-600mV,10000,SMILE_BOTH,43,cue_assumed,L4-L5,L8-R8,16.0,-47.0,19.0,-58.0,49.64876634922564,3.0,-11.0,0.22920892494929004,-0.014198782961460443,22.964828915974085,22.929092838618793,-0.6618030030553392,False,82.7923518,82.897138
session-1-20261005-10000Hz-600mV,10000,SMILE_BOTH,44,cue_assumed,L4-L5,R8-R7,4.0,-19.0,4.0,-18.0,19.4164878389476,0.0,1.0,-0.050397877984084884,0.010610079575596816,5.150262026246048,-5.033860564634418,0.6401496695235364,False,82.8973566,83.0003192
session-1-20261005-10000Hz-600mV,10000,SMILE_BOTH,45,cue_assumed,L4-L5,R7-R6,4.0,-20.0,3.0,-17.0,20.396078054371138,-1.0,3.0,-0.15384615384615385,-0.01923076923076923,15.504341823651057,-15.362765058979289,-1.3019526725788757,False,83.0005715,83.1031243
session-1-20261005-10000Hz-600mV,10000,SMILE_BOTH,46,cue_assumed,L4-L5,R6-R5,0.0,-6.0,-1.0,-4.0,6.0,-1.0,2.0,-0.3333333333333333,-0.16666666666666666,37.26779962499649,-31.281572906372325,-14.036243467926479,False,83.1033947,83.2000307
session-1-20261005-10000Hz-600mV,10000,SMILE_BOTH,47,cue_assumed,L4-L5,R5-R4,13.0,-43.0,12.0,-40.0,44.9221548904324,-1.0,3.0,-0.07036669970267592,-0.0019821605550049567,7.039461192102979,-7.036458652751376,-0.12216565604720572,False,83.2002771,83.2970529
session-1-20261005-10000Hz-600mV,10000,SMILE_BOTH,48,cue_assumed,L4-L5,R4-R3,-15.0,30.0,-14.0,27.0,33.54101966249684,1.0,-3.0,-0.09333333333333334,0.013333333333333334,9.428090415820636,-9.32352994176373,0.8425242607404145,False,83.2973274,83.3961322
session-1-20261005-10000Hz-600mV,10000,SMILE_BOTH,49,cue_assumed,L4-L5,R3-R2,-9.0,12.0,-9.0,12.0,15.0,0.0,0.0,0.0,-0.0,0.0,0.0,0.0,False,83.3963815,83.4989964
session-1-20261005-10000Hz-600mV,10000,SMILE_BOTH,50,cue_assumed,L4-L5,R2-R1,-35.0,95.0,-35.0,94.0,101.24228365658294,0.0,-1.0,-0.009268292682926829,0.003414634146341463,0.9877295966495895,-0.9262408298869595,0.19747359355535354,True,83.4992515,83.6000278
session-1-20261005-10000Hz-600mV,10000,SMILE_BOTH,51,cue_assumed,L4-L5,R1-L1,-3.0,10.0,-4.0,14.0,10.44030650891055,-1.0,4.0,0.39449541284403666,-0.018348623853211003,39.492189449597944,39.461612225026535,-0.7538483330707665,False,83.6003499,83.7051357
session-1-20261005-10000Hz-600mV,10000,SMILE_BOTH,52,cue_assumed,L5-L6,L1-L2,33.0,-94.0,34.0,-97.0,99.62429422585637,1.0,-3.0,0.03173803526448363,-0.0005037783375314863,3.1742033253447586,3.173815825723425,-0.027976452617004037,True,83.7053765,83.8021937
session-1-20261005-10000Hz-600mV,10000,SMILE_BOTH,53,cue_assumed,L5-L6,L2-L3,77.0,-195.0,74.0,-187.0,209.65209276322523,-3.0,8.0,-0.04074714474223051,0.0007052827956499973,4.0753248072590775,-4.074688546556948,0.04212624445251871,True,83.8024228,83.914226
session-1-20261005-10000Hz-600mV,10000,SMILE_BOTH,54,cue_assumed,L5-L6,L3-L4,-126.0,302.0,-126.0,299.0,327.2308053958246,0.0,-3.0,-0.00846096376540904,0.0035300709749719835,0.9167841017813538,-0.8454679917196173,0.20398320824843535,True,83.9144871,84.0122765
session-1-20261005-10000Hz-600mV,10000,SMILE_BOTH,55,cue_assumed,L5-L6,L7-L8,83.0,-201.0,89.0,-212.0,217.46264046957583,6.0,-11.0,0.057284838232184394,0.006195813068301966,5.761892736649023,5.730299217170209,0.3357561397839403,True,84.0125046,84.1141295
session-1-20261005-10000Hz-600mV,10000,SMILE_BOTH,56,cue_assumed,L5-L6,L8-R8,24.0,-60.0,28.0,-70.0,64.62197768561404,4.0,-10.0,0.16666666666666669,-3.1902960477734387e-18,16.666666666666668,16.666666666666675,-1.0967429936081094e-15,True,84.1143858,84.2123006
session-1-20261005-10000Hz-600mV,10000,SMILE_BOTH,57,cue_assumed,L5-L6,R8-R7,6.0,-19.0,8.0,-24.0,19.924858845171276,2.0,-5.0,0.2695214105793451,0.02015113350125945,27.027367415652137,26.96813301379035,0.9093804491991423,False,84.2125354,84.3109968
session-1-20261005-10000Hz-600mV,10000,SMILE_BOTH,58,cue_assumed,L5-L6,R7-R6,-4.0,-3.0,-4.0,-2.0,5.0,0.0,1.0,-0.12,-0.16,20.0,-10.557280900008404,-10.304846468766033,False,84.3112517,84.4080286
session-1-20261005-10000Hz-600mV,10000,SMILE_BOTH,59,cue_assumed,L5-L6,R6-R5,8.0,-33.0,9.0,-34.0,33.95585369269929,1.0,-1.0,0.03555941023417173,0.02168256721595837,4.164859394117249,3.5786380411337415,1.1994851104641262,False,84.4082914,84.5071519
session-1-20261005-10000Hz-600mV,10000,SMILE_BOTH,60,cue_assumed,L5-L6,R5-R4,-6.0,1.0,-7.0,3.0,6.082762530298219,-1.0,2.0,0.21621621621621617,-0.29729729729729726,36.76073110469038,25.202538615140234,-13.736268305622573,False,84.5074034,84.6090138
session-1-20261005-10000Hz-600mV,10000,SMILE_BOTH,61,cue_assumed,L5-L6,R4-R3,-4.0,-6.0,-4.0,-7.0,7.211102550927978,0.0,-1.0,0.11538461538461539,0.07692307692307693,13.867504905630728,11.803398874989469,3.945186229037562,False,84.609346,84.7090669
session-1-20261005-10000Hz-600mV,10000,SMILE_BOTH,62,cue_assumed,L5-L6,R3-R2,-1.0,-4.0,-1.0,-3.0,4.123105625617661,0.0,1.0,-0.23529411764705882,-0.058823529411764705,24.253562503633297,-23.303501115262947,-4.398705354995532,False,84.7093024,84.8151598
session-1-20261005-10000Hz-600mV,10000,SMILE_BOTH,63,cue_assumed,L5-L6,R2-R1,-18.0,25.0,-18.0,23.0,30.805843601498726,0.0,-2.0,-0.05268703898840885,0.037934668071654375,6.492274731611955,-5.192780594394863,2.2931552773893364,False,84.8154112,84.9200689
session-1-20261005-10000Hz-600mV,10000,SMILE_BOTH,64,cue_assumed,L5-L6,R1-L1,32.0,-65.0,33.0,-63.0,72.44998274671983,1.0,2.0,-0.018670222899599923,0.024576109735187656,3.086360952378595,-1.8362533012499127,1.4345973459071486,True,84.9203148,85.0171242
session-1-20261005-10000Hz-600mV,10000,SMILE_BOTH,65,cue_assumed,L6-L7,L1-L2,27.0,-55.0,26.0,-51.0,61.26989472816156,-1.0,4.0,-0.06579648375066596,0.014118273841236016,6.729415227349089,-6.56898077036322,0.86582411235765,False,85.0173661,85.1151395
session-1-20261005-10000Hz-600mV,10000,SMILE_BOTH,66,cue_assumed,L6-L7,L2-L3,23.0,-52.0,20.0,-46.0,56.859475903318,-3.0,6.0,-0.11784720074234457,-0.005567584287039903,11.797864517614936,-11.782963140167158,-0.3616095153902425,False,85.1153822,85.2152264
session-1-20261005-10000Hz-600mV,10000,SMILE_BOTH,67,cue_assumed,L6-L7,L3-L4,-11.0,36.0,-9.0,31.0,37.64306044943742,2.0,-5.0,-0.1425546930134086,-0.01199717713479181,14.305863399092953,-14.247076625194078,-0.8016170349592271,False,85.2154589,85.3129901
session-1-20261005-10000Hz-600mV,10000,SMILE_BOTH,68,cue_assumed,L6-L7,L4-L5,116.0,-240.0,106.0,-220.0,266.5633133047382,-10.0,20.0,-0.08387750506642648,-0.001125872551227201,8.388506091772244,-8.38768132438098,-0.07041385113427838,True,85.3132587,85.4162251
session-1-20261005-10000Hz-600mV,10000,SMILE_BOTH,69,cue_assumed,L6-L7,L8-R8,151.0,-321.0,156.0,-328.0,354.7421598851763,5.0,-7.0,0.0238553106276124,0.004354666963334975,2.4249514830227805,2.3864571232312004,0.24368925093374852,True,85.4164354,85.5130416
session-1-20261005-10000Hz-600mV,10000,SMILE_BOTH,70,cue_assumed,L6-L7,R8-R7,31.0,-58.0,33.0,-63.0,65.76473218982953,2.0,-5.0,0.08138728323699422,-0.009017341040462425,8.188529973162904,8.142487893802762,-0.4777600195501325,True,85.5132855,85.6161221
session-1-20261005-10000Hz-600mV,10000,SMILE_BOTH,71,cue_assumed,L6-L7,R7-R6,22.0,-45.0,17.0,-38.0,50.08991914547278,-5.0,7.0,-0.16939019529693106,-0.0282981267437226,17.1737655276693,-16.890828926882318,-1.9512608093298054,False,85.6163828,85.7212966
session-1-20261005-10000Hz-600mV,10000,SMILE_BOTH,72,cue_assumed,L6-L7,R6-R5,8.0,-22.0,7.0,-19.0,23.40939982143925,-1.0,3.0,-0.13503649635036497,0.0036496350364963515,13.508580673957479,-13.5028796732659,0.24175290926810106,False,85.7215831,85.8211346
session-1-20261005-10000Hz-600mV,10000,SMILE_BOTH,73,cue_assumed,L6-L7,R5-R4,7.0,-17.0,5.0,-11.0,18.384776310850235,-2.0,6.0,-0.3431952662721893,0.02366863905325443,34.401045807689066,-34.27689426678824,2.063819728456963,False,85.8214126,85.9171571
session-1-20261005-10000Hz-600mV,10000,SMILE_BOTH,74,cue_assumed,L6-L7,R4-R3,-11.0,9.0,-9.0,5.0,14.212670403551895,2.0,-4.0,-0.28712871287128716,0.1287128712871287,31.46583877637763,-27.560199113503568,10.234802763423213,False,85.9173963,86.0150509
session-1-20261005-10000Hz-600mV,10000,SMILE_BOTH,75,cue_assumed,L6-L7,R3-R2,1.0,-4.0,1.0,-2.0,4.123105625617661,0.0,2.0,-0.47058823529411764,0.11764705882352941,48.507125007266595,-45.76738554533596,12.528807709151511,False,86.015315,86.1153495
session-1-20261005-10000Hz-600mV,10000,SMILE_BOTH,76,cue_assumed,L6-L7,R2-R1,-18.0,43.0,-17.0,40.0,46.61544808322666,1.0,-3.0,-0.06764841233317993,0.005062126092959044,6.783754721229938,-6.763467023627445,0.31107965536079935,False,86.1155961,86.2142013
session-1-20261005-10000Hz-600mV,10000,SMILE_BOTH,77,cue_assumed,L6-L7,R1-L1,16.0,-47.0,15.0,-43.0,49.64876634922564,-1.0,4.0,-0.08275862068965516,0.00689655172413793,8.304547985373995,-8.27326941698906,0.43078721700862893,False,86.2144634,86.3140198
session-1-20261005-10000Hz-600mV,10000,SMILE_BOTH,78,cue_assumed,L7-L8,L1-L2,5.0,-18.0,1.0,-9.0,18.681541692269406,-4.0,9.0,-0.5214899713467048,-0.07736389684813753,52.71972711905063,-51.527634671154466,-9.183919250844347,False,86.3142767,86.4142114
session-1-20261005-10000Hz-600mV,10000,SMILE_BOTH,79,cue_assumed,L7-L8,L2-L3,11.0,-27.0,12.0,-28.0,29.154759474226502,1.0,-1.0,0.044705882352941186,0.018823529411764708,4.85071250072666,4.487544993762449,1.0322446915657322,False,86.4144598,86.5121376
session-1-20261005-10000Hz-600mV,10000,SMILE_BOTH,80,cue_assumed,L7-L8,L3-L4,-14.0,27.0,-18.0,35.0,30.4138126514911,-4.0,8.0,0.29405405405405405,-0.0043243243243243175,29.408584883752308,29.406127930426674,-0.19146388051092714,False,86.5123721,86.6110899
session-1-20261005-10000Hz-600mV,10000,SMILE_BOTH,81,cue_assumed,L7-L8,L4-L5,48.0,-94.0,55.0,-107.0,105.54619841567009,7.0,-13.0,0.13985637342908439,0.0030520646319569167,13.988967183910736,13.986045950608439,0.15341406898350096,True,86.6113712,86.7072096
session-1-20261005-10000Hz-600mV,10000,SMILE_BOTH,82,cue_assumed,L7-L8,L5-L6,112.0,-216.0,119.0,-226.0,243.3105012119288,7.0,-10.0,0.04972972972972973,0.0066216216216216225,5.016863454282857,4.975061388472235,0.36141297120625243,True,86.7074447,86.8051898
session-1-20261005-10000Hz-600mV,10000,SMILE_BOTH,83,cue_assumed,L7-L8,R8-R7,82.0,-143.0,96.0,-176.0,164.84234892769516,14.0,-33.0,0.21591285467191698,-0.025908070511169178,21.74616953171019,21.618884153490825,-1.2206454628214347,True,86.8054273,86.904133
session-1-20261005-10000Hz-600mV,10000,SMILE_BOTH,84,cue_assumed,L7-L8,R7-R6,40.0,-73.0,40.0,-75.0,83.24061508662703,0.0,-2.0,0.021070861596189927,-0.011545677586953384,2.402673259824709,2.11361354255013,-0.6478398620165247,True,86.9043664,87.004214
session-1-20261005-10000Hz-600mV,10000,SMILE_BOTH,85,cue_assumed,L7-L8,R6-R5,16.0,-27.0,19.0,-33.0,31.38470965295043,3.0,-6.0,0.2131979695431472,-0.015228426395939082,21.374114996372892,21.329354167658533,-0.719156116545074,False,87.0044816,87.112022
session-1-20261005-10000Hz-600mV,10000,SMILE_BOTH,86,cue_assumed,L7-L8,R5-R4,7.0,-19.0,5.0,-14.0,20.248456731316587,-2.0,5.0,-0.2658536585365853,-0.007317073170731712,26.59543331421264,-26.58171956223011,-0.5710353731147706,False,87.1122889,87.210063
session-1-20261005-10000Hz-600mV,10000,SMILE_BOTH,87,cue_assumed,L7-L8,R4-R3,-11.0,9.0,-9.0,3.0,14.212670403551895,2.0,-6.0,-0.37623762376237624,0.2376237623762376,44.499415948998475,-33.25087607650228,20.85445803957835,False,87.2103307,87.3150385
session-1-20261005-10000Hz-600mV,10000,SMILE_BOTH,88,cue_assumed,L7-L8,R3-R2,0.0,-3.0,1.0,-4.0,3.0,1.0,-1.0,0.3333333333333333,0.3333333333333333,47.14045207910317,37.43685418725535,14.036243467926479,False,87.3152958,87.4142
session-1-20261005-10000Hz-600mV,10000,SMILE_BOTH,89,cue_assumed,L7-L8,R2-R1,-21.0,38.0,-17.0,28.0,43.41658669218482,4.0,-10.0,-0.24615384615384614,0.030769230769230774,24.80694691784169,-24.55261639852784,2.3373058591238176,False,87.414437,87.5120316
session-1-20261005-10000Hz-600mV,10000,SMILE_BOTH,90,cue_assumed,L7-L8,R1-L1,30.0,-55.0,32.0,-57.0,62.64982043070834,2.0,-2.0,0.04331210191082802,0.012738853503184714,4.514661183864802,4.338986979084947,0.6995474049509107,True,87.5122796,87.6268137
session-1-20261005-10000Hz-600mV,10000,SMILE_BOTH,91,cue_assumed,L8-R8,L1-L2,-1.0,-2.0,-1.0,-3.0,2.23606797749979,0.0,-1.0,0.4,0.2,44.721359549995796,41.42135623730952,8.130102354155978,False,87.6270952,87.727035
session-1-20261005-10000Hz-600mV,10000,SMILE_BOTH,92,cue_assumed,L8-R8,L2-L3,9.0,-24.0,11.0,-27.0,25.632011235952593,2.0,-3.0,0.136986301369863,0.0319634703196347,14.0665952518259,13.743549836357548,1.6103006024989932,False,87.7274048,87.825067
session-1-20261005-10000Hz-600mV,10000,SMILE_BOTH,93,cue_assumed,L8-R8,L3-L4,-14.0,28.0,-16.0,33.0,31.304951684997057,-2.0,5.0,0.17142857142857143,-0.014285714285714285,17.20227796970328,17.151567620405174,-0.6986943829834712,False,87.8253118,87.9230706
session-1-20261005-10000Hz-600mV,10000,SMILE_BOTH,94,cue_assumed,L8-R8,L4-L5,33.0,-70.0,39.0,-83.0,77.38862965578342,6.0,-13.0,0.1850058440474203,-0.0015027550509266975,18.50119471938001,18.500679690003572,-0.07265911500517769,True,87.9233301,88.0200498
session-1-20261005-10000Hz-600mV,10000,SMILE_BOTH,95,cue_assumed,L8-R8,L5-L6,29.0,-62.0,34.0,-73.0,68.4470598345904,5.0,-11.0,0.17652081109925294,-0.001921024546424756,17.6531263764938,17.652237942376246,-0.09355253217707007,True,88.0203012,88.1161418
session-1-20261005-10000Hz-600mV,10000,SMILE_BOTH,96,cue_assumed,L8-R8,L6-L7,167.0,-329.0,172.0,-336.0,368.95799218881274,5.0,-7.0,0.023051494894586057,0.0034966576066994787,2.3315188853912727,2.3057470438716754,0.19582879663802275,True,88.1164063,88.2151968
session-1-20261005-10000Hz-600mV,10000,SMILE_BOTH,97,cue_assumed,L8-R8,R7-R6,183.0,-361.0,192.0,-373.0,404.7344808636892,9.0,-12.0,0.03649960319882792,0.006428178987851778,3.70613345519525,3.651953619622028,0.35533328032163153,True,88.2154592,88.3130889
session-1-20261005-10000Hz-600mV,10000,SMILE_BOTH,98,cue_assumed,L8-R8,R6-R5,47.0,-88.0,53.0,-98.0,99.76472322419383,6.0,-10.0,0.11674871897920226,0.005827388727016982,11.689406247821362,11.676392303882421,0.2989766126688984,True,88.3133171,88.4131378
session-1-20261005-10000Hz-600mV,10000,SMILE_BOTH,99,cue_assumed,L8-R8,R5-R4,23.0,-47.0,27.0,-53.0,52.32590180780452,4.0,-6.0,0.13659605551497445,0.018261504747991236,13.781133820521042,13.674274836827527,0.9204828101378533,False,88.4134258,88.5111279
session-1-20261005-10000Hz-600mV,10000,SMILE_BOTH,100,cue_assumed,L8-R8,R4-R3,-17.0,19.0,-18.0,20.0,25.495097567963924,-1.0,1.0,0.055384615384615386,0.003076923076923077,5.547001962252292,5.538910068569214,0.16704261568089426,False,88.5113595,88.6080072
session-1-20261005-10000Hz-600mV,10000,SMILE_BOTH,101,cue_assumed,L8-R8,R3-R2,5.0,-10.0,6.0,-12.0,11.180339887498949,1.0,-2.0,0.2,-0.0,20.0,19.999999999999996,-0.0,False,88.6082793,88.705126
session-1-20261005-10000Hz-600mV,10000,SMILE_BOTH,102,cue_assumed,L8-R8,R2-R1,-12.0,28.0,-11.0,22.0,30.463092423455635,1.0,-6.0,-0.1939655172413793,0.047413793103448267,19.96764624465598,-19.257219816728266,3.3664606634298027,False,88.7053792,88.8021295
session-1-20261005-10000Hz-600mV,10000,SMILE_BOTH,103,cue_assumed,L8-R8,R1-L1,34.0,-71.0,37.0,-75.0,78.7210264160726,3.0,-4.0,0.06228820396966273,0.012425367113119251,6.351543199618573,6.236086996885737,0.6701464134908555,True,88.8023743,88.9001323
session-1-20261005-10000Hz-600mV,10000,SMILE_BOTH,104,cue_assumed,R8-R7,L1-L2,-4.0,5.0,0.0,-3.0,6.4031242374328485,4.0,-8.0,-1.3658536585365855,0.2926829268292684,139.68605915391566,-53.14787143341818,141.34019174590992,False,88.9003768,88.9989949
session-1-20261005-10000Hz-600mV,10000,SMILE_BOTH,105,cue_assumed,R8-R7,L2-L3,4.0,-13.0,5.0,-13.0,13.601470508735444,1.0,0.0,0.021621621621621623,0.07027027027027027,7.352146220938077,2.4035472358574284,3.9347820563694444,False,88.9992567,89.0980672
session-1-20261005-10000Hz-600mV,10000,SMILE_BOTH,106,cue_assumed,R8-R7,L3-L4,-7.0,15.0,-5.0,11.0,16.55294535724685,2.0,-4.0,-0.27007299270072993,-0.0072992700729927,27.017161347914957,-27.003649726272815,-0.5729386976834863,False,89.0983043,89.1951393
session-1-20261005-10000Hz-600mV,10000,SMILE_BOTH,107,cue_assumed,R8-R7,L4-L5,14.0,-34.0,14.0,-32.0,36.76955262170047,0.0,2.0,-0.05029585798816568,0.02071005917159763,5.439282932204212,-5.007007421319498,1.2492426786972437,False,89.1954019,89.2930862
session-1-20261005-10000Hz-600mV,10000,SMILE_BOTH,108,cue_assumed,R8-R7,L5-L6,7.0,-19.0,10.0,-24.0,20.248456731316587,3.0,-5.0,0.2829268292682927,0.05365853658536585,28.797018815893548,28.404847564446655,2.3950055168723474,False,89.293484,89.3900144
session-1-20261005-10000Hz-600mV,10000,SMILE_BOTH,109,cue_assumed,R8-R7,L6-L7,38.0,-62.0,40.0,-67.0,72.71863585079137,2.0,-5.0,0.07299546142208774,-0.012481089258698938,7.405481062906791,7.306804901715469,-0.6664347745169443,True,89.3903007,89.4871344
session-1-20261005-10000Hz-600mV,10000,SMILE_BOTH,110,cue_assumed,R8-R7,L7-L8,79.0,-143.0,93.0,-177.0,163.37074401495514,14.0,-34.0,0.22360434619707756,-0.02562757587111277,22.50681591946141,22.387269300258804,-1.199846415002935,True,89.487395,89.5851258
session-1-20261005-10000Hz-600mV,10000,SMILE_BOTH,111,cue_assumed,R8-R7,R6-R5,115.0,-207.0,112.0,-200.0,236.799493242701,-3.0,7.0,-0.03199343724364233,0.0032813781788351114,3.2161272820201243,-3.1987875601689253,0.1942222374698276,True,89.585358,89.6832051
session-1-20261005-10000Hz-600mV,10000,SMILE_BOTH,112,cue_assumed,R8-R7,R5-R4,30.0,-59.0,34.0,-66.0,66.18912297349165,4.0,-7.0,0.12166172106824924,0.00593471810089021,12.180638428352397,12.167742127080539,0.3031494437141283,False,89.6834563,89.7913324
session-1-20261005-10000Hz-600mV,10000,SMILE_BOTH,113,cue_assumed,R8-R7,R4-R3,-18.0,20.0,-20.0,24.0,26.90724809414742,-2.0,4.0,0.1602209944751381,-0.04419889502762431,16.620562382863337,16.106257296604866,-2.181641403551467,False,89.7915835,89.8912139
session-1-20261005-10000Hz-600mV,10000,SMILE_BOTH,114,cue_assumed,R8-R7,R3-R2,5.0,-12.0,6.0,-12.0,13.0,1.0,0.0,0.02958579881656805,0.07100591715976332,7.6923076923076925,3.203137423067215,3.945186229037563,False,89.8914519,89.9892949
session-1-20261005-10000Hz-600mV,10000,SMILE_BOTH,115,cue_assumed,R8-R7,R2-R1,-10.0,15.0,-13.0,21.0,18.027756377319946,-3.0,6.0,0.3692307692307692,-0.04615384615384614,37.210420376762535,37.00084222088116,-1.93058744116699,False,89.9895251,90.087127
session-1-20261005-10000Hz-600mV,10000,SMILE_BOTH,116,cue_assumed,R8-R7,R1-L1,28.0,-55.0,30.0,-56.0,61.71709649683789,2.0,-1.0,0.029141506957206617,0.021527960094512997,3.6230932827735276,2.9366647219532194,1.1983593917363202,True,90.0873773,90.1851257
session-1-20261005-10000Hz-600mV,10000,SMILE_BOTH,117,cue_assumed,R7-R6,L1-L2,-15.0,22.0,-14.0,20.0,26.627053911388696,1.0,-2.0,-0.08321579689703808,0.011283497884344143,8.397729560848628,-8.31463626163449,0.7051432213497001,False,90.1853826,90.2841989
session-1-20261005-10000Hz-600mV,10000,SMILE_BOTH,118,cue_assumed,R7-R6,L2-L3,3.0,-16.0,2.0,-15.0,16.278820596099706,-1.0,1.0,-0.07169811320754717,-0.04905660377358491,8.687444855261388,-7.040280583672898,-3.02501190756369,False,90.2844454,90.3841404
session-1-20261005-10000Hz-600mV,10000,SMILE_BOTH,119,cue_assumed,R7-R6,L3-L4,-13.0,25.0,-12.0,23.0,28.178005607210743,1.0,-2.0,-0.07934508816120907,0.0012594458438287164,7.935508313361897,-7.934422670754648,0.07837995044066771,False,90.3843918,90.4840289
session-1-20261005-10000Hz-600mV,10000,SMILE_BOTH,120,cue_assumed,R7-R6,L4-L5,17.0,-43.0,16.0,-40.0,46.238512086787566,-1.0,3.0,-0.06828811973807296,0.0037418147801683804,6.839055837767723,-6.828060608407183,0.2301022950972148,False,90.4843517,90.5842296
session-1-20261005-10000Hz-600mV,10000,SMILE_BOTH,121,cue_assumed,R7-R6,L5-L6,-2.0,-9.0,-3.0,-8.0,9.219544457292887,-1.0,1.0,-0.08235294117647059,-0.12941176470588237,15.33929977694741,-7.327267796197767,-8.027237510431954,False,90.584475,90.6820298
session-1-20261005-10000Hz-600mV,10000,SMILE_BOTH,122,cue_assumed,R7-R6,L6-L7,26.0,-55.0,22.0,-47.0,60.83584469702052,-4.0,8.0,-0.14698730072953253,-0.0032423669278573365,14.702305778023018,-14.69811385086588,-0.21778461922880596,False,90.6822914,90.7780114
session-1-20261005-10000Hz-600mV,10000,SMILE_BOTH,123,cue_assumed,R7-R6,L7-L8,31.0,-76.0,31.0,-78.0,82.0792300158816,0.0,-2.0,0.02256197120379991,-0.009202909306813122,2.4366700316426186,2.26033827891976,-0.5156397770984035,True,90.7782652,90.8790207
session-1-20261005-10000Hz-600mV,10000,SMILE_BOTH,124,cue_assumed,R7-R6,L8-R8,150.0,-363.0,156.0,-376.0,392.77092560422545,6.0,-13.0,0.03642339031172821,0.0014779378877156134,3.6453362838021435,3.642444407957557,0.0817036230003929,True,90.8792523,90.9760241
session-1-20261005-10000Hz-600mV,10000,SMILE_BOTH,125,cue_assumed,R7-R6,R5-R4,41.0,-100.0,33.0,-79.0,108.07867504739313,-8.0,21.0,-0.20785891618868246,0.00522215563735981,20.792450540673297,-20.78417029587647,0.3777144622867729,True,90.9762654,91.0749958
session-1-20261005-10000Hz-600mV,10000,SMILE_BOTH,126,cue_assumed,R7-R6,R4-R3,-8.0,7.0,-5.0,-1.0,10.63014581273465,3.0,-8.0,-0.7079646017699115,0.3805309734513274,80.37522622767816,-52.032459352680874,52.495857639729856,False,91.07525,91.173098
session-1-20261005-10000Hz-600mV,10000,SMILE_BOTH,127,cue_assumed,R7-R6,R3-R2,8.0,-22.0,6.0,-18.0,23.40939982143925,-2.0,4.0,-0.18978102189781024,-0.0218978102189781,19.104017997521755,-18.94851595625513,-1.5481576989779684,False,91.1733597,91.2750241
session-1-20261005-10000Hz-600mV,10000,SMILE_BOTH,128,cue_assumed,R7-R6,R2-R1,-3.0,-11.0,-5.0,-9.0,11.40175425099138,-2.0,2.0,-0.12307692307692308,-0.2153846153846154,24.806946917841692,-9.701350210281912,-13.799485396019373,False,91.2752724,91.370338
session-1-20261005-10000Hz-600mV,10000,SMILE_BOTH,129,cue_assumed,R7-R6,R1-L1,34.0,-63.0,32.0,-56.0,71.58910531638176,-2.0,7.0,-0.0993170731707317,0.02185365853658536,10.169298606410447,-9.905198980564322,1.3899195116181666,True,91.3706343,91.4669906
session-1-20261005-10000Hz-600mV,10000,SMILE_BOTH,130,cue_assumed,R6-R5,L1-L2,-3.0,-2.0,-2.0,-3.0,3.605551275463989,1.0,-1.0,-0.07692307692307694,0.3846153846153846,39.2232270276368,0.0,22.619864948040426,False,91.4672663,91.5662291
session-1-20261005-10000Hz-600mV,10000,SMILE_BOTH,131,cue_assumed,R6-R5,L2-L3,5.0,-21.0,4.0,-20.0,21.587033144922902,-1.0,1.0,-0.055793991416309016,-0.034334763948497854,6.551217820804184,-5.516992921428221,-2.0825652797308836,False,91.5664806,91.6631116
session-1-20261005-10000Hz-600mV,10000,SMILE_BOTH,132,cue_assumed,R6-R5,L3-L4,1.0,-4.0,2.0,-6.0,4.123105625617661,1.0,-2.0,0.5294117647058824,0.11764705882352941,54.23261445466404,53.39299776947411,4.398705354995532,False,91.6634638,91.7591216
session-1-20261005-10000Hz-600mV,10000,SMILE_BOTH,133,cue_assumed,R6-R5,L4-L5,4.0,-18.0,3.0,-15.0,18.439088914585774,-1.0,3.0,-0.17058823529411765,-0.017647058823529415,17.149858514250884,-17.040052186754185,-1.218875235131297,False,91.7593644,91.8680611
session-1-20261005-10000Hz-600mV,10000,SMILE_BOTH,134,cue_assumed,R6-R5,L5-L6,3.0,-30.0,4.0,-31.0,30.14962686336267,1.0,-1.0,0.036303630363036306,0.0297029702970297,4.690650298201946,3.672922248197219,1.6417862223927169,False,91.8682868,91.9700648
session-1-20261005-10000Hz-600mV,10000,SMILE_BOTH,135,cue_assumed,R6-R5,L6-L7,8.0,-23.0,7.0,-21.0,24.351591323771842,-1.0,2.0,-0.09106239460370993,-0.011804384485666106,9.182430617242481,-9.098574598820097,-0.744059202888709,False,91.9703082,92.0679907
session-1-20261005-10000Hz-600mV,10000,SMILE_BOTH,136,cue_assumed,R6-R5,L7-L8,7.0,-24.0,9.0,-29.0,25.0,2.0,-5.0,0.21439999999999998,0.020799999999999992,21.540659228538015,21.45781160551181,0.9812546906280172,False,92.0682169,92.1661357
session-1-20261005-10000Hz-600mV,10000,SMILE_BOTH,137,cue_assumed,R6-R5,L8-R8,29.0,-82.0,33.0,-92.0,86.97700845625813,4.0,-10.0,0.12372769332452083,0.005023132848645078,12.382961664731832,12.3738920126941,0.2561140007290233,True,92.1663898,92.2653198
session-1-20261005-10000Hz-600mV,10000,SMILE_BOTH,138,cue_assumed,R6-R5,R8-R7,70.0,-193.0,68.0,-186.0,205.30221625691235,-2.0,7.0,-0.03537450473320838,0.002467436949868325,3.546045445593383,-3.537134898251937,0.1465578256043444,True,92.2655641,92.3731284
session-1-20261005-10000Hz-600mV,10000,SMILE_BOTH,139,cue_assumed,R6-R5,R4-R3,-130.0,342.0,-132.0,345.0,365.8742953529258,-2.0,3.0,0.009606765075001494,0.0021962588896193153,0.9854617613915839,0.9609153899824419,0.12463879101528406,True,92.3733683,92.4711417
session-1-20261005-10000Hz-600mV,10000,SMILE_BOTH,140,cue_assumed,R6-R5,R3-R2,70.0,-191.0,70.0,-190.0,203.42320418280704,0.0,1.0,-0.004615644861168168,0.0016915975930982816,0.4915860036799667,-0.46142074765355146,0.09737073816010622,True,92.4713897,92.5690243
session-1-20261005-10000Hz-600mV,10000,SMILE_BOTH,141,cue_assumed,R6-R5,R2-R1,38.0,-130.0,38.0,-134.0,135.4400236266961,0.0,-4.0,0.028347143480157,-0.008286088094199739,2.953336755924468,2.838052624488352,-0.46166083617670756,True,92.5692928,92.6671426
session-1-20261005-10000Hz-600mV,10000,SMILE_BOTH,142,cue_assumed,R6-R5,R1-L1,37.0,-84.0,37.0,-82.0,91.7877987534291,0.0,2.0,-0.019940652818991097,0.008783382789317506,2.178938842811373,-1.9901294863578944,0.5134763442865807,True,92.6673939,92.7671329
session-1-20261005-10000Hz-600mV,10000,SMILE_BOTH,143,cue_assumed,R5-R4,L1-L2,-23.0,57.0,-23.0,58.0,61.465437442517235,0.0,1.0,0.01508734780307041,-0.006087877183695078,1.6269305834440775,1.510560333320754,-0.34362115495403917,True,92.767377,92.8702099
session-1-20261005-10000Hz-600mV,10000,SMILE_BOTH,144,cue_assumed,R5-R4,L2-L3,0.0,-11.0,0.0,-11.0,11.0,0.0,0.0,-0.0,0.0,0.0,0.0,-0.0,False,92.8704592,92.9671319
session-1-20261005-10000Hz-600mV,10000,SMILE_BOTH,145,cue_assumed,R5-R4,L3-L4,-21.0,58.0,-20.0,56.0,61.68468205316454,1.0,-2.0,-0.03600525624178713,-0.004204993429697767,3.6249971679720696,-3.5996085089273877,-0.249925479254527,True,92.9673745,93.0712123
session-1-20261005-10000Hz-600mV,10000,SMILE_BOTH,146,cue_assumed,R5-R4,L4-L5,20.0,-67.0,20.0,-66.0,69.92138442565336,0.0,1.0,-0.01370423399468194,0.0040908161178155045,1.430177631942184,-1.3695750380985583,0.23764185384622186,True,93.0714514,93.1690254
session-1-20261005-10000Hz-600mV,10000,SMILE_BOTH,147,cue_assumed,R5-R4,L5-L6,-6.0,-5.0,-6.0,-4.0,7.810249675906654,0.0,1.0,-0.0819672131147541,-0.09836065573770493,12.8036879932896,-7.6712928503034465,-6.115503566285409,False,93.1693162,93.2700129
session-1-20261005-10000Hz-600mV,10000,SMILE_BOTH,148,cue_assumed,R5-R4,L6-L7,8.0,-26.0,7.0,-21.0,27.202941017470888,-1.0,5.0,-0.1864864864864865,0.018918918918918923,18.74436852367535,-18.6266528793265,1.3322198538696377,False,93.2702619,93.3700278
session-1-20261005-10000Hz-600mV,10000,SMILE_BOTH,149,cue_assumed,R5-R4,L7-L8,0.0,-21.0,-1.0,-17.0,21.0,-1.0,4.0,-0.19047619047619047,-0.047619047619047616,19.633836312465046,-18.907683971779033,-3.366460663429801,False,93.3702612,93.4679981
session-1-20261005-10000Hz-600mV,10000,SMILE_BOTH,150,cue_assumed,R5-R4,L8-R8,11.0,-47.0,13.0,-52.0,48.27007354458868,2.0,-5.0,0.11030042918454937,0.016738197424892704,11.156321943781684,11.042658933422022,0.8636900445995869,False,93.4682378,93.5671447
session-1-20261005-10000Hz-600mV,10000,SMILE_BOTH,151,cue_assumed,R5-R4,R8-R7,13.0,-58.0,14.0,-63.0,59.43904440685432,1.0,-5.0,0.08576280781205774,-0.0019813189923577695,8.578569128215632,8.576461558335602,-0.10455422612349959,True,93.5673819,93.6661994
session-1-20261005-10000Hz-600mV,10000,SMILE_BOTH,152,cue_assumed,R5-R4,R7-R6,20.0,-90.0,15.0,-72.0,92.19544457292888,-5.0,18.0,-0.20235294117647057,-0.010588235294117648,20.262976960311573,-20.22826683740221,-0.7605187771308657,True,93.6664561,93.7680571
session-1-20261005-10000Hz-600mV,10000,SMILE_BOTH,153,cue_assumed,R5-R4,R3-R2,-83.0,254.0,-82.0,248.0,267.21714016881475,1.0,-6.0,-0.02250542679084098,0.003417127652125201,2.2763369619386795,-2.24994540079545,0.2002938945638479,True,93.7682829,93.8679924
session-1-20261005-10000Hz-600mV,10000,SMILE_BOTH,154,cue_assumed,R5-R4,R2-R1,-17.0,38.0,-14.0,25.0,41.6293165929973,3.0,-13.0,-0.31448355452971727,0.06174264281592613,32.048722285223896,-31.170867290651817,5.1465918353858315,False,93.8682224,93.9679865
session-1-20261005-10000Hz-600mV,10000,SMILE_BOTH,155,cue_assumed,R5-R4,R1-L1,16.0,-14.0,16.0,-11.0,21.2602916254693,0.0,3.0,-0.09292035398230089,0.10619469026548672,14.11081302575396,-8.672523495928298,6.677402178041246,False,93.9682434,94.0640018
session-1-20261005-10000Hz-600mV,10000,SMILE_BOTH,156,cue_assumed,R4-R3,L1-L2,1.0,-34.0,1.0,-32.0,34.0147027033899,0.0,2.0,-0.05877268798617113,0.0017286084701815037,5.879810320378547,-5.877110065190805,0.10522629034977798,False,94.0642292,94.1630224
session-1-20261005-10000Hz-600mV,10000,SMILE_BOTH,157,cue_assumed,R4-R3,L2-L3,-3.0,-5.0,-3.0,-6.0,5.830951894845301,0.0,-1.0,0.14705882352941177,0.08823529411764706,17.149858514250884,15.044748327105584,4.398705354995531,False,94.1632873,94.2610188
session-1-20261005-10000Hz-600mV,10000,SMILE_BOTH,158,cue_assumed,R4-R3,L3-L4,4.0,-39.0,3.0,-36.0,39.20459156782532,-1.0,3.0,-0.07872478854912167,-0.01756668835393624,8.066090051461265,-7.855732474907329,-1.0923718947027794,False,94.26129,94.361021
session-1-20261005-10000Hz-600mV,10000,SMILE_BOTH,159,cue_assumed,R4-R3,L4-L5,-1.0,18.0,-1.0,15.0,18.027756377319946,0.0,-3.0,-0.16615384615384615,0.00923076923076923,16.641005886756872,-16.6102754900452,0.63424471442612,False,94.3613487,94.4590204
session-1-20261005-10000Hz-600mV,10000,SMILE_BOTH,160,cue_assumed,R4-R3,L5-L6,-5.0,-2.0,-5.0,-3.0,5.385164807134504,0.0,-1.0,0.06896551724137932,0.1724137931034483,18.56953381770519,8.278058400741939,9.162347045721708,False,94.4592797,94.5590665
session-1-20261005-10000Hz-600mV,10000,SMILE_BOTH,161,cue_assumed,R4-R3,L6-L7,-1.0,6.0,0.0,3.0,6.082762530298219,1.0,-3.0,-0.5135135135135134,-0.08108108108108107,51.987524491003626,-50.6803038083928,-9.462322208025618,False,94.5593863,94.6561262
session-1-20261005-10000Hz-600mV,10000,SMILE_BOTH,162,cue_assumed,R4-R3,L7-L8,-7.0,10.0,-6.0,6.0,12.206555615733702,1.0,-4.0,-0.31543624161073824,0.12080536912751677,33.77779740177616,-30.485866436380917,10.00797980144134,False,94.6563745,94.7541337
session-1-20261005-10000Hz-600mV,10000,SMILE_BOTH,163,cue_assumed,R4-R3,L8-R8,-7.0,19.0,-6.0,19.0,20.248456731316587,1.0,0.0,-0.017073170731707315,-0.046341463414634146,4.9386479832479475,-1.5981360477948403,-2.6992910574452096,False,94.7543614,94.8531283
session-1-20261005-10000Hz-600mV,10000,SMILE_BOTH,164,cue_assumed,R4-R3,R8-R7,-8.0,17.0,-8.0,21.0,18.788294228055936,0.0,4.0,0.19263456090651557,-0.09065155807365438,21.289851816493975,19.607478898681705,-4.346665605896724,False,94.8533759,94.9531399
session-1-20261005-10000Hz-600mV,10000,SMILE_BOTH,165,cue_assumed,R4-R3,R7-R6,-9.0,14.0,-8.0,8.0,16.64331697709324,1.0,-6.0,-0.3357400722021661,0.14440433212996392,36.54777793795632,-32.02251381406601,12.2647737278924,False,94.9533708,95.0500314
session-1-20261005-10000Hz-600mV,10000,SMILE_BOTH,166,cue_assumed,R4-R3,R6-R5,-62.0,300.0,-63.0,303.0,306.33968074671617,-1.0,3.0,0.010251054942244577,0.0012147819786027876,1.0322781731900326,1.0251785302640926,0.06889559433395376,True,95.0502746,95.1532006
session-1-20261005-10000Hz-600mV,10000,SMILE_BOTH,167,cue_assumed,R4-R3,R2-R1,57.0,-442.0,55.0,-431.0,445.66018444550326,-2.0,11.0,-0.02505374774058093,-0.00129397370766264,2.5087141005000673,-2.505288904338898,-0.07604438557040104,True,95.153466,95.2490342
session-1-20261005-10000Hz-600mV,10000,SMILE_BOTH,168,cue_assumed,R4-R3,R1-L1,42.0,-103.0,42.0,-99.0,111.23398761170077,0.0,4.0,-0.03329831083811525,0.013577951992241169,3.5960231992790996,-3.320295997104694,0.8047034568106648,True,95.2492885,95.3459965
session-1-20261005-10000Hz-600mV,10000,SMILE_BOTH,169,cue_assumed,R3-R2,L1-L2,-13.0,27.0,-13.0,28.0,29.966648127543394,0.0,1.0,0.030066815144766147,-0.014476614699331848,3.337043221329999,3.016853768479777,-0.805184972716081,False,95.3462296,95.4451417
session-1-20261005-10000Hz-600mV,10000,SMILE_BOTH,170,cue_assumed,R3-R2,L2-L3,1.0,-18.0,2.0,-19.0,18.027756377319946,1.0,-1.0,0.05846153846153846,0.0523076923076923,7.84464540552736,5.975323687966294,2.829175837630291,False,95.4453868,95.5410307
session-1-20261005-10000Hz-600mV,10000,SMILE_BOTH,171,cue_assumed,R3-R2,L3-L4,1.0,-11.0,0.0,-9.0,11.045361017187261,-1.0,2.0,-0.18852459016393439,-0.07377049180327867,20.244408254472894,-18.517828561733328,-5.194428907734807,False,95.5412753,95.6389963
session-1-20261005-10000Hz-600mV,10000,SMILE_BOTH,172,cue_assumed,R3-R2,L4-L5,-2.0,-6.0,-2.0,-7.0,6.324555320336759,0.0,-1.0,0.15,0.049999999999999996,15.811388300841896,15.108644332213395,2.4895529219991555,False,95.6392694,95.7362269
session-1-20261005-10000Hz-600mV,10000,SMILE_BOTH,173,cue_assumed,R3-R2,L5-L6,-6.0,-5.0,-6.0,-5.0,7.810249675906654,0.0,0.0,-0.0,-0.0,0.0,0.0,-1.251365776313515e-15,False,95.7364608,95.8339884
session-1-20261005-10000Hz-600mV,10000,SMILE_BOTH,174,cue_assumed,R3-R2,L6-L7,2.0,-11.0,2.0,-9.0,11.180339887498949,0.0,2.0,-0.17600000000000002,0.032,17.888543819998322,-17.537887487646774,2.2239612403854787,False,95.8342168,95.933302
session-1-20261005-10000Hz-600mV,10000,SMILE_BOTH,175,cue_assumed,R3-R2,L7-L8,-5.0,-5.0,-6.0,-4.0,7.0710678118654755,-1.0,1.0,-0.0,-0.2,20.0,1.9803902718557032,-11.309932474020215,False,95.9335341,96.0320681
session-1-20261005-10000Hz-600mV,10000,SMILE_BOTH,176,cue_assumed,R3-R2,L8-R8,-1.0,-11.0,-1.0,-14.0,11.045361017187261,0.0,-3.0,0.2704918032786885,0.024590163934426226,27.160723812755556,27.072975032485004,1.1088121277599294,False,96.0322927,96.1312693
session-1-20261005-10000Hz-600mV,10000,SMILE_BOTH,177,cue_assumed,R3-R2,R8-R7,-3.0,-14.0,-3.0,-14.0,14.317821063276353,0.0,0.0,-0.0,-0.0,0.0,0.0,-6.516258371778913e-16,False,96.1315059,96.2322194
session-1-20261005-10000Hz-600mV,10000,SMILE_BOTH,178,cue_assumed,R3-R2,R7-R6,-7.0,-16.0,-8.0,-13.0,17.46424919657298,-1.0,3.0,-0.13442622950819672,-0.12131147540983607,18.107149208503706,-12.596657602268523,-7.978124515592087,False,96.232451,96.3312325
session-1-20261005-10000Hz-600mV,10000,SMILE_BOTH,179,cue_assumed,R3-R2,R6-R5,20.0,-186.0,21.0,-185.0,187.0721785835617,1.0,1.0,-0.004743399245628072,0.005886387015658932,0.7559721456610887,-0.4725992051814343,0.33886858908920503,True,96.3316182,96.4322051
session-1-20261005-10000Hz-600mV,10000,SMILE_BOTH,180,cue_assumed,R3-R2,R5-R4,-46.0,261.0,-46.0,256.0,265.02264054227516,0.0,-5.0,-0.0185799507382149,0.0032746273331719744,1.8866312665850988,-1.8574487657277317,0.19117362595713236,True,96.4325138,96.5310286
session-1-20261005-10000Hz-600mV,10000,SMILE_BOTH,181,cue_assumed,R3-R2,R1-L1,30.0,-58.0,30.0,-54.0,65.29931086925804,0.0,4.0,-0.05440900562851782,0.028142589118198873,6.125638918316888,-5.399030979660457,1.704728319007266,True,96.5312936,96.6289971
session-1-20261005-10000Hz-600mV,10000,SMILE_BOTH,182,cue_assumed,R2-R1,L1-L2,6.0,-255.0,5.0,-256.0,255.07057846799972,-1.0,-1.0,0.003827177571817217,-0.004011619864434914,0.5544400968810745,0.3835193408627813,-0.22897134963140975,True,96.6292722,96.7250234
session-1-20261005-10000Hz-600mV,10000,SMILE_BOTH,183,cue_assumed,R2-R1,L2-L3,-2.0,-9.0,-2.0,-9.0,9.219544457292887,0.0,0.0,-0.0,-0.0,0.0,0.0,-6.735292266628623e-16,False,96.7252853,96.8260758
session-1-20261005-10000Hz-600mV,10000,SMILE_BOTH,184,cue_assumed,R2-R1,L3-L4,-5.0,-10.0,-5.0,-10.0,11.180339887498949,0.0,0.0,-0.0,-0.0,0.0,0.0,-0.0,False,96.8263169,96.9220564
session-1-20261005-10000Hz-600mV,10000,SMILE_BOTH,185,cue_assumed,R2-R1,L4-L5,-1.0,12.0,-1.0,12.0,12.041594578792296,0.0,0.0,0.0,-0.0,0.0,0.0,2.632183184659462e-16,False,96.922338,97.0200104
session-1-20261005-10000Hz-600mV,10000,SMILE_BOTH,186,cue_assumed,R2-R1,L5-L6,-10.0,-6.0,-9.0,-6.0,11.661903789690601,1.0,0.0,-0.07352941176470588,0.04411764705882353,8.574929257125442,-7.247958639873642,2.7263109939062664,False,97.0202805,97.1171298
session-1-20261005-10000Hz-600mV,10000,SMILE_BOTH,187,cue_assumed,R2-R1,L6-L7,1.0,-3.0,1.0,-4.0,3.1622776601683795,0.0,-1.0,0.3,-0.09999999999999999,31.622776601683793,30.384048104052972,-4.398705354995531,False,97.1173883,97.2151391
session-1-20261005-10000Hz-600mV,10000,SMILE_BOTH,188,cue_assumed,R2-R1,L7-L8,-9.0,3.0,-9.0,-1.0,9.486832980505138,0.0,-4.0,-0.13333333333333333,0.4,42.1637021355784,-4.5478595781576425,24.77514056883192,False,97.2154063,97.3140354
session-1-20261005-10000Hz-600mV,10000,SMILE_BOTH,189,cue_assumed,R2-R1,L8-R8,-5.0,-3.0,-5.0,-7.0,5.830951894845301,0.0,-4.0,0.35294117647058826,0.5882352941176471,68.59943405700353,47.52866122334651,23.498565675952097,False,97.3143482,97.4130449
session-1-20261005-10000Hz-600mV,10000,SMILE_BOTH,190,cue_assumed,R2-R1,R8-R7,-8.0,-11.0,-8.0,-7.0,13.601470508735444,0.0,4.0,-0.23783783783783782,-0.17297297297297295,29.408584883752308,-21.84561363488222,-12.786701449186747,False,97.4134049,97.5131695
session-1-20261005-10000Hz-600mV,10000,SMILE_BOTH,191,cue_assumed,R2-R1,R7-R6,-12.0,-17.0,-12.0,-16.0,20.808652046684813,0.0,1.0,-0.039260969976905306,-0.027713625866050806,4.805693313322127,-3.886133733557462,-1.6523046776513057,False,97.5134283,97.6121698
session-1-20261005-10000Hz-600mV,10000,SMILE_BOTH,192,cue_assumed,R2-R1,R6-R5,-4.0,-103.0,-4.0,-105.0,103.07764064044152,0.0,-2.0,0.019388235294117647,0.0007529411764705882,1.940285000290664,1.9388513363021165,0.04231983683401258,True,97.6124321,97.7120255
session-1-20261005-10000Hz-600mV,10000,SMILE_BOTH,193,cue_assumed,R2-R1,R5-R4,-10.0,5.0,-9.0,-1.0,11.180339887498949,1.0,-6.0,-0.32,0.44,54.405882034941776,-19.006173074733645,32.905242922987895,False,97.7123588,97.8149007
session-1-20261005-10000Hz-600mV,10000,SMILE_BOTH,194,cue_assumed,R2-R1,R4-R3,-10.0,-326.0,-10.0,-324.0,326.15333817086713,0.0,2.0,-0.006129202075656163,-0.00018801233360908476,0.613208502238977,-0.6129184292339884,-0.01083874594786816,True,97.8151734,97.9210003
session-1-20261005-10000Hz-600mV,10000,SMILE_BOTH,195,cue_assumed,R1-L1,L2-L3,-7.0,23.0,-7.0,24.0,24.041630560342615,0.0,1.0,0.039792387543252594,-0.012110726643598616,4.159451654038515,3.9862913509628672,-0.6673083558350863,False,97.9212679,98.0171332
session-1-20261005-10000Hz-600mV,10000,SMILE_BOTH,196,cue_assumed,R1-L1,L3-L4,2.0,-26.0,2.0,-27.0,26.076809620810597,0.0,-1.0,0.03823529411764706,-0.0029411764705882357,3.8348249442368525,3.823946008162693,-0.16231055593669177,False,98.0173832,98.1170692
session-1-20261005-10000Hz-600mV,10000,SMILE_BOTH,197,cue_assumed,R1-L1,L4-L5,-4.0,23.0,-4.0,25.0,23.345235059857504,0.0,2.0,0.08440366972477065,-0.014678899082568808,8.567058737562387,8.45030147449226,-0.7755300222620455,False,98.1173181,98.2161951
session-1-20261005-10000Hz-600mV,10000,SMILE_BOTH,198,cue_assumed,R1-L1,L5-L6,-2.0,-10.0,-2.0,-10.0,10.198039027185569,0.0,0.0,-0.0,-0.0,0.0,0.0,6.116451310506762e-16,False,98.216446,98.3152026
session-1-20261005-10000Hz-600mV,10000,SMILE_BOTH,199,cue_assumed,R1-L1,L6-L7,0.0,-7.0,0.0,-6.0,7.0,0.0,1.0,-0.14285714285714285,0.0,14.285714285714285,-14.28571428571429,-0.0,False,98.315433,98.4170338
session-1-20261005-10000Hz-600mV,10000,SMILE_BOTH,200,cue_assumed,R1-L1,L7-L8,-2.0,-8.0,-2.0,-9.0,8.246211251235321,0.0,-1.0,0.11764705882352941,0.029411764705882353,12.126781251816649,11.803398874989512,1.5074357587749678,False,98.4172625,98.5151522
session-1-20261005-10000Hz-600mV,10000,SMILE_BOTH,201,cue_assumed,R1-L1,L8-R8,0.0,-15.0,0.0,-19.0,15.0,0.0,-4.0,0.26666666666666666,-0.0,26.666666666666668,26.66666666666666,-0.0,False,98.5153754,98.6171448
session-1-20261005-10000Hz-600mV,10000,SMILE_BOTH,202,cue_assumed,R1-L1,R8-R7,-1.0,-10.0,-1.0,-12.0,10.04987562112089,0.0,-2.0,0.19801980198019803,0.019801980198019806,19.900743804199784,19.818344353293217,0.9469514467734654,False,98.6173777,98.7151371
session-1-20261005-10000Hz-600mV,10000,SMILE_BOTH,203,cue_assumed,R1-L1,R7-R6,-4.0,-3.0,-4.0,0.0,5.0,0.0,3.0,-0.36,-0.48,60.0,-19.999999999999996,-36.86989764584402,False,98.7153568,98.8130619
session-1-20261005-10000Hz-600mV,10000,SMILE_BOTH,204,cue_assumed,R1-L1,R6-R5,1.0,-24.0,0.0,-25.0,24.020824298928627,-1.0,-1.0,0.03986135181975736,-0.043327556325823226,5.887448094094638,4.076361780453319,-2.385944030388812,False,98.8133114,98.9090077
session-1-20261005-10000Hz-600mV,10000,SMILE_BOTH,205,cue_assumed,R1-L1,R5-R4,-6.0,37.0,-6.0,38.0,37.48332962798263,0.0,1.0,0.026334519572953734,-0.004270462633451957,2.6678526425610407,2.6343403992128422,-0.2383999259202746,False,98.9092834,99.0073857
session-1-20261005-10000Hz-600mV,10000,SMILE_BOTH,206,cue_assumed,R1-L1,R4-R3,0.0,-37.0,-1.0,-37.0,37.0,-1.0,0.0,-0.0,-0.02702702702702703,2.7027027027027026,0.036516342279724334,-1.5481576989779677,False,99.0076387,99.1090135
session-1-20261005-10000Hz-600mV,10000,SMILE_BOTH,207,cue_assumed,R1-L1,R3-R2,-1.0,4.0,-1.0,4.0,4.123105625617661,0.0,0.0,0.0,-0.0,0.0,0.0,0.0,False,99.1093064,99.2071118
session-1-20261005-10000Hz-600mV,10000,PUFF_LEFT,0,cue_assumed,L1-L2,L3-L4,72.0,-276.0,73.0,-282.0,285.2367437761131,1.0,-6.0,0.021238938053097345,-0.00191740412979351,2.1325311913785825,2.1240738040945617,-0.10757427187344767,True,101.3523329,101.4490422
session-1-20261005-10000Hz-600mV,10000,PUFF_LEFT,1,cue_assumed,L1-L2,L4-L5,26.0,-94.0,26.0,-98.0,97.52948272189288,0.0,-4.0,0.03952901597981497,-0.010933557611438185,4.1013239159753105,3.9586512872307855,-0.6026032925172434,True,101.4494681,101.5461532
session-1-20261005-10000Hz-600mV,10000,PUFF_LEFT,2,cue_assumed,L1-L2,L5-L6,15.0,-79.0,16.0,-82.0,80.4114419718985,1.0,-3.0,0.0389730900092793,0.005258274048871017,3.932621505871645,3.898639606560894,0.2899731871356825,True,101.546495,101.6430435
session-1-20261005-10000Hz-600mV,10000,PUFF_LEFT,3,cue_assumed,L1-L2,L6-L7,17.0,-52.0,17.0,-51.0,54.70831746635972,0.0,1.0,-0.017373872368860677,0.00567991981289676,1.827875625337779,-1.7357456552765993,0.33118578841538415,False,101.6433006,101.7410533
session-1-20261005-10000Hz-600mV,10000,PUFF_LEFT,4,cue_assumed,L1-L2,L7-L8,-2.0,-15.0,-3.0,-12.0,15.132745950421556,-1.0,3.0,-0.18777292576419213,-0.09170305676855894,20.89691897642864,-18.26125332852491,-6.441600099335034,False,101.7413166,101.8462135
session-1-20261005-10000Hz-600mV,10000,PUFF_LEFT,5,cue_assumed,L1-L2,L8-R8,-2.0,-3.0,-1.0,-3.0,3.605551275463989,1.0,0.0,-0.15384615384615385,0.23076923076923078,27.735009811261456,-12.29419806929708,15.255118703057775,False,101.8464747,101.9451441
session-1-20261005-10000Hz-600mV,10000,PUFF_LEFT,6,cue_assumed,L1-L2,R8-R7,-3.0,1.0,-3.0,-1.0,3.1622776601683795,0.0,-2.0,-0.19999999999999998,0.6,63.245553203367585,0.0,36.86989764584402,False,101.9453868,102.0431055
session-1-20261005-10000Hz-600mV,10000,PUFF_LEFT,7,cue_assumed,L1-L2,R7-R6,-14.0,23.0,-14.0,24.0,26.92582403567252,0.0,1.0,0.031724137931034485,-0.019310344827586208,3.7139067635410377,3.190483389065335,-1.072255704274904,False,102.0434445,102.1411996
session-1-20261005-10000Hz-600mV,10000,PUFF_LEFT,8,cue_assumed,L1-L2,R6-R5,-2.0,-7.0,-2.0,-8.0,7.280109889280518,0.0,-1.0,0.1320754716981132,0.03773584905660377,13.736056394868903,13.270422790970816,1.9091524329963754,False,102.1414864,102.2400129
session-1-20261005-10000Hz-600mV,10000,PUFF_LEFT,9,cue_assumed,L1-L2,R5-R4,-24.0,61.0,-24.0,61.0,65.55150646628954,0.0,0.0,0.0,-0.0,0.0,0.0,3.612079787186866e-16,True,102.2402803,102.3390041
session-1-20261005-10000Hz-600mV,10000,PUFF_LEFT,10,cue_assumed,L1-L2,R4-R3,2.0,-42.0,2.0,-41.0,42.04759208325728,0.0,1.0,-0.023755656108597284,0.0011312217194570135,2.3782574707724704,-2.375500070805281,0.06639137180701775,False,102.3392514,102.4371311
session-1-20261005-10000Hz-600mV,10000,PUFF_LEFT,11,cue_assumed,L1-L2,R3-R2,-14.0,26.0,-13.0,25.0,29.5296461204668,1.0,-1.0,-0.04587155963302752,-0.013761467889908258,4.789131426105757,-4.5772323438689755,-0.8263241397292463,False,102.4374084,102.5340037
session-1-20261005-10000Hz-600mV,10000,PUFF_LEFT,12,cue_assumed,L1-L2,R2-R1,83.0,-359.0,82.0,-359.0,368.46980880392357,-1.0,0.0,-0.0006113279811445827,-0.0026441776533844,0.2713926558178711,-0.06078300111242996,-0.15159253907186965,True,102.5342793,102.6341667
session-1-20261005-10000Hz-600mV,10000,PUFF_LEFT,13,cue_assumed,L2-L3,L4-L5,-68.0,244.0,-66.0,239.0,253.29824318380102,2.0,-5.0,-0.021134663341645883,-0.0023067331670822947,2.1260174328279335,-2.113194539346752,-0.13501942027832428,True,102.634369,102.7320936
session-1-20261005-10000Hz-600mV,10000,PUFF_LEFT,14,cue_assumed,L2-L3,L5-L6,39.0,-161.0,38.0,-156.0,165.65627063289816,-1.0,5.0,-0.030755775818089057,0.0012389767509656735,3.078072139443754,-3.0754983931625124,0.07324067382454606,True,102.7323358,102.8280295
session-1-20261005-10000Hz-600mV,10000,PUFF_LEFT,15,cue_assumed,L2-L3,L6-L7,14.0,-44.0,14.0,-42.0,46.17358552246078,0.0,2.0,-0.04127579737335835,0.013133208255159474,4.331480818242099,-4.118584811176085,0.7848246029918885,False,102.8283072,102.9280041
session-1-20261005-10000Hz-600mV,10000,PUFF_LEFT,16,cue_assumed,L2-L3,L7-L8,1.0,-18.0,0.0,-18.0,18.027756377319946,-1.0,0.0,-0.0030769230769230765,-0.05538461538461538,5.547001962252291,-0.15396467945875125,-3.179830119864235,False,102.9282576,103.0241689
session-1-20261005-10000Hz-600mV,10000,PUFF_LEFT,17,cue_assumed,L2-L3,L8-R8,2.0,-15.0,2.0,-13.0,15.132745950421556,0.0,2.0,-0.13100436681222707,0.017467248908296942,13.216372009101796,-13.082883430026126,1.1515188939637642,False,103.0244038,103.1240749
session-1-20261005-10000Hz-600mV,10000,PUFF_LEFT,18,cue_assumed,L2-L3,R8-R7,-1.0,-9.0,-1.0,-9.0,9.055385138137417,0.0,0.0,-0.0,-0.0,0.0,0.0,-3.4908526991672743e-16,False,103.1243426,103.2341327
session-1-20261005-10000Hz-600mV,10000,PUFF_LEFT,19,cue_assumed,L2-L3,R7-R6,-6.0,-2.0,-6.0,-2.0,6.324555320336759,0.0,0.0,-0.0,-0.0,0.0,0.0,9.54166404439055e-16,False,103.2343842,103.3321417
session-1-20261005-10000Hz-600mV,10000,PUFF_LEFT,20,cue_assumed,L2-L3,R6-R5,2.0,-16.0,1.0,-16.0,16.1245154965971,-1.0,0.0,-0.007692307692307693,-0.06153846153846154,6.201736729460423,-0.5785969490704312,-3.5486819739044466,False,103.332376,103.4290163
session-1-20261005-10000Hz-600mV,10000,PUFF_LEFT,21,cue_assumed,L2-L3,R5-R4,-7.0,4.0,-7.0,4.0,8.06225774829855,0.0,0.0,-0.0,-0.0,0.0,0.0,-1.370085093553515e-15,False,103.4292701,103.5260846
session-1-20261005-10000Hz-600mV,10000,PUFF_LEFT,22,cue_assumed,L2-L3,R4-R3,-9.0,-4.0,-9.0,-4.0,9.848857801796104,0.0,0.0,-0.0,-0.0,0.0,0.0,1.1804120467287277e-15,False,103.5263423,103.6240242
session-1-20261005-10000Hz-600mV,10000,PUFF_LEFT,23,cue_assumed,L2-L3,R3-R2,0.0,-8.0,1.0,-8.0,8.0,1.0,0.0,-0.0,0.125,12.5,0.7782218537318641,7.125016348901798,False,103.6242946,103.7221355
session-1-20261005-10000Hz-600mV,10000,PUFF_LEFT,24,cue_assumed,L2-L3,R2-R1,-20.0,45.0,-20.0,42.0,49.24428900898052,0.0,-3.0,-0.0556701030927835,0.024742268041237112,6.092076990801714,-5.534602418630641,1.5008560872934327,False,103.7223886,103.8190505
session-1-20261005-10000Hz-600mV,10000,PUFF_LEFT,25,cue_assumed,L2-L3,R1-L1,7.0,-10.0,6.0,-7.0,12.206555615733702,-1.0,3.0,-0.2483221476510067,0.07382550335570469,25.90638800754199,-24.470548879412735,5.6092744464458075,False,103.8193224,103.9179915
session-1-20261005-10000Hz-600mV,10000,PUFF_LEFT,26,cue_assumed,L3-L4,L1-L2,66.0,-283.0,67.0,-287.0,290.5942188000305,1.0,-4.0,0.01418674877138966,0.0002249985197465807,1.4188532871175026,1.4186773729482072,0.012711135678207525,True,103.9182488,104.0151991
session-1-20261005-10000Hz-600mV,10000,PUFF_LEFT,27,cue_assumed,L3-L4,L5-L6,-76.0,245.0,-74.0,240.0,256.51705596314645,2.0,-5.0,-0.020926733636266927,-0.0016717071169131167,2.0993398614040646,-2.092530646899371,-0.09782890881908118,True,104.0154503,104.1141242
session-1-20261005-10000Hz-600mV,10000,PUFF_LEFT,28,cue_assumed,L3-L4,L6-L7,-2.0,20.0,-2.0,21.0,20.09975124224178,0.0,1.0,0.04950495049504951,-0.004950495049504951,4.975185951049946,4.951662612597585,-0.27026110649413665,False,104.1143715,104.210204
session-1-20261005-10000Hz-600mV,10000,PUFF_LEFT,29,cue_assumed,L3-L4,L7-L8,-10.0,18.0,-12.0,21.0,20.591260281974,-2.0,3.0,0.17452830188679241,0.014150943396226412,17.51010489931187,17.461354544040365,0.6902771978650775,False,104.2104476,104.3051746
session-1-20261005-10000Hz-600mV,10000,PUFF_LEFT,30,cue_assumed,L3-L4,L8-R8,-8.0,18.0,-7.0,18.0,19.697715603592208,1.0,0.0,-0.020618556701030924,-0.04639175257731958,5.076730825668094,-1.952042031179091,-2.7119834674449437,False,104.3054189,104.403142
session-1-20261005-10000Hz-600mV,10000,PUFF_LEFT,31,cue_assumed,L3-L4,R8-R7,-6.0,6.0,-6.0,4.0,8.48528137423857,0.0,-2.0,-0.16666666666666666,0.16666666666666666,23.570226039551585,-15.01634144012025,11.309932474020215,False,104.4033912,104.5030305
session-1-20261005-10000Hz-600mV,10000,PUFF_LEFT,32,cue_assumed,L3-L4,R7-R6,-14.0,22.0,-14.0,22.0,26.076809620810597,0.0,0.0,0.0,-0.0,0.0,0.0,4.1160119407174925e-16,False,104.5032869,104.6031329
session-1-20261005-10000Hz-600mV,10000,PUFF_LEFT,33,cue_assumed,L3-L4,R6-R5,0.0,-11.0,0.0,-12.0,11.0,0.0,-1.0,0.09090909090909091,-0.0,9.090909090909092,9.090909090909083,-0.0,False,104.6033828,104.7000156
session-1-20261005-10000Hz-600mV,10000,PUFF_LEFT,34,cue_assumed,L3-L4,R5-R4,-24.0,58.0,-23.0,55.0,62.76941930590086,1.0,-3.0,-0.050253807106598984,0.0035532994923857864,5.037927218598784,-5.024716012386055,0.21436054798924684,True,104.7002553,104.797133
session-1-20261005-10000Hz-600mV,10000,PUFF_LEFT,35,cue_assumed,L3-L4,R4-R3,3.0,-50.0,3.0,-47.0,50.08991914547278,0.0,3.0,-0.05978477481068155,0.0035870864886408927,5.989229072794672,-5.977793215258032,0.2185924178558136,True,104.7974739,104.8930326
session-1-20261005-10000Hz-600mV,10000,PUFF_LEFT,36,cue_assumed,L3-L4,R3-R2,4.0,-13.0,3.0,-12.0,13.601470508735444,-1.0,1.0,-0.0918918918918919,-0.04864864864864865,10.397504898200726,-9.058973668259773,-3.0664855011258942,False,104.8932695,104.9900387
session-1-20261005-10000Hz-600mV,10000,PUFF_LEFT,37,cue_assumed,L3-L4,R2-R1,-15.0,18.0,-16.0,16.0,23.430749027719962,-1.0,-2.0,-0.03825136612021857,0.08743169398907105,9.543305571897804,-3.4285375546468932,5.194428907734804,False,104.9905785,105.0871392
session-1-20261005-10000Hz-600mV,10000,PUFF_LEFT,38,cue_assumed,L3-L4,R1-L1,37.0,-111.0,37.0,-109.0,117.00427342623003,0.0,2.0,-0.016216216216216217,0.005405405405405406,1.7093392757666919,-1.6201366313443488,0.31480880738910355,True,105.0873875,105.1869878
session-1-20261005-10000Hz-600mV,10000,PUFF_LEFT,39,cue_assumed,L4-L5,L1-L2,26.0,-82.0,27.0,-83.0,86.02325267042627,1.0,-1.0,0.014594594594594595,0.007567567567567567,1.6439898730535731,1.4622816350716272,0.4273447195955499,True,105.1872386,105.2851357
session-1-20261005-10000Hz-600mV,10000,PUFF_LEFT,40,cue_assumed,L4-L5,L2-L3,-93.0,251.0,-91.0,243.0,267.67517628648346,2.0,-8.0,-0.030621074668527565,0.0033775296580600142,3.080678367578504,-3.0615190657811375,0.19963030600909334,True,105.2853951,105.3911169
session-1-20261005-10000Hz-600mV,10000,PUFF_LEFT,41,cue_assumed,L4-L5,L6-L7,75.0,-191.0,75.0,-190.0,205.19746587129188,0.0,1.0,-0.004536170617014202,0.0017812188286704983,0.48733545307388937,-0.45345770191947965,0.10252126630946796,True,105.3913791,105.4880528
session-1-20261005-10000Hz-600mV,10000,PUFF_LEFT,42,cue_assumed,L4-L5,L7-L8,21.0,-66.0,23.0,-70.0,69.26037828369117,2.0,-4.0,0.06378986866791744,0.010006253908692931,6.456990368550497,6.383692819801601,0.5389214797211882,True,105.4884404,105.5839927
session-1-20261005-10000Hz-600mV,10000,PUFF_LEFT,43,cue_assumed,L4-L5,L8-R8,16.0,-47.0,15.0,-43.0,49.64876634922564,-1.0,4.0,-0.08275862068965516,0.00689655172413793,8.304547985373995,-8.27326941698906,0.43078721700862893,False,105.5842536,105.6821409
session-1-20261005-10000Hz-600mV,10000,PUFF_LEFT,44,cue_assumed,L4-L5,R8-R7,4.0,-19.0,3.0,-19.0,19.4164878389476,-1.0,0.0,-0.010610079575596816,-0.050397877984084884,5.150262026246048,-0.932731906915607,-2.9160314247315813,False,105.6823907,105.7800205
session-1-20261005-10000Hz-600mV,10000,PUFF_LEFT,45,cue_assumed,L4-L5,R7-R6,4.0,-20.0,4.0,-20.0,20.396078054371138,0.0,0.0,-0.0,0.0,0.0,0.0,-6.116451310506762e-16,False,105.7802817,105.8779994
session-1-20261005-10000Hz-600mV,10000,PUFF_LEFT,46,cue_assumed,L4-L5,R6-R5,0.0,-6.0,-1.0,-5.0,6.0,-1.0,1.0,-0.16666666666666666,-0.16666666666666666,23.570226039551585,-15.01634144012024,-11.309932474020215,False,105.8782428,105.9812397
session-1-20261005-10000Hz-600mV,10000,PUFF_LEFT,47,cue_assumed,L4-L5,R5-R4,13.0,-43.0,13.0,-41.0,44.9221548904324,0.0,2.0,-0.04261645193260654,0.01288404360753221,4.4521461734819034,-4.252976198223701,0.7710146721407685,False,105.981505,106.0811561
session-1-20261005-10000Hz-600mV,10000,PUFF_LEFT,48,cue_assumed,L4-L5,R4-R3,-15.0,30.0,-15.0,28.0,33.54101966249684,0.0,-2.0,-0.05333333333333334,0.02666666666666667,5.96284793999944,-5.295782095574619,1.6135389328811822,False,106.0813867,106.1780999
session-1-20261005-10000Hz-600mV,10000,PUFF_LEFT,49,cue_assumed,L4-L5,R3-R2,-9.0,12.0,-9.0,12.0,15.0,0.0,0.0,0.0,-0.0,0.0,0.0,0.0,False,106.1783391,106.2751671
session-1-20261005-10000Hz-600mV,10000,PUFF_LEFT,50,cue_assumed,L4-L5,R2-R1,-35.0,95.0,-35.0,93.0,101.24228365658294,0.0,-2.0,-0.018536585365853658,0.006829268292682926,1.975459193299179,-1.8512825773697839,0.39867195215714946,True,106.2754426,106.3790981
session-1-20261005-10000Hz-600mV,10000,PUFF_LEFT,51,cue_assumed,L4-L5,R1-L1,-3.0,10.0,-4.0,13.0,10.44030650891055,-1.0,3.0,0.3027522935779816,0.009174311926605507,30.289126640769133,30.278459709271143,0.40348473505875077,False,106.3793222,106.4771366
session-1-20261005-10000Hz-600mV,10000,PUFF_LEFT,52,cue_assumed,L5-L6,L1-L2,33.0,-94.0,34.0,-98.0,99.62429422585637,1.0,-4.0,0.041209068010075574,-0.003828715365239295,4.13865479063796,4.12161074281161,-0.2106860662156705,True,106.477385,106.5761442
session-1-20261005-10000Hz-600mV,10000,PUFF_LEFT,53,cue_assumed,L5-L6,L2-L3,77.0,-195.0,76.0,-190.0,209.65209276322523,-1.0,5.0,-0.02393411293625154,0.00432270100559676,2.432133849172431,-2.392454101461705,0.25374404309034276,True,106.5763507,106.6800193
session-1-20261005-10000Hz-600mV,10000,PUFF_LEFT,54,cue_assumed,L5-L6,L3-L4,-126.0,302.0,-125.0,296.0,327.2308053958246,1.0,-6.0,-0.01809861785580874,0.004239820694807621,1.858859994229576,-1.8089464189227966,0.24739991854421473,True,106.6802779,106.777187
session-1-20261005-10000Hz-600mV,10000,PUFF_LEFT,55,cue_assumed,L5-L6,L7-L8,83.0,-201.0,76.0,-188.0,217.46264046957583,-7.0,13.0,-0.06754070628039754,-0.006935927257348277,6.7895906296139525,-6.751491082646311,-0.42617627664690355,True,106.777453,106.8842105
session-1-20261005-10000Hz-600mV,10000,PUFF_LEFT,56,cue_assumed,L5-L6,L8-R8,24.0,-60.0,28.0,-69.0,64.62197768561404,4.0,-9.0,0.15229885057471265,0.0057471264367816065,15.240724834685196,15.231318247171167,0.2857621168765333,True,106.884467,106.98321
session-1-20261005-10000Hz-600mV,10000,PUFF_LEFT,57,cue_assumed,L5-L6,R8-R7,6.0,-19.0,7.0,-24.0,19.924858845171276,1.0,-5.0,0.25440806045340053,-0.027707808564231735,25.591245354435806,25.471403307123897,-1.265363665410911,False,106.9834593,107.0810169
session-1-20261005-10000Hz-600mV,10000,PUFF_LEFT,58,cue_assumed,L5-L6,R7-R6,-4.0,-3.0,-4.0,-5.0,5.0,0.0,-2.0,0.24,0.32,40.0,28.062484748656978,14.470294100065887,False,107.081247,107.1780065
session-1-20261005-10000Hz-600mV,10000,PUFF_LEFT,59,cue_assumed,L5-L6,R6-R5,8.0,-33.0,9.0,-35.0,33.95585369269929,1.0,-2.0,0.06418039895923677,0.014744145706851692,6.585220909879694,6.428253361673875,0.7937782676194446,False,107.1782489,107.2760223
session-1-20261005-10000Hz-600mV,10000,PUFF_LEFT,60,cue_assumed,L5-L6,R5-R4,-6.0,1.0,-6.0,1.0,6.082762530298219,0.0,0.0,-0.0,-0.0,0.0,0.0,-5.157656240211109e-16,False,107.2762746,107.3740371
session-1-20261005-10000Hz-600mV,10000,PUFF_LEFT,61,cue_assumed,L5-L6,R4-R3,-4.0,-6.0,-5.0,-6.0,7.211102550927978,-1.0,0.0,0.07692307692307693,-0.11538461538461539,13.867504905630728,8.30867569483631,-6.115503566285408,False,107.3742772,107.47005
session-1-20261005-10000Hz-600mV,10000,PUFF_LEFT,62,cue_assumed,L5-L6,R3-R2,-1.0,-4.0,-1.0,-4.0,4.123105625617661,0.0,0.0,-0.0,-0.0,0.0,0.0,-0.0,False,107.4702941,107.5680244
session-1-20261005-10000Hz-600mV,10000,PUFF_LEFT,63,cue_assumed,L5-L6,R2-R1,-18.0,25.0,-18.0,23.0,30.805843601498726,0.0,-2.0,-0.05268703898840885,0.037934668071654375,6.492274731611955,-5.192780594394863,2.2931552773893364,False,107.5682801,107.6651479
session-1-20261005-10000Hz-600mV,10000,PUFF_LEFT,64,cue_assumed,L5-L6,R1-L1,32.0,-65.0,32.0,-63.0,72.44998274671983,0.0,2.0,-0.024766622213755002,0.012192798628310155,2.760525157047812,-2.4690405313902652,0.7162998332089735,True,107.6653985,107.7640148
session-1-20261005-10000Hz-600mV,10000,PUFF_LEFT,65,cue_assumed,L6-L7,L1-L2,27.0,-55.0,26.0,-54.0,61.26989472816156,-1.0,1.0,-0.021843367075119875,-0.007458710708577517,2.3081703806536464,-2.181493013828273,-0.43688745476962637,False,107.764247,107.8631351
session-1-20261005-10000Hz-600mV,10000,PUFF_LEFT,66,cue_assumed,L6-L7,L2-L3,23.0,-52.0,22.0,-51.0,56.859475903318,-1.0,1.0,-0.023198267862666253,-0.008969996906897619,2.4872082267831273,-2.3157082867974466,-0.5261339146325629,False,107.8634047,107.9620124
session-1-20261005-10000Hz-600mV,10000,PUFF_LEFT,67,cue_assumed,L6-L7,L3-L4,-11.0,36.0,-12.0,38.0,37.64306044943742,-1.0,2.0,0.0585744530698659,0.009880028228652079,5.940186453498648,5.8620558864206584,0.5347450817367029,False,107.9622673,108.0620593
session-1-20261005-10000Hz-600mV,10000,PUFF_LEFT,68,cue_assumed,L6-L7,L4-L5,116.0,-240.0,115.0,-237.0,266.5633133047382,-1.0,3.0,-0.011765368160324252,0.0015199279441567217,1.1863139083033638,-1.1764199318677226,0.08812217755900226,True,108.0623058,108.1621413
session-1-20261005-10000Hz-600mV,10000,PUFF_LEFT,69,cue_assumed,L6-L7,L8-R8,151.0,-321.0,166.0,-367.0,354.7421598851763,15.0,-46.0,0.13533637418349995,-0.016933933027129255,13.63916869347381,13.54626548820983,-0.8545229198191857,True,108.1623701,108.2610277
session-1-20261005-10000Hz-600mV,10000,PUFF_LEFT,70,cue_assumed,L6-L7,R8-R7,31.0,-58.0,37.0,-72.0,65.76473218982953,6.0,-14.0,0.23075144508670523,-0.01988439306358381,23.160660287891154,23.091206374400297,-0.9256074347796897,True,108.2612883,108.3580363
session-1-20261005-10000Hz-600mV,10000,PUFF_LEFT,71,cue_assumed,L6-L7,R7-R6,22.0,-45.0,24.0,-52.0,50.08991914547278,2.0,-7.0,0.14308489438023117,-0.02550817058589079,14.534081934006293,14.336946894995538,-1.2783547416590273,False,108.3582995,108.4571679
session-1-20261005-10000Hz-600mV,10000,PUFF_LEFT,72,cue_assumed,L6-L7,R6-R5,8.0,-22.0,9.0,-23.0,23.40939982143925,1.0,-1.0,0.05474452554744526,0.025547445255474453,6.04122093330177,5.505387830735287,1.3875157474432045,False,108.4574304,108.5551426
session-1-20261005-10000Hz-600mV,10000,PUFF_LEFT,73,cue_assumed,L6-L7,R5-R4,7.0,-17.0,7.0,-17.0,18.384776310850235,0.0,0.0,-0.0,0.0,0.0,0.0,9.598123594949074e-16,False,108.5553857,108.6620321
session-1-20261005-10000Hz-600mV,10000,PUFF_LEFT,74,cue_assumed,L6-L7,R4-R3,-11.0,9.0,-11.0,9.0,14.212670403551895,0.0,0.0,-0.0,-0.0,0.0,0.0,1.731985222579143e-15,False,108.6622855,108.7622103
session-1-20261005-10000Hz-600mV,10000,PUFF_LEFT,75,cue_assumed,L6-L7,R3-R2,1.0,-4.0,1.0,-4.0,4.123105625617661,0.0,0.0,-0.0,0.0,0.0,0.0,-0.0,False,108.7624531,108.8573318
session-1-20261005-10000Hz-600mV,10000,PUFF_LEFT,76,cue_assumed,L6-L7,R2-R1,-18.0,43.0,-17.0,41.0,46.61544808322666,1.0,-2.0,-0.04786010124252186,-0.0032213529682466628,4.7968389652879475,-4.78546518935008,-0.1938467502703497,False,108.8576517,108.9631375
session-1-20261005-10000Hz-600mV,10000,PUFF_LEFT,77,cue_assumed,L6-L7,R1-L1,16.0,-47.0,18.0,-48.0,49.64876634922564,2.0,-1.0,0.03204868154158215,0.031643002028397565,4.50377349111045,3.253366078258524,1.7561600609308086,False,108.9633817,109.0601018
session-1-20261005-10000Hz-600mV,10000,PUFF_LEFT,78,cue_assumed,L7-L8,L1-L2,5.0,-18.0,3.0,-14.0,18.681541692269406,-2.0,4.0,-0.2349570200573066,-0.045845272206303724,23.938794927456073,-23.358460992535758,-3.429353919742157,False,109.0603477,109.1642136
session-1-20261005-10000Hz-600mV,10000,PUFF_LEFT,79,cue_assumed,L7-L8,L2-L3,11.0,-27.0,12.0,-28.0,29.154759474226502,1.0,-1.0,0.044705882352941186,0.018823529411764708,4.85071250072666,4.487544993762449,1.0322446915657322,False,109.1644625,109.262138
session-1-20261005-10000Hz-600mV,10000,PUFF_LEFT,80,cue_assumed,L7-L8,L3-L4,-14.0,27.0,-18.0,32.0,30.4138126514911,-4.0,5.0,0.2064864864864865,0.041081081081081085,21.05334280448697,20.71856929641345,1.9501781049728695,False,109.2623766,109.3600296
session-1-20261005-10000Hz-600mV,10000,PUFF_LEFT,81,cue_assumed,L7-L8,L4-L5,48.0,-94.0,51.0,-98.0,105.54619841567009,3.0,-4.0,0.0466786355475763,0.008078994614003592,4.737262047381961,4.670981473649571,0.44223994445354736,True,109.3602874,109.4590584
session-1-20261005-10000Hz-600mV,10000,PUFF_LEFT,82,cue_assumed,L7-L8,L5-L6,112.0,-216.0,104.0,-202.0,243.3105012119288,-8.0,14.0,-0.06621621621621622,-0.002702702702702704,6.627135046075259,-6.621230493250785,-0.16583392046108464,True,109.459323,109.5571063
session-1-20261005-10000Hz-600mV,10000,PUFF_LEFT,83,cue_assumed,L7-L8,R8-R7,82.0,-143.0,90.0,-158.0,164.84234892769516,8.0,-15.0,0.1030802634968535,-0.0031649063408530536,10.312883861814365,10.308480378819196,-0.16438992184020093,True,109.5573811,109.6551376
session-1-20261005-10000Hz-600mV,10000,PUFF_LEFT,84,cue_assumed,L7-L8,R7-R6,40.0,-73.0,43.0,-78.0,83.24061508662703,3.0,-5.0,0.06999567037090489,0.0027420984269014305,7.004936098534509,6.999918397925198,0.146832671645134,True,109.655854,109.7540049
session-1-20261005-10000Hz-600mV,10000,PUFF_LEFT,85,cue_assumed,L7-L8,R6-R5,16.0,-27.0,19.0,-30.0,31.38470965295043,3.0,-3.0,0.13096446700507614,0.03350253807106599,13.518177271779988,13.146058070322496,1.6967755423891653,False,109.7542418,109.8541712
session-1-20261005-10000Hz-600mV,10000,PUFF_LEFT,86,cue_assumed,L7-L8,R5-R4,7.0,-19.0,6.0,-17.0,20.248456731316587,-1.0,2.0,-0.1097560975609756,-0.012195121951219514,11.043152607484654,-10.967257324663516,-0.7848246029918872,False,109.8544118,109.9519913
session-1-20261005-10000Hz-600mV,10000,PUFF_LEFT,87,cue_assumed,L7-L8,R4-R3,-11.0,9.0,-10.0,7.0,14.212670403551895,1.0,-2.0,-0.14356435643564358,0.06435643564356434,15.732919388188815,-14.114974391560109,4.297386663941697,False,109.9522384,110.0490376
session-1-20261005-10000Hz-600mV,10000,PUFF_LEFT,88,cue_assumed,L7-L8,R3-R2,0.0,-3.0,1.0,-4.0,3.0,1.0,-1.0,0.3333333333333333,0.3333333333333333,47.14045207910317,37.43685418725535,14.036243467926479,False,110.0492692,110.1461269
session-1-20261005-10000Hz-600mV,10000,PUFF_LEFT,89,cue_assumed,L7-L8,R2-R1,-21.0,38.0,-18.0,30.0,43.41658669218482,3.0,-8.0,-0.1946949602122016,0.02864721485411141,19.67912357065944,-19.418558586574974,2.03733069681991,False,110.1464491,110.2452858
session-1-20261005-10000Hz-600mV,10000,PUFF_LEFT,90,cue_assumed,L7-L8,R1-L1,30.0,-55.0,32.0,-55.0,62.64982043070834,2.0,0.0,0.015286624203821656,0.02802547770700637,3.192347537870489,1.5673351372328614,1.5811632949923913,True,110.2455653,110.3440068
session-1-20261005-10000Hz-600mV,10000,PUFF_LEFT,91,cue_assumed,L8-R8,L1-L2,-1.0,-2.0,0.0,-4.0,2.23606797749979,1.0,-2.0,0.6000000000000001,0.8,100.0,78.88543819998317,26.56505117707799,False,110.3442541,110.4432124
session-1-20261005-10000Hz-600mV,10000,PUFF_LEFT,92,cue_assumed,L8-R8,L2-L3,9.0,-24.0,8.0,-22.0,25.632011235952593,-1.0,2.0,-0.0867579908675799,-0.0091324200913242,8.723732043170228,-8.671232990861855,-0.5729386976834859,False,110.4434666,110.5410977
session-1-20261005-10000Hz-600mV,10000,PUFF_LEFT,93,cue_assumed,L8-R8,L3-L4,-14.0,28.0,-12.0,25.0,31.304951684997057,2.0,-3.0,-0.11428571428571428,-0.014285714285714285,11.517511068997928,-11.417051440414316,-0.9240453527727062,False,110.5413702,110.6390171
session-1-20261005-10000Hz-600mV,10000,PUFF_LEFT,94,cue_assumed,L8-R8,L4-L5,33.0,-70.0,30.0,-66.0,77.38862965578342,-3.0,4.0,-0.06328268492235767,-0.013023877108031393,6.460897449973571,-6.319214897547321,-0.7965744843702549,True,110.6392759,110.7500674
session-1-20261005-10000Hz-600mV,10000,PUFF_LEFT,95,cue_assumed,L8-R8,L5-L6,29.0,-62.0,34.0,-74.0,68.4470598345904,5.0,-12.0,0.18975453575240128,-0.008110992529348982,18.992780743856468,18.978218323490758,-0.3906002677234133,True,110.7502813,110.8471387
session-1-20261005-10000Hz-600mV,10000,PUFF_LEFT,96,cue_assumed,L8-R8,L6-L7,167.0,-329.0,185.0,-379.0,368.95799218881274,18.0,-50.0,0.14292220671417027,-0.01783589216190406,14.40308169151973,14.306136740316756,-0.8940577004607932,True,110.8473831,110.9471656
session-1-20261005-10000Hz-600mV,10000,PUFF_LEFT,97,cue_assumed,L8-R8,R7-R6,183.0,-361.0,170.0,-330.0,404.7344808636892,-13.0,31.0,-0.0828398754654783,0.005982540748428061,8.305561847908036,-8.282036392537261,0.3737291505920689,True,110.947392,111.0470638
session-1-20261005-10000Hz-600mV,10000,PUFF_LEFT,98,cue_assumed,L8-R8,R6-R5,47.0,-88.0,45.0,-82.0,99.76472322419383,-2.0,6.0,-0.06249372048628555,0.010650055259720686,6.339470622420369,-6.243323021521174,0.6508510765005399,True,111.0473521,111.1461359
session-1-20261005-10000Hz-600mV,10000,PUFF_LEFT,99,cue_assumed,L8-R8,R5-R4,23.0,-47.0,21.0,-42.0,52.32590180780452,-2.0,5.0,-0.10262965668371075,0.007669831994156318,10.291585278194471,-10.259688022248692,0.48969559312922484,False,111.1464524,111.249107
session-1-20261005-10000Hz-600mV,10000,PUFF_LEFT,100,cue_assumed,L8-R8,R4-R3,-17.0,19.0,-17.0,18.0,25.495097567963924,0.0,-1.0,-0.02923076923076923,0.026153846153846153,3.922322702763681,-2.8878523007073498,1.543253078247516,False,111.2493316,111.3471438
session-1-20261005-10000Hz-600mV,10000,PUFF_LEFT,101,cue_assumed,L8-R8,R3-R2,5.0,-10.0,4.0,-8.0,11.180339887498949,-1.0,2.0,-0.2,-0.0,20.0,-19.999999999999996,-0.0,False,111.347381,111.4460687
session-1-20261005-10000Hz-600mV,10000,PUFF_LEFT,102,cue_assumed,L8-R8,R2-R1,-12.0,28.0,-13.0,30.0,30.463092423455635,-1.0,2.0,0.07327586206896551,0.004310344827586208,7.340252743933792,7.328451734496477,0.230102295097215,False,111.4463398,111.5450046
session-1-20261005-10000Hz-600mV,10000,PUFF_LEFT,103,cue_assumed,L8-R8,R1-L1,34.0,-71.0,33.0,-69.0,78.7210264160726,-1.0,2.0,-0.02840083911570114,-0.00048410521219945194,2.840496471274729,-2.840071851152026,-0.028547969492615875,True,111.5452738,111.6430135
session-1-20261005-10000Hz-600mV,10000,PUFF_LEFT,104,cue_assumed,R8-R7,L1-L2,-4.0,5.0,-3.0,5.0,6.4031242374328485,1.0,0.0,-0.09756097560975611,-0.12195121951219513,15.617376188860607,-8.935830719051374,-7.696051722016571,False,111.643281,111.7400473
session-1-20261005-10000Hz-600mV,10000,PUFF_LEFT,105,cue_assumed,R8-R7,L2-L3,4.0,-13.0,4.0,-13.0,13.601470508735444,0.0,0.0,-0.0,0.0,0.0,0.0,-8.939937483032589e-16,False,111.740334,111.8379945
session-1-20261005-10000Hz-600mV,10000,PUFF_LEFT,106,cue_assumed,R8-R7,L3-L4,-7.0,15.0,-6.0,14.0,16.55294535724685,1.0,-1.0,-0.08029197080291972,-0.029197080291970805,8.543576577167611,-7.982864179156646,-1.8183029644518336,False,111.8382926,111.9350082
session-1-20261005-10000Hz-600mV,10000,PUFF_LEFT,107,cue_assumed,R8-R7,L4-L5,14.0,-34.0,13.0,-32.0,36.76955262170047,-1.0,2.0,-0.060650887573964495,-0.004437869822485208,6.081303192631498,-6.06404044753992,-0.27068670820789925,False,111.9352814,112.0350043
session-1-20261005-10000Hz-600mV,10000,PUFF_LEFT,108,cue_assumed,R8-R7,L5-L6,7.0,-19.0,9.0,-23.0,20.248456731316587,2.0,-4.0,0.2195121951219512,0.02439024390243903,22.086305214969308,21.97560731756085,1.1457628381751048,False,112.0352876,112.1310429
session-1-20261005-10000Hz-600mV,10000,PUFF_LEFT,109,cue_assumed,R8-R7,L6-L7,38.0,-62.0,44.0,-76.0,72.71863585079137,6.0,-14.0,0.2072617246596066,-0.030257186081694403,20.94586351011981,20.76408278696402,-1.4356838973417414,True,112.1313022,112.2300563
session-1-20261005-10000Hz-600mV,10000,PUFF_LEFT,110,cue_assumed,R8-R7,L7-L8,79.0,-143.0,83.0,-153.0,163.37074401495514,4.0,-10.0,0.06541775946047208,-0.008167853128512549,6.592569360694764,6.54490677636832,-0.4392402321898033,True,112.2303127,112.3270099
session-1-20261005-10000Hz-600mV,10000,PUFF_LEFT,111,cue_assumed,R8-R7,R6-R5,115.0,-207.0,112.0,-201.0,236.799493242701,-3.0,6.0,-0.02830188679245283,0.001230516817063167,2.8328624528026265,-2.8301107655903546,0.07255687912889985,True,112.3272764,112.4240093
session-1-20261005-10000Hz-600mV,10000,PUFF_LEFT,112,cue_assumed,R8-R7,R5-R4,30.0,-59.0,30.0,-57.0,66.18912297349165,0.0,2.0,-0.02693448984250171,0.01369550330974663,3.0216445091756055,-2.68381152814402,0.8063616698310847,False,112.4242753,112.5210111
session-1-20261005-10000Hz-600mV,10000,PUFF_LEFT,113,cue_assumed,R8-R7,R4-R3,-18.0,20.0,-18.0,20.0,26.90724809414742,0.0,0.0,0.0,-0.0,0.0,0.0,-7.028850124781253e-16,False,112.5212853,112.6200232
session-1-20261005-10000Hz-600mV,10000,PUFF_LEFT,114,cue_assumed,R8-R7,R3-R2,5.0,-12.0,5.0,-11.0,13.0,0.0,1.0,-0.07100591715976332,0.02958579881656805,7.6923076923076925,-7.053492510810999,1.8240898323761088,False,112.6202961,112.7160068
session-1-20261005-10000Hz-600mV,10000,PUFF_LEFT,115,cue_assumed,R8-R7,R2-R1,-10.0,15.0,-9.0,14.0,18.027756377319946,1.0,-1.0,-0.07692307692307691,-0.015384615384615385,7.84464540552736,-7.679488069676954,-0.9548412538721872,False,112.7162705,112.8140009
session-1-20261005-10000Hz-600mV,10000,PUFF_LEFT,116,cue_assumed,R8-R7,R1-L1,28.0,-55.0,28.0,-53.0,61.71709649683789,0.0,2.0,-0.028878970858493044,0.014702021527960093,3.2405931476417904,-2.8767688615196407,0.8673475415653139,True,112.8142598,112.9119982
session-1-20261005-10000Hz-600mV,10000,PUFF_LEFT,117,cue_assumed,R7-R6,L1-L2,-15.0,22.0,-15.0,23.0,26.627053911388696,0.0,1.0,0.031029619181946404,-0.021156558533145273,3.7555788309433984,3.1246660891290468,-1.1755350168369374,False,112.9122754,113.010051
session-1-20261005-10000Hz-600mV,10000,PUFF_LEFT,118,cue_assumed,R7-R6,L2-L3,3.0,-16.0,4.0,-16.0,16.278820596099706,1.0,0.0,0.011320754716981133,0.06037735849056604,6.142951168339512,1.31214608030088,3.416588191771344,False,113.0103667,113.107011
session-1-20261005-10000Hz-600mV,10000,PUFF_LEFT,119,cue_assumed,R7-R6,L3-L4,-13.0,25.0,-13.0,24.0,28.178005607210743,0.0,-1.0,-0.031486146095717885,0.0163727959697733,3.548867204938381,-3.134776433830877,0.968496998086217,False,113.1072921,113.2131422
session-1-20261005-10000Hz-600mV,10000,PUFF_LEFT,120,cue_assumed,R7-R6,L4-L5,17.0,-43.0,17.0,-43.0,46.238512086787566,0.0,0.0,-0.0,0.0,0.0,0.0,9.595218753713603e-16,False,113.2133855,113.3120812
session-1-20261005-10000Hz-600mV,10000,PUFF_LEFT,121,cue_assumed,R7-R6,L5-L6,-2.0,-9.0,-2.0,-10.0,9.219544457292887,0.0,-1.0,0.10588235294117647,0.023529411764705882,10.846522890932809,10.613263750994427,1.2188752351312968,False,113.3123374,113.4100342
session-1-20261005-10000Hz-600mV,10000,PUFF_LEFT,122,cue_assumed,R7-R6,L6-L7,26.0,-55.0,28.0,-62.0,60.83584469702052,2.0,-7.0,0.11807619562280464,-0.019454201567144013,11.966809905471841,11.824543154755563,-0.9968293594830033,False,113.4102741,113.5071762
session-1-20261005-10000Hz-600mV,10000,PUFF_LEFT,123,cue_assumed,R7-R6,L7-L8,31.0,-76.0,32.0,-80.0,82.0792300158816,1.0,-4.0,0.049725397061006385,-0.007124833011726287,5.023323957619822,4.974957608009167,-0.3888794097707321,True,113.5074385,113.6050242
session-1-20261005-10000Hz-600mV,10000,PUFF_LEFT,124,cue_assumed,R7-R6,L8-R8,150.0,-363.0,139.0,-335.0,392.77092560422545,-11.0,28.0,-0.07658051844505377,0.0013418120296365447,7.659227287942366,-7.657954355844554,0.0832558914162869,True,113.6054522,113.712207
session-1-20261005-10000Hz-600mV,10000,PUFF_LEFT,125,cue_assumed,R7-R6,R5-R4,41.0,-100.0,39.0,-93.0,108.07867504739313,-2.0,7.0,-0.06694632308877664,0.007447992466398423,6.735935545183308,-6.691659719544174,0.45734718309355693,True,113.7124582,113.8091425
session-1-20261005-10000Hz-600mV,10000,PUFF_LEFT,126,cue_assumed,R7-R6,R4-R3,-8.0,7.0,-7.0,4.0,10.63014581273465,1.0,-3.0,-0.25663716814159293,0.1504424778761062,29.748205865436482,-24.156658898882032,11.441043868767423,False,113.8093691,113.906133
session-1-20261005-10000Hz-600mV,10000,PUFF_LEFT,127,cue_assumed,R7-R6,R3-R2,8.0,-22.0,7.0,-21.0,23.40939982143925,-1.0,1.0,-0.05474452554744526,-0.025547445255474453,6.04122093330177,-5.439935282297636,-1.5481576989779682,False,113.906402,114.0010664
session-1-20261005-10000Hz-600mV,10000,PUFF_LEFT,128,cue_assumed,R7-R6,R2-R1,-3.0,-11.0,-2.0,-15.0,11.40175425099138,1.0,-4.0,0.31538461538461543,0.17692307692307693,36.162028533978955,32.72296189953197,7.660475334466333,False,114.0013646,114.0970553
session-1-20261005-10000Hz-600mV,10000,PUFF_LEFT,129,cue_assumed,R7-R6,R1-L1,34.0,-63.0,34.0,-60.0,71.58910531638176,0.0,3.0,-0.0368780487804878,0.01990243902439024,4.190581774617469,-3.6672433696616213,1.1838204742340404,True,114.0973368,114.1939971
session-1-20261005-10000Hz-600mV,10000,PUFF_LEFT,130,cue_assumed,R6-R5,L1-L2,-3.0,-2.0,-3.0,-2.0,3.605551275463989,0.0,0.0,-0.0,-0.0,0.0,0.0,1.4679483145216231e-15,False,114.1942547,114.2920616
session-1-20261005-10000Hz-600mV,10000,PUFF_LEFT,131,cue_assumed,R6-R5,L2-L3,5.0,-21.0,4.0,-20.0,21.587033144922902,-1.0,1.0,-0.055793991416309016,-0.034334763948497854,6.551217820804184,-5.516992921428221,-2.0825652797308836,False,114.2924032,114.3880286
session-1-20261005-10000Hz-600mV,10000,PUFF_LEFT,132,cue_assumed,R6-R5,L3-L4,1.0,-4.0,1.0,-4.0,4.123105625617661,0.0,0.0,-0.0,0.0,0.0,0.0,-0.0,False,114.3883107,114.4860179
session-1-20261005-10000Hz-600mV,10000,PUFF_LEFT,133,cue_assumed,R6-R5,L4-L5,4.0,-18.0,4.0,-17.0,18.439088914585774,0.0,1.0,-0.052941176470588235,0.011764705882352941,5.423261445466404,-5.286810658208152,0.7117122060356945,False,114.4862992,114.5841363
session-1-20261005-10000Hz-600mV,10000,PUFF_LEFT,134,cue_assumed,R6-R5,L5-L6,3.0,-30.0,4.0,-32.0,30.14962686336267,1.0,-2.0,0.0693069306930693,0.026402640264026403,7.4165693248330795,6.963283954876043,1.4144232114021549,False,114.5843756,114.6821505
session-1-20261005-10000Hz-600mV,10000,PUFF_LEFT,135,cue_assumed,R6-R5,L6-L7,8.0,-23.0,9.0,-25.0,24.351591323771842,1.0,-2.0,0.09106239460370993,0.011804384485666106,9.182430617242481,9.11262495291123,0.6198683287142097,False,114.6824016,114.7851085
session-1-20261005-10000Hz-600mV,10000,PUFF_LEFT,136,cue_assumed,R6-R5,L7-L8,7.0,-24.0,9.0,-27.0,25.0,2.0,-3.0,0.1376,0.043199999999999995,14.422205101855956,13.841995766061665,2.1747441146100526,False,114.7853499,114.8920066
session-1-20261005-10000Hz-600mV,10000,PUFF_LEFT,137,cue_assumed,R6-R5,L8-R8,29.0,-82.0,28.0,-76.0,86.97700845625813,-1.0,6.0,-0.06886979510905486,0.012161269001982816,6.993529253604209,-6.879038078207533,0.7482839322360961,True,114.8922724,114.989039
session-1-20261005-10000Hz-600mV,10000,PUFF_LEFT,138,cue_assumed,R6-R5,R8-R7,70.0,-193.0,70.0,-192.0,205.30221625691235,0.0,1.0,-0.004578993570428717,0.00166077487010368,0.48708680219438744,-0.4577608140931,0.09559302232132381,True,114.9892786,115.0929963
session-1-20261005-10000Hz-600mV,10000,PUFF_LEFT,139,cue_assumed,R6-R5,R4-R3,-130.0,342.0,-131.0,345.0,365.8742953529258,-1.0,3.0,0.008635630191836493,-0.00035857287993784723,0.8643071405489191,0.8635693928681798,-0.020368814255436643,True,115.0933244,115.1911821
session-1-20261005-10000Hz-600mV,10000,PUFF_LEFT,140,cue_assumed,R6-R5,R3-R2,70.0,-191.0,70.0,-191.0,203.42320418280704,0.0,0.0,-0.0,0.0,0.0,0.0,1.0276217609813012e-16,True,115.1914185,115.2980308
session-1-20261005-10000Hz-600mV,10000,PUFF_LEFT,141,cue_assumed,R6-R5,R2-R1,38.0,-130.0,38.0,-133.0,135.4400236266961,0.0,-3.0,0.02126035761011775,-0.006214566070649803,2.215002566943351,2.127926585111495,-0.3486515556760574,True,115.2983119,115.395001
session-1-20261005-10000Hz-600mV,10000,PUFF_LEFT,142,cue_assumed,R6-R5,R1-L1,37.0,-84.0,37.0,-81.0,91.7877987534291,0.0,3.0,-0.029910979228486644,0.01317507418397626,3.2684082642170598,-2.9821516007911497,0.7781035778427119,True,115.3952622,115.4951432
session-1-20261005-10000Hz-600mV,10000,PUFF_LEFT,143,cue_assumed,R5-R4,L1-L2,-23.0,57.0,-24.0,57.0,61.465437442517235,-1.0,0.0,0.006087877183695078,0.01508734780307041,1.6269305834440775,0.6200996163154615,0.85914618644558,True,115.4954442,115.5990398
session-1-20261005-10000Hz-600mV,10000,PUFF_LEFT,144,cue_assumed,R5-R4,L2-L3,0.0,-11.0,0.0,-11.0,11.0,0.0,0.0,-0.0,0.0,0.0,0.0,-0.0,False,115.5992726,115.6961422
session-1-20261005-10000Hz-600mV,10000,PUFF_LEFT,145,cue_assumed,R5-R4,L3-L4,-21.0,58.0,-21.0,56.0,61.68468205316454,0.0,-2.0,-0.030486202365308808,0.011038107752956638,3.242296034331908,-3.0423368873400136,0.652295682275629,True,115.6963496,115.7990068
session-1-20261005-10000Hz-600mV,10000,PUFF_LEFT,146,cue_assumed,R5-R4,L4-L5,20.0,-67.0,20.0,-66.0,69.92138442565336,0.0,1.0,-0.01370423399468194,0.0040908161178155045,1.430177631942184,-1.3695750380985583,0.23764185384622186,True,115.7992529,115.8970184
session-1-20261005-10000Hz-600mV,10000,PUFF_LEFT,147,cue_assumed,R5-R4,L5-L6,-6.0,-5.0,-6.0,-5.0,7.810249675906654,0.0,0.0,-0.0,-0.0,0.0,0.0,-1.251365776313515e-15,False,115.8972998,115.9930373
session-1-20261005-10000Hz-600mV,10000,PUFF_LEFT,148,cue_assumed,R5-R4,L6-L7,8.0,-26.0,9.0,-26.0,27.202941017470888,1.0,0.0,0.010810810810810811,0.03513513513513514,3.6760731104690385,1.1421263852492203,1.9907630314332407,False,115.993272,116.0896057
session-1-20261005-10000Hz-600mV,10000,PUFF_LEFT,149,cue_assumed,R5-R4,L7-L8,0.0,-21.0,0.0,-21.0,21.0,0.0,0.0,-0.0,0.0,0.0,0.0,-0.0,False,116.0898582,116.2000071
session-1-20261005-10000Hz-600mV,10000,PUFF_LEFT,150,cue_assumed,R5-R4,L8-R8,11.0,-47.0,10.0,-41.0,48.27007354458868,-1.0,6.0,-0.1257510729613734,0.00815450643776824,12.601519085483408,-12.571304344429713,0.5344075807529166,False,116.200278,116.2970034
session-1-20261005-10000Hz-600mV,10000,PUFF_LEFT,151,cue_assumed,R5-R4,R8-R7,13.0,-58.0,13.0,-59.0,59.43904440685432,0.0,-1.0,0.016416643079535803,-0.0036795924143787147,1.68239582244139,1.642330341713838,-0.20741906984752476,True,116.2972304,116.3961397
session-1-20261005-10000Hz-600mV,10000,PUFF_LEFT,152,cue_assumed,R5-R4,R7-R6,20.0,-90.0,19.0,-84.0,92.19544457292888,-1.0,6.0,-0.06588235294117648,0.0035294117647058816,6.597682302498802,-6.58756853105057,0.21648176398134453,True,116.3963848,116.4981343
session-1-20261005-10000Hz-600mV,10000,PUFF_LEFT,153,cue_assumed,R5-R4,R3-R2,-83.0,254.0,-82.0,251.0,267.21714016881475,1.0,-3.0,-0.011833905188712275,-7.00231076255167e-05,1.1834112355856388,-1.1833902707734878,-0.004060075072077846,True,116.4983664,116.5961622
session-1-20261005-10000Hz-600mV,10000,PUFF_LEFT,154,cue_assumed,R5-R4,R2-R1,-17.0,38.0,-17.0,34.0,41.6293165929973,0.0,-4.0,-0.08770917484131563,0.03923831506058857,9.608613177841269,-8.68657300059824,2.4628166759168466,False,116.5963955,116.6940035
session-1-20261005-10000Hz-600mV,10000,PUFF_LEFT,155,cue_assumed,R5-R4,R1-L1,16.0,-14.0,16.0,-12.0,21.2602916254693,0.0,2.0,-0.061946902654867256,0.07079646017699115,9.407208683835973,-5.927913161640275,4.316027519865624,False,116.6942526,116.7951377
session-1-20261005-10000Hz-600mV,10000,PUFF_LEFT,156,cue_assumed,R4-R3,L1-L2,1.0,-34.0,1.0,-34.0,34.0147027033899,0.0,0.0,-0.0,0.0,0.0,0.0,2.3366218489576395e-17,False,116.795385,116.8980846
session-1-20261005-10000Hz-600mV,10000,PUFF_LEFT,157,cue_assumed,R4-R3,L2-L3,-3.0,-5.0,-3.0,-6.0,5.830951894845301,0.0,-1.0,0.14705882352941177,0.08823529411764706,17.149858514250884,15.044748327105584,4.398705354995531,False,116.8983156,116.9961496
session-1-20261005-10000Hz-600mV,10000,PUFF_LEFT,158,cue_assumed,R4-R3,L3-L4,4.0,-39.0,3.0,-36.0,39.20459156782532,-1.0,3.0,-0.07872478854912167,-0.01756668835393624,8.066090051461265,-7.855732474907329,-1.0923718947027794,False,116.9963811,117.0930238
session-1-20261005-10000Hz-600mV,10000,PUFF_LEFT,159,cue_assumed,R4-R3,L4-L5,-1.0,18.0,-1.0,16.0,18.027756377319946,0.0,-2.0,-0.11076923076923076,0.006153846153846153,11.094003924504582,-11.074793743886602,0.3965042551331167,False,117.0932783,117.1890466
session-1-20261005-10000Hz-600mV,10000,PUFF_LEFT,160,cue_assumed,R4-R3,L5-L6,-5.0,-2.0,-5.0,-2.0,5.385164807134504,0.0,0.0,-0.0,-0.0,0.0,0.0,-1.0967429936081094e-15,False,117.1893211,117.287139
session-1-20261005-10000Hz-600mV,10000,PUFF_LEFT,161,cue_assumed,R4-R3,L6-L7,-1.0,6.0,0.0,5.0,6.082762530298219,1.0,-1.0,-0.18918918918918917,-0.13513513513513511,23.249527748763853,-17.800506347321342,-9.462322208025617,False,117.28738,117.3859923
session-1-20261005-10000Hz-600mV,10000,PUFF_LEFT,162,cue_assumed,R4-R3,L7-L8,-7.0,10.0,-6.0,7.0,12.206555615733702,1.0,-3.0,-0.2483221476510067,0.07382550335570469,25.90638800754199,-24.470548879412735,5.6092744464458075,False,117.3862365,117.4872103
session-1-20261005-10000Hz-600mV,10000,PUFF_LEFT,163,cue_assumed,R4-R3,L8-R8,-7.0,19.0,-7.0,20.0,20.248456731316587,0.0,1.0,0.046341463414634146,-0.017073170731707315,4.9386479832479475,4.648074574715055,-0.9348132119793452,False,117.487447,117.5849931
session-1-20261005-10000Hz-600mV,10000,PUFF_LEFT,164,cue_assumed,R4-R3,R8-R7,-8.0,17.0,-8.0,16.0,18.788294228055936,0.0,-1.0,-0.04815864022662889,0.022662889518413595,5.322462954123494,-4.788888214844167,1.3639275316029191,False,117.5852452,117.6800168
session-1-20261005-10000Hz-600mV,10000,PUFF_LEFT,165,cue_assumed,R4-R3,R7-R6,-9.0,14.0,-9.0,12.0,16.64331697709324,0.0,-2.0,-0.10108303249097474,0.06498194945848376,12.016835362522196,-9.873734781083531,4.134671373736421,False,117.6802728,117.7812995
session-1-20261005-10000Hz-600mV,10000,PUFF_LEFT,166,cue_assumed,R4-R3,R6-R5,-62.0,300.0,-62.0,304.0,306.33968074671617,0.0,4.0,0.012787178722134607,-0.0026426836025744854,1.305740082463306,1.2790626516934411,-0.14950255745825633,True,117.7815391,117.8810509
session-1-20261005-10000Hz-600mV,10000,PUFF_LEFT,167,cue_assumed,R4-R3,R2-R1,57.0,-442.0,58.0,-444.0,445.66018444550326,1.0,-2.0,0.00473785703856243,0.001651452825343759,0.5017428201000134,0.4739214255558455,0.0941750040407939,True,117.8813243,117.9769989
session-1-20261005-10000Hz-600mV,10000,PUFF_LEFT,168,cue_assumed,R4-R3,R1-L1,42.0,-103.0,42.0,-99.0,111.23398761170077,0.0,4.0,-0.03329831083811525,0.013577951992241169,3.5960231992790996,-3.320295997104694,0.8047034568106648,True,117.9773353,118.0779963
session-1-20261005-10000Hz-600mV,10000,PUFF_LEFT,169,cue_assumed,R3-R2,L1-L2,-13.0,27.0,-13.0,27.0,29.966648127543394,0.0,0.0,0.0,-0.0,0.0,0.0,1.2431789456499938e-15,False,118.0782464,118.1910467
session-1-20261005-10000Hz-600mV,10000,PUFF_LEFT,170,cue_assumed,R3-R2,L2-L3,1.0,-18.0,1.0,-19.0,18.027756377319946,0.0,-1.0,0.05538461538461538,-0.0030769230769230765,5.547001962252291,5.538910068569192,-0.16704261568089426,False,118.1912791,118.2880477
session-1-20261005-10000Hz-600mV,10000,PUFF_LEFT,171,cue_assumed,R3-R2,L3-L4,1.0,-11.0,0.0,-9.0,11.045361017187261,-1.0,2.0,-0.18852459016393439,-0.07377049180327867,20.244408254472894,-18.517828561733328,-5.194428907734807,False,118.2883065,118.3871321
session-1-20261005-10000Hz-600mV,10000,PUFF_LEFT,172,cue_assumed,R3-R2,L4-L5,-2.0,-6.0,-1.0,-6.0,6.324555320336759,1.0,0.0,-0.049999999999999996,0.15,15.811388300841896,-3.823079691643305,8.972626614896392,False,118.3874249,118.4840608
session-1-20261005-10000Hz-600mV,10000,PUFF_LEFT,173,cue_assumed,R3-R2,L5-L6,-6.0,-5.0,-6.0,-5.0,7.810249675906654,0.0,0.0,-0.0,-0.0,0.0,0.0,-1.251365776313515e-15,False,118.4843142,118.5831503
session-1-20261005-10000Hz-600mV,10000,PUFF_LEFT,174,cue_assumed,R3-R2,L6-L7,2.0,-11.0,3.0,-11.0,11.180339887498949,1.0,0.0,0.016,0.08800000000000001,8.944271909999161,1.980390271855681,4.950272234291745,False,118.5833859,118.6811567
session-1-20261005-10000Hz-600mV,10000,PUFF_LEFT,175,cue_assumed,R3-R2,L7-L8,-5.0,-5.0,-5.0,-6.0,7.0710678118654755,0.0,-1.0,0.1,0.1,14.142135623730953,10.453610171872608,5.194428907734806,False,118.6814068,118.7932704
session-1-20261005-10000Hz-600mV,10000,PUFF_LEFT,176,cue_assumed,R3-R2,L8-R8,-1.0,-11.0,-1.0,-8.0,11.045361017187261,0.0,3.0,-0.2704918032786885,-0.024590163934426226,27.160723812755556,-27.00774799707153,-1.9305874411669912,False,118.793547,118.8910249
session-1-20261005-10000Hz-600mV,10000,PUFF_LEFT,177,cue_assumed,R3-R2,R8-R7,-3.0,-14.0,-3.0,-15.0,14.317821063276353,0.0,-1.0,0.06829268292682927,0.014634146341463415,6.984302957695783,6.839291210403808,0.7848246029918875,False,118.891288,119.0000145
session-1-20261005-10000Hz-600mV,10000,PUFF_LEFT,178,cue_assumed,R3-R2,R7-R6,-7.0,-16.0,-7.0,-15.0,17.46424919657298,0.0,1.0,-0.05245901639344262,-0.022950819672131147,5.725983343138682,-5.2181106045197545,-1.387515747443205,False,119.0002574,119.0979992
session-1-20261005-10000Hz-600mV,10000,PUFF_LEFT,179,cue_assumed,R3-R2,R6-R5,20.0,-186.0,20.0,-185.0,187.0721785835617,0.0,1.0,-0.005314893130643502,0.0005714938850154304,0.5345530305851004,-0.5314728955453263,0.032919145767621144,True,119.0982392,119.1961527
session-1-20261005-10000Hz-600mV,10000,PUFF_LEFT,180,cue_assumed,R3-R2,R5-R4,-46.0,261.0,-45.0,258.0,265.02264054227516,1.0,-3.0,-0.011802895909563335,-0.0017512137477397954,1.1932103814594464,-1.1801344221560206,-0.10153546425223992,True,119.1965118,119.2950684
session-1-20261005-10000Hz-600mV,10000,PUFF_LEFT,181,cue_assumed,R3-R2,R1-L1,30.0,-58.0,30.0,-55.0,65.29931086925804,0.0,3.0,-0.04080675422138837,0.021106941838649158,4.594229188737666,-4.057455436022128,1.2605838858953378,True,119.295519,119.3941696
session-1-20261005-10000Hz-600mV,10000,PUFF_LEFT,182,cue_assumed,R2-R1,L1-L2,6.0,-255.0,5.0,-257.0,255.07057846799972,-1.0,-2.0,0.007746576289943283,-0.004103841010743763,0.8766467661343069,0.7754932280236604,-0.23332400771388545,True,119.3944248,119.4931731
session-1-20261005-10000Hz-600mV,10000,PUFF_LEFT,183,cue_assumed,R2-R1,L2-L3,-2.0,-9.0,-2.0,-10.0,9.219544457292887,0.0,-1.0,0.10588235294117647,0.023529411764705882,10.846522890932809,10.613263750994427,1.2188752351312968,False,119.4934153,119.5920271
session-1-20261005-10000Hz-600mV,10000,PUFF_LEFT,184,cue_assumed,R2-R1,L3-L4,-5.0,-10.0,-5.0,-10.0,11.180339887498949,0.0,0.0,-0.0,-0.0,0.0,0.0,-0.0,False,119.5922856,119.6912008
session-1-20261005-10000Hz-600mV,10000,PUFF_LEFT,185,cue_assumed,R2-R1,L4-L5,-1.0,12.0,-1.0,12.0,12.041594578792296,0.0,0.0,0.0,-0.0,0.0,0.0,2.632183184659462e-16,False,119.691487,119.7890175
session-1-20261005-10000Hz-600mV,10000,PUFF_LEFT,186,cue_assumed,R2-R1,L5-L6,-10.0,-6.0,-9.0,-5.0,11.661903789690601,1.0,1.0,-0.11764705882352942,-0.029411764705882356,12.12678125181665,-11.715699883508023,-1.9091524329963754,False,119.7893484,119.8860081
session-1-20261005-10000Hz-600mV,10000,PUFF_LEFT,187,cue_assumed,R2-R1,L6-L7,1.0,-3.0,1.0,-3.0,3.1622776601683795,0.0,0.0,-0.0,0.0,0.0,0.0,9.54166404439055e-16,False,119.8862943,119.9850098
session-1-20261005-10000Hz-600mV,10000,PUFF_LEFT,188,cue_assumed,R2-R1,L7-L8,-9.0,3.0,-9.0,0.0,9.486832980505138,0.0,-3.0,-0.1,0.30000000000000004,31.622776601683793,-5.131670194948623,18.434948822922014,False,119.9852725,120.0821672
session-1-20261005-10000Hz-600mV,10000,PUFF_LEFT,189,cue_assumed,R2-R1,L8-R8,-5.0,-3.0,-4.0,0.0,5.830951894845301,1.0,3.0,-0.4117647058823529,-0.35294117647058826,54.23261445466404,-31.40056594299646,-30.96375653207352,False,120.0824097,120.1820938
session-1-20261005-10000Hz-600mV,10000,PUFF_LEFT,190,cue_assumed,R2-R1,R8-R7,-8.0,-11.0,-8.0,-13.0,13.601470508735444,0.0,-2.0,0.11891891891891891,0.08648648648648648,14.704292441876154,12.225641430978662,4.419871138854705,False,120.1824008,120.2780808
session-1-20261005-10000Hz-600mV,10000,PUFF_LEFT,191,cue_assumed,R2-R1,R7-R6,-12.0,-17.0,-12.0,-18.0,20.808652046684813,0.0,-1.0,0.039260969976905306,0.027713625866050806,4.805693313322127,3.9630419320241694,1.5275254422129287,False,120.2783343,120.3750358
session-1-20261005-10000Hz-600mV,10000,PUFF_LEFT,192,cue_assumed,R2-R1,R6-R5,-4.0,-103.0,-4.0,-105.0,103.07764064044152,0.0,-2.0,0.019388235294117647,0.0007529411764705882,1.940285000290664,1.9388513363021165,0.04231983683401258,True,120.3752886,120.4734817
session-1-20261005-10000Hz-600mV,10000,PUFF_LEFT,193,cue_assumed,R2-R1,R5-R4,-10.0,5.0,-10.0,4.0,11.180339887498949,0.0,-1.0,-0.04,0.08,8.94427190999916,-3.6672433696616435,4.763641690726178,False,120.4739958,120.5722131
session-1-20261005-10000Hz-600mV,10000,PUFF_LEFT,194,cue_assumed,R2-R1,R4-R3,-10.0,-326.0,-9.0,-331.0,326.15333817086713,1.0,-5.0,0.015228999022335864,0.0035346318718507933,1.5633810594087743,1.5235152109285277,0.19948077754177074,True,120.572455,120.6700335
session-1-20261005-10000Hz-600mV,10000,PUFF_LEFT,195,cue_assumed,R1-L1,L2-L3,-7.0,23.0,-7.0,24.0,24.041630560342615,0.0,1.0,0.039792387543252594,-0.012110726643598616,4.159451654038515,3.9862913509628672,-0.6673083558350863,False,120.6702799,120.7680167
session-1-20261005-10000Hz-600mV,10000,PUFF_LEFT,196,cue_assumed,R1-L1,L3-L4,2.0,-26.0,2.0,-27.0,26.076809620810597,0.0,-1.0,0.03823529411764706,-0.0029411764705882357,3.8348249442368525,3.823946008162693,-0.16231055593669177,False,120.768263,120.8671662
session-1-20261005-10000Hz-600mV,10000,PUFF_LEFT,197,cue_assumed,R1-L1,L4-L5,-4.0,23.0,-4.0,24.0,23.345235059857504,0.0,1.0,0.04220183486238532,-0.007339449541284404,4.283529368781194,4.2227677674168795,-0.4034847350587498,False,120.8674003,120.9651512
session-1-20261005-10000Hz-600mV,10000,PUFF_LEFT,198,cue_assumed,R1-L1,L5-L6,-2.0,-10.0,-2.0,-10.0,10.198039027185569,0.0,0.0,-0.0,-0.0,0.0,0.0,6.116451310506762e-16,False,120.9653868,121.0630679
session-1-20261005-10000Hz-600mV,10000,PUFF_LEFT,199,cue_assumed,R1-L1,L6-L7,0.0,-7.0,1.0,-8.0,7.0,1.0,-1.0,0.14285714285714285,0.14285714285714285,20.203050891044214,15.175110689979277,7.125016348901798,False,121.0633338,121.1611939
session-1-20261005-10000Hz-600mV,10000,PUFF_LEFT,200,cue_assumed,R1-L1,L7-L8,-2.0,-8.0,-2.0,-10.0,8.246211251235321,0.0,-2.0,0.23529411764705882,0.058823529411764705,24.253562503633297,23.669388480168465,2.7263109939062655,False,121.1614739,121.2600081
session-1-20261005-10000Hz-600mV,10000,PUFF_LEFT,201,cue_assumed,R1-L1,L8-R8,0.0,-15.0,0.0,-13.0,15.0,0.0,2.0,-0.13333333333333333,0.0,13.333333333333334,-13.33333333333333,-0.0,False,121.2602582,121.3560324
session-1-20261005-10000Hz-600mV,10000,PUFF_LEFT,202,cue_assumed,R1-L1,R8-R7,-1.0,-10.0,-2.0,-11.0,10.04987562112089,-1.0,-1.0,0.10891089108910892,-0.08910891089108912,14.07195089460584,11.24853987249621,-4.5942533312663905,False,121.3565651,121.4541559
session-1-20261005-10000Hz-600mV,10000,PUFF_LEFT,203,cue_assumed,R1-L1,R7-R6,-4.0,-3.0,-4.0,-1.0,5.0,0.0,2.0,-0.24,-0.32,40.0,-17.537887487646785,-22.833654177917545,False,121.4544256,121.550012
session-1-20261005-10000Hz-600mV,10000,PUFF_LEFT,204,cue_assumed,R1-L1,R6-R5,1.0,-24.0,0.0,-24.0,24.020824298928627,-1.0,0.0,-0.0017331022530329286,-0.04159445407279029,4.163054471218133,-0.08669269076480024,-2.3859440303888126,False,121.5503259,121.6461509
session-1-20261005-10000Hz-600mV,10000,PUFF_LEFT,205,cue_assumed,R1-L1,R5-R4,-6.0,37.0,-6.0,37.0,37.48332962798263,0.0,0.0,0.0,-0.0,0.0,0.0,-5.025502770711036e-16,False,121.6463926,121.7451449
session-1-20261005-10000Hz-600mV,10000,PUFF_LEFT,206,cue_assumed,R1-L1,R4-R3,0.0,-37.0,-1.0,-37.0,37.0,-1.0,0.0,-0.0,-0.02702702702702703,2.7027027027027026,0.036516342279724334,-1.5481576989779677,False,121.7454457,121.8475293
session-1-20261005-10000Hz-600mV,10000,PUFF_LEFT,207,cue_assumed,R1-L1,R3-R2,-1.0,4.0,-1.0,4.0,4.123105625617661,0.0,0.0,0.0,-0.0,0.0,0.0,0.0,False,121.8478573,121.9540341
session-1-20261005-10000Hz-600mV,10000,PUFF_RIGHT,0,cue_assumed,L1-L2,L3-L4,72.0,-276.0,73.0,-282.0,285.2367437761131,1.0,-6.0,0.021238938053097345,-0.00191740412979351,2.1325311913785825,2.1240738040945617,-0.10757427187344767,True,124.2383194,124.3361398
session-1-20261005-10000Hz-600mV,10000,PUFF_RIGHT,1,cue_assumed,L1-L2,L4-L5,26.0,-94.0,25.0,-95.0,97.52948272189288,-1.0,-1.0,0.007148864592094196,-0.01261564339781329,1.4500369764143541,0.7227873873377755,-0.7176549039711678,True,124.336425,124.4351377
session-1-20261005-10000Hz-600mV,10000,PUFF_RIGHT,2,cue_assumed,L1-L2,L5-L6,15.0,-79.0,16.0,-80.0,80.4114419718985,1.0,-1.0,0.01453758119393752,0.009897927621404267,1.7587218033813177,1.4585862618853973,0.5589654808321636,True,124.4353657,124.5321132
session-1-20261005-10000Hz-600mV,10000,PUFF_RIGHT,3,cue_assumed,L1-L2,L6-L7,17.0,-52.0,17.0,-51.0,54.70831746635972,0.0,1.0,-0.017373872368860677,0.00567991981289676,1.827875625337779,-1.7357456552765993,0.33118578841538415,False,124.5323681,124.6302681
session-1-20261005-10000Hz-600mV,10000,PUFF_RIGHT,4,cue_assumed,L1-L2,L7-L8,-2.0,-15.0,-2.0,-15.0,15.132745950421556,0.0,0.0,-0.0,-0.0,0.0,0.0,-1.0416663803919815e-16,False,124.630504,124.7300388
session-1-20261005-10000Hz-600mV,10000,PUFF_RIGHT,5,cue_assumed,L1-L2,L8-R8,-2.0,-3.0,-2.0,-2.0,3.605551275463989,0.0,1.0,-0.23076923076923078,-0.15384615384615385,27.735009811261456,-21.553545944726395,-11.309932474020217,False,124.7302794,124.8301663
session-1-20261005-10000Hz-600mV,10000,PUFF_RIGHT,6,cue_assumed,L1-L2,R8-R7,-3.0,1.0,-2.0,-4.0,3.1622776601683795,1.0,-5.0,-0.7999999999999999,1.4000000000000001,161.245154965971,41.421356237309496,81.86989764584403,False,124.8304166,124.9281796
session-1-20261005-10000Hz-600mV,10000,PUFF_RIGHT,7,cue_assumed,L1-L2,R7-R6,-14.0,23.0,-14.0,23.0,26.92582403567252,0.0,0.0,0.0,-0.0,0.0,0.0,-1.614405686591137e-15,False,124.9284321,125.027182
session-1-20261005-10000Hz-600mV,10000,PUFF_RIGHT,8,cue_assumed,L1-L2,R6-R5,-2.0,-7.0,-2.0,-7.0,7.280109889280518,0.0,0.0,-0.0,-0.0,0.0,0.0,-8.401465196318723e-16,False,125.027438,125.1240587
session-1-20261005-10000Hz-600mV,10000,PUFF_RIGHT,9,cue_assumed,L1-L2,R5-R4,-24.0,61.0,-24.0,62.0,65.55150646628954,0.0,1.0,0.014195950663253434,-0.005585292064230859,1.52551795360227,1.4211329964905817,-0.3155311627121065,True,125.12439,125.222009
session-1-20261005-10000Hz-600mV,10000,PUFF_RIGHT,10,cue_assumed,L1-L2,R4-R3,2.0,-42.0,2.0,-41.0,42.04759208325728,0.0,1.0,-0.023755656108597284,0.0011312217194570135,2.3782574707724704,-2.375500070805281,0.06639137180701775,False,125.2222779,125.3200182
session-1-20261005-10000Hz-600mV,10000,PUFF_RIGHT,11,cue_assumed,L1-L2,R3-R2,-14.0,26.0,-14.0,26.0,29.5296461204668,0.0,0.0,0.0,-0.0,0.0,0.0,1.1379966291474967e-15,False,125.3203045,125.419036
session-1-20261005-10000Hz-600mV,10000,PUFF_RIGHT,12,cue_assumed,L1-L2,R2-R1,83.0,-359.0,82.0,-361.0,368.46980880392357,-1.0,-2.0,0.004677027325624217,-0.003866833615673566,0.6068524270029635,0.46844686955522796,-0.22052077060327813,True,125.419317,125.5171365
session-1-20261005-10000Hz-600mV,10000,PUFF_RIGHT,13,cue_assumed,L2-L3,L4-L5,-68.0,244.0,-65.0,237.0,253.29824318380102,3.0,-7.0,-0.029800498753117206,-0.003990024937655861,3.006642687346895,-2.979229413557871,-0.2356322590743549,True,125.5173893,125.616143
session-1-20261005-10000Hz-600mV,10000,PUFF_RIGHT,14,cue_assumed,L2-L3,L5-L6,39.0,-161.0,38.0,-156.0,165.65627063289816,-1.0,5.0,-0.030755775818089057,0.0012389767509656735,3.078072139443754,-3.0754983931625124,0.07324067382454606,True,125.6163896,125.7141447
session-1-20261005-10000Hz-600mV,10000,PUFF_RIGHT,15,cue_assumed,L2-L3,L6-L7,14.0,-44.0,13.0,-43.0,46.17358552246078,-1.0,1.0,-0.02720450281425891,-0.014071294559099438,3.062819459158444,-2.71027388899574,-0.8287143298892938,False,125.7144026,125.8120239
session-1-20261005-10000Hz-600mV,10000,PUFF_RIGHT,16,cue_assumed,L2-L3,L7-L8,1.0,-18.0,1.0,-18.0,18.027756377319946,0.0,0.0,-0.0,0.0,0.0,0.0,1.7615379774259476e-16,False,125.8122757,125.9161449
session-1-20261005-10000Hz-600mV,10000,PUFF_RIGHT,17,cue_assumed,L2-L3,L8-R8,2.0,-15.0,2.0,-12.0,15.132745950421556,0.0,3.0,-0.19650655021834063,0.026200873362445417,19.824558013652695,-19.607947556553405,1.8676788394341723,False,125.9164402,126.0151547
session-1-20261005-10000Hz-600mV,10000,PUFF_RIGHT,18,cue_assumed,L2-L3,R8-R7,-1.0,-9.0,-1.0,-9.0,9.055385138137417,0.0,0.0,-0.0,-0.0,0.0,0.0,-3.4908526991672743e-16,False,126.0153814,126.1131824
session-1-20261005-10000Hz-600mV,10000,PUFF_RIGHT,19,cue_assumed,L2-L3,R7-R6,-6.0,-2.0,-6.0,-3.0,6.324555320336759,0.0,-1.0,0.049999999999999996,0.15,15.811388300841896,6.066017177982119,8.130102354155978,False,126.113374,126.2151876
session-1-20261005-10000Hz-600mV,10000,PUFF_RIGHT,20,cue_assumed,L2-L3,R6-R5,2.0,-16.0,1.0,-16.0,16.1245154965971,-1.0,0.0,-0.007692307692307693,-0.06153846153846154,6.201736729460423,-0.5785969490704312,-3.5486819739044466,False,126.2154456,126.3141441
session-1-20261005-10000Hz-600mV,10000,PUFF_RIGHT,21,cue_assumed,L2-L3,R5-R4,-7.0,4.0,-7.0,4.0,8.06225774829855,0.0,0.0,-0.0,-0.0,0.0,0.0,-1.370085093553515e-15,False,126.3143873,126.4121748
session-1-20261005-10000Hz-600mV,10000,PUFF_RIGHT,22,cue_assumed,L2-L3,R4-R3,-9.0,-4.0,-9.0,-4.0,9.848857801796104,0.0,0.0,-0.0,-0.0,0.0,0.0,1.1804120467287277e-15,False,126.4124246,126.5100861
session-1-20261005-10000Hz-600mV,10000,PUFF_RIGHT,23,cue_assumed,L2-L3,R3-R2,0.0,-8.0,1.0,-9.0,8.0,1.0,-1.0,0.125,0.125,17.67766952966369,13.192314226717716,6.34019174590991,False,126.510327,126.6070347
session-1-20261005-10000Hz-600mV,10000,PUFF_RIGHT,24,cue_assumed,L2-L3,R2-R1,-20.0,45.0,-19.0,42.0,49.24428900898052,1.0,-3.0,-0.06391752577319589,0.006185567010309277,6.421612990679357,-6.389708910087533,0.3786009621143285,False,126.6072896,126.7060342
session-1-20261005-10000Hz-600mV,10000,PUFF_RIGHT,25,cue_assumed,L2-L3,R1-L1,7.0,-10.0,7.0,-8.0,12.206555615733702,0.0,2.0,-0.1342281879194631,0.09395973154362415,16.38463841038081,-12.914452304359559,6.193904967150986,False,126.7062814,126.8041636
session-1-20261005-10000Hz-600mV,10000,PUFF_RIGHT,26,cue_assumed,L3-L4,L1-L2,66.0,-283.0,67.0,-289.0,290.5942188000305,1.0,-6.0,0.020889336254366744,-0.0013381490911244002,2.0932152592078963,2.089021325550555,-0.07510143229885943,True,126.8044043,126.9011667
session-1-20261005-10000Hz-600mV,10000,PUFF_RIGHT,27,cue_assumed,L3-L4,L5-L6,-76.0,245.0,-74.0,240.0,256.51705596314645,2.0,-5.0,-0.020926733636266927,-0.0016717071169131167,2.0993398614040646,-2.092530646899371,-0.09782890881908118,True,126.9013958,127.0011955
session-1-20261005-10000Hz-600mV,10000,PUFF_RIGHT,28,cue_assumed,L3-L4,L6-L7,-2.0,20.0,-2.0,20.0,20.09975124224178,0.0,0.0,0.0,-0.0,0.0,0.0,-3.149064041052987e-16,False,127.0014338,127.10117
session-1-20261005-10000Hz-600mV,10000,PUFF_RIGHT,29,cue_assumed,L3-L4,L7-L8,-10.0,18.0,-10.0,19.0,20.591260281974,0.0,1.0,0.04245283018867924,-0.023584905660377357,4.856429311786321,4.271959363167044,-1.296063498017122,False,127.1014034,127.2070266
session-1-20261005-10000Hz-600mV,10000,PUFF_RIGHT,30,cue_assumed,L3-L4,L8-R8,-8.0,18.0,-7.0,19.0,19.697715603592208,1.0,1.0,0.02577319587628866,-0.06701030927835051,7.17958158617738,2.795964460081568,-3.7376295434101023,False,127.2072788,127.3040253
session-1-20261005-10000Hz-600mV,10000,PUFF_RIGHT,31,cue_assumed,L3-L4,R8-R7,-6.0,6.0,-5.0,4.0,8.48528137423857,1.0,-2.0,-0.25,0.08333333333333333,26.352313834736496,-24.5384571821882,6.340191745909909,False,127.304263,127.4092693
session-1-20261005-10000Hz-600mV,10000,PUFF_RIGHT,32,cue_assumed,L3-L4,R7-R6,-14.0,22.0,-14.0,23.0,26.076809620810597,0.0,1.0,0.032352941176470584,-0.020588235294117643,3.8348249442368516,3.2558216561291653,-1.1424994230443217,False,127.4095964,127.5051536
session-1-20261005-10000Hz-600mV,10000,PUFF_RIGHT,33,cue_assumed,L3-L4,R6-R5,0.0,-11.0,0.0,-11.0,11.0,0.0,0.0,-0.0,0.0,0.0,0.0,-0.0,False,127.5054628,127.6031432
session-1-20261005-10000Hz-600mV,10000,PUFF_RIGHT,34,cue_assumed,L3-L4,R5-R4,-24.0,58.0,-24.0,55.0,62.76941930590086,0.0,-3.0,-0.044162436548223355,0.018274111675126905,4.779397409078746,-4.398776636334622,1.0952718048095025,True,127.60338,127.7031484
session-1-20261005-10000Hz-600mV,10000,PUFF_RIGHT,35,cue_assumed,L3-L4,R4-R3,3.0,-50.0,3.0,-47.0,50.08991914547278,0.0,3.0,-0.05978477481068155,0.0035870864886408927,5.989229072794672,-5.977793215258032,0.2185924178558136,True,127.7033831,127.8001045
session-1-20261005-10000Hz-600mV,10000,PUFF_RIGHT,36,cue_assumed,L3-L4,R3-R2,4.0,-13.0,3.0,-12.0,13.601470508735444,-1.0,1.0,-0.0918918918918919,-0.04864864864864865,10.397504898200726,-9.058973668259773,-3.0664855011258942,False,127.8003958,127.8990442
session-1-20261005-10000Hz-600mV,10000,PUFF_RIGHT,37,cue_assumed,L3-L4,R2-R1,-15.0,18.0,-16.0,17.0,23.430749027719962,-1.0,-1.0,-0.005464480874316939,0.06010928961748635,6.03571640283457,-0.3649647211930507,3.4587243188064156,False,127.8993163,127.9971531
session-1-20261005-10000Hz-600mV,10000,PUFF_RIGHT,38,cue_assumed,L3-L4,R1-L1,37.0,-111.0,37.0,-108.0,117.00427342623003,0.0,3.0,-0.024324324324324326,0.008108108108108109,2.5640089136500377,-2.42906347060724,0.476131251641852,True,127.9973986,128.1000118
session-1-20261005-10000Hz-600mV,10000,PUFF_RIGHT,39,cue_assumed,L4-L5,L1-L2,26.0,-82.0,25.0,-78.0,86.02325267042627,-1.0,4.0,-0.04783783783783784,0.002972972972972973,4.793012932694108,-4.783319653454554,0.17889626072716094,True,128.1002584,128.2030856
session-1-20261005-10000Hz-600mV,10000,PUFF_RIGHT,40,cue_assumed,L4-L5,L2-L3,-93.0,251.0,-90.0,242.0,267.67517628648346,3.0,-9.0,-0.0354221912072575,0.0011723656664340547,3.544158674748274,-3.5421478750089275,0.06963831330577164,True,128.2035728,128.3010464
session-1-20261005-10000Hz-600mV,10000,PUFF_RIGHT,41,cue_assumed,L4-L5,L6-L7,75.0,-191.0,74.0,-191.0,205.19746587129188,-1.0,0.0,-0.0017812188286704983,-0.004536170617014202,0.48733545307388937,-0.17709121013147477,-0.260365410267691,True,128.3013019,128.4010182
session-1-20261005-10000Hz-600mV,10000,PUFF_RIGHT,42,cue_assumed,L4-L5,L7-L8,21.0,-66.0,22.0,-66.0,69.26037828369117,1.0,0.0,0.004377736085053157,0.013758599124452781,1.443826939414033,0.4471968644822022,0.7848246029918886,True,128.4012617,128.4980035
session-1-20261005-10000Hz-600mV,10000,PUFF_RIGHT,43,cue_assumed,L4-L5,L8-R8,16.0,-47.0,15.0,-43.0,49.64876634922564,-1.0,4.0,-0.08275862068965516,0.00689655172413793,8.304547985373995,-8.27326941698906,0.43078721700862893,False,128.4982719,128.6001245
session-1-20261005-10000Hz-600mV,10000,PUFF_RIGHT,44,cue_assumed,L4-L5,R8-R7,4.0,-19.0,4.0,-19.0,19.4164878389476,0.0,0.0,-0.0,0.0,0.0,0.0,6.411728270324332e-16,False,128.6003651,128.6990729
session-1-20261005-10000Hz-600mV,10000,PUFF_RIGHT,45,cue_assumed,L4-L5,R7-R6,4.0,-20.0,4.0,-22.0,20.396078054371138,0.0,-2.0,0.09615384615384615,-0.019230769230769232,9.8058067569092,9.63225241337864,-1.005086005254182,False,128.6993358,128.7970244
session-1-20261005-10000Hz-600mV,10000,PUFF_RIGHT,46,cue_assumed,L4-L5,R6-R5,0.0,-6.0,0.0,-7.0,6.0,0.0,-1.0,0.16666666666666666,-0.0,16.666666666666664,16.666666666666675,-0.0,False,128.7972676,128.8990255
session-1-20261005-10000Hz-600mV,10000,PUFF_RIGHT,47,cue_assumed,L4-L5,R5-R4,13.0,-43.0,12.0,-41.0,44.9221548904324,-1.0,2.0,-0.04905847373637265,-0.00842418235877106,4.977650744835554,-4.902116047673777,-0.5075574637802707,False,128.8992821,128.998009
session-1-20261005-10000Hz-600mV,10000,PUFF_RIGHT,48,cue_assumed,L4-L5,R4-R3,-15.0,30.0,-15.0,27.0,33.54101966249684,0.0,-3.0,-0.08,0.04,8.94427190999916,-7.913084534229309,2.489552921999156,False,128.9982425,129.095165
session-1-20261005-10000Hz-600mV,10000,PUFF_RIGHT,49,cue_assumed,L4-L5,R3-R2,-9.0,12.0,-9.0,12.0,15.0,0.0,0.0,0.0,-0.0,0.0,0.0,0.0,False,129.0954106,129.1940062
session-1-20261005-10000Hz-600mV,10000,PUFF_RIGHT,50,cue_assumed,L4-L5,R2-R1,-35.0,95.0,-34.0,93.0,101.24228365658294,1.0,-2.0,-0.02195121951219512,-0.002439024390243903,2.208630521496931,-2.1948178339379454,-0.14288194698732698,True,129.1942459,129.2920154
session-1-20261005-10000Hz-600mV,10000,PUFF_RIGHT,51,cue_assumed,L4-L5,R1-L1,-3.0,10.0,-3.0,11.0,10.44030650891055,0.0,1.0,0.09174311926605504,-0.027522935779816512,9.578262852211513,9.208999192315437,-1.4441255309358452,False,129.2922952,129.3900507
session-1-20261005-10000Hz-600mV,10000,PUFF_RIGHT,52,cue_assumed,L5-L6,L1-L2,33.0,-94.0,34.0,-96.0,99.62429422585637,1.0,-2.0,0.022267002518891688,0.002821158690176322,2.2445006962161678,2.227089529894899,0.15811923454106402,True,129.3903005,129.4861446
session-1-20261005-10000Hz-600mV,10000,PUFF_RIGHT,53,cue_assumed,L5-L6,L2-L3,77.0,-195.0,75.0,-189.0,209.65209276322523,-2.0,6.0,-0.030122400691632162,0.00163807617054193,3.016690764675324,-3.0121017377062964,0.0967696974525278,True,129.4864151,129.585148
session-1-20261005-10000Hz-600mV,10000,PUFF_RIGHT,54,cue_assumed,L5-L6,L3-L4,-126.0,302.0,-125.0,298.0,327.2308053958246,1.0,-4.0,-0.012457975345536047,0.0018864400448262984,1.2599992291771778,-1.2456173572696239,0.10944842721338673,True,129.5853817,129.6940266
session-1-20261005-10000Hz-600mV,10000,PUFF_RIGHT,55,cue_assumed,L5-L6,L7-L8,83.0,-201.0,86.0,-205.0,217.46264046957583,3.0,-4.0,0.022266864030450414,0.005730598435187143,2.29924551141442,2.228292612812277,0.32118390678300435,True,129.694256,129.7931575
session-1-20261005-10000Hz-600mV,10000,PUFF_RIGHT,56,cue_assumed,L5-L6,L8-R8,24.0,-60.0,23.0,-56.0,64.62197768561404,-1.0,4.0,-0.06321839080459771,0.008620689655172415,6.380345779073138,-6.317872589439,0.527246891667336,True,129.7934094,129.8914447
session-1-20261005-10000Hz-600mV,10000,PUFF_RIGHT,57,cue_assumed,L5-L6,R8-R7,6.0,-19.0,7.0,-22.0,19.924858845171276,1.0,-3.0,0.15869017632241814,0.0025188916876574333,15.871016626723794,15.86929142449307,0.1245558462072542,False,129.8917,129.992117
session-1-20261005-10000Hz-600mV,10000,PUFF_RIGHT,58,cue_assumed,L5-L6,R7-R6,-4.0,-3.0,-4.0,-5.0,5.0,0.0,-2.0,0.24,0.32,40.0,28.062484748656978,14.470294100065887,False,129.9923461,130.0910627
session-1-20261005-10000Hz-600mV,10000,PUFF_RIGHT,59,cue_assumed,L5-L6,R6-R5,8.0,-33.0,9.0,-35.0,33.95585369269929,1.0,-2.0,0.06418039895923677,0.014744145706851692,6.585220909879694,6.428253361673875,0.7937782676194446,False,130.0912793,130.1890449
session-1-20261005-10000Hz-600mV,10000,PUFF_RIGHT,60,cue_assumed,L5-L6,R5-R4,-6.0,1.0,-6.0,2.0,6.082762530298219,0.0,1.0,0.02702702702702702,-0.16216216216216214,16.439898730535727,3.97504898200729,-8.972626614896395,False,130.1916179,130.2890286
session-1-20261005-10000Hz-600mV,10000,PUFF_RIGHT,61,cue_assumed,L5-L6,R4-R3,-4.0,-6.0,-4.0,-7.0,7.211102550927978,0.0,-1.0,0.11538461538461539,0.07692307692307693,13.867504905630728,11.803398874989469,3.945186229037562,False,130.2892479,130.3921469
session-1-20261005-10000Hz-600mV,10000,PUFF_RIGHT,62,cue_assumed,L5-L6,R3-R2,-1.0,-4.0,-1.0,-4.0,4.123105625617661,0.0,0.0,-0.0,-0.0,0.0,0.0,-0.0,False,130.3923784,130.5010622
session-1-20261005-10000Hz-600mV,10000,PUFF_RIGHT,63,cue_assumed,L5-L6,R2-R1,-18.0,25.0,-18.0,23.0,30.805843601498726,0.0,-2.0,-0.05268703898840885,0.037934668071654375,6.492274731611955,-5.192780594394863,2.2931552773893364,False,130.5013036,130.602148
session-1-20261005-10000Hz-600mV,10000,PUFF_RIGHT,64,cue_assumed,L5-L6,R1-L1,32.0,-65.0,32.0,-63.0,72.44998274671983,0.0,2.0,-0.024766622213755002,0.012192798628310155,2.760525157047812,-2.4690405313902652,0.7162998332089735,True,130.6023847,130.7000293
session-1-20261005-10000Hz-600mV,10000,PUFF_RIGHT,65,cue_assumed,L6-L7,L1-L2,27.0,-55.0,27.0,-55.0,61.26989472816156,0.0,0.0,-0.0,0.0,0.0,0.0,1.3979529100732026e-16,False,130.7002723,130.7990155
session-1-20261005-10000Hz-600mV,10000,PUFF_RIGHT,66,cue_assumed,L6-L7,L2-L3,23.0,-52.0,23.0,-52.0,56.859475903318,0.0,0.0,-0.0,0.0,0.0,0.0,8.185034008591543e-16,False,130.7992897,130.8971445
session-1-20261005-10000Hz-600mV,10000,PUFF_RIGHT,67,cue_assumed,L6-L7,L3-L4,-11.0,36.0,-12.0,37.0,37.64306044943742,-1.0,1.0,0.03316866619618913,0.01764290755116443,3.756903783826722,3.331929479540441,0.9783164481708507,False,130.8973744,130.9941547
session-1-20261005-10000Hz-600mV,10000,PUFF_RIGHT,68,cue_assumed,L6-L7,L4-L5,116.0,-240.0,116.0,-241.0,266.5633133047382,0.0,-1.0,0.0033776176536816035,-0.0016325151992794417,0.3751453970174766,0.3378945720037274,-0.0932212825240895,True,130.994391,131.0930085
session-1-20261005-10000Hz-600mV,10000,PUFF_RIGHT,69,cue_assumed,L6-L7,L8-R8,151.0,-321.0,140.0,-296.0,354.7421598851763,-11.0,25.0,-0.07696953322420177,0.00193893930484258,7.699395125839019,-7.69674967359083,0.1203566723905366,True,131.0932505,131.1910467
session-1-20261005-10000Hz-600mV,10000,PUFF_RIGHT,70,cue_assumed,L6-L7,R8-R7,31.0,-58.0,32.0,-61.0,65.76473218982953,1.0,-3.0,0.047398843930635835,-0.008092485549132946,4.80847036834345,4.743010582548934,-0.44267381480354867,True,131.1913161,131.2890197
session-1-20261005-10000Hz-600mV,10000,PUFF_RIGHT,71,cue_assumed,L6-L7,R7-R6,22.0,-45.0,23.0,-51.0,50.08991914547278,1.0,-6.0,0.11638102829812674,-0.03467516939019529,12.143686063122725,11.691940967834459,-1.779054176051488,False,131.2893012,131.3900501
session-1-20261005-10000Hz-600mV,10000,PUFF_RIGHT,72,cue_assumed,L6-L7,R6-R5,8.0,-22.0,10.0,-24.0,23.40939982143925,2.0,-2.0,0.10948905109489052,0.051094890510948905,12.08244186660354,11.066495503178908,2.6367584261404473,False,131.3903262,131.4870113
session-1-20261005-10000Hz-600mV,10000,PUFF_RIGHT,73,cue_assumed,L6-L7,R5-R4,7.0,-17.0,6.0,-14.0,18.384776310850235,-1.0,3.0,-0.17159763313609466,0.011834319526627215,17.200522903844533,-17.151310659469175,0.8184554616886155,False,131.4872469,131.5861503
session-1-20261005-10000Hz-600mV,10000,PUFF_RIGHT,74,cue_assumed,L6-L7,R4-R3,-11.0,9.0,-10.0,7.0,14.212670403551895,1.0,-2.0,-0.14356435643564358,0.06435643564356434,15.732919388188815,-14.114974391560109,4.297386663941697,False,131.5863829,131.6841482
session-1-20261005-10000Hz-600mV,10000,PUFF_RIGHT,75,cue_assumed,L6-L7,R3-R2,1.0,-4.0,1.0,-3.0,4.123105625617661,0.0,1.0,-0.23529411764705882,0.058823529411764705,24.253562503633297,-23.303501115262947,4.398705354995532,False,131.6843753,131.782154
session-1-20261005-10000Hz-600mV,10000,PUFF_RIGHT,76,cue_assumed,L6-L7,R2-R1,-18.0,43.0,-17.0,40.0,46.61544808322666,1.0,-3.0,-0.06764841233317993,0.005062126092959044,6.783754721229938,-6.763467023627445,0.31107965536079935,False,131.7823962,131.8841546
session-1-20261005-10000Hz-600mV,10000,PUFF_RIGHT,77,cue_assumed,L6-L7,R1-L1,16.0,-47.0,17.0,-45.0,49.64876634922564,1.0,2.0,-0.031643002028397565,0.03204868154158215,4.50377349111045,-3.1112806613108446,1.8955655754106266,False,131.8843989,131.9821126
session-1-20261005-10000Hz-600mV,10000,PUFF_RIGHT,78,cue_assumed,L7-L8,L1-L2,5.0,-18.0,5.0,-18.0,18.681541692269406,0.0,0.0,-0.0,0.0,0.0,0.0,-6.561602781242785e-16,False,131.982318,132.0841657
session-1-20261005-10000Hz-600mV,10000,PUFF_RIGHT,79,cue_assumed,L7-L8,L2-L3,11.0,-27.0,11.0,-27.0,29.154759474226502,0.0,0.0,-0.0,0.0,0.0,0.0,1.1113232239937232e-15,False,132.0843939,132.1811788
session-1-20261005-10000Hz-600mV,10000,PUFF_RIGHT,80,cue_assumed,L7-L8,L3-L4,-14.0,27.0,-15.0,28.0,30.4138126514911,-1.0,1.0,0.04432432432432433,0.014054054054054054,4.649905549752772,4.441888665937621,0.7710146721407689,False,132.181415,132.2790249
session-1-20261005-10000Hz-600mV,10000,PUFF_RIGHT,81,cue_assumed,L7-L8,L4-L5,48.0,-94.0,49.0,-94.0,105.54619841567009,1.0,0.0,0.004308797127468581,0.00843806104129264,0.9474524094763922,0.43442442020362737,0.48137974163616953,True,132.2792824,132.3869996
session-1-20261005-10000Hz-600mV,10000,PUFF_RIGHT,82,cue_assumed,L7-L8,L5-L6,112.0,-216.0,115.0,-217.0,243.3105012119288,3.0,-1.0,0.009324324324324324,0.009054054054054054,1.2996881122750907,0.936493280060402,0.5139529073078067,True,132.3873179,132.4860952
session-1-20261005-10000Hz-600mV,10000,PUFF_RIGHT,83,cue_assumed,L7-L8,R8-R7,82.0,-143.0,90.0,-158.0,164.84234892769516,8.0,-15.0,0.1030802634968535,-0.0031649063408530536,10.312883861814365,10.308480378819196,-0.16438992184020093,True,132.4863726,132.5841711
session-1-20261005-10000Hz-600mV,10000,PUFF_RIGHT,84,cue_assumed,L7-L8,R7-R6,40.0,-73.0,48.0,-91.0,83.24061508662703,8.0,-18.0,0.2358204647135229,-0.019627651897820748,23.663587280191464,23.597632085884634,-0.909911354023145,True,132.58444,132.6811792
session-1-20261005-10000Hz-600mV,10000,PUFF_RIGHT,85,cue_assumed,L7-L8,R6-R5,16.0,-27.0,20.0,-34.0,31.38470965295043,4.0,-7.0,0.2568527918781726,-0.0040609137055837505,25.688489195695425,25.685935230322453,-0.185123037592985,False,132.6814113,132.784263
session-1-20261005-10000Hz-600mV,10000,PUFF_RIGHT,86,cue_assumed,L7-L8,R5-R4,7.0,-19.0,6.0,-16.0,20.248456731316587,-1.0,3.0,-0.15609756097560976,0.004878048780487802,15.617376188860607,-15.608346268649331,0.3311857884153854,False,132.7844948,132.8811601
session-1-20261005-10000Hz-600mV,10000,PUFF_RIGHT,87,cue_assumed,L7-L8,R4-R3,-11.0,9.0,-10.0,7.0,14.212670403551895,1.0,-2.0,-0.14356435643564358,0.06435643564356434,15.732919388188815,-14.114974391560109,4.297386663941697,False,132.8814458,132.9811877
session-1-20261005-10000Hz-600mV,10000,PUFF_RIGHT,88,cue_assumed,L7-L8,R3-R2,0.0,-3.0,1.0,-3.0,3.0,1.0,0.0,-0.0,0.3333333333333333,33.33333333333333,5.409255338945984,18.43494882292201,False,132.9814221,133.0790104
session-1-20261005-10000Hz-600mV,10000,PUFF_RIGHT,89,cue_assumed,L7-L8,R2-R1,-21.0,38.0,-19.0,35.0,43.41658669218482,2.0,-3.0,-0.08275862068965517,-0.006896551724137927,8.304547985373997,-8.27326941698906,-0.4307872170086308,False,133.0792934,133.1780928
session-1-20261005-10000Hz-600mV,10000,PUFF_RIGHT,90,cue_assumed,L7-L8,R1-L1,30.0,-55.0,30.0,-54.0,62.64982043070834,0.0,1.0,-0.014012738853503185,0.007643312101910828,1.5961737689352444,-1.398311405784869,0.44414443311193,True,133.1783281,133.2771482
session-1-20261005-10000Hz-600mV,10000,PUFF_RIGHT,91,cue_assumed,L8-R8,L1-L2,-1.0,-2.0,-2.0,-1.0,2.23606797749979,-1.0,1.0,-0.2,-0.6000000000000001,63.245553203367585,0.0,-36.86989764584403,False,133.2774005,133.3810452
session-1-20261005-10000Hz-600mV,10000,PUFF_RIGHT,92,cue_assumed,L8-R8,L2-L3,9.0,-24.0,8.0,-22.0,25.632011235952593,-1.0,2.0,-0.0867579908675799,-0.0091324200913242,8.723732043170228,-8.671232990861855,-0.5729386976834859,False,133.3813232,133.4790505
session-1-20261005-10000Hz-600mV,10000,PUFF_RIGHT,93,cue_assumed,L8-R8,L3-L4,-14.0,28.0,-13.0,28.0,31.304951684997057,1.0,0.0,-0.014285714285714285,-0.02857142857142857,3.1943828249996997,-1.3871722547296295,-1.6602823689828057,False,133.4793758,133.5761672
session-1-20261005-10000Hz-600mV,10000,PUFF_RIGHT,94,cue_assumed,L8-R8,L4-L5,33.0,-70.0,30.0,-66.0,77.38862965578342,-3.0,4.0,-0.06328268492235767,-0.013023877108031393,6.460897449973571,-6.319214897547321,-0.7965744843702549,True,133.5764034,133.6750595
session-1-20261005-10000Hz-600mV,10000,PUFF_RIGHT,95,cue_assumed,L8-R8,L5-L6,29.0,-62.0,28.0,-60.0,68.4470598345904,-1.0,2.0,-0.03265741728922092,-0.000853788687299894,3.2668576019240056,-3.265704050699625,-0.05056995996045058,True,133.6754458,133.7720543
session-1-20261005-10000Hz-600mV,10000,PUFF_RIGHT,96,cue_assumed,L8-R8,L6-L7,167.0,-329.0,154.0,-303.0,368.95799218881274,-13.0,26.0,-0.07878498494086535,0.0004774847572173649,7.87864318510856,-7.878486119577099,0.029697582511369284,True,133.7722941,133.8810339
session-1-20261005-10000Hz-600mV,10000,PUFF_RIGHT,97,cue_assumed,L8-R8,R7-R6,183.0,-361.0,191.0,-392.0,404.7344808636892,8.0,-31.0,0.07725413588913986,-0.01700140406568586,7.910277651373816,7.73882870304754,-0.9041764635129719,True,133.8812935,133.9790391
session-1-20261005-10000Hz-600mV,10000,PUFF_RIGHT,98,cue_assumed,L8-R8,R6-R5,47.0,-88.0,55.0,-104.0,99.76472322419383,8.0,-16.0,0.17924243946548782,-0.004822666532703703,17.930730664985383,17.925230088772782,-0.2343172943985411,True,133.9793047,134.0761836
session-1-20261005-10000Hz-600mV,10000,PUFF_RIGHT,99,cue_assumed,L8-R8,R5-R4,23.0,-47.0,19.0,-39.0,52.32590180780452,-4.0,8.0,-0.170927684441198,-0.001460920379839301,17.09339275766692,-17.092639728767733,-0.10096162151744613,False,134.0764256,134.1777448
session-1-20261005-10000Hz-600mV,10000,PUFF_RIGHT,100,cue_assumed,L8-R8,R4-R3,-17.0,19.0,-15.0,14.0,25.495097567963924,2.0,-5.0,-0.19846153846153847,0.07230769230769231,21.122354181147664,-19.520666771381123,5.154764130746211,False,134.1779847,134.2810318
session-1-20261005-10000Hz-600mV,10000,PUFF_RIGHT,101,cue_assumed,L8-R8,R3-R2,5.0,-10.0,4.0,-8.0,11.180339887498949,-1.0,2.0,-0.2,-0.0,20.0,-19.999999999999996,-0.0,False,134.2813145,134.3800524
session-1-20261005-10000Hz-600mV,10000,PUFF_RIGHT,102,cue_assumed,L8-R8,R2-R1,-12.0,28.0,-12.0,28.0,30.463092423455635,0.0,0.0,0.0,-0.0,0.0,0.0,1.1515801432885144e-15,False,134.380296,134.4800291
session-1-20261005-10000Hz-600mV,10000,PUFF_RIGHT,103,cue_assumed,L8-R8,R1-L1,34.0,-71.0,33.0,-68.0,78.7210264160726,-1.0,3.0,-0.03985799580442149,0.005002420526060996,4.0170686335496395,-3.98449643771992,0.2985131250102642,True,134.4803302,134.5781309
session-1-20261005-10000Hz-600mV,10000,PUFF_RIGHT,104,cue_assumed,R8-R7,L1-L2,-4.0,5.0,-1.0,2.0,6.4031242374328485,3.0,-3.0,-0.6585365853658538,-0.07317073170731707,66.25891564490793,-65.07848521152108,-12.094757077012105,False,134.5783824,134.6761592
session-1-20261005-10000Hz-600mV,10000,PUFF_RIGHT,105,cue_assumed,R8-R7,L2-L3,4.0,-13.0,4.0,-13.0,13.601470508735444,0.0,0.0,-0.0,0.0,0.0,0.0,-8.939937483032589e-16,False,134.6764196,134.7723821
session-1-20261005-10000Hz-600mV,10000,PUFF_RIGHT,106,cue_assumed,R8-R7,L3-L4,-7.0,15.0,-6.0,13.0,16.55294535724685,1.0,-2.0,-0.13503649635036497,-0.00364963503649635,13.508580673957479,-13.5028796732659,-0.24175290926810195,False,134.7726942,134.868065
session-1-20261005-10000Hz-600mV,10000,PUFF_RIGHT,107,cue_assumed,R8-R7,L4-L5,14.0,-34.0,13.0,-32.0,36.76955262170047,-1.0,2.0,-0.060650887573964495,-0.004437869822485208,6.081303192631498,-6.06404044753992,-0.27068670820789925,False,134.8684339,134.9651592
session-1-20261005-10000Hz-600mV,10000,PUFF_RIGHT,108,cue_assumed,R8-R7,L5-L6,7.0,-19.0,9.0,-21.0,20.248456731316587,2.0,-2.0,0.12682926829268293,0.058536585365853655,13.968605915391564,12.834867470446266,2.9737310824801093,False,134.965384,135.0640443
session-1-20261005-10000Hz-600mV,10000,PUFF_RIGHT,109,cue_assumed,R8-R7,L6-L7,38.0,-62.0,38.0,-64.0,72.71863585079137,0.0,-2.0,0.02344931921331316,-0.01437216338880484,2.75032662068046,2.35502274332553,-0.8045441683897758,True,135.0643112,135.1690271
session-1-20261005-10000Hz-600mV,10000,PUFF_RIGHT,110,cue_assumed,R8-R7,L7-L8,79.0,-143.0,84.0,-154.0,163.37074401495514,5.0,-11.0,0.07373548145372799,-0.005769951292618955,7.396089211963481,7.375098438631866,-0.3078883772210745,True,135.169279,135.2651478
session-1-20261005-10000Hz-600mV,10000,PUFF_RIGHT,111,cue_assumed,R8-R7,R6-R5,115.0,-207.0,106.0,-195.0,236.799493242701,-9.0,12.0,-0.06275635767022149,-0.008613617719442164,6.3344730153734625,-6.2716777330456,-0.5265547028019798,True,135.2653994,135.3621467
session-1-20261005-10000Hz-600mV,10000,PUFF_RIGHT,112,cue_assumed,R8-R7,R5-R4,30.0,-59.0,32.0,-61.0,66.18912297349165,2.0,-2.0,0.04062999315224834,0.013238986532755079,4.2732506455463355,4.07142035220156,0.7288826372563223,False,135.3623902,135.4579835
session-1-20261005-10000Hz-600mV,10000,PUFF_RIGHT,113,cue_assumed,R8-R7,R4-R3,-18.0,20.0,-19.0,23.0,26.90724809414742,-1.0,3.0,0.10773480662983424,-0.046961325966850834,11.75251236805671,10.872979934508864,-2.427544526822167,False,135.4582297,135.5551199
session-1-20261005-10000Hz-600mV,10000,PUFF_RIGHT,114,cue_assumed,R8-R7,R3-R2,5.0,-12.0,5.0,-11.0,13.0,0.0,1.0,-0.07100591715976332,0.02958579881656805,7.6923076923076925,-7.053492510810999,1.8240898323761088,False,135.5553828,135.6520562
session-1-20261005-10000Hz-600mV,10000,PUFF_RIGHT,115,cue_assumed,R8-R7,R2-R1,-10.0,15.0,-11.0,18.0,18.027756377319946,-1.0,3.0,0.1692307692307692,-0.04615384615384614,17.541160386140582,17.014134583424134,-2.2605019111412705,False,135.6522929,135.7510207
session-1-20261005-10000Hz-600mV,10000,PUFF_RIGHT,116,cue_assumed,R8-R7,R1-L1,28.0,-55.0,29.0,-56.0,61.71709649683789,1.0,-1.0,0.02179049619322657,0.007088474665266476,2.2914453897641684,2.181508336091831,0.3974720531088748,True,135.7513007,135.8500636
session-1-20261005-10000Hz-600mV,10000,PUFF_RIGHT,117,cue_assumed,R7-R6,L1-L2,-15.0,22.0,-15.0,23.0,26.627053911388696,0.0,1.0,0.031029619181946404,-0.021156558533145273,3.7555788309433984,3.1246660891290468,-1.1755350168369374,False,135.8504699,135.9551839
session-1-20261005-10000Hz-600mV,10000,PUFF_RIGHT,118,cue_assumed,R7-R6,L2-L3,3.0,-16.0,4.0,-16.0,16.278820596099706,1.0,0.0,0.011320754716981133,0.06037735849056604,6.142951168339512,1.31214608030088,3.416588191771344,False,135.955458,136.05444
session-1-20261005-10000Hz-600mV,10000,PUFF_RIGHT,119,cue_assumed,R7-R6,L3-L4,-13.0,25.0,-14.0,26.0,28.178005607210743,-1.0,1.0,0.04785894206549118,0.015113350125944584,5.018856132284956,4.796792690360507,0.8263241397292467,False,136.0547076,136.1520157
session-1-20261005-10000Hz-600mV,10000,PUFF_RIGHT,120,cue_assumed,R7-R6,L4-L5,17.0,-43.0,18.0,-46.0,46.238512086787566,1.0,-3.0,0.06828811973807296,-0.0037418147801683804,6.839055837767723,6.829467280865731,-0.20068492191141368,False,136.1522689,136.2500748
session-1-20261005-10000Hz-600mV,10000,PUFF_RIGHT,121,cue_assumed,R7-R6,L5-L6,-2.0,-9.0,-2.0,-10.0,9.219544457292887,0.0,-1.0,0.10588235294117647,0.023529411764705882,10.846522890932809,10.613263750994427,1.2188752351312968,False,136.2503361,136.3490673
session-1-20261005-10000Hz-600mV,10000,PUFF_RIGHT,122,cue_assumed,R7-R6,L6-L7,26.0,-55.0,28.0,-61.0,60.83584469702052,2.0,-6.0,0.10321534720345851,-0.01242907322345312,10.396100114718235,10.328535935470562,-0.6454798813381075,False,136.3493112,136.4461316
session-1-20261005-10000Hz-600mV,10000,PUFF_RIGHT,123,cue_assumed,R7-R6,L7-L8,31.0,-76.0,37.0,-94.0,82.0792300158816,6.0,-18.0,0.23066646875463856,-0.015140270149918362,23.116281618795693,23.075959679265722,-0.7048455790591244,True,136.4463963,136.5420281
session-1-20261005-10000Hz-600mV,10000,PUFF_RIGHT,124,cue_assumed,R7-R6,L8-R8,150.0,-363.0,157.0,-398.0,392.77092560422545,7.0,-35.0,0.08916243704179064,-0.01756023569219999,9.08752004498306,8.930398702124398,-0.9236824497059208,True,136.5423491,136.6390688
session-1-20261005-10000Hz-600mV,10000,PUFF_RIGHT,125,cue_assumed,R7-R6,R5-R4,41.0,-100.0,41.0,-95.0,108.07867504739313,0.0,5.0,-0.04280455440458865,0.017549867305881345,4.626259526041998,-4.264368236739946,1.0503818018834246,True,136.6393523,136.7373164
session-1-20261005-10000Hz-600mV,10000,PUFF_RIGHT,126,cue_assumed,R7-R6,R4-R3,-8.0,7.0,-9.0,6.0,10.63014581273465,-1.0,-1.0,0.008849557522123894,0.1327433628318584,13.303802104754784,1.754519805682131,7.495857639729858,False,136.7375473,136.8341609
session-1-20261005-10000Hz-600mV,10000,PUFF_RIGHT,127,cue_assumed,R7-R6,R3-R2,8.0,-22.0,7.0,-21.0,23.40939982143925,-1.0,1.0,-0.05474452554744526,-0.025547445255474453,6.04122093330177,-5.439935282297636,-1.5481576989779682,False,136.8344092,136.9331543
session-1-20261005-10000Hz-600mV,10000,PUFF_RIGHT,128,cue_assumed,R7-R6,R2-R1,-3.0,-11.0,-3.0,-14.0,11.40175425099138,0.0,-3.0,0.25384615384615383,0.06923076923076923,26.311740579210873,25.57559782549621,3.1603616260456744,False,136.9333896,137.0331676
session-1-20261005-10000Hz-600mV,10000,PUFF_RIGHT,129,cue_assumed,R7-R6,R1-L1,34.0,-63.0,35.0,-61.0,71.58910531638176,1.0,2.0,-0.01795121951219512,0.025560975609756093,3.123475237772121,-1.7618622564684716,1.490970164363345,True,137.0334024,137.1351571
session-1-20261005-10000Hz-600mV,10000,PUFF_RIGHT,130,cue_assumed,R6-R5,L1-L2,-3.0,-2.0,-3.0,-2.0,3.605551275463989,0.0,0.0,-0.0,-0.0,0.0,0.0,1.4679483145216231e-15,False,137.1353891,137.2310348
session-1-20261005-10000Hz-600mV,10000,PUFF_RIGHT,131,cue_assumed,R6-R5,L2-L3,5.0,-21.0,5.0,-21.0,21.587033144922902,0.0,0.0,-0.0,0.0,0.0,0.0,7.166485870250413e-16,False,137.2312802,137.3341533
session-1-20261005-10000Hz-600mV,10000,PUFF_RIGHT,132,cue_assumed,R6-R5,L3-L4,1.0,-4.0,1.0,-3.0,4.123105625617661,0.0,1.0,-0.23529411764705882,0.058823529411764705,24.253562503633297,-23.303501115262947,4.398705354995532,False,137.3343868,137.4300481
session-1-20261005-10000Hz-600mV,10000,PUFF_RIGHT,133,cue_assumed,R6-R5,L4-L5,4.0,-18.0,5.0,-18.0,18.439088914585774,1.0,0.0,0.011764705882352941,0.052941176470588235,5.423261445466404,1.3148848015578585,2.9953032876027477,False,137.4302918,137.5280245
session-1-20261005-10000Hz-600mV,10000,PUFF_RIGHT,134,cue_assumed,R6-R5,L5-L6,3.0,-30.0,4.0,-31.0,30.14962686336267,1.0,-1.0,0.036303630363036306,0.0297029702970297,4.690650298201946,3.672922248197219,1.6417862223927169,False,137.5282601,137.6280788
session-1-20261005-10000Hz-600mV,10000,PUFF_RIGHT,135,cue_assumed,R6-R5,L6-L7,8.0,-23.0,9.0,-26.0,24.351591323771842,1.0,-3.0,0.12984822934232715,-0.0016863406408094423,12.98591791445427,12.984948780479112,-0.08551602532510602,False,137.6283377,137.7261467
session-1-20261005-10000Hz-600mV,10000,PUFF_RIGHT,136,cue_assumed,R6-R5,L7-L8,7.0,-24.0,10.0,-30.0,25.0,3.0,-6.0,0.26399999999999996,0.047999999999999994,26.83281572999747,26.491106406735177,2.174744114610053,False,137.7264045,137.8250412
session-1-20261005-10000Hz-600mV,10000,PUFF_RIGHT,137,cue_assumed,R6-R5,L8-R8,29.0,-82.0,35.0,-98.0,86.97700845625813,6.0,-16.0,0.19643093192333114,0.003701255783212165,19.646579934085505,19.643665697658385,0.1772485591213245,True,137.8253508,137.9241759
session-1-20261005-10000Hz-600mV,10000,PUFF_RIGHT,138,cue_assumed,R6-R5,R8-R7,70.0,-193.0,66.0,-186.0,205.30221625691235,-4.0,7.0,-0.03869605447341574,-0.00669055019098911,3.9270193450856623,-3.8672772076627226,-0.3987647204480221,True,137.9244119,138.0221708
session-1-20261005-10000Hz-600mV,10000,PUFF_RIGHT,139,cue_assumed,R6-R5,R4-R3,-130.0,342.0,-129.0,339.0,365.8742953529258,1.0,-3.0,-0.008635630191836493,0.00035857287993784723,0.8643071405489191,-0.863556534458676,0.020723673755141055,True,138.0227439,138.1210511
session-1-20261005-10000Hz-600mV,10000,PUFF_RIGHT,140,cue_assumed,R6-R5,R3-R2,70.0,-191.0,69.0,-189.0,203.42320418280704,-1.0,2.0,-0.010922887315434619,-0.0012324496749716051,1.0992197210158672,-1.0922119462457136,-0.07139395643255173,True,138.1213186,138.2200732
session-1-20261005-10000Hz-600mV,10000,PUFF_RIGHT,141,cue_assumed,R6-R5,R2-R1,38.0,-130.0,38.0,-132.0,135.4400236266961,0.0,-2.0,0.0141735717400785,-0.004143044047099869,1.476668377962234,1.4182034168425117,-0.23406014943827141,True,138.2204356,138.3180131
session-1-20261005-10000Hz-600mV,10000,PUFF_RIGHT,142,cue_assumed,R6-R5,R1-L1,37.0,-84.0,37.0,-82.0,91.7877987534291,0.0,2.0,-0.019940652818991097,0.008783382789317506,2.178938842811373,-1.9901294863578944,0.5134763442865807,True,138.3182362,138.4171514
session-1-20261005-10000Hz-600mV,10000,PUFF_RIGHT,143,cue_assumed,R5-R4,L1-L2,-23.0,57.0,-23.0,57.0,61.465437442517235,0.0,0.0,0.0,-0.0,0.0,0.0,1.1036810977762496e-15,True,138.4173906,138.5150131
session-1-20261005-10000Hz-600mV,10000,PUFF_RIGHT,144,cue_assumed,R5-R4,L2-L3,0.0,-11.0,0.0,-11.0,11.0,0.0,0.0,-0.0,0.0,0.0,0.0,-0.0,False,138.5152976,138.6141595
session-1-20261005-10000Hz-600mV,10000,PUFF_RIGHT,145,cue_assumed,R5-R4,L3-L4,-21.0,58.0,-21.0,56.0,61.68468205316454,0.0,-2.0,-0.030486202365308808,0.011038107752956638,3.242296034331908,-3.0423368873400136,0.652295682275629,True,138.614401,138.7121457
session-1-20261005-10000Hz-600mV,10000,PUFF_RIGHT,146,cue_assumed,R5-R4,L4-L5,20.0,-67.0,20.0,-65.0,69.92138442565336,0.0,2.0,-0.02740846798936388,0.008181632235631009,2.860355263884368,-2.7374055844264444,0.48197205516031505,True,138.7124109,138.8080995
session-1-20261005-10000Hz-600mV,10000,PUFF_RIGHT,147,cue_assumed,R5-R4,L5-L6,-6.0,-5.0,-6.0,-4.0,7.810249675906654,0.0,1.0,-0.0819672131147541,-0.09836065573770493,12.8036879932896,-7.6712928503034465,-6.115503566285409,False,138.8083454,138.9060472
session-1-20261005-10000Hz-600mV,10000,PUFF_RIGHT,148,cue_assumed,R5-R4,L6-L7,8.0,-26.0,8.0,-24.0,27.202941017470888,0.0,2.0,-0.07027027027027027,0.021621621621621623,7.352146220938077,-7.001889004944573,1.3322198538696381,False,138.906284,139.0041508
session-1-20261005-10000Hz-600mV,10000,PUFF_RIGHT,149,cue_assumed,R5-R4,L7-L8,0.0,-21.0,0.0,-19.0,21.0,0.0,2.0,-0.09523809523809523,0.0,9.523809523809524,-9.523809523809524,-0.0,False,139.0048933,139.1010178
session-1-20261005-10000Hz-600mV,10000,PUFF_RIGHT,150,cue_assumed,R5-R4,L8-R8,11.0,-47.0,9.0,-39.0,48.27007354458868,-2.0,8.0,-0.17081545064377684,-0.0025751072961373383,17.08348598975724,-17.081145203960425,-0.17793663141038743,False,139.101293,139.1971443
session-1-20261005-10000Hz-600mV,10000,PUFF_RIGHT,151,cue_assumed,R5-R4,R8-R7,13.0,-58.0,14.0,-61.0,59.43904440685432,1.0,-3.0,0.052929521652986124,0.0053778658363996595,5.320202724867015,5.294325536058242,0.29263718943094263,True,139.197372,139.3021644
session-1-20261005-10000Hz-600mV,10000,PUFF_RIGHT,152,cue_assumed,R5-R4,R7-R6,20.0,-90.0,20.0,-86.0,92.19544457292888,0.0,4.0,-0.042352941176470586,0.009411764705882352,4.338609156373123,-4.2306692835208715,0.5630853551953352,True,139.3023994,139.40215
session-1-20261005-10000Hz-600mV,10000,PUFF_RIGHT,153,cue_assumed,R5-R4,R3-R2,-83.0,254.0,-81.0,248.0,267.21714016881475,2.0,-6.0,-0.02366781037742455,-0.0001400462152510334,2.3668224711712775,-2.366780033322924,-0.00821857263431294,True,139.4024092,139.5000196
session-1-20261005-10000Hz-600mV,10000,PUFF_RIGHT,154,cue_assumed,R5-R4,R2-R1,-17.0,38.0,-16.0,32.0,41.6293165929973,1.0,-6.0,-0.1413733410271206,0.03693017888055395,14.611728051575643,-14.057951059386575,2.462816675916847,False,139.5002988,139.5990315
session-1-20261005-10000Hz-600mV,10000,PUFF_RIGHT,155,cue_assumed,R5-R4,R1-L1,16.0,-14.0,16.0,-12.0,21.2602916254693,0.0,2.0,-0.061946902654867256,0.07079646017699115,9.407208683835973,-5.927913161640275,4.316027519865624,False,139.5993522,139.7060341
session-1-20261005-10000Hz-600mV,10000,PUFF_RIGHT,156,cue_assumed,R4-R3,L1-L2,1.0,-34.0,1.0,-33.0,34.0147027033899,0.0,1.0,-0.029386343993085564,0.0008643042350907519,2.9399051601892734,-2.938595917382314,0.05102027103209748,False,139.7062786,139.8021501
session-1-20261005-10000Hz-600mV,10000,PUFF_RIGHT,157,cue_assumed,R4-R3,L2-L3,-3.0,-5.0,-3.0,-6.0,5.830951894845301,0.0,-1.0,0.14705882352941177,0.08823529411764706,17.149858514250884,15.044748327105584,4.398705354995531,False,139.8023803,139.8980057
session-1-20261005-10000Hz-600mV,10000,PUFF_RIGHT,158,cue_assumed,R4-R3,L3-L4,4.0,-39.0,3.0,-36.0,39.20459156782532,-1.0,3.0,-0.07872478854912167,-0.01756668835393624,8.066090051461265,-7.855732474907329,-1.0923718947027794,False,139.8982578,139.9981223
session-1-20261005-10000Hz-600mV,10000,PUFF_RIGHT,159,cue_assumed,R4-R3,L4-L5,-1.0,18.0,-1.0,16.0,18.027756377319946,0.0,-2.0,-0.11076923076923076,0.006153846153846153,11.094003924504582,-11.074793743886602,0.3965042551331167,False,139.9983538,140.0980777
session-1-20261005-10000Hz-600mV,10000,PUFF_RIGHT,160,cue_assumed,R4-R3,L5-L6,-5.0,-2.0,-5.0,-2.0,5.385164807134504,0.0,0.0,-0.0,-0.0,0.0,0.0,-1.0967429936081094e-15,False,140.0983276,140.1950091
session-1-20261005-10000Hz-600mV,10000,PUFF_RIGHT,161,cue_assumed,R4-R3,L6-L7,-1.0,6.0,0.0,4.0,6.082762530298219,1.0,-2.0,-0.35135135135135126,-0.10810810810810811,36.76073110469037,-34.24040507785707,-9.462322208025617,False,140.195263,140.2971449
session-1-20261005-10000Hz-600mV,10000,PUFF_RIGHT,162,cue_assumed,R4-R3,L7-L8,-7.0,10.0,-6.0,8.0,12.206555615733702,1.0,-2.0,-0.18120805369127518,0.02684563758389261,18.318582636182796,-18.07680794809595,1.877877447285361,False,140.2974196,140.3990409
session-1-20261005-10000Hz-600mV,10000,PUFF_RIGHT,163,cue_assumed,R4-R3,L8-R8,-7.0,19.0,-6.0,16.0,20.248456731316587,1.0,-3.0,-0.15609756097560976,0.004878048780487802,15.617376188860607,-15.608346268649331,0.3311857884153854,False,140.399271,140.4971492
session-1-20261005-10000Hz-600mV,10000,PUFF_RIGHT,164,cue_assumed,R4-R3,R8-R7,-8.0,17.0,-8.0,18.0,18.788294228055936,0.0,1.0,0.04815864022662889,-0.022662889518413595,5.322462954123494,4.840361580979846,-1.2386346708968872,False,140.4974208,140.5991104
session-1-20261005-10000Hz-600mV,10000,PUFF_RIGHT,165,cue_assumed,R4-R3,R7-R6,-9.0,14.0,-10.0,13.0,16.64331697709324,-1.0,-1.0,-0.018050541516245487,0.08303249097472924,8.497185773241748,-1.4546229610943318,4.833365756719893,False,140.59954,140.7040394
session-1-20261005-10000Hz-600mV,10000,PUFF_RIGHT,166,cue_assumed,R4-R3,R6-R5,-62.0,300.0,-62.0,299.0,306.33968074671617,0.0,-1.0,-0.0031967946805336518,0.0006606709006436213,0.3264350206158265,-0.31965757376227755,0.0379750471397644,True,140.7042116,140.8031553
session-1-20261005-10000Hz-600mV,10000,PUFF_RIGHT,167,cue_assumed,R4-R3,R2-R1,57.0,-442.0,57.0,-442.0,445.66018444550326,0.0,0.0,-0.0,0.0,0.0,0.0,-7.715142686709797e-16,True,140.8034023,140.9011713
session-1-20261005-10000Hz-600mV,10000,PUFF_RIGHT,168,cue_assumed,R4-R3,R1-L1,42.0,-103.0,42.0,-100.0,111.23398761170077,0.0,3.0,-0.024973733128586438,0.010183463994180877,2.697017399459325,-2.4920555017117763,0.598392385211714,True,140.9014035,140.9990312
session-1-20261005-10000Hz-600mV,10000,PUFF_RIGHT,169,cue_assumed,R3-R2,L1-L2,-13.0,27.0,-13.0,27.0,29.966648127543394,0.0,0.0,0.0,-0.0,0.0,0.0,1.2431789456499938e-15,False,140.999294,141.0980244
session-1-20261005-10000Hz-600mV,10000,PUFF_RIGHT,170,cue_assumed,R3-R2,L2-L3,1.0,-18.0,2.0,-19.0,18.027756377319946,1.0,-1.0,0.05846153846153846,0.0523076923076923,7.84464540552736,5.975323687966294,2.829175837630291,False,141.0982773,141.2070515
session-1-20261005-10000Hz-600mV,10000,PUFF_RIGHT,171,cue_assumed,R3-R2,L3-L4,1.0,-11.0,0.0,-9.0,11.045361017187261,-1.0,2.0,-0.18852459016393439,-0.07377049180327867,20.244408254472894,-18.517828561733328,-5.194428907734807,False,141.2072874,141.3064521
session-1-20261005-10000Hz-600mV,10000,PUFF_RIGHT,172,cue_assumed,R3-R2,L4-L5,-2.0,-6.0,-1.0,-6.0,6.324555320336759,1.0,0.0,-0.049999999999999996,0.15,15.811388300841896,-3.823079691643305,8.972626614896392,False,141.3066986,141.4052579
session-1-20261005-10000Hz-600mV,10000,PUFF_RIGHT,173,cue_assumed,R3-R2,L5-L6,-6.0,-5.0,-6.0,-5.0,7.810249675906654,0.0,0.0,-0.0,-0.0,0.0,0.0,-1.251365776313515e-15,False,141.4058231,141.5040912
session-1-20261005-10000Hz-600mV,10000,PUFF_RIGHT,174,cue_assumed,R3-R2,L6-L7,2.0,-11.0,2.0,-11.0,11.180339887498949,0.0,0.0,-0.0,0.0,0.0,0.0,-2.798888119687895e-16,False,141.5044371,141.6020516
session-1-20261005-10000Hz-600mV,10000,PUFF_RIGHT,175,cue_assumed,R3-R2,L7-L8,-5.0,-5.0,-5.0,-5.0,7.0710678118654755,0.0,0.0,-0.0,-0.0,0.0,0.0,-0.0,False,141.6023038,141.699041
session-1-20261005-10000Hz-600mV,10000,PUFF_RIGHT,176,cue_assumed,R3-R2,L8-R8,-1.0,-11.0,-2.0,-9.0,11.045361017187261,-1.0,2.0,-0.1721311475409836,-0.10655737704918032,20.244408254472898,-16.53016643868217,-7.334378801416705,False,141.6992771,141.7970159
session-1-20261005-10000Hz-600mV,10000,PUFF_RIGHT,177,cue_assumed,R3-R2,R8-R7,-3.0,-14.0,-2.0,-15.0,14.317821063276353,1.0,-1.0,0.05365853658536586,0.08292682926829269,9.877295966495897,5.691682299588141,4.500113708420657,False,141.797302,141.8951837
session-1-20261005-10000Hz-600mV,10000,PUFF_RIGHT,178,cue_assumed,R3-R2,R7-R6,-7.0,-16.0,-8.0,-16.0,17.46424919657298,-1.0,0.0,0.022950819672131147,-0.05245901639344262,5.725983343138682,2.429503946316802,-2.935673446421173,False,141.8954207,141.9930589
session-1-20261005-10000Hz-600mV,10000,PUFF_RIGHT,179,cue_assumed,R3-R2,R6-R5,20.0,-186.0,20.0,-184.0,187.0721785835617,0.0,2.0,-0.010629786261287005,0.0011429877700308607,1.0691060611702008,-1.0629126032897007,0.0661919524298475,True,141.9933914,142.0921601
session-1-20261005-10000Hz-600mV,10000,PUFF_RIGHT,180,cue_assumed,R3-R2,R5-R4,-46.0,261.0,-45.0,255.0,265.02264054227516,1.0,-6.0,-0.022950866352492275,0.00021356265216338939,2.295185995374582,-2.2950843012312205,0.01252366745368614,True,142.0925143,142.1920784
session-1-20261005-10000Hz-600mV,10000,PUFF_RIGHT,181,cue_assumed,R3-R2,R1-L1,30.0,-58.0,30.0,-56.0,65.29931086925804,0.0,2.0,-0.02720450281425891,0.014071294559099437,3.062819459158444,-2.7102738889957623,0.8287143298892924,True,142.1927374,142.2941865
session-1-20261005-10000Hz-600mV,10000,PUFF_RIGHT,182,cue_assumed,R2-R1,L1-L2,6.0,-255.0,5.0,-258.0,255.07057846799972,-1.0,-3.0,0.01166597500806935,-0.004196062157052612,1.2397657460776519,1.1674676922702076,-0.23764293697807287,True,142.2944656,142.3912976
session-1-20261005-10000Hz-600mV,10000,PUFF_RIGHT,183,cue_assumed,R2-R1,L2-L3,-2.0,-9.0,-2.0,-9.0,9.219544457292887,0.0,0.0,-0.0,-0.0,0.0,0.0,-6.735292266628623e-16,False,142.3915371,142.4890453
session-1-20261005-10000Hz-600mV,10000,PUFF_RIGHT,184,cue_assumed,R2-R1,L3-L4,-5.0,-10.0,-5.0,-10.0,11.180339887498949,0.0,0.0,-0.0,-0.0,0.0,0.0,-0.0,False,142.4893169,142.5880364
session-1-20261005-10000Hz-600mV,10000,PUFF_RIGHT,185,cue_assumed,R2-R1,L4-L5,-1.0,12.0,-1.0,11.0,12.041594578792296,0.0,-1.0,-0.08275862068965517,0.006896551724137931,8.304547985373997,-8.273269416989038,0.43078721700862865,False,142.5882186,142.6871542
session-1-20261005-10000Hz-600mV,10000,PUFF_RIGHT,186,cue_assumed,R2-R1,L5-L6,-10.0,-6.0,-9.0,-5.0,11.661903789690601,1.0,1.0,-0.11764705882352942,-0.029411764705882356,12.12678125181665,-11.715699883508023,-1.9091524329963754,False,142.6874002,142.7851477
session-1-20261005-10000Hz-600mV,10000,PUFF_RIGHT,187,cue_assumed,R2-R1,L6-L7,1.0,-3.0,0.0,-4.0,3.1622776601683795,-1.0,-1.0,0.2,-0.39999999999999997,44.721359549995796,26.491106406735177,-18.43494882292201,False,142.785427,142.8840262
session-1-20261005-10000Hz-600mV,10000,PUFF_RIGHT,188,cue_assumed,R2-R1,L7-L8,-9.0,3.0,-8.0,3.0,9.486832980505138,1.0,0.0,-0.1,-0.03333333333333333,10.5409255338946,-9.938292759291368,-2.1210963966614544,False,142.8842794,142.985149
session-1-20261005-10000Hz-600mV,10000,PUFF_RIGHT,189,cue_assumed,R2-R1,L8-R8,-5.0,-3.0,-5.0,-2.0,5.830951894845301,0.0,1.0,-0.08823529411764706,-0.14705882352941177,17.149858514250884,-7.645185481720107,-9.162347045721708,False,142.9854383,143.083146
session-1-20261005-10000Hz-600mV,10000,PUFF_RIGHT,190,cue_assumed,R2-R1,R8-R7,-8.0,-11.0,-8.0,-11.0,13.601470508735444,0.0,0.0,-0.0,-0.0,0.0,0.0,7.564562485642958e-16,False,143.0834292,143.1790324
session-1-20261005-10000Hz-600mV,10000,PUFF_RIGHT,191,cue_assumed,R2-R1,R7-R6,-12.0,-17.0,-13.0,-19.0,20.808652046684813,-1.0,-2.0,0.10623556581986142,0.016166281755196306,10.745856927604471,10.635368474578556,0.8372482443478503,False,143.1793315,143.277038
session-1-20261005-10000Hz-600mV,10000,PUFF_RIGHT,192,cue_assumed,R2-R1,R6-R5,-4.0,-103.0,-3.0,-104.0,103.07764064044152,1.0,-1.0,0.00931764705882353,0.010070588235294118,1.3719886811400708,0.9367886061254049,0.5716565627341712,True,143.2773119,143.3761747
session-1-20261005-10000Hz-600mV,10000,PUFF_RIGHT,193,cue_assumed,R2-R1,R5-R4,-10.0,5.0,-10.0,2.0,11.180339887498949,0.0,-3.0,-0.12,0.24,26.832815729997478,-8.785965992068956,15.255118703057777,False,143.3765031,143.4720292
session-1-20261005-10000Hz-600mV,10000,PUFF_RIGHT,194,cue_assumed,R2-R1,R4-R3,-10.0,-326.0,-9.0,-329.0,326.15333817086713,1.0,-3.0,0.009099796946679702,0.0033466195382417085,0.9695677738278143,0.9105346363879052,0.19001735285965332,True,143.4723909,143.5700431
session-1-20261005-10000Hz-600mV,10000,PUFF_RIGHT,195,cue_assumed,R1-L1,L2-L3,-7.0,23.0,-7.0,23.0,24.041630560342615,0.0,0.0,0.0,-0.0,0.0,0.0,-1.0124949158984206e-15,False,143.5702922,143.6670035
session-1-20261005-10000Hz-600mV,10000,PUFF_RIGHT,196,cue_assumed,R1-L1,L3-L4,2.0,-26.0,2.0,-27.0,26.076809620810597,0.0,-1.0,0.03823529411764706,-0.0029411764705882357,3.8348249442368525,3.823946008162693,-0.16231055593669177,False,143.667256,143.7661428
session-1-20261005-10000Hz-600mV,10000,PUFF_RIGHT,197,cue_assumed,R1-L1,L4-L5,-4.0,23.0,-4.0,23.0,23.345235059857504,0.0,0.0,0.0,-0.0,0.0,0.0,2.684504868758198e-16,False,143.7663966,143.8641941
session-1-20261005-10000Hz-600mV,10000,PUFF_RIGHT,198,cue_assumed,R1-L1,L5-L6,-2.0,-10.0,-2.0,-10.0,10.198039027185569,0.0,0.0,-0.0,-0.0,0.0,0.0,6.116451310506762e-16,False,143.86442,143.9621567
session-1-20261005-10000Hz-600mV,10000,PUFF_RIGHT,199,cue_assumed,R1-L1,L6-L7,0.0,-7.0,1.0,-8.0,7.0,1.0,-1.0,0.14285714285714285,0.14285714285714285,20.203050891044214,15.175110689979277,7.125016348901798,False,143.9624166,144.0660356
session-1-20261005-10000Hz-600mV,10000,PUFF_RIGHT,200,cue_assumed,R1-L1,L7-L8,-2.0,-8.0,-2.0,-8.0,8.246211251235321,0.0,0.0,-0.0,-0.0,0.0,0.0,-0.0,False,144.0663533,144.1690292
session-1-20261005-10000Hz-600mV,10000,PUFF_RIGHT,201,cue_assumed,R1-L1,L8-R8,0.0,-15.0,0.0,-13.0,15.0,0.0,2.0,-0.13333333333333333,0.0,13.333333333333334,-13.33333333333333,-0.0,False,144.1692968,144.2661532
session-1-20261005-10000Hz-600mV,10000,PUFF_RIGHT,202,cue_assumed,R1-L1,R8-R7,-1.0,-10.0,-1.0,-12.0,10.04987562112089,0.0,-2.0,0.19801980198019803,0.019801980198019806,19.900743804199784,19.818344353293217,0.9469514467734654,False,144.2663828,144.3680184
session-1-20261005-10000Hz-600mV,10000,PUFF_RIGHT,203,cue_assumed,R1-L1,R7-R6,-4.0,-3.0,-4.0,-3.0,5.0,0.0,0.0,-0.0,-0.0,0.0,0.0,-0.0,False,144.3682584,144.4661526
session-1-20261005-10000Hz-600mV,10000,PUFF_RIGHT,204,cue_assumed,R1-L1,R6-R5,1.0,-24.0,1.0,-24.0,24.020824298928627,0.0,0.0,-0.0,0.0,0.0,0.0,1.322934356241324e-16,False,144.4663562,144.5660488
session-1-20261005-10000Hz-600mV,10000,PUFF_RIGHT,205,cue_assumed,R1-L1,R5-R4,-6.0,37.0,-6.0,37.0,37.48332962798263,0.0,0.0,0.0,-0.0,0.0,0.0,-5.025502770711036e-16,False,144.5663059,144.6660384
session-1-20261005-10000Hz-600mV,10000,PUFF_RIGHT,206,cue_assumed,R1-L1,R4-R3,0.0,-37.0,-1.0,-37.0,37.0,-1.0,0.0,-0.0,-0.02702702702702703,2.7027027027027026,0.036516342279724334,-1.5481576989779677,False,144.6663003,144.7621097
session-1-20261005-10000Hz-600mV,10000,PUFF_RIGHT,207,cue_assumed,R1-L1,R3-R2,-1.0,4.0,-1.0,4.0,4.123105625617661,0.0,0.0,0.0,-0.0,0.0,0.0,0.0,False,144.7623734,144.8590518
session-1-20261005-10000Hz-600mV,10000,PUFF_BOTH,0,cue_assumed,L1-L2,L3-L4,72.0,-276.0,71.0,-275.0,285.2367437761131,-1.0,1.0,-0.004277286135693215,-0.0025073746312684365,0.49580343109060804,-0.4274129173675534,-0.1442788020946258,True,147.1194781,147.2170075
session-1-20261005-10000Hz-600mV,10000,PUFF_BOTH,1,cue_assumed,L1-L2,L4-L5,26.0,-94.0,27.0,-101.0,97.52948272189288,1.0,-7.0,0.07190916736753575,-0.00925147182506308,7.250184882071769,7.194909059035726,-0.4944981764370399,True,147.2173151,147.3142281
session-1-20261005-10000Hz-600mV,10000,PUFF_BOTH,2,cue_assumed,L1-L2,L5-L6,15.0,-79.0,16.0,-81.0,80.4114419718985,1.0,-2.0,0.02675533560160841,0.007578100835137642,2.7807833346418924,2.678330079848812,0.4228712486266816,True,147.3145133,147.4110452
session-1-20261005-10000Hz-600mV,10000,PUFF_BOTH,3,cue_assumed,L1-L2,L6-L7,17.0,-52.0,17.0,-52.0,54.70831746635972,0.0,0.0,-0.0,0.0,0.0,0.0,-2.2103420439171786e-16,False,147.4113238,147.5072995
session-1-20261005-10000Hz-600mV,10000,PUFF_BOTH,4,cue_assumed,L1-L2,L7-L8,-2.0,-15.0,-3.0,-13.0,15.132745950421556,-1.0,2.0,-0.12227074235807861,-0.08296943231441048,14.776353114138544,-11.835802254020699,-5.39997342332506,False,147.507572,147.6070631
session-1-20261005-10000Hz-600mV,10000,PUFF_BOTH,5,cue_assumed,L1-L2,L8-R8,-2.0,-3.0,-2.0,-1.0,3.605551275463989,0.0,2.0,-0.46153846153846156,-0.3076923076923077,55.47001962252291,-37.98263270539577,-29.744881296942236,False,147.6073048,147.7050422
session-1-20261005-10000Hz-600mV,10000,PUFF_BOTH,6,cue_assumed,L1-L2,R8-R7,-3.0,1.0,-3.0,-3.0,3.1622776601683795,0.0,-4.0,-0.39999999999999997,1.2,126.49110640673517,34.16407864998738,63.43494882292201,False,147.7052872,147.8041479
session-1-20261005-10000Hz-600mV,10000,PUFF_BOTH,7,cue_assumed,L1-L2,R7-R6,-14.0,23.0,-15.0,25.0,26.92582403567252,-1.0,2.0,0.08275862068965519,-0.006896551724137934,8.304547985373997,8.278058400741939,-0.3649363357306471,False,147.8044099,147.9000434
session-1-20261005-10000Hz-600mV,10000,PUFF_BOTH,8,cue_assumed,L1-L2,R6-R5,-2.0,-7.0,-2.0,-7.0,7.280109889280518,0.0,0.0,-0.0,-0.0,0.0,0.0,-8.401465196318723e-16,False,147.9003049,147.9990511
session-1-20261005-10000Hz-600mV,10000,PUFF_BOTH,9,cue_assumed,L1-L2,R5-R4,-24.0,61.0,-24.0,62.0,65.55150646628954,0.0,1.0,0.014195950663253434,-0.005585292064230859,1.52551795360227,1.4211329964905817,-0.3155311627121065,True,147.9993518,148.096022
session-1-20261005-10000Hz-600mV,10000,PUFF_BOTH,10,cue_assumed,L1-L2,R4-R3,2.0,-42.0,2.0,-41.0,42.04759208325728,0.0,1.0,-0.023755656108597284,0.0011312217194570135,2.3782574707724704,-2.375500070805281,0.06639137180701775,False,148.0962766,148.192197
session-1-20261005-10000Hz-600mV,10000,PUFF_BOTH,11,cue_assumed,L1-L2,R3-R2,-14.0,26.0,-13.0,26.0,29.5296461204668,1.0,0.0,-0.01605504587155963,-0.029816513761467888,3.3864273073929816,-1.5603384175003066,-1.7357045889283877,False,148.1924949,148.2890987
session-1-20261005-10000Hz-600mV,10000,PUFF_BOTH,12,cue_assumed,L1-L2,R2-R1,83.0,-359.0,82.0,-361.0,368.46980880392357,-1.0,-2.0,0.004677027325624217,-0.003866833615673566,0.6068524270029635,0.46844686955522796,-0.22052077060327813,True,148.2893646,148.3871515
session-1-20261005-10000Hz-600mV,10000,PUFF_BOTH,13,cue_assumed,L2-L3,L4-L5,-68.0,244.0,-67.0,242.0,253.29824318380102,1.0,-2.0,-0.00866583541147132,-0.001683291770573566,0.8827806894330609,-0.8664406292389182,-0.09728850764642194,True,148.3874062,148.4850148
session-1-20261005-10000Hz-600mV,10000,PUFF_BOTH,14,cue_assumed,L2-L3,L5-L6,39.0,-161.0,39.0,-158.0,165.65627063289816,0.0,3.0,-0.017600757962247648,0.0042635376430289335,1.8109788349926916,-1.7591506292019,0.2486577438396564,True,148.4852673,148.5820109
session-1-20261005-10000Hz-600mV,10000,PUFF_BOTH,15,cue_assumed,L2-L3,L6-L7,14.0,-44.0,14.0,-43.0,46.17358552246078,0.0,1.0,-0.020637898686679174,0.006566604127579737,2.1657404091210495,-2.0615884456659295,0.3841613471997345,False,148.5822878,148.6841548
session-1-20261005-10000Hz-600mV,10000,PUFF_BOTH,16,cue_assumed,L2-L3,L7-L8,1.0,-18.0,1.0,-19.0,18.027756377319946,0.0,-1.0,0.05538461538461538,-0.0030769230769230765,5.547001962252291,5.538910068569192,-0.16704261568089426,False,148.6843817,148.7821642
session-1-20261005-10000Hz-600mV,10000,PUFF_BOTH,17,cue_assumed,L2-L3,L8-R8,2.0,-15.0,2.0,-12.0,15.132745950421556,0.0,3.0,-0.19650655021834063,0.026200873362445417,19.824558013652695,-19.607947556553405,1.8676788394341723,False,148.7824024,148.881165
session-1-20261005-10000Hz-600mV,10000,PUFF_BOTH,18,cue_assumed,L2-L3,R8-R7,-1.0,-9.0,-1.0,-10.0,9.055385138137417,0.0,-1.0,0.10975609756097561,0.012195121951219511,11.043152607484656,10.982310170277598,0.6295986084102667,False,148.8814372,148.9771531
session-1-20261005-10000Hz-600mV,10000,PUFF_BOTH,19,cue_assumed,L2-L3,R7-R6,-6.0,-2.0,-6.0,-3.0,6.324555320336759,0.0,-1.0,0.049999999999999996,0.15,15.811388300841896,6.066017177982119,8.130102354155978,False,148.977414,149.07304
session-1-20261005-10000Hz-600mV,10000,PUFF_BOTH,20,cue_assumed,L2-L3,R6-R5,2.0,-16.0,1.0,-17.0,16.1245154965971,-1.0,-1.0,0.05384615384615385,-0.06923076923076923,8.770580193070293,5.6117709057383225,-3.758555685471997,False,149.0732831,149.1700782
session-1-20261005-10000Hz-600mV,10000,PUFF_BOTH,21,cue_assumed,L2-L3,R5-R4,-7.0,4.0,-7.0,4.0,8.06225774829855,0.0,0.0,-0.0,-0.0,0.0,0.0,-1.370085093553515e-15,False,149.1703067,149.2671618
session-1-20261005-10000Hz-600mV,10000,PUFF_BOTH,22,cue_assumed,L2-L3,R4-R3,-9.0,-4.0,-9.0,-4.0,9.848857801796104,0.0,0.0,-0.0,-0.0,0.0,0.0,1.1804120467287277e-15,False,149.2674048,149.3653384
session-1-20261005-10000Hz-600mV,10000,PUFF_BOTH,23,cue_assumed,L2-L3,R3-R2,0.0,-8.0,1.0,-9.0,8.0,1.0,-1.0,0.125,0.125,17.67766952966369,13.192314226717716,6.34019174590991,False,149.3655729,149.4651449
session-1-20261005-10000Hz-600mV,10000,PUFF_BOTH,24,cue_assumed,L2-L3,R2-R1,-20.0,45.0,-20.0,43.0,49.24428900898052,0.0,-2.0,-0.03711340206185567,0.016494845360824743,4.061384660534476,-3.6972128953491223,0.9814162888463961,False,149.4654148,149.5641647
session-1-20261005-10000Hz-600mV,10000,PUFF_BOTH,25,cue_assumed,L2-L3,R1-L1,7.0,-10.0,7.0,-8.0,12.206555615733702,0.0,2.0,-0.1342281879194631,0.09395973154362415,16.38463841038081,-12.914452304359559,6.193904967150986,False,149.5643982,149.6621597
session-1-20261005-10000Hz-600mV,10000,PUFF_BOTH,26,cue_assumed,L3-L4,L1-L2,66.0,-283.0,65.0,-281.0,290.5942188000305,-1.0,2.0,-0.007484161288412575,-0.0017881461306175615,0.7694812328797626,-0.7482550501025198,-0.10322567317444155,True,149.6624797,149.7581146
session-1-20261005-10000Hz-600mV,10000,PUFF_BOTH,27,cue_assumed,L3-L4,L5-L6,-76.0,245.0,-74.0,239.0,256.51705596314645,2.0,-6.0,-0.024650081305755234,-0.0005167094725004179,2.4655496284993235,-2.4649944437614257,-0.030353485115088286,True,149.7584287,149.8590428
session-1-20261005-10000Hz-600mV,10000,PUFF_BOTH,28,cue_assumed,L3-L4,L6-L7,-2.0,20.0,-2.0,22.0,20.09975124224178,0.0,2.0,0.09900990099009901,-0.009900990099009903,9.950371902099892,9.9054499139696,-0.5161642297648369,False,149.8593504,149.9590523
session-1-20261005-10000Hz-600mV,10000,PUFF_BOTH,29,cue_assumed,L3-L4,L7-L8,-10.0,18.0,-12.0,21.0,20.591260281974,-2.0,3.0,0.17452830188679241,0.014150943396226412,17.51010489931187,17.461354544040365,0.6902771978650775,False,149.9594111,150.0611709
session-1-20261005-10000Hz-600mV,10000,PUFF_BOTH,30,cue_assumed,L3-L4,L8-R8,-8.0,18.0,-7.0,19.0,19.697715603592208,1.0,1.0,0.02577319587628866,-0.06701030927835051,7.17958158617738,2.795964460081568,-3.7376295434101023,False,150.061535,150.1600473
session-1-20261005-10000Hz-600mV,10000,PUFF_BOTH,31,cue_assumed,L3-L4,R8-R7,-6.0,6.0,-5.0,3.0,8.48528137423857,1.0,-3.0,-0.3333333333333333,0.16666666666666666,37.26779962499649,-31.281572906372336,14.036243467926479,False,150.160278,150.2590562
session-1-20261005-10000Hz-600mV,10000,PUFF_BOTH,32,cue_assumed,L3-L4,R7-R6,-14.0,22.0,-15.0,24.0,26.076809620810597,-1.0,2.0,0.08529411764705881,-0.008823529411764704,8.57492925712544,8.532998506011435,-0.4658090827649933,False,150.2593032,150.3590637
session-1-20261005-10000Hz-600mV,10000,PUFF_BOTH,33,cue_assumed,L3-L4,R6-R5,0.0,-11.0,0.0,-10.0,11.0,0.0,1.0,-0.09090909090909091,0.0,9.090909090909092,-9.090909090909093,-0.0,False,150.3593222,150.4552451
session-1-20261005-10000Hz-600mV,10000,PUFF_BOTH,34,cue_assumed,L3-L4,R5-R4,-24.0,58.0,-23.0,55.0,62.76941930590086,1.0,-3.0,-0.050253807106598984,0.0035532994923857864,5.037927218598784,-5.024716012386055,0.21436054798924684,True,150.4554376,150.5531466
session-1-20261005-10000Hz-600mV,10000,PUFF_BOTH,35,cue_assumed,L3-L4,R4-R3,3.0,-50.0,3.0,-47.0,50.08991914547278,0.0,3.0,-0.05978477481068155,0.0035870864886408927,5.989229072794672,-5.977793215258032,0.2185924178558136,True,150.5534013,150.6500182
session-1-20261005-10000Hz-600mV,10000,PUFF_BOTH,36,cue_assumed,L3-L4,R3-R2,4.0,-13.0,3.0,-12.0,13.601470508735444,-1.0,1.0,-0.0918918918918919,-0.04864864864864865,10.397504898200726,-9.058973668259773,-3.0664855011258942,False,150.6502813,150.7480562
session-1-20261005-10000Hz-600mV,10000,PUFF_BOTH,37,cue_assumed,L3-L4,R2-R1,-15.0,18.0,-16.0,17.0,23.430749027719962,-1.0,-1.0,-0.005464480874316939,0.06010928961748635,6.03571640283457,-0.3649647211930507,3.4587243188064156,False,150.7483011,150.844094
session-1-20261005-10000Hz-600mV,10000,PUFF_BOTH,38,cue_assumed,L3-L4,R1-L1,37.0,-111.0,37.0,-110.0,117.00427342623003,0.0,1.0,-0.008108108108108109,0.002702702702702703,0.8546696378833459,-0.810442595867189,0.15611890385829394,True,150.8443413,150.9440201
session-1-20261005-10000Hz-600mV,10000,PUFF_BOTH,39,cue_assumed,L4-L5,L1-L2,26.0,-82.0,27.0,-84.0,86.02325267042627,1.0,-2.0,0.025675675675675674,0.004054054054054053,2.5993762245501815,2.568368760891726,0.2264643523411841,True,150.9442687,151.0421021
session-1-20261005-10000Hz-600mV,10000,PUFF_BOTH,40,cue_assumed,L4-L5,L2-L3,-93.0,251.0,-92.0,246.0,267.67517628648346,1.0,-5.0,-0.01881367759944173,0.002986741102581996,1.9049280491125857,-1.880913177488952,0.17440839442634576,True,151.042345,151.139034
session-1-20261005-10000Hz-600mV,10000,PUFF_BOTH,41,cue_assumed,L4-L5,L6-L7,75.0,-191.0,75.0,-191.0,205.19746587129188,0.0,0.0,-0.0,0.0,0.0,0.0,-1.269623404883836e-15,True,151.1392896,151.2361533
session-1-20261005-10000Hz-600mV,10000,PUFF_BOTH,42,cue_assumed,L4-L5,L7-L8,21.0,-66.0,23.0,-70.0,69.26037828369117,2.0,-4.0,0.06378986866791744,0.010006253908692931,6.456990368550497,6.383692819801601,0.5389214797211882,True,151.2363918,151.3451807
session-1-20261005-10000Hz-600mV,10000,PUFF_BOTH,43,cue_assumed,L4-L5,L8-R8,16.0,-47.0,14.0,-43.0,49.64876634922564,-2.0,4.0,-0.08924949290060852,-0.012170385395537525,9.007546982220898,-8.916817992426584,-0.7655995915227989,False,151.3454341,151.442082
session-1-20261005-10000Hz-600mV,10000,PUFF_BOTH,44,cue_assumed,L4-L5,R8-R7,4.0,-19.0,4.0,-19.0,19.4164878389476,0.0,0.0,-0.0,0.0,0.0,0.0,6.411728270324332e-16,False,151.4423287,151.5400616
session-1-20261005-10000Hz-600mV,10000,PUFF_BOTH,45,cue_assumed,L4-L5,R7-R6,4.0,-20.0,5.0,-23.0,20.396078054371138,1.0,-3.0,0.15384615384615385,0.01923076923076923,15.504341823651057,15.400639912903813,0.9548412538721882,False,151.540311,151.6380527
session-1-20261005-10000Hz-600mV,10000,PUFF_BOTH,46,cue_assumed,L4-L5,R6-R5,0.0,-6.0,0.0,-7.0,6.0,0.0,-1.0,0.16666666666666666,-0.0,16.666666666666664,16.666666666666675,-0.0,False,151.6382856,151.7360157
session-1-20261005-10000Hz-600mV,10000,PUFF_BOTH,47,cue_assumed,L4-L5,R5-R4,13.0,-43.0,13.0,-41.0,44.9221548904324,0.0,2.0,-0.04261645193260654,0.01288404360753221,4.4521461734819034,-4.252976198223701,0.7710146721407685,False,151.7362672,151.8331672
session-1-20261005-10000Hz-600mV,10000,PUFF_BOTH,48,cue_assumed,L4-L5,R4-R3,-15.0,30.0,-15.0,27.0,33.54101966249684,0.0,-3.0,-0.08,0.04,8.94427190999916,-7.913084534229309,2.489552921999156,False,151.8334047,151.9300216
session-1-20261005-10000Hz-600mV,10000,PUFF_BOTH,49,cue_assumed,L4-L5,R3-R2,-9.0,12.0,-9.0,12.0,15.0,0.0,0.0,0.0,-0.0,0.0,0.0,0.0,False,151.9303598,152.0271472
session-1-20261005-10000Hz-600mV,10000,PUFF_BOTH,50,cue_assumed,L4-L5,R2-R1,-35.0,95.0,-35.0,94.0,101.24228365658294,0.0,-1.0,-0.009268292682926829,0.003414634146341463,0.9877295966495895,-0.9262408298869595,0.19747359355535354,True,152.0274044,152.1310851
session-1-20261005-10000Hz-600mV,10000,PUFF_BOTH,51,cue_assumed,L4-L5,R1-L1,-3.0,10.0,-4.0,13.0,10.44030650891055,-1.0,3.0,0.3027522935779816,0.009174311926605507,30.289126640769133,30.278459709271143,0.40348473505875077,False,152.1313696,152.2282359
session-1-20261005-10000Hz-600mV,10000,PUFF_BOTH,52,cue_assumed,L5-L6,L1-L2,33.0,-94.0,35.0,-98.0,99.62429422585637,2.0,-4.0,0.044534005037783375,0.005642317380352644,4.4890013924323355,4.454924413628891,0.3094947859321559,True,152.2284618,152.3262607
session-1-20261005-10000Hz-600mV,10000,PUFF_BOTH,53,cue_assumed,L5-L6,L2-L3,77.0,-195.0,77.0,-193.0,209.65209276322523,0.0,2.0,-0.008872912590435456,0.0035036629203257954,0.9539613812769043,-0.8866719834902281,0.20254139406390526,True,152.3264884,152.4250736
session-1-20261005-10000Hz-600mV,10000,PUFF_BOTH,54,cue_assumed,L5-L6,L3-L4,-126.0,302.0,-125.0,296.0,327.2308053958246,1.0,-6.0,-0.01809861785580874,0.004239820694807621,1.858859994229576,-1.8089464189227966,0.24739991854421473,True,152.4253239,152.5260076
session-1-20261005-10000Hz-600mV,10000,PUFF_BOTH,55,cue_assumed,L5-L6,L7-L8,83.0,-201.0,75.0,-186.0,217.46264046957583,-8.0,15.0,-0.07779657432861072,-0.007676041446394587,7.817434738809029,-7.776462877835111,-0.4768954544697965,True,152.5263124,152.6250471
session-1-20261005-10000Hz-600mV,10000,PUFF_BOTH,56,cue_assumed,L5-L6,L8-R8,24.0,-60.0,27.0,-67.0,64.62197768561404,3.0,-7.0,0.117816091954023,0.002873563218390803,11.785113019775793,11.781978547390871,0.147289597175164,True,152.6252992,152.7201087
session-1-20261005-10000Hz-600mV,10000,PUFF_BOTH,57,cue_assumed,L5-L6,R8-R7,6.0,-19.0,8.0,-25.0,19.924858845171276,2.0,-6.0,0.31738035264483627,0.0050377833753148665,31.742033253447588,31.738998508261407,0.2191032513340638,False,152.7202782,152.8190289
session-1-20261005-10000Hz-600mV,10000,PUFF_BOTH,58,cue_assumed,L5-L6,R7-R6,-4.0,-3.0,-3.0,-7.0,5.0,1.0,-4.0,0.32,0.76,82.46211251235322,52.31546211727818,29.931511840507792,False,152.8192601,152.93002
session-1-20261005-10000Hz-600mV,10000,PUFF_BOTH,59,cue_assumed,L5-L6,R6-R5,8.0,-33.0,9.0,-35.0,33.95585369269929,1.0,-2.0,0.06418039895923677,0.014744145706851692,6.585220909879694,6.428253361673875,0.7937782676194446,False,152.9303075,153.0280846
session-1-20261005-10000Hz-600mV,10000,PUFF_BOTH,60,cue_assumed,L5-L6,R5-R4,-6.0,1.0,-6.0,0.0,6.082762530298219,0.0,-1.0,-0.02702702702702702,0.16216216216216214,16.439898730535727,-1.360607616785603,9.462322208025618,False,153.0283208,153.1290762
session-1-20261005-10000Hz-600mV,10000,PUFF_BOTH,61,cue_assumed,L5-L6,R4-R3,-4.0,-6.0,-5.0,-6.0,7.211102550927978,-1.0,0.0,0.07692307692307693,-0.11538461538461539,13.867504905630728,8.30867569483631,-6.115503566285408,False,153.1293531,153.2310989
session-1-20261005-10000Hz-600mV,10000,PUFF_BOTH,62,cue_assumed,L5-L6,R3-R2,-1.0,-4.0,-1.0,-4.0,4.123105625617661,0.0,0.0,-0.0,-0.0,0.0,0.0,-0.0,False,153.2313357,153.3300355
session-1-20261005-10000Hz-600mV,10000,PUFF_BOTH,63,cue_assumed,L5-L6,R2-R1,-18.0,25.0,-18.0,25.0,30.805843601498726,0.0,0.0,0.0,-0.0,0.0,0.0,1.0054440510422076e-15,False,153.3302831,153.4280513
session-1-20261005-10000Hz-600mV,10000,PUFF_BOTH,64,cue_assumed,L5-L6,R1-L1,32.0,-65.0,32.0,-63.0,72.44998274671983,0.0,2.0,-0.024766622213755002,0.012192798628310155,2.760525157047812,-2.4690405313902652,0.7162998332089735,True,153.428308,153.527159
session-1-20261005-10000Hz-600mV,10000,PUFF_BOTH,65,cue_assumed,L6-L7,L1-L2,27.0,-55.0,27.0,-55.0,61.26989472816156,0.0,0.0,-0.0,0.0,0.0,0.0,1.3979529100732026e-16,False,153.5274027,153.6261518
session-1-20261005-10000Hz-600mV,10000,PUFF_BOTH,66,cue_assumed,L6-L7,L2-L3,23.0,-52.0,23.0,-52.0,56.859475903318,0.0,0.0,-0.0,0.0,0.0,0.0,8.185034008591543e-16,False,153.6264049,153.7251569
session-1-20261005-10000Hz-600mV,10000,PUFF_BOTH,67,cue_assumed,L6-L7,L3-L4,-11.0,36.0,-12.0,38.0,37.64306044943742,-1.0,2.0,0.0585744530698659,0.009880028228652079,5.940186453498648,5.8620558864206584,0.5347450817367029,False,153.7253993,153.8220415
session-1-20261005-10000Hz-600mV,10000,PUFF_BOTH,68,cue_assumed,L6-L7,L4-L5,116.0,-240.0,117.0,-239.0,266.5633133047382,1.0,1.0,-0.0017451024544021616,0.005010132852961045,0.5305357083239547,-0.1732529877399691,0.2875588767396877,True,153.8222881,153.9215488
session-1-20261005-10000Hz-600mV,10000,PUFF_BOTH,69,cue_assumed,L6-L7,L8-R8,151.0,-321.0,165.0,-364.0,354.7421598851763,14.0,-43.0,0.12648400375073504,-0.015884998649099664,12.747759170496536,12.659599852314729,-0.8078970115623544,True,153.9217916,154.0211017
session-1-20261005-10000Hz-600mV,10000,PUFF_BOTH,70,cue_assumed,L6-L7,R8-R7,31.0,-58.0,38.0,-74.0,65.76473218982953,7.0,-16.0,0.26473988439306356,-0.020809248554913284,26.555645579400405,26.491106406735177,-0.942624297811591,True,154.0213753,154.1201457
session-1-20261005-10000Hz-600mV,10000,PUFF_BOTH,71,cue_assumed,L6-L7,R7-R6,22.0,-45.0,28.0,-64.0,50.08991914547278,6.0,-19.0,0.3933838182542846,-0.05898764447987245,39.778181288943294,39.46318536352784,-2.4241175798341312,False,154.1204478,154.2180251
session-1-20261005-10000Hz-600mV,10000,PUFF_BOTH,72,cue_assumed,L6-L7,R6-R5,8.0,-22.0,11.0,-27.0,23.40939982143925,3.0,-5.0,0.24452554744525548,0.047445255474452545,24.9085920156957,24.542960078478494,2.183239300182479,False,154.2182716,154.3151592
session-1-20261005-10000Hz-600mV,10000,PUFF_BOTH,73,cue_assumed,L6-L7,R5-R4,7.0,-17.0,8.0,-18.0,18.384776310850235,1.0,-1.0,0.0710059171597633,0.02958579881656805,7.692307692307692,7.141448286031671,1.5823539226186105,False,154.3153992,154.4120257
session-1-20261005-10000Hz-600mV,10000,PUFF_BOTH,74,cue_assumed,L6-L7,R4-R3,-11.0,9.0,-11.0,9.0,14.212670403551895,0.0,0.0,-0.0,-0.0,0.0,0.0,1.731985222579143e-15,False,154.4122887,154.5103083
session-1-20261005-10000Hz-600mV,10000,PUFF_BOTH,75,cue_assumed,L6-L7,R3-R2,1.0,-4.0,1.0,-4.0,4.123105625617661,0.0,0.0,-0.0,0.0,0.0,0.0,-0.0,False,154.5105487,154.6080672
session-1-20261005-10000Hz-600mV,10000,PUFF_BOTH,76,cue_assumed,L6-L7,R2-R1,-18.0,43.0,-17.0,43.0,46.61544808322666,1.0,0.0,-0.008283479061205707,-0.019788311090658078,2.145211600700721,-0.8086074722828407,-1.143105161912639,False,154.6083558,154.707176
session-1-20261005-10000Hz-600mV,10000,PUFF_BOTH,77,cue_assumed,L6-L7,R1-L1,16.0,-47.0,17.0,-47.0,49.64876634922564,1.0,0.0,0.006490872210953347,0.019066937119675456,2.014148736276902,0.6671457793003821,1.085279955202783,False,154.7075707,154.8052084
session-1-20261005-10000Hz-600mV,10000,PUFF_BOTH,78,cue_assumed,L7-L8,L1-L2,5.0,-18.0,4.0,-15.0,18.681541692269406,-1.0,3.0,-0.16905444126074498,-0.008595988538681947,16.927284226638314,-16.900998044052905,-0.5926938186167052,False,154.8054973,154.904555
session-1-20261005-10000Hz-600mV,10000,PUFF_BOTH,79,cue_assumed,L7-L8,L2-L3,11.0,-27.0,12.0,-28.0,29.154759474226502,1.0,-1.0,0.044705882352941186,0.018823529411764708,4.85071250072666,4.487544993762449,1.0322446915657322,False,154.9048374,155.0122375
session-1-20261005-10000Hz-600mV,10000,PUFF_BOTH,80,cue_assumed,L7-L8,L3-L4,-14.0,27.0,-18.0,33.0,30.4138126514911,-4.0,6.0,0.23567567567567568,0.02594594594594595,23.70995913455277,23.594804404051217,1.2028842281468142,False,155.0125468,155.1120672
session-1-20261005-10000Hz-600mV,10000,PUFF_BOTH,81,cue_assumed,L7-L8,L4-L5,48.0,-94.0,51.0,-99.0,105.54619841567009,3.0,-5.0,0.05511669658886894,0.003770197486535011,5.5245494223121145,5.512343249957974,0.2047313678569468,True,155.1123147,155.2132223
session-1-20261005-10000Hz-600mV,10000,PUFF_BOTH,82,cue_assumed,L7-L8,L5-L6,112.0,-216.0,103.0,-200.0,243.3105012119288,-9.0,16.0,-0.07540540540540541,-0.002567567567567569,7.544910581025841,-7.540184038861685,-0.15910801117364928,True,155.2134814,155.3151621
session-1-20261005-10000Hz-600mV,10000,PUFF_BOTH,83,cue_assumed,L7-L8,R8-R7,82.0,-143.0,90.0,-160.0,164.84234892769516,8.0,-17.0,0.11360541714201597,-0.009200309130386781,11.397735078561062,11.364342173612197,-0.47335158599537913,True,155.31541,155.4142207
session-1-20261005-10000Hz-600mV,10000,PUFF_BOTH,84,cue_assumed,L7-L8,R7-R6,40.0,-73.0,50.0,-96.0,83.24061508662703,10.0,-23.0,0.3000432962909511,-0.027420984269014282,30.12936939722121,30.033245080222603,-1.2083241740180277,True,155.4144621,155.512157
session-1-20261005-10000Hz-600mV,10000,PUFF_BOTH,85,cue_assumed,L7-L8,R6-R5,16.0,-27.0,21.0,-35.0,31.38470965295043,5.0,-8.0,0.30050761421319794,0.007106598984771581,30.0591633198994,30.05270310053667,0.31308857502065696,False,155.5124535,155.6201056
session-1-20261005-10000Hz-600mV,10000,PUFF_BOTH,86,cue_assumed,L7-L8,R5-R4,7.0,-19.0,6.0,-18.0,20.248456731316587,-1.0,1.0,-0.06341463414634146,-0.029268292682926828,6.984302957695782,-6.295742866836362,-1.7899106082460685,False,155.6203744,155.7160786
session-1-20261005-10000Hz-600mV,10000,PUFF_BOTH,87,cue_assumed,L7-L8,R4-R3,-11.0,9.0,-10.0,7.0,14.212670403551895,1.0,-2.0,-0.14356435643564358,0.06435643564356434,15.732919388188815,-14.114974391560109,4.297386663941697,False,155.7163372,155.8140946
session-1-20261005-10000Hz-600mV,10000,PUFF_BOTH,88,cue_assumed,L7-L8,R3-R2,0.0,-3.0,1.0,-4.0,3.0,1.0,-1.0,0.3333333333333333,0.3333333333333333,47.14045207910317,37.43685418725535,14.036243467926479,False,155.8143461,155.9131498
session-1-20261005-10000Hz-600mV,10000,PUFF_BOTH,89,cue_assumed,L7-L8,R2-R1,-21.0,38.0,-19.0,32.0,43.41658669218482,2.0,-6.0,-0.143236074270557,0.026525198938992044,14.567140814584596,-14.282556582100547,1.773296715560801,False,155.9134321,156.0140257
session-1-20261005-10000Hz-600mV,10000,PUFF_BOTH,90,cue_assumed,L7-L8,R1-L1,30.0,-55.0,31.0,-56.0,62.64982043070834,1.0,-1.0,0.02165605095541401,0.006369426751592357,2.257330591932401,2.167590558403387,0.3572009800988163,True,156.0142852,156.1131595
session-1-20261005-10000Hz-600mV,10000,PUFF_BOTH,91,cue_assumed,L8-R8,L1-L2,-1.0,-2.0,-2.0,-1.0,2.23606797749979,-1.0,1.0,-0.2,-0.6000000000000001,63.245553203367585,0.0,-36.86989764584403,False,156.1134012,156.2123027
session-1-20261005-10000Hz-600mV,10000,PUFF_BOTH,92,cue_assumed,L8-R8,L2-L3,9.0,-24.0,8.0,-22.0,25.632011235952593,-1.0,2.0,-0.0867579908675799,-0.0091324200913242,8.723732043170228,-8.671232990861855,-0.5729386976834859,False,156.2125298,156.3111866
session-1-20261005-10000Hz-600mV,10000,PUFF_BOTH,93,cue_assumed,L8-R8,L3-L4,-14.0,28.0,-12.0,27.0,31.304951684997057,2.0,-1.0,-0.05714285714285714,-0.04285714285714286,7.142857142857142,-5.616933376234689,-2.602562202499806,False,156.3114396,156.4062523
session-1-20261005-10000Hz-600mV,10000,PUFF_BOTH,94,cue_assumed,L8-R8,L4-L5,33.0,-70.0,30.0,-67.0,77.38862965578342,-3.0,3.0,-0.05159459008181667,-0.01853397896142929,5.482253279312621,-5.141350951100909,-1.1195461453442097,True,156.4064981,156.5060476
session-1-20261005-10000Hz-600mV,10000,PUFF_BOTH,95,cue_assumed,L8-R8,L5-L6,29.0,-62.0,32.0,-71.0,68.4470598345904,3.0,-9.0,0.1376734258271078,-0.016008537886873,13.860102980947723,13.778605067844962,-0.806172585582687,True,156.50628,156.603063
session-1-20261005-10000Hz-600mV,10000,PUFF_BOTH,96,cue_assumed,L8-R8,L6-L7,167.0,-329.0,182.0,-372.0,368.95799218881274,15.0,-43.0,0.12232424887974729,-0.016498934841695435,12.343191125031188,12.244551514735003,-0.842226517843082,True,156.6033661,156.699026
session-1-20261005-10000Hz-600mV,10000,PUFF_BOTH,97,cue_assumed,L8-R8,R7-R6,183.0,-361.0,194.0,-397.0,404.7344808636892,11.0,-36.0,0.09162444295220072,-0.01597582565166962,9.300680379173144,9.17413390798918,-0.8384587286414702,True,156.6993081,156.7952651
session-1-20261005-10000Hz-600mV,10000,PUFF_BOTH,98,cue_assumed,L8-R8,R6-R5,47.0,-88.0,53.0,-102.0,99.76472322419383,6.0,-14.0,0.15211494021902944,-0.013061388526072538,15.267467015870025,15.21889755357526,-0.6495275362019982,True,156.7956714,156.8951678
session-1-20261005-10000Hz-600mV,10000,PUFF_BOTH,99,cue_assumed,L8-R8,R5-R4,23.0,-47.0,18.0,-39.0,52.32590180780452,-5.0,8.0,-0.17932797662527394,-0.018626734842951062,18.029275762332887,-17.911661900067887,-1.3002150151168443,False,156.8953893,156.9980231
session-1-20261005-10000Hz-600mV,10000,PUFF_BOTH,100,cue_assumed,L8-R8,R4-R3,-17.0,19.0,-16.0,15.0,25.495097567963924,1.0,-4.0,-0.14307692307692307,0.07538461538461538,16.172150801252798,-13.976747329573735,5.02744038585883,False,156.9982791,157.0970364
session-1-20261005-10000Hz-600mV,10000,PUFF_BOTH,101,cue_assumed,L8-R8,R3-R2,5.0,-10.0,3.0,-8.0,11.180339887498949,-2.0,2.0,-0.24,-0.08,25.298221281347033,-23.58010730182881,-6.009005957494525,False,157.0972283,157.1950286
session-1-20261005-10000Hz-600mV,10000,PUFF_BOTH,102,cue_assumed,L8-R8,R2-R1,-12.0,28.0,-13.0,30.0,30.463092423455635,-1.0,2.0,0.07327586206896551,0.004310344827586208,7.340252743933792,7.328451734496477,0.230102295097215,False,157.1952675,157.2942862
session-1-20261005-10000Hz-600mV,10000,PUFF_BOTH,103,cue_assumed,L8-R8,R1-L1,34.0,-71.0,32.0,-68.0,78.7210264160726,-2.0,3.0,-0.04534452154268194,-0.006454736162659352,4.580162936909875,-4.532270050686749,-0.38738949584135346,True,157.2944894,157.3951578
session-1-20261005-10000Hz-600mV,10000,PUFF_BOTH,104,cue_assumed,R8-R7,L1-L2,-4.0,5.0,-2.0,3.0,6.4031242374328485,2.0,-2.0,-0.4390243902439025,-0.048780487804878044,44.17261042993862,-43.6907493628527,-4.969740728110305,False,157.3954022,157.4940476
session-1-20261005-10000Hz-600mV,10000,PUFF_BOTH,105,cue_assumed,R8-R7,L2-L3,4.0,-13.0,4.0,-13.0,13.601470508735444,0.0,0.0,-0.0,0.0,0.0,0.0,-8.939937483032589e-16,False,157.4942893,157.5920823
session-1-20261005-10000Hz-600mV,10000,PUFF_BOTH,106,cue_assumed,R8-R7,L3-L4,-7.0,15.0,-6.0,14.0,16.55294535724685,1.0,-1.0,-0.08029197080291972,-0.029197080291970805,8.543576577167611,-7.982864179156646,-1.8183029644518336,False,157.592495,157.6900421
session-1-20261005-10000Hz-600mV,10000,PUFF_BOTH,107,cue_assumed,R8-R7,L4-L5,14.0,-34.0,13.0,-32.0,36.76955262170047,-1.0,2.0,-0.060650887573964495,-0.004437869822485208,6.081303192631498,-6.06404044753992,-0.27068670820789925,False,157.690316,157.7861532
session-1-20261005-10000Hz-600mV,10000,PUFF_BOTH,108,cue_assumed,R8-R7,L5-L6,7.0,-19.0,10.0,-23.0,20.248456731316587,3.0,-4.0,0.23658536585365855,0.07073170731707318,24.693239916239744,23.860661287731478,3.273706244784017,False,157.7864177,157.8831693
session-1-20261005-10000Hz-600mV,10000,PUFF_BOTH,109,cue_assumed,R8-R7,L6-L7,38.0,-62.0,45.0,-77.0,72.71863585079137,7.0,-15.0,0.22617246596066562,-0.02571860816944024,22.763003133352516,22.64421564371606,-1.201585998716096,True,157.8834275,157.9790369
session-1-20261005-10000Hz-600mV,10000,PUFF_BOTH,110,cue_assumed,R8-R7,L7-L8,79.0,-143.0,84.0,-156.0,163.37074401495514,5.0,-13.0,0.08445110528287748,-0.011689771449981264,8.525631906229856,8.451410802525183,-0.6175922771799133,True,157.9792904,158.0761797
session-1-20261005-10000Hz-600mV,10000,PUFF_BOTH,111,cue_assumed,R8-R7,R6-R5,115.0,-207.0,102.0,-188.0,236.799493242701,-13.0,19.0,-0.09680065627563576,-0.009023789991796552,9.722034684781693,-9.67555794304965,-0.5724183520367169,True,158.0766115,158.1861549
session-1-20261005-10000Hz-600mV,10000,PUFF_BOTH,112,cue_assumed,R8-R7,R5-R4,30.0,-59.0,31.0,-59.0,66.18912297349165,1.0,0.0,0.006847751654873315,0.013467244921250855,1.5108222545878027,0.6937814216072757,0.7663226969544169,False,158.1863804,158.284162
session-1-20261005-10000Hz-600mV,10000,PUFF_BOTH,113,cue_assumed,R8-R7,R4-R3,-18.0,20.0,-19.0,22.0,26.90724809414742,-1.0,2.0,0.08011049723756905,-0.022099447513812154,8.310281191431669,8.033655488611702,-1.1721286209350763,False,158.2844043,158.3820208
session-1-20261005-10000Hz-600mV,10000,PUFF_BOTH,114,cue_assumed,R8-R7,R3-R2,5.0,-12.0,5.0,-11.0,13.0,0.0,1.0,-0.07100591715976332,0.02958579881656805,7.6923076923076925,-7.053492510810999,1.8240898323761088,False,158.3822691,158.4780865
session-1-20261005-10000Hz-600mV,10000,PUFF_BOTH,115,cue_assumed,R8-R7,R2-R1,-10.0,15.0,-10.0,17.0,18.027756377319946,0.0,2.0,0.0923076923076923,-0.06153846153846153,11.09400392450458,9.4039796772986,-3.2245226065199057,False,158.4783223,158.5771563
session-1-20261005-10000Hz-600mV,10000,PUFF_BOTH,116,cue_assumed,R8-R7,R1-L1,28.0,-55.0,28.0,-55.0,61.71709649683789,0.0,0.0,-0.0,0.0,0.0,0.0,2.388129794955542e-15,True,158.5774777,158.676158
session-1-20261005-10000Hz-600mV,10000,PUFF_BOTH,117,cue_assumed,R7-R6,L1-L2,-15.0,22.0,-16.0,25.0,26.627053911388696,-1.0,3.0,0.11424541607898449,-0.03244005641748942,11.876183038093588,11.47175447230564,-1.6676339060161385,False,158.676436,158.7731681
session-1-20261005-10000Hz-600mV,10000,PUFF_BOTH,118,cue_assumed,R7-R6,L2-L3,3.0,-16.0,4.0,-16.0,16.278820596099706,1.0,0.0,0.011320754716981133,0.06037735849056604,6.142951168339512,1.31214608030088,3.416588191771344,False,158.7734052,158.8861491
session-1-20261005-10000Hz-600mV,10000,PUFF_BOTH,119,cue_assumed,R7-R6,L3-L4,-13.0,25.0,-14.0,27.0,28.178005607210743,-1.0,2.0,0.07934508816120907,-0.0012594458438287164,7.935508313361897,7.934582296016757,-0.06685618845872766,False,158.8864133,158.9830174
session-1-20261005-10000Hz-600mV,10000,PUFF_BOTH,120,cue_assumed,R7-R6,L4-L5,17.0,-43.0,19.0,-47.0,46.238512086787566,2.0,-4.0,0.09635173058933583,0.008419083255378861,9.671885519598003,9.63840559443996,0.4399760066647647,False,158.9832789,159.08002
session-1-20261005-10000Hz-600mV,10000,PUFF_BOTH,121,cue_assumed,R7-R6,L5-L6,-2.0,-9.0,-1.0,-13.0,9.219544457292887,1.0,-4.0,0.39999999999999997,0.19999999999999998,44.72135954999579,41.421356237309496,8.130102354155978,False,159.0802832,159.1771667
session-1-20261005-10000Hz-600mV,10000,PUFF_BOTH,122,cue_assumed,R7-R6,L6-L7,26.0,-55.0,32.0,-73.0,60.83584469702052,6.0,-18.0,0.30964604161037557,-0.037287219670359355,31.188300344154708,31.017674038904808,-1.630840140699268,False,159.1774486,159.2810724
session-1-20261005-10000Hz-600mV,10000,PUFF_BOTH,123,cue_assumed,R7-R6,L7-L8,31.0,-76.0,39.0,-98.0,82.0792300158816,8.0,-22.0,0.2849933204690515,-0.010984117559744691,28.520491501820544,28.50402657071276,-0.4897521568050802,True,159.2813032,159.3802497
session-1-20261005-10000Hz-600mV,10000,PUFF_BOTH,124,cue_assumed,R7-R6,L8-R8,150.0,-363.0,158.0,-399.0,392.77092560422545,8.0,-36.0,0.09248779728915077,-0.01617953056025514,9.38923311913666,9.260759856173962,-0.8484772574880876,True,159.38065,159.4811675
session-1-20261005-10000Hz-600mV,10000,PUFF_BOTH,125,cue_assumed,R7-R6,R5-R4,41.0,-100.0,40.0,-93.0,108.07867504739313,-1.0,7.0,-0.06343634962760038,0.016008903347316153,6.542518964786319,-6.329953764009577,0.9792749043879027,True,159.4814397,159.5780187
session-1-20261005-10000Hz-600mV,10000,PUFF_BOTH,126,cue_assumed,R7-R6,R4-R3,-8.0,7.0,-8.0,5.0,10.63014581273465,0.0,-2.0,-0.12389380530973451,0.1415929203539823,18.814417367671947,-11.252570771372405,9.18054195762615,False,159.5782596,159.676176
session-1-20261005-10000Hz-600mV,10000,PUFF_BOTH,127,cue_assumed,R7-R6,R3-R2,8.0,-22.0,7.0,-21.0,23.40939982143925,-1.0,1.0,-0.05474452554744526,-0.025547445255474453,6.04122093330177,-5.439935282297636,-1.5481576989779682,False,159.6764249,159.7771585
session-1-20261005-10000Hz-600mV,10000,PUFF_BOTH,128,cue_assumed,R7-R6,R2-R1,-3.0,-11.0,-3.0,-15.0,11.40175425099138,0.0,-4.0,0.3384615384615385,0.09230769230769231,35.08232077228117,34.1640786499874,3.945186229037562,False,159.7774012,159.8740379
session-1-20261005-10000Hz-600mV,10000,PUFF_BOTH,129,cue_assumed,R7-R6,R1-L1,34.0,-63.0,34.0,-60.0,71.58910531638176,0.0,3.0,-0.0368780487804878,0.01990243902439024,4.190581774617469,-3.6672433696616213,1.1838204742340404,True,159.8743173,159.9730909
session-1-20261005-10000Hz-600mV,10000,PUFF_BOTH,130,cue_assumed,R6-R5,L1-L2,-3.0,-2.0,-3.0,-1.0,3.605551275463989,0.0,1.0,-0.15384615384615385,-0.23076923076923078,27.735009811261456,-12.29419806929708,-15.255118703057775,False,159.9733249,160.0711444
session-1-20261005-10000Hz-600mV,10000,PUFF_BOTH,131,cue_assumed,R6-R5,L2-L3,5.0,-21.0,5.0,-21.0,21.587033144922902,0.0,0.0,-0.0,0.0,0.0,0.0,7.166485870250413e-16,False,160.0714172,160.1680144
session-1-20261005-10000Hz-600mV,10000,PUFF_BOTH,132,cue_assumed,R6-R5,L3-L4,1.0,-4.0,1.0,-3.0,4.123105625617661,0.0,1.0,-0.23529411764705882,0.058823529411764705,24.253562503633297,-23.303501115262947,4.398705354995532,False,160.1682487,160.2650139
session-1-20261005-10000Hz-600mV,10000,PUFF_BOTH,133,cue_assumed,R6-R5,L4-L5,4.0,-18.0,5.0,-19.0,18.439088914585774,1.0,-1.0,0.06470588235294118,0.041176470588235294,7.669649888473705,6.550181494310858,2.214755127319225,False,160.2652623,160.3631597
session-1-20261005-10000Hz-600mV,10000,PUFF_BOTH,134,cue_assumed,R6-R5,L5-L6,3.0,-30.0,4.0,-32.0,30.14962686336267,1.0,-2.0,0.0693069306930693,0.026402640264026403,7.4165693248330795,6.963283954876043,1.4144232114021549,False,160.3634107,160.4600592
session-1-20261005-10000Hz-600mV,10000,PUFF_BOTH,135,cue_assumed,R6-R5,L6-L7,8.0,-23.0,10.0,-28.0,24.351591323771842,2.0,-5.0,0.22091062394603708,0.010118043844856662,22.114221348144696,22.095254882224967,0.4748160322425886,False,160.4603816,160.5581367
session-1-20261005-10000Hz-600mV,10000,PUFF_BOTH,136,cue_assumed,R6-R5,L7-L8,7.0,-24.0,10.0,-32.0,25.0,3.0,-8.0,0.3408,0.02559999999999999,34.17601498127013,34.10443691392169,1.093819927949364,False,160.5583894,160.6550829
session-1-20261005-10000Hz-600mV,10000,PUFF_BOTH,137,cue_assumed,R6-R5,L8-R8,29.0,-82.0,34.0,-94.0,86.97700845625813,5.0,-12.0,0.1492399206873761,0.008195637805684075,14.946478650778003,14.926914331699038,0.4085896149234549,True,160.6553729,160.7520251
session-1-20261005-10000Hz-600mV,10000,PUFF_BOTH,138,cue_assumed,R6-R5,R8-R7,70.0,-193.0,64.0,-181.0,205.30221625691235,-6.0,12.0,-0.06491257206576669,-0.007544662981328145,6.534955203897863,-6.488213586726843,-0.46227545557474886,True,160.7522773,160.8500789
session-1-20261005-10000Hz-600mV,10000,PUFF_BOTH,139,cue_assumed,R6-R5,R4-R3,-130.0,342.0,-129.0,338.0,365.8742953529258,1.0,-4.0,-0.011190461961393654,0.0013297077631028505,1.1269186379000673,-1.1189567895414587,0.0770488086494607,True,160.8503598,160.9512392
session-1-20261005-10000Hz-600mV,10000,PUFF_BOTH,140,cue_assumed,R6-R5,R3-R2,70.0,-191.0,70.0,-189.0,203.42320418280704,0.0,2.0,-0.009231289722336337,0.0033831951861965632,0.9831720073599334,-0.9225513411385333,0.19564813665496736,True,160.9514698,161.0470273
session-1-20261005-10000Hz-600mV,10000,PUFF_BOTH,141,cue_assumed,R6-R5,R2-R1,38.0,-130.0,39.0,-133.0,135.4400236266961,1.0,-3.0,0.023331879633667684,0.0008722197993894458,2.3348177115535247,2.333225134457373,0.048835086842952805,True,161.0473014,161.1461588
session-1-20261005-10000Hz-600mV,10000,PUFF_BOTH,142,cue_assumed,R6-R5,R1-L1,37.0,-84.0,36.0,-82.0,91.7877987534291,-1.0,2.0,-0.024332344213649854,-0.0011869436201780417,2.43612768567048,-2.433162222874641,-0.0697028603984639,True,161.1464099,161.2432079
session-1-20261005-10000Hz-600mV,10000,PUFF_BOTH,143,cue_assumed,R5-R4,L1-L2,-23.0,57.0,-23.0,58.0,61.465437442517235,0.0,1.0,0.01508734780307041,-0.006087877183695078,1.6269305834440775,1.510560333320754,-0.34362115495403917,True,161.2434472,161.3431673
session-1-20261005-10000Hz-600mV,10000,PUFF_BOTH,144,cue_assumed,R5-R4,L2-L3,0.0,-11.0,0.0,-11.0,11.0,0.0,0.0,-0.0,0.0,0.0,0.0,-0.0,False,161.3434286,161.4430332
session-1-20261005-10000Hz-600mV,10000,PUFF_BOTH,145,cue_assumed,R5-R4,L3-L4,-21.0,58.0,-21.0,56.0,61.68468205316454,0.0,-2.0,-0.030486202365308808,0.011038107752956638,3.242296034331908,-3.0423368873400136,0.652295682275629,True,161.4432829,161.5401366
session-1-20261005-10000Hz-600mV,10000,PUFF_BOTH,146,cue_assumed,R5-R4,L4-L5,20.0,-67.0,20.0,-66.0,69.92138442565336,0.0,1.0,-0.01370423399468194,0.0040908161178155045,1.430177631942184,-1.3695750380985583,0.23764185384622186,True,161.5403823,161.6427918
session-1-20261005-10000Hz-600mV,10000,PUFF_BOTH,147,cue_assumed,R5-R4,L5-L6,-6.0,-5.0,-5.0,-5.0,7.810249675906654,1.0,0.0,-0.09836065573770493,0.0819672131147541,12.8036879932896,-9.46425395748146,5.194428907734806,False,161.6430328,161.7410697
session-1-20261005-10000Hz-600mV,10000,PUFF_BOTH,148,cue_assumed,R5-R4,L6-L7,8.0,-26.0,9.0,-26.0,27.202941017470888,1.0,0.0,0.010810810810810811,0.03513513513513514,3.6760731104690385,1.1421263852492203,1.9907630314332407,False,161.7413173,161.8371592
session-1-20261005-10000Hz-600mV,10000,PUFF_BOTH,149,cue_assumed,R5-R4,L7-L8,0.0,-21.0,0.0,-21.0,21.0,0.0,0.0,-0.0,0.0,0.0,0.0,-0.0,False,161.8374093,161.936011
session-1-20261005-10000Hz-600mV,10000,PUFF_BOTH,150,cue_assumed,R5-R4,L8-R8,11.0,-47.0,9.0,-38.0,48.27007354458868,-2.0,9.0,-0.19098712446351934,0.0021459227467811167,19.09991798288123,-19.098427841713704,0.15197783856389285,False,161.936272,162.0341639
session-1-20261005-10000Hz-600mV,10000,PUFF_BOTH,151,cue_assumed,R5-R4,R8-R7,13.0,-58.0,14.0,-62.0,59.43904440685432,1.0,-4.0,0.06934616473252193,0.0016982734220209448,6.936695680023747,6.9347513281239115,0.09099375014735782,True,162.0344195,162.1320575
session-1-20261005-10000Hz-600mV,10000,PUFF_BOTH,152,cue_assumed,R5-R4,R7-R6,20.0,-90.0,19.0,-85.0,92.19544457292888,-1.0,5.0,-0.05529411764705882,0.0011764705882352934,5.530663187549721,-5.5293385100276815,0.07135211692916259,True,162.1323097,162.229038
session-1-20261005-10000Hz-600mV,10000,PUFF_BOTH,153,cue_assumed,R5-R4,R3-R2,-83.0,254.0,-82.0,249.0,267.21714016881475,1.0,-5.0,-0.018948252923464748,0.0022547440655416285,1.9081932807047757,-1.8945661895976462,0.1316822397607042,True,162.2292679,162.3310392
session-1-20261005-10000Hz-600mV,10000,PUFF_BOTH,154,cue_assumed,R5-R4,R2-R1,-17.0,38.0,-15.0,29.0,41.6293165929973,2.0,-9.0,-0.21696480092325446,0.04443162146566647,22.146759091509463,-21.570522634711697,3.247641278908735,False,162.331283,162.4281542
session-1-20261005-10000Hz-600mV,10000,PUFF_BOTH,155,cue_assumed,R5-R4,R1-L1,16.0,-14.0,16.0,-12.0,21.2602916254693,0.0,2.0,-0.061946902654867256,0.07079646017699115,9.407208683835973,-5.927913161640275,4.316027519865624,False,162.4284358,162.5281666
session-1-20261005-10000Hz-600mV,10000,PUFF_BOTH,156,cue_assumed,R4-R3,L1-L2,1.0,-34.0,1.0,-34.0,34.0147027033899,0.0,0.0,-0.0,0.0,0.0,0.0,2.3366218489576395e-17,False,162.5283804,162.6277438
session-1-20261005-10000Hz-600mV,10000,PUFF_BOTH,157,cue_assumed,R4-R3,L2-L3,-3.0,-5.0,-3.0,-6.0,5.830951894845301,0.0,-1.0,0.14705882352941177,0.08823529411764706,17.149858514250884,15.044748327105584,4.398705354995531,False,162.6279854,162.729056
session-1-20261005-10000Hz-600mV,10000,PUFF_BOTH,158,cue_assumed,R4-R3,L3-L4,4.0,-39.0,4.0,-37.0,39.20459156782532,0.0,2.0,-0.05074821080026025,0.00520494469746259,5.1014432749284735,-5.073394101115635,0.31416150960065214,False,162.729258,162.8270141
session-1-20261005-10000Hz-600mV,10000,PUFF_BOTH,159,cue_assumed,R4-R3,L4-L5,-1.0,18.0,-1.0,16.0,18.027756377319946,0.0,-2.0,-0.11076923076923076,0.006153846153846153,11.094003924504582,-11.074793743886602,0.3965042551331167,False,162.8272899,162.9290577
session-1-20261005-10000Hz-600mV,10000,PUFF_BOTH,160,cue_assumed,R4-R3,L5-L6,-5.0,-2.0,-5.0,-1.0,5.385164807134504,0.0,1.0,-0.06896551724137932,-0.1724137931034483,18.56953381770519,-5.313584705200114,-10.491477012331599,False,162.9292311,163.0280592
session-1-20261005-10000Hz-600mV,10000,PUFF_BOTH,161,cue_assumed,R4-R3,L6-L7,-1.0,6.0,-1.0,6.0,6.082762530298219,0.0,0.0,0.0,-0.0,0.0,0.0,5.157656240211109e-16,False,163.028425,163.1314044
session-1-20261005-10000Hz-600mV,10000,PUFF_BOTH,162,cue_assumed,R4-R3,L7-L8,-7.0,10.0,-6.0,7.0,12.206555615733702,1.0,-3.0,-0.2483221476510067,0.07382550335570469,25.90638800754199,-24.470548879412735,5.6092744464458075,False,163.1316679,163.2272268
session-1-20261005-10000Hz-600mV,10000,PUFF_BOTH,163,cue_assumed,R4-R3,L8-R8,-7.0,19.0,-6.0,17.0,20.248456731316587,1.0,-2.0,-0.1097560975609756,-0.012195121951219514,11.043152607484654,-10.967257324663516,-0.7848246029918872,False,163.227476,163.3261111
session-1-20261005-10000Hz-600mV,10000,PUFF_BOTH,164,cue_assumed,R4-R3,R8-R7,-8.0,17.0,-8.0,18.0,18.788294228055936,0.0,1.0,0.04815864022662889,-0.022662889518413595,5.322462954123494,4.840361580979846,-1.2386346708968872,False,163.3263692,163.4241545
session-1-20261005-10000Hz-600mV,10000,PUFF_BOTH,165,cue_assumed,R4-R3,R7-R6,-9.0,14.0,-9.0,12.0,16.64331697709324,0.0,-2.0,-0.10108303249097474,0.06498194945848376,12.016835362522196,-9.873734781083531,4.134671373736421,False,163.4244107,163.5221193
session-1-20261005-10000Hz-600mV,10000,PUFF_BOTH,166,cue_assumed,R4-R3,R6-R5,-62.0,300.0,-62.0,297.0,306.33968074671617,0.0,-3.0,-0.009590384041600956,0.001982012701930864,0.9793050618474795,-0.9588400836695654,0.11466044890457025,True,163.5223889,163.6190197
session-1-20261005-10000Hz-600mV,10000,PUFF_BOTH,167,cue_assumed,R4-R3,R2-R1,57.0,-442.0,57.0,-441.0,445.66018444550326,0.0,1.0,-0.002225433380493724,0.0002869902775749825,0.2243862105932156,-0.22253921069335103,0.01648000636915937,True,163.61927,163.7172086
session-1-20261005-10000Hz-600mV,10000,PUFF_BOTH,168,cue_assumed,R4-R3,R1-L1,42.0,-103.0,42.0,-100.0,111.23398761170077,0.0,3.0,-0.024973733128586438,0.010183463994180877,2.697017399459325,-2.4920555017117763,0.598392385211714,True,163.7174715,163.8150121
session-1-20261005-10000Hz-600mV,10000,PUFF_BOTH,169,cue_assumed,R3-R2,L1-L2,-13.0,27.0,-13.0,27.0,29.966648127543394,0.0,0.0,0.0,-0.0,0.0,0.0,1.2431789456499938e-15,False,163.8152706,163.9122056
session-1-20261005-10000Hz-600mV,10000,PUFF_BOTH,170,cue_assumed,R3-R2,L2-L3,1.0,-18.0,2.0,-19.0,18.027756377319946,1.0,-1.0,0.05846153846153846,0.0523076923076923,7.84464540552736,5.975323687966294,2.829175837630291,False,163.9124586,164.0110535
session-1-20261005-10000Hz-600mV,10000,PUFF_BOTH,171,cue_assumed,R3-R2,L3-L4,1.0,-11.0,0.0,-9.0,11.045361017187261,-1.0,2.0,-0.18852459016393439,-0.07377049180327867,20.244408254472894,-18.517828561733328,-5.194428907734807,False,164.0113384,164.1110578
session-1-20261005-10000Hz-600mV,10000,PUFF_BOTH,172,cue_assumed,R3-R2,L4-L5,-2.0,-6.0,-2.0,-7.0,6.324555320336759,0.0,-1.0,0.15,0.049999999999999996,15.811388300841896,15.108644332213395,2.4895529219991555,False,164.1113073,164.2080589
session-1-20261005-10000Hz-600mV,10000,PUFF_BOTH,173,cue_assumed,R3-R2,L5-L6,-6.0,-5.0,-6.0,-6.0,7.810249675906654,0.0,-1.0,0.0819672131147541,0.09836065573770493,12.8036879932896,8.642895251022264,5.194428907734805,False,164.2082703,164.3072213
session-1-20261005-10000Hz-600mV,10000,PUFF_BOTH,174,cue_assumed,R3-R2,L6-L7,2.0,-11.0,3.0,-10.0,11.180339887498949,1.0,1.0,-0.07200000000000001,0.10400000000000001,12.64911064067352,-6.619059760569979,6.394397765227589,False,164.3074775,164.4073697
session-1-20261005-10000Hz-600mV,10000,PUFF_BOTH,175,cue_assumed,R3-R2,L7-L8,-5.0,-5.0,-5.0,-6.0,7.0710678118654755,0.0,-1.0,0.1,0.1,14.142135623730953,10.453610171872608,5.194428907734806,False,164.4076131,164.5050681
session-1-20261005-10000Hz-600mV,10000,PUFF_BOTH,176,cue_assumed,R3-R2,L8-R8,-1.0,-11.0,-2.0,-7.0,11.045361017187261,-1.0,4.0,-0.35245901639344257,-0.12295081967213115,37.328844382739995,-34.08898199024713,-10.75096699318805,False,164.5053102,164.6011818
session-1-20261005-10000Hz-600mV,10000,PUFF_BOTH,177,cue_assumed,R3-R2,R8-R7,-3.0,-14.0,-2.0,-16.0,14.317821063276353,1.0,-2.0,0.12195121951219513,0.0975609756097561,15.617376188860607,12.618501274294601,4.969740728110304,False,164.6015941,164.700021
session-1-20261005-10000Hz-600mV,10000,PUFF_BOTH,178,cue_assumed,R3-R2,R7-R6,-7.0,-16.0,-7.0,-16.0,17.46424919657298,0.0,0.0,-0.0,-0.0,0.0,0.0,-0.0,False,164.7002732,164.8012282
session-1-20261005-10000Hz-600mV,10000,PUFF_BOTH,179,cue_assumed,R3-R2,R6-R5,20.0,-186.0,21.0,-184.0,187.0721785835617,1.0,2.0,-0.010058292376271575,0.006457880900674363,1.1952969139668086,-1.003722861982792,0.3737634941386577,True,164.8014933,164.9000511
session-1-20261005-10000Hz-600mV,10000,PUFF_BOTH,180,cue_assumed,R3-R2,R5-R4,-46.0,261.0,-46.0,255.0,265.02264054227516,0.0,-6.0,-0.02229594088585788,0.00392955279980637,2.2639575199021187,-2.2288044159489595,0.23027988520597487,True,164.9004311,164.9980156
session-1-20261005-10000Hz-600mV,10000,PUFF_BOTH,181,cue_assumed,R3-R2,R1-L1,30.0,-58.0,30.0,-55.0,65.29931086925804,0.0,3.0,-0.04080675422138837,0.021106941838649158,4.594229188737666,-4.057455436022128,1.2605838858953378,True,164.9983331,165.0981204
session-1-20261005-10000Hz-600mV,10000,PUFF_BOTH,182,cue_assumed,R2-R1,L1-L2,6.0,-255.0,5.0,-258.0,255.07057846799972,-1.0,-3.0,0.01166597500806935,-0.004196062157052612,1.2397657460776519,1.1674676922702076,-0.23764293697807287,True,165.0983687,165.1940581
session-1-20261005-10000Hz-600mV,10000,PUFF_BOTH,183,cue_assumed,R2-R1,L2-L3,-2.0,-9.0,-2.0,-9.0,9.219544457292887,0.0,0.0,-0.0,-0.0,0.0,0.0,-6.735292266628623e-16,False,165.1943176,165.2931758
session-1-20261005-10000Hz-600mV,10000,PUFF_BOTH,184,cue_assumed,R2-R1,L3-L4,-5.0,-10.0,-5.0,-10.0,11.180339887498949,0.0,0.0,-0.0,-0.0,0.0,0.0,-0.0,False,165.2934191,165.391059
session-1-20261005-10000Hz-600mV,10000,PUFF_BOTH,185,cue_assumed,R2-R1,L4-L5,-1.0,12.0,-1.0,12.0,12.041594578792296,0.0,0.0,0.0,-0.0,0.0,0.0,2.632183184659462e-16,False,165.391332,165.4910683
session-1-20261005-10000Hz-600mV,10000,PUFF_BOTH,186,cue_assumed,R2-R1,L5-L6,-10.0,-6.0,-9.0,-5.0,11.661903789690601,1.0,1.0,-0.11764705882352942,-0.029411764705882356,12.12678125181665,-11.715699883508023,-1.9091524329963754,False,165.4913736,165.5892236
session-1-20261005-10000Hz-600mV,10000,PUFF_BOTH,187,cue_assumed,R2-R1,L6-L7,1.0,-3.0,1.0,-3.0,3.1622776601683795,0.0,0.0,-0.0,0.0,0.0,0.0,9.54166404439055e-16,False,165.5894868,165.6871577
session-1-20261005-10000Hz-600mV,10000,PUFF_BOTH,188,cue_assumed,R2-R1,L7-L8,-9.0,3.0,-9.0,1.0,9.486832980505138,0.0,-2.0,-0.06666666666666667,0.2,21.0818510677892,-4.5478595781576425,12.0947570770121,False,165.6874192,165.7861538
session-1-20261005-10000Hz-600mV,10000,PUFF_BOTH,189,cue_assumed,R2-R1,L8-R8,-5.0,-3.0,-4.0,0.0,5.830951894845301,1.0,3.0,-0.4117647058823529,-0.35294117647058826,54.23261445466404,-31.40056594299646,-30.96375653207352,False,165.7864388,165.8830126
session-1-20261005-10000Hz-600mV,10000,PUFF_BOTH,190,cue_assumed,R2-R1,R8-R7,-8.0,-11.0,-8.0,-12.0,13.601470508735444,0.0,-1.0,0.059459459459459456,0.04324324324324324,7.352146220938077,6.034160737204131,2.3373058591238203,False,165.8832887,165.9831596
session-1-20261005-10000Hz-600mV,10000,PUFF_BOTH,191,cue_assumed,R2-R1,R7-R6,-12.0,-17.0,-13.0,-19.0,20.808652046684813,-1.0,-2.0,0.10623556581986142,0.016166281755196306,10.745856927604471,10.635368474578556,0.8372482443478503,False,165.9834296,166.0800864
session-1-20261005-10000Hz-600mV,10000,PUFF_BOTH,192,cue_assumed,R2-R1,R6-R5,-4.0,-103.0,-3.0,-104.0,103.07764064044152,1.0,-1.0,0.00931764705882353,0.010070588235294118,1.3719886811400708,0.9367886061254049,0.5716565627341712,True,166.0803375,166.1801692
session-1-20261005-10000Hz-600mV,10000,PUFF_BOTH,193,cue_assumed,R2-R1,R5-R4,-10.0,5.0,-10.0,1.0,11.180339887498949,0.0,-4.0,-0.16,0.32,35.77708763999664,-10.111179783023083,20.85445803957835,False,166.1804564,166.2780293
session-1-20261005-10000Hz-600mV,10000,PUFF_BOTH,194,cue_assumed,R2-R1,R4-R3,-10.0,-326.0,-9.0,-329.0,326.15333817086713,1.0,-3.0,0.009099796946679702,0.0033466195382417085,0.9695677738278143,0.9105346363879052,0.19001735285965332,True,166.2783659,166.3762264
session-1-20261005-10000Hz-600mV,10000,PUFF_BOTH,195,cue_assumed,R1-L1,L2-L3,-7.0,23.0,-7.0,23.0,24.041630560342615,0.0,0.0,0.0,-0.0,0.0,0.0,-1.0124949158984206e-15,False,166.3764825,166.4741984
session-1-20261005-10000Hz-600mV,10000,PUFF_BOTH,196,cue_assumed,R1-L1,L3-L4,2.0,-26.0,2.0,-27.0,26.076809620810597,0.0,-1.0,0.03823529411764706,-0.0029411764705882357,3.8348249442368525,3.823946008162693,-0.16231055593669177,False,166.4744262,166.5741725
session-1-20261005-10000Hz-600mV,10000,PUFF_BOTH,197,cue_assumed,R1-L1,L4-L5,-4.0,23.0,-4.0,25.0,23.345235059857504,0.0,2.0,0.08440366972477065,-0.014678899082568808,8.567058737562387,8.45030147449226,-0.7755300222620455,False,166.5744466,166.6701216
session-1-20261005-10000Hz-600mV,10000,PUFF_BOTH,198,cue_assumed,R1-L1,L5-L6,-2.0,-10.0,-2.0,-10.0,10.198039027185569,0.0,0.0,-0.0,-0.0,0.0,0.0,6.116451310506762e-16,False,166.6705435,166.7680189
session-1-20261005-10000Hz-600mV,10000,PUFF_BOTH,199,cue_assumed,R1-L1,L6-L7,0.0,-7.0,1.0,-8.0,7.0,1.0,-1.0,0.14285714285714285,0.14285714285714285,20.203050891044214,15.175110689979277,7.125016348901798,False,166.7682723,166.8780544
session-1-20261005-10000Hz-600mV,10000,PUFF_BOTH,200,cue_assumed,R1-L1,L7-L8,-2.0,-8.0,-2.0,-10.0,8.246211251235321,0.0,-2.0,0.23529411764705882,0.058823529411764705,24.253562503633297,23.669388480168465,2.7263109939062655,False,166.8784418,166.9760239
session-1-20261005-10000Hz-600mV,10000,PUFF_BOTH,201,cue_assumed,R1-L1,L8-R8,0.0,-15.0,0.0,-13.0,15.0,0.0,2.0,-0.13333333333333333,0.0,13.333333333333334,-13.33333333333333,-0.0,False,166.9762592,167.0800291
session-1-20261005-10000Hz-600mV,10000,PUFF_BOTH,202,cue_assumed,R1-L1,R8-R7,-1.0,-10.0,-1.0,-12.0,10.04987562112089,0.0,-2.0,0.19801980198019803,0.019801980198019806,19.900743804199784,19.818344353293217,0.9469514467734654,False,167.0803283,167.1821662
session-1-20261005-10000Hz-600mV,10000,PUFF_BOTH,203,cue_assumed,R1-L1,R7-R6,-4.0,-3.0,-4.0,-2.0,5.0,0.0,1.0,-0.12,-0.16,20.0,-10.557280900008404,-10.304846468766033,False,167.1824239,167.2810233
session-1-20261005-10000Hz-600mV,10000,PUFF_BOTH,204,cue_assumed,R1-L1,R6-R5,1.0,-24.0,1.0,-24.0,24.020824298928627,0.0,0.0,-0.0,0.0,0.0,0.0,1.322934356241324e-16,False,167.2813379,167.382327
session-1-20261005-10000Hz-600mV,10000,PUFF_BOTH,205,cue_assumed,R1-L1,R5-R4,-6.0,37.0,-6.0,38.0,37.48332962798263,0.0,1.0,0.026334519572953734,-0.004270462633451957,2.6678526425610407,2.6343403992128422,-0.2383999259202746,False,167.3825771,167.4800237
session-1-20261005-10000Hz-600mV,10000,PUFF_BOTH,206,cue_assumed,R1-L1,R4-R3,0.0,-37.0,-1.0,-37.0,37.0,-1.0,0.0,-0.0,-0.02702702702702703,2.7027027027027026,0.036516342279724334,-1.5481576989779677,False,167.480276,167.5800303
session-1-20261005-10000Hz-600mV,10000,PUFF_BOTH,207,cue_assumed,R1-L1,R3-R2,-1.0,4.0,-1.0,4.0,4.123105625617661,0.0,0.0,0.0,-0.0,0.0,0.0,0.0,False,167.5803031,167.6760252
session-2-20261005-50000Hz-600mV,50000,SMILE_LEFT,0,cue_assumed,L1-L2,L3-L4,-108.0,326.0,-115.0,338.0,343.42393626536864,-7.0,12.0,0.03957944717653044,0.008360183143971512,4.045275393592516,3.9613062467984683,0.46075640084802766,True,32.6966075,32.797229
session-2-20261005-50000Hz-600mV,50000,SMILE_LEFT,1,cue_assumed,L1-L2,L4-L5,-28.0,103.0,-28.0,107.0,106.7379969832674,0.0,4.0,0.036162555955411214,-0.009830597735451592,3.747493969394098,3.620918883007729,-0.5435777022242211,True,32.7974936,32.8971086
session-2-20261005-50000Hz-600mV,50000,SMILE_LEFT,2,cue_assumed,L1-L2,L5-L6,-27.0,93.0,-27.0,92.0,96.84007434941384,0.0,-1.0,-0.009916826615483045,0.0028790786948176585,1.0326303513479829,-0.9912640564840758,0.16661084399030737,True,32.8973722,32.9970998
session-2-20261005-50000Hz-600mV,50000,SMILE_LEFT,3,cue_assumed,L1-L2,L6-L7,-22.0,52.0,-22.0,49.0,56.462376853972415,0.0,-3.0,-0.04893350062735257,0.020702634880803008,5.313272602318609,-4.870820180138747,1.247006709099394,False,32.9973426,33.095084
session-2-20261005-50000Hz-600mV,50000,SMILE_LEFT,4,cue_assumed,L1-L2,L7-L8,2.0,21.0,3.0,16.0,21.095023109728988,1.0,-5.0,-0.2314606741573034,-0.06966292134831462,24.171670668808733,-22.830989511493136,-5.17932324514963,False,33.0953297,33.1930998
session-2-20261005-50000Hz-600mV,50000,SMILE_LEFT,5,cue_assumed,L1-L2,L8-R8,4.0,6.0,3.0,10.0,7.211102550927978,-1.0,4.0,0.38461538461538464,0.4230769230769231,57.17718748968657,44.78100172860546,16.990823291986164,False,33.1932949,33.2920773
session-2-20261005-50000Hz-600mV,50000,SMILE_LEFT,6,cue_assumed,L1-L2,R8-R7,4.0,0.0,2.0,4.0,4.0,-2.0,4.0,-0.5,1.0,111.80339887498948,11.80339887498949,63.43494882292201,False,33.2923323,33.3902371
session-2-20261005-50000Hz-600mV,50000,SMILE_LEFT,7,cue_assumed,L1-L2,R7-R6,15.0,-20.0,15.0,-19.0,25.0,0.0,1.0,-0.032,0.024,4.0,-3.1702525047183516,1.4202655463990457,False,33.3904438,33.4892284
session-2-20261005-50000Hz-600mV,50000,SMILE_LEFT,8,cue_assumed,L1-L2,R6-R5,3.0,11.0,3.0,11.0,11.40175425099138,0.0,0.0,0.0,0.0,0.0,0.0,-1.0764954306491904e-15,False,33.4894322,33.5894158
session-2-20261005-50000Hz-600mV,50000,SMILE_LEFT,9,cue_assumed,L1-L2,R5-R4,24.0,-68.0,25.0,-68.0,72.11102550927978,1.0,0.0,0.004615384615384616,0.013076923076923078,1.386750490563073,0.47004911529986426,0.7457681812886554,True,33.5896166,33.6892376
session-2-20261005-50000Hz-600mV,50000,SMILE_LEFT,10,cue_assumed,L1-L2,R4-R3,-4.0,52.0,-4.0,52.0,52.15361924162119,0.0,0.0,0.0,-0.0,0.0,0.0,-2.4321888740603364e-16,False,33.6894749,33.7881759
session-2-20261005-50000Hz-600mV,50000,SMILE_LEFT,11,cue_assumed,L1-L2,R3-R2,9.0,-28.0,9.0,-28.0,29.410882339705484,0.0,0.0,-0.0,0.0,0.0,0.0,-1.2354524543025915e-15,False,33.7884218,33.8872242
session-2-20261005-50000Hz-600mV,50000,SMILE_LEFT,12,cue_assumed,L1-L2,R2-R1,-128.0,416.0,-128.0,415.0,435.2470562795342,0.0,-1.0,-0.002195945945945946,0.0006756756756756757,0.2297545694043149,-0.2195717174793832,0.03879855815502743,True,33.8874332,33.986414
session-2-20261005-50000Hz-600mV,50000,SMILE_LEFT,13,cue_assumed,L2-L3,L4-L5,100.0,-273.0,96.0,-264.0,290.73871431235295,-4.0,9.0,-0.033799051213193106,-0.002271409812017178,3.3875288418641967,-3.3796381325830405,-0.1346945024122771,True,33.9866319,34.0862587
session-2-20261005-50000Hz-600mV,50000,SMILE_LEFT,14,cue_assumed,L2-L3,L5-L6,-62.0,183.0,-59.0,174.0,193.2174940319846,3.0,-9.0,-0.04909865266654167,0.00024107358101411566,4.909924449664335,-4.909862210791916,0.014525690269579035,True,34.0864795,34.1860949
session-2-20261005-50000Hz-600mV,50000,SMILE_LEFT,15,cue_assumed,L2-L3,L6-L7,-20.0,47.0,-17.0,40.0,51.07837115648854,3.0,-7.0,-0.14909927175162896,-0.0003832886163280946,14.90997644097049,-14.909918542536849,-0.025808907944987167,False,34.1863236,34.284098
session-2-20261005-50000Hz-600mV,50000,SMILE_LEFT,16,cue_assumed,L2-L3,L7-L8,-1.0,22.0,-2.0,23.0,22.02271554554524,-1.0,1.0,0.04742268041237113,0.04329896907216495,6.421612990679355,4.831725740109283,2.3671785256104974,False,34.2843105,34.3840789
session-2-20261005-50000Hz-600mV,50000,SMILE_LEFT,17,cue_assumed,L2-L3,L8-R8,-3.0,18.0,-3.0,22.0,18.24828759089466,0.0,4.0,0.21621621621621623,-0.036036036036036036,21.91986497404764,21.674996629565648,-1.6971561896002838,False,34.384303,34.4832182
session-2-20261005-50000Hz-600mV,50000,SMILE_LEFT,18,cue_assumed,L2-L3,R8-R7,0.0,11.0,0.0,11.0,11.0,0.0,0.0,0.0,0.0,0.0,0.0,0.0,False,34.4834133,34.584154
session-2-20261005-50000Hz-600mV,50000,SMILE_LEFT,19,cue_assumed,L2-L3,R7-R6,4.0,6.0,4.0,6.0,7.211102550927978,0.0,0.0,0.0,0.0,0.0,0.0,-1.4679483145216231e-15,False,34.5843666,34.6830993
session-2-20261005-50000Hz-600mV,50000,SMILE_LEFT,20,cue_assumed,L2-L3,R6-R5,-2.0,21.0,-2.0,20.0,21.095023109728988,0.0,-1.0,-0.04719101123595506,0.0044943820224719105,4.740454631399772,-4.718041133731621,0.27026110649413665,False,34.6832994,34.7822234
session-2-20261005-50000Hz-600mV,50000,SMILE_LEFT,21,cue_assumed,L2-L3,R5-R4,0.0,-4.0,0.0,-4.0,4.0,0.0,0.0,-0.0,0.0,0.0,0.0,-0.0,False,34.7824322,34.8811927
session-2-20261005-50000Hz-600mV,50000,SMILE_LEFT,22,cue_assumed,L2-L3,R4-R3,9.0,12.0,9.0,12.0,15.0,0.0,0.0,0.0,0.0,0.0,0.0,0.0,False,34.8814129,34.9792412
session-2-20261005-50000Hz-600mV,50000,SMILE_LEFT,23,cue_assumed,L2-L3,R3-R2,-1.0,10.0,-1.0,10.0,10.04987562112089,0.0,0.0,0.0,-0.0,0.0,0.0,-3.149064041052987e-16,False,34.9794444,35.0770752
session-2-20261005-50000Hz-600mV,50000,SMILE_LEFT,24,cue_assumed,L2-L3,R2-R1,6.0,-59.0,6.0,-59.0,59.30430001273095,0.0,0.0,-0.0,0.0,0.0,0.0,-3.7349135156224977e-16,False,35.0772818,35.1750841
session-2-20261005-50000Hz-600mV,50000,SMILE_LEFT,25,cue_assumed,L2-L3,R1-L1,16.0,24.0,16.0,22.0,28.844410203711913,0.0,-2.0,-0.057692307692307696,-0.038461538461538464,6.933752452815364,-5.690770498159781,-2.3373058591238216,False,35.1752913,35.273079
session-2-20261005-50000Hz-600mV,50000,SMILE_LEFT,26,cue_assumed,L3-L4,L1-L2,-80.0,362.0,-87.0,375.0,370.7344062802912,-7.0,13.0,0.03831378597828934,0.010869881551759263,3.982587752880578,3.837068163422175,0.5997951627743175,True,35.2733042,35.3692294
session-2-20261005-50000Hz-600mV,50000,SMILE_LEFT,27,cue_assumed,L3-L4,L5-L6,98.0,-281.0,97.0,-275.0,297.5987231155403,-1.0,6.0,-0.020143397504657597,0.003466380624400158,2.0439477920530718,-2.0137266119203523,0.20269103758705337,True,35.3694529,35.4680996
session-2-20261005-50000Hz-600mV,50000,SMILE_LEFT,28,cue_assumed,L3-L4,L6-L7,8.0,-28.0,5.0,-20.0,29.120439557122072,-3.0,8.0,-0.29245283018867924,-0.023584905660377364,29.34022932091318,-29.205985755643237,-1.9091524329963754,False,35.4683029,35.5662677
session-2-20261005-50000Hz-600mV,50000,SMILE_LEFT,29,cue_assumed,L3-L4,L7-L8,12.0,-19.0,13.0,-24.0,22.47220505424423,1.0,-5.0,0.21188118811881188,-0.08118811881188119,22.690339026742524,21.459768020216273,-3.832715690214282,False,35.5664725,35.6683899
session-2-20261005-50000Hz-600mV,50000,SMILE_LEFT,30,cue_assumed,L3-L4,L8-R8,10.0,-19.0,12.0,-22.0,21.470910553583888,2.0,-3.0,0.1670281995661605,0.01735357917570499,16.792726449424645,16.71572153282701,0.8519190649051939,False,35.6686273,35.7672603
session-2-20261005-50000Hz-600mV,50000,SMILE_LEFT,31,cue_assumed,L3-L4,R8-R7,6.0,-6.0,6.0,-4.0,8.48528137423857,0.0,2.0,-0.16666666666666666,0.16666666666666666,23.570226039551585,-15.01634144012025,11.309932474020215,False,35.7674763,35.8671165
session-2-20261005-50000Hz-600mV,50000,SMILE_LEFT,32,cue_assumed,L3-L4,R7-R6,15.0,-21.0,15.0,-20.0,25.80697580112788,0.0,1.0,-0.03153153153153153,0.02252252252252252,3.8749212914606423,-3.12696771348393,1.3322198538696381,False,35.867289,35.9661236
session-2-20261005-50000Hz-600mV,50000,SMILE_LEFT,33,cue_assumed,L3-L4,R6-R5,-1.0,16.0,-1.0,16.0,16.0312195418814,0.0,0.0,0.0,-0.0,0.0,0.0,0.0,False,35.9663825,36.0653525
session-2-20261005-50000Hz-600mV,50000,SMILE_LEFT,34,cue_assumed,L3-L4,R5-R4,19.0,-61.0,19.0,-60.0,63.89053137985315,0.0,1.0,-0.014943655071043605,0.0046545810877021065,1.5651771528626446,-1.4932658236048724,0.2707315863774192,True,36.0656118,36.1630781
session-2-20261005-50000Hz-600mV,50000,SMILE_LEFT,35,cue_assumed,L3-L4,R4-R3,0.0,63.0,0.0,63.0,63.0,0.0,0.0,0.0,0.0,0.0,0.0,0.0,True,36.1632998,36.2630908
session-2-20261005-50000Hz-600mV,50000,SMILE_LEFT,36,cue_assumed,L3-L4,R3-R2,6.0,15.0,6.0,15.0,16.15549442140351,0.0,0.0,0.0,0.0,0.0,0.0,1.0967429936081094e-15,False,36.2633252,36.3622241
session-2-20261005-50000Hz-600mV,50000,SMILE_LEFT,37,cue_assumed,L3-L4,R2-R1,-18.0,-28.0,-17.0,-27.0,33.28663395418648,1.0,1.0,-0.04151624548736462,0.009025270758122744,4.248592886620874,-4.147375457064517,0.5394923373943508,False,36.3624356,36.4602301
session-2-20261005-50000Hz-600mV,50000,SMILE_LEFT,38,cue_assumed,L3-L4,R1-L1,-19.0,138.0,-19.0,138.0,139.30183056945089,0.0,0.0,0.0,-0.0,0.0,0.0,-4.523746931635819e-17,True,36.4604491,36.5572206
session-2-20261005-50000Hz-600mV,50000,SMILE_LEFT,39,cue_assumed,L4-L5,L1-L2,-17.0,86.0,-17.0,91.0,87.66413177577246,0.0,5.0,0.05595315549772283,-0.011060507482108002,5.703586973049607,5.601108016505196,-0.6001186892528849,True,36.5574892,36.6551034
session-2-20261005-50000Hz-600mV,50000,SMILE_LEFT,40,cue_assumed,L4-L5,L2-L3,110.0,-264.0,106.0,-255.0,286.0,-4.0,9.0,-0.03442711135018828,-0.0008068854222700372,3.443656574054583,-3.4426774211491318,-0.04787947034221677,True,36.6553483,36.756325
session-2-20261005-50000Hz-600mV,50000,SMILE_LEFT,41,cue_assumed,L4-L5,L6-L7,-92.0,194.0,-84.0,178.0,214.7091055358389,8.0,-16.0,-0.08329718004338395,-0.0017353579175705001,8.331525472734267,-8.329553749121853,-0.10846324859683924,True,36.7565336,36.8560292
session-2-20261005-50000Hz-600mV,50000,SMILE_LEFT,42,cue_assumed,L4-L5,L7-L8,-21.0,73.0,-26.0,83.0,75.96051605933177,-5.0,10.0,0.14471403812824957,0.026863084922010397,14.718620235236592,14.502919369744038,1.3443173543788396,True,36.8562961,36.9541011
session-2-20261005-50000Hz-600mV,50000,SMILE_LEFT,43,cue_assumed,L4-L5,L8-R8,-16.0,51.0,-19.0,64.0,53.45091205957107,-3.0,13.0,0.24886244312215614,-0.019250962548127408,24.960591971297035,24.901080916062114,-0.8831329348576838,False,36.9543671,37.0522445
session-2-20261005-50000Hz-600mV,50000,SMILE_LEFT,44,cue_assumed,L4-L5,R8-R7,-4.0,23.0,-4.0,23.0,23.345235059857504,0.0,0.0,0.0,-0.0,0.0,0.0,2.684504868758198e-16,False,37.0525013,37.1522632
session-2-20261005-50000Hz-600mV,50000,SMILE_LEFT,45,cue_assumed,L4-L5,R7-R6,-4.0,22.0,-4.0,22.0,22.360679774997898,0.0,0.0,0.0,-0.0,0.0,0.0,-2.798888119687895e-16,False,37.1524671,37.2491194
session-2-20261005-50000Hz-600mV,50000,SMILE_LEFT,46,cue_assumed,L4-L5,R6-R5,-2.0,7.0,-1.0,7.0,7.280109889280518,1.0,0.0,-0.03773584905660377,-0.1320754716981132,13.736056394868903,-2.8714137642735893,-7.815293546766875,False,37.249365,37.3482353
session-2-20261005-50000Hz-600mV,50000,SMILE_LEFT,47,cue_assumed,L4-L5,R5-R4,-12.0,44.0,-12.0,44.0,45.60701700396552,0.0,0.0,0.0,-0.0,0.0,0.0,1.0764954306491904e-15,False,37.3485067,37.4473732
session-2-20261005-50000Hz-600mV,50000,SMILE_LEFT,48,cue_assumed,L4-L5,R4-R3,26.0,-25.0,26.0,-25.0,36.069377593742864,0.0,0.0,0.0,0.0,0.0,0.0,7.627463955546636e-16,False,37.4475912,37.5511102
session-2-20261005-50000Hz-600mV,50000,SMILE_LEFT,49,cue_assumed,L4-L5,R3-R2,-2.0,-16.0,-2.0,-16.0,16.1245154965971,0.0,0.0,-0.0,-0.0,0.0,0.0,-0.0,False,37.5513324,37.6502656
session-2-20261005-50000Hz-600mV,50000,SMILE_LEFT,50,cue_assumed,L4-L5,R2-R1,7.0,-126.0,7.0,-126.0,126.19429464123962,0.0,0.0,-0.0,0.0,0.0,0.0,1.761537977425948e-16,True,37.6504818,37.7491379
session-2-20261005-50000Hz-600mV,50000,SMILE_LEFT,51,cue_assumed,L4-L5,R1-L1,35.0,12.0,36.0,10.0,37.0,1.0,-2.0,0.008035062089116142,-0.05989773557341125,6.043426966215648,0.9813064446994924,-3.400533419296977,False,37.7493434,37.8473311
session-2-20261005-50000Hz-600mV,50000,SMILE_LEFT,52,cue_assumed,L5-L6,L1-L2,-32.0,101.0,-32.0,102.0,105.94810050208545,0.0,1.0,0.008997772828507795,-0.0028507795100222717,0.9438583563660172,0.900180005622575,-0.1618806344524504,True,37.8475914,37.9451013
session-2-20261005-50000Hz-600mV,50000,SMILE_LEFT,53,cue_assumed,L5-L6,L2-L3,-76.0,197.0,-72.0,188.0,211.15160430363773,4.0,-9.0,-0.04658517438600426,-0.002332623079511047,4.664353763390482,-4.658232089445846,-0.14017947633386985,True,37.9452999,38.0422224
session-2-20261005-50000Hz-600mV,50000,SMILE_LEFT,54,cue_assumed,L5-L6,L3-L4,127.0,-302.0,125.0,-294.0,327.6171546180084,-2.0,8.0,-0.024875853651719414,0.003838521237643595,2.517026698693526,-2.4868298619743046,0.22554044152776248,True,38.0424823,38.1382426
session-2-20261005-50000Hz-600mV,50000,SMILE_LEFT,55,cue_assumed,L5-L6,L7-L8,-86.0,193.0,-95.0,209.0,211.29363454680788,-9.0,16.0,0.08650464777690671,0.008086011871430173,8.688174534959343,8.653473631946307,0.4264002009634518,True,38.1384667,38.2370885
session-2-20261005-50000Hz-600mV,50000,SMILE_LEFT,56,cue_assumed,L5-L6,L8-R8,-23.0,58.0,-27.0,68.0,62.39390995922599,-4.0,10.0,0.1726175186231698,0.0005137426149499078,17.261828311941578,17.261763116262017,0.02510220190457298,True,38.2373555,38.3360941
session-2-20261005-50000Hz-600mV,50000,SMILE_LEFT,57,cue_assumed,L5-L6,R8-R7,-5.0,19.0,-5.0,20.0,19.6468827043885,0.0,1.0,0.04922279792746114,-0.012953367875647668,5.089865985592875,4.9302753941898425,-0.7073193685442559,False,38.3363648,38.4360952
session-2-20261005-50000Hz-600mV,50000,SMILE_LEFT,58,cue_assumed,L5-L6,R7-R6,1.0,3.0,1.0,3.0,3.1622776601683795,0.0,0.0,0.0,0.0,0.0,0.0,-9.54166404439055e-16,False,38.4363579,38.534232
session-2-20261005-50000Hz-600mV,50000,SMILE_LEFT,59,cue_assumed,L5-L6,R6-R5,12.0,41.0,12.0,41.0,42.720018726587654,0.0,0.0,0.0,0.0,0.0,0.0,-9.288962439561943e-16,False,38.5344741,38.6332468
session-2-20261005-50000Hz-600mV,50000,SMILE_LEFT,60,cue_assumed,L5-L6,R5-R4,6.0,0.0,6.0,-1.0,6.0,0.0,-1.0,0.0,-0.16666666666666666,16.666666666666664,1.379375504970315,-9.462322208025617,False,38.6334779,38.7311877
session-2-20261005-50000Hz-600mV,50000,SMILE_LEFT,61,cue_assumed,L5-L6,R4-R3,0.0,8.0,0.0,8.0,8.0,0.0,0.0,0.0,0.0,0.0,0.0,0.0,False,38.7314169,38.8511805
session-2-20261005-50000Hz-600mV,50000,SMILE_LEFT,62,cue_assumed,L5-L6,R3-R2,-1.0,3.0,-2.0,2.0,3.1622776601683795,-1.0,-1.0,-0.2,0.39999999999999997,44.721359549995796,-10.557280900008415,26.565051177077994,False,38.8514023,38.9503213
session-2-20261005-50000Hz-600mV,50000,SMILE_LEFT,63,cue_assumed,L5-L6,R2-R1,-8.0,-38.0,-8.0,-38.0,38.8329756778952,0.0,0.0,-0.0,-0.0,0.0,0.0,-6.411728270324332e-16,False,38.9505318,39.0508322
session-2-20261005-50000Hz-600mV,50000,SMILE_LEFT,64,cue_assumed,L5-L6,R1-L1,-8.0,79.0,-8.0,77.0,79.40403012442127,0.0,-2.0,-0.025059476605868356,0.00253766851704996,2.518763842170381,-2.505617396819937,0.1491346025557221,True,39.0510391,39.1511213
session-2-20261005-50000Hz-600mV,50000,SMILE_LEFT,65,cue_assumed,L6-L7,L1-L2,-20.0,48.0,-19.0,45.0,52.0,1.0,-3.0,-0.060650887573964495,0.004437869822485208,6.081303192631498,-6.064040447539898,0.2706867082078993,False,39.1513404,39.2500717
session-2-20261005-50000Hz-600mV,50000,SMILE_LEFT,66,cue_assumed,L6-L7,L2-L3,-19.0,52.0,-15.0,46.0,55.362442142665635,4.0,-6.0,-0.12659053833605222,-0.030668841761827086,13.025260938354938,-12.605225237482365,-2.011053928339542,False,39.250311,39.3471528
session-2-20261005-50000Hz-600mV,50000,SMILE_LEFT,67,cue_assumed,L6-L7,L3-L4,14.0,-43.0,10.0,-35.0,45.221676218380054,-4.0,8.0,-0.19559902200489,-0.029339853300733493,19.778727057365952,-19.506412653479156,-2.088889666207003,False,39.3473822,39.4450856
session-2-20261005-50000Hz-600mV,50000,SMILE_LEFT,68,cue_assumed,L6-L7,L4-L5,-107.0,223.0,-97.0,206.0,247.34186867572583,10.0,-17.0,-0.07945666742946811,-0.006718101278237275,7.974017107946127,-7.943215349174526,-0.4181356841518003,True,39.4453179,39.5441118
session-2-20261005-50000Hz-600mV,50000,SMILE_LEFT,69,cue_assumed,L6-L7,L8-R8,-139.0,315.0,-145.0,322.0,344.30509726113553,-6.0,7.0,0.025635618241020362,0.007735393855549746,2.6777252299289644,2.566478818507778,0.4321193703249572,True,39.5443596,39.6432532
session-2-20261005-50000Hz-600mV,50000,SMILE_LEFT,70,cue_assumed,L6-L7,R8-R7,-29.0,53.0,-29.0,51.0,60.41522986797286,0.0,-2.0,-0.02904109589041096,0.01589041095890411,3.310423554409472,-2.8911075837986355,0.9376011774343704,True,39.6436176,39.7441081
session-2-20261005-50000Hz-600mV,50000,SMILE_LEFT,71,cue_assumed,L6-L7,R7-R6,-13.0,44.0,-11.0,39.0,45.880278987817846,2.0,-5.0,-0.1168646080760095,-0.010926365795724464,11.737428206494505,-11.67970188352837,-0.7088411485870088,False,39.7443123,39.8431171
session-2-20261005-50000Hz-600mV,50000,SMILE_LEFT,72,cue_assumed,L6-L7,R6-R5,-9.0,22.0,-7.0,19.0,23.769728648009426,2.0,-3.0,-0.1486725663716814,-0.03008849557522124,15.168668220223594,-14.81410229303448,-2.0241642260442863,False,39.843348,39.9423526
session-2-20261005-50000Hz-600mV,50000,SMILE_LEFT,73,cue_assumed,L6-L7,R5-R4,-9.0,14.0,-7.0,10.0,16.64331697709324,2.0,-4.0,-0.26714801444043323,0.02888086642599279,26.870460745022957,-26.657915411128673,2.2567939264510617,False,39.9425513,40.041112
session-2-20261005-50000Hz-600mV,50000,SMILE_LEFT,74,cue_assumed,L6-L7,R4-R3,13.0,-4.0,13.0,-2.0,13.601470508735444,0.0,2.0,-0.043243243243243246,0.14054054054054055,14.704292441876154,-3.2976145519080347,8.356566706497164,False,40.0413217,40.1412317
session-2-20261005-50000Hz-600mV,50000,SMILE_LEFT,75,cue_assumed,L6-L7,R3-R2,-3.0,1.0,-2.0,0.0,3.1622776601683795,1.0,-1.0,-0.39999999999999997,0.2,44.721359549995796,-36.754446796632415,18.43494882292201,False,40.1414744,40.2382702
session-2-20261005-50000Hz-600mV,50000,SMILE_LEFT,76,cue_assumed,L6-L7,R2-R1,-8.0,-61.0,-8.0,-60.0,61.5223536610881,0.0,1.0,-0.016116248348745046,-0.0021136063408190224,1.6254254600023277,-1.6113978097507475,-0.12308419199906884,False,40.2386631,40.33824
session-2-20261005-50000Hz-600mV,50000,SMILE_LEFT,77,cue_assumed,L6-L7,R1-L1,6.0,69.0,8.0,65.0,69.26037828369117,2.0,-4.0,-0.05503439649781114,-0.03377110694183865,6.456990368550499,-5.443113446648795,-2.046761016612605,False,40.3384522,40.4360906
session-2-20261005-50000Hz-600mV,50000,SMILE_LEFT,78,cue_assumed,L7-L8,L1-L2,1.0,19.0,3.0,14.0,19.026297590440446,2.0,-5.0,-0.25690607734806625,-0.11878453038674032,28.303797843676215,-24.747203205366752,-9.081969572828761,False,40.4363172,40.5352539
session-2-20261005-50000Hz-600mV,50000,SMILE_LEFT,79,cue_assumed,L7-L8,L2-L3,-5.0,29.0,-6.0,31.0,29.427877939124322,-1.0,2.0,0.07274826789838337,0.021939953810623556,7.598468303169562,7.297260349563173,1.171655611591048,False,40.5354696,40.6311719
session-2-20261005-50000Hz-600mV,50000,SMILE_LEFT,80,cue_assumed,L7-L8,L3-L4,10.0,-30.0,12.0,-34.0,31.622776601683793,2.0,-4.0,0.14,0.02,14.142135623730953,14.017542509913783,1.0050860052541821,False,40.6315476,40.7292328
session-2-20261005-50000Hz-600mV,50000,SMILE_LEFT,81,cue_assumed,L7-L8,L4-L5,-33.0,95.0,-38.0,106.0,100.56838469419701,-5.0,11.0,0.11963614791378287,0.011073759145738576,12.01475593978769,11.969090907126322,0.5666653190073814,True,40.7294383,40.8285636
session-2-20261005-50000Hz-600mV,50000,SMILE_LEFT,82,cue_assumed,L7-L8,L5-L6,-89.0,203.0,-97.0,220.0,221.65288177689007,-8.0,17.0,0.08473437818033787,0.0022593120293099922,8.476449337107079,8.473673105372882,0.11933691721838297,True,40.8287606,40.9293243
session-2-20261005-50000Hz-600mV,50000,SMILE_LEFT,83,cue_assumed,L7-L8,R8-R7,-60.0,135.0,-66.0,153.0,147.73286702694156,-6.0,18.0,0.12783505154639177,-0.012371134020618554,12.843225981358714,12.790289850394853,-0.6284476978684065,True,40.9295274,41.0271722
session-2-20261005-50000Hz-600mV,50000,SMILE_LEFT,84,cue_assumed,L7-L8,R7-R6,-32.0,68.0,-34.0,75.0,75.15317691222374,-2.0,7.0,0.09560906515580736,-0.015580736543909346,9.687028796910912,9.57198469512328,-0.8147525436736833,True,41.027446,41.1240508
session-2-20261005-50000Hz-600mV,50000,SMILE_LEFT,85,cue_assumed,L7-L8,R6-R5,-16.0,23.0,-17.0,27.0,28.0178514522438,-1.0,4.0,0.1375796178343949,-0.05222929936305732,14.71599502426323,13.877797951321668,-2.6287552222435435,False,41.1242781,41.2201703
session-2-20261005-50000Hz-600mV,50000,SMILE_LEFT,86,cue_assumed,L7-L8,R5-R4,-8.0,16.0,-7.0,14.0,17.88854381999832,1.0,-2.0,-0.125,0.0,12.5,-12.5,0.0,False,41.2203783,41.3190347
session-2-20261005-50000Hz-600mV,50000,SMILE_LEFT,87,cue_assumed,L7-L8,R4-R3,12.0,-5.0,12.0,-3.0,13.0,0.0,2.0,-0.0591715976331361,0.14201183431952663,15.384615384615385,-4.851408639592458,8.583621480113948,False,41.3192368,41.4140777
session-2-20261005-50000Hz-600mV,50000,SMILE_LEFT,88,cue_assumed,L7-L8,R3-R2,-2.0,1.0,-2.0,2.0,2.23606797749979,0.0,1.0,0.2,-0.4,44.721359549995796,26.491106406735177,-18.43494882292201,False,41.4142793,41.512032
session-2-20261005-50000Hz-600mV,50000,SMILE_LEFT,89,cue_assumed,L7-L8,R2-R1,-6.0,-56.0,-9.0,-52.0,56.32051136131489,-3.0,4.0,-0.06494325346784362,-0.060529634300126096,8.877760302855435,-6.29861495880607,-3.703797072472492,False,41.5122391,41.6102237
session-2-20261005-50000Hz-600mV,50000,SMILE_LEFT,90,cue_assumed,L7-L8,R1-L1,-2.0,74.0,-3.0,76.0,74.02702209328699,-1.0,2.0,0.027372262773722632,0.012773722627737226,3.020610466650885,2.745167005877658,0.7123442121633039,True,41.6104464,41.7093697
session-2-20261005-50000Hz-600mV,50000,SMILE_LEFT,91,cue_assumed,L8-R8,L1-L2,8.0,3.0,6.0,6.0,8.54400374531753,-2.0,3.0,-0.0958904109589041,0.410958904109589,42.199785755477706,-0.6872933677158244,24.443954780416536,False,41.7095767,41.8092327
session-2-20261005-50000Hz-600mV,50000,SMILE_LEFT,92,cue_assumed,L8-R8,L2-L3,-4.0,26.0,-5.0,29.0,26.30589287593181,-1.0,3.0,0.11849710982658958,0.020231213872832367,12.021175920858623,11.86800644979793,1.0362447692520766,False,41.8094341,41.9082295
session-2-20261005-50000Hz-600mV,50000,SMILE_LEFT,93,cue_assumed,L8-R8,L3-L4,11.0,-29.0,12.0,-33.0,31.016124838541646,1.0,-4.0,0.13201663201663202,-0.015592515592515592,13.293426071377413,13.212401339463774,-0.7891481601458512,False,41.9084432,42.0072522
session-2-20261005-50000Hz-600mV,50000,SMILE_LEFT,94,cue_assumed,L8-R8,L4-L5,-23.0,71.0,-27.0,84.0,74.63243262818116,-4.0,13.0,0.18222621184919208,-0.0026929982046678654,18.224610976434306,18.22292790413462,-0.13051407839109733,True,42.007456,42.1041163
session-2-20261005-50000Hz-600mV,50000,SMILE_LEFT,95,cue_assumed,L8-R8,L5-L6,-20.0,62.0,-24.0,72.0,65.14598989960932,-4.0,10.0,0.1649387370405278,0.011310084825636193,16.532605661324975,16.499363907119367,0.556252227080673,True,42.104351,42.2022446
session-2-20261005-50000Hz-600mV,50000,SMILE_LEFT,96,cue_assumed,L8-R8,L6-L7,-135.0,332.0,-140.0,337.0,358.39782365410645,-5.0,5.0,0.018178421007559422,0.007668413144516501,1.972966169205826,1.8207297933776179,0.43151513768675953,True,42.2024458,42.3012494
session-2-20261005-50000Hz-600mV,50000,SMILE_LEFT,97,cue_assumed,L8-R8,R7-R6,-159.0,348.0,-164.0,367.0,382.602927328059,-5.0,19.0,0.05059944666461728,-0.008750896608259043,5.13505812451416,5.063589103144972,-0.4772302606008628,True,42.3014629,42.3990904
session-2-20261005-50000Hz-600mV,50000,SMILE_LEFT,98,cue_assumed,L8-R8,R6-R5,-43.0,76.0,-45.0,81.0,87.32124598286491,-2.0,5.0,0.06111475409836065,-0.008262295081967212,6.16707279714176,6.1146920499346225,-0.4461205244220161,True,42.3992807,42.4962428
session-2-20261005-50000Hz-600mV,50000,SMILE_LEFT,99,cue_assumed,L8-R8,R5-R4,-21.0,42.0,-23.0,46.0,46.95742752749558,-2.0,4.0,0.09523809523809525,0.0,9.523809523809526,9.523809523809534,0.0,False,42.4964436,42.5973384
session-2-20261005-50000Hz-600mV,50000,SMILE_LEFT,100,cue_assumed,L8-R8,R4-R3,18.0,-14.0,18.0,-15.0,22.80350850198276,0.0,-1.0,0.026923076923076925,-0.03461538461538462,4.3852900965351465,2.750631665660852,-1.9305874411669912,False,42.5975422,42.6970922
session-2-20261005-50000Hz-600mV,50000,SMILE_LEFT,101,cue_assumed,L8-R8,R3-R2,-5.0,7.0,-5.0,8.0,8.602325267042627,0.0,1.0,0.0945945945945946,-0.06756756756756757,11.624763874381928,9.667803055532321,-3.532294583890888,False,42.6973181,42.7941564
session-2-20261005-50000Hz-600mV,50000,SMILE_LEFT,102,cue_assumed,L8-R8,R2-R1,-13.0,-46.0,-13.0,-45.0,47.80167361086848,0.0,1.0,-0.02013129102844639,-0.0056892778993435445,2.0919769632765197,-2.0114774728899665,-0.33266492357390354,False,42.7943649,42.8932694
session-2-20261005-50000Hz-600mV,50000,SMILE_LEFT,103,cue_assumed,L8-R8,R1-L1,-8.0,88.0,-9.0,91.0,88.36288813749809,-1.0,3.0,0.03483606557377049,0.008196721311475409,3.578739589461676,3.4868527327244214,0.45381846600045717,True,42.8934814,42.9931428
session-2-20261005-50000Hz-600mV,50000,SMILE_LEFT,104,cue_assumed,R8-R7,L1-L2,9.0,-6.0,7.0,-3.0,10.816653826391969,-2.0,3.0,-0.3076923076923077,0.12820512820512822,33.333333333333336,-29.59215272950779,10.491477012331599,False,42.9933366,43.0922514
session-2-20261005-50000Hz-600mV,50000,SMILE_LEFT,105,cue_assumed,R8-R7,L2-L3,0.0,16.0,0.0,16.0,16.0,0.0,0.0,0.0,0.0,0.0,0.0,0.0,False,43.0924789,43.1902448
session-2-20261005-50000Hz-600mV,50000,SMILE_LEFT,106,cue_assumed,R8-R7,L3-L4,5.0,-17.0,4.0,-16.0,17.72004514666935,-1.0,1.0,-0.07006369426751594,-0.03821656050955414,7.980868844676222,-6.927875375246739,-2.3532968661083054,False,43.1904229,43.2903399
session-2-20261005-50000Hz-600mV,50000,SMILE_LEFT,107,cue_assumed,R8-R7,L4-L5,-8.0,37.0,-8.0,37.0,37.8549864614954,0.0,0.0,0.0,-0.0,0.0,0.0,-6.569743096393587e-16,False,43.2905862,43.3892344
session-2-20261005-50000Hz-600mV,50000,SMILE_LEFT,108,cue_assumed,R8-R7,L5-L6,-2.0,19.0,-2.0,20.0,19.1049731745428,0.0,1.0,0.052054794520547946,-0.005479452054794521,5.234239225902137,5.206906383017129,-0.29841281999488223,False,43.3894539,43.4871903
session-2-20261005-50000Hz-600mV,50000,SMILE_LEFT,109,cue_assumed,R8-R7,L6-L7,-30.0,59.0,-30.0,57.0,66.18912297349165,0.0,-2.0,-0.02693448984250171,0.01369550330974663,3.0216445091756055,-2.68381152814402,0.8063616698310847,True,43.4874068,43.5872119
session-2-20261005-50000Hz-600mV,50000,SMILE_LEFT,110,cue_assumed,R8-R7,L7-L8,-51.0,141.0,-58.0,159.0,149.9399879951976,-7.0,18.0,0.12876968241259673,0.003069121964238054,12.880625224837647,12.877385487238557,0.15578669834881975,True,43.5875114,43.6871902
session-2-20261005-50000Hz-600mV,50000,SMILE_LEFT,111,cue_assumed,R8-R7,R6-R5,-102.0,183.0,-98.0,175.0,209.50656314301946,4.0,-8.0,-0.042649169571457875,0.0019137447884628516,4.269208456201614,-4.2647256784974275,0.11453413932080113,True,43.6874022,43.7840478
session-2-20261005-50000Hz-600mV,50000,SMILE_LEFT,112,cue_assumed,R8-R7,R5-R4,-28.0,54.0,-27.0,53.0,60.8276253029822,1.0,-1.0,-0.022162162162162165,-0.007027027027027027,2.324952774876386,-2.2136913358410726,-0.4117370437317849,False,43.7842619,43.8892637
session-2-20261005-50000Hz-600mV,50000,SMILE_LEFT,113,cue_assumed,R8-R7,R4-R3,18.0,-16.0,19.0,-17.0,24.08318915758459,1.0,-1.0,0.05862068965517241,-0.003448275862068967,5.872202195147034,5.862630572474137,-0.18663054356556835,False,43.8894783,43.9872312
session-2-20261005-50000Hz-600mV,50000,SMILE_LEFT,114,cue_assumed,R8-R7,R3-R2,-5.0,9.0,-5.0,8.0,10.295630140987,0.0,-1.0,-0.08490566037735849,0.04716981132075471,9.712858623572641,-8.369075006882431,2.9507791090063495,False,43.9874414,44.0841199
session-2-20261005-50000Hz-600mV,50000,SMILE_LEFT,115,cue_assumed,R8-R7,R2-R1,-16.0,-33.0,-15.0,-35.0,36.6742416417845,1.0,-2.0,0.03717472118959108,0.048327137546468404,6.097107608496924,3.830001179723652,2.6677662804463305,False,44.0843431,44.1821848
session-2-20261005-50000Hz-600mV,50000,SMILE_LEFT,116,cue_assumed,R8-R7,R1-L1,-1.0,74.0,-2.0,73.0,74.00675644831355,-1.0,-1.0,-0.013328464487858318,0.013693627898484573,1.91092493475347,-1.323344481335953,0.7951346398209227,True,44.1824246,44.2820879
session-2-20261005-50000Hz-600mV,50000,SMILE_LEFT,117,cue_assumed,R7-R6,L1-L2,18.0,-18.0,18.0,-18.0,25.45584412271571,0.0,0.0,0.0,0.0,0.0,0.0,0.0,False,44.2823645,44.3811099
session-2-20261005-50000Hz-600mV,50000,SMILE_LEFT,118,cue_assumed,R7-R6,L2-L3,-1.0,20.0,-1.0,19.0,20.024984394500787,0.0,-1.0,-0.04987531172069825,0.0024937655860349127,4.993761694389223,-4.987203906808524,0.15038227807159227,False,44.3813787,44.4792452
session-2-20261005-50000Hz-600mV,50000,SMILE_LEFT,119,cue_assumed,R7-R6,L3-L4,11.0,-24.0,11.0,-24.0,26.40075756488817,0.0,0.0,-0.0,0.0,0.0,0.0,8.761355793988453e-16,False,44.4794539,44.5780895
session-2-20261005-50000Hz-600mV,50000,SMILE_LEFT,120,cue_assumed,R7-R6,L4-L5,-13.0,45.0,-14.0,45.0,46.84015371452148,-1.0,0.0,0.005925250683682771,0.02051048313582498,2.13492040631365,0.6134329938848104,1.1680801387273534,False,44.5783291,44.6780831
session-2-20261005-50000Hz-600mV,50000,SMILE_LEFT,121,cue_assumed,R7-R6,L5-L6,1.0,11.0,1.0,10.0,11.045361017187261,0.0,-1.0,-0.0901639344262295,-0.008196721311475409,9.053574604251851,-9.012701300730097,-0.5161642297648363,False,44.6783303,44.7751109
session-2-20261005-50000Hz-600mV,50000,SMILE_LEFT,122,cue_assumed,R7-R6,L6-L7,-15.0,57.0,-14.0,51.0,58.9406481131655,1.0,-6.0,-0.10276338514680486,0.009499136442141624,10.320148700467923,-10.271310238788878,0.6065736559536842,False,44.7753697,44.8730973
session-2-20261005-50000Hz-600mV,50000,SMILE_LEFT,123,cue_assumed,R7-R6,L7-L8,-25.0,77.0,-27.0,85.0,80.95677859203639,-2.0,8.0,0.10161733292645712,-0.007018614586512054,10.185942912563583,10.163969116708715,-0.36503742339318357,True,44.873321,44.9723449
session-2-20261005-50000Hz-600mV,50000,SMILE_LEFT,124,cue_assumed,R7-R6,L8-R8,-140.0,366.0,-144.0,387.0,391.86222068477076,-4.0,21.0,0.05370027872567663,-0.009612128474302534,5.45537620061335,5.374411998377249,-0.52265253129912,True,44.9725825,45.0711076
session-2-20261005-50000Hz-600mV,50000,SMILE_LEFT,125,cue_assumed,R7-R6,R5-R4,-51.0,93.0,-50.0,91.0,106.06601717798213,1.0,-2.0,-0.021066666666666668,0.0007999999999999993,2.1081851067789197,-2.1066339780314136,0.0468230183259984,True,45.0713081,45.1702237
session-2-20261005-50000Hz-600mV,50000,SMILE_LEFT,126,cue_assumed,R7-R6,R4-R3,13.0,-8.0,12.0,-7.0,15.264337522473747,-1.0,1.0,-0.09012875536480686,0.021459227467811155,9.264821092241588,-8.987573361792467,1.351065082719639,False,45.1704254,45.2701745
session-2-20261005-50000Hz-600mV,50000,SMILE_LEFT,127,cue_assumed,R7-R6,R3-R2,-11.0,20.0,-11.0,19.0,22.825424421026653,0.0,-1.0,-0.03838771593090211,0.02111324376199616,4.381079543383234,-3.8155961740812705,1.2577890788893846,False,45.270435,45.3702306
session-2-20261005-50000Hz-600mV,50000,SMILE_LEFT,128,cue_assumed,R7-R6,R2-R1,-28.0,-5.0,-27.0,-5.0,28.442925306655784,1.0,0.0,-0.034610630407911,0.006180469715698393,3.5158127696731496,-3.4590846776705986,0.3668053569337821,False,45.3704816,45.4703418
session-2-20261005-50000Hz-600mV,50000,SMILE_LEFT,129,cue_assumed,R7-R6,R1-L1,-8.0,79.0,-8.0,77.0,79.40403012442127,0.0,-2.0,-0.025059476605868356,0.00253766851704996,2.518763842170381,-2.505617396819937,0.1491346025557221,True,45.4705117,45.5722302
session-2-20261005-50000Hz-600mV,50000,SMILE_LEFT,130,cue_assumed,R6-R5,L1-L2,9.0,5.0,8.0,5.0,10.295630140987,-1.0,0.0,-0.08490566037735849,0.04716981132075471,9.712858623572641,-8.369075006882431,2.9507791090063495,False,45.5724529,45.6713433
session-2-20261005-50000Hz-600mV,50000,SMILE_LEFT,131,cue_assumed,R6-R5,L2-L3,-2.0,26.0,-2.0,25.0,26.076809620810597,0.0,-1.0,-0.03823529411764706,0.0029411764705882357,3.8348249442368525,-3.823079691643272,0.17521590490532887,False,45.6715622,45.7712337
session-2-20261005-50000Hz-600mV,50000,SMILE_LEFT,132,cue_assumed,R6-R5,L3-L4,-3.0,5.0,-3.0,5.0,5.830951894845301,0.0,0.0,0.0,-0.0,0.0,0.0,9.354572592539755e-16,False,45.7714473,45.8693489
session-2-20261005-50000Hz-600mV,50000,SMILE_LEFT,133,cue_assumed,R6-R5,L4-L5,-4.0,19.0,-4.0,19.0,19.4164878389476,0.0,0.0,0.0,-0.0,0.0,0.0,6.411728270324332e-16,False,45.869556,45.9672848
session-2-20261005-50000Hz-600mV,50000,SMILE_LEFT,134,cue_assumed,R6-R5,L5-L6,17.0,40.0,17.0,39.0,43.46262762420146,0.0,-1.0,-0.021175224986765485,-0.008999470619375331,2.3008272961461866,-2.113385457911643,-0.5267716643666137,False,45.9675095,46.067239
session-2-20261005-50000Hz-600mV,50000,SMILE_LEFT,135,cue_assumed,R6-R5,L6-L7,-8.0,25.0,-7.0,22.0,26.248809496813376,1.0,-3.0,-0.12046444121915818,-0.001451378809869375,12.04731841477337,-12.046324371270456,-0.09454740512681,False,46.0674608,46.1660568
session-2-20261005-50000Hz-600mV,50000,SMILE_LEFT,136,cue_assumed,R6-R5,L7-L8,-8.0,24.0,-9.0,27.0,25.298221281347036,-1.0,3.0,0.125,2.0816681711721684e-18,12.5,12.5,9.54166404439055e-16,False,46.1663173,46.2640554
session-2-20261005-50000Hz-600mV,50000,SMILE_LEFT,137,cue_assumed,R6-R5,L8-R8,-32.0,78.0,-33.0,83.0,84.30895563343196,-1.0,5.0,0.05936972425436129,-0.011536297129994372,6.048016459559623,5.943253622787736,-0.6239134416627073,True,46.264298,46.3631433
session-2-20261005-50000Hz-600mV,50000,SMILE_LEFT,138,cue_assumed,R6-R5,R8-R7,-77.0,187.0,-74.0,178.0,202.2325394193526,3.0,-9.0,-0.04679935449166218,0.0032275416890801497,4.69105170104851,-4.67938902719588,0.19400302668863648,True,46.3635092,46.4590436
session-2-20261005-50000Hz-600mV,50000,SMILE_LEFT,139,cue_assumed,R6-R5,R4-R3,150.0,-365.0,149.0,-365.0,394.62007044751283,-1.0,0.0,-0.0009632364745545031,-0.0023438754214159577,0.25340829696420797,-0.09604869539001637,-0.13442340447787862,True,46.4593944,46.5580938
session-2-20261005-50000Hz-600mV,50000,SMILE_LEFT,140,cue_assumed,R6-R5,R3-R2,-80.0,198.0,-79.0,197.0,213.55093069335942,1.0,-1.0,-0.006095956495044294,-0.002587492325234629,0.662237133681137,-0.6092588410754329,-0.14916133584723962,True,46.5583859,46.6550976
session-2-20261005-50000Hz-600mV,50000,SMILE_LEFT,141,cue_assumed,R6-R5,R2-R1,-84.0,119.0,-84.0,121.0,145.6605643267937,0.0,2.0,0.011217419993401517,-0.00791817881887166,1.3730552323777507,1.1248420544585525,-0.4486364127109439,True,46.6553774,46.7520932
session-2-20261005-50000Hz-600mV,50000,SMILE_LEFT,142,cue_assumed,R6-R5,R1-L1,-12.0,107.0,-12.0,105.0,107.67079455451233,0.0,-2.0,-0.018459415164323298,0.0020702147847839214,1.857513923134863,-1.8457231971618748,0.12084512428807109,True,46.7524948,46.8511079
session-2-20261005-50000Hz-600mV,50000,SMILE_LEFT,143,cue_assumed,R5-R4,L1-L2,34.0,-61.0,33.0,-61.0,69.83552104767315,-1.0,0.0,-0.006971498872257536,-0.012507689153167932,1.4319360477275611,-0.6892731705198218,-0.7216307541535878,True,46.8513785,46.9501444
session-2-20261005-50000Hz-600mV,50000,SMILE_LEFT,144,cue_assumed,R5-R4,L2-L3,-1.0,14.0,-1.0,15.0,14.035668847618199,0.0,1.0,0.07106598984771574,-0.005076142131979696,7.124704998790965,7.107801855299556,-0.2715419456845221,False,46.9505312,47.0480962
session-2-20261005-50000Hz-600mV,50000,SMILE_LEFT,145,cue_assumed,R5-R4,L3-L4,18.0,-60.0,17.0,-59.0,62.6418390534633,-1.0,1.0,-0.01987767584097859,-0.010703363914373086,2.257618204928654,-1.9819234878604042,-0.6256700692472306,True,47.0483799,47.1470965
session-2-20261005-50000Hz-600mV,50000,SMILE_LEFT,146,cue_assumed,R5-R4,L4-L5,-17.0,72.0,-17.0,71.0,73.97972695272672,0.0,-1.0,-0.013155490590169926,0.003106157500456788,1.35172166915269,-1.3150602185548421,0.18034160990951761,True,47.1473829,47.2460975
session-2-20261005-50000Hz-600mV,50000,SMILE_LEFT,147,cue_assumed,R5-R4,L5-L6,9.0,10.0,9.0,9.0,13.45362404707371,0.0,-1.0,-0.055248618784530384,-0.049723756906077346,7.432941462471663,-5.3941003790253905,-3.012787504183339,False,47.2463665,47.3440353
session-2-20261005-50000Hz-600mV,50000,SMILE_LEFT,148,cue_assumed,R5-R4,L6-L7,-7.0,28.0,-7.0,24.0,28.861739379323623,0.0,-4.0,-0.13445378151260504,0.03361344537815126,13.85917857350474,-13.38013391559536,2.223961240385479,False,47.3442716,47.4410896
session-2-20261005-50000Hz-600mV,50000,SMILE_LEFT,149,cue_assumed,R5-R4,L7-L8,1.0,26.0,1.0,24.0,26.019223662515376,0.0,-2.0,-0.07680945347119646,-0.0029542097488921715,7.686624420240879,-7.680472674769856,-0.18334586862300728,False,47.441366,47.539085
session-2-20261005-50000Hz-600mV,50000,SMILE_LEFT,150,cue_assumed,R5-R4,L8-R8,-11.0,51.0,-11.0,56.0,52.172789842982326,0.0,5.0,0.09368111682586333,-0.020205731080088173,9.583539647865967,9.386775108783073,-1.0584176726391714,False,47.5393471,47.6380823
session-2-20261005-50000Hz-600mV,50000,SMILE_LEFT,151,cue_assumed,R5-R4,R8-R7,-14.0,65.0,-14.0,63.0,66.49060083951716,0.0,-2.0,-0.02940511196561864,0.006333408731056323,3.0079439420727057,-2.938444853555533,0.3738660119292805,True,47.6383658,47.7340901
session-2-20261005-50000Hz-600mV,50000,SMILE_LEFT,152,cue_assumed,R5-R4,R7-R6,-30.0,97.0,-29.0,95.0,101.53324578678651,1.0,-2.0,-0.021728586671840137,-0.0035890969056164516,2.20230128582257,-2.1722002827584075,-0.21020667629502415,True,47.7344226,47.8330488
session-2-20261005-50000Hz-600mV,50000,SMILE_LEFT,153,cue_assumed,R5-R4,R3-R2,91.0,-278.0,90.0,-275.0,292.5149568825499,-1.0,3.0,-0.010810494945363175,-5.843510781277373e-05,1.0810652876933375,-1.081049321937344,-0.0033846750618177174,True,47.8333257,47.9301874
session-2-20261005-50000Hz-600mV,50000,SMILE_LEFT,154,cue_assumed,R5-R4,R2-R1,-15.0,-66.0,-15.0,-64.0,67.68308503607086,0.0,2.0,-0.02881466928618206,-0.006548788474132285,2.954948047852908,-2.8792590007578833,-0.3863446469201001,False,47.930447,48.0271873
session-2-20261005-50000Hz-600mV,50000,SMILE_LEFT,155,cue_assumed,R5-R4,R1-L1,14.0,28.0,14.0,27.0,31.304951684997057,0.0,-1.0,-0.02857142857142857,-0.014285714285714285,3.1943828249996997,-2.8466392233182702,-0.8425242607404145,False,48.0274442,48.124167
session-2-20261005-50000Hz-600mV,50000,SMILE_LEFT,156,cue_assumed,R4-R3,L1-L2,-4.0,44.0,-4.0,42.0,44.181444068749045,0.0,-2.0,-0.04508196721311475,0.004098360655737704,4.526787302125926,-4.50731724882586,0.24590312327070002,False,48.1244571,48.2220401
session-2-20261005-50000Hz-600mV,50000,SMILE_LEFT,157,cue_assumed,R4-R3,L2-L3,3.0,11.0,3.0,11.0,11.40175425099138,0.0,0.0,0.0,0.0,0.0,0.0,-1.0764954306491904e-15,False,48.2223754,48.3191129
session-2-20261005-50000Hz-600mV,50000,SMILE_LEFT,158,cue_assumed,R4-R3,L3-L4,-7.0,47.0,-7.0,45.0,47.51841748206689,0.0,-2.0,-0.04162976085031001,0.006200177147918512,4.2088943739651805,-4.1609705034269755,0.37066992717684116,False,48.3193829,48.4160533
session-2-20261005-50000Hz-600mV,50000,SMILE_LEFT,159,cue_assumed,R4-R3,L4-L5,15.0,-20.0,14.0,-18.0,25.0,-1.0,2.0,-0.088,0.016,8.944271909999157,-8.785965992068967,1.0050860052541812,False,48.4163207,48.5120414
session-2-20261005-50000Hz-600mV,50000,SMILE_LEFT,160,cue_assumed,R4-R3,L5-L6,-2.0,3.0,-2.0,3.0,3.605551275463989,0.0,0.0,0.0,-0.0,0.0,0.0,1.4679483145216231e-15,False,48.512303,48.6080803
session-2-20261005-50000Hz-600mV,50000,SMILE_LEFT,161,cue_assumed,R4-R3,L6-L7,3.0,-5.0,3.0,-3.0,5.830951894845301,0.0,2.0,-0.29411764705882354,0.17647058823529413,34.29971702850177,-27.239312489100087,14.036243467926482,False,48.6083697,48.7061047
session-2-20261005-50000Hz-600mV,50000,SMILE_LEFT,162,cue_assumed,R4-R3,L7-L8,8.0,-9.0,8.0,-7.0,12.041594578792296,0.0,2.0,-0.12413793103448276,0.1103448275862069,16.609095970747994,-11.721444006622638,7.180535497720157,False,48.7063681,48.8041625
session-2-20261005-50000Hz-600mV,50000,SMILE_LEFT,163,cue_assumed,R4-R3,L8-R8,10.0,-19.0,11.0,-19.0,21.470910553583888,1.0,0.0,0.021691973969631233,0.041214750542299346,4.657464328326222,2.2522931447615857,2.3100422208024236,False,48.8043562,48.9023336
session-2-20261005-50000Hz-600mV,50000,SMILE_LEFT,164,cue_assumed,R4-R3,R8-R7,10.0,-18.0,10.0,-19.0,20.591260281974,0.0,-1.0,0.04245283018867924,-0.023584905660377357,4.856429311786321,4.271959363167044,-1.296063498017122,False,48.902551,49.0000918
session-2-20261005-50000Hz-600mV,50000,SMILE_LEFT,165,cue_assumed,R4-R3,R7-R6,10.0,-19.0,10.0,-18.0,21.470910553583888,0.0,1.0,-0.041214750542299346,0.021691973969631233,4.657464328326222,-4.0969397614255225,1.2960634980171222,False,49.0003398,49.0990776
session-2-20261005-50000Hz-600mV,50000,SMILE_LEFT,166,cue_assumed,R4-R3,R6-R5,113.0,-359.0,112.0,-359.0,376.36418533117626,-1.0,0.0,-0.000797740910695376,-0.0025344158136251325,0.26570009553912904,-0.0794526720011457,-0.14532695150091904,True,49.0993209,49.1980657
session-2-20261005-50000Hz-600mV,50000,SMILE_LEFT,167,cue_assumed,R4-R3,R2-R1,-181.0,533.0,-182.0,539.0,562.8943062422998,-1.0,6.0,0.010664352217137449,-0.0017453053495344799,1.0806225010348345,1.0665859190488902,-0.09894336420120195,True,49.1983612,49.2950444
session-2-20261005-50000Hz-600mV,50000,SMILE_LEFT,168,cue_assumed,R4-R3,R1-L1,-21.0,122.0,-21.0,120.0,123.79418403139947,0.0,-2.0,-0.015921696574225125,0.002740619902120718,1.6155847834440389,-1.5917880321566047,0.15956611087900802,True,49.2953083,49.3910489
session-2-20261005-50000Hz-600mV,50000,SMILE_LEFT,169,cue_assumed,R3-R2,L1-L2,18.0,-25.0,17.0,-26.0,30.805843601498726,-1.0,-1.0,0.00737618545837724,-0.045310853530031614,4.5907314880488865,0.839469082115385,-2.575375595044002,False,49.3914049,49.4890337
session-2-20261005-50000Hz-600mV,50000,SMILE_LEFT,170,cue_assumed,R3-R2,L2-L3,-1.0,25.0,0.0,25.0,25.019992006393608,1.0,0.0,-0.001597444089456869,-0.039936102236421724,3.9968038348871575,-0.07990412782107326,-2.2906100426385296,False,49.4893618,49.5893722
session-2-20261005-50000Hz-600mV,50000,SMILE_LEFT,171,cue_assumed,R3-R2,L3-L4,8.0,14.0,8.0,14.0,16.1245154965971,0.0,0.0,0.0,0.0,0.0,0.0,-1.370085093553515e-15,False,49.5895933,49.6872341
session-2-20261005-50000Hz-600mV,50000,SMILE_LEFT,172,cue_assumed,R3-R2,L4-L5,-6.0,6.0,-6.0,6.0,8.48528137423857,0.0,0.0,-0.0,-0.0,0.0,0.0,-0.0,False,49.6874416,49.7841457
session-2-20261005-50000Hz-600mV,50000,SMILE_LEFT,173,cue_assumed,R3-R2,L5-L6,4.0,10.0,4.0,10.0,10.770329614269007,0.0,0.0,0.0,0.0,0.0,0.0,1.0967429936081094e-15,False,49.7843595,49.8840902
session-2-20261005-50000Hz-600mV,50000,SMILE_LEFT,174,cue_assumed,R3-R2,L6-L7,-3.0,13.0,-2.0,11.0,13.341664064126334,1.0,-2.0,-0.16292134831460675,-0.03932584269662921,16.760038078849774,-16.199809605751135,-2.6897703231504733,False,49.8843044,49.9841132
session-2-20261005-50000Hz-600mV,50000,SMILE_LEFT,175,cue_assumed,R3-R2,L7-L8,5.0,9.0,5.0,9.0,10.295630140987,0.0,0.0,0.0,0.0,0.0,0.0,1.0801883823838359e-15,False,49.984365,50.0831233
session-2-20261005-50000Hz-600mV,50000,SMILE_LEFT,176,cue_assumed,R3-R2,L8-R8,1.0,15.0,1.0,17.0,15.033296378372908,0.0,2.0,0.13274336283185842,0.008849557522123894,13.303802104754785,13.277793088847044,0.447614170860553,False,50.0833343,50.181108
session-2-20261005-50000Hz-600mV,50000,SMILE_LEFT,177,cue_assumed,R3-R2,R8-R7,1.0,19.0,1.0,18.0,19.026297590440446,0.0,-1.0,-0.052486187845303865,-0.0027624309392265192,5.255883312276366,-5.248216098660241,-0.16704261568089457,False,50.1813791,50.279103
session-2-20261005-50000Hz-600mV,50000,SMILE_LEFT,178,cue_assumed,R3-R2,R7-R6,1.0,25.0,2.0,24.0,25.019992006393608,1.0,-1.0,-0.038338658146964855,-0.04153354632587859,5.6523341894422146,-3.744217218653123,-2.473031648087648,False,50.2793573,50.3792726
session-2-20261005-50000Hz-600mV,50000,SMILE_LEFT,179,cue_assumed,R3-R2,R6-R5,-52.0,228.0,-51.0,227.0,233.85465571589546,1.0,-1.0,-0.005119953188999415,-0.0032182562902282035,0.6047403922935748,-0.5114747965270006,-0.1853407958602274,True,50.379611,50.4811183
session-2-20261005-50000Hz-600mV,50000,SMILE_LEFT,180,cue_assumed,R3-R2,R5-R4,85.0,-308.0,84.0,-304.0,319.513692977312,-1.0,4.0,-0.012900508379942994,0.0003134519879712801,1.290431589080733,-1.2900458611835863,0.018194189683558095,True,50.4813523,50.5771757
session-2-20261005-50000Hz-600mV,50000,SMILE_LEFT,181,cue_assumed,R3-R2,R1-L1,-5.0,74.0,-5.0,73.0,74.16872656315464,0.0,-1.0,-0.013452099618251227,0.0009089256498818397,1.3482771598464758,-1.345168091295501,0.052787694215629954,True,50.5774142,50.6761991
session-2-20261005-50000Hz-600mV,50000,SMILE_LEFT,182,cue_assumed,R2-R1,L1-L2,-22.0,381.0,-24.0,380.0,381.63464203345063,-2.0,-1.0,-0.002313845308798792,0.0053829516976209284,0.5859185019434888,-0.2299323729058278,0.3091327061296255,True,50.6765891,50.7760884
session-2-20261005-50000Hz-600mV,50000,SMILE_LEFT,183,cue_assumed,R2-R1,L2-L3,12.0,17.0,12.0,18.0,20.808652046684813,0.0,1.0,0.039260969976905306,0.027713625866050806,4.805693313322127,3.9630419320241694,1.5275254422129287,False,50.7763025,50.8740931
session-2-20261005-50000Hz-600mV,50000,SMILE_LEFT,184,cue_assumed,R2-R1,L3-L4,0.0,22.0,0.0,22.0,22.0,0.0,0.0,0.0,0.0,0.0,0.0,0.0,False,50.8743098,50.9722287
session-2-20261005-50000Hz-600mV,50000,SMILE_LEFT,185,cue_assumed,R2-R1,L4-L5,5.0,-20.0,5.0,-21.0,20.615528128088304,0.0,-1.0,0.047058823529411764,-0.011764705882352941,4.85071250072666,4.712491529678253,-0.6437457141753808,False,50.9724332,51.0712325
session-2-20261005-50000Hz-600mV,50000,SMILE_LEFT,186,cue_assumed,R2-R1,L5-L6,14.0,16.0,14.0,17.0,21.2602916254693,0.0,1.0,0.035398230088495575,0.030973451327433628,4.703604341917987,3.586140460851328,1.7134653173658183,False,51.0714462,51.1682444
session-2-20261005-50000Hz-600mV,50000,SMILE_LEFT,187,cue_assumed,R2-R1,L6-L7,3.0,7.0,2.0,6.0,7.615773105863909,-1.0,-1.0,-0.17241379310344826,0.0689655172413793,18.56953381770518,-16.954520146260034,4.7636416907261765,False,51.1684412,51.2672575
session-2-20261005-50000Hz-600mV,50000,SMILE_LEFT,188,cue_assumed,R2-R1,L7-L8,14.0,3.0,12.0,6.0,14.317821063276353,-2.0,3.0,-0.0926829268292683,0.23414634146341465,25.182262437346942,-6.295742866836351,14.470294100065887,False,51.2674854,51.3672445
session-2-20261005-50000Hz-600mV,50000,SMILE_LEFT,189,cue_assumed,R2-R1,L8-R8,8.0,12.0,9.0,14.0,14.422205101855956,1.0,2.0,0.15384615384615385,0.01923076923076923,15.504341823651057,15.400639912903792,0.9548412538721871,False,51.3674684,51.469309
session-2-20261005-50000Hz-600mV,50000,SMILE_LEFT,190,cue_assumed,R2-R1,R8-R7,8.0,22.0,8.0,20.0,23.40939982143925,0.0,-2.0,-0.08029197080291971,-0.029197080291970802,8.54357657716761,-7.982864179156657,-1.8183029644518327,False,51.4695406,51.567179
session-2-20261005-50000Hz-600mV,50000,SMILE_LEFT,191,cue_assumed,R2-R1,R7-R6,11.0,36.0,11.0,35.0,37.64306044943742,0.0,-1.0,-0.02540578687367678,-0.0077628793225123505,2.656532141809275,-2.5374870755584644,-0.45636513129603434,False,51.5674992,51.6644083
session-2-20261005-50000Hz-600mV,50000,SMILE_LEFT,192,cue_assumed,R2-R1,R6-R5,-12.0,153.0,-12.0,153.0,153.46986674914396,0.0,0.0,0.0,-0.0,0.0,0.0,6.19825329593578e-17,True,51.6646567,51.7641095
session-2-20261005-50000Hz-600mV,50000,SMILE_LEFT,193,cue_assumed,R2-R1,R5-R4,5.0,-7.0,5.0,-6.0,8.602325267042627,0.0,1.0,-0.0945945945945946,0.06756756756756757,11.624763874381928,-9.20769171761716,4.26789330029081,False,51.764335,51.8631003
session-2-20261005-50000Hz-600mV,50000,SMILE_LEFT,194,cue_assumed,R2-R1,R4-R3,-27.0,502.0,-28.0,507.0,502.7255712612996,-1.0,5.0,0.010038261722845849,0.0014521253655043068,1.0142749454338953,1.0039305577849822,0.0823737085971723,True,51.8633242,51.9622854
session-2-20261005-50000Hz-600mV,50000,SMILE_LEFT,195,cue_assumed,R1-L1,L2-L3,11.0,-25.0,11.0,-26.0,27.313000567495326,0.0,-1.0,0.03351206434316354,-0.014745308310991958,3.6612601296910627,3.361724601520355,-0.8173940552769784,False,51.9624612,52.0622274
session-2-20261005-50000Hz-600mV,50000,SMILE_LEFT,196,cue_assumed,R1-L1,L3-L4,-11.0,33.0,-11.0,33.0,34.785054261852174,0.0,0.0,0.0,-0.0,0.0,0.0,9.541664044390551e-16,False,52.0624279,52.1623061
session-2-20261005-50000Hz-600mV,50000,SMILE_LEFT,197,cue_assumed,R1-L1,L4-L5,16.0,-27.0,17.0,-28.0,31.38470965295043,1.0,-1.0,0.04365482233502538,0.011167512690355331,4.506059090593329,4.371456899041237,0.6130637373245647,False,52.1625101,52.2600966
session-2-20261005-50000Hz-600mV,50000,SMILE_LEFT,198,cue_assumed,R1-L1,L5-L6,-2.0,11.0,-2.0,11.0,11.180339887498949,0.0,0.0,0.0,-0.0,0.0,0.0,-2.798888119687895e-16,False,52.2603338,52.3602354
session-2-20261005-50000Hz-600mV,50000,SMILE_LEFT,199,cue_assumed,R1-L1,L6-L7,0.0,12.0,0.0,9.0,12.0,0.0,-3.0,-0.25,-0.0,25.0,-25.0,0.0,False,52.3604595,52.4583109
session-2-20261005-50000Hz-600mV,50000,SMILE_LEFT,200,cue_assumed,R1-L1,L7-L8,3.0,12.0,2.0,14.0,12.36931687685298,-1.0,2.0,0.13725490196078433,0.11764705882352941,18.07753815155468,14.332390095005909,5.9061411137705,False,52.4585259,52.5573264
session-2-20261005-50000Hz-600mV,50000,SMILE_LEFT,201,cue_assumed,R1-L1,L8-R8,-1.0,21.0,-1.0,25.0,21.02379604162864,0.0,4.0,0.19004524886877827,-0.009049773755656108,19.026059766179763,19.007965815746218,-0.4357009512677358,False,52.5575481,52.6553228
session-2-20261005-50000Hz-600mV,50000,SMILE_LEFT,202,cue_assumed,R1-L1,R8-R7,1.0,15.0,1.0,15.0,15.033296378372908,0.0,0.0,0.0,0.0,0.0,0.0,-5.2774690511009684e-17,False,52.6555403,52.7540975
session-2-20261005-50000Hz-600mV,50000,SMILE_LEFT,203,cue_assumed,R1-L1,R7-R6,3.0,4.0,3.0,5.0,5.0,0.0,1.0,0.16,0.12,20.0,16.619037896905997,5.9061411137705,False,52.7543213,52.852244
session-2-20261005-50000Hz-600mV,50000,SMILE_LEFT,204,cue_assumed,R1-L1,R6-R5,0.0,35.0,0.0,35.0,35.0,0.0,0.0,0.0,0.0,0.0,0.0,0.0,False,52.852468,52.950245
session-2-20261005-50000Hz-600mV,50000,SMILE_LEFT,205,cue_assumed,R1-L1,R5-R4,7.0,-51.0,7.0,-50.0,51.478150704935004,0.0,1.0,-0.019245283018867923,0.0026415094339622643,1.9425717247145282,-1.9241725779063024,0.15431684755448277,False,52.9504511,53.0481559
session-2-20261005-50000Hz-600mV,50000,SMILE_LEFT,206,cue_assumed,R1-L1,R4-R3,5.0,53.0,5.0,52.0,53.23532661682466,0.0,-1.0,-0.0187014820042343,-0.0017642907551164435,1.8784518919133617,-1.8699895983621762,-0.10301279715402889,False,53.0483704,53.1460904
session-2-20261005-50000Hz-600mV,50000,SMILE_LEFT,207,cue_assumed,R1-L1,R3-R2,3.0,-5.0,3.0,-5.0,5.830951894845301,0.0,0.0,-0.0,0.0,0.0,0.0,9.354572592539755e-16,False,53.1463205,53.2461133
session-2-20261005-50000Hz-600mV,50000,SMILE_RIGHT,0,cue_assumed,L1-L2,L3-L4,-108.0,326.0,-109.0,329.0,343.42393626536864,-1.0,3.0,0.009208071900966593,1.6957775139901854e-05,0.9208087515847588,0.9208072043437765,0.0009627439300281856,True,55.4105269,55.5101267
session-2-20261005-50000Hz-600mV,50000,SMILE_RIGHT,1,cue_assumed,L1-L2,L4-L5,-28.0,103.0,-28.0,103.0,106.7379969832674,0.0,0.0,0.0,-0.0,0.0,0.0,5.175764398695128e-16,True,55.5104104,55.6083001
session-2-20261005-50000Hz-600mV,50000,SMILE_RIGHT,2,cue_assumed,L1-L2,L5-L6,-27.0,93.0,-27.0,95.0,96.84007434941384,0.0,2.0,0.01983365323096609,-0.005758157389635317,2.0652607026959657,1.984990887823379,-0.3234984542531153,True,55.6085414,55.7064128
session-2-20261005-50000Hz-600mV,50000,SMILE_RIGHT,3,cue_assumed,L1-L2,L6-L7,-22.0,52.0,-22.0,52.0,56.462376853972415,0.0,0.0,0.0,-0.0,0.0,0.0,2.075142326676322e-16,False,55.7066337,55.8062582
session-2-20261005-50000Hz-600mV,50000,SMILE_RIGHT,4,cue_assumed,L1-L2,L7-L8,2.0,21.0,3.0,17.0,21.095023109728988,1.0,-4.0,-0.18426966292134833,-0.0651685393258427,19.545395158709695,-18.167065227482237,-4.567647770435832,False,55.806474,55.9051651
session-2-20261005-50000Hz-600mV,50000,SMILE_RIGHT,5,cue_assumed,L1-L2,L8-R8,4.0,6.0,3.0,4.0,7.211102550927978,-1.0,-2.0,-0.3076923076923077,-0.03846153846153846,31.008683647302114,-30.662475471846363,-3.179830119864236,False,55.9054054,56.0040918
session-2-20261005-50000Hz-600mV,50000,SMILE_RIGHT,6,cue_assumed,L1-L2,R8-R7,4.0,0.0,1.0,6.0,4.0,-3.0,6.0,-0.75,1.5,167.70509831248424,52.06906325745546,80.53767779197439,False,56.0043088,56.1031876
session-2-20261005-50000Hz-600mV,50000,SMILE_RIGHT,7,cue_assumed,L1-L2,R7-R6,15.0,-20.0,15.0,-19.0,25.0,0.0,1.0,-0.032,0.024,4.0,-3.1702525047183516,1.4202655463990457,False,56.1033942,56.2042566
session-2-20261005-50000Hz-600mV,50000,SMILE_RIGHT,8,cue_assumed,L1-L2,R6-R5,3.0,11.0,2.0,15.0,11.40175425099138,-1.0,4.0,0.31538461538461543,0.17692307692307693,36.162028533978955,32.72296189953197,7.660475334466333,False,56.2044585,56.3030792
session-2-20261005-50000Hz-600mV,50000,SMILE_RIGHT,9,cue_assumed,L1-L2,R5-R4,24.0,-68.0,25.0,-70.0,72.11102550927978,1.0,-2.0,0.030769230769230774,0.003846153846153846,3.1008683647302115,3.0776406404415146,0.21378922987711538,True,56.3033302,56.4030909
session-2-20261005-50000Hz-600mV,50000,SMILE_RIGHT,10,cue_assumed,L1-L2,R4-R3,-4.0,52.0,-4.0,53.0,52.15361924162119,0.0,1.0,0.01911764705882353,-0.0014705882352941178,1.9174124721184262,1.9118708088744052,-0.08267783512990781,False,56.4033287,56.511316
session-2-20261005-50000Hz-600mV,50000,SMILE_RIGHT,11,cue_assumed,L1-L2,R3-R2,9.0,-28.0,9.0,-28.0,29.410882339705484,0.0,0.0,-0.0,0.0,0.0,0.0,-1.2354524543025915e-15,False,56.5115575,56.6102504
session-2-20261005-50000Hz-600mV,50000,SMILE_RIGHT,12,cue_assumed,L1-L2,R2-R1,-128.0,416.0,-127.0,416.0,435.2470562795342,1.0,0.0,-0.0006756756756756757,-0.002195945945945946,0.2297545694043149,-0.06732629590736616,-0.12590330202759237,True,56.6104771,56.7092373
session-2-20261005-50000Hz-600mV,50000,SMILE_RIGHT,13,cue_assumed,L2-L3,L4-L5,100.0,-273.0,98.0,-266.0,290.73871431235295,-2.0,7.0,-0.024973677672751365,0.0018218599533887773,2.504004293511179,-2.4971975579835215,0.10705840685582448,True,56.7094484,56.8070324
session-2-20261005-50000Hz-600mV,50000,SMILE_RIGHT,14,cue_assumed,L2-L3,L5-L6,-62.0,183.0,-61.0,181.0,193.2174940319846,1.0,-2.0,-0.011464388074893526,-0.0015803712533147619,1.1572802911570927,-1.1463124806442626,-0.09159864818622643,True,56.807273,56.9040567
session-2-20261005-50000Hz-600mV,50000,SMILE_RIGHT,15,cue_assumed,L2-L3,L6-L7,-20.0,47.0,-19.0,46.0,51.07837115648854,1.0,-1.0,-0.025680337293982367,-0.010348792640858567,2.7687131174178914,-2.562537869426651,-0.6085475511786759,False,56.9042606,57.0032367
session-2-20261005-50000Hz-600mV,50000,SMILE_RIGHT,16,cue_assumed,L2-L3,L7-L8,-1.0,22.0,-1.0,21.0,22.02271554554524,0.0,-1.0,-0.04536082474226804,0.002061855670103093,4.540766091864998,-4.535859811887121,0.12374879140645931,False,57.0034458,57.0981275
session-2-20261005-50000Hz-600mV,50000,SMILE_RIGHT,17,cue_assumed,L2-L3,L8-R8,-3.0,18.0,-3.0,19.0,18.24828759089466,0.0,1.0,0.05405405405405406,-0.009009009009009009,5.47996624351191,5.409255338946006,-0.48969559312922367,False,57.0983899,57.1970402
session-2-20261005-50000Hz-600mV,50000,SMILE_RIGHT,18,cue_assumed,L2-L3,R8-R7,0.0,11.0,-1.0,11.0,11.0,-1.0,0.0,0.0,0.09090909090909091,9.090909090909092,0.412372883520562,5.194428907734806,False,57.1974039,57.2941744
session-2-20261005-50000Hz-600mV,50000,SMILE_RIGHT,19,cue_assumed,L2-L3,R7-R6,4.0,6.0,5.0,4.0,7.211102550927978,1.0,-2.0,-0.15384615384615388,-0.2692307692307692,31.008683647302114,-11.20464322603697,-17.650124219930127,False,57.2944195,57.3921186
session-2-20261005-50000Hz-600mV,50000,SMILE_RIGHT,20,cue_assumed,L2-L3,R6-R5,-2.0,21.0,-1.0,21.0,21.095023109728988,1.0,0.0,-0.0044943820224719105,-0.04719101123595506,4.740454631399772,-0.3376486848573279,-2.7140210370992404,False,57.3923245,57.4912291
session-2-20261005-50000Hz-600mV,50000,SMILE_RIGHT,21,cue_assumed,L2-L3,R5-R4,0.0,-4.0,0.0,-5.0,4.0,0.0,-1.0,0.25,-0.0,25.0,25.0,-0.0,False,57.4914221,57.5916639
session-2-20261005-50000Hz-600mV,50000,SMILE_RIGHT,22,cue_assumed,L2-L3,R4-R3,9.0,12.0,10.0,12.0,15.0,1.0,0.0,0.04,-0.05333333333333334,6.666666666666668,4.136662345422049,-2.935673446421173,False,57.5918649,57.6910998
session-2-20261005-50000Hz-600mV,50000,SMILE_RIGHT,23,cue_assumed,L2-L3,R3-R2,-1.0,10.0,0.0,10.0,10.04987562112089,1.0,0.0,-0.009900990099009903,-0.09900990099009901,9.950371902099892,-0.4962809790010847,-5.710593137499643,False,57.6913174,57.7892355
session-2-20261005-50000Hz-600mV,50000,SMILE_RIGHT,24,cue_assumed,L2-L3,R2-R1,6.0,-59.0,7.0,-57.0,59.30430001273095,1.0,2.0,-0.03184532271822576,0.020187659937446686,3.770498896403413,-3.163487219111083,1.1945406519637607,False,57.7894392,57.8882351
session-2-20261005-50000Hz-600mV,50000,SMILE_RIGHT,25,cue_assumed,L2-L3,R1-L1,16.0,24.0,15.0,22.0,28.844410203711913,-1.0,-2.0,-0.07692307692307693,-0.009615384615384614,7.752170911825528,-7.6872998153308725,-0.5968094512291787,False,57.8884348,57.987353
session-2-20261005-50000Hz-600mV,50000,SMILE_RIGHT,26,cue_assumed,L3-L4,L1-L2,-80.0,362.0,-82.0,369.0,370.7344062802912,-2.0,7.0,0.01960071010738919,0.0011932132359360904,1.9636995557883132,1.9601408300969014,0.06705178859771563,True,57.9875531,58.086365
session-2-20261005-50000Hz-600mV,50000,SMILE_RIGHT,27,cue_assumed,L3-L4,L5-L6,98.0,-281.0,97.0,-279.0,297.5987231155403,-1.0,2.0,-0.007452153785355389,-0.0009597470784169819,0.7513701517568859,-0.7451689770324288,-0.055402306362042,True,58.0865646,58.1863639
session-2-20261005-50000Hz-600mV,50000,SMILE_RIGHT,28,cue_assumed,L3-L4,L6-L7,8.0,-28.0,8.0,-28.0,29.120439557122072,0.0,0.0,-0.0,0.0,0.0,0.0,8.401465196318723e-16,False,58.1865782,58.2880724
session-2-20261005-50000Hz-600mV,50000,SMILE_RIGHT,29,cue_assumed,L3-L4,L7-L8,12.0,-19.0,13.0,-21.0,22.47220505424423,1.0,-2.0,0.09900990099009901,-0.009900990099009898,9.950371902099892,9.9054499139696,-0.5161642297648352,False,58.288314,58.3853272
session-2-20261005-50000Hz-600mV,50000,SMILE_RIGHT,30,cue_assumed,L3-L4,L8-R8,10.0,-19.0,11.0,-21.0,21.470910553583888,1.0,-2.0,0.10412147505422992,-0.002169197396963121,10.414406840917833,10.41236058944104,-0.11256523732134509,False,58.3855756,58.4862504
session-2-20261005-50000Hz-600mV,50000,SMILE_RIGHT,31,cue_assumed,L3-L4,R8-R7,6.0,-6.0,5.0,-4.0,8.48528137423857,-1.0,2.0,-0.25,0.08333333333333333,26.352313834736496,-24.5384571821882,6.340191745909909,False,58.4864457,58.5850946
session-2-20261005-50000Hz-600mV,50000,SMILE_RIGHT,32,cue_assumed,L3-L4,R7-R6,15.0,-21.0,15.0,-18.0,25.80697580112788,0.0,3.0,-0.09459459459459459,0.06756756756756756,11.624763874381927,-9.20769171761716,4.26789330029081,False,58.5853139,58.6832359
session-2-20261005-50000Hz-600mV,50000,SMILE_RIGHT,33,cue_assumed,L3-L4,R6-R5,-1.0,16.0,-1.0,19.0,16.0312195418814,0.0,3.0,0.1867704280155642,-0.011673151750972763,18.71348584655416,18.682783557011607,-0.5635468708140111,False,58.6834389,58.7810871
session-2-20261005-50000Hz-600mV,50000,SMILE_RIGHT,34,cue_assumed,L3-L4,R5-R4,19.0,-61.0,18.0,-60.0,63.89053137985315,-1.0,1.0,-0.019598236158745713,-0.010289073983341498,2.213494757094859,-1.954424700220303,-0.6012829579513826,True,58.7813179,58.881189
session-2-20261005-50000Hz-600mV,50000,SMILE_RIGHT,35,cue_assumed,L3-L4,R4-R3,0.0,63.0,0.0,60.0,63.0,0.0,-3.0,-0.047619047619047616,-0.0,4.761904761904762,-4.761904761904767,0.0,True,58.8813967,58.9782351
session-2-20261005-50000Hz-600mV,50000,SMILE_RIGHT,36,cue_assumed,L3-L4,R3-R2,6.0,15.0,6.0,14.0,16.15549442140351,0.0,-1.0,-0.0574712643678161,-0.02298850574712644,6.18984460590173,-5.719095841793653,-1.3971810272963756,False,58.9784327,59.0762547
session-2-20261005-50000Hz-600mV,50000,SMILE_RIGHT,37,cue_assumed,L3-L4,R2-R1,-18.0,-28.0,-17.0,-27.0,33.28663395418648,1.0,1.0,-0.04151624548736462,0.009025270758122744,4.248592886620874,-4.147375457064517,0.5394923373943508,False,59.0764583,59.190143
session-2-20261005-50000Hz-600mV,50000,SMILE_RIGHT,38,cue_assumed,L3-L4,R1-L1,-19.0,138.0,-19.0,134.0,139.30183056945089,0.0,-4.0,-0.028446276732800826,0.003916516361762433,2.8714626244669086,-2.8438382656679195,0.23096884611265656,True,59.1903665,59.2881519
session-2-20261005-50000Hz-600mV,50000,SMILE_RIGHT,39,cue_assumed,L4-L5,L1-L2,-17.0,86.0,-17.0,85.0,87.66413177577246,0.0,-1.0,-0.011190631099544567,0.0022121014964216,1.1407173946099214,-1.1188156716179232,0.12817826382353642,True,59.2883892,59.3880687
session-2-20261005-50000Hz-600mV,50000,SMILE_RIGHT,40,cue_assumed,L4-L5,L2-L3,110.0,-264.0,108.0,-256.0,286.0,-2.0,8.0,-0.02850995158687467,0.0043033889187735356,2.8832906472850777,-2.850042031819544,0.2538002425862868,True,59.3883051,59.4871779
session-2-20261005-50000Hz-600mV,50000,SMILE_RIGHT,41,cue_assumed,L4-L5,L6-L7,-92.0,194.0,-91.0,193.0,214.7091055358389,1.0,-1.0,-0.006203904555314534,-0.002212581344902386,0.6586649219387842,-0.6201441519806727,-0.1275627505605376,True,59.4873895,59.5851132
session-2-20261005-50000Hz-600mV,50000,SMILE_RIGHT,42,cue_assumed,L4-L5,L7-L8,-21.0,73.0,-21.0,71.0,75.96051605933177,0.0,-2.0,-0.025303292894280762,0.007279029462738301,2.6329468304794372,-2.527611339792679,0.4278766011547721,True,59.585336,59.6841239
session-2-20261005-50000Hz-600mV,50000,SMILE_RIGHT,43,cue_assumed,L4-L5,L8-R8,-16.0,51.0,-17.0,54.0,53.45091205957107,-1.0,3.0,0.05915295764788239,0.0010500525026251315,5.916227690640749,5.915347816287464,0.05680346405283051,False,59.6844668,59.7822516
session-2-20261005-50000Hz-600mV,50000,SMILE_RIGHT,44,cue_assumed,L4-L5,R8-R7,-4.0,23.0,-4.0,22.0,23.345235059857504,0.0,-1.0,-0.04220183486238532,0.007339449541284404,4.283529368781194,-4.217371477884857,0.4390395256816647,False,59.7824945,59.8812074
session-2-20261005-50000Hz-600mV,50000,SMILE_RIGHT,45,cue_assumed,L4-L5,R7-R6,-4.0,22.0,-2.0,17.0,22.360679774997898,2.0,-5.0,-0.23600000000000002,-0.048,24.08318915758459,-23.449363163981452,-3.5950096610090996,False,59.8815104,59.977256
session-2-20261005-50000Hz-600mV,50000,SMILE_RIGHT,46,cue_assumed,L4-L5,R6-R5,-2.0,7.0,1.0,3.0,7.280109889280518,3.0,-4.0,-0.6415094339622641,-0.24528301886792453,68.68028197434451,-56.56277572369306,-34.380344723844864,False,59.9774542,60.0782315
session-2-20261005-50000Hz-600mV,50000,SMILE_RIGHT,47,cue_assumed,L4-L5,R5-R4,-12.0,44.0,-12.0,42.0,45.60701700396552,0.0,-2.0,-0.04230769230769231,0.011538461538461539,4.3852900965351465,-4.223818602551688,0.6902771978650796,False,60.078395,60.1762416
session-2-20261005-50000Hz-600mV,50000,SMILE_RIGHT,48,cue_assumed,L4-L5,R4-R3,26.0,-25.0,25.0,-22.0,36.069377593742864,-1.0,3.0,-0.07763259031514219,0.04073789392774788,8.76720883788401,-7.673340012192453,2.5289200662309077,False,60.1764696,60.2751325
session-2-20261005-50000Hz-600mV,50000,SMILE_RIGHT,49,cue_assumed,L4-L5,R3-R2,-2.0,-16.0,-2.0,-16.0,16.1245154965971,0.0,0.0,-0.0,-0.0,0.0,0.0,-0.0,False,60.2753987,60.37312
session-2-20261005-50000Hz-600mV,50000,SMILE_RIGHT,50,cue_assumed,L4-L5,R2-R1,7.0,-126.0,7.0,-122.0,126.19429464123962,0.0,4.0,-0.03164835164835165,0.0017582417582417582,3.169715407001309,-3.164675542473916,0.10403216804212236,True,60.373352,60.4740971
session-2-20261005-50000Hz-600mV,50000,SMILE_RIGHT,51,cue_assumed,L4-L5,R1-L1,35.0,12.0,34.0,10.0,37.0,-1.0,-2.0,-0.04309715120525932,-0.042366691015339665,6.043426966215648,-4.215972180165661,-2.535104082016452,False,60.4743251,60.57283
session-2-20261005-50000Hz-600mV,50000,SMILE_RIGHT,52,cue_assumed,L5-L6,L1-L2,-32.0,101.0,-32.0,103.0,105.94810050208545,0.0,2.0,0.01799554565701559,-0.005701559020044543,1.8877167127320345,1.8011512092463544,-0.32089713375121076,True,60.5730283,60.6692484
session-2-20261005-50000Hz-600mV,50000,SMILE_RIGHT,53,cue_assumed,L5-L6,L2-L3,-76.0,197.0,-74.0,196.0,211.15160430363773,2.0,-1.0,-0.00782774475720534,-0.00713244364696647,1.05898697046332,-0.7802108535827079,-0.411875939019246,True,60.6694761,60.7692373
session-2-20261005-50000Hz-600mV,50000,SMILE_RIGHT,54,cue_assumed,L5-L6,L3-L4,127.0,-302.0,126.0,-298.0,327.6171546180084,-1.0,4.0,-0.012437926825859707,0.0019192606188217975,1.258513349346763,-1.2436061850510272,0.11135036246069688,True,60.7694778,60.8682448
session-2-20261005-50000Hz-600mV,50000,SMILE_RIGHT,55,cue_assumed,L5-L6,L7-L8,-86.0,193.0,-79.0,178.0,211.29363454680788,7.0,-15.0,-0.07832904020607011,-0.0013663344159480363,7.8340956142622815,-7.832802744295176,-0.08493827136157842,True,60.8684546,60.9692389
session-2-20261005-50000Hz-600mV,50000,SMILE_RIGHT,56,cue_assumed,L5-L6,L8-R8,-23.0,58.0,-24.0,59.0,62.39390995922599,-1.0,1.0,0.020806575905471362,0.008990495761623427,2.266589100278015,2.0846165896651003,0.5046050415824277,True,60.9694289,61.0672451
session-2-20261005-50000Hz-600mV,50000,SMILE_RIGHT,57,cue_assumed,L5-L6,R8-R7,-5.0,19.0,-7.0,22.0,19.6468827043885,-2.0,3.0,0.17357512953367876,0.05958549222797928,18.35177279629517,17.50868119181841,2.906561383459388,False,61.0674526,61.166108
session-2-20261005-50000Hz-600mV,50000,SMILE_RIGHT,58,cue_assumed,L5-L6,R7-R6,1.0,3.0,2.0,1.0,3.1622776601683795,1.0,-2.0,-0.5,-0.49999999999999994,70.71067811865474,-29.289321881345252,-45.00000000000001,False,61.1663388,61.2663384
session-2-20261005-50000Hz-600mV,50000,SMILE_RIGHT,59,cue_assumed,L5-L6,R6-R5,12.0,41.0,13.0,42.0,42.720018726587654,1.0,1.0,0.02904109589041096,-0.015890410958904106,3.310423554409472,2.916377811880877,-0.8846887938053116,False,61.2665814,61.3651173
session-2-20261005-50000Hz-600mV,50000,SMILE_RIGHT,60,cue_assumed,L5-L6,R5-R4,6.0,0.0,5.0,-1.0,6.0,-1.0,-1.0,-0.16666666666666666,-0.16666666666666666,23.570226039551585,-15.01634144012024,-11.309932474020215,False,61.3653253,61.462231
session-2-20261005-50000Hz-600mV,50000,SMILE_RIGHT,61,cue_assumed,L5-L6,R4-R3,0.0,8.0,1.0,8.0,8.0,1.0,0.0,0.0,-0.125,12.5,0.7782218537318641,-7.125016348901798,False,61.4624413,61.5601973
session-2-20261005-50000Hz-600mV,50000,SMILE_RIGHT,62,cue_assumed,L5-L6,R3-R2,-1.0,3.0,-1.0,3.0,3.1622776601683795,0.0,0.0,0.0,-0.0,0.0,0.0,9.54166404439055e-16,False,61.5604646,61.6592367
session-2-20261005-50000Hz-600mV,50000,SMILE_RIGHT,63,cue_assumed,L5-L6,R2-R1,-8.0,-38.0,-7.0,-37.0,38.8329756778952,1.0,1.0,-0.03050397877984085,0.019893899204244034,3.641785203646149,-3.0299890488163506,1.1755350168369385,False,61.6595041,61.758132
session-2-20261005-50000Hz-600mV,50000,SMILE_RIGHT,64,cue_assumed,L5-L6,R1-L1,-8.0,79.0,-8.0,76.0,79.40403012442127,0.0,-3.0,-0.037589214908802536,0.0038065027755749404,3.7781457632555715,-3.7581687246530104,0.22661363513048466,True,61.7583803,61.8581179
session-2-20261005-50000Hz-600mV,50000,SMILE_RIGHT,65,cue_assumed,L6-L7,L1-L2,-20.0,48.0,-20.0,48.0,52.0,0.0,0.0,0.0,-0.0,0.0,0.0,-9.033528089363834e-16,False,61.858362,61.9571882
session-2-20261005-50000Hz-600mV,50000,SMILE_RIGHT,66,cue_assumed,L6-L7,L2-L3,-19.0,52.0,-18.0,51.0,55.362442142665635,1.0,-1.0,-0.023164763458401308,-0.010766721044045677,2.5544638343965267,-2.3105429623379803,-0.6314910363625359,False,61.9573911,62.0562503
session-2-20261005-50000Hz-600mV,50000,SMILE_RIGHT,67,cue_assumed,L6-L7,L3-L4,14.0,-43.0,14.0,-43.0,45.221676218380054,0.0,0.0,-0.0,0.0,0.0,0.0,-1.2037894002213994e-15,False,62.0564628,62.1540906
session-2-20261005-50000Hz-600mV,50000,SMILE_RIGHT,68,cue_assumed,L6-L7,L4-L5,-107.0,223.0,-106.0,221.0,247.34186867572583,1.0,-2.0,-0.009039197096995652,-0.00014711170682271405,0.9040394129274394,-0.9039186177363878,-0.008505765143581008,True,62.1542964,62.2540891
session-2-20261005-50000Hz-600mV,50000,SMILE_RIGHT,69,cue_assumed,L6-L7,L8-R8,-139.0,315.0,-142.0,327.0,344.30509726113553,-3.0,12.0,0.03540397820255429,-0.006098898317952525,3.5925453835124523,3.5421940388732587,-0.3374886510974015,True,62.2542974,62.3523324
session-2-20261005-50000Hz-600mV,50000,SMILE_RIGHT,70,cue_assumed,L6-L7,R8-R7,-29.0,53.0,-34.0,62.0,60.41522986797286,-5.0,9.0,0.1704109589041096,0.0010958904109589055,17.04144826310574,17.04114719613059,0.05364771794860005,True,62.3525653,62.4522446
session-2-20261005-50000Hz-600mV,50000,SMILE_RIGHT,71,cue_assumed,L6-L7,R7-R6,-13.0,44.0,-10.0,39.0,45.880278987817846,3.0,-5.0,-0.12304038004750595,-0.03182897862232779,12.709059368173282,-12.246295866934265,-2.078620220949431,False,62.4524472,62.5511765
session-2-20261005-50000Hz-600mV,50000,SMILE_RIGHT,72,cue_assumed,L6-L7,R6-R5,-9.0,22.0,-7.0,20.0,23.769728648009426,2.0,-2.0,-0.10973451327433628,-0.04601769911504424,11.899282346174592,-10.854598240474257,-2.9589774380236324,False,62.5514216,62.6541412
session-2-20261005-50000Hz-600mV,50000,SMILE_RIGHT,73,cue_assumed,L6-L7,R5-R4,-9.0,14.0,-9.0,12.0,16.64331697709324,0.0,-2.0,-0.10108303249097474,0.06498194945848376,12.016835362522196,-9.873734781083531,4.134671373736421,False,62.6543583,62.7530935
session-2-20261005-50000Hz-600mV,50000,SMILE_RIGHT,74,cue_assumed,L6-L7,R4-R3,13.0,-4.0,13.0,-2.0,13.601470508735444,0.0,2.0,-0.043243243243243246,0.14054054054054055,14.704292441876154,-3.2976145519080347,8.356566706497164,False,62.7533052,62.8512554
session-2-20261005-50000Hz-600mV,50000,SMILE_RIGHT,75,cue_assumed,L6-L7,R3-R2,-3.0,1.0,-2.0,1.0,3.1622776601683795,1.0,0.0,-0.3,-0.09999999999999999,31.622776601683793,-29.289321881345252,-8.130102354155978,False,62.8514735,62.9502578
session-2-20261005-50000Hz-600mV,50000,SMILE_RIGHT,76,cue_assumed,L6-L7,R2-R1,-8.0,-61.0,-7.0,-57.0,61.5223536610881,1.0,4.0,-0.06657859973579922,0.007661822985468956,6.701800858157771,-6.654715491212848,0.4702916190970379,False,62.9504698,63.0490917
session-2-20261005-50000Hz-600mV,50000,SMILE_RIGHT,77,cue_assumed,L6-L7,R1-L1,6.0,69.0,5.0,67.0,69.26037828369117,-1.0,-2.0,-0.0300187617260788,0.011882426516572859,3.2284951842752485,-2.9945983636307627,0.7018474278194922,False,63.0493107,63.1482692
session-2-20261005-50000Hz-600mV,50000,SMILE_RIGHT,78,cue_assumed,L7-L8,L1-L2,1.0,19.0,3.0,14.0,19.026297590440446,2.0,-5.0,-0.25690607734806625,-0.11878453038674032,28.303797843676215,-24.747203205366752,-9.081969572828761,False,63.148486,63.2470468
session-2-20261005-50000Hz-600mV,50000,SMILE_RIGHT,79,cue_assumed,L7-L8,L2-L3,-5.0,29.0,-5.0,29.0,29.427877939124322,0.0,0.0,0.0,-0.0,0.0,0.0,-6.390490930423232e-16,False,63.2473435,63.3440941
session-2-20261005-50000Hz-600mV,50000,SMILE_RIGHT,80,cue_assumed,L7-L8,L3-L4,10.0,-30.0,11.0,-31.0,31.622776601683793,1.0,-1.0,0.039999999999999994,0.02,4.472135954999579,4.019228991566748,1.1017061152063758,False,63.344318,63.4410825
session-2-20261005-50000Hz-600mV,50000,SMILE_RIGHT,81,cue_assumed,L7-L8,L4-L5,-33.0,95.0,-33.0,93.0,100.56838469419701,0.0,-2.0,-0.018785841407949377,0.0065256080680245205,1.9886965531777143,-1.8764142225650482,0.38104249268871776,True,63.4413034,63.5402372
session-2-20261005-50000Hz-600mV,50000,SMILE_RIGHT,82,cue_assumed,L7-L8,L5-L6,-89.0,203.0,-83.0,188.0,221.65288177689007,6.0,-15.0,-0.07284754732342763,0.002381437003867292,7.288646234550293,-7.284448890901429,0.14716672434986441,True,63.5404546,63.6381882
session-2-20261005-50000Hz-600mV,50000,SMILE_RIGHT,83,cue_assumed,L7-L8,R8-R7,-60.0,135.0,-71.0,159.0,147.73286702694156,-11.0,24.0,0.1786941580756014,0.0020618556701030967,17.87060530008773,17.86959614465282,0.10022575114715941,True,63.6384895,63.7372505
session-2-20261005-50000Hz-600mV,50000,SMILE_RIGHT,84,cue_assumed,L7-L8,R7-R6,-32.0,68.0,-30.0,65.0,75.15317691222374,2.0,-3.0,-0.04745042492917847,-0.007082152974504249,4.79760327321245,-4.74240975867819,-0.4259830766431503,True,63.737473,63.8360625
session-2-20261005-50000Hz-600mV,50000,SMILE_RIGHT,85,cue_assumed,L7-L8,R6-R5,-16.0,23.0,-16.0,24.0,28.0178514522438,0.0,1.0,0.02929936305732484,-0.02038216560509554,3.569153051241248,2.9501146898325947,-1.134421630977006,False,63.8363268,63.9483563
session-2-20261005-50000Hz-600mV,50000,SMILE_RIGHT,86,cue_assumed,L7-L8,R5-R4,-8.0,16.0,-8.0,13.0,17.88854381999832,0.0,-3.0,-0.15000000000000002,0.07500000000000001,16.770509831248425,-14.669759170619933,5.042451069170913,False,63.9485639,64.0472615
session-2-20261005-50000Hz-600mV,50000,SMILE_RIGHT,87,cue_assumed,L7-L8,R4-R3,12.0,-5.0,12.0,-2.0,13.0,0.0,3.0,-0.08875739644970415,0.21301775147928995,23.076923076923077,-6.419037995412024,13.157542740014808,False,64.0474501,64.1452369
session-2-20261005-50000Hz-600mV,50000,SMILE_RIGHT,88,cue_assumed,L7-L8,R3-R2,-2.0,1.0,-2.0,1.0,2.23606797749979,0.0,0.0,-0.0,-0.0,0.0,0.0,-0.0,False,64.1454626,64.245101
session-2-20261005-50000Hz-600mV,50000,SMILE_RIGHT,89,cue_assumed,L7-L8,R2-R1,-6.0,-56.0,-7.0,-50.0,56.32051136131489,-1.0,6.0,-0.10403530895334173,-0.029003783102143754,10.800261544635605,-10.356598288743523,-1.8541068280359527,False,64.2453232,64.3441286
session-2-20261005-50000Hz-600mV,50000,SMILE_RIGHT,90,cue_assumed,L7-L8,R1-L1,-2.0,74.0,-4.0,71.0,74.02702209328699,-2.0,-3.0,-0.03978102189781022,0.0281021897810219,4.870588027869559,-3.936988441018485,1.6763649075419396,True,64.3444103,64.4422461
session-2-20261005-50000Hz-600mV,50000,SMILE_RIGHT,91,cue_assumed,L8-R8,L1-L2,8.0,3.0,9.0,1.0,8.54400374531753,1.0,-2.0,0.0273972602739726,-0.2602739726027397,26.171196129510683,5.985266487039476,-14.215853473673556,False,64.4424771,64.5402376
session-2-20261005-50000Hz-600mV,50000,SMILE_RIGHT,92,cue_assumed,L8-R8,L2-L3,-4.0,26.0,-5.0,27.0,26.30589287593181,-1.0,1.0,0.043352601156069356,0.031791907514450865,5.376033305704703,4.383685301992668,1.7453147497763892,False,64.540428,64.6391136
session-2-20261005-50000Hz-600mV,50000,SMILE_RIGHT,93,cue_assumed,L8-R8,L3-L4,11.0,-29.0,12.0,-31.0,31.016124838541646,1.0,-2.0,0.07172557172557173,0.007276507276507278,7.209372509105906,7.175027345396501,0.38900513478244664,False,64.6393381,64.738166
session-2-20261005-50000Hz-600mV,50000,SMILE_RIGHT,94,cue_assumed,L8-R8,L4-L5,-23.0,71.0,-24.0,74.0,74.63243262818116,-1.0,3.0,0.04236983842010772,0.00035906642728904796,4.237135986070358,4.236990026413401,0.01973674724313926,True,64.7383655,64.8390947
session-2-20261005-50000Hz-600mV,50000,SMILE_RIGHT,95,cue_assumed,L8-R8,L5-L6,-20.0,62.0,-20.0,64.0,65.14598989960932,0.0,2.0,0.029217719132893494,-0.00942507068803016,3.0700277992275833,2.9260873313753155,-0.5246719595800157,True,64.8393392,64.9350426
session-2-20261005-50000Hz-600mV,50000,SMILE_RIGHT,96,cue_assumed,L8-R8,L6-L7,-135.0,332.0,-138.0,345.0,358.39782365410645,-3.0,13.0,0.03675388675661158,-0.00590895997633302,3.7225851228947517,3.677072562497763,-0.32655272039977085,True,64.9353056,65.0301646
session-2-20261005-50000Hz-600mV,50000,SMILE_RIGHT,97,cue_assumed,L8-R8,R7-R6,-159.0,348.0,-161.0,356.0,382.602927328059,-2.0,8.0,0.021190695768009016,-0.003934829388256994,2.155292252681771,2.119827653862827,-0.22076973698375008,True,65.0303932,65.1272759
session-2-20261005-50000Hz-600mV,50000,SMILE_RIGHT,98,cue_assumed,L8-R8,R6-R5,-43.0,76.0,-46.0,88.0,87.32124598286491,-3.0,12.0,0.13652459016393442,-0.03777049180327868,14.16530048057287,13.71520364922012,-1.9034287548554412,True,65.1274885,65.2272529
session-2-20261005-50000Hz-600mV,50000,SMILE_RIGHT,99,cue_assumed,L8-R8,R5-R4,-21.0,42.0,-25.0,50.0,46.95742752749558,-4.0,8.0,0.1904761904761905,0.0,19.04761904761905,19.047619047619047,0.0,False,65.2274702,65.3262848
session-2-20261005-50000Hz-600mV,50000,SMILE_RIGHT,100,cue_assumed,L8-R8,R4-R3,18.0,-14.0,18.0,-15.0,22.80350850198276,0.0,-1.0,0.026923076923076925,-0.03461538461538462,4.3852900965351465,2.750631665660852,-1.9305874411669912,False,65.3265131,65.4240913
session-2-20261005-50000Hz-600mV,50000,SMILE_RIGHT,101,cue_assumed,L8-R8,R3-R2,-5.0,7.0,-6.0,9.0,8.602325267042627,-1.0,2.0,0.2567567567567568,-0.04054054054054054,25.993762245501824,25.74104664273642,-1.8476102659945965,False,65.4242897,65.52237
session-2-20261005-50000Hz-600mV,50000,SMILE_RIGHT,102,cue_assumed,L8-R8,R2-R1,-13.0,-46.0,-15.0,-39.0,47.80167361086848,-2.0,7.0,-0.12954048140043764,-0.0800875273522976,15.229822178496422,-12.586397765680267,-5.256757715906429,False,65.5225619,65.6231208
session-2-20261005-50000Hz-600mV,50000,SMILE_RIGHT,103,cue_assumed,L8-R8,R1-L1,-8.0,88.0,-10.0,90.0,88.36288813749809,-2.0,2.0,0.024590163934426226,0.020491803278688523,3.2009219983223995,2.4795061479507163,1.1457628381751033,True,65.6235151,65.7212451
session-2-20261005-50000Hz-600mV,50000,SMILE_RIGHT,104,cue_assumed,R8-R7,L1-L2,9.0,-6.0,6.0,0.0,10.816653826391969,-3.0,6.0,-0.5384615384615385,0.3076923076923077,62.01736729460423,-44.529980377477095,33.690067525979785,False,65.7214624,65.8200475
session-2-20261005-50000Hz-600mV,50000,SMILE_RIGHT,105,cue_assumed,R8-R7,L2-L3,0.0,16.0,-1.0,17.0,16.0,-1.0,1.0,0.0625,0.0625,8.838834764831844,6.4336647870400165,3.3664606634298013,False,65.8203015,65.9182414
session-2-20261005-50000Hz-600mV,50000,SMILE_RIGHT,106,cue_assumed,R8-R7,L3-L4,5.0,-17.0,4.0,-14.0,17.72004514666935,-1.0,3.0,-0.17834394904458598,-0.006369426751592355,17.845765256206242,-17.8319261714874,-0.44414443311192875,False,65.9184783,66.0182461
session-2-20261005-50000Hz-600mV,50000,SMILE_RIGHT,107,cue_assumed,R8-R7,L4-L5,-8.0,37.0,-7.0,35.0,37.8549864614954,1.0,-2.0,-0.05722260990928123,-0.01465457083042568,5.906931124580456,-5.710872116002063,-0.890536253360572,False,66.0184737,66.119353
session-2-20261005-50000Hz-600mV,50000,SMILE_RIGHT,108,cue_assumed,R8-R7,L5-L6,-2.0,19.0,-3.0,22.0,19.1049731745428,-1.0,3.0,0.16164383561643836,0.03561643835616438,16.55211777204736,16.21897140772024,1.7561600609308086,False,66.1195561,66.2203459
session-2-20261005-50000Hz-600mV,50000,SMILE_RIGHT,109,cue_assumed,R8-R7,L6-L7,-30.0,59.0,-34.0,69.0,66.18912297349165,-4.0,10.0,0.16206345583200182,-0.014608536863729737,16.272053670483686,16.215527565360798,-0.7202389980723171,True,66.2205788,66.3201231
session-2-20261005-50000Hz-600mV,50000,SMILE_RIGHT,110,cue_assumed,R8-R7,L7-L8,-51.0,141.0,-60.0,164.0,149.9399879951976,-9.0,23.0,0.16466506538564182,0.004270082732852945,16.47204218213489,16.46728931920267,0.21006607804937621,True,66.3203548,66.4182562
session-2-20261005-50000Hz-600mV,50000,SMILE_RIGHT,111,cue_assumed,R8-R7,R6-R5,-102.0,183.0,-104.0,183.0,209.50656314301946,-2.0,0.0,0.0046476659148383575,0.008338459435445289,0.9546240318183741,0.4682269443374576,0.47553742404580124,True,66.4184715,66.5171158
session-2-20261005-50000Hz-600mV,50000,SMILE_RIGHT,112,cue_assumed,R8-R7,R5-R4,-28.0,54.0,-33.0,64.0,60.8276253029822,-5.0,10.0,0.18378378378378377,-0.0027027027027026985,18.380365552345193,18.378686905682116,-0.13081205470471935,False,66.5173586,66.6141704
session-2-20261005-50000Hz-600mV,50000,SMILE_RIGHT,113,cue_assumed,R8-R7,R4-R3,18.0,-16.0,21.0,-21.0,24.08318915758459,3.0,-5.0,0.23103448275862068,-0.07241379310344828,24.211709905575113,23.316246098087735,-3.366460663429803,False,66.6144193,66.7112365
session-2-20261005-50000Hz-600mV,50000,SMILE_RIGHT,114,cue_assumed,R8-R7,R3-R2,-5.0,9.0,-6.0,10.0,10.295630140987,-1.0,1.0,0.1320754716981132,0.03773584905660377,13.736056394868903,13.270422790970816,1.909152432996375,False,66.7114576,66.8110902
session-2-20261005-50000Hz-600mV,50000,SMILE_RIGHT,115,cue_assumed,R8-R7,R2-R1,-16.0,-33.0,-14.0,-37.0,36.6742416417845,2.0,-4.0,0.07434944237918216,0.09665427509293681,12.194215216993848,7.868845049634277,5.140797928533978,False,66.8113056,66.9092337
session-2-20261005-50000Hz-600mV,50000,SMILE_RIGHT,116,cue_assumed,R8-R7,R1-L1,-1.0,74.0,-3.0,77.0,74.00675644831355,-2.0,3.0,0.04089830199014059,0.026474347270403507,4.871921765659481,4.123492361203063,1.4569544431031887,True,66.9094307,67.0082565
session-2-20261005-50000Hz-600mV,50000,SMILE_RIGHT,117,cue_assumed,R7-R6,L1-L2,18.0,-18.0,18.0,-18.0,25.45584412271571,0.0,0.0,0.0,0.0,0.0,0.0,0.0,False,67.0084508,67.10824
session-2-20261005-50000Hz-600mV,50000,SMILE_RIGHT,118,cue_assumed,R7-R6,L2-L3,-1.0,20.0,0.0,17.0,20.024984394500787,1.0,-3.0,-0.15211970074812967,-0.04239401496259351,15.791661046371633,-15.106051195383207,-2.8624052261117483,False,67.1084405,67.2062632
session-2-20261005-50000Hz-600mV,50000,SMILE_RIGHT,119,cue_assumed,R7-R6,L3-L4,11.0,-24.0,10.0,-22.0,26.40075756488817,-1.0,2.0,-0.08464849354375897,-0.0028694404591104745,8.469711416439278,-8.46439959992299,-0.17961000574707547,False,67.2064792,67.305099
session-2-20261005-50000Hz-600mV,50000,SMILE_RIGHT,120,cue_assumed,R7-R6,L4-L5,-13.0,45.0,-12.0,40.0,46.84015371452148,1.0,-5.0,-0.10847766636280766,0.009115770282588876,10.886000811760738,-10.843106343830577,0.5858260009043316,False,67.3053195,67.4032364
session-2-20261005-50000Hz-600mV,50000,SMILE_RIGHT,121,cue_assumed,R7-R6,L5-L6,1.0,11.0,2.0,8.0,11.045361017187261,1.0,-3.0,-0.2622950819672131,-0.11475409836065573,28.62991671569341,-25.342311234519997,-8.841814560191672,False,67.4034428,67.5012509
session-2-20261005-50000Hz-600mV,50000,SMILE_RIGHT,122,cue_assumed,R7-R6,L6-L7,-15.0,57.0,-13.0,52.0,58.9406481131655,2.0,-5.0,-0.09067357512953368,-0.01122625215889465,9.136589059548578,-9.060427991702158,-0.7073193685442559,False,67.5014658,67.5981137
session-2-20261005-50000Hz-600mV,50000,SMILE_RIGHT,123,cue_assumed,R7-R6,L7-L8,-25.0,77.0,-24.0,74.0,80.95677859203639,1.0,-3.0,-0.039060115959719255,-0.0003051571559353068,3.90613079616714,-3.906006750669455,-0.018194911904440447,True,67.5983269,67.6980967
session-2-20261005-50000Hz-600mV,50000,SMILE_RIGHT,124,cue_assumed,R7-R6,L8-R8,-140.0,366.0,-142.0,371.0,391.86222068477076,-2.0,5.0,0.013740915366380994,0.0002083930292531717,1.374249550702807,1.3740936785884506,0.011778197670604958,True,67.6983191,67.7972378
session-2-20261005-50000Hz-600mV,50000,SMILE_RIGHT,125,cue_assumed,R7-R6,R5-R4,-51.0,93.0,-40.0,62.0,106.06601717798213,11.0,-31.0,-0.3061333333333333,0.049599999999999984,31.012542265634686,-30.43628020935689,4.088746499724487,True,67.79756,67.8950916
session-2-20261005-50000Hz-600mV,50000,SMILE_RIGHT,126,cue_assumed,R7-R6,R4-R3,13.0,-8.0,9.0,5.0,15.264337522473747,-4.0,13.0,-0.6695278969957081,0.5879828326180258,89.10619598597019,-32.55108434395727,60.66210634532605,False,67.8953133,67.9930965
session-2-20261005-50000Hz-600mV,50000,SMILE_RIGHT,127,cue_assumed,R7-R6,R3-R2,-11.0,20.0,-9.0,14.0,22.825424421026653,2.0,-6.0,-0.27255278310940495,0.04990403071017275,27.708379934922974,-27.084304457613918,3.924432529134536,False,67.9933119,68.0922454
session-2-20261005-50000Hz-600mV,50000,SMILE_RIGHT,128,cue_assumed,R7-R6,R2-R1,-28.0,-5.0,-26.0,-5.0,28.442925306655784,2.0,0.0,-0.069221260815822,0.012360939431396786,7.031625539346299,-6.913918648333118,0.7608553992609213,False,68.0924441,68.1912468
session-2-20261005-50000Hz-600mV,50000,SMILE_RIGHT,129,cue_assumed,R7-R6,R1-L1,-8.0,79.0,-6.0,68.0,79.40403012442127,2.0,-11.0,-0.1403647898493259,-0.011102299762093577,14.080317925903806,-14.02930990210669,-0.7399412531931275,True,68.1914629,68.2912626
session-2-20261005-50000Hz-600mV,50000,SMILE_RIGHT,130,cue_assumed,R6-R5,L1-L2,9.0,5.0,7.0,9.0,10.295630140987,-2.0,4.0,0.018867924528301893,0.43396226415094336,43.43722427630693,10.743627100597642,23.07041224982465,False,68.2914921,68.3880384
session-2-20261005-50000Hz-600mV,50000,SMILE_RIGHT,131,cue_assumed,R6-R5,L2-L3,-2.0,26.0,-2.0,26.0,26.076809620810597,0.0,0.0,0.0,-0.0,0.0,0.0,-2.4321888740603364e-16,False,68.3882956,68.4840419
session-2-20261005-50000Hz-600mV,50000,SMILE_RIGHT,132,cue_assumed,R6-R5,L3-L4,-3.0,5.0,-4.0,7.0,5.830951894845301,-1.0,2.0,0.3823529411764706,-0.02941176470588235,38.34824944236853,38.26657968874305,-1.2188752351312966,False,68.4843294,68.5824068
session-2-20261005-50000Hz-600mV,50000,SMILE_RIGHT,133,cue_assumed,R6-R5,L4-L5,-4.0,19.0,-2.0,16.0,19.4164878389476,2.0,-3.0,-0.1724137931034483,-0.06896551724137931,18.56953381770519,-16.954520146260045,-4.763641690726177,False,68.5826217,68.6800893
session-2-20261005-50000Hz-600mV,50000,SMILE_RIGHT,134,cue_assumed,R6-R5,L5-L6,17.0,40.0,18.0,40.0,43.46262762420146,1.0,0.0,0.008999470619375331,-0.021175224986765485,2.3008272961461866,0.9221641594857832,-1.202253309426134,False,68.6803162,68.7782507
session-2-20261005-50000Hz-600mV,50000,SMILE_RIGHT,135,cue_assumed,R6-R5,L6-L7,-8.0,25.0,-7.0,24.0,26.248809496813376,1.0,-1.0,-0.047895500725689405,-0.024673439767779387,5.387724584403653,-4.757585280067589,-1.484466916744975,False,68.7784804,68.8761887
session-2-20261005-50000Hz-600mV,50000,SMILE_RIGHT,136,cue_assumed,R6-R5,L7-L8,-8.0,24.0,-8.0,24.0,25.298221281347036,0.0,0.0,0.0,-0.0,0.0,0.0,9.54166404439055e-16,False,68.8764015,68.9730887
session-2-20261005-50000Hz-600mV,50000,SMILE_RIGHT,137,cue_assumed,R6-R5,L8-R8,-32.0,78.0,-35.0,89.0,84.30895563343196,-3.0,11.0,0.1342149690489589,-0.016601012943162633,13.523775932612923,13.433645345879185,-0.8385536158086537,True,68.9732987,69.0702482
session-2-20261005-50000Hz-600mV,50000,SMILE_RIGHT,138,cue_assumed,R6-R5,R8-R7,-77.0,187.0,-81.0,188.0,202.2325394193526,-4.0,1.0,0.012103281334050564,0.0164066702528241,2.0387943688270282,1.2236252520100743,0.9287101931672066,True,69.0704721,69.1692357
session-2-20261005-50000Hz-600mV,50000,SMILE_RIGHT,139,cue_assumed,R6-R5,R4-R3,150.0,-365.0,153.0,-369.0,394.62007044751283,3.0,-4.0,0.012265211109327339,0.0031786803660298606,1.2670414848210398,1.2270201888349819,0.17991764290275014,True,69.169445,69.2670726
session-2-20261005-50000Hz-600mV,50000,SMILE_RIGHT,140,cue_assumed,R6-R5,R3-R2,-80.0,198.0,-78.0,195.0,213.55093069335942,2.0,-3.0,-0.01653363740022805,-0.003420752565564424,1.6883800336329358,-1.652768828332496,-0.19928886418878258,True,69.2673631,69.3651772
session-2-20261005-50000Hz-600mV,50000,SMILE_RIGHT,141,cue_assumed,R6-R5,R2-R1,-84.0,119.0,-83.0,125.0,145.6605643267937,1.0,6.0,0.02969317057076872,-0.029363246453315735,4.175984459768648,3.0111754016213466,-1.6334324925997308,True,69.3654052,69.4642413
session-2-20261005-50000Hz-600mV,50000,SMILE_RIGHT,142,cue_assumed,R6-R5,R1-L1,-12.0,107.0,-14.0,104.0,107.67079455451233,-2.0,-3.0,-0.025618907961701024,0.02156473734149918,3.348680847375512,-2.5380304724783476,1.2678476344452627,True,69.4644728,69.5684439
session-2-20261005-50000Hz-600mV,50000,SMILE_RIGHT,143,cue_assumed,R5-R4,L1-L2,34.0,-61.0,34.0,-62.0,69.83552104767315,0.0,-1.0,0.012507689153167932,-0.006971498872257536,1.4319360477275611,1.2531689573622495,-0.3944969055381302,True,69.5686851,69.6666701
session-2-20261005-50000Hz-600mV,50000,SMILE_RIGHT,144,cue_assumed,R5-R4,L2-L3,-1.0,14.0,-1.0,14.0,14.035668847618199,0.0,0.0,0.0,-0.0,0.0,0.0,2.260292667029911e-16,False,69.6670187,69.7674181
session-2-20261005-50000Hz-600mV,50000,SMILE_RIGHT,145,cue_assumed,R5-R4,L3-L4,18.0,-60.0,17.0,-58.0,62.6418390534633,-1.0,2.0,-0.03516819571865443,-0.006116207951070336,3.5696078073176603,-3.5148810151276577,-0.3632013442751564,True,69.7676416,69.8681255
session-2-20261005-50000Hz-600mV,50000,SMILE_RIGHT,146,cue_assumed,R5-R4,L4-L5,-17.0,72.0,-16.0,70.0,73.97972695272672,1.0,-2.0,-0.02941713868079664,-0.00694317558925635,3.0225415388848953,-2.9392304597869345,-0.40986492528971374,True,69.8683105,69.9684241
session-2-20261005-50000Hz-600mV,50000,SMILE_RIGHT,147,cue_assumed,R5-R4,L5-L6,9.0,10.0,9.0,9.0,13.45362404707371,0.0,-1.0,-0.055248618784530384,-0.049723756906077346,7.432941462471663,-5.3941003790253905,-3.012787504183339,False,69.9686224,70.0672425
session-2-20261005-50000Hz-600mV,50000,SMILE_RIGHT,148,cue_assumed,R5-R4,L6-L7,-7.0,28.0,-7.0,28.0,28.861739379323623,0.0,0.0,0.0,-0.0,0.0,0.0,0.0,False,70.0674498,70.1655453
session-2-20261005-50000Hz-600mV,50000,SMILE_RIGHT,149,cue_assumed,R5-R4,L7-L8,1.0,26.0,1.0,24.0,26.019223662515376,0.0,-2.0,-0.07680945347119646,-0.0029542097488921715,7.686624420240879,-7.680472674769856,-0.18334586862300728,False,70.1657712,70.2651305
session-2-20261005-50000Hz-600mV,50000,SMILE_RIGHT,150,cue_assumed,R5-R4,L8-R8,-11.0,51.0,-13.0,59.0,52.172789842982326,-2.0,8.0,0.1579720793534166,0.005143277002204259,15.805578494178423,15.798350154930807,0.25448465684001337,False,70.2653782,70.363103
session-2-20261005-50000Hz-600mV,50000,SMILE_RIGHT,151,cue_assumed,R5-R4,R8-R7,-14.0,65.0,-19.0,75.0,66.49060083951716,-5.0,10.0,0.16285908165573398,0.04184573625876498,16.81491781745815,16.361175201707855,2.060911776451325,True,70.3633359,70.4622359
session-2-20261005-50000Hz-600mV,50000,SMILE_RIGHT,152,cue_assumed,R5-R4,R7-R6,-30.0,97.0,-21.0,70.0,101.53324578678651,9.0,-27.0,-0.2802405664952954,-0.006111165001455037,28.030719121577864,-28.02146233378393,-0.48646191023114665,True,70.4624598,70.5622392
session-2-20261005-50000Hz-600mV,50000,SMILE_RIGHT,153,cue_assumed,R5-R4,R3-R2,91.0,-278.0,90.0,-275.0,292.5149568825499,-1.0,3.0,-0.010810494945363175,-5.843510781277373e-05,1.0810652876933375,-1.081049321937344,-0.0033846750618177174,True,70.5624817,70.6581926
session-2-20261005-50000Hz-600mV,50000,SMILE_RIGHT,154,cue_assumed,R5-R4,R2-R1,-15.0,-66.0,-20.0,-41.0,67.68308503607086,-5.0,25.0,-0.343811394891945,-0.15389652914210872,37.66834439413722,-32.600621133749094,-13.199079779224691,False,70.6584237,70.7592395
session-2-20261005-50000Hz-600mV,50000,SMILE_RIGHT,155,cue_assumed,R5-R4,R1-L1,14.0,28.0,14.0,21.0,31.304951684997057,0.0,-7.0,-0.19999999999999998,-0.09999999999999999,22.360679774997894,-19.37742251701451,-7.125016348901798,False,70.7594377,70.8572512
session-2-20261005-50000Hz-600mV,50000,SMILE_RIGHT,156,cue_assumed,R4-R3,L1-L2,-4.0,44.0,-4.0,43.0,44.181444068749045,0.0,-1.0,-0.022540983606557374,0.002049180327868852,2.263393651062963,-2.253883562115244,0.12011676220994434,False,70.8574533,70.9551003
session-2-20261005-50000Hz-600mV,50000,SMILE_RIGHT,157,cue_assumed,R4-R3,L2-L3,3.0,11.0,3.0,12.0,11.40175425099138,0.0,1.0,0.08461538461538462,0.023076923076923078,8.770580193070293,8.486085601936843,1.2188752351312966,False,70.9553064,71.053127
session-2-20261005-50000Hz-600mV,50000,SMILE_RIGHT,158,cue_assumed,R4-R3,L3-L4,-7.0,47.0,-6.0,43.0,47.51841748206689,1.0,-4.0,-0.08635961027457928,-0.008414526129317982,8.67685803546318,-8.632086267245887,-0.5276728224244195,False,71.0533598,71.1541194
session-2-20261005-50000Hz-600mV,50000,SMILE_RIGHT,159,cue_assumed,R4-R3,L4-L5,15.0,-20.0,13.0,-16.0,25.0,-2.0,4.0,-0.176,0.032,17.888543819998315,-17.537887487646785,2.2239612403854787,False,71.1543495,71.2530911
session-2-20261005-50000Hz-600mV,50000,SMILE_RIGHT,160,cue_assumed,R4-R3,L5-L6,-2.0,3.0,-2.0,2.0,3.605551275463989,0.0,-1.0,-0.23076923076923078,0.15384615384615385,27.735009811261456,-21.553545944726395,11.309932474020217,False,71.2532947,71.35411
session-2-20261005-50000Hz-600mV,50000,SMILE_RIGHT,161,cue_assumed,R4-R3,L6-L7,3.0,-5.0,3.0,-3.0,5.830951894845301,0.0,2.0,-0.29411764705882354,0.17647058823529413,34.29971702850177,-27.239312489100087,14.036243467926482,False,71.3543266,71.4531187
session-2-20261005-50000Hz-600mV,50000,SMILE_RIGHT,162,cue_assumed,R4-R3,L7-L8,8.0,-9.0,8.0,-6.0,12.041594578792296,0.0,3.0,-0.18620689655172412,0.16551724137931034,24.913643956121987,-16.954520146260034,11.496563017585782,False,71.4533513,71.567352
session-2-20261005-50000Hz-600mV,50000,SMILE_RIGHT,163,cue_assumed,R4-R3,L8-R8,10.0,-19.0,10.0,-20.0,21.470910553583888,0.0,-1.0,0.041214750542299346,-0.021691973969631233,4.657464328326222,4.144068409178359,-1.193489423982034,False,71.5675515,71.6673531
session-2-20261005-50000Hz-600mV,50000,SMILE_RIGHT,164,cue_assumed,R4-R3,R8-R7,10.0,-18.0,11.0,-23.0,20.591260281974,1.0,-5.0,0.23584905660377356,-0.07547169811320754,24.763027827182427,23.815139135912133,-3.4946389272533387,False,71.6675622,71.7683557
session-2-20261005-50000Hz-600mV,50000,SMILE_RIGHT,165,cue_assumed,R4-R3,R7-R6,10.0,-19.0,7.0,-6.0,21.470910553583888,-3.0,13.0,-0.6008676789587852,0.158351409978308,62.13832445918026,-57.06030056674063,21.640164753935508,False,71.7685665,71.8702479
session-2-20261005-50000Hz-600mV,50000,SMILE_RIGHT,166,cue_assumed,R4-R3,R6-R5,113.0,-359.0,116.0,-363.0,376.36418533117626,3.0,-4.0,0.012530885986586658,0.004412283798093893,1.3285004776956453,1.2540499597471388,0.24967499061862278,True,71.8704647,71.9693799
session-2-20261005-50000Hz-600mV,50000,SMILE_RIGHT,167,cue_assumed,R4-R3,R2-R1,-181.0,533.0,-177.0,515.0,562.8943062422998,4.0,-18.0,-0.032564304876124356,0.003553732049865867,3.2757639773759957,-3.255777784340086,0.21046663172456415,True,71.9695721,72.0702771
session-2-20261005-50000Hz-600mV,50000,SMILE_RIGHT,168,cue_assumed,R4-R3,R1-L1,-21.0,122.0,-21.0,117.0,123.79418403139947,0.0,-5.0,-0.03980424143556281,0.006851549755301795,4.0389619586100975,-3.9779796869913397,0.40883144727050974,True,72.0704911,72.1693548
session-2-20261005-50000Hz-600mV,50000,SMILE_RIGHT,169,cue_assumed,R3-R2,L1-L2,18.0,-25.0,18.0,-26.0,30.805843601498726,0.0,-1.0,0.026343519494204427,-0.018967334035827187,3.2461373658059776,2.6518767372607055,-1.0587337232027798,False,72.1695406,72.2702459
session-2-20261005-50000Hz-600mV,50000,SMILE_RIGHT,170,cue_assumed,R3-R2,L2-L3,-1.0,25.0,-1.0,25.0,25.019992006393608,0.0,0.0,0.0,-0.0,0.0,0.0,-4.763210884779628e-17,False,72.2704587,72.3664059
session-2-20261005-50000Hz-600mV,50000,SMILE_RIGHT,171,cue_assumed,R3-R2,L3-L4,8.0,14.0,8.0,13.0,16.1245154965971,0.0,-1.0,-0.05384615384615385,-0.03076923076923077,6.201736729460423,-5.33459733599363,-1.8626209493066799,False,72.3666581,72.4663395
session-2-20261005-50000Hz-600mV,50000,SMILE_RIGHT,172,cue_assumed,R3-R2,L4-L5,-6.0,6.0,-6.0,6.0,8.48528137423857,0.0,0.0,-0.0,-0.0,0.0,0.0,-0.0,False,72.4666346,72.5662672
session-2-20261005-50000Hz-600mV,50000,SMILE_RIGHT,173,cue_assumed,R3-R2,L5-L6,4.0,10.0,5.0,10.0,10.770329614269007,1.0,0.0,0.03448275862068966,-0.08620689655172414,9.284766908852594,3.806849817174962,-4.763641690726177,False,72.5664906,72.6660755
session-2-20261005-50000Hz-600mV,50000,SMILE_RIGHT,174,cue_assumed,R3-R2,L6-L7,-3.0,13.0,-2.0,13.0,13.341664064126334,1.0,0.0,-0.016853932584269662,-0.07303370786516854,7.495316889958614,-1.4144984107931746,-4.248454529361296,False,72.6663299,72.7630718
session-2-20261005-50000Hz-600mV,50000,SMILE_RIGHT,175,cue_assumed,R3-R2,L7-L8,5.0,9.0,5.0,9.0,10.295630140987,0.0,0.0,0.0,0.0,0.0,0.0,1.0801883823838359e-15,False,72.7633291,72.8590869
session-2-20261005-50000Hz-600mV,50000,SMILE_RIGHT,176,cue_assumed,R3-R2,L8-R8,1.0,15.0,0.0,17.0,15.033296378372908,-1.0,2.0,0.12831858407079647,0.0752212389380531,14.874102932718241,13.082317890415673,3.8140748342903543,False,72.8593777,72.9560635
session-2-20261005-50000Hz-600mV,50000,SMILE_RIGHT,177,cue_assumed,R3-R2,R8-R7,1.0,19.0,0.0,20.0,19.026297590440446,-1.0,1.0,0.049723756906077346,0.055248618784530384,7.432941462471663,5.117666245527341,3.01278750418334,False,72.9563503,73.0532435
session-2-20261005-50000Hz-600mV,50000,SMILE_RIGHT,178,cue_assumed,R3-R2,R7-R6,1.0,25.0,3.0,19.0,25.019992006393608,2.0,-6.0,-0.2364217252396166,-0.08945686900958467,25.27800695827793,-23.119943216784666,-6.682016572257862,False,73.0535669,73.1522391
session-2-20261005-50000Hz-600mV,50000,SMILE_RIGHT,179,cue_assumed,R3-R2,R6-R5,-52.0,228.0,-50.0,226.0,233.85465571589546,2.0,-2.0,-0.01023990637799883,-0.006436512580456407,1.2094807845871496,-1.0218977944701502,-0.37259514650870645,True,73.1525385,73.2522037
session-2-20261005-50000Hz-600mV,50000,SMILE_RIGHT,180,cue_assumed,R3-R2,R5-R4,85.0,-308.0,84.0,-307.0,319.513692977312,-1.0,1.0,-0.0038495822272722824,-0.0021843685411748574,0.44261438350109,-0.3847187277622899,-0.12563855365502163,True,73.2524649,73.3512398
session-2-20261005-50000Hz-600mV,50000,SMILE_RIGHT,181,cue_assumed,R3-R2,R1-L1,-5.0,74.0,-5.0,67.0,74.16872656315464,0.0,-7.0,-0.09416469732775859,0.006362479549172878,9.437940118925331,-9.41423529531118,0.4024321304390647,True,73.3514866,73.4522695
session-2-20261005-50000Hz-600mV,50000,SMILE_RIGHT,182,cue_assumed,R2-R1,L1-L2,-22.0,381.0,-25.0,384.0,381.63464203345063,-3.0,3.0,0.008301005870438395,0.007394692574410382,1.1117021936251306,0.8328121157794577,0.4201890875363513,True,73.4524918,73.5511839
session-2-20261005-50000Hz-600mV,50000,SMILE_RIGHT,183,cue_assumed,R2-R1,L2-L3,12.0,17.0,12.0,17.0,20.808652046684813,0.0,0.0,0.0,0.0,0.0,0.0,1.7482032660238268e-15,False,73.5514213,73.6513402
session-2-20261005-50000Hz-600mV,50000,SMILE_RIGHT,184,cue_assumed,R2-R1,L3-L4,0.0,22.0,0.0,21.0,22.0,0.0,-1.0,-0.045454545454545456,-0.0,4.545454545454546,-4.545454545454541,0.0,False,73.6515415,73.7482327
session-2-20261005-50000Hz-600mV,50000,SMILE_RIGHT,185,cue_assumed,R2-R1,L4-L5,5.0,-20.0,5.0,-20.0,20.615528128088304,0.0,0.0,-0.0,0.0,0.0,0.0,-0.0,False,73.7484838,73.847818
session-2-20261005-50000Hz-600mV,50000,SMILE_RIGHT,186,cue_assumed,R2-R1,L5-L6,14.0,16.0,14.0,16.0,21.2602916254693,0.0,0.0,0.0,0.0,0.0,0.0,0.0,False,73.8480028,73.9462502
session-2-20261005-50000Hz-600mV,50000,SMILE_RIGHT,187,cue_assumed,R2-R1,L6-L7,3.0,7.0,3.0,7.0,7.615773105863909,0.0,0.0,0.0,0.0,0.0,0.0,-1.1515801432885144e-15,False,73.9464571,74.0440973
session-2-20261005-50000Hz-600mV,50000,SMILE_RIGHT,188,cue_assumed,R2-R1,L7-L8,14.0,3.0,13.0,5.0,14.317821063276353,-1.0,2.0,-0.03902439024390244,0.15121951219512197,15.61737618886061,-2.7199165597276864,8.942753948409717,False,74.0443309,74.1422417
session-2-20261005-50000Hz-600mV,50000,SMILE_RIGHT,189,cue_assumed,R2-R1,L8-R8,8.0,12.0,7.0,14.0,14.422205101855956,-1.0,2.0,0.07692307692307694,0.1346153846153846,15.504341823651057,8.530392765557405,7.125016348901797,False,74.1424629,74.2392329
session-2-20261005-50000Hz-600mV,50000,SMILE_RIGHT,190,cue_assumed,R2-R1,R8-R7,8.0,22.0,7.0,18.0,23.40939982143925,-1.0,-4.0,-0.1751824817518248,-0.018248175182481754,17.61303432410752,-17.498064610182062,-1.26739898523326,False,74.2394667,74.338774
session-2-20261005-50000Hz-600mV,50000,SMILE_RIGHT,191,cue_assumed,R2-R1,R7-R6,11.0,36.0,11.0,35.0,37.64306044943742,0.0,-1.0,-0.02540578687367678,-0.0077628793225123505,2.656532141809275,-2.5374870755584644,-0.45636513129603434,False,74.3389929,74.436331
session-2-20261005-50000Hz-600mV,50000,SMILE_RIGHT,192,cue_assumed,R2-R1,R6-R5,-12.0,153.0,-11.0,157.0,153.46986674914396,1.0,4.0,0.025474461851993375,-0.008533944720417781,2.686589695394167,2.5509970757538136,-0.4768014671722884,True,74.4365966,74.5351204
session-2-20261005-50000Hz-600mV,50000,SMILE_RIGHT,193,cue_assumed,R2-R1,R5-R4,5.0,-7.0,3.0,9.0,8.602325267042627,-2.0,16.0,-1.6486486486486487,0.891891891891892,187.44368523675354,10.282193314071165,126.02737338510362,False,74.5353432,74.6341005
session-2-20261005-50000Hz-600mV,50000,SMILE_RIGHT,194,cue_assumed,R2-R1,R4-R3,-27.0,502.0,-30.0,492.0,502.7255712612996,-3.0,-10.0,-0.01954236288889856,0.007027178880478607,2.076740692285978,-1.9517180460308925,0.41064578668417323,True,74.6343217,74.7302417
session-2-20261005-50000Hz-600mV,50000,SMILE_RIGHT,195,cue_assumed,R1-L1,L2-L3,11.0,-25.0,11.0,-24.0,27.313000567495326,0.0,1.0,-0.03351206434316354,0.014745308310991958,3.6612601296910627,-3.3399589340352254,0.8740702932968508,False,74.7304816,74.826263
session-2-20261005-50000Hz-600mV,50000,SMILE_RIGHT,196,cue_assumed,R1-L1,L3-L4,-11.0,33.0,-11.0,33.0,34.785054261852174,0.0,0.0,0.0,-0.0,0.0,0.0,9.541664044390551e-16,False,74.826469,74.9241142
session-2-20261005-50000Hz-600mV,50000,SMILE_RIGHT,197,cue_assumed,R1-L1,L4-L5,16.0,-27.0,17.0,-27.0,31.38470965295043,1.0,0.0,0.016243654822335026,0.027411167512690356,3.186264939385831,1.6613268687295069,1.545065977660385,False,74.9243344,75.0212464
session-2-20261005-50000Hz-600mV,50000,SMILE_RIGHT,198,cue_assumed,R1-L1,L5-L6,-2.0,11.0,-1.0,12.0,11.180339887498949,1.0,1.0,0.07200000000000001,-0.10400000000000001,12.64911064067352,7.703296142690053,-5.541204778039854,False,75.0214668,75.1212748
session-2-20261005-50000Hz-600mV,50000,SMILE_RIGHT,199,cue_assumed,R1-L1,L6-L7,0.0,12.0,0.0,12.0,12.0,0.0,0.0,0.0,0.0,0.0,0.0,0.0,False,75.1214965,75.2182513
session-2-20261005-50000Hz-600mV,50000,SMILE_RIGHT,200,cue_assumed,R1-L1,L7-L8,3.0,12.0,3.0,13.0,12.36931687685298,0.0,1.0,0.0784313725490196,0.0196078431372549,8.084520834544433,7.860961093922092,1.0416266760099742,False,75.2184824,75.3193542
session-2-20261005-50000Hz-600mV,50000,SMILE_RIGHT,201,cue_assumed,R1-L1,L8-R8,-1.0,21.0,-2.0,25.0,21.02379604162864,-1.0,4.0,0.1923076923076923,0.038461538461538464,19.6116135138184,19.292787840544822,1.8476102659945959,False,75.3195304,75.417255
session-2-20261005-50000Hz-600mV,50000,SMILE_RIGHT,202,cue_assumed,R1-L1,R8-R7,1.0,15.0,1.0,18.0,15.033296378372908,0.0,3.0,0.19911504424778764,0.013274336283185842,19.95570315713218,19.918851618297808,0.6342447144261197,False,75.4174655,75.5162608
session-2-20261005-50000Hz-600mV,50000,SMILE_RIGHT,203,cue_assumed,R1-L1,R7-R6,3.0,4.0,4.0,0.0,5.0,1.0,-4.0,-0.52,-0.64,82.46211251235322,-19.999999999999996,-53.13010235415599,False,75.5164832,75.6132128
session-2-20261005-50000Hz-600mV,50000,SMILE_RIGHT,204,cue_assumed,R1-L1,R6-R5,0.0,35.0,0.0,37.0,35.0,0.0,2.0,0.05714285714285714,0.0,5.714285714285714,5.714285714285716,0.0,False,75.6134687,75.7162473
session-2-20261005-50000Hz-600mV,50000,SMILE_RIGHT,205,cue_assumed,R1-L1,R5-R4,7.0,-51.0,7.0,-54.0,51.478150704935004,0.0,-3.0,0.05773584905660377,-0.007924528301886792,5.827715174143585,5.776553381564775,-0.4292503954996075,False,75.716463,75.8162725
session-2-20261005-50000Hz-600mV,50000,SMILE_RIGHT,206,cue_assumed,R1-L1,R4-R3,5.0,53.0,5.0,54.0,53.23532661682466,0.0,1.0,0.0187014820042343,0.0017642907551164435,1.8784518919133617,1.8703009792104375,0.0992305546021395,False,75.8165076,75.9142612
session-2-20261005-50000Hz-600mV,50000,SMILE_RIGHT,207,cue_assumed,R1-L1,R3-R2,3.0,-5.0,4.0,-7.0,5.830951894845301,1.0,-2.0,0.3823529411764706,-0.02941176470588235,38.34824944236853,38.26657968874305,-1.2188752351312966,False,75.914477,76.011181
session-2-20261005-50000Hz-600mV,50000,SMILE_BOTH,0,cue_assumed,L1-L2,L3-L4,-108.0,326.0,-113.0,343.0,343.42393626536864,-5.0,17.0,0.0515685942004409,-0.0017466508394098684,5.159816563565568,5.157004478914584,-0.09516795185788707,True,78.0775311,78.1741486
session-2-20261005-50000Hz-600mV,50000,SMILE_BOTH,1,cue_assumed,L1-L2,L4-L5,-28.0,103.0,-29.0,108.0,106.7379969832674,-1.0,5.0,0.04766084437812691,-0.0032476081804616863,4.777136219252946,4.7665877941046375,-0.17760866720205237,True,78.1744185,78.2751436
session-2-20261005-50000Hz-600mV,50000,SMILE_BOTH,2,cue_assumed,L1-L2,L5-L6,-27.0,93.0,-28.0,93.0,96.84007434941384,-1.0,0.0,0.0028790786948176585,0.009916826615483045,1.0326303513479829,0.29281080585426,0.566542672172043,True,78.2753895,78.3751185
session-2-20261005-50000Hz-600mV,50000,SMILE_BOTH,3,cue_assumed,L1-L2,L6-L7,-22.0,52.0,-21.0,47.0,56.462376853972415,1.0,-5.0,-0.08845671267252196,0.01819322459222083,9.030826893420167,-8.827517413813514,1.1433978174890511,False,78.3753456,78.4741064
session-2-20261005-50000Hz-600mV,50000,SMILE_BOTH,4,cue_assumed,L1-L2,L7-L8,2.0,21.0,4.0,12.0,21.095023109728988,2.0,-9.0,-0.41573033707865176,-0.13483146067415733,43.70483222197017,-40.03746488033107,-12.994616791916505,False,78.4743857,78.5721836
session-2-20261005-50000Hz-600mV,50000,SMILE_BOTH,5,cue_assumed,L1-L2,L8-R8,4.0,6.0,4.0,9.0,7.211102550927978,0.0,3.0,0.34615384615384615,0.23076923076923078,41.60251471689219,36.57908388126694,9.727578551401603,False,78.5724113,78.6701802
session-2-20261005-50000Hz-600mV,50000,SMILE_BOTH,6,cue_assumed,L1-L2,R8-R7,4.0,0.0,1.0,8.0,4.0,-3.0,8.0,-0.75,2.0,213.60009363293827,101.55644370746373,82.8749836510982,False,78.6705037,78.7713163
session-2-20261005-50000Hz-600mV,50000,SMILE_BOTH,7,cue_assumed,L1-L2,R7-R6,15.0,-20.0,15.0,-18.0,25.0,0.0,2.0,-0.064,0.048,8.0,-6.277003889120147,2.9356734464211725,False,78.7715367,78.8701841
session-2-20261005-50000Hz-600mV,50000,SMILE_BOTH,8,cue_assumed,L1-L2,R6-R5,3.0,11.0,3.0,14.0,11.40175425099138,0.0,3.0,0.25384615384615383,0.06923076923076923,26.311740579210873,25.57559782549621,3.1603616260456744,False,78.8703966,78.9813708
session-2-20261005-50000Hz-600mV,50000,SMILE_BOTH,9,cue_assumed,L1-L2,R5-R4,24.0,-68.0,25.0,-70.0,72.11102550927978,1.0,-2.0,0.030769230769230774,0.003846153846153846,3.1008683647302115,3.0776406404415146,0.21378922987711538,True,78.9815975,79.0781855
session-2-20261005-50000Hz-600mV,50000,SMILE_BOTH,10,cue_assumed,L1-L2,R4-R3,-4.0,52.0,-4.0,52.0,52.15361924162119,0.0,0.0,0.0,-0.0,0.0,0.0,-2.4321888740603364e-16,False,79.0783834,79.1783166
session-2-20261005-50000Hz-600mV,50000,SMILE_BOTH,11,cue_assumed,L1-L2,R3-R2,9.0,-28.0,10.0,-28.0,29.410882339705484,1.0,0.0,0.010404624277456647,0.03236994219653179,3.4001020045902295,1.092300296267612,1.8349351435305266,False,79.1785095,79.2771874
session-2-20261005-50000Hz-600mV,50000,SMILE_BOTH,12,cue_assumed,L1-L2,R2-R1,-128.0,416.0,-127.0,420.0,435.2470562795342,1.0,4.0,0.008108108108108109,-0.004898648648648649,0.9473023576222941,0.812000991543238,-0.27841228689222386,True,79.2774174,79.3771864
session-2-20261005-50000Hz-600mV,50000,SMILE_BOTH,13,cue_assumed,L2-L3,L4-L5,100.0,-273.0,96.0,-262.0,290.73871431235295,-4.0,11.0,-0.04025837286611696,9.464207550071487e-05,4.0258484111423725,-4.025836819969298,0.005650053430700277,True,79.3773797,79.4740734
session-2-20261005-50000Hz-600mV,50000,SMILE_BOTH,14,cue_assumed,L2-L3,L5-L6,-62.0,183.0,-59.0,173.0,193.2174940319846,3.0,-10.0,-0.05400048214716203,0.0019018026946669162,5.403396085440533,-5.39985704919409,0.11518517612157383,True,79.4742852,79.5701872
session-2-20261005-50000Hz-600mV,50000,SMILE_BOTH,15,cue_assumed,L2-L3,L6-L7,-20.0,47.0,-17.0,39.0,51.07837115648854,3.0,-8.0,-0.16711383671904942,0.007282483710233806,16.727243942727366,-16.708199950184046,0.5009627564216261,False,79.5703797,79.6681917
session-2-20261005-50000Hz-600mV,50000,SMILE_BOTH,16,cue_assumed,L2-L3,L7-L8,-1.0,22.0,-2.0,22.0,22.02271554554524,-1.0,0.0,0.002061855670103093,0.04536082474226804,4.540766091864998,0.30880155850281366,2.5918667052349997,False,79.668394,79.7672508
session-2-20261005-50000Hz-600mV,50000,SMILE_BOTH,17,cue_assumed,L2-L3,L8-R8,-3.0,18.0,-3.0,23.0,18.24828759089466,0.0,5.0,0.2702702702702703,-0.04504504504504504,27.39983121755955,27.106869036083815,-2.0309142368531092,False,79.7674702,79.8650881
session-2-20261005-50000Hz-600mV,50000,SMILE_BOTH,18,cue_assumed,L2-L3,R8-R7,0.0,11.0,-1.0,10.0,11.0,-1.0,-1.0,-0.09090909090909091,0.09090909090909091,12.856486930664502,-8.637494353446451,5.710593137499642,False,79.8653134,79.9610474
session-2-20261005-50000Hz-600mV,50000,SMILE_BOTH,19,cue_assumed,L2-L3,R7-R6,4.0,6.0,5.0,4.0,7.211102550927978,1.0,-2.0,-0.15384615384615388,-0.2692307692307692,31.008683647302114,-11.20464322603697,-17.650124219930127,False,79.9612562,80.0591853
session-2-20261005-50000Hz-600mV,50000,SMILE_BOTH,20,cue_assumed,L2-L3,R6-R5,-2.0,21.0,-1.0,20.0,21.095023109728988,1.0,-1.0,-0.05168539325842698,-0.04269662921348315,6.70401523153991,-5.072469983380568,-2.577926804893758,False,80.0593893,80.1562089
session-2-20261005-50000Hz-600mV,50000,SMILE_BOTH,21,cue_assumed,L2-L3,R5-R4,0.0,-4.0,0.0,-5.0,4.0,0.0,-1.0,0.25,-0.0,25.0,25.0,-0.0,False,80.1564261,80.2540592
session-2-20261005-50000Hz-600mV,50000,SMILE_BOTH,22,cue_assumed,L2-L3,R4-R3,9.0,12.0,10.0,12.0,15.0,1.0,0.0,0.04,-0.05333333333333334,6.666666666666668,4.136662345422049,-2.935673446421173,False,80.2542748,80.3522207
session-2-20261005-50000Hz-600mV,50000,SMILE_BOTH,23,cue_assumed,L2-L3,R3-R2,-1.0,10.0,-1.0,9.0,10.04987562112089,0.0,-1.0,-0.09900990099009901,0.009900990099009903,9.950371902099892,-9.895550158784495,0.6295986084102666,False,80.3524062,80.4501044
session-2-20261005-50000Hz-600mV,50000,SMILE_BOTH,24,cue_assumed,L2-L3,R2-R1,6.0,-59.0,7.0,-55.0,59.30430001273095,1.0,4.0,-0.06539664486778504,0.023599658800113735,6.952456440313007,-6.5098734988622065,1.4464677071937555,False,80.4503445,80.5472197
session-2-20261005-50000Hz-600mV,50000,SMILE_BOTH,25,cue_assumed,L2-L3,R1-L1,16.0,24.0,14.0,19.0,28.844410203711913,-2.0,-5.0,-0.18269230769230768,-0.03846153846153846,18.66969984514192,-18.178783078827678,-2.694284289856102,False,80.5474559,80.6440952
session-2-20261005-50000Hz-600mV,50000,SMILE_BOTH,26,cue_assumed,L3-L4,L1-L2,-80.0,362.0,-90.0,384.0,370.7344062802912,-10.0,22.0,0.06376415121795058,0.01353278426122639,6.5184378729927035,6.385022708382593,0.7288547916530552,True,80.6443288,80.7421894
session-2-20261005-50000Hz-600mV,50000,SMILE_BOTH,27,cue_assumed,L3-L4,L5-L6,98.0,-281.0,97.0,-276.0,297.5987231155403,-1.0,5.0,-0.016970586574832046,0.0023598486986958728,1.7133875643724226,-1.6967754066576801,0.13754330150231384,True,80.7424236,80.8410936
session-2-20261005-50000Hz-600mV,50000,SMILE_BOTH,28,cue_assumed,L3-L4,L6-L7,8.0,-28.0,6.0,-22.0,29.120439557122072,-2.0,6.0,-0.21698113207547168,-0.009433962264150947,21.718612138153464,-21.692430303973097,-0.6902771978650778,False,80.8413063,80.9381866
session-2-20261005-50000Hz-600mV,50000,SMILE_BOTH,29,cue_assumed,L3-L4,L7-L8,12.0,-19.0,14.0,-26.0,22.47220505424423,2.0,-7.0,0.3108910891089109,-0.09108910891089107,32.396063811751105,31.405200554138133,-3.974888548571252,False,80.9383925,81.0362023
session-2-20261005-50000Hz-600mV,50000,SMILE_BOTH,30,cue_assumed,L3-L4,L8-R8,10.0,-19.0,12.0,-22.0,21.470910553583888,2.0,-3.0,0.1670281995661605,0.01735357917570499,16.792726449424645,16.71572153282701,0.8519190649051939,False,81.0364205,81.1330522
session-2-20261005-50000Hz-600mV,50000,SMILE_BOTH,31,cue_assumed,L3-L4,R8-R7,6.0,-6.0,4.0,-3.0,8.48528137423857,-2.0,3.0,-0.41666666666666663,0.08333333333333333,42.49182927993987,-41.07443490112105,8.13010235415598,False,81.133268,81.2303535
session-2-20261005-50000Hz-600mV,50000,SMILE_BOTH,32,cue_assumed,L3-L4,R7-R6,15.0,-21.0,15.0,-18.0,25.80697580112788,0.0,3.0,-0.09459459459459459,0.06756756756756756,11.624763874381927,-9.20769171761716,4.26789330029081,False,81.2306651,81.3291497
session-2-20261005-50000Hz-600mV,50000,SMILE_BOTH,33,cue_assumed,L3-L4,R6-R5,-1.0,16.0,-1.0,19.0,16.0312195418814,0.0,3.0,0.1867704280155642,-0.011673151750972763,18.71348584655416,18.682783557011607,-0.5635468708140111,False,81.3294005,81.4281764
session-2-20261005-50000Hz-600mV,50000,SMILE_BOTH,34,cue_assumed,L3-L4,R5-R4,19.0,-61.0,18.0,-60.0,63.89053137985315,-1.0,1.0,-0.019598236158745713,-0.010289073983341498,2.213494757094859,-1.954424700220303,-0.6012829579513826,True,81.4284991,81.5272878
session-2-20261005-50000Hz-600mV,50000,SMILE_BOTH,35,cue_assumed,L3-L4,R4-R3,0.0,63.0,0.0,62.0,63.0,0.0,-1.0,-0.015873015873015872,-0.0,1.5873015873015872,-1.5873015873015928,0.0,True,81.5275714,81.6282523
session-2-20261005-50000Hz-600mV,50000,SMILE_BOTH,36,cue_assumed,L3-L4,R3-R2,6.0,15.0,6.0,14.0,16.15549442140351,0.0,-1.0,-0.0574712643678161,-0.02298850574712644,6.18984460590173,-5.719095841793653,-1.3971810272963756,False,81.6284551,81.7241175
session-2-20261005-50000Hz-600mV,50000,SMILE_BOTH,37,cue_assumed,L3-L4,R2-R1,-18.0,-28.0,-16.0,-22.0,33.28663395418648,2.0,6.0,-0.18411552346570398,-0.046931407942238275,19.00028500641266,-18.276684104162577,-3.292147112996007,False,81.7243474,81.8230432
session-2-20261005-50000Hz-600mV,50000,SMILE_BOTH,38,cue_assumed,L3-L4,R1-L1,-19.0,138.0,-20.0,132.0,139.30183056945089,-1.0,-6.0,-0.04169028600876063,0.012986343725843856,4.366606314814774,-4.160229911933911,0.7763848523586854,True,81.8233109,81.9201873
session-2-20261005-50000Hz-600mV,50000,SMILE_BOTH,39,cue_assumed,L4-L5,L1-L2,-17.0,86.0,-18.0,93.0,87.66413177577246,-1.0,7.0,0.08054651919323357,-0.004294079375406635,8.066090051461263,8.055505147044473,-0.22769156679834207,True,81.9204019,82.0171875
session-2-20261005-50000Hz-600mV,50000,SMILE_BOTH,40,cue_assumed,L4-L5,L2-L3,110.0,-264.0,106.0,-253.0,286.0,-4.0,11.0,-0.04088219472834858,0.0018827326519634219,4.0925524163355345,-4.088034684334185,0.11247053882327894,True,82.0174028,82.1162104
session-2-20261005-50000Hz-600mV,50000,SMILE_BOTH,41,cue_assumed,L4-L5,L6-L7,-92.0,194.0,-83.0,177.0,214.7091055358389,9.0,-17.0,-0.08950108459869847,-0.0039479392624728864,8.958811510888905,-8.949252547199437,-0.2484339476992601,True,82.1164178,82.2151349
session-2-20261005-50000Hz-600mV,50000,SMILE_BOTH,42,cue_assumed,L4-L5,L7-L8,-21.0,73.0,-25.0,83.0,75.96051605933177,-4.0,10.0,0.1410745233968804,0.014211438474870018,14.178852610554202,14.116301768368867,0.7135496692995469,True,82.2153446,82.313141
session-2-20261005-50000Hz-600mV,50000,SMILE_BOTH,43,cue_assumed,L4-L5,L8-R8,-16.0,51.0,-19.0,66.0,53.45091205957107,-3.0,15.0,0.2845642282114106,-0.030451522576128806,28.618891523740093,28.492511518281916,-1.3579834850421966,False,82.3133313,82.4131991
session-2-20261005-50000Hz-600mV,50000,SMILE_BOTH,44,cue_assumed,L4-L5,R8-R7,-4.0,23.0,-4.0,21.0,23.345235059857504,0.0,-2.0,-0.08440366972477065,0.014678899082568808,8.567058737562387,-8.428601075895791,0.9184909244782328,False,82.4134646,82.5090847
session-2-20261005-50000Hz-600mV,50000,SMILE_BOTH,45,cue_assumed,L4-L5,R7-R6,-4.0,22.0,-3.0,17.0,22.360679774997898,1.0,-5.0,-0.228,-0.003999999999999999,22.803508501982762,-22.79896373752488,-0.29686666732469436,False,82.509421,82.6081958
session-2-20261005-50000Hz-600mV,50000,SMILE_BOTH,46,cue_assumed,L4-L5,R6-R5,-2.0,7.0,0.0,5.0,7.280109889280518,2.0,-2.0,-0.33962264150943394,-0.18867924528301888,38.851434494290565,-31.319718025655497,-15.945395900922854,False,82.6084332,82.7061974
session-2-20261005-50000Hz-600mV,50000,SMILE_BOTH,47,cue_assumed,L4-L5,R5-R4,-12.0,44.0,-12.0,43.0,45.60701700396552,0.0,-1.0,-0.021153846153846155,0.0057692307692307696,2.1926450482675732,-2.1136844639110475,0.3376922362085712,False,82.7064178,82.8050637
session-2-20261005-50000Hz-600mV,50000,SMILE_BOTH,48,cue_assumed,L4-L5,R4-R3,26.0,-25.0,26.0,-23.0,36.069377593742864,0.0,2.0,-0.03843197540353574,0.03996925441967717,5.544869730014276,-3.7601637976658164,2.38022893070903,False,82.8052863,82.9040601
session-2-20261005-50000Hz-600mV,50000,SMILE_BOTH,49,cue_assumed,L4-L5,R3-R2,-2.0,-16.0,-2.0,-16.0,16.1245154965971,0.0,0.0,-0.0,-0.0,0.0,0.0,-0.0,False,82.9042862,83.003048
session-2-20261005-50000Hz-600mV,50000,SMILE_BOTH,50,cue_assumed,L4-L5,R2-R1,7.0,-126.0,9.0,-121.0,126.19429464123962,2.0,5.0,-0.03868131868131868,0.01802197802197802,4.267359964603868,-3.8512403229187364,1.0740063162549582,True,83.0032617,83.1023394
session-2-20261005-50000Hz-600mV,50000,SMILE_BOTH,51,cue_assumed,L4-L5,R1-L1,35.0,12.0,34.0,5.0,37.0,-1.0,-7.0,-0.08692476260043827,-0.1701972242512783,19.110994086122908,-7.119782284110354,-10.558758292018647,False,83.1025375,83.2013304
session-2-20261005-50000Hz-600mV,50000,SMILE_BOTH,52,cue_assumed,L5-L6,L1-L2,-32.0,101.0,-34.0,104.0,105.94810050208545,-2.0,3.0,0.032694877505567925,0.009443207126948775,3.4031297006528383,3.2738052066971335,0.5239116078513387,True,83.2015573,83.3023195
session-2-20261005-50000Hz-600mV,50000,SMILE_BOTH,53,cue_assumed,L5-L6,L2-L3,-76.0,197.0,-72.0,189.0,211.15160430363773,4.0,-8.0,-0.04216664797577661,-0.004037232252999888,4.235947881853279,-4.21581396210412,-0.24149816738770655,True,83.3025164,83.4020895
session-2-20261005-50000Hz-600mV,50000,SMILE_BOTH,54,cue_assumed,L5-L6,L3-L4,127.0,-302.0,126.0,-296.0,327.6171546180084,-1.0,6.0,-0.01806527349463818,0.004285727595427315,1.8566678956083775,-1.8055920849775697,0.2500701294308318,True,83.4023327,83.5021917
session-2-20261005-50000Hz-600mV,50000,SMILE_BOTH,55,cue_assumed,L5-L6,L7-L8,-86.0,193.0,-92.0,201.0,211.29363454680788,-6.0,8.0,0.046141785194310676,0.010527494680255349,4.7327502418368885,4.6194753797677235,0.5765572726120111,True,83.5023841,83.600189
session-2-20261005-50000Hz-600mV,50000,SMILE_BOTH,56,cue_assumed,L5-L6,L8-R8,-23.0,58.0,-29.0,72.0,62.39390995922599,-6.0,14.0,0.2440277421012073,0.006678653994348829,24.411911710103652,24.404566939345294,0.30759363118854405,True,83.6004079,83.701146
session-2-20261005-50000Hz-600mV,50000,SMILE_BOTH,57,cue_assumed,L5-L6,R8-R7,-5.0,19.0,-8.0,24.0,19.6468827043885,-3.0,5.0,0.2849740932642487,0.08290155440414508,29.678763713201423,28.76455599593011,3.6913859864512766,False,83.7013866,83.7992201
session-2-20261005-50000Hz-600mV,50000,SMILE_BOTH,58,cue_assumed,L5-L6,R7-R6,1.0,3.0,1.0,2.0,3.1622776601683795,0.0,-1.0,-0.3,-0.09999999999999999,31.622776601683793,-29.289321881345252,-8.130102354155978,False,83.7994811,83.8970836
session-2-20261005-50000Hz-600mV,50000,SMILE_BOTH,59,cue_assumed,L5-L6,R6-R5,12.0,41.0,12.0,42.0,42.720018726587654,0.0,1.0,0.022465753424657533,0.006575342465753424,2.3408229439226114,2.248689578634444,0.36845652533770124,False,83.8973116,83.9960782
session-2-20261005-50000Hz-600mV,50000,SMILE_BOTH,60,cue_assumed,L5-L6,R5-R4,6.0,0.0,5.0,-2.0,6.0,-1.0,-2.0,-0.16666666666666666,-0.3333333333333333,37.26779962499649,-10.247253214424934,-21.80140948635181,False,83.9963136,84.0930504
session-2-20261005-50000Hz-600mV,50000,SMILE_BOTH,61,cue_assumed,L5-L6,R4-R3,0.0,8.0,1.0,9.0,8.0,1.0,1.0,0.125,-0.125,17.67766952966369,13.192314226717716,-6.34019174590991,False,84.0932588,84.1921845
session-2-20261005-50000Hz-600mV,50000,SMILE_BOTH,62,cue_assumed,L5-L6,R3-R2,-1.0,3.0,-1.0,2.0,3.1622776601683795,0.0,-1.0,-0.3,0.09999999999999999,31.622776601683793,-29.289321881345252,8.130102354155978,False,84.1923818,84.2911837
session-2-20261005-50000Hz-600mV,50000,SMILE_BOTH,63,cue_assumed,L5-L6,R2-R1,-8.0,-38.0,-7.0,-33.0,38.8329756778952,1.0,5.0,-0.1312997347480106,-0.0013262599469496008,13.130643285972255,-13.129872233642725,-0.08747440457538015,False,84.2913883,84.389189
session-2-20261005-50000Hz-600mV,50000,SMILE_BOTH,64,cue_assumed,L5-L6,R1-L1,-8.0,79.0,-9.0,73.0,79.40403012442127,-1.0,-6.0,-0.0739095955590801,0.020142743854084058,7.660521160911987,-7.369056610249391,1.2460039165855636,True,84.3893946,84.4901835
session-2-20261005-50000Hz-600mV,50000,SMILE_BOTH,65,cue_assumed,L6-L7,L1-L2,-20.0,48.0,-19.0,44.0,52.0,1.0,-4.0,-0.07840236686390534,0.01183431952662722,7.929049280033963,-7.83263872060187,0.7356999112455762,False,84.490392,84.5900765
session-2-20261005-50000Hz-600mV,50000,SMILE_BOTH,66,cue_assumed,L6-L7,L2-L3,-19.0,52.0,-15.0,45.0,55.362442142665635,4.0,-7.0,-0.1435562805872757,-0.02446982055464927,14.56268444141717,-14.320678303369016,-1.636577041616717,False,84.5903243,84.6883236
session-2-20261005-50000Hz-600mV,50000,SMILE_BOTH,67,cue_assumed,L6-L7,L3-L4,14.0,-43.0,11.0,-36.0,45.221676218380054,-3.0,7.0,-0.16772616136919316,-0.01515892420537897,16.840979244304364,-16.758812150935608,-1.0434622751436926,False,84.6885837,84.7881396
session-2-20261005-50000Hz-600mV,50000,SMILE_BOTH,68,cue_assumed,L6-L7,L4-L5,-107.0,223.0,-96.0,205.0,247.34186867572583,11.0,-18.0,-0.08485076334630096,-0.008614207721730034,8.52869076419299,-8.48102219088539,-0.5393034823894584,True,84.7883566,84.8840602
session-2-20261005-50000Hz-600mV,50000,SMILE_BOTH,69,cue_assumed,L6-L7,L8-R8,-139.0,315.0,-147.0,330.0,344.30509726113553,-8.0,15.0,0.049238270376056555,0.0036694616435813954,4.937481360348983,4.924468689171468,0.20037756346483498,True,84.8843287,84.9803602
session-2-20261005-50000Hz-600mV,50000,SMILE_BOTH,70,cue_assumed,L6-L7,R8-R7,-29.0,53.0,-33.0,58.0,60.41522986797286,-4.0,5.0,0.10438356164383562,0.018356164383561642,10.598526648703945,10.45361017187263,0.9522361144118989,True,84.9806019,85.0781911
session-2-20261005-50000Hz-600mV,50000,SMILE_BOTH,71,cue_assumed,L6-L7,R7-R6,-13.0,44.0,-9.0,35.0,45.880278987817846,4.0,-9.0,-0.21282660332541567,-0.028028503562945367,21.466429627446637,-21.232776268032627,-2.0392416845290504,False,85.0784398,85.1750596
session-2-20261005-50000Hz-600mV,50000,SMILE_BOTH,72,cue_assumed,L6-L7,R6-R5,-9.0,22.0,-6.0,19.0,23.769728648009426,3.0,-3.0,-0.16460176991150444,-0.06902654867256637,17.848923519261888,-16.175488831927144,-4.723455283489497,False,85.1752711,85.2721862
session-2-20261005-50000Hz-600mV,50000,SMILE_BOTH,73,cue_assumed,L6-L7,R5-R4,-9.0,14.0,-7.0,8.0,16.64331697709324,2.0,-6.0,-0.36823104693140796,0.09386281588447655,38.00057001282532,-36.129643944381506,8.450698893602045,False,85.2723989,85.3711852
session-2-20261005-50000Hz-600mV,50000,SMILE_BOTH,74,cue_assumed,L6-L7,R4-R3,13.0,-4.0,13.0,-1.0,13.601470508735444,0.0,3.0,-0.06486486486486487,0.21081081081081082,22.05643866281423,-4.139741346117843,12.70402361405684,False,85.3714009,85.4703287
session-2-20261005-50000Hz-600mV,50000,SMILE_BOTH,75,cue_assumed,L6-L7,R3-R2,-3.0,1.0,-2.0,0.0,3.1622776601683795,1.0,-1.0,-0.39999999999999997,0.2,44.721359549995796,-36.754446796632415,18.43494882292201,False,85.4705614,85.5691992
session-2-20261005-50000Hz-600mV,50000,SMILE_BOTH,76,cue_assumed,L6-L7,R2-R1,-8.0,-61.0,-7.0,-54.0,61.5223536610881,1.0,7.0,-0.11492734478203435,0.0013210039630118882,11.493493650809091,-11.492635895873049,0.08551602532510688,False,85.5694247,85.6673403
session-2-20261005-50000Hz-600mV,50000,SMILE_BOTH,77,cue_assumed,L6-L7,R1-L1,6.0,69.0,6.0,61.0,69.26037828369117,0.0,-8.0,-0.11507191994996874,-0.010006253908692933,11.550615515312266,-11.501534929789914,-0.6478398620165263,False,85.6675465,85.7681913
session-2-20261005-50000Hz-600mV,50000,SMILE_BOTH,78,cue_assumed,L7-L8,L1-L2,1.0,19.0,5.0,9.0,19.026297590440446,4.0,-10.0,-0.5138121546961325,-0.23756906077348064,56.60759568735243,-45.88736935261684,-26.041816594893806,False,85.7683939,85.8672575
session-2-20261005-50000Hz-600mV,50000,SMILE_BOTH,79,cue_assumed,L7-L8,L2-L3,-5.0,29.0,-5.0,30.0,29.427877939124322,0.0,1.0,0.03348729792147806,-0.005773672055427252,3.3981383301529244,3.350342537121831,-0.3200848237816694,False,85.8675131,85.9640834
session-2-20261005-50000Hz-600mV,50000,SMILE_BOTH,80,cue_assumed,L7-L8,L3-L4,10.0,-30.0,13.0,-37.0,31.622776601683793,3.0,-7.0,0.24,0.02,24.083189157584588,24.016127983419967,0.9240453527727072,False,85.9643345,86.0600445
session-2-20261005-50000Hz-600mV,50000,SMILE_BOTH,81,cue_assumed,L7-L8,L4-L5,-33.0,95.0,-37.0,105.0,100.56838469419701,-4.0,10.0,0.10698042317579592,0.004943642475776149,10.709458690242318,10.699146197944653,0.25587441324390703,True,86.0602477,86.1571912
session-2-20261005-50000Hz-600mV,50000,SMILE_BOTH,82,cue_assumed,L7-L8,L5-L6,-89.0,203.0,-95.0,212.0,221.65288177689007,-6.0,9.0,0.048056177488296346,0.008487685731732138,4.87999693019093,4.809054569748872,0.463999878526342,True,86.1573924,86.2561079
session-2-20261005-50000Hz-600mV,50000,SMILE_BOTH,83,cue_assumed,L7-L8,R8-R7,-60.0,135.0,-73.0,170.0,147.73286702694156,-13.0,35.0,0.25223367697594506,-0.01580756013745704,25.27285238320058,25.233344629543254,-0.7232343233196393,True,86.2563104,86.3552002
session-2-20261005-50000Hz-600mV,50000,SMILE_BOTH,84,cue_assumed,L7-L8,R7-R6,-32.0,68.0,-31.0,69.0,75.15317691222374,1.0,1.0,0.006373937677053824,-0.017705382436260624,1.8817748237374536,0.6529673185462048,-1.0079146581862997,True,86.3554084,86.454123
session-2-20261005-50000Hz-600mV,50000,SMILE_BOTH,85,cue_assumed,L7-L8,R6-R5,-16.0,23.0,-17.0,28.0,28.0178514522438,-1.0,5.0,0.16687898089171974,-0.07261146496815286,18.199181055278356,16.913599760323848,-3.5607574625793634,False,86.4543364,86.5521322
session-2-20261005-50000Hz-600mV,50000,SMILE_BOTH,86,cue_assumed,L7-L8,R5-R4,-8.0,16.0,-6.0,11.0,17.88854381999832,2.0,-5.0,-0.30000000000000004,0.025,30.10398644698074,-29.955371369390505,2.0454084888872277,False,86.5524506,86.6490765
session-2-20261005-50000Hz-600mV,50000,SMILE_BOTH,87,cue_assumed,L7-L8,R4-R3,12.0,-5.0,11.0,1.0,13.0,-1.0,6.0,-0.2485207100591716,0.3964497041420118,46.790481002293994,-15.035684483174915,27.814293855775233,False,86.6493519,86.7460728
session-2-20261005-50000Hz-600mV,50000,SMILE_BOTH,88,cue_assumed,L7-L8,R3-R2,-2.0,1.0,-2.0,1.0,2.23606797749979,0.0,0.0,-0.0,-0.0,0.0,0.0,-0.0,False,86.7462847,86.8430445
session-2-20261005-50000Hz-600mV,50000,SMILE_BOTH,89,cue_assumed,L7-L8,R2-R1,-6.0,-56.0,-9.0,-44.0,56.32051136131489,-3.0,12.0,-0.20617906683480453,-0.07566204287515763,21.962366068553038,-20.25814031117007,-5.44462722793236,False,86.8432508,86.944076
session-2-20261005-50000Hz-600mV,50000,SMILE_BOTH,90,cue_assumed,L7-L8,R1-L1,-2.0,74.0,-5.0,73.0,74.02702209328699,-3.0,-1.0,-0.012408759124087591,0.04087591240875913,4.271788288583806,-1.1563204210773725,2.370091165089409,True,86.9443138,87.042188
session-2-20261005-50000Hz-600mV,50000,SMILE_BOTH,91,cue_assumed,L8-R8,L1-L2,8.0,3.0,7.0,4.0,8.54400374531753,-1.0,1.0,-0.0684931506849315,0.1506849315068493,16.552117772047357,-5.6384104148245235,9.18883607735876,False,87.0424165,87.1401845
session-2-20261005-50000Hz-600mV,50000,SMILE_BOTH,92,cue_assumed,L8-R8,L2-L3,-4.0,26.0,-5.0,30.0,26.30589287593181,-1.0,4.0,0.15606936416184972,0.014450867052023118,15.673695795325143,15.61596785531567,0.716159945470408,False,87.1403865,87.2401868
session-2-20261005-50000Hz-600mV,50000,SMILE_BOTH,93,cue_assumed,L8-R8,L3-L4,11.0,-29.0,12.0,-33.0,31.016124838541646,1.0,-4.0,0.13201663201663202,-0.015592515592515592,13.293426071377413,13.212401339463774,-0.7891481601458512,False,87.2404033,87.337193
session-2-20261005-50000Hz-600mV,50000,SMILE_BOTH,94,cue_assumed,L8-R8,L4-L5,-23.0,71.0,-28.0,85.0,74.63243262818116,-5.0,14.0,0.19910233393177737,0.005924596050269297,19.91904621598129,19.9116970140526,0.2830880877899391,True,87.337429,87.4350612
session-2-20261005-50000Hz-600mV,50000,SMILE_BOTH,95,cue_assumed,L8-R8,L5-L6,-20.0,62.0,-26.0,76.0,65.14598989960932,-6.0,14.0,0.23279924599434493,0.021677662582469368,23.38063514761199,23.298982233401453,1.007390773867954,True,87.4353062,87.5330759
session-2-20261005-50000Hz-600mV,50000,SMILE_BOTH,96,cue_assumed,L8-R8,L6-L7,-135.0,332.0,-143.0,346.0,358.39782365410645,-8.0,14.0,0.04459357410334063,0.005963456313400649,4.499055081360941,4.46105962841814,0.32709100905163285,True,87.5333038,87.6312263
session-2-20261005-50000Hz-600mV,50000,SMILE_BOTH,97,cue_assumed,L8-R8,R7-R6,-159.0,348.0,-168.0,368.0,382.602927328059,-9.0,20.0,0.057321446869556314,-0.0003279024490214173,5.732238473088364,5.732149771502693,-0.01776888747905842,True,87.6314397,87.7286957
session-2-20261005-50000Hz-600mV,50000,SMILE_BOTH,98,cue_assumed,L8-R8,R6-R5,-43.0,76.0,-50.0,92.0,87.32124598286491,-7.0,16.0,0.19895081967213113,-0.02045901639344262,20.0,19.912536431528395,-0.9776060171871304,True,87.7289687,87.8262582
session-2-20261005-50000Hz-600mV,50000,SMILE_BOTH,99,cue_assumed,L8-R8,R5-R4,-21.0,42.0,-26.0,52.0,46.95742752749558,-5.0,10.0,0.2380952380952381,0.0,23.80952380952381,23.809523809523814,0.0,False,87.8264812,87.9222068
session-2-20261005-50000Hz-600mV,50000,SMILE_BOTH,100,cue_assumed,L8-R8,R4-R3,18.0,-14.0,19.0,-16.0,22.80350850198276,1.0,-2.0,0.08846153846153847,-0.04230769230769231,9.805806756909202,8.928346243687258,-2.225923895114032,False,87.9224764,88.0212643
session-2-20261005-50000Hz-600mV,50000,SMILE_BOTH,101,cue_assumed,L8-R8,R3-R2,-5.0,7.0,-6.0,9.0,8.602325267042627,-1.0,2.0,0.2567567567567568,-0.04054054054054054,25.993762245501824,25.74104664273642,-1.8476102659945965,False,88.0215076,88.1172618
session-2-20261005-50000Hz-600mV,50000,SMILE_BOTH,102,cue_assumed,L8-R8,R2-R1,-13.0,-46.0,-13.0,-35.0,47.80167361086848,0.0,11.0,-0.2214442013129103,-0.06258205689277899,23.011746596041718,-21.893300830580277,-4.595681904321,False,88.1174635,88.2171929
session-2-20261005-50000Hz-600mV,50000,SMILE_BOTH,103,cue_assumed,L8-R8,R1-L1,-8.0,88.0,-11.0,89.0,88.36288813749809,-3.0,1.0,0.014344262295081966,0.032786885245901634,3.578739589461676,1.4874013015941934,1.8513402171326818,True,88.2174203,88.3161413
session-2-20261005-50000Hz-600mV,50000,SMILE_BOTH,104,cue_assumed,R8-R7,L1-L2,9.0,-6.0,5.0,3.0,10.816653826391969,-4.0,9.0,-0.7692307692307693,0.4871794871794872,91.0527225875113,-46.092830662490684,64.6538240580533,False,88.3164138,88.4141254
session-2-20261005-50000Hz-600mV,50000,SMILE_BOTH,105,cue_assumed,R8-R7,L2-L3,0.0,16.0,0.0,16.0,16.0,0.0,0.0,0.0,0.0,0.0,0.0,0.0,False,88.4143381,88.5111847
session-2-20261005-50000Hz-600mV,50000,SMILE_BOTH,106,cue_assumed,R8-R7,L3-L4,5.0,-17.0,3.0,-13.0,17.72004514666935,-2.0,4.0,-0.2484076433121019,-0.044585987261146494,25.237723256253435,-24.70863390190615,-3.3949235421182795,False,88.5113817,88.6102103
session-2-20261005-50000Hz-600mV,50000,SMILE_BOTH,107,cue_assumed,R8-R7,L4-L5,-8.0,37.0,-7.0,35.0,37.8549864614954,1.0,-2.0,-0.05722260990928123,-0.01465457083042568,5.906931124580456,-5.710872116002063,-0.890536253360572,False,88.6104647,88.709191
session-2-20261005-50000Hz-600mV,50000,SMILE_BOTH,108,cue_assumed,R8-R7,L5-L6,-2.0,19.0,-4.0,24.0,19.1049731745428,-2.0,5.0,0.27123287671232876,0.07671232876712329,28.187240871451134,27.354536951738684,3.4533162505310924,False,88.709413,88.8071898
session-2-20261005-50000Hz-600mV,50000,SMILE_BOTH,109,cue_assumed,R8-R7,L6-L7,-30.0,59.0,-33.0,65.0,66.18912297349165,-3.0,6.0,0.10134672449212508,-0.0006847751654873298,10.134903789533462,10.134693737557576,-0.03562431427759826,True,88.8074061,88.9050763
session-2-20261005-50000Hz-600mV,50000,SMILE_BOTH,110,cue_assumed,R8-R7,L7-L8,-51.0,141.0,-64.0,178.0,149.9399879951976,-13.0,37.0,0.2615425673872431,-0.002401921537229789,26.155359638625043,26.154485396162876,-0.10908851121624139,True,88.9053089,89.0153994
session-2-20261005-50000Hz-600mV,50000,SMILE_BOTH,111,cue_assumed,R8-R7,R6-R5,-102.0,183.0,-103.0,182.0,209.50656314301946,-1.0,-1.0,-0.0018453967603034658,0.006493062675141823,0.6750211263824148,-0.18242780795058033,0.37270763346689867,True,89.0156478,89.1120596
session-2-20261005-50000Hz-600mV,50000,SMILE_BOTH,112,cue_assumed,R8-R7,R5-R4,-28.0,54.0,-33.0,64.0,60.8276253029822,-5.0,10.0,0.18378378378378377,-0.0027027027027026985,18.380365552345193,18.378686905682116,-0.13081205470471935,False,89.1122544,89.2120776
session-2-20261005-50000Hz-600mV,50000,SMILE_BOTH,113,cue_assumed,R8-R7,R4-R3,18.0,-16.0,21.0,-22.0,24.08318915758459,3.0,-6.0,0.2586206896551724,-0.10344827586206896,27.854300726557778,26.286483291241282,-4.698680517299442,False,89.212286,89.3103274
session-2-20261005-50000Hz-600mV,50000,SMILE_BOTH,114,cue_assumed,R8-R7,R3-R2,-5.0,9.0,-6.0,10.0,10.295630140987,-1.0,1.0,0.1320754716981132,0.03773584905660377,13.736056394868903,13.270422790970816,1.909152432996375,False,89.3105517,89.4080712
session-2-20261005-50000Hz-600mV,50000,SMILE_BOTH,115,cue_assumed,R8-R7,R2-R1,-16.0,-33.0,-12.0,-35.0,36.6742416417845,4.0,-2.0,0.0014869888475836418,0.12193308550185873,12.194215216993848,0.8882483826041954,6.941712378043285,False,89.4082879,89.5060716
session-2-20261005-50000Hz-600mV,50000,SMILE_BOTH,116,cue_assumed,R8-R7,R1-L1,-1.0,74.0,-4.0,73.0,74.00675644831355,-3.0,-1.0,-0.012963301077232061,0.040715720284827464,4.272958054008109,-1.2123886867049238,2.3621382034045255,True,89.5063142,89.604145
session-2-20261005-50000Hz-600mV,50000,SMILE_BOTH,117,cue_assumed,R7-R6,L1-L2,18.0,-18.0,17.0,-17.0,25.45584412271571,-1.0,1.0,-0.05555555555555555,0.0,5.555555555555555,-5.555555555555558,0.0,False,89.6044233,89.7021244
session-2-20261005-50000Hz-600mV,50000,SMILE_BOTH,118,cue_assumed,R7-R6,L2-L3,-1.0,20.0,0.0,17.0,20.024984394500787,1.0,-3.0,-0.15211970074812967,-0.04239401496259351,15.791661046371633,-15.106051195383207,-2.8624052261117483,False,89.7023762,89.7991919
session-2-20261005-50000Hz-600mV,50000,SMILE_BOTH,119,cue_assumed,R7-R6,L3-L4,11.0,-24.0,10.0,-21.0,26.40075756488817,-1.0,3.0,-0.11908177905308465,0.012912482065997127,11.977980754514665,-11.898714868091576,0.8397802757080035,False,89.7995717,89.8970804
session-2-20261005-50000Hz-600mV,50000,SMILE_BOTH,120,cue_assumed,R7-R6,L4-L5,-13.0,45.0,-11.0,40.0,46.84015371452148,2.0,-5.0,-0.11440291704649043,-0.011394712853236103,11.496898238113564,-11.432961389872997,-0.7371669842631031,False,89.8973142,89.995323
session-2-20261005-50000Hz-600mV,50000,SMILE_BOTH,121,cue_assumed,R7-R6,L5-L6,1.0,11.0,1.0,8.0,11.045361017187261,0.0,-3.0,-0.2704918032786885,-0.024590163934426226,27.160723812755556,-27.00774799707153,-1.9305874411669912,False,89.9955173,90.0943825
session-2-20261005-50000Hz-600mV,50000,SMILE_BOTH,122,cue_assumed,R7-R6,L6-L7,-15.0,57.0,-12.0,47.0,58.9406481131655,3.0,-10.0,-0.1770293609671848,-0.0060449050086355816,17.71325365962257,-17.700716067110044,-0.42084285826718143,False,90.0946153,90.1951645
session-2-20261005-50000Hz-600mV,50000,SMILE_BOTH,123,cue_assumed,R7-R6,L7-L8,-25.0,77.0,-25.0,78.0,80.95677859203639,0.0,1.0,0.011748550503509307,-0.0038144644491913335,1.235227015441507,1.175574106845878,-0.2160138291527002,True,90.1954483,90.2950945
session-2-20261005-50000Hz-600mV,50000,SMILE_BOTH,124,cue_assumed,R7-R6,L8-R8,-140.0,366.0,-147.0,385.0,391.86222068477076,-7.0,19.0,0.051668446690458204,-0.0006382036520878368,5.167238805499761,5.166864033697549,-0.03476986626424989,True,90.2953488,90.394325
session-2-20261005-50000Hz-600mV,50000,SMILE_BOTH,125,cue_assumed,R7-R6,R5-R4,-51.0,93.0,-41.0,66.0,106.06601717798213,10.0,-27.0,-0.26853333333333335,0.03973333333333332,27.14569742866978,-26.745496915054957,3.1092560273672527,True,90.3945754,90.4921842
session-2-20261005-50000Hz-600mV,50000,SMILE_BOTH,126,cue_assumed,R7-R6,R4-R3,13.0,-8.0,9.0,3.0,15.264337522473747,-4.0,11.0,-0.6008583690987125,0.4763948497854077,76.68003864227154,-37.84969071512187,50.042451069170916,False,90.4923911,90.5897973
session-2-20261005-50000Hz-600mV,50000,SMILE_BOTH,127,cue_assumed,R7-R6,R3-R2,-11.0,20.0,-9.0,14.0,22.825424421026653,2.0,-6.0,-0.27255278310940495,0.04990403071017275,27.708379934922974,-27.084304457613918,3.924432529134536,False,90.5900291,90.6892131
session-2-20261005-50000Hz-600mV,50000,SMILE_BOTH,128,cue_assumed,R7-R6,R2-R1,-28.0,-5.0,-25.0,-6.0,28.442925306655784,3.0,-1.0,-0.09765142150803462,0.053152039555006185,11.11797617887212,-9.608734027267474,3.3710616253979953,False,90.6894491,90.7891908
session-2-20261005-50000Hz-600mV,50000,SMILE_BOTH,129,cue_assumed,R7-R6,R1-L1,-8.0,79.0,-7.0,67.0,79.40403012442127,1.0,-12.0,-0.15162569389373512,0.0026962727993655824,15.164966513568457,-15.162140930578927,0.1820947788890791,True,90.7894025,90.8882535
session-2-20261005-50000Hz-600mV,50000,SMILE_BOTH,130,cue_assumed,R6-R5,L1-L2,9.0,5.0,7.0,7.0,10.295630140987,-2.0,2.0,-0.07547169811320754,0.2641509433962264,27.472112789737807,-3.8476052359176838,15.94539590092285,False,90.8884729,90.9861962
session-2-20261005-50000Hz-600mV,50000,SMILE_BOTH,131,cue_assumed,R6-R5,L2-L3,-2.0,26.0,-1.0,25.0,26.076809620810597,1.0,-1.0,-0.041176470588235294,-0.03529411764705883,5.423261445466405,-4.05271054927514,-2.108095312357003,False,90.9864018,91.0843697
session-2-20261005-50000Hz-600mV,50000,SMILE_BOTH,132,cue_assumed,R6-R5,L3-L4,-3.0,5.0,-4.0,7.0,5.830951894845301,-1.0,2.0,0.3823529411764706,-0.02941176470588235,38.34824944236853,38.26657968874305,-1.2188752351312966,False,91.0845931,91.1853582
session-2-20261005-50000Hz-600mV,50000,SMILE_BOTH,133,cue_assumed,R6-R5,L4-L5,-4.0,19.0,-3.0,17.0,19.4164878389476,1.0,-2.0,-0.11140583554376657,-0.02917771883289125,11.516335992621968,-11.092692742274401,-1.8806782381866365,False,91.1856187,91.2853602
session-2-20261005-50000Hz-600mV,50000,SMILE_BOTH,134,cue_assumed,R6-R5,L5-L6,17.0,40.0,17.0,40.0,43.46262762420146,0.0,0.0,0.0,0.0,0.0,0.0,-5.387916877016016e-16,False,91.2856054,91.3853626
session-2-20261005-50000Hz-600mV,50000,SMILE_BOTH,135,cue_assumed,R6-R5,L6-L7,-8.0,25.0,-7.0,22.0,26.248809496813376,1.0,-3.0,-0.12046444121915818,-0.001451378809869375,12.04731841477337,-12.046324371270456,-0.09454740512681,False,91.3856046,91.4851958
session-2-20261005-50000Hz-600mV,50000,SMILE_BOTH,136,cue_assumed,R6-R5,L7-L8,-8.0,24.0,-10.0,28.0,25.298221281347036,-2.0,4.0,0.17500000000000002,0.025,17.67766952966369,17.526592735431578,1.2188752351312988,False,91.4854753,91.5810782
session-2-20261005-50000Hz-600mV,50000,SMILE_BOTH,137,cue_assumed,R6-R5,L8-R8,-32.0,78.0,-37.0,95.0,84.30895563343196,-5.0,17.0,0.20906021384355658,-0.021665728756330892,21.01798677677206,20.925431754530834,-1.026600627212234,True,91.5813955,91.6772326
session-2-20261005-50000Hz-600mV,50000,SMILE_BOTH,138,cue_assumed,R6-R5,R8-R7,-77.0,187.0,-80.0,186.0,202.2325394193526,-3.0,-1.0,0.0010758472296933832,0.01559978483055406,1.563683900349503,0.1197385730410172,0.892769012122408,True,91.6774963,91.7761984
session-2-20261005-50000Hz-600mV,50000,SMILE_BOTH,139,cue_assumed,R6-R5,R4-R3,150.0,-365.0,152.0,-364.0,394.62007044751283,2.0,1.0,-0.00041740247230695146,0.005650987317386418,0.5666381780744226,-0.040142910372698015,0.32390947470196213,True,91.7764206,91.8740607
session-2-20261005-50000Hz-600mV,50000,SMILE_BOTH,140,cue_assumed,R6-R5,R3-R2,-80.0,198.0,-79.0,194.0,213.55093069335942,1.0,-4.0,-0.019121129725462677,0.00267520392947987,1.9307364347374734,-1.9117481618151744,0.15626548709761978,True,91.8742621,91.9730514
session-2-20261005-50000Hz-600mV,50000,SMILE_BOTH,141,cue_assumed,R6-R5,R2-R1,-84.0,119.0,-83.0,129.0,145.6605643267937,1.0,10.0,0.052128010557571755,-0.045199604091059054,6.899517153162818,5.309845447129113,-2.4599241670671517,True,91.9732693,92.0711836
session-2-20261005-50000Hz-600mV,50000,SMILE_BOTH,142,cue_assumed,R6-R5,R1-L1,-12.0,107.0,-14.0,100.0,107.67079455451233,-2.0,-7.0,-0.06253773829034762,0.025705166911067022,6.761452740645183,-6.218538733089563,1.570653766952445,True,92.0714228,92.1691917
session-2-20261005-50000Hz-600mV,50000,SMILE_BOTH,143,cue_assumed,R5-R4,L1-L2,34.0,-61.0,33.0,-62.0,69.83552104767315,-1.0,-1.0,0.005536190280910396,-0.01947918802542547,2.0250633791472445,0.5724847426361368,-1.1097916651559172,True,92.1694034,92.2662046
session-2-20261005-50000Hz-600mV,50000,SMILE_BOTH,144,cue_assumed,R5-R4,L2-L3,-1.0,14.0,0.0,15.0,14.035668847618199,1.0,1.0,0.06598984771573604,-0.07614213197969544,10.075854437197568,6.870574981864452,-4.085616779974877,False,92.2664222,92.365081
session-2-20261005-50000Hz-600mV,50000,SMILE_BOTH,145,cue_assumed,R5-R4,L3-L4,18.0,-60.0,17.0,-58.0,62.6418390534633,-1.0,2.0,-0.03516819571865443,-0.006116207951070336,3.5696078073176603,-3.5148810151276577,-0.3632013442751564,True,92.3652832,92.4630951
session-2-20261005-50000Hz-600mV,50000,SMILE_BOTH,146,cue_assumed,R5-R4,L4-L5,-17.0,72.0,-16.0,70.0,73.97972695272672,1.0,-2.0,-0.02941713868079664,-0.00694317558925635,3.0225415388848953,-2.9392304597869345,-0.40986492528971374,True,92.4633105,92.5631456
session-2-20261005-50000Hz-600mV,50000,SMILE_BOTH,147,cue_assumed,R5-R4,L5-L6,9.0,10.0,9.0,9.0,13.45362404707371,0.0,-1.0,-0.055248618784530384,-0.049723756906077346,7.432941462471663,-5.3941003790253905,-3.012787504183339,False,92.5634086,92.6601305
session-2-20261005-50000Hz-600mV,50000,SMILE_BOTH,148,cue_assumed,R5-R4,L6-L7,-7.0,28.0,-6.0,23.0,28.861739379323623,1.0,-5.0,-0.1764705882352941,0.008403361344537815,17.667055497166924,-17.64277150587149,0.5846305207051778,False,92.6603646,92.7570579
session-2-20261005-50000Hz-600mV,50000,SMILE_BOTH,149,cue_assumed,R5-R4,L7-L8,1.0,26.0,1.0,21.0,26.019223662515376,0.0,-5.0,-0.19202363367799113,-0.007385524372230429,19.2165610506022,-19.19898797012689,-0.52371283214046,False,92.7572792,92.855069
session-2-20261005-50000Hz-600mV,50000,SMILE_BOTH,150,cue_assumed,R5-R4,L8-R8,-11.0,51.0,-13.0,63.0,52.172789842982326,-2.0,12.0,0.23291697281410725,-0.011021307861866277,23.3177583510666,23.296623274122474,-0.5121655550644739,False,92.8552831,92.9551185
session-2-20261005-50000Hz-600mV,50000,SMILE_BOTH,151,cue_assumed,R5-R4,R8-R7,-14.0,65.0,-18.0,73.0,66.49060083951716,-4.0,8.0,0.1302872653245872,0.03347658900701199,13.451934253966519,13.078290762041433,1.6964773165827594,True,92.9553567,93.0521914
session-2-20261005-50000Hz-600mV,50000,SMILE_BOTH,152,cue_assumed,R5-R4,R7-R6,-30.0,97.0,-22.0,73.0,101.53324578678651,8.0,-24.0,-0.24910272577359588,-0.0054321466679600324,24.916194774735878,-24.9083077392668,-0.4144823255943496,True,93.0524046,93.1520884
session-2-20261005-50000Hz-600mV,50000,SMILE_BOTH,153,cue_assumed,R5-R4,R3-R2,91.0,-278.0,89.0,-269.0,292.5149568825499,-2.0,9.0,-0.031367965873897036,0.003073686670951908,3.151819843863472,-3.136308913761565,0.18181174737991568,True,93.1522868,93.2521897
session-2-20261005-50000Hz-600mV,50000,SMILE_BOTH,154,cue_assumed,R5-R4,R2-R1,-15.0,-66.0,-18.0,-45.0,67.68308503607086,-3.0,21.0,-0.29273084479371314,-0.11198428290766209,31.341957040361134,-28.392029946062713,-8.997143421065061,False,93.2525001,93.3491783
session-2-20261005-50000Hz-600mV,50000,SMILE_BOTH,155,cue_assumed,R5-R4,R1-L1,14.0,28.0,13.0,20.0,31.304951684997057,-1.0,-8.0,-0.24285714285714285,-0.08571428571428572,25.753937681885642,-23.80208369660236,-6.458816378718657,False,93.3494866,93.4451101
session-2-20261005-50000Hz-600mV,50000,SMILE_BOTH,156,cue_assumed,R4-R3,L1-L2,-4.0,44.0,-4.0,42.0,44.181444068749045,0.0,-2.0,-0.04508196721311475,0.004098360655737704,4.526787302125926,-4.50731724882586,0.24590312327070002,False,93.4453288,93.5421943
session-2-20261005-50000Hz-600mV,50000,SMILE_BOTH,157,cue_assumed,R4-R3,L2-L3,3.0,11.0,3.0,11.0,11.40175425099138,0.0,0.0,0.0,0.0,0.0,0.0,-1.0764954306491904e-15,False,93.5424302,93.6381928
session-2-20261005-50000Hz-600mV,50000,SMILE_BOTH,158,cue_assumed,R4-R3,L3-L4,-7.0,47.0,-6.0,44.0,47.51841748206689,1.0,-3.0,-0.06554472984942428,-0.011514614703277238,6.654846326399235,-6.5473789418429185,-0.7059786145894983,False,93.6384319,93.7371907
session-2-20261005-50000Hz-600mV,50000,SMILE_BOTH,159,cue_assumed,R4-R3,L4-L5,15.0,-20.0,14.0,-17.0,25.0,-1.0,3.0,-0.12,0.04,12.649110640673516,-11.909137817819026,2.602562202499806,False,93.7374047,93.8381896
session-2-20261005-50000Hz-600mV,50000,SMILE_BOTH,160,cue_assumed,R4-R3,L5-L6,-2.0,3.0,-2.0,3.0,3.605551275463989,0.0,0.0,0.0,-0.0,0.0,0.0,1.4679483145216231e-15,False,93.8384115,93.935352
session-2-20261005-50000Hz-600mV,50000,SMILE_BOTH,161,cue_assumed,R4-R3,L6-L7,3.0,-5.0,3.0,-2.0,5.830951894845301,0.0,3.0,-0.4411764705882353,0.2647058823529412,51.449575542752655,-38.16530575991576,25.34617594194669,False,93.9355844,94.0333844
session-2-20261005-50000Hz-600mV,50000,SMILE_BOTH,162,cue_assumed,R4-R3,L7-L8,8.0,-9.0,7.0,-4.0,12.041594578792296,-1.0,5.0,-0.36551724137931035,0.21379310344827585,42.34505222898966,-33.04659365880139,18.62157936648758,False,94.0335822,94.1302337
session-2-20261005-50000Hz-600mV,50000,SMILE_BOTH,163,cue_assumed,R4-R3,L8-R8,10.0,-19.0,11.0,-19.0,21.470910553583888,1.0,0.0,0.021691973969631233,0.041214750542299346,4.657464328326222,2.2522931447615857,2.3100422208024236,False,94.1304397,94.2291079
session-2-20261005-50000Hz-600mV,50000,SMILE_BOTH,164,cue_assumed,R4-R3,R8-R7,10.0,-18.0,11.0,-25.0,20.591260281974,1.0,-7.0,0.32075471698113206,-0.12264150943396228,34.340140987172255,32.64365654882071,-5.305109606210385,False,94.229383,94.3280906
session-2-20261005-50000Hz-600mV,50000,SMILE_BOTH,165,cue_assumed,R4-R3,R7-R6,10.0,-19.0,7.0,-8.0,21.470910553583888,-3.0,11.0,-0.5184381778741866,0.11496746203904554,53.103263704334225,-50.490475072281995,13.427384564649623,False,94.328352,94.4251268
session-2-20261005-50000Hz-600mV,50000,SMILE_BOTH,166,cue_assumed,R4-R3,R6-R5,113.0,-359.0,114.0,-359.0,376.36418533117626,1.0,0.0,0.000797740910695376,0.0025344158136251325,0.26570009553912904,0.08009499773007356,0.1450952708049052,True,94.4253166,94.5230481
session-2-20261005-50000Hz-600mV,50000,SMILE_BOTH,167,cue_assumed,R4-R3,R2-R1,-181.0,533.0,-176.0,528.0,562.8943062422998,5.0,-5.0,-0.01126716111724791,-0.005554678870127822,1.256198141187399,-1.1251558209826373,-0.3218830153987238,True,94.5232552,94.6201184
session-2-20261005-50000Hz-600mV,50000,SMILE_BOTH,168,cue_assumed,R4-R3,R1-L1,-21.0,122.0,-21.0,114.0,123.79418403139947,0.0,-8.0,-0.0636867862969005,0.010962479608482872,6.4623391337761555,-6.362261341156228,0.6707959553454834,True,94.620365,94.7211872
session-2-20261005-50000Hz-600mV,50000,SMILE_BOTH,169,cue_assumed,R3-R2,L1-L2,18.0,-25.0,18.0,-26.0,30.805843601498726,0.0,-1.0,0.026343519494204427,-0.018967334035827187,3.2461373658059776,2.6518767372607055,-1.0587337232027798,False,94.7214271,94.8202938
session-2-20261005-50000Hz-600mV,50000,SMILE_BOTH,170,cue_assumed,R3-R2,L2-L3,-1.0,25.0,0.0,24.0,25.019992006393608,1.0,-1.0,-0.04153354632587859,-0.038338658146964855,5.6523341894422146,-4.076707962708226,-2.290610042638529,False,94.8205428,94.9223335
session-2-20261005-50000Hz-600mV,50000,SMILE_BOTH,171,cue_assumed,R3-R2,L3-L4,8.0,14.0,8.0,14.0,16.1245154965971,0.0,0.0,0.0,0.0,0.0,0.0,-1.370085093553515e-15,False,94.9225463,95.020192
session-2-20261005-50000Hz-600mV,50000,SMILE_BOTH,172,cue_assumed,R3-R2,L4-L5,-6.0,6.0,-6.0,6.0,8.48528137423857,0.0,0.0,-0.0,-0.0,0.0,0.0,-0.0,False,95.020416,95.1192
session-2-20261005-50000Hz-600mV,50000,SMILE_BOTH,173,cue_assumed,R3-R2,L5-L6,4.0,10.0,4.0,10.0,10.770329614269007,0.0,0.0,0.0,0.0,0.0,0.0,1.0967429936081094e-15,False,95.1194069,95.2160618
session-2-20261005-50000Hz-600mV,50000,SMILE_BOTH,174,cue_assumed,R3-R2,L6-L7,-3.0,13.0,-2.0,11.0,13.341664064126334,1.0,-2.0,-0.16292134831460675,-0.03932584269662921,16.760038078849774,-16.199809605751135,-2.6897703231504733,False,95.2162846,95.3140813
session-2-20261005-50000Hz-600mV,50000,SMILE_BOTH,175,cue_assumed,R3-R2,L7-L8,5.0,9.0,5.0,9.0,10.295630140987,0.0,0.0,0.0,0.0,0.0,0.0,1.0801883823838359e-15,False,95.3143018,95.4130887
session-2-20261005-50000Hz-600mV,50000,SMILE_BOTH,176,cue_assumed,R3-R2,L8-R8,1.0,15.0,1.0,20.0,15.033296378372908,0.0,5.0,0.33185840707964603,0.022123893805309734,33.25950526188697,33.204214767620655,0.9516696081786065,False,95.4133024,95.509264
session-2-20261005-50000Hz-600mV,50000,SMILE_BOTH,177,cue_assumed,R3-R2,R8-R7,1.0,19.0,0.0,20.0,19.026297590440446,-1.0,1.0,0.049723756906077346,0.055248618784530384,7.432941462471663,5.117666245527341,3.01278750418334,False,95.5094669,95.6082182
session-2-20261005-50000Hz-600mV,50000,SMILE_BOTH,178,cue_assumed,R3-R2,R7-R6,1.0,25.0,3.0,19.0,25.019992006393608,2.0,-6.0,-0.2364217252396166,-0.08945686900958467,25.27800695827793,-23.119943216784666,-6.682016572257862,False,95.6084581,95.707109
session-2-20261005-50000Hz-600mV,50000,SMILE_BOTH,179,cue_assumed,R3-R2,R6-R5,-52.0,228.0,-51.0,225.0,233.85465571589546,1.0,-3.0,-0.013458162668227032,-0.0013165593914569926,1.352240625908323,-1.3457284181479845,-0.0764622938162216,True,95.7074594,95.8081945
session-2-20261005-50000Hz-600mV,50000,SMILE_BOTH,180,cue_assumed,R3-R2,R5-R4,85.0,-308.0,83.0,-299.0,319.513692977312,-2.0,9.0,-0.028817992144109555,0.0014595108189912726,2.885492753497594,-2.881689545440025,0.08610512391263028,True,95.8084945,95.9061493
session-2-20261005-50000Hz-600mV,50000,SMILE_BOTH,181,cue_assumed,R3-R2,R1-L1,-5.0,74.0,-6.0,66.0,74.16872656315464,-1.0,-8.0,-0.10670787129612798,0.020723504817305945,10.870157978826214,-10.646752109606672,1.3289677378830593,True,95.9064537,96.0040573
session-2-20261005-50000Hz-600mV,50000,SMILE_BOTH,182,cue_assumed,R2-R1,L1-L2,-22.0,381.0,-27.0,389.0,381.63464203345063,-5.0,8.0,0.02168285900648838,0.011871330976003297,2.471992867783137,2.1751825487390075,0.6657120145693186,True,96.0043156,96.1022659
session-2-20261005-50000Hz-600mV,50000,SMILE_BOTH,183,cue_assumed,R2-R1,L2-L3,12.0,17.0,12.0,17.0,20.808652046684813,0.0,0.0,0.0,0.0,0.0,0.0,1.7482032660238268e-15,False,96.1024741,96.2001997
session-2-20261005-50000Hz-600mV,50000,SMILE_BOTH,184,cue_assumed,R2-R1,L3-L4,0.0,22.0,-1.0,22.0,22.0,-1.0,0.0,0.0,0.045454545454545456,4.545454545454546,0.10325247975109253,2.602562202499806,False,96.2004074,96.3000898
session-2-20261005-50000Hz-600mV,50000,SMILE_BOTH,185,cue_assumed,R2-R1,L4-L5,5.0,-20.0,5.0,-23.0,20.615528128088304,0.0,-3.0,0.1411764705882353,-0.03529411764705882,14.55213750217998,14.172212545991503,-1.7714697400340769,False,96.300279,96.3992174
session-2-20261005-50000Hz-600mV,50000,SMILE_BOTH,186,cue_assumed,R2-R1,L5-L6,14.0,16.0,13.0,16.0,21.2602916254693,-1.0,0.0,-0.030973451327433628,0.035398230088495575,4.703604341917987,-3.0327123857914806,2.0920662794801457,False,96.3994284,96.4983339
session-2-20261005-50000Hz-600mV,50000,SMILE_BOTH,187,cue_assumed,R2-R1,L6-L7,3.0,7.0,2.0,7.0,7.615773105863909,-1.0,0.0,-0.051724137931034475,0.12068965517241378,13.130643285972255,-4.407473961178532,7.253194612725332,False,96.498564,96.5981433
session-2-20261005-50000Hz-600mV,50000,SMILE_BOTH,188,cue_assumed,R2-R1,L7-L8,14.0,3.0,12.0,8.0,14.317821063276353,-2.0,5.0,-0.06341463414634146,0.3707317073170732,37.611622490148754,0.7290497493877668,21.595310448967687,False,96.5983957,96.696076
session-2-20261005-50000Hz-600mV,50000,SMILE_BOTH,189,cue_assumed,R2-R1,L8-R8,8.0,12.0,9.0,18.0,14.422205101855956,1.0,6.0,0.38461538461538464,0.17307692307692307,42.176369614348665,39.53907641285952,7.125016348901797,False,96.6963365,96.7950866
session-2-20261005-50000Hz-600mV,50000,SMILE_BOTH,190,cue_assumed,R2-R1,R8-R7,8.0,22.0,7.0,16.0,23.40939982143925,-1.0,-6.0,-0.2554744525547445,-0.04744525547445256,25.984273739164323,-25.396424813170427,-3.646271208756837,False,96.7954049,96.8923222
session-2-20261005-50000Hz-600mV,50000,SMILE_BOTH,191,cue_assumed,R2-R1,R7-R6,11.0,36.0,10.0,33.0,37.64306044943742,-1.0,-3.0,-0.08398023994354269,0.0021171489061397298,8.400692245562725,-8.397779331864431,0.13242452424788753,False,96.8925415,96.9911905
session-2-20261005-50000Hz-600mV,50000,SMILE_BOTH,192,cue_assumed,R2-R1,R6-R5,-12.0,153.0,-12.0,160.0,153.46986674914396,0.0,7.0,0.04547191440580818,-0.003566424659279073,4.561155976920171,4.547799747110681,-0.19545268072560684,True,96.9914065,97.0930084
session-2-20261005-50000Hz-600mV,50000,SMILE_BOTH,193,cue_assumed,R2-R1,R5-R4,5.0,-7.0,3.0,4.0,8.602325267042627,-2.0,11.0,-1.1756756756756757,0.5540540540540542,129.9688112275091,-41.87618062809035,107.59242456218159,False,97.093277,97.1911324
session-2-20261005-50000Hz-600mV,50000,SMILE_BOTH,194,cue_assumed,R2-R1,R4-R3,-27.0,502.0,-31.0,503.0,502.7255712612996,-4.0,1.0,0.002413614367731954,0.00783831157783115,0.8201503685744703,0.2444259496841683,0.44801169155451287,True,97.1913817,97.2871951
session-2-20261005-50000Hz-600mV,50000,SMILE_BOTH,195,cue_assumed,R1-L1,L2-L3,11.0,-25.0,11.0,-25.0,27.313000567495326,0.0,0.0,-0.0,0.0,0.0,0.0,-1.0658695313215539e-16,False,97.2874289,97.3863558
session-2-20261005-50000Hz-600mV,50000,SMILE_BOTH,196,cue_assumed,R1-L1,L3-L4,-11.0,33.0,-11.0,34.0,34.785054261852174,0.0,1.0,0.027272727272727275,-0.00909090909090909,2.874797872880345,2.731295174666526,-0.5070290609147746,False,97.3865654,97.4873265
session-2-20261005-50000Hz-600mV,50000,SMILE_BOTH,197,cue_assumed,R1-L1,L4-L5,16.0,-27.0,17.0,-29.0,31.38470965295043,1.0,-2.0,0.07106598984771574,-0.005076142131979693,7.124704998790965,7.107801855299556,-0.2715419456845209,False,97.4875472,97.5863889
session-2-20261005-50000Hz-600mV,50000,SMILE_BOTH,198,cue_assumed,R1-L1,L5-L6,-2.0,11.0,-1.0,12.0,11.180339887498949,1.0,1.0,0.07200000000000001,-0.10400000000000001,12.64911064067352,7.703296142690053,-5.541204778039854,False,97.586626,97.6873348
session-2-20261005-50000Hz-600mV,50000,SMILE_BOTH,199,cue_assumed,R1-L1,L6-L7,0.0,12.0,0.0,10.0,12.0,0.0,-2.0,-0.16666666666666666,-0.0,16.666666666666664,-16.666666666666664,0.0,False,97.6875543,97.7862651
session-2-20261005-50000Hz-600mV,50000,SMILE_BOTH,200,cue_assumed,R1-L1,L7-L8,3.0,12.0,2.0,14.0,12.36931687685298,-1.0,2.0,0.13725490196078433,0.11764705882352941,18.07753815155468,14.332390095005909,5.9061411137705,False,97.7864996,97.8833426
session-2-20261005-50000Hz-600mV,50000,SMILE_BOTH,201,cue_assumed,R1-L1,L8-R8,-1.0,21.0,-1.0,28.0,21.02379604162864,0.0,7.0,0.332579185520362,-0.01583710407239819,33.295604590814584,33.26732906258425,-0.6809025050190378,False,97.8835651,97.9831223
session-2-20261005-50000Hz-600mV,50000,SMILE_BOTH,202,cue_assumed,R1-L1,R8-R7,1.0,15.0,0.0,17.0,15.033296378372908,-1.0,2.0,0.12831858407079647,0.0752212389380531,14.874102932718241,13.082317890415673,3.8140748342903543,False,97.9833563,98.0810802
session-2-20261005-50000Hz-600mV,50000,SMILE_BOTH,203,cue_assumed,R1-L1,R7-R6,3.0,4.0,4.0,1.0,5.0,1.0,-3.0,-0.36,-0.52,63.245553203367585,-17.537887487646785,-39.0938588862295,False,98.0813314,98.1820806
session-2-20261005-50000Hz-600mV,50000,SMILE_BOTH,204,cue_assumed,R1-L1,R6-R5,0.0,35.0,0.0,36.0,35.0,0.0,1.0,0.02857142857142857,0.0,2.857142857142857,2.857142857142847,0.0,False,98.1823465,98.2781911
session-2-20261005-50000Hz-600mV,50000,SMILE_BOTH,205,cue_assumed,R1-L1,R5-R4,7.0,-51.0,7.0,-53.0,51.478150704935004,0.0,-2.0,0.038490566037735846,-0.005283018867924529,3.8851434494290564,3.8504003862159575,-0.2914731081282492,False,98.2784155,98.3750653
session-2-20261005-50000Hz-600mV,50000,SMILE_BOTH,206,cue_assumed,R1-L1,R4-R3,5.0,53.0,5.0,53.0,53.23532661682466,0.0,0.0,0.0,0.0,0.0,0.0,3.8662705990267524e-16,False,98.3752811,98.4730602
session-2-20261005-50000Hz-600mV,50000,SMILE_BOTH,207,cue_assumed,R1-L1,R3-R2,3.0,-5.0,3.0,-6.0,5.830951894845301,0.0,-1.0,0.14705882352941177,-0.08823529411764706,17.149858514250884,15.044748327105584,-4.398705354995531,False,98.4732555,98.5720449
session-2-20261005-50000Hz-600mV,50000,PUFF_LEFT,0,cue_assumed,L1-L2,L3-L4,-108.0,326.0,-113.0,341.0,343.42393626536864,-5.0,15.0,0.04604035950483296,8.478887569950927e-05,4.604043757923794,4.604036294119829,0.00464422301917939,True,100.7265699,100.8252057
session-2-20261005-50000Hz-600mV,50000,PUFF_LEFT,1,cue_assumed,L1-L2,L4-L5,-28.0,103.0,-28.0,107.0,106.7379969832674,0.0,4.0,0.036162555955411214,-0.009830597735451592,3.747493969394098,3.620918883007729,-0.5435777022242211,True,100.8254952,100.9230443
session-2-20261005-50000Hz-600mV,50000,PUFF_LEFT,2,cue_assumed,L1-L2,L5-L6,-27.0,93.0,-30.0,96.0,96.84007434941384,-3.0,3.0,0.03838771593090211,0.021113243761996157,4.381079543383234,3.860233855809758,1.1648183792343816,True,100.9233049,101.0202043
session-2-20261005-50000Hz-600mV,50000,PUFF_LEFT,3,cue_assumed,L1-L2,L6-L7,-22.0,52.0,-23.0,52.0,56.462376853972415,-1.0,0.0,0.006900878293601004,0.01631116687578419,1.7710908674395363,0.7032984997648706,0.9280747537525565,False,101.0204508,101.1183323
session-2-20261005-50000Hz-600mV,50000,PUFF_LEFT,4,cue_assumed,L1-L2,L7-L8,2.0,21.0,4.0,18.0,21.095023109728988,2.0,-3.0,-0.13258426966292133,-0.10786516853932585,17.091952242522623,-12.590335556059639,-7.088475678146005,False,101.1185064,101.2181968
session-2-20261005-50000Hz-600mV,50000,PUFF_LEFT,5,cue_assumed,L1-L2,L8-R8,4.0,6.0,2.0,5.0,7.211102550927978,-2.0,-1.0,-0.2692307692307692,0.15384615384615388,31.008683647302114,-25.321200619432325,11.888658039627975,False,101.2184101,101.3163356
session-2-20261005-50000Hz-600mV,50000,PUFF_LEFT,6,cue_assumed,L1-L2,R8-R7,4.0,0.0,4.0,4.0,4.0,0.0,4.0,0.0,1.0,100.0,41.42135623730952,45.0,False,101.3165602,101.4140804
session-2-20261005-50000Hz-600mV,50000,PUFF_LEFT,7,cue_assumed,L1-L2,R7-R6,15.0,-20.0,14.0,-21.0,25.0,-1.0,-1.0,0.008,-0.056,5.656854249492381,0.9554357129917035,-3.179830119864235,False,101.4143181,101.5092014
session-2-20261005-50000Hz-600mV,50000,PUFF_LEFT,8,cue_assumed,L1-L2,R6-R5,3.0,11.0,3.0,13.0,11.40175425099138,0.0,2.0,0.16923076923076924,0.046153846153846156,17.541160386140586,17.014134583424134,2.260501911141271,False,101.5094477,101.615378
session-2-20261005-50000Hz-600mV,50000,PUFF_LEFT,9,cue_assumed,L1-L2,R5-R4,24.0,-68.0,25.0,-68.0,72.11102550927978,1.0,0.0,0.004615384615384616,0.013076923076923078,1.386750490563073,0.47004911529986426,0.7457681812886554,True,101.6156289,101.7120886
session-2-20261005-50000Hz-600mV,50000,PUFF_LEFT,10,cue_assumed,L1-L2,R4-R3,-4.0,52.0,-4.0,53.0,52.15361924162119,0.0,1.0,0.01911764705882353,-0.0014705882352941178,1.9174124721184262,1.9118708088744052,-0.08267783512990781,False,101.7123134,101.812445
session-2-20261005-50000Hz-600mV,50000,PUFF_LEFT,11,cue_assumed,L1-L2,R3-R2,9.0,-28.0,9.0,-27.0,29.410882339705484,0.0,1.0,-0.03236994219653179,0.010404624277456647,3.4001020045902295,-3.23140049731534,0.6160599083992291,False,101.8126741,101.9110884
session-2-20261005-50000Hz-600mV,50000,PUFF_LEFT,12,cue_assumed,L1-L2,R2-R1,-128.0,416.0,-127.0,423.0,435.2470562795342,1.0,7.0,0.014695945945945947,-0.006925675675675677,1.6246101403438635,1.47195808215701,-0.3910588450967463,True,101.9113313,102.0082589
session-2-20261005-50000Hz-600mV,50000,PUFF_LEFT,13,cue_assumed,L2-L3,L4-L5,100.0,-273.0,97.0,-263.0,290.73871431235295,-3.0,10.0,-0.035845686095896084,0.0021412769582036927,3.5909584774781953,-3.584330833266247,0.1272471937275076,True,102.0084859,102.1041344
session-2-20261005-50000Hz-600mV,50000,PUFF_LEFT,14,cue_assumed,L2-L3,L5-L6,-62.0,183.0,-59.0,175.0,193.2174940319846,3.0,-8.0,-0.0441968231859213,-0.0014196555326386848,4.421961783596668,-4.419576887852372,-0.08510142311762162,True,102.1043912,102.2033437
session-2-20261005-50000Hz-600mV,50000,PUFF_LEFT,15,cue_assumed,L2-L3,L6-L7,-20.0,47.0,-19.0,44.0,51.07837115648854,1.0,-3.0,-0.061709467228823305,0.004982752012265236,6.1910307407417635,-6.16962369756614,0.3042639428129799,False,102.2035727,102.3040913
session-2-20261005-50000Hz-600mV,50000,PUFF_LEFT,16,cue_assumed,L2-L3,L7-L8,-1.0,22.0,-1.0,23.0,22.02271554554524,0.0,1.0,0.04536082474226804,-0.002061855670103093,4.540766091864998,4.536285812852525,-0.11300928050065033,False,102.3043235,102.4032271
session-2-20261005-50000Hz-600mV,50000,PUFF_LEFT,17,cue_assumed,L2-L3,L8-R8,-3.0,18.0,-3.0,15.0,18.24828759089466,0.0,-3.0,-0.16216216216216217,0.02702702702702703,16.43989873053573,-16.17263557150904,1.847610265994596,False,102.4034411,102.5030508
session-2-20261005-50000Hz-600mV,50000,PUFF_LEFT,18,cue_assumed,L2-L3,R8-R7,0.0,11.0,1.0,12.0,11.0,1.0,1.0,0.09090909090909091,-0.09090909090909091,12.856486930664502,9.469041625384488,-4.763641690726178,False,102.5032517,102.601056
session-2-20261005-50000Hz-600mV,50000,PUFF_LEFT,19,cue_assumed,L2-L3,R7-R6,4.0,6.0,4.0,5.0,7.211102550927978,0.0,-1.0,-0.11538461538461539,-0.07692307692307693,13.867504905630728,-11.20464322603697,-4.969740728110306,False,102.6012545,102.698096
session-2-20261005-50000Hz-600mV,50000,PUFF_LEFT,20,cue_assumed,L2-L3,R6-R5,-2.0,21.0,-1.0,20.0,21.095023109728988,1.0,-1.0,-0.05168539325842698,-0.04269662921348315,6.70401523153991,-5.072469983380568,-2.577926804893758,False,102.698343,102.7953798
session-2-20261005-50000Hz-600mV,50000,PUFF_LEFT,21,cue_assumed,L2-L3,R5-R4,0.0,-4.0,0.0,-5.0,4.0,0.0,-1.0,0.25,-0.0,25.0,25.0,-0.0,False,102.7956143,102.8940606
session-2-20261005-50000Hz-600mV,50000,PUFF_LEFT,22,cue_assumed,L2-L3,R4-R3,9.0,12.0,10.0,12.0,15.0,1.0,0.0,0.04,-0.05333333333333334,6.666666666666668,4.136662345422049,-2.935673446421173,False,102.8942871,102.9920558
session-2-20261005-50000Hz-600mV,50000,PUFF_LEFT,23,cue_assumed,L2-L3,R3-R2,-1.0,10.0,-1.0,9.0,10.04987562112089,0.0,-1.0,-0.09900990099009901,0.009900990099009903,9.950371902099892,-9.895550158784495,0.6295986084102666,False,102.9922743,103.0901958
session-2-20261005-50000Hz-600mV,50000,PUFF_LEFT,24,cue_assumed,L2-L3,R2-R1,6.0,-59.0,7.0,-54.0,59.30430001273095,1.0,5.0,-0.0821723059425647,0.025305658231447255,8.598060364085185,-8.182351788051346,1.5793162457356917,False,103.0904047,103.1871937
session-2-20261005-50000Hz-600mV,50000,PUFF_LEFT,25,cue_assumed,L2-L3,R1-L1,16.0,24.0,15.0,20.0,28.844410203711913,-1.0,-4.0,-0.13461538461538464,-0.04807692307692307,14.294296872421642,-13.328094339807961,-3.179830119864236,False,103.1874049,103.2850661
session-2-20261005-50000Hz-600mV,50000,PUFF_LEFT,26,cue_assumed,L3-L4,L1-L2,-80.0,362.0,-86.0,381.0,370.7344062802912,-6.0,19.0,0.05353453042693751,0.004743750181892261,5.374429377916227,5.354521021534531,0.2579839766313111,True,103.285295,103.385336
session-2-20261005-50000Hz-600mV,50000,PUFF_LEFT,27,cue_assumed,L3-L4,L5-L6,98.0,-281.0,96.0,-276.0,297.5987231155403,-2.0,5.0,-0.01807711850053633,-0.000812962231129679,1.8095389492124125,-1.8076781963172528,-0.04743681503103258,True,103.3855791,103.4850855
session-2-20261005-50000Hz-600mV,50000,PUFF_LEFT,28,cue_assumed,L3-L4,L6-L7,8.0,-28.0,7.0,-30.0,29.120439557122072,-1.0,-2.0,0.05660377358490566,-0.051886792452830184,7.67868896042439,5.787701250424471,-2.8113735945265312,False,103.485288,103.5840655
session-2-20261005-50000Hz-600mV,50000,PUFF_LEFT,29,cue_assumed,L3-L4,L7-L8,12.0,-19.0,16.0,-22.0,22.47220505424423,4.0,-3.0,0.2079207920792079,0.07920792079207922,22.249707974499238,21.051498737250895,3.7517290705259763,False,103.5842888,103.6841026
session-2-20261005-50000Hz-600mV,50000,PUFF_LEFT,30,cue_assumed,L3-L4,L8-R8,10.0,-19.0,8.0,-20.0,21.470910553583888,-2.0,-1.0,-0.002169197396963121,-0.10412147505422992,10.414406840917833,0.32485196554685736,-5.957131114708212,False,103.684373,103.7821339
session-2-20261005-50000Hz-600mV,50000,PUFF_LEFT,31,cue_assumed,L3-L4,R8-R7,6.0,-6.0,7.0,-2.0,8.48528137423857,1.0,4.0,-0.25,0.41666666666666663,48.591265790377506,-14.20308215844167,29.054604099077146,False,103.7824046,103.8803099
session-2-20261005-50000Hz-600mV,50000,PUFF_LEFT,32,cue_assumed,L3-L4,R7-R6,15.0,-21.0,15.0,-20.0,25.80697580112788,0.0,1.0,-0.03153153153153153,0.02252252252252252,3.8749212914606423,-3.12696771348393,1.3322198538696381,False,103.8805313,103.9822568
session-2-20261005-50000Hz-600mV,50000,PUFF_LEFT,33,cue_assumed,L3-L4,R6-R5,-1.0,16.0,-1.0,18.0,16.0312195418814,0.0,2.0,0.1245136186770428,-0.007782101167315175,12.475657231036106,12.454054604034436,-0.3965042551331167,False,103.9824935,104.0821406
session-2-20261005-50000Hz-600mV,50000,PUFF_LEFT,34,cue_assumed,L3-L4,R5-R4,19.0,-61.0,18.0,-59.0,63.89053137985315,-1.0,2.0,-0.03454189122978932,-0.005634492895639392,3.499842510630452,-3.4525449687904497,-0.3343790834088184,True,104.0823766,104.1800971
session-2-20261005-50000Hz-600mV,50000,PUFF_LEFT,35,cue_assumed,L3-L4,R4-R3,0.0,63.0,0.0,61.0,63.0,0.0,-2.0,-0.031746031746031744,-0.0,3.1746031746031744,-3.1746031746031744,0.0,True,104.1803048,104.2790884
session-2-20261005-50000Hz-600mV,50000,PUFF_LEFT,36,cue_assumed,L3-L4,R3-R2,6.0,15.0,6.0,15.0,16.15549442140351,0.0,0.0,0.0,0.0,0.0,0.0,1.0967429936081094e-15,False,104.279562,104.3750654
session-2-20261005-50000Hz-600mV,50000,PUFF_LEFT,37,cue_assumed,L3-L4,R2-R1,-18.0,-28.0,-17.0,-21.0,33.28663395418648,1.0,7.0,-0.19314079422382674,-0.08844765342960291,21.242964433104373,-18.830746871554826,-6.255767770397875,False,104.3762421,104.4741005
session-2-20261005-50000Hz-600mV,50000,PUFF_LEFT,38,cue_assumed,L3-L4,R1-L1,-19.0,138.0,-20.0,132.0,139.30183056945089,-1.0,-6.0,-0.04169028600876063,0.012986343725843856,4.366606314814774,-4.160229911933911,0.7763848523586854,True,104.4743217,104.5721901
session-2-20261005-50000Hz-600mV,50000,PUFF_LEFT,39,cue_assumed,L4-L5,L1-L2,-17.0,86.0,-17.0,89.0,87.66413177577246,0.0,3.0,0.0335718932986337,-0.0066363044892648005,3.4221521838297644,3.3593198097876753,-0.3678766965717134,True,104.5723878,104.6690825
session-2-20261005-50000Hz-600mV,50000,PUFF_LEFT,40,cue_assumed,L4-L5,L2-L3,110.0,-264.0,106.0,-254.0,286.0,-4.0,10.0,-0.037654653039268425,0.0005379236148466925,3.7658495154786746,-3.765450269729731,0.032026704050163786,True,104.6693736,104.7680567
session-2-20261005-50000Hz-600mV,50000,PUFF_LEFT,41,cue_assumed,L4-L5,L6-L7,-92.0,194.0,-92.0,192.0,214.7091055358389,0.0,-2.0,-0.00841648590021692,0.0039913232104121475,0.9314928656652446,-0.8408452993146631,0.23062579834582314,True,104.7683184,104.8660948
session-2-20261005-50000Hz-600mV,50000,PUFF_LEFT,42,cue_assumed,L4-L5,L7-L8,-21.0,73.0,-22.0,77.0,75.96051605933177,-1.0,4.0,0.05424610051993067,-0.001906412478336221,5.427958944350979,5.424782421877317,-0.10360889161034234,True,104.8663325,104.9640834
session-2-20261005-50000Hz-600mV,50000,PUFF_LEFT,43,cue_assumed,L4-L5,L8-R8,-16.0,51.0,-16.0,49.0,53.45091205957107,0.0,-2.0,-0.035701785089254465,0.0112005600280014,3.741750931716561,-3.563673865861572,0.6654745908458217,False,104.9643173,105.0612015
session-2-20261005-50000Hz-600mV,50000,PUFF_LEFT,44,cue_assumed,L4-L5,R8-R7,-4.0,23.0,-2.0,24.0,23.345235059857504,2.0,1.0,0.027522935779816515,-0.09174311926605505,9.578262852211514,3.161048050426385,-5.10216525235819,False,105.0613852,105.1620877
session-2-20261005-50000Hz-600mV,50000,PUFF_LEFT,45,cue_assumed,L4-L5,R7-R6,-4.0,22.0,-4.0,20.0,22.360679774997898,0.0,-2.0,-0.08800000000000001,0.016,8.944271909999161,-8.785965992068956,1.005086005254181,False,105.1623003,105.2593799
session-2-20261005-50000Hz-600mV,50000,PUFF_LEFT,46,cue_assumed,L4-L5,R6-R5,-2.0,7.0,0.0,5.0,7.280109889280518,2.0,-2.0,-0.33962264150943394,-0.18867924528301888,38.851434494290565,-31.319718025655497,-15.945395900922854,False,105.2595706,105.3562179
session-2-20261005-50000Hz-600mV,50000,PUFF_LEFT,47,cue_assumed,L4-L5,R5-R4,-12.0,44.0,-11.0,42.0,45.60701700396552,1.0,-2.0,-0.04807692307692307,-0.009615384615384616,4.9029033784546,-4.802836176701142,-0.578725565607761,False,105.356421,105.4530879
session-2-20261005-50000Hz-600mV,50000,PUFF_LEFT,48,cue_assumed,L4-L5,R4-R3,26.0,-25.0,25.0,-24.0,36.069377593742864,-1.0,1.0,-0.03920061491160646,0.0007686395080707143,3.920814986889116,-3.9200307455852457,0.045836613831990676,False,105.4532909,105.553087
session-2-20261005-50000Hz-600mV,50000,PUFF_LEFT,49,cue_assumed,L4-L5,R3-R2,-2.0,-16.0,-1.0,-16.0,16.1245154965971,1.0,0.0,-0.007692307692307693,0.06153846153846154,6.201736729460423,-0.5785969490704312,3.5486819739044466,False,105.5533224,105.6511995
session-2-20261005-50000Hz-600mV,50000,PUFF_LEFT,50,cue_assumed,L4-L5,R2-R1,7.0,-126.0,9.0,-122.0,126.19429464123962,2.0,4.0,-0.030769230769230767,0.017582417582417582,3.5438495596916697,-3.0609766176844966,1.0392652293842215,True,105.6514291,105.7481286
session-2-20261005-50000Hz-600mV,50000,PUFF_LEFT,51,cue_assumed,L4-L5,R1-L1,35.0,12.0,34.0,6.0,37.0,-1.0,-6.0,-0.07815924032140248,-0.1446311176040906,16.43989873053573,-6.688235126313147,-8.916664614609898,False,105.7483584,105.8486818
session-2-20261005-50000Hz-600mV,50000,PUFF_LEFT,52,cue_assumed,L5-L6,L1-L2,-32.0,101.0,-34.0,105.0,105.94810050208545,-2.0,4.0,0.041692650334075716,0.006592427616926503,4.221062891931272,4.1713510453769365,0.36259566250338826,True,105.8489346,105.9450981
session-2-20261005-50000Hz-600mV,50000,PUFF_LEFT,53,cue_assumed,L5-L6,L2-L3,-76.0,197.0,-73.0,190.0,211.15160430363773,3.0,-7.0,-0.03604351239206011,-0.0013233150162610748,3.6067796553003526,-3.6042604072115347,-0.07865533220977998,True,105.9453327,106.0430573
session-2-20261005-50000Hz-600mV,50000,PUFF_LEFT,54,cue_assumed,L5-L6,L3-L4,127.0,-302.0,125.0,-296.0,327.6171546180084,-2.0,6.0,-0.019248506982940942,0.0014720542610380774,1.930471353892014,-1.9247402247163037,0.08599776154888933,True,106.043268,106.1411914
session-2-20261005-50000Hz-600mV,50000,PUFF_LEFT,55,cue_assumed,L5-L6,L7-L8,-86.0,193.0,-79.0,181.0,211.29363454680788,7.0,-12.0,-0.06536006271698959,-0.007145257027662674,6.574946765077399,-6.5332750620638596,-0.4380136986629821,True,106.141497,106.2403331
session-2-20261005-50000Hz-600mV,50000,PUFF_LEFT,56,cue_assumed,L5-L6,L8-R8,-23.0,58.0,-30.0,69.0,62.39390995922599,-7.0,11.0,0.2052401746724891,0.039301310043668124,20.896918976428644,20.588078665169895,1.8676788394341717,True,106.2405566,106.3381967
session-2-20261005-50000Hz-600mV,50000,PUFF_LEFT,57,cue_assumed,L5-L6,R8-R7,-5.0,19.0,-6.0,25.0,19.6468827043885,-1.0,6.0,0.30829015544041455,-0.028497409326424868,30.96044610140377,30.860048645895823,-1.2478295556749222,False,106.3384026,106.4360578
session-2-20261005-50000Hz-600mV,50000,PUFF_LEFT,58,cue_assumed,L5-L6,R7-R6,1.0,3.0,-1.0,4.0,3.1622776601683795,-2.0,1.0,0.1,0.7000000000000001,70.71067811865476,30.384048104052972,32.47119229084849,False,106.4363675,106.5330645
session-2-20261005-50000Hz-600mV,50000,PUFF_LEFT,59,cue_assumed,L5-L6,R6-R5,12.0,41.0,12.0,43.0,42.720018726587654,0.0,2.0,0.044931506849315066,0.013150684931506848,4.681645887845223,4.501425565422212,0.7210414869942097,False,106.5332888,106.6313846
session-2-20261005-50000Hz-600mV,50000,PUFF_LEFT,60,cue_assumed,L5-L6,R5-R4,6.0,0.0,5.0,-1.0,6.0,-1.0,-1.0,-0.16666666666666666,-0.16666666666666666,23.570226039551585,-15.01634144012024,-11.309932474020215,False,106.6316525,106.7293386
session-2-20261005-50000Hz-600mV,50000,PUFF_LEFT,61,cue_assumed,L5-L6,R4-R3,0.0,8.0,1.0,8.0,8.0,1.0,0.0,0.0,-0.125,12.5,0.7782218537318641,-7.125016348901798,False,106.7296532,106.8281411
session-2-20261005-50000Hz-600mV,50000,PUFF_LEFT,62,cue_assumed,L5-L6,R3-R2,-1.0,3.0,-1.0,3.0,3.1622776601683795,0.0,0.0,0.0,-0.0,0.0,0.0,9.54166404439055e-16,False,106.8284053,106.9281319
session-2-20261005-50000Hz-600mV,50000,PUFF_LEFT,63,cue_assumed,L5-L6,R2-R1,-8.0,-38.0,-7.0,-34.0,38.8329756778952,1.0,4.0,-0.10610079575596817,0.003978779840848808,10.617537166910045,-10.609194094854734,0.25502404068753803,False,106.9284214,107.0272119
session-2-20261005-50000Hz-600mV,50000,PUFF_LEFT,64,cue_assumed,L5-L6,R1-L1,-8.0,79.0,-8.0,74.0,79.40403012442127,0.0,-5.0,-0.0626486915146709,0.006344171292624901,6.296909605425953,-6.262722248373942,0.38778277266556843,True,107.0274367,107.1262156
session-2-20261005-50000Hz-600mV,50000,PUFF_LEFT,65,cue_assumed,L6-L7,L1-L2,-20.0,48.0,-19.0,48.0,52.0,1.0,0.0,-0.007396449704142012,-0.01775147928994083,1.9230769230769231,-0.7237730835360945,-1.0245544990727415,False,107.1264265,107.222256
session-2-20261005-50000Hz-600mV,50000,PUFF_LEFT,66,cue_assumed,L6-L7,L2-L3,-19.0,52.0,-17.0,50.0,55.362442142665635,2.0,-2.0,-0.046329526916802616,-0.021533442088091354,5.108927668793053,-4.608645026978975,-1.293492642093188,False,107.2224885,107.3202073
session-2-20261005-50000Hz-600mV,50000,PUFF_LEFT,67,cue_assumed,L6-L7,L3-L4,14.0,-43.0,14.0,-43.0,45.221676218380054,0.0,0.0,-0.0,0.0,0.0,0.0,-1.2037894002213994e-15,False,107.3204241,107.4162302
session-2-20261005-50000Hz-600mV,50000,PUFF_LEFT,68,cue_assumed,L6-L7,L4-L5,-107.0,223.0,-104.0,220.0,247.34186867572583,3.0,-3.0,-0.016182287750498545,-0.0056883193304782765,1.715294183647307,-1.6165843288286519,-0.3312738268040448,True,107.4164438,107.5152096
session-2-20261005-50000Hz-600mV,50000,PUFF_LEFT,69,cue_assumed,L6-L7,L8-R8,-139.0,315.0,-154.0,381.0,344.30509726113553,-15.0,66.0,0.19296306918833198,-0.03752973529262902,19.65788063391265,19.355325204968544,-1.8018885439337875,True,107.5154251,107.6151972
session-2-20261005-50000Hz-600mV,50000,PUFF_LEFT,70,cue_assumed,L6-L7,R8-R7,-29.0,53.0,-34.0,73.0,60.41522986797286,-5.0,20.0,0.33013698630136984,-0.0863013698630137,34.12306495090726,33.29337300733008,-3.7122366678560406,True,107.6154012,107.7121182
session-2-20261005-50000Hz-600mV,50000,PUFF_LEFT,71,cue_assumed,L6-L7,R7-R6,-13.0,44.0,-15.0,52.0,45.880278987817846,-2.0,8.0,0.1795724465558195,-0.007600950118764848,17.97332412347549,17.95969358710583,-0.3691984631878656,False,107.7123209,107.8100788
session-2-20261005-50000Hz-600mV,50000,PUFF_LEFT,72,cue_assumed,L6-L7,R6-R5,-9.0,22.0,-9.0,23.0,23.769728648009426,0.0,1.0,0.03893805309734513,-0.01592920353982301,4.207031619116712,3.9060160769873287,-0.8784013878691829,False,107.8104113,107.9090729
session-2-20261005-50000Hz-600mV,50000,PUFF_LEFT,73,cue_assumed,L6-L7,R5-R4,-9.0,14.0,-8.0,14.0,16.64331697709324,1.0,0.0,-0.03249097472924188,-0.05054151624548737,6.008417681261098,-3.1171759884774275,-2.9903449751653763,False,107.909297,108.0072678
session-2-20261005-50000Hz-600mV,50000,PUFF_LEFT,74,cue_assumed,L6-L7,R4-R3,13.0,-4.0,14.0,-3.0,13.601470508735444,1.0,1.0,0.04864864864864865,0.0918918918918919,10.397504898200726,5.266714022434837,5.0079718920402705,False,108.0074684,108.1050688
session-2-20261005-50000Hz-600mV,50000,PUFF_LEFT,75,cue_assumed,L6-L7,R3-R2,-3.0,1.0,-2.0,1.0,3.1622776601683795,1.0,0.0,-0.3,-0.09999999999999999,31.622776601683793,-29.289321881345252,-8.130102354155978,False,108.1052933,108.2031259
session-2-20261005-50000Hz-600mV,50000,PUFF_LEFT,76,cue_assumed,L6-L7,R2-R1,-8.0,-61.0,-8.0,-57.0,61.5223536610881,0.0,4.0,-0.06446499339498019,-0.00845442536327609,6.501701840009311,-6.4426792874187955,-0.5177675898045208,False,108.203383,108.3030562
session-2-20261005-50000Hz-600mV,50000,PUFF_LEFT,77,cue_assumed,L6-L7,R1-L1,6.0,69.0,4.0,68.0,69.26037828369117,-2.0,-1.0,-0.016885553470919325,0.02751719824890557,3.2284951842752494,-1.6500528127416758,1.6032800646805028,False,108.3033236,108.4011268
session-2-20261005-50000Hz-600mV,50000,PUFF_LEFT,78,cue_assumed,L7-L8,L1-L2,1.0,19.0,3.0,14.0,19.026297590440446,2.0,-5.0,-0.25690607734806625,-0.11878453038674032,28.303797843676215,-24.747203205366752,-9.081969572828761,False,108.4014219,108.4990587
session-2-20261005-50000Hz-600mV,50000,PUFF_LEFT,79,cue_assumed,L7-L8,L2-L3,-5.0,29.0,-6.0,29.0,29.427877939124322,-1.0,0.0,0.005773672055427252,0.03348729792147806,3.3981383301529244,0.6330998490029494,1.9069621436319053,False,108.4993284,108.5971461
session-2-20261005-50000Hz-600mV,50000,PUFF_LEFT,80,cue_assumed,L7-L8,L3-L4,10.0,-30.0,14.0,-35.0,31.622776601683793,4.0,-5.0,0.18999999999999997,0.07,20.248456731316587,19.205704561484804,3.366460663429802,False,108.5974352,108.6961086
session-2-20261005-50000Hz-600mV,50000,PUFF_LEFT,81,cue_assumed,L7-L8,L4-L5,-33.0,95.0,-36.0,99.0,100.56838469419701,-3.0,4.0,0.04736009491793554,0.015127545975875024,4.971741382944287,4.7469336579242905,0.8274940764603107,True,108.6963791,108.7930486
session-2-20261005-50000Hz-600mV,50000,PUFF_LEFT,82,cue_assumed,L7-L8,L5-L6,-89.0,203.0,-84.0,192.0,221.65288177689007,5.0,-11.0,-0.05450844697740688,-0.0007327498473437808,5.451337188458956,-5.45081630392501,-0.044403850200609406,True,108.7932975,108.8892022
session-2-20261005-50000Hz-600mV,50000,PUFF_LEFT,83,cue_assumed,L7-L8,R8-R7,-60.0,135.0,-66.0,156.0,147.73286702694156,-6.0,21.0,0.1463917525773196,-0.020618556701030927,14.783663315664622,14.657715626020229,-1.0303885369883994,True,108.8894185,108.9872056
session-2-20261005-50000Hz-600mV,50000,PUFF_LEFT,84,cue_assumed,L7-L8,R7-R6,-32.0,68.0,-35.0,75.0,75.15317691222374,-3.0,7.0,0.10127478753541076,-0.003541076487252124,10.133667555742669,10.128048056971073,-0.18423016737504877,True,108.9874174,109.086212
session-2-20261005-50000Hz-600mV,50000,PUFF_LEFT,85,cue_assumed,L7-L8,R6-R5,-16.0,23.0,-18.0,26.0,28.0178514522438,-2.0,3.0,0.1286624203821656,-0.002547770700636941,12.868764336229072,12.866529596620069,-0.1293356257228249,False,109.0864259,109.1840951
session-2-20261005-50000Hz-600mV,50000,PUFF_LEFT,86,cue_assumed,L7-L8,R5-R4,-8.0,16.0,-8.0,15.0,17.88854381999832,0.0,-1.0,-0.05,0.025,5.5901699437494745,-4.967110956258947,1.507435758774968,False,109.1843486,109.2810917
session-2-20261005-50000Hz-600mV,50000,PUFF_LEFT,87,cue_assumed,L7-L8,R4-R3,12.0,-5.0,11.0,-3.0,13.0,-1.0,2.0,-0.13017751479289943,0.11242603550295857,17.200522903844536,-12.29419806929708,7.364746244982651,False,109.2813299,109.3811801
session-2-20261005-50000Hz-600mV,50000,PUFF_LEFT,88,cue_assumed,L7-L8,R3-R2,-2.0,1.0,-2.0,2.0,2.23606797749979,0.0,1.0,0.2,-0.4,44.721359549995796,26.491106406735177,-18.43494882292201,False,109.381467,109.479215
session-2-20261005-50000Hz-600mV,50000,PUFF_LEFT,89,cue_assumed,L7-L8,R2-R1,-6.0,-56.0,-8.0,-46.0,56.32051136131489,-2.0,10.0,-0.17276166456494324,-0.05422446406052962,18.107149208503706,-17.098639569907228,-3.750303376798961,False,109.4794215,109.5750775
session-2-20261005-50000Hz-600mV,50000,PUFF_LEFT,90,cue_assumed,L7-L8,R1-L1,-2.0,74.0,-6.0,71.0,74.02702209328699,-4.0,-3.0,-0.03905109489051095,0.05510948905109489,6.754290336978739,-3.7472154161450777,3.282262259311973,True,109.5752861,109.6750737
session-2-20261005-50000Hz-600mV,50000,PUFF_LEFT,91,cue_assumed,L8-R8,L1-L2,8.0,3.0,8.0,4.0,8.54400374531753,0.0,1.0,0.0410958904109589,0.1095890410958904,11.704114719613056,4.6847845180427505,6.009005957494525,False,109.6752862,109.7720737
session-2-20261005-50000Hz-600mV,50000,PUFF_LEFT,92,cue_assumed,L8-R8,L2-L3,-4.0,26.0,-3.0,26.0,26.30589287593181,1.0,0.0,-0.005780346820809248,-0.03757225433526011,3.8014296063485267,-0.5070659260877908,-2.1642176073771986,False,109.772418,109.8700575
session-2-20261005-50000Hz-600mV,50000,PUFF_LEFT,93,cue_assumed,L8-R8,L3-L4,11.0,-29.0,10.0,-27.0,31.016124838541646,-1.0,2.0,-0.07172557172557173,-0.007276507276507278,7.209372509105906,-7.1697052818229245,-0.44911785238288837,False,109.8702838,109.9660753
session-2-20261005-50000Hz-600mV,50000,PUFF_LEFT,94,cue_assumed,L8-R8,L4-L5,-23.0,71.0,-21.0,70.0,74.63243262818116,2.0,-1.0,-0.021005385996409335,-0.021364452423698384,2.996107588559899,-2.077229712624862,-1.250158758920256,True,109.9663252,110.0641284
session-2-20261005-50000Hz-600mV,50000,PUFF_LEFT,95,cue_assumed,L8-R8,L5-L6,-20.0,62.0,-24.0,75.0,65.14598989960932,-4.0,13.0,0.20876531573986803,-0.002827521206409046,20.878446286095976,20.87686227776908,-0.13402497078440564,True,110.064544,110.1611977
session-2-20261005-50000Hz-600mV,50000,PUFF_LEFT,96,cue_assumed,L8-R8,L6-L7,-135.0,332.0,-148.0,400.0,358.39782365410645,-13.0,68.0,0.18942148245607207,-0.03786716907099316,19.316940883407806,19.002411127735176,-1.8234884967911442,True,110.1614232,110.2601968
session-2-20261005-50000Hz-600mV,50000,PUFF_LEFT,97,cue_assumed,L8-R8,R7-R6,-159.0,348.0,-150.0,330.0,382.602927328059,9.0,-18.0,-0.052566861358745776,-0.0018444512757454646,5.259921019956668,-5.256506598282618,-0.11154258364031618,True,110.2604733,110.3591986
session-2-20261005-50000Hz-600mV,50000,PUFF_LEFT,98,cue_assumed,L8-R8,R6-R5,-43.0,76.0,-41.0,76.0,87.32124598286491,2.0,0.0,-0.011278688524590163,-0.019934426229508195,2.290393337255473,-1.1077751734367092,-1.1550310004224893,True,110.359412,110.457194
session-2-20261005-50000Hz-600mV,50000,PUFF_LEFT,99,cue_assumed,L8-R8,R5-R4,-21.0,42.0,-20.0,39.0,46.95742752749558,1.0,-3.0,-0.06666666666666668,0.009523809523809525,6.734350297014739,-6.661807706654354,0.5846305207051778,False,110.4573944,110.5563368
session-2-20261005-50000Hz-600mV,50000,PUFF_LEFT,100,cue_assumed,L8-R8,R4-R3,18.0,-14.0,18.0,-13.0,22.80350850198276,0.0,1.0,-0.026923076923076925,0.03461538461538462,4.3852900965351465,-2.6307582921114125,2.0373306968199123,False,110.5565849,110.6550804
session-2-20261005-50000Hz-600mV,50000,PUFF_LEFT,101,cue_assumed,L8-R8,R3-R2,-5.0,7.0,-4.0,6.0,8.602325267042627,1.0,-1.0,-0.16216216216216217,-0.02702702702702703,16.43989873053573,-16.172635571509065,-1.847610265994596,False,110.6552983,110.7522
session-2-20261005-50000Hz-600mV,50000,PUFF_LEFT,102,cue_assumed,L8-R8,R2-R1,-13.0,-46.0,-12.0,-45.0,47.80167361086848,1.0,1.0,-0.025820568927789934,0.014442013129102847,2.9585021936377367,-2.5713524846313063,0.8493361313778353,False,110.7524332,110.8530669
session-2-20261005-50000Hz-600mV,50000,PUFF_LEFT,103,cue_assumed,L8-R8,R1-L1,-8.0,88.0,-8.0,86.0,88.36288813749809,0.0,-2.0,-0.022540983606557374,0.002049180327868852,2.263393651062963,-2.253883562115244,0.12011676220994434,True,110.8533053,110.951203
session-2-20261005-50000Hz-600mV,50000,PUFF_LEFT,104,cue_assumed,R8-R7,L1-L2,9.0,-6.0,7.0,-5.0,10.816653826391969,-2.0,1.0,-0.20512820512820512,-0.025641025641025637,20.672455764868076,-20.471474772970144,-1.847610265994597,False,110.9514078,111.0502159
session-2-20261005-50000Hz-600mV,50000,PUFF_LEFT,105,cue_assumed,R8-R7,L2-L3,0.0,16.0,0.0,15.0,16.0,0.0,-1.0,-0.0625,-0.0,6.25,-6.25,0.0,False,111.0504314,111.1480917
session-2-20261005-50000Hz-600mV,50000,PUFF_LEFT,106,cue_assumed,R8-R7,L3-L4,5.0,-17.0,4.0,-15.0,17.72004514666935,-1.0,2.0,-0.12420382165605096,-0.022292993630573247,12.618861628126718,-12.392013859073392,-1.4581231558972307,False,111.1482986,111.2460867
session-2-20261005-50000Hz-600mV,50000,PUFF_LEFT,107,cue_assumed,R8-R7,L4-L5,-8.0,37.0,-6.0,36.0,37.8549864614954,2.0,-1.0,-0.03698534542916958,-0.046057222609909285,5.906931124580456,-3.5884606142649322,-2.7381465193551673,False,111.246387,111.3421948
session-2-20261005-50000Hz-600mV,50000,PUFF_LEFT,108,cue_assumed,R8-R7,L5-L6,-2.0,19.0,-4.0,23.0,19.1049731745428,-2.0,4.0,0.2191780821917808,0.08219178082191782,23.408229439226112,22.19454508821197,3.856800985589843,False,111.3423932,111.4401975
session-2-20261005-50000Hz-600mV,50000,PUFF_LEFT,109,cue_assumed,R8-R7,L6-L7,-30.0,59.0,-36.0,78.0,66.18912297349165,-6.0,19.0,0.29696416343300613,-0.04930381191508787,30.10292016280539,29.790096197623495,-2.1770383623970195,True,111.4403953,111.5380766
session-2-20261005-50000Hz-600mV,50000,PUFF_LEFT,110,cue_assumed,R8-R7,L7-L8,-51.0,141.0,-55.0,160.0,149.9399879951976,-4.0,19.0,0.1282359220709901,-0.01801441152922338,12.949506064766048,12.83797299110443,-0.9147573053688955,True,111.5383214,111.6390703
session-2-20261005-50000Hz-600mV,50000,PUFF_LEFT,111,cue_assumed,R8-R7,R6-R5,-102.0,183.0,-100.0,181.0,209.50656314301946,2.0,-2.0,-0.012986125350283645,-0.0036907935206069316,1.3500422527648297,-1.2979224784068766,-0.2142481596197165,True,111.6393323,111.7392961
session-2-20261005-50000Hz-600mV,50000,PUFF_LEFT,112,cue_assumed,R8-R7,R5-R4,-28.0,54.0,-27.0,53.0,60.8276253029822,1.0,-1.0,-0.022162162162162165,-0.007027027027027027,2.324952774876386,-2.2136913358410726,-0.4117370437317849,False,111.7394865,111.8382009
session-2-20261005-50000Hz-600mV,50000,PUFF_LEFT,113,cue_assumed,R8-R7,R4-R3,18.0,-16.0,19.0,-17.0,24.08318915758459,1.0,-1.0,0.05862068965517241,-0.003448275862068967,5.872202195147034,5.862630572474137,-0.18663054356556835,False,111.8384224,111.9360767
session-2-20261005-50000Hz-600mV,50000,PUFF_LEFT,114,cue_assumed,R8-R7,R3-R2,-5.0,9.0,-5.0,9.0,10.295630140987,0.0,0.0,0.0,-0.0,0.0,0.0,-1.0801883823838359e-15,False,111.9362602,112.0320642
session-2-20261005-50000Hz-600mV,50000,PUFF_LEFT,115,cue_assumed,R8-R7,R2-R1,-16.0,-33.0,-15.0,-29.0,36.6742416417845,1.0,4.0,-0.11003717472118958,-0.02304832713754647,11.242510931487221,-10.97387710553257,-1.4835189859753588,False,112.0322789,112.1272017
session-2-20261005-50000Hz-600mV,50000,PUFF_LEFT,116,cue_assumed,R8-R7,R1-L1,-1.0,74.0,-2.0,69.0,74.00675644831355,-1.0,-5.0,-0.0673726492605441,0.014423954719737082,6.889937835816315,-6.726111595095752,0.886062204054743,True,112.1274933,112.2230555
session-2-20261005-50000Hz-600mV,50000,PUFF_LEFT,117,cue_assumed,R7-R6,L1-L2,18.0,-18.0,17.0,-20.0,25.45584412271571,-1.0,-2.0,0.027777777777777776,-0.08333333333333333,8.784104611578831,3.11506218483657,-4.635463426902643,False,112.2232744,112.3211949
session-2-20261005-50000Hz-600mV,50000,PUFF_LEFT,118,cue_assumed,R7-R6,L2-L3,-1.0,20.0,-1.0,19.0,20.024984394500787,0.0,-1.0,-0.04987531172069825,0.0024937655860349127,4.993761694389223,-4.987203906808524,0.15038227807159227,False,112.3214224,112.4201968
session-2-20261005-50000Hz-600mV,50000,PUFF_LEFT,119,cue_assumed,R7-R6,L3-L4,11.0,-24.0,11.0,-23.0,26.40075756488817,0.0,1.0,-0.03443328550932568,0.015781922525107604,3.7877700953928506,-3.43043185294325,0.936400385660197,False,112.4204054,112.5181955
session-2-20261005-50000Hz-600mV,50000,PUFF_LEFT,120,cue_assumed,R7-R6,L4-L5,-13.0,45.0,-13.0,43.0,46.84015371452148,0.0,-2.0,-0.04102096627164996,0.011850501367365542,4.2698408126273,-4.094774828833336,0.7079916569515382,False,112.5183965,112.6181018
session-2-20261005-50000Hz-600mV,50000,PUFF_LEFT,121,cue_assumed,R7-R6,L5-L6,1.0,11.0,0.0,11.0,11.045361017187261,-1.0,0.0,-0.008196721311475409,0.0901639344262295,9.053574604251851,-0.4106793532296149,5.194428907734806,False,112.6183517,112.7170795
session-2-20261005-50000Hz-600mV,50000,PUFF_LEFT,122,cue_assumed,R7-R6,L6-L7,-15.0,57.0,-18.0,65.0,58.9406481131655,-3.0,8.0,0.14421416234887738,0.014680483592400694,14.495944681356612,14.430833516069864,0.7350753289476224,False,112.7173389,112.814087
session-2-20261005-50000Hz-600mV,50000,PUFF_LEFT,123,cue_assumed,R7-R6,L7-L8,-25.0,77.0,-26.0,86.0,80.95677859203639,-1.0,9.0,0.10955141898077508,-0.022581629539212694,11.18545635785486,10.978118625019873,-1.1659247620206288,True,112.8143773,112.9100556
session-2-20261005-50000Hz-600mV,50000,PUFF_LEFT,124,cue_assumed,R7-R6,L8-R8,-140.0,366.0,-134.0,351.0,391.86222068477076,6.0,-15.0,-0.04122274609914298,-0.0006251790877595152,4.12274865210842,-4.122254227242051,-0.037360208480174927,True,112.9102982,113.0050675
session-2-20261005-50000Hz-600mV,50000,PUFF_LEFT,125,cue_assumed,R7-R6,R5-R4,-51.0,93.0,-48.0,85.0,106.06601717798213,3.0,-8.0,-0.07973333333333334,0.011466666666666665,8.055363982396383,-7.966189787544787,0.7138774352329058,True,113.0052997,113.1040693
session-2-20261005-50000Hz-600mV,50000,PUFF_LEFT,126,cue_assumed,R7-R6,R4-R3,13.0,-8.0,12.0,-4.0,15.264337522473747,-1.0,4.0,-0.19313304721030042,0.18884120171673818,27.0113630516044,-17.132920953495823,13.172553423326892,False,113.1042865,113.2031985
session-2-20261005-50000Hz-600mV,50000,PUFF_LEFT,127,cue_assumed,R7-R6,R3-R2,-11.0,20.0,-11.0,18.0,22.825424421026653,0.0,-2.0,-0.07677543186180422,0.04222648752399232,8.762159086766468,-7.5810257867697235,2.6187718718654525,False,113.2034003,113.3012171
session-2-20261005-50000Hz-600mV,50000,PUFF_LEFT,128,cue_assumed,R7-R6,R2-R1,-28.0,-5.0,-27.0,1.0,28.442925306655784,1.0,6.0,-0.07169344870210137,-0.2014833127317676,21.38585417891184,-5.007969887365549,-12.245768052059269,False,113.3014306,113.4020551
session-2-20261005-50000Hz-600mV,50000,PUFF_LEFT,129,cue_assumed,R7-R6,R1-L1,-8.0,79.0,-8.0,72.0,79.40403012442127,0.0,-7.0,-0.08770816812053925,0.008881839809674861,8.815673447596334,-8.766493348529714,0.557799423545869,True,113.4022492,113.4992151
session-2-20261005-50000Hz-600mV,50000,PUFF_LEFT,130,cue_assumed,R6-R5,L1-L2,9.0,5.0,8.0,6.0,10.295630140987,-1.0,1.0,-0.03773584905660377,0.1320754716981132,13.736056394868903,-2.8714137642735893,7.815293546766875,False,113.4994112,113.5970881
session-2-20261005-50000Hz-600mV,50000,PUFF_LEFT,131,cue_assumed,R6-R5,L2-L3,-2.0,26.0,-2.0,25.0,26.076809620810597,0.0,-1.0,-0.03823529411764706,0.0029411764705882357,3.8348249442368525,-3.823079691643272,0.17521590490532887,False,113.5973003,113.6962336
session-2-20261005-50000Hz-600mV,50000,PUFF_LEFT,132,cue_assumed,R6-R5,L3-L4,-3.0,5.0,-3.0,7.0,5.830951894845301,0.0,2.0,0.29411764705882354,-0.17647058823529413,34.29971702850177,30.609431242203055,-7.765166018425332,False,113.6964335,113.7921947
session-2-20261005-50000Hz-600mV,50000,PUFF_LEFT,133,cue_assumed,R6-R5,L4-L5,-4.0,19.0,-3.0,17.0,19.4164878389476,1.0,-2.0,-0.11140583554376657,-0.02917771883289125,11.516335992621968,-11.092692742274401,-1.8806782381866365,False,113.7924028,113.8912194
session-2-20261005-50000Hz-600mV,50000,PUFF_LEFT,134,cue_assumed,R6-R5,L5-L6,17.0,40.0,17.0,41.0,43.46262762420146,0.0,1.0,0.021175224986765485,0.008999470619375331,2.3008272961461866,2.121487973795233,0.5049264056311483,False,113.8914594,113.9882005
session-2-20261005-50000Hz-600mV,50000,PUFF_LEFT,135,cue_assumed,R6-R5,L6-L7,-8.0,25.0,-9.0,27.0,26.248809496813376,-1.0,2.0,0.08417997097242379,0.013062409288824382,8.518740546199817,8.425865732960336,0.6902771978650781,False,113.9886345,114.0890612
session-2-20261005-50000Hz-600mV,50000,PUFF_LEFT,136,cue_assumed,R6-R5,L7-L8,-8.0,24.0,-9.0,28.0,25.298221281347036,-1.0,4.0,0.16249999999999998,-0.012499999999999997,16.29800601300662,16.25672023586422,-0.6160599083992293,False,114.0892847,114.1872087
session-2-20261005-50000Hz-600mV,50000,PUFF_LEFT,137,cue_assumed,R6-R5,L8-R8,-32.0,78.0,-32.0,76.0,84.30895563343196,0.0,-2.0,-0.021947101857062466,0.009003939223410242,2.3722272266019124,-2.1905657675427626,0.5274491230099029,True,114.1874157,114.2830682
session-2-20261005-50000Hz-600mV,50000,PUFF_LEFT,138,cue_assumed,R6-R5,R8-R7,-77.0,187.0,-77.0,189.0,202.2325394193526,0.0,2.0,0.00914470145239376,-0.003765465303926842,0.9889605331280384,0.9151726549776917,-0.21378922987711554,True,114.2832771,114.3792373
session-2-20261005-50000Hz-600mV,50000,PUFF_LEFT,139,cue_assumed,R6-R5,R4-R3,150.0,-365.0,151.0,-367.0,394.62007044751283,1.0,-2.0,0.005650987317386418,0.00041740247230695146,0.5666381780744226,0.5651073940289519,0.02378101244845461,True,114.3794507,114.4771119
session-2-20261005-50000Hz-600mV,50000,PUFF_LEFT,140,cue_assumed,R6-R5,R3-R2,-80.0,198.0,-78.0,196.0,213.55093069335942,2.0,-2.0,-0.012191912990088588,-0.005174984650469258,1.324474267362274,-1.2178357582547483,-0.3001616112231308,True,114.4773996,114.5730622
session-2-20261005-50000Hz-600mV,50000,PUFF_LEFT,141,cue_assumed,R6-R5,R2-R1,-84.0,119.0,-84.0,129.0,145.6605643267937,0.0,10.0,0.056087099967007586,-0.0395908940943583,6.865276161888753,5.682893677828238,-2.1469151454310453,True,114.5732653,114.6701183
session-2-20261005-50000Hz-600mV,50000,PUFF_LEFT,142,cue_assumed,R6-R5,R1-L1,-12.0,107.0,-12.0,99.0,107.67079455451233,0.0,-8.0,-0.07383766065729319,0.008280859139135685,7.430055692539452,-7.3800641630087815,0.5122704916557663,True,114.6703587,114.7681424
session-2-20261005-50000Hz-600mV,50000,PUFF_LEFT,143,cue_assumed,R5-R4,L1-L2,34.0,-61.0,33.0,-61.0,69.83552104767315,-1.0,0.0,-0.006971498872257536,-0.012507689153167932,1.4319360477275611,-0.6892731705198218,-0.7216307541535878,True,114.7684119,114.8672386
session-2-20261005-50000Hz-600mV,50000,PUFF_LEFT,144,cue_assumed,R5-R4,L2-L3,-1.0,14.0,-1.0,14.0,14.035668847618199,0.0,0.0,0.0,-0.0,0.0,0.0,2.260292667029911e-16,False,114.8674497,114.9672041
session-2-20261005-50000Hz-600mV,50000,PUFF_LEFT,145,cue_assumed,R5-R4,L3-L4,18.0,-60.0,17.0,-58.0,62.6418390534633,-1.0,2.0,-0.03516819571865443,-0.006116207951070336,3.5696078073176603,-3.5148810151276577,-0.3632013442751564,True,114.9674104,115.0641358
session-2-20261005-50000Hz-600mV,50000,PUFF_LEFT,146,cue_assumed,R5-R4,L4-L5,-17.0,72.0,-16.0,70.0,73.97972695272672,1.0,-2.0,-0.02941713868079664,-0.00694317558925635,3.0225415388848953,-2.9392304597869345,-0.40986492528971374,True,115.0642991,115.16309
session-2-20261005-50000Hz-600mV,50000,PUFF_LEFT,147,cue_assumed,R5-R4,L5-L6,9.0,10.0,9.0,9.0,13.45362404707371,0.0,-1.0,-0.055248618784530384,-0.049723756906077346,7.432941462471663,-5.3941003790253905,-3.012787504183339,False,115.1633035,115.2621439
session-2-20261005-50000Hz-600mV,50000,PUFF_LEFT,148,cue_assumed,R5-R4,L6-L7,-7.0,28.0,-8.0,28.0,28.861739379323623,-1.0,0.0,0.008403361344537815,0.03361344537815126,3.464794643376185,0.8963429902765441,1.9091524329963763,False,115.2624103,115.3611968
session-2-20261005-50000Hz-600mV,50000,PUFF_LEFT,149,cue_assumed,R5-R4,L7-L8,1.0,26.0,2.0,26.0,26.019223662515376,1.0,0.0,0.0014771048744460858,-0.03840472673559823,3.8433122101204393,0.2213208166475189,-2.196107193229727,False,115.3614536,115.4601935
session-2-20261005-50000Hz-600mV,50000,PUFF_LEFT,150,cue_assumed,R5-R4,L8-R8,-11.0,51.0,-12.0,48.0,52.172789842982326,-1.0,-3.0,-0.05216752387950036,0.030859662013225566,6.061162666756896,-5.166529034929457,1.8647852593390064,False,115.4604136,115.5653651
session-2-20261005-50000Hz-600mV,50000,PUFF_LEFT,151,cue_assumed,R5-R4,R8-R7,-14.0,65.0,-13.0,66.0,66.49060083951716,1.0,1.0,0.011535851617281158,-0.017869260348337482,2.1269375588686064,1.1693673782976255,-1.0120518388829116,True,115.5655953,115.6662128
session-2-20261005-50000Hz-600mV,50000,PUFF_LEFT,152,cue_assumed,R5-R4,R7-R6,-30.0,97.0,-28.0,89.0,101.53324578678651,2.0,-8.0,-0.08109418954311766,0.0044621204772528865,8.121685845197788,-8.108335578760272,0.2782207476180757,True,115.6664237,115.7630825
session-2-20261005-50000Hz-600mV,50000,PUFF_LEFT,153,cue_assumed,R5-R4,R3-R2,91.0,-278.0,89.0,-274.0,292.5149568825499,-2.0,4.0,-0.01512300590194589,-0.002243908140010518,1.5288571916666895,-1.5120449685668946,-0.13054040692232696,True,115.7632922,115.8610867
session-2-20261005-50000Hz-600mV,50000,PUFF_LEFT,154,cue_assumed,R5-R4,R2-R1,-15.0,-66.0,-14.0,-58.0,67.68308503607086,1.0,8.0,-0.11853307138179436,-0.011787819253438114,11.911776397310891,-11.845425590593173,-0.7661683198747348,False,115.861314,115.9581998
session-2-20261005-50000Hz-600mV,50000,PUFF_LEFT,155,cue_assumed,R5-R4,R1-L1,14.0,28.0,13.0,23.0,31.304951684997057,-1.0,-5.0,-0.15714285714285714,-0.04285714285714286,16.288220358559112,-15.60539721290326,-2.9108378261677537,False,115.9584057,116.056204
session-2-20261005-50000Hz-600mV,50000,PUFF_LEFT,156,cue_assumed,R4-R3,L1-L2,-4.0,44.0,-4.0,43.0,44.181444068749045,0.0,-1.0,-0.022540983606557374,0.002049180327868852,2.263393651062963,-2.253883562115244,0.12011676220994434,False,116.0564101,116.1550668
session-2-20261005-50000Hz-600mV,50000,PUFF_LEFT,157,cue_assumed,R4-R3,L2-L3,3.0,11.0,3.0,11.0,11.40175425099138,0.0,0.0,0.0,0.0,0.0,0.0,-1.0764954306491904e-15,False,116.1552823,116.2521993
session-2-20261005-50000Hz-600mV,50000,PUFF_LEFT,158,cue_assumed,R4-R3,L3-L4,-7.0,47.0,-6.0,45.0,47.51841748206689,1.0,-2.0,-0.04472984942426927,-0.014614703277236494,4.705686965151283,-4.461806059939533,-0.8765012644233865,False,116.2524051,116.3490857
session-2-20261005-50000Hz-600mV,50000,PUFF_LEFT,159,cue_assumed,R4-R3,L4-L5,15.0,-20.0,14.0,-18.0,25.0,-1.0,2.0,-0.088,0.016,8.944271909999157,-8.785965992068967,1.0050860052541812,False,116.3493265,116.4470838
session-2-20261005-50000Hz-600mV,50000,PUFF_LEFT,160,cue_assumed,R4-R3,L5-L6,-2.0,3.0,-2.0,3.0,3.605551275463989,0.0,0.0,0.0,-0.0,0.0,0.0,1.4679483145216231e-15,False,116.4473268,116.5422004
session-2-20261005-50000Hz-600mV,50000,PUFF_LEFT,161,cue_assumed,R4-R3,L6-L7,3.0,-5.0,2.0,-5.0,5.830951894845301,-1.0,0.0,-0.08823529411764706,-0.14705882352941177,17.149858514250884,-7.645185481720107,-9.162347045721708,False,116.5424218,116.6443035
session-2-20261005-50000Hz-600mV,50000,PUFF_LEFT,162,cue_assumed,R4-R3,L7-L8,8.0,-9.0,9.0,-6.0,12.041594578792296,1.0,3.0,-0.1310344827586207,0.2275862068965517,26.26128657194451,-10.172579257548641,14.676393137450017,False,116.644556,116.7440952
session-2-20261005-50000Hz-600mV,50000,PUFF_LEFT,163,cue_assumed,R4-R3,L8-R8,10.0,-19.0,9.0,-21.0,21.470910553583888,-1.0,-2.0,0.060737527114967466,-0.0845986984815618,10.414406840917835,6.410574719562101,-4.559950087411835,False,116.7443066,116.8410886
session-2-20261005-50000Hz-600mV,50000,PUFF_LEFT,164,cue_assumed,R4-R3,R8-R7,10.0,-18.0,11.0,-17.0,20.591260281974,1.0,1.0,-0.018867924528301886,0.0660377358490566,6.868028197434452,-1.6648012115971,3.8506388239107525,False,116.8413447,116.9392036
session-2-20261005-50000Hz-600mV,50000,PUFF_LEFT,165,cue_assumed,R4-R3,R7-R6,10.0,-19.0,10.0,-16.0,21.470910553583888,0.0,3.0,-0.12364425162689804,0.0650759219088937,13.972392984978669,-12.12313880668746,4.246842607023472,False,116.9393889,117.0362139
session-2-20261005-50000Hz-600mV,50000,PUFF_LEFT,166,cue_assumed,R4-R3,R6-R5,113.0,-359.0,113.0,-361.0,376.36418533117626,0.0,-2.0,0.005068831627250265,-0.001595481821390752,0.5314001910782581,0.5070097988596922,-0.0909532710521576,True,117.0364263,117.1352221
session-2-20261005-50000Hz-600mV,50000,PUFF_LEFT,167,cue_assumed,R4-R3,R2-R1,-181.0,533.0,-180.0,541.0,562.8943062422998,1.0,8.0,0.012886223765188576,-0.006252169796433644,1.4322862496370896,1.290551974034937,-0.353661037383225,True,117.1354342,117.2341157
session-2-20261005-50000Hz-600mV,50000,PUFF_LEFT,168,cue_assumed,R4-R3,R1-L1,-21.0,122.0,-21.0,114.0,123.79418403139947,0.0,-8.0,-0.0636867862969005,0.010962479608482872,6.4623391337761555,-6.362261341156228,0.6707959553454834,True,117.234326,117.3350782
session-2-20261005-50000Hz-600mV,50000,PUFF_LEFT,169,cue_assumed,R3-R2,L1-L2,18.0,-25.0,17.0,-25.0,30.805843601498726,-1.0,0.0,-0.018967334035827187,-0.026343519494204427,3.2461373658059776,-1.8613698532472078,-1.5381851219993476,False,117.3353331,117.4322168
session-2-20261005-50000Hz-600mV,50000,PUFF_LEFT,170,cue_assumed,R3-R2,L2-L3,-1.0,25.0,-1.0,24.0,25.019992006393608,0.0,-1.0,-0.039936102236421724,0.001597444089456869,3.9968038348871575,-3.993477324891459,0.0953339877502831,False,117.4324228,117.5332847
session-2-20261005-50000Hz-600mV,50000,PUFF_LEFT,171,cue_assumed,R3-R2,L3-L4,8.0,14.0,8.0,15.0,16.1245154965971,0.0,1.0,0.05384615384615385,0.03076923076923077,6.201736729460423,5.4295244008272014,1.6723943610892653,False,117.5334989,117.633316
session-2-20261005-50000Hz-600mV,50000,PUFF_LEFT,172,cue_assumed,R3-R2,L4-L5,-6.0,6.0,-6.0,6.0,8.48528137423857,0.0,0.0,-0.0,-0.0,0.0,0.0,-0.0,False,117.6335569,117.7323629
session-2-20261005-50000Hz-600mV,50000,PUFF_LEFT,173,cue_assumed,R3-R2,L5-L6,4.0,10.0,4.0,10.0,10.770329614269007,0.0,0.0,0.0,0.0,0.0,0.0,1.0967429936081094e-15,False,117.7326257,117.8343988
session-2-20261005-50000Hz-600mV,50000,PUFF_LEFT,174,cue_assumed,R3-R2,L6-L7,-3.0,13.0,-3.0,13.0,13.341664064126334,0.0,0.0,0.0,-0.0,0.0,0.0,-6.96863104365602e-16,False,117.8346438,117.9340688
session-2-20261005-50000Hz-600mV,50000,PUFF_LEFT,175,cue_assumed,R3-R2,L7-L8,5.0,9.0,6.0,11.0,10.295630140987,1.0,2.0,0.21698113207547168,0.009433962264150947,21.718612138153464,21.70176972713658,0.44414443311192925,False,117.9343056,118.0322021
session-2-20261005-50000Hz-600mV,50000,PUFF_LEFT,176,cue_assumed,R3-R2,L8-R8,1.0,15.0,0.0,13.0,15.033296378372908,-1.0,-2.0,-0.13716814159292037,0.057522123893805316,14.874102932718241,-13.5252863190939,3.8140748342903543,False,118.0324184,118.130579
session-2-20261005-50000Hz-600mV,50000,PUFF_LEFT,177,cue_assumed,R3-R2,R8-R7,1.0,19.0,2.0,21.0,19.026297590440446,1.0,2.0,0.10773480662983426,-0.04696132596685083,11.752512368056712,10.872979934508887,-2.4275445268221665,False,118.1308171,118.2312485
session-2-20261005-50000Hz-600mV,50000,PUFF_LEFT,178,cue_assumed,R3-R2,R7-R6,1.0,25.0,1.0,23.0,25.019992006393608,0.0,-2.0,-0.07987220447284345,-0.003194888178913738,7.993607669774315,-7.986665780869551,-0.1989428793606263,False,118.2314885,118.3292323
session-2-20261005-50000Hz-600mV,50000,PUFF_LEFT,179,cue_assumed,R3-R2,R6-R5,-52.0,228.0,-50.0,227.0,233.85465571589546,2.0,-1.0,-0.006070801638385021,-0.007387361029842013,0.9561785163757169,-0.604334880300339,-0.42584201745995925,True,118.3294674,118.4272037
session-2-20261005-50000Hz-600mV,50000,PUFF_LEFT,180,cue_assumed,R3-R2,R5-R4,85.0,-308.0,83.0,-303.0,319.513692977312,-2.0,5.0,-0.016750090607215277,-0.0018709165532035774,1.6854253590680681,-1.674831062963933,-0.10902161487637406,True,118.4275238,118.5272092
session-2-20261005-50000Hz-600mV,50000,PUFF_LEFT,181,cue_assumed,R3-R2,R1-L1,-5.0,74.0,-6.0,68.0,74.16872656315464,-1.0,-6.0,-0.07980367205962552,0.018905653517542264,8.201249788371047,-7.9609481964381335,1.1769898993191665,True,118.5275024,118.629083
session-2-20261005-50000Hz-600mV,50000,PUFF_LEFT,182,cue_assumed,R2-R1,L1-L2,-22.0,381.0,-26.0,389.0,381.63464203345063,-4.0,8.0,0.021531806790483714,0.009255381235195167,2.3436740077739553,2.1573734179985316,0.5191025568785614,True,118.6294707,118.7250756
session-2-20261005-50000Hz-600mV,50000,PUFF_LEFT,183,cue_assumed,R2-R1,L2-L3,12.0,17.0,12.0,18.0,20.808652046684813,0.0,1.0,0.039260969976905306,0.027713625866050806,4.805693313322127,3.9630419320241694,1.5275254422129287,False,118.7252883,118.8232902
session-2-20261005-50000Hz-600mV,50000,PUFF_LEFT,184,cue_assumed,R2-R1,L3-L4,0.0,22.0,-1.0,24.0,22.0,-1.0,2.0,0.09090909090909091,0.045454545454545456,10.163945352271773,9.185564995130125,2.385944030388813,False,118.8235085,118.9212029
session-2-20261005-50000Hz-600mV,50000,PUFF_LEFT,185,cue_assumed,R2-R1,L4-L5,5.0,-20.0,5.0,-22.0,20.615528128088304,0.0,-2.0,0.09411764705882353,-0.023529411764705882,9.70142500145332,9.437062224071457,-1.231977402639728,False,118.9214379,119.0180618
session-2-20261005-50000Hz-600mV,50000,PUFF_LEFT,186,cue_assumed,R2-R1,L5-L6,14.0,16.0,13.0,16.0,21.2602916254693,-1.0,0.0,-0.030973451327433628,0.035398230088495575,4.703604341917987,-3.0327123857914806,2.0920662794801457,False,119.0182709,119.1152049
session-2-20261005-50000Hz-600mV,50000,PUFF_LEFT,187,cue_assumed,R2-R1,L6-L7,3.0,7.0,1.0,6.0,7.615773105863909,-2.0,-1.0,-0.22413793103448276,0.1896551724137931,29.361010975735173,-20.129415021376097,13.73626830562257,False,119.115411,119.2112057
session-2-20261005-50000Hz-600mV,50000,PUFF_LEFT,188,cue_assumed,R2-R1,L7-L8,14.0,3.0,14.0,8.0,14.317821063276353,0.0,5.0,0.07317073170731708,0.34146341463414637,34.921514788478916,12.618501274294601,17.650124219930124,False,119.2114056,119.3072106
session-2-20261005-50000Hz-600mV,50000,PUFF_LEFT,189,cue_assumed,R2-R1,L8-R8,8.0,12.0,5.0,6.0,14.422205101855956,-3.0,-6.0,-0.46153846153846156,-0.05769230769230768,46.513025470953174,-45.845662152581845,-6.115503566285408,False,119.307422,119.4023779
session-2-20261005-50000Hz-600mV,50000,PUFF_LEFT,190,cue_assumed,R2-R1,R8-R7,8.0,22.0,10.0,26.0,23.40939982143925,2.0,4.0,0.18978102189781024,-0.0218978102189781,19.104017997521755,18.99825184264614,-1.054404503521838,False,119.4026232,119.5012036
session-2-20261005-50000Hz-600mV,50000,PUFF_LEFT,191,cue_assumed,R2-R1,R7-R6,11.0,36.0,10.0,37.0,37.64306044943742,-1.0,1.0,0.01764290755116443,0.03316866619618913,3.756903783826722,1.818330751708075,1.866815983675599,False,119.5014202,119.5990713
session-2-20261005-50000Hz-600mV,50000,PUFF_LEFT,192,cue_assumed,R2-R1,R6-R5,-12.0,153.0,-12.0,159.0,153.46986674914396,0.0,6.0,0.038975926633549866,-0.003056935422239205,3.9095622659315743,3.898042377044786,-0.16857848967900074,True,119.5993046,119.6979214
session-2-20261005-50000Hz-600mV,50000,PUFF_LEFT,193,cue_assumed,R2-R1,R5-R4,5.0,-7.0,5.0,-5.0,8.602325267042627,0.0,2.0,-0.1891891891891892,0.13513513513513514,23.249527748763857,-17.800506347321353,9.462322208025615,False,119.6981954,119.7940737
session-2-20261005-50000Hz-600mV,50000,PUFF_LEFT,194,cue_assumed,R2-R1,R4-R3,-27.0,502.0,-30.0,511.0,502.7255712612996,-3.0,9.0,0.01819706963475288,0.004997368764664685,1.887079854860656,1.8209333245069015,0.2812086661184625,True,119.794306,119.8940711
session-2-20261005-50000Hz-600mV,50000,PUFF_LEFT,195,cue_assumed,R1-L1,L2-L3,11.0,-25.0,11.0,-24.0,27.313000567495326,0.0,1.0,-0.03351206434316354,0.014745308310991958,3.6612601296910627,-3.3399589340352254,0.8740702932968508,False,119.8943191,119.9910574
session-2-20261005-50000Hz-600mV,50000,PUFF_LEFT,196,cue_assumed,R1-L1,L3-L4,-11.0,33.0,-11.0,34.0,34.785054261852174,0.0,1.0,0.027272727272727275,-0.00909090909090909,2.874797872880345,2.731295174666526,-0.5070290609147746,False,119.9912881,120.087228
session-2-20261005-50000Hz-600mV,50000,PUFF_LEFT,197,cue_assumed,R1-L1,L4-L5,16.0,-27.0,17.0,-28.0,31.38470965295043,1.0,-1.0,0.04365482233502538,0.011167512690355331,4.506059090593329,4.371456899041237,0.6130637373245647,False,120.0875299,120.1850775
session-2-20261005-50000Hz-600mV,50000,PUFF_LEFT,198,cue_assumed,R1-L1,L5-L6,-2.0,11.0,-2.0,11.0,11.180339887498949,0.0,0.0,0.0,-0.0,0.0,0.0,-2.798888119687895e-16,False,120.1853033,120.2840793
session-2-20261005-50000Hz-600mV,50000,PUFF_LEFT,199,cue_assumed,R1-L1,L6-L7,0.0,12.0,-1.0,13.0,12.0,-1.0,1.0,0.08333333333333333,0.08333333333333333,11.785113019775793,8.653373420044153,4.398705354995532,False,120.2843119,120.3830607
session-2-20261005-50000Hz-600mV,50000,PUFF_LEFT,200,cue_assumed,R1-L1,L7-L8,3.0,12.0,3.0,15.0,12.36931687685298,0.0,3.0,0.23529411764705882,0.058823529411764705,24.253562503633297,23.669388480168486,2.7263109939062655,False,120.3832739,120.4812222
session-2-20261005-50000Hz-600mV,50000,PUFF_LEFT,201,cue_assumed,R1-L1,L8-R8,-1.0,21.0,-2.0,20.0,21.02379604162864,-1.0,-1.0,-0.045248868778280535,0.0497737556561086,6.726727939963125,-4.395232894940482,2.9842821435933775,False,120.4814251,120.5893635
session-2-20261005-50000Hz-600mV,50000,PUFF_LEFT,202,cue_assumed,R1-L1,R8-R7,1.0,15.0,3.0,17.0,15.033296378372908,2.0,2.0,0.1415929203539823,-0.12389380530973453,18.814417367671947,14.829615988056833,-6.193904967150984,False,120.5895767,120.6860699
session-2-20261005-50000Hz-600mV,50000,PUFF_LEFT,203,cue_assumed,R1-L1,R7-R6,3.0,4.0,3.0,3.0,5.0,0.0,-1.0,-0.16,-0.12,20.0,-15.147186257614287,-8.13010235415598,False,120.6863548,120.7830816
session-2-20261005-50000Hz-600mV,50000,PUFF_LEFT,204,cue_assumed,R1-L1,R6-R5,0.0,35.0,0.0,34.0,35.0,0.0,-1.0,-0.02857142857142857,-0.0,2.857142857142857,-2.857142857142858,0.0,False,120.7833536,120.8791561
session-2-20261005-50000Hz-600mV,50000,PUFF_LEFT,205,cue_assumed,R1-L1,R5-R4,7.0,-51.0,7.0,-51.0,51.478150704935004,0.0,0.0,-0.0,0.0,0.0,0.0,-6.733174250192578e-16,False,120.8794628,120.976209
session-2-20261005-50000Hz-600mV,50000,PUFF_LEFT,206,cue_assumed,R1-L1,R4-R3,5.0,53.0,5.0,52.0,53.23532661682466,0.0,-1.0,-0.0187014820042343,-0.0017642907551164435,1.8784518919133617,-1.8699895983621762,-0.10301279715402889,False,120.9764482,121.0730674
session-2-20261005-50000Hz-600mV,50000,PUFF_LEFT,207,cue_assumed,R1-L1,R3-R2,3.0,-5.0,3.0,-5.0,5.830951894845301,0.0,0.0,-0.0,0.0,0.0,0.0,9.354572592539755e-16,False,121.0732596,121.1702031
session-2-20261005-50000Hz-600mV,50000,PUFF_RIGHT,0,cue_assumed,L1-L2,L3-L4,-108.0,326.0,-114.0,347.0,343.42393626536864,-6.0,21.0,0.06354078344921148,-0.0026454129218246554,6.359582825049567,6.354407349638769,-0.14251515810297502,True,123.4564803,123.5562131
session-2-20261005-50000Hz-600mV,50000,PUFF_RIGHT,1,cue_assumed,L1-L2,L4-L5,-28.0,103.0,-27.0,101.0,106.7379969832674,1.0,-2.0,-0.020538927411568503,-0.004125340121127008,2.094912815208929,-2.053023979951485,-0.24131962663046327,True,123.5564772,123.6550873
session-2-20261005-50000Hz-600mV,50000,PUFF_RIGHT,2,cue_assumed,L1-L2,L5-L6,-27.0,93.0,-28.0,95.0,96.84007434941384,-1.0,2.0,0.022712731925783748,0.004158669225847728,2.3090316612435813,2.2721187114469465,0.23298124128835085,True,123.6553495,123.7521995
session-2-20261005-50000Hz-600mV,50000,PUFF_RIGHT,3,cue_assumed,L1-L2,L6-L7,-22.0,52.0,-22.0,53.0,56.462376853972415,0.0,1.0,0.01631116687578419,-0.006900878293601004,1.7710908674395363,1.6334595513525008,-0.38903943753190445,False,123.7524256,123.8482112
session-2-20261005-50000Hz-600mV,50000,PUFF_RIGHT,4,cue_assumed,L1-L2,L7-L8,2.0,21.0,2.0,20.0,21.095023109728988,0.0,-1.0,-0.04719101123595506,-0.0044943820224719105,4.740454631399772,-4.718041133731621,-0.27026110649413665,False,123.848413,123.9460983
session-2-20261005-50000Hz-600mV,50000,PUFF_RIGHT,5,cue_assumed,L1-L2,L8-R8,4.0,6.0,2.0,5.0,7.211102550927978,-2.0,-1.0,-0.2692307692307692,0.15384615384615388,31.008683647302114,-25.321200619432325,11.888658039627975,False,123.9462984,124.0440937
session-2-20261005-50000Hz-600mV,50000,PUFF_RIGHT,6,cue_assumed,L1-L2,R8-R7,4.0,0.0,2.0,5.0,4.0,-2.0,5.0,-0.5,1.25,134.6291201783626,34.62912017836259,68.19859051364818,False,124.0442933,124.1542967
session-2-20261005-50000Hz-600mV,50000,PUFF_RIGHT,7,cue_assumed,L1-L2,R7-R6,15.0,-20.0,15.0,-21.0,25.0,0.0,-1.0,0.032,-0.024,4.0,3.2279032045115175,-1.3322198538696388,False,124.1545229,124.2511985
session-2-20261005-50000Hz-600mV,50000,PUFF_RIGHT,8,cue_assumed,L1-L2,R6-R5,3.0,11.0,3.0,12.0,11.40175425099138,0.0,1.0,0.08461538461538462,0.023076923076923078,8.770580193070293,8.486085601936843,1.2188752351312966,False,124.2514576,124.3492056
session-2-20261005-50000Hz-600mV,50000,PUFF_RIGHT,9,cue_assumed,L1-L2,R5-R4,24.0,-68.0,24.0,-68.0,72.11102550927978,0.0,0.0,-0.0,0.0,0.0,0.0,-1.1645723295204876e-15,True,124.3494005,124.4522091
session-2-20261005-50000Hz-600mV,50000,PUFF_RIGHT,10,cue_assumed,L1-L2,R4-R3,-4.0,52.0,-4.0,53.0,52.15361924162119,0.0,1.0,0.01911764705882353,-0.0014705882352941178,1.9174124721184262,1.9118708088744052,-0.08267783512990781,False,124.4524035,124.5512162
session-2-20261005-50000Hz-600mV,50000,PUFF_RIGHT,11,cue_assumed,L1-L2,R3-R2,9.0,-28.0,9.0,-27.0,29.410882339705484,0.0,1.0,-0.03236994219653179,0.010404624277456647,3.4001020045902295,-3.23140049731534,0.6160599083992291,False,124.5514224,124.6512187
session-2-20261005-50000Hz-600mV,50000,PUFF_RIGHT,12,cue_assumed,L1-L2,R2-R1,-128.0,416.0,-127.0,422.0,435.2470562795342,1.0,6.0,0.0125,-0.00625,1.3975424859373686,1.2519289939702638,-0.35367315924646203,True,124.6515439,124.7472388
session-2-20261005-50000Hz-600mV,50000,PUFF_RIGHT,13,cue_assumed,L2-L3,L4-L5,100.0,-273.0,96.0,-262.0,290.73871431235295,-4.0,11.0,-0.04025837286611696,9.464207550071487e-05,4.0258484111423725,-4.025836819969298,0.005650053430700277,True,124.7474549,124.8458464
session-2-20261005-50000Hz-600mV,50000,PUFF_RIGHT,14,cue_assumed,L2-L3,L5-L6,-62.0,183.0,-59.0,176.0,193.2174940319846,3.0,-7.0,-0.03929499370530094,-0.003080384646291485,3.941554642357187,-3.9290055277209635,-0.18371137188088937,True,124.8460294,124.9422001
session-2-20261005-50000Hz-600mV,50000,PUFF_RIGHT,15,cue_assumed,L2-L3,L6-L7,-20.0,47.0,-18.0,46.0,51.07837115648854,2.0,-1.0,-0.03334610962054427,-0.028363357608279034,4.377719819312875,-3.2930083271870303,-1.68067864712984,False,124.9424511,125.0382022
session-2-20261005-50000Hz-600mV,50000,PUFF_RIGHT,16,cue_assumed,L2-L3,L7-L8,-1.0,22.0,-2.0,20.0,22.02271554554524,-1.0,-2.0,-0.088659793814433,0.049484536082474224,10.15346165133619,-8.73173110430715,3.108030934999837,False,125.0384203,125.1362094
session-2-20261005-50000Hz-600mV,50000,PUFF_RIGHT,17,cue_assumed,L2-L3,L8-R8,-3.0,18.0,-3.0,15.0,18.24828759089466,0.0,-3.0,-0.16216216216216217,0.02702702702702703,16.43989873053573,-16.17263557150904,1.847610265994596,False,125.1364088,125.2382028
session-2-20261005-50000Hz-600mV,50000,PUFF_RIGHT,18,cue_assumed,L2-L3,R8-R7,0.0,11.0,0.0,11.0,11.0,0.0,0.0,0.0,0.0,0.0,0.0,0.0,False,125.2384377,125.3372328
session-2-20261005-50000Hz-600mV,50000,PUFF_RIGHT,19,cue_assumed,L2-L3,R7-R6,4.0,6.0,5.0,7.0,7.211102550927978,1.0,1.0,0.1923076923076923,-0.03846153846153847,19.6116135138184,19.29278784054478,-1.847610265994597,False,125.3374582,125.4340748
session-2-20261005-50000Hz-600mV,50000,PUFF_RIGHT,20,cue_assumed,L2-L3,R6-R5,-2.0,21.0,-1.0,21.0,21.095023109728988,1.0,0.0,-0.0044943820224719105,-0.04719101123595506,4.740454631399772,-0.3376486848573279,-2.7140210370992404,False,125.4342739,125.5312023
session-2-20261005-50000Hz-600mV,50000,PUFF_RIGHT,21,cue_assumed,L2-L3,R5-R4,0.0,-4.0,0.0,-5.0,4.0,0.0,-1.0,0.25,-0.0,25.0,25.0,-0.0,False,125.5313963,125.6301063
session-2-20261005-50000Hz-600mV,50000,PUFF_RIGHT,22,cue_assumed,L2-L3,R4-R3,9.0,12.0,10.0,12.0,15.0,1.0,0.0,0.04,-0.05333333333333334,6.666666666666668,4.136662345422049,-2.935673446421173,False,125.630344,125.7270968
session-2-20261005-50000Hz-600mV,50000,PUFF_RIGHT,23,cue_assumed,L2-L3,R3-R2,-1.0,10.0,-1.0,9.0,10.04987562112089,0.0,-1.0,-0.09900990099009901,0.009900990099009903,9.950371902099892,-9.895550158784495,0.6295986084102666,False,125.7273017,125.8230681
session-2-20261005-50000Hz-600mV,50000,PUFF_RIGHT,24,cue_assumed,L2-L3,R2-R1,6.0,-59.0,6.0,-54.0,59.30430001273095,0.0,5.0,-0.0838783053738982,0.008529997156667614,8.43109184144597,-8.383859488838263,0.5334648403783316,False,125.8232811,125.9202158
session-2-20261005-50000Hz-600mV,50000,PUFF_RIGHT,25,cue_assumed,L2-L3,R1-L1,16.0,24.0,15.0,21.0,28.844410203711913,-1.0,-3.0,-0.10576923076923077,-0.028846153846153844,10.963225241337865,-10.530409119591411,-1.8476102659945974,False,125.9205489,126.0182061
session-2-20261005-50000Hz-600mV,50000,PUFF_RIGHT,26,cue_assumed,L3-L4,L1-L2,-80.0,362.0,-86.0,383.0,370.7344062802912,-6.0,21.0,0.058802130322167565,0.0035796397078082715,5.891098667364939,5.880818139793309,0.1937070772123085,True,126.0184412,126.1150879
session-2-20261005-50000Hz-600mV,50000,PUFF_RIGHT,27,cue_assumed,L3-L4,L5-L6,98.0,-281.0,96.0,-278.0,297.5987231155403,-2.0,3.0,-0.011731496640885226,-0.003026026082538249,1.2115479655684422,-1.1726863885536676,-0.1754361095205118,True,126.1152883,126.2125721
session-2-20261005-50000Hz-600mV,50000,PUFF_RIGHT,28,cue_assumed,L3-L4,L6-L7,8.0,-28.0,8.0,-27.0,29.120439557122072,0.0,1.0,-0.0330188679245283,0.009433962264150943,3.434014098717226,-3.2972849691405015,0.5589654808321651,False,126.2127952,126.3090729
session-2-20261005-50000Hz-600mV,50000,PUFF_RIGHT,29,cue_assumed,L3-L4,L7-L8,12.0,-19.0,12.0,-20.0,22.47220505424423,0.0,-1.0,0.03762376237623762,-0.02376237623762376,4.4499415948998475,3.78958149892874,-1.311887782504109,False,126.3092618,126.4062091
session-2-20261005-50000Hz-600mV,50000,PUFF_RIGHT,30,cue_assumed,L3-L4,L8-R8,10.0,-19.0,9.0,-20.0,21.470910553583888,-1.0,-1.0,0.019522776572668113,-0.06290672451193058,6.586649219387841,2.1461672281080757,-3.5307952831058533,False,126.4064089,126.5040683
session-2-20261005-50000Hz-600mV,50000,PUFF_RIGHT,31,cue_assumed,L3-L4,R8-R7,6.0,-6.0,5.0,-3.0,8.48528137423857,-1.0,3.0,-0.3333333333333333,0.16666666666666666,37.26779962499649,-31.281572906372336,14.036243467926479,False,126.5042821,126.6022068
session-2-20261005-50000Hz-600mV,50000,PUFF_RIGHT,32,cue_assumed,L3-L4,R7-R6,15.0,-21.0,17.0,-21.0,25.80697580112788,2.0,0.0,0.04504504504504504,0.06306306306306306,7.749842582921285,4.694608079695128,3.4533162505310915,False,126.6024373,126.7012116
session-2-20261005-50000Hz-600mV,50000,PUFF_RIGHT,33,cue_assumed,L3-L4,R6-R5,-1.0,16.0,-1.0,17.0,16.0312195418814,0.0,1.0,0.0622568093385214,-0.0038910505836575876,6.237828615518053,6.226393578088696,-0.20987371156754991,False,126.7014455,126.7992037
session-2-20261005-50000Hz-600mV,50000,PUFF_RIGHT,34,cue_assumed,L3-L4,R5-R4,19.0,-61.0,18.0,-59.0,63.89053137985315,-1.0,2.0,-0.03454189122978932,-0.005634492895639392,3.499842510630452,-3.4525449687904497,-0.3343790834088184,True,126.7994071,126.8960949
session-2-20261005-50000Hz-600mV,50000,PUFF_RIGHT,35,cue_assumed,L3-L4,R4-R3,0.0,63.0,0.0,61.0,63.0,0.0,-2.0,-0.031746031746031744,-0.0,3.1746031746031744,-3.1746031746031744,0.0,True,126.8962948,126.9940704
session-2-20261005-50000Hz-600mV,50000,PUFF_RIGHT,36,cue_assumed,L3-L4,R3-R2,6.0,15.0,6.0,15.0,16.15549442140351,0.0,0.0,0.0,0.0,0.0,0.0,1.0967429936081094e-15,False,126.994308,127.0911989
session-2-20261005-50000Hz-600mV,50000,PUFF_RIGHT,37,cue_assumed,L3-L4,R2-R1,-18.0,-28.0,-17.0,-22.0,33.28663395418648,1.0,6.0,-0.16787003610108306,-0.07220216606498196,18.27388896897816,-16.474349472578886,-4.959014194581574,False,127.0914103,127.1880666
session-2-20261005-50000Hz-600mV,50000,PUFF_RIGHT,38,cue_assumed,L3-L4,R1-L1,-19.0,138.0,-19.0,131.0,139.30183056945089,0.0,-7.0,-0.04978098428240145,0.0068539036330842575,5.02505959281709,-4.975626609467543,0.413265715330657,True,127.1882698,127.2882052
session-2-20261005-50000Hz-600mV,50000,PUFF_RIGHT,39,cue_assumed,L4-L5,L1-L2,-17.0,86.0,-16.0,85.0,87.66413177577246,1.0,-1.0,-0.013402732595966166,-0.008978529603122965,1.6132180102922524,-1.336187888216045,-0.5214059156613434,True,127.2884269,127.3840721
session-2-20261005-50000Hz-600mV,50000,PUFF_RIGHT,40,cue_assumed,L4-L5,L2-L3,110.0,-264.0,106.0,-254.0,286.0,-4.0,10.0,-0.037654653039268425,0.0005379236148466925,3.7658495154786746,-3.765450269729731,0.032026704050163786,True,127.3843047,127.4820967
session-2-20261005-50000Hz-600mV,50000,PUFF_RIGHT,41,cue_assumed,L4-L5,L6-L7,-92.0,194.0,-92.0,195.0,214.7091055358389,0.0,1.0,0.00420824295010846,-0.0019956616052060738,0.4657464328326223,0.42102259358776095,-0.11386367079801836,True,127.4823258,127.5813619
session-2-20261005-50000Hz-600mV,50000,PUFF_RIGHT,42,cue_assumed,L4-L5,L7-L8,-21.0,73.0,-22.0,71.0,75.96051605933177,-1.0,-2.0,-0.02166377816291161,0.019930675909878685,2.943724047047319,-2.1460785251458114,1.1670687952575158,True,127.5815577,127.6813417
session-2-20261005-50000Hz-600mV,50000,PUFF_RIGHT,43,cue_assumed,L4-L5,L8-R8,-16.0,51.0,-16.0,47.0,53.45091205957107,0.0,-4.0,-0.07140357017850893,0.0224011200560028,7.483501863433122,-7.1133411271035785,1.3819143664498195,False,127.6815621,127.7821038
session-2-20261005-50000Hz-600mV,50000,PUFF_RIGHT,44,cue_assumed,L4-L5,R8-R7,-4.0,23.0,-3.0,22.0,23.345235059857504,1.0,-1.0,-0.04954128440366972,-0.03486238532110092,6.057825328153826,-4.890213123816601,-2.100640924659034,False,127.7823709,127.8781089
session-2-20261005-50000Hz-600mV,50000,PUFF_RIGHT,45,cue_assumed,L4-L5,R7-R6,-4.0,22.0,-4.0,24.0,22.360679774997898,0.0,2.0,0.08800000000000001,-0.016,8.944271909999161,8.811764069883509,-0.842524260740415,False,127.8783114,127.9761061
session-2-20261005-50000Hz-600mV,50000,PUFF_RIGHT,46,cue_assumed,L4-L5,R6-R5,-2.0,7.0,-1.0,6.0,7.280109889280518,1.0,-1.0,-0.16981132075471697,-0.09433962264150944,19.425717247145283,-16.44683084722822,-6.483073692897238,False,127.9764247,128.0740728
session-2-20261005-50000Hz-600mV,50000,PUFF_RIGHT,47,cue_assumed,L4-L5,R5-R4,-12.0,44.0,-12.0,42.0,45.60701700396552,0.0,-2.0,-0.04230769230769231,0.011538461538461539,4.3852900965351465,-4.223818602551688,0.6902771978650796,False,128.0743198,128.1720581
session-2-20261005-50000Hz-600mV,50000,PUFF_RIGHT,48,cue_assumed,L4-L5,R4-R3,26.0,-25.0,25.0,-23.0,36.069377593742864,-1.0,2.0,-0.05841660261337433,0.020753266717909297,6.199352821346413,-5.818792091330405,1.2626413163133847,False,128.1722419,128.2672067
session-2-20261005-50000Hz-600mV,50000,PUFF_RIGHT,49,cue_assumed,L4-L5,R3-R2,-2.0,-16.0,-1.0,-16.0,16.1245154965971,1.0,0.0,-0.007692307692307693,0.06153846153846154,6.201736729460423,-0.5785969490704312,3.5486819739044466,False,128.2674343,128.3651037
session-2-20261005-50000Hz-600mV,50000,PUFF_RIGHT,50,cue_assumed,L4-L5,R2-R1,7.0,-126.0,8.0,-122.0,126.19429464123962,1.0,4.0,-0.03120879120879121,0.00967032967032967,3.267267856553518,-3.1160528515139285,0.5718989506617406,True,128.3652793,128.46309
session-2-20261005-50000Hz-600mV,50000,PUFF_RIGHT,51,cue_assumed,L4-L5,R1-L1,35.0,12.0,34.0,8.0,37.0,-1.0,-4.0,-0.0606281957633309,-0.09349890430971512,11.14352871788557,-5.59865299149741,-5.684124500864032,False,128.4632889,128.5610945
session-2-20261005-50000Hz-600mV,50000,PUFF_RIGHT,52,cue_assumed,L5-L6,L1-L2,-32.0,101.0,-33.0,103.0,105.94810050208545,-1.0,2.0,0.020846325167037858,0.0032962138084632513,2.110531445965636,2.085164673057016,0.18500187404218926,True,128.5613217,128.6571013
session-2-20261005-50000Hz-600mV,50000,PUFF_RIGHT,53,cue_assumed,L5-L6,L2-L3,-76.0,197.0,-73.0,192.0,211.15160430363773,3.0,-5.0,-0.027206459571604804,-0.004732533363238758,2.7615001619690966,-2.719494801309452,-0.2787354538561295,True,128.6573664,128.7520962
session-2-20261005-50000Hz-600mV,50000,PUFF_RIGHT,54,cue_assumed,L5-L6,L3-L4,127.0,-302.0,126.0,-298.0,327.6171546180084,-1.0,4.0,-0.012437926825859707,0.0019192606188217975,1.258513349346763,-1.2436061850510272,0.11135036246069688,True,128.7523613,128.8500986
session-2-20261005-50000Hz-600mV,50000,PUFF_RIGHT,55,cue_assumed,L5-L6,L7-L8,-86.0,193.0,-87.0,190.0,211.29363454680788,-1.0,-3.0,-0.011042669951842313,0.010101915108074812,1.4966270360917289,-1.0991077216776723,0.5852395788319027,True,128.8503583,128.946114
session-2-20261005-50000Hz-600mV,50000,PUFF_RIGHT,56,cue_assumed,L5-L6,L8-R8,-23.0,58.0,-24.0,55.0,62.39390995922599,-1.0,-3.0,-0.038787567428718216,0.03262265604931929,5.068247305281729,-3.8234135448074413,1.9438193653946907,True,128.9463739,129.0451208
session-2-20261005-50000Hz-600mV,50000,PUFF_RIGHT,57,cue_assumed,L5-L6,R8-R7,-5.0,19.0,-6.0,21.0,19.6468827043885,-1.0,2.0,0.11139896373056994,0.023316062176165806,11.381286340149636,11.164351090481684,1.2018330644521207,False,129.0453327,129.1492084
session-2-20261005-50000Hz-600mV,50000,PUFF_RIGHT,58,cue_assumed,L5-L6,R7-R6,1.0,3.0,1.0,5.0,3.1622776601683795,0.0,2.0,0.6,0.19999999999999998,63.245553203367585,61.245154965971004,7.125016348901797,False,129.1494191,129.2451708
session-2-20261005-50000Hz-600mV,50000,PUFF_RIGHT,59,cue_assumed,L5-L6,R6-R5,12.0,41.0,11.0,43.0,42.720018726587654,-1.0,2.0,0.03835616438356164,0.03561643835616438,5.234239225902137,3.896682083429437,1.964520383313422,False,129.2453828,129.3402012
session-2-20261005-50000Hz-600mV,50000,PUFF_RIGHT,60,cue_assumed,L5-L6,R5-R4,6.0,0.0,5.0,-2.0,6.0,-1.0,-2.0,-0.16666666666666666,-0.3333333333333333,37.26779962499649,-10.247253214424934,-21.80140948635181,False,129.3404486,129.4372072
session-2-20261005-50000Hz-600mV,50000,PUFF_RIGHT,61,cue_assumed,L5-L6,R4-R3,0.0,8.0,1.0,9.0,8.0,1.0,1.0,0.125,-0.125,17.67766952966369,13.192314226717716,-6.34019174590991,False,129.4374095,129.5362158
session-2-20261005-50000Hz-600mV,50000,PUFF_RIGHT,62,cue_assumed,L5-L6,R3-R2,-1.0,3.0,-2.0,2.0,3.1622776601683795,-1.0,-1.0,-0.2,0.39999999999999997,44.721359549995796,-10.557280900008415,26.565051177077994,False,129.5364254,129.6341053
session-2-20261005-50000Hz-600mV,50000,PUFF_RIGHT,63,cue_assumed,L5-L6,R2-R1,-8.0,-38.0,-8.0,-34.0,38.8329756778952,0.0,4.0,-0.10079575596816977,-0.021220159151193633,10.300524052492095,-10.054540545992142,-1.3518618755592304,False,129.6343017,129.7312544
session-2-20261005-50000Hz-600mV,50000,PUFF_RIGHT,64,cue_assumed,L5-L6,R1-L1,-8.0,79.0,-8.0,74.0,79.40403012442127,0.0,-5.0,-0.0626486915146709,0.006344171292624901,6.296909605425953,-6.262722248373942,0.38778277266556843,True,129.7314676,129.8281968
session-2-20261005-50000Hz-600mV,50000,PUFF_RIGHT,65,cue_assumed,L6-L7,L1-L2,-20.0,48.0,-20.0,49.0,52.0,0.0,1.0,0.01775147928994083,-0.007396449704142012,1.9230769230769231,1.77783555691724,-0.41638641598303333,False,129.8283564,129.9240766
session-2-20261005-50000Hz-600mV,50000,PUFF_RIGHT,66,cue_assumed,L6-L7,L2-L3,-19.0,52.0,-18.0,51.0,55.362442142665635,1.0,-1.0,-0.023164763458401308,-0.010766721044045677,2.5544638343965267,-2.3105429623379803,-0.6314910363625359,False,129.9242866,130.0202051
session-2-20261005-50000Hz-600mV,50000,PUFF_RIGHT,67,cue_assumed,L6-L7,L3-L4,14.0,-43.0,14.0,-42.0,45.221676218380054,0.0,1.0,-0.021026894865525673,0.00684596577017115,2.2113289104342324,-2.100295821490805,0.40066325579215273,False,130.0204118,130.1172094
session-2-20261005-50000Hz-600mV,50000,PUFF_RIGHT,68,cue_assumed,L6-L7,L4-L5,-107.0,223.0,-107.0,223.0,247.34186867572583,0.0,0.0,0.0,-0.0,0.0,0.0,1.2752787985272493e-16,True,130.1173943,130.2174712
session-2-20261005-50000Hz-600mV,50000,PUFF_RIGHT,69,cue_assumed,L6-L7,L8-R8,-139.0,315.0,-133.0,303.0,344.30509726113553,6.0,-12.0,-0.03892160005398748,-0.0018726907698277467,3.8966625738982796,-3.8919775557988645,-0.1116424442128152,True,130.2176854,130.3160784
session-2-20261005-50000Hz-600mV,50000,PUFF_RIGHT,70,cue_assumed,L6-L7,R8-R7,-29.0,53.0,-31.0,57.0,60.41522986797286,-2.0,4.0,0.07397260273972603,-0.00273972602739726,7.402332101976053,7.397609728254517,-0.14616238577947657,True,130.3163353,130.4152432
session-2-20261005-50000Hz-600mV,50000,PUFF_RIGHT,71,cue_assumed,L6-L7,R7-R6,-13.0,44.0,-13.0,51.0,45.880278987817846,0.0,7.0,0.14631828978622327,-0.04323040380047506,15.257099900937051,14.713316110692398,-2.1597373628544467,False,130.4154782,130.5162165
session-2-20261005-50000Hz-600mV,50000,PUFF_RIGHT,72,cue_assumed,L6-L7,R6-R5,-9.0,22.0,-10.0,23.0,23.769728648009426,-1.0,1.0,0.05486725663716814,0.02300884955752212,5.949641173087296,5.511816223737975,1.24954201873973,False,130.5165263,130.6140858
session-2-20261005-50000Hz-600mV,50000,PUFF_RIGHT,73,cue_assumed,L6-L7,R5-R4,-9.0,14.0,-8.0,11.0,16.64331697709324,1.0,-3.0,-0.18411552346570398,0.046931407942238275,19.00028500641266,-18.276684104162577,3.292147112996007,False,130.6142995,130.711092
session-2-20261005-50000Hz-600mV,50000,PUFF_RIGHT,74,cue_assumed,L6-L7,R4-R3,13.0,-4.0,13.0,-2.0,13.601470508735444,0.0,2.0,-0.043243243243243246,0.14054054054054055,14.704292441876154,-3.2976145519080347,8.356566706497164,False,130.7113178,130.80821
session-2-20261005-50000Hz-600mV,50000,PUFF_RIGHT,75,cue_assumed,L6-L7,R3-R2,-3.0,1.0,-2.0,1.0,3.1622776601683795,1.0,0.0,-0.3,-0.09999999999999999,31.622776601683793,-29.289321881345252,-8.130102354155978,False,130.8084677,130.9060759
session-2-20261005-50000Hz-600mV,50000,PUFF_RIGHT,76,cue_assumed,L6-L7,R2-R1,-8.0,-61.0,-7.0,-56.0,61.5223536610881,1.0,5.0,-0.08269484808454426,0.005548216644649933,8.288076138442397,-8.267806935701516,0.3465428276905786,False,130.9062482,131.0040719
session-2-20261005-50000Hz-600mV,50000,PUFF_RIGHT,77,cue_assumed,L6-L7,R1-L1,6.0,69.0,5.0,65.0,69.26037828369117,-1.0,-4.0,-0.05878674171357099,0.009380863039399626,5.95305097631633,-5.873999438756572,0.5710353731147715,False,131.0043272,131.1012041
session-2-20261005-50000Hz-600mV,50000,PUFF_RIGHT,78,cue_assumed,L7-L8,L1-L2,1.0,19.0,2.0,18.0,19.026297590440446,1.0,-1.0,-0.049723756906077346,-0.055248618784530384,7.432941462471663,-4.81190473245624,-3.3274042417265703,False,131.1014259,131.199206
session-2-20261005-50000Hz-600mV,50000,PUFF_RIGHT,79,cue_assumed,L7-L8,L2-L3,-5.0,29.0,-5.0,29.0,29.427877939124322,0.0,0.0,0.0,-0.0,0.0,0.0,-6.390490930423232e-16,False,131.1994192,131.2960958
session-2-20261005-50000Hz-600mV,50000,PUFF_RIGHT,80,cue_assumed,L7-L8,L3-L4,10.0,-30.0,11.0,-29.0,31.622776601683793,1.0,1.0,-0.02,0.039999999999999994,4.472135954999579,-1.9184013180861825,2.337305859123821,False,131.296333,131.3951051
session-2-20261005-50000Hz-600mV,50000,PUFF_RIGHT,81,cue_assumed,L7-L8,L4-L5,-33.0,95.0,-33.0,93.0,100.56838469419701,0.0,-2.0,-0.018785841407949377,0.0065256080680245205,1.9886965531777143,-1.8764142225650482,0.38104249268871776,True,131.3953193,131.4912065
session-2-20261005-50000Hz-600mV,50000,PUFF_RIGHT,82,cue_assumed,L7-L8,L5-L6,-89.0,203.0,-90.0,200.0,221.65288177689007,-1.0,-3.0,-0.010584164461632403,0.009566456340321595,1.4266801472725468,-1.0537917502142502,0.5539637370967435,True,131.4914326,131.5910981
session-2-20261005-50000Hz-600mV,50000,PUFF_RIGHT,83,cue_assumed,L7-L8,R8-R7,-60.0,135.0,-65.0,152.0,147.73286702694156,-5.0,17.0,0.11890034364261169,-0.015807560137457044,11.994653257110215,11.901200081190112,-0.8094074104646382,True,131.5914206,131.6892111
session-2-20261005-50000Hz-600mV,50000,PUFF_RIGHT,84,cue_assumed,L7-L8,R7-R6,-32.0,68.0,-37.0,90.0,75.15317691222374,-5.0,22.0,0.2932011331444759,-0.06444759206798865,30.020059393773113,29.480603292134777,-2.8530152975656615,True,131.6894265,131.7870585
session-2-20261005-50000Hz-600mV,50000,PUFF_RIGHT,85,cue_assumed,L7-L8,R6-R5,-16.0,23.0,-18.0,28.0,28.0178514522438,-2.0,5.0,0.1872611464968153,-0.04331210191082802,19.220477402821107,18.80509114313518,-2.0892628848491945,False,131.7873132,131.8862126
session-2-20261005-50000Hz-600mV,50000,PUFF_RIGHT,86,cue_assumed,L7-L8,R5-R4,-8.0,16.0,-8.0,15.0,17.88854381999832,0.0,-1.0,-0.05,0.025,5.5901699437494745,-4.967110956258947,1.507435758774968,False,131.8864205,131.9863722
session-2-20261005-50000Hz-600mV,50000,PUFF_RIGHT,87,cue_assumed,L7-L8,R4-R3,12.0,-5.0,12.0,-4.0,13.0,0.0,1.0,-0.02958579881656805,0.07100591715976332,7.6923076923076925,-2.6991489178960104,4.184916125118416,False,131.9866161,132.0840699
session-2-20261005-50000Hz-600mV,50000,PUFF_RIGHT,88,cue_assumed,L7-L8,R3-R2,-2.0,1.0,-2.0,1.0,2.23606797749979,0.0,0.0,-0.0,-0.0,0.0,0.0,-0.0,False,132.0842873,132.1821044
session-2-20261005-50000Hz-600mV,50000,PUFF_RIGHT,89,cue_assumed,L7-L8,R2-R1,-6.0,-56.0,-7.0,-52.0,56.32051136131489,-1.0,4.0,-0.06872635561160151,-0.025220680958385873,7.32078868951768,-6.838490593998303,-1.5513006955287705,False,132.1823028,132.2822098
session-2-20261005-50000Hz-600mV,50000,PUFF_RIGHT,90,cue_assumed,L7-L8,R1-L1,-2.0,74.0,-3.0,70.0,74.02702209328699,-1.0,-4.0,-0.05364963503649635,0.014963503649635038,5.569730497090409,-5.353134245870095,0.9058739755491076,True,132.2824438,132.3811147
session-2-20261005-50000Hz-600mV,50000,PUFF_RIGHT,91,cue_assumed,L8-R8,L1-L2,8.0,3.0,8.0,2.0,8.54400374531753,0.0,-1.0,-0.0410958904109589,-0.1095890410958904,11.704114719613056,-3.4853975133778636,-6.519801751656986,False,132.3813158,132.4781094
session-2-20261005-50000Hz-600mV,50000,PUFF_RIGHT,92,cue_assumed,L8-R8,L2-L3,-4.0,26.0,-3.0,25.0,26.30589287593181,1.0,-1.0,-0.043352601156069356,-0.031791907514450865,5.376033305704703,-4.282448260610727,-1.9033888499242695,False,132.4783448,132.5760703
session-2-20261005-50000Hz-600mV,50000,PUFF_RIGHT,93,cue_assumed,L8-R8,L3-L4,11.0,-29.0,11.0,-29.0,31.016124838541646,0.0,0.0,-0.0,0.0,0.0,0.0,9.587950702956548e-16,False,132.5762786,132.6740765
session-2-20261005-50000Hz-600mV,50000,PUFF_RIGHT,94,cue_assumed,L8-R8,L4-L5,-23.0,71.0,-21.0,68.0,74.63243262818116,2.0,-3.0,-0.04649910233393177,-0.013105924596050268,4.831078324120625,-4.640903574461497,-0.7874841900485782,True,132.6743049,132.7722041
session-2-20261005-50000Hz-600mV,50000,PUFF_RIGHT,95,cue_assumed,L8-R8,L5-L6,-20.0,62.0,-19.0,60.0,65.14598989960932,1.0,-2.0,-0.033930254476908575,-0.005183788878416588,3.432395425943476,-3.3916346850757173,-0.3074378175189141,True,132.7724298,132.8712035
session-2-20261005-50000Hz-600mV,50000,PUFF_RIGHT,96,cue_assumed,L8-R8,L6-L7,-135.0,332.0,-126.0,320.0,358.39782365410645,9.0,-12.0,-0.04047520805922973,-0.010650141301216824,4.185293271891254,-4.041610483568747,-0.635922173407015,True,132.8714118,132.9682037
session-2-20261005-50000Hz-600mV,50000,PUFF_RIGHT,97,cue_assumed,L8-R8,R7-R6,-159.0,348.0,-168.0,406.0,382.602927328059,-9.0,58.0,0.14765857157495646,-0.041602623219592176,15.34074053568076,14.841237156703468,-2.076062966953739,True,132.9684079,133.068209
session-2-20261005-50000Hz-600mV,50000,PUFF_RIGHT,98,cue_assumed,L8-R8,R6-R5,-43.0,76.0,-50.0,94.0,87.32124598286491,-7.0,18.0,0.21888524590163932,-0.03173770491803278,22.117421365721015,21.929837389794148,-1.4915479154853264,True,133.0684067,133.1652154
session-2-20261005-50000Hz-600mV,50000,PUFF_RIGHT,99,cue_assumed,L8-R8,R5-R4,-21.0,42.0,-20.0,39.0,46.95742752749558,1.0,-3.0,-0.06666666666666668,0.009523809523809525,6.734350297014739,-6.661807706654354,0.5846305207051778,False,133.165404,133.2620849
session-2-20261005-50000Hz-600mV,50000,PUFF_RIGHT,100,cue_assumed,L8-R8,R4-R3,18.0,-14.0,17.0,-11.0,22.80350850198276,-1.0,3.0,-0.11538461538461539,0.07692307692307693,13.867504905630728,-11.204643226036948,4.969740728110304,False,133.2624476,133.3592148
session-2-20261005-50000Hz-600mV,50000,PUFF_RIGHT,101,cue_assumed,L8-R8,R3-R2,-5.0,7.0,-4.0,6.0,8.602325267042627,1.0,-1.0,-0.16216216216216217,-0.02702702702702703,16.43989873053573,-16.172635571509065,-1.847610265994596,False,133.3594468,133.456224
session-2-20261005-50000Hz-600mV,50000,PUFF_RIGHT,102,cue_assumed,L8-R8,R2-R1,-13.0,-46.0,-13.0,-45.0,47.80167361086848,0.0,1.0,-0.02013129102844639,-0.0056892778993435445,2.0919769632765197,-2.0114774728899665,-0.33266492357390354,False,133.4564181,133.5530572
session-2-20261005-50000Hz-600mV,50000,PUFF_RIGHT,103,cue_assumed,L8-R8,R1-L1,-8.0,88.0,-7.0,86.0,88.36288813749809,1.0,-2.0,-0.023565573770491798,-0.009221311475409834,2.530551031809112,-2.3522032347132016,-0.5410773204664205,True,133.5532855,133.6530812
session-2-20261005-50000Hz-600mV,50000,PUFF_RIGHT,104,cue_assumed,R8-R7,L1-L2,9.0,-6.0,7.0,-3.0,10.816653826391969,-2.0,3.0,-0.3076923076923077,0.12820512820512822,33.333333333333336,-29.59215272950779,10.491477012331599,False,133.6532605,133.7522067
session-2-20261005-50000Hz-600mV,50000,PUFF_RIGHT,105,cue_assumed,R8-R7,L2-L3,0.0,16.0,-1.0,16.0,16.0,-1.0,0.0,0.0,0.0625,6.25,0.1951221367587408,3.576334374997351,False,133.7524113,133.8512059
session-2-20261005-50000Hz-600mV,50000,PUFF_RIGHT,106,cue_assumed,R8-R7,L3-L4,5.0,-17.0,4.0,-15.0,17.72004514666935,-1.0,2.0,-0.12420382165605096,-0.022292993630573247,12.618861628126718,-12.392013859073392,-1.4581231558972307,False,133.8514406,133.9482054
session-2-20261005-50000Hz-600mV,50000,PUFF_RIGHT,107,cue_assumed,R8-R7,L4-L5,-8.0,37.0,-7.0,36.0,37.8549864614954,1.0,-1.0,-0.0314026517794836,-0.020237264480111653,3.735871267082812,-3.119126250149107,-1.196927875631282,False,133.9484405,134.0441192
session-2-20261005-50000Hz-600mV,50000,PUFF_RIGHT,108,cue_assumed,R8-R7,L5-L6,-2.0,19.0,-3.0,20.0,19.1049731745428,-1.0,1.0,0.05753424657534246,0.04657534246575343,7.402332101976052,5.855937254623544,2.5217596524536083,False,134.0444054,134.1620953
session-2-20261005-50000Hz-600mV,50000,PUFF_RIGHT,109,cue_assumed,R8-R7,L6-L7,-30.0,59.0,-31.0,64.0,66.18912297349165,-1.0,5.0,0.07418397626112759,-0.020771513353115723,7.703712157713452,7.438478704007423,-1.1077913766686058,True,134.1622884,134.2602196
session-2-20261005-50000Hz-600mV,50000,PUFF_RIGHT,110,cue_assumed,R8-R7,L7-L8,-51.0,141.0,-54.0,154.0,149.9399879951976,-3.0,13.0,0.08833733653589537,-0.010675206832132373,8.89800262259168,8.838969038619403,-0.5619807956936581,True,134.2605299,134.3582236
session-2-20261005-50000Hz-600mV,50000,PUFF_RIGHT,111,cue_assumed,R8-R7,R6-R5,-102.0,183.0,-98.0,178.0,209.50656314301946,4.0,-5.0,-0.030141480418289936,-0.005057754083794684,3.056288137886049,-3.012829256566185,-0.2987913494830905,True,134.3584256,134.4550708
session-2-20261005-50000Hz-600mV,50000,PUFF_RIGHT,112,cue_assumed,R8-R7,R5-R4,-28.0,54.0,-30.0,57.0,60.8276253029822,-2.0,3.0,0.05891891891891892,0.006486486486486488,5.927489783638192,5.893878545992992,0.3509651632416218,False,134.4552807,134.5550817
session-2-20261005-50000Hz-600mV,50000,PUFF_RIGHT,113,cue_assumed,R8-R7,R4-R3,18.0,-16.0,21.0,-19.0,24.08318915758459,3.0,-3.0,0.17586206896551723,-0.010344827586206902,17.6166065854411,17.59075731917261,-0.5040554373180554,False,134.5552736,134.6540796
session-2-20261005-50000Hz-600mV,50000,PUFF_RIGHT,114,cue_assumed,R8-R7,R3-R2,-5.0,9.0,-5.0,9.0,10.295630140987,0.0,0.0,0.0,-0.0,0.0,0.0,-1.0801883823838359e-15,False,134.6542901,134.7562113
session-2-20261005-50000Hz-600mV,50000,PUFF_RIGHT,115,cue_assumed,R8-R7,R2-R1,-16.0,-33.0,-15.0,-34.0,36.6742416417845,1.0,-1.0,0.012639405204460967,0.036431226765799254,3.856149436398495,1.3294527398872935,2.0604132756368028,False,134.7564496,134.8530735
session-2-20261005-50000Hz-600mV,50000,PUFF_RIGHT,116,cue_assumed,R8-R7,R1-L1,-1.0,74.0,-2.0,74.0,74.00675644831355,-1.0,0.0,0.00018258170531312764,0.013511046193171445,1.3512279797026394,0.027383506514833122,0.7739375340499054,True,134.8533059,134.9500826
session-2-20261005-50000Hz-600mV,50000,PUFF_RIGHT,117,cue_assumed,R7-R6,L1-L2,18.0,-18.0,18.0,-21.0,25.45584412271571,0.0,-3.0,0.08333333333333333,-0.08333333333333333,11.785113019775793,8.65337342004413,-4.398705354995532,False,134.9503324,135.0472372
session-2-20261005-50000Hz-600mV,50000,PUFF_RIGHT,118,cue_assumed,R7-R6,L2-L3,-1.0,20.0,-1.0,19.0,20.024984394500787,0.0,-1.0,-0.04987531172069825,0.0024937655860349127,4.993761694389223,-4.987203906808524,0.15038227807159227,False,135.0474985,135.1461475
session-2-20261005-50000Hz-600mV,50000,PUFF_RIGHT,119,cue_assumed,R7-R6,L3-L4,11.0,-24.0,11.0,-25.0,26.40075756488817,0.0,-1.0,0.03443328550932568,-0.015781922525107604,3.7877700953928506,3.455366765006751,-0.8740702932968499,False,135.1463531,135.2431087
session-2-20261005-50000Hz-600mV,50000,PUFF_RIGHT,120,cue_assumed,R7-R6,L4-L5,-13.0,45.0,-14.0,46.0,46.84015371452148,-1.0,1.0,0.02643573381950775,0.014585232452142207,3.0192333931958424,2.653935368658633,0.8140948310577526,False,135.2433237,135.3431061
session-2-20261005-50000Hz-600mV,50000,PUFF_RIGHT,121,cue_assumed,R7-R6,L5-L6,1.0,11.0,1.0,11.0,11.045361017187261,0.0,0.0,0.0,0.0,0.0,0.0,1.4338566186925689e-16,False,135.3433446,135.4412168
session-2-20261005-50000Hz-600mV,50000,PUFF_RIGHT,122,cue_assumed,R7-R6,L6-L7,-15.0,57.0,-16.0,64.0,58.9406481131655,-1.0,7.0,0.11917098445595857,-0.01381692573402418,11.99692917914491,11.925627087135805,-0.7073193685442558,False,135.4414197,135.5392069
session-2-20261005-50000Hz-600mV,50000,PUFF_RIGHT,123,cue_assumed,R7-R6,L7-L8,-25.0,77.0,-30.0,97.0,80.95677859203639,-5.0,20.0,0.2540433323161428,-0.017546536466280134,25.464857281408953,25.41660816130127,-0.8016285078366895,True,135.5394218,135.6351097
session-2-20261005-50000Hz-600mV,50000,PUFF_RIGHT,124,cue_assumed,R7-R6,L8-R8,-140.0,366.0,-150.0,427.0,391.86222068477076,-10.0,61.0,0.1545104066268983,-0.031779936961108646,15.774482606178086,15.494772323385186,-1.5767693025106757,True,135.6353314,135.7320845
session-2-20261005-50000Hz-600mV,50000,PUFF_RIGHT,125,cue_assumed,R7-R6,R5-R4,-51.0,93.0,-47.0,85.0,106.06601717798213,4.0,-8.0,-0.08426666666666667,0.003199999999999997,8.432740427115679,-8.426107553638518,0.20021740115131859,True,135.7322917,135.8291278
session-2-20261005-50000Hz-600mV,50000,PUFF_RIGHT,126,cue_assumed,R7-R6,R4-R3,13.0,-8.0,11.0,-5.0,15.264337522473747,-2.0,3.0,-0.21459227467811157,0.09871244635193133,23.62075176964294,-20.841333888191016,7.163547465832369,False,135.8293334,135.9281011
session-2-20261005-50000Hz-600mV,50000,PUFF_RIGHT,127,cue_assumed,R7-R6,R3-R2,-11.0,20.0,-10.0,18.0,22.825424421026653,1.0,-2.0,-0.09788867562380037,0.003838771593090214,9.79639167383865,-9.788050806163994,0.24381035610408264,False,135.9283147,136.0240922
session-2-20261005-50000Hz-600mV,50000,PUFF_RIGHT,128,cue_assumed,R7-R6,R2-R1,-28.0,-5.0,-26.0,1.0,28.442925306655784,2.0,6.0,-0.10630407911001237,-0.19530284301606923,22.23595235774424,-8.521281190346674,-12.327269817163623,False,136.0243685,136.1212063
session-2-20261005-50000Hz-600mV,50000,PUFF_RIGHT,129,cue_assumed,R7-R6,R1-L1,-8.0,79.0,-9.0,73.0,79.40403012442127,-1.0,-6.0,-0.0739095955590801,0.020142743854084058,7.660521160911987,-7.369056610249391,1.2460039165855636,True,136.1214406,136.2192179
session-2-20261005-50000Hz-600mV,50000,PUFF_RIGHT,130,cue_assumed,R6-R5,L1-L2,9.0,5.0,8.0,6.0,10.295630140987,-1.0,1.0,-0.03773584905660377,0.1320754716981132,13.736056394868903,-2.8714137642735893,7.815293546766875,False,136.2195829,136.3150749
session-2-20261005-50000Hz-600mV,50000,PUFF_RIGHT,131,cue_assumed,R6-R5,L2-L3,-2.0,26.0,-2.0,26.0,26.076809620810597,0.0,0.0,0.0,-0.0,0.0,0.0,-2.4321888740603364e-16,False,136.3153073,136.410208
session-2-20261005-50000Hz-600mV,50000,PUFF_RIGHT,132,cue_assumed,R6-R5,L3-L4,-3.0,5.0,-3.0,5.0,5.830951894845301,0.0,0.0,0.0,-0.0,0.0,0.0,9.354572592539755e-16,False,136.4104093,136.5072041
session-2-20261005-50000Hz-600mV,50000,PUFF_RIGHT,133,cue_assumed,R6-R5,L4-L5,-4.0,19.0,-4.0,19.0,19.4164878389476,0.0,0.0,0.0,-0.0,0.0,0.0,6.411728270324332e-16,False,136.5074196,136.6050818
session-2-20261005-50000Hz-600mV,50000,PUFF_RIGHT,134,cue_assumed,R6-R5,L5-L6,17.0,40.0,17.0,40.0,43.46262762420146,0.0,0.0,0.0,0.0,0.0,0.0,-5.387916877016016e-16,False,136.6052516,136.7141173
session-2-20261005-50000Hz-600mV,50000,PUFF_RIGHT,135,cue_assumed,R6-R5,L6-L7,-8.0,25.0,-9.0,26.0,26.248809496813376,-1.0,1.0,0.047895500725689405,0.024673439767779387,5.387724584403653,4.8185937260712075,1.3488203754286814,False,136.7144271,136.8110999
session-2-20261005-50000Hz-600mV,50000,PUFF_RIGHT,136,cue_assumed,R6-R5,L7-L8,-8.0,24.0,-11.0,28.0,25.298221281347036,-3.0,4.0,0.1875,0.0625,19.764235376052373,18.91435994025279,3.0127875041833407,False,136.811267,136.9082051
session-2-20261005-50000Hz-600mV,50000,PUFF_RIGHT,137,cue_assumed,R6-R5,L8-R8,-32.0,78.0,-39.0,96.0,84.30895563343196,-7.0,18.0,0.22903770399549805,-0.004220596510973548,22.90765882547534,22.904495087748256,-0.19675671115596624,True,136.9084309,137.0070755
session-2-20261005-50000Hz-600mV,50000,PUFF_RIGHT,138,cue_assumed,R6-R5,R8-R7,-77.0,187.0,-75.0,185.0,202.2325394193526,2.0,-2.0,-0.0129101667563206,-0.0053792361484669175,1.3986013986013983,-1.2895509545936878,-0.31223548954935565,True,137.0073227,137.1022118
session-2-20261005-50000Hz-600mV,50000,PUFF_RIGHT,139,cue_assumed,R6-R5,R4-R3,150.0,-365.0,150.0,-363.0,394.62007044751283,0.0,2.0,-0.0046877508428319154,0.0019264729491090063,0.5068165939284159,-0.4685886455776167,0.1108984960097349,True,137.1024457,137.2012175
session-2-20261005-50000Hz-600mV,50000,PUFF_RIGHT,140,cue_assumed,R6-R5,R3-R2,-80.0,198.0,-79.0,196.0,213.55093069335942,1.0,-2.0,-0.010437680905183756,-0.0008332602403297957,1.0470888467869002,-1.0437330082152307,-0.04824585860018012,True,137.2014361,137.2992235
session-2-20261005-50000Hz-600mV,50000,PUFF_RIGHT,141,cue_assumed,R6-R5,R2-R1,-84.0,119.0,-85.0,126.0,145.6605643267937,-1.0,7.0,0.04322005938634114,-0.02210491586935005,4.8544833287898905,4.345422497186346,-1.213865549080143,True,137.2994655,137.399205
session-2-20261005-50000Hz-600mV,50000,PUFF_RIGHT,142,cue_assumed,R6-R5,R1-L1,-12.0,107.0,-13.0,102.0,107.67079455451233,-1.0,-5.0,-0.045113430518416285,0.014405244544121452,4.735749870417476,-4.5004779254532945,0.8642881132156467,True,137.3994428,137.4982181
session-2-20261005-50000Hz-600mV,50000,PUFF_RIGHT,143,cue_assumed,R5-R4,L1-L2,34.0,-61.0,33.0,-61.0,69.83552104767315,-1.0,0.0,-0.006971498872257536,-0.012507689153167932,1.4319360477275611,-0.6892731705198218,-0.7216307541535878,True,137.4984419,137.5982104
session-2-20261005-50000Hz-600mV,50000,PUFF_RIGHT,144,cue_assumed,R5-R4,L2-L3,-1.0,14.0,-1.0,14.0,14.035668847618199,0.0,0.0,0.0,-0.0,0.0,0.0,2.260292667029911e-16,False,137.5984341,137.69708
session-2-20261005-50000Hz-600mV,50000,PUFF_RIGHT,145,cue_assumed,R5-R4,L3-L4,18.0,-60.0,18.0,-58.0,62.6418390534633,0.0,2.0,-0.030581039755351678,0.009174311926605503,3.1927542840705043,-3.0537629156684787,0.5422151649463544,True,137.6972867,137.7951203
session-2-20261005-50000Hz-600mV,50000,PUFF_RIGHT,146,cue_assumed,R5-R4,L4-L5,-17.0,72.0,-16.0,69.0,73.97972695272672,1.0,-3.0,-0.04257262927096656,-0.003837018088799562,4.274519237127064,-4.2564940620553715,-0.2296192611055866,True,137.7953295,137.8922032
session-2-20261005-50000Hz-600mV,50000,PUFF_RIGHT,147,cue_assumed,R5-R4,L5-L6,9.0,10.0,9.0,8.0,13.45362404707371,0.0,-2.0,-0.11049723756906077,-0.09944751381215469,14.865882924943326,-10.495532381020755,-6.37924816761314,False,137.8924866,137.9890862
session-2-20261005-50000Hz-600mV,50000,PUFF_RIGHT,148,cue_assumed,R5-R4,L6-L7,-7.0,28.0,-6.0,27.0,28.861739379323623,1.0,-1.0,-0.04201680672268907,-0.025210084033613446,4.899959575500253,-4.168515250008998,-1.507435758774968,False,137.9892845,138.0882094
session-2-20261005-50000Hz-600mV,50000,PUFF_RIGHT,149,cue_assumed,R5-R4,L7-L8,1.0,26.0,0.0,24.0,26.019223662515376,-1.0,-2.0,-0.07828655834564253,0.03545051698670606,8.593907360584257,-7.760506957109447,2.2025981617658053,False,138.0883937,138.1840766
session-2-20261005-50000Hz-600mV,50000,PUFF_RIGHT,150,cue_assumed,R5-R4,L8-R8,-11.0,51.0,-11.0,48.0,52.172789842982326,0.0,-3.0,-0.056208670095518,0.012123438648052902,5.750123788719581,-5.613080770292989,0.7359504626783657,False,138.1842924,138.282159
session-2-20261005-50000Hz-600mV,50000,PUFF_RIGHT,151,cue_assumed,R5-R4,R8-R7,-14.0,65.0,-16.0,69.0,66.49060083951716,-2.0,4.0,0.0651436326622936,0.016738294503505995,6.725967126983259,6.527514225382802,0.9003055265743725,True,138.2823459,138.3781063
session-2-20261005-50000Hz-600mV,50000,PUFF_RIGHT,152,cue_assumed,R5-R4,R7-R6,-30.0,97.0,-25.0,92.0,101.53324578678651,5.0,-5.0,-0.061596663109903964,-0.0324958773886895,6.96428815711681,-6.10341834050997,-1.9832974350486248,True,138.3783682,138.4793982
session-2-20261005-50000Hz-600mV,50000,PUFF_RIGHT,153,cue_assumed,R5-R4,R3-R2,91.0,-278.0,89.0,-273.0,292.5149568825499,-2.0,5.0,-0.01837199789633612,-0.0011803891778180327,1.8409878470921224,-1.837128819871947,-0.06889706215548948,True,138.479682,138.5791471
session-2-20261005-50000Hz-600mV,50000,PUFF_RIGHT,154,cue_assumed,R5-R4,R2-R1,-15.0,-66.0,-15.0,-56.0,67.68308503607086,0.0,10.0,-0.1440733464309103,-0.03274394237066142,14.774740239264542,-14.34472567016356,-2.190813063889236,False,138.5793779,138.6812593
session-2-20261005-50000Hz-600mV,50000,PUFF_RIGHT,155,cue_assumed,R5-R4,R1-L1,14.0,28.0,13.0,24.0,31.304951684997057,-1.0,-4.0,-0.12857142857142856,-0.02857142857142857,13.170777796132697,-12.810317030473561,-1.8778774472853594,False,138.6815329,138.7802965
session-2-20261005-50000Hz-600mV,50000,PUFF_RIGHT,156,cue_assumed,R4-R3,L1-L2,-4.0,44.0,-4.0,43.0,44.181444068749045,0.0,-1.0,-0.022540983606557374,0.002049180327868852,2.263393651062963,-2.253883562115244,0.12011676220994434,False,138.7805337,138.8791532
session-2-20261005-50000Hz-600mV,50000,PUFF_RIGHT,157,cue_assumed,R4-R3,L2-L3,3.0,11.0,3.0,12.0,11.40175425099138,0.0,1.0,0.08461538461538462,0.023076923076923078,8.770580193070293,8.486085601936843,1.2188752351312966,False,138.8793881,138.9802991
session-2-20261005-50000Hz-600mV,50000,PUFF_RIGHT,158,cue_assumed,R4-R3,L3-L4,-7.0,47.0,-6.0,44.0,47.51841748206689,1.0,-3.0,-0.06554472984942428,-0.011514614703277238,6.654846326399235,-6.5473789418429185,-0.7059786145894983,False,138.9805206,139.0781624
session-2-20261005-50000Hz-600mV,50000,PUFF_RIGHT,159,cue_assumed,R4-R3,L4-L5,15.0,-20.0,14.0,-17.0,25.0,-1.0,3.0,-0.12,0.04,12.649110640673516,-11.909137817819026,2.602562202499806,False,139.0784274,139.178141
session-2-20261005-50000Hz-600mV,50000,PUFF_RIGHT,160,cue_assumed,R4-R3,L5-L6,-2.0,3.0,-2.0,3.0,3.605551275463989,0.0,0.0,0.0,-0.0,0.0,0.0,1.4679483145216231e-15,False,139.1783459,139.2751263
session-2-20261005-50000Hz-600mV,50000,PUFF_RIGHT,161,cue_assumed,R4-R3,L6-L7,3.0,-5.0,3.0,-3.0,5.830951894845301,0.0,2.0,-0.29411764705882354,0.17647058823529413,34.29971702850177,-27.239312489100087,14.036243467926482,False,139.2753328,139.3731096
session-2-20261005-50000Hz-600mV,50000,PUFF_RIGHT,162,cue_assumed,R4-R3,L7-L8,8.0,-9.0,7.0,-8.0,12.041594578792296,-1.0,1.0,-0.11724137931034483,-0.006896551724137934,11.744404390294068,-11.721444006622638,-0.4476141708605515,False,139.3734071,139.4702662
session-2-20261005-50000Hz-600mV,50000,PUFF_RIGHT,163,cue_assumed,R4-R3,L8-R8,10.0,-19.0,9.0,-18.0,21.470910553583888,-1.0,1.0,-0.06290672451193058,-0.019522776572668113,6.586649219387841,-6.270338431739486,-1.1934894239820337,False,139.470482,139.5691136
session-2-20261005-50000Hz-600mV,50000,PUFF_RIGHT,164,cue_assumed,R4-R3,R8-R7,10.0,-18.0,11.0,-21.0,20.591260281974,1.0,-3.0,0.1509433962264151,-0.02830188679245283,15.35737792084878,15.129131765735426,-1.4086287353384683,False,139.5693145,139.6682691
session-2-20261005-50000Hz-600mV,50000,PUFF_RIGHT,165,cue_assumed,R4-R3,R7-R6,10.0,-19.0,11.0,-15.0,21.470910553583888,1.0,4.0,-0.14316702819956614,0.12798264642082427,19.203217373235425,-13.366155611721775,8.495297136384767,False,139.6685105,139.7693713
session-2-20261005-50000Hz-600mV,50000,PUFF_RIGHT,166,cue_assumed,R4-R3,R6-R5,113.0,-359.0,113.0,-357.0,376.36418533117626,0.0,2.0,-0.005068831627250265,0.001595481821390752,0.5314001910782581,-0.5067552362570171,0.09188002065088187,True,139.7695871,139.8692664
session-2-20261005-50000Hz-600mV,50000,PUFF_RIGHT,167,cue_assumed,R4-R3,R2-R1,-181.0,533.0,-180.0,536.0,562.8943062422998,1.0,3.0,0.0044753037715007105,-0.0033959286728736,0.5617888873807806,0.4481044230501885,-0.19370475157518793,True,139.869486,139.9651547
session-2-20261005-50000Hz-600mV,50000,PUFF_RIGHT,168,cue_assumed,R4-R3,R1-L1,-21.0,122.0,-21.0,116.0,123.79418403139947,0.0,-6.0,-0.047765089722675375,0.008221859706362154,4.846754350332117,-4.772959547831368,0.4946953214616882,True,139.9653874,140.0631575
session-2-20261005-50000Hz-600mV,50000,PUFF_RIGHT,169,cue_assumed,R3-R2,L1-L2,18.0,-25.0,18.0,-25.0,30.805843601498726,0.0,0.0,-0.0,0.0,0.0,0.0,1.0054440510422076e-15,False,140.063404,140.1611782
session-2-20261005-50000Hz-600mV,50000,PUFF_RIGHT,170,cue_assumed,R3-R2,L2-L3,-1.0,25.0,-1.0,25.0,25.019992006393608,0.0,0.0,0.0,-0.0,0.0,0.0,-4.763210884779628e-17,False,140.1613523,140.2592783
session-2-20261005-50000Hz-600mV,50000,PUFF_RIGHT,171,cue_assumed,R3-R2,L3-L4,8.0,14.0,8.0,14.0,16.1245154965971,0.0,0.0,0.0,0.0,0.0,0.0,-1.370085093553515e-15,False,140.2594951,140.358279
session-2-20261005-50000Hz-600mV,50000,PUFF_RIGHT,172,cue_assumed,R3-R2,L4-L5,-6.0,6.0,-6.0,6.0,8.48528137423857,0.0,0.0,-0.0,-0.0,0.0,0.0,-0.0,False,140.358537,140.4553458
session-2-20261005-50000Hz-600mV,50000,PUFF_RIGHT,173,cue_assumed,R3-R2,L5-L6,4.0,10.0,4.0,9.0,10.770329614269007,0.0,-1.0,-0.08620689655172414,-0.03448275862068966,9.284766908852594,-8.555650991888841,-2.161079488226371,False,140.4555518,140.5541304
session-2-20261005-50000Hz-600mV,50000,PUFF_RIGHT,174,cue_assumed,R3-R2,L6-L7,-3.0,13.0,-2.0,13.0,13.341664064126334,1.0,0.0,-0.016853932584269662,-0.07303370786516854,7.495316889958614,-1.4144984107931746,-4.248454529361296,False,140.5543324,140.6531305
session-2-20261005-50000Hz-600mV,50000,PUFF_RIGHT,175,cue_assumed,R3-R2,L7-L8,5.0,9.0,4.0,8.0,10.295630140987,-1.0,-1.0,-0.1320754716981132,0.03773584905660377,13.736056394868903,-13.12555144738613,2.489552921999157,False,140.6533615,140.7562999
session-2-20261005-50000Hz-600mV,50000,PUFF_RIGHT,176,cue_assumed,R3-R2,L8-R8,1.0,15.0,0.0,13.0,15.033296378372908,-1.0,-2.0,-0.13716814159292037,0.057522123893805316,14.874102932718241,-13.5252863190939,3.8140748342903543,False,140.7565256,140.8542483
session-2-20261005-50000Hz-600mV,50000,PUFF_RIGHT,177,cue_assumed,R3-R2,R8-R7,1.0,19.0,0.0,20.0,19.026297590440446,-1.0,1.0,0.049723756906077346,0.055248618784530384,7.432941462471663,5.117666245527341,3.01278750418334,False,140.8545085,140.9522618
session-2-20261005-50000Hz-600mV,50000,PUFF_RIGHT,178,cue_assumed,R3-R2,R7-R6,1.0,25.0,3.0,25.0,25.019992006393608,2.0,0.0,0.003194888178913738,-0.07987220447284345,7.993607669774315,0.6369491149078144,-4.552163369992411,False,140.9524727,141.0512644
session-2-20261005-50000Hz-600mV,50000,PUFF_RIGHT,179,cue_assumed,R3-R2,R6-R5,-52.0,228.0,-51.0,227.0,233.85465571589546,1.0,-1.0,-0.005119953188999415,-0.0032182562902282035,0.6047403922935748,-0.5114747965270006,-0.1853407958602274,True,141.0515113,141.1491386
session-2-20261005-50000Hz-600mV,50000,PUFF_RIGHT,180,cue_assumed,R3-R2,R5-R4,85.0,-308.0,83.0,-303.0,319.513692977312,-2.0,5.0,-0.016750090607215277,-0.0018709165532035774,1.6854253590680681,-1.674831062963933,-0.10902161487637406,True,141.1494907,141.2452194
session-2-20261005-50000Hz-600mV,50000,PUFF_RIGHT,181,cue_assumed,R3-R2,R1-L1,-5.0,74.0,-6.0,70.0,74.16872656315464,-1.0,-4.0,-0.052899472823123066,0.017087802217778583,5.5590891426548055,-5.274533436707096,1.0336312839360184,True,141.2455342,141.3441368
session-2-20261005-50000Hz-600mV,50000,PUFF_RIGHT,182,cue_assumed,R2-R1,L1-L2,-22.0,381.0,-25.0,387.0,381.63464203345063,-3.0,6.0,0.016148855092862784,0.006941535926396376,1.7577555058304661,1.6172564394233868,0.39139396111195346,True,141.3443754,141.4432081
session-2-20261005-50000Hz-600mV,50000,PUFF_RIGHT,183,cue_assumed,R2-R1,L2-L3,12.0,17.0,12.0,18.0,20.808652046684813,0.0,1.0,0.039260969976905306,0.027713625866050806,4.805693313322127,3.9630419320241694,1.5275254422129287,False,141.44342,141.5412587
session-2-20261005-50000Hz-600mV,50000,PUFF_RIGHT,184,cue_assumed,R2-R1,L3-L4,0.0,22.0,0.0,23.0,22.0,0.0,1.0,0.045454545454545456,0.0,4.545454545454546,4.545454545454541,0.0,False,141.5414668,141.6393482
session-2-20261005-50000Hz-600mV,50000,PUFF_RIGHT,185,cue_assumed,R2-R1,L4-L5,5.0,-20.0,5.0,-21.0,20.615528128088304,0.0,-1.0,0.047058823529411764,-0.011764705882352941,4.85071250072666,4.712491529678253,-0.6437457141753808,False,141.6395696,141.7393853
session-2-20261005-50000Hz-600mV,50000,PUFF_RIGHT,186,cue_assumed,R2-R1,L5-L6,14.0,16.0,14.0,16.0,21.2602916254693,0.0,0.0,0.0,0.0,0.0,0.0,0.0,False,141.7396542,141.8372801
session-2-20261005-50000Hz-600mV,50000,PUFF_RIGHT,187,cue_assumed,R2-R1,L6-L7,3.0,7.0,3.0,7.0,7.615773105863909,0.0,0.0,0.0,0.0,0.0,0.0,-1.1515801432885144e-15,False,141.8374928,141.9362711
session-2-20261005-50000Hz-600mV,50000,PUFF_RIGHT,188,cue_assumed,R2-R1,L7-L8,14.0,3.0,11.0,2.0,14.317821063276353,-3.0,-1.0,-0.21951219512195125,-0.024390243902439032,22.08630521496931,-21.91311905569695,-1.7899106082460687,False,141.9365039,142.0351376
session-2-20261005-50000Hz-600mV,50000,PUFF_RIGHT,189,cue_assumed,R2-R1,L8-R8,8.0,12.0,6.0,8.0,14.422205101855956,-2.0,-4.0,-0.3076923076923077,-0.03846153846153846,31.008683647302114,-30.662475471846363,-3.179830119864236,False,142.0353274,142.1331189
session-2-20261005-50000Hz-600mV,50000,PUFF_RIGHT,190,cue_assumed,R2-R1,R8-R7,8.0,22.0,7.0,21.0,23.40939982143925,-1.0,-1.0,-0.05474452554744526,0.025547445255474453,6.04122093330177,-5.439935282297636,1.5481576989779682,False,142.1333388,142.2312043
session-2-20261005-50000Hz-600mV,50000,PUFF_RIGHT,191,cue_assumed,R2-R1,R7-R6,11.0,36.0,14.0,40.0,37.64306044943742,3.0,4.0,0.12491178546224417,-0.04516584333098094,13.282660709046374,12.581813738971759,-2.2992229272025675,False,142.2313878,142.3314051
session-2-20261005-50000Hz-600mV,50000,PUFF_RIGHT,192,cue_assumed,R2-R1,R6-R5,-12.0,153.0,-12.0,156.0,153.46986674914396,0.0,3.0,0.019487963316774933,-0.0015284677111196026,1.9547811329657871,1.9489109094025237,-0.08590065454909322,True,142.3316708,142.4322812
session-2-20261005-50000Hz-600mV,50000,PUFF_RIGHT,193,cue_assumed,R2-R1,R5-R4,5.0,-7.0,5.0,0.0,8.602325267042627,0.0,7.0,-0.6621621621621622,0.472972972972973,81.3733471206735,-41.87618062809035,54.46232220802562,False,142.4325145,142.5313637
session-2-20261005-50000Hz-600mV,50000,PUFF_RIGHT,194,cue_assumed,R2-R1,R4-R3,-27.0,502.0,-29.0,503.0,502.7255712612996,-2.0,1.0,0.002199950145014699,0.0038657397332362608,0.4447889873374986,0.22074056872434245,0.22100327675382053,True,142.5316472,142.630133
session-2-20261005-50000Hz-600mV,50000,PUFF_RIGHT,195,cue_assumed,R1-L1,L2-L3,11.0,-25.0,10.0,-24.0,27.313000567495326,-1.0,1.0,-0.04825737265415549,-0.018766756032171584,5.177803730784977,-4.807236628032374,-1.1296295448263352,False,142.6304657,142.7262919
session-2-20261005-50000Hz-600mV,50000,PUFF_RIGHT,196,cue_assumed,R1-L1,L3-L4,-11.0,33.0,-11.0,33.0,34.785054261852174,0.0,0.0,0.0,-0.0,0.0,0.0,9.541664044390551e-16,False,142.7265327,142.8261981
session-2-20261005-50000Hz-600mV,50000,PUFF_RIGHT,197,cue_assumed,R1-L1,L4-L5,16.0,-27.0,17.0,-27.0,31.38470965295043,1.0,0.0,0.016243654822335026,0.027411167512690356,3.186264939385831,1.6613268687295069,1.545065977660385,False,142.8264714,142.9251495
session-2-20261005-50000Hz-600mV,50000,PUFF_RIGHT,198,cue_assumed,R1-L1,L5-L6,-2.0,11.0,-2.0,11.0,11.180339887498949,0.0,0.0,0.0,-0.0,0.0,0.0,-2.798888119687895e-16,False,142.925395,143.028146
session-2-20261005-50000Hz-600mV,50000,PUFF_RIGHT,199,cue_assumed,R1-L1,L6-L7,0.0,12.0,0.0,12.0,12.0,0.0,0.0,0.0,0.0,0.0,0.0,0.0,False,143.0283965,143.1261179
session-2-20261005-50000Hz-600mV,50000,PUFF_RIGHT,200,cue_assumed,R1-L1,L7-L8,3.0,12.0,2.0,12.0,12.36931687685298,-1.0,0.0,-0.0196078431372549,0.0784313725490196,8.084520834544433,-1.6475591844356763,4.573921259900861,False,143.1264408,143.2251423
session-2-20261005-50000Hz-600mV,50000,PUFF_RIGHT,201,cue_assumed,R1-L1,L8-R8,-1.0,21.0,-2.0,20.0,21.02379604162864,-1.0,-1.0,-0.045248868778280535,0.0497737556561086,6.726727939963125,-4.395232894940482,2.9842821435933775,False,143.2253651,143.3241258
session-2-20261005-50000Hz-600mV,50000,PUFF_RIGHT,202,cue_assumed,R1-L1,R8-R7,1.0,15.0,1.0,17.0,15.033296378372908,0.0,2.0,0.13274336283185842,0.008849557522123894,13.303802104754785,13.277793088847044,0.447614170860553,False,143.3243374,143.4231126
session-2-20261005-50000Hz-600mV,50000,PUFF_RIGHT,203,cue_assumed,R1-L1,R7-R6,3.0,4.0,4.0,5.0,5.0,1.0,1.0,0.28,-0.04,28.284271247461906,28.062484748656978,-1.7899106082460694,False,143.4233573,143.5201288
session-2-20261005-50000Hz-600mV,50000,PUFF_RIGHT,204,cue_assumed,R1-L1,R6-R5,0.0,35.0,0.0,35.0,35.0,0.0,0.0,0.0,0.0,0.0,0.0,0.0,False,143.5204376,143.6202776
session-2-20261005-50000Hz-600mV,50000,PUFF_RIGHT,205,cue_assumed,R1-L1,R5-R4,7.0,-51.0,7.0,-51.0,51.478150704935004,0.0,0.0,-0.0,0.0,0.0,0.0,-6.733174250192578e-16,False,143.6205195,143.7182294
session-2-20261005-50000Hz-600mV,50000,PUFF_RIGHT,206,cue_assumed,R1-L1,R4-R3,5.0,53.0,5.0,52.0,53.23532661682466,0.0,-1.0,-0.0187014820042343,-0.0017642907551164435,1.8784518919133617,-1.8699895983621762,-0.10301279715402889,False,143.7184553,143.8153688
session-2-20261005-50000Hz-600mV,50000,PUFF_RIGHT,207,cue_assumed,R1-L1,R3-R2,3.0,-5.0,3.0,-5.0,5.830951894845301,0.0,0.0,-0.0,0.0,0.0,0.0,9.354572592539755e-16,False,143.8156068,143.9131574
session-2-20261005-50000Hz-600mV,50000,PUFF_BOTH,0,cue_assumed,L1-L2,L3-L4,-108.0,326.0,-112.0,340.0,343.42393626536864,-4.0,14.0,0.04236052229947431,-0.0017636086145497703,4.239721883366378,4.236201425597752,-0.0969407721646663,True,146.1906474,146.2902688
session-2-20261005-50000Hz-600mV,50000,PUFF_BOTH,1,cue_assumed,L1-L2,L4-L5,-28.0,103.0,-28.0,103.0,106.7379969832674,0.0,0.0,0.0,-0.0,0.0,0.0,5.175764398695128e-16,True,146.2905462,146.3892246
session-2-20261005-50000Hz-600mV,50000,PUFF_BOTH,2,cue_assumed,L1-L2,L5-L6,-27.0,93.0,-29.0,96.0,96.84007434941384,-2.0,3.0,0.03550863723608445,0.011196417146513114,3.723201680385547,3.5569165989143947,0.6194853691799183,True,146.3894729,146.486136
session-2-20261005-50000Hz-600mV,50000,PUFF_BOTH,3,cue_assumed,L1-L2,L6-L7,-22.0,52.0,-23.0,54.0,56.462376853972415,-1.0,2.0,0.039523212045169384,0.0025094102885821834,3.9602795739238714,3.9526240900489285,0.13831181223486977,False,146.4863459,146.5862765
session-2-20261005-50000Hz-600mV,50000,PUFF_BOTH,4,cue_assumed,L1-L2,L7-L8,2.0,21.0,3.0,19.0,21.095023109728988,1.0,-2.0,-0.0898876404494382,-0.05617977528089888,10.5999788000636,-8.815534538096692,-3.532294583890888,False,146.586513,146.6841453
session-2-20261005-50000Hz-600mV,50000,PUFF_BOTH,5,cue_assumed,L1-L2,L8-R8,4.0,6.0,2.0,4.0,7.211102550927978,-2.0,-2.0,-0.3846153846153846,0.07692307692307694,39.2232270276368,-37.98263270539577,7.125016348901797,False,146.6843474,146.7932528
session-2-20261005-50000Hz-600mV,50000,PUFF_BOTH,6,cue_assumed,L1-L2,R8-R7,4.0,0.0,3.0,5.0,4.0,-1.0,5.0,-0.25,1.25,127.4754878398196,45.773797371132495,59.03624346792648,False,146.7934678,146.8912654
session-2-20261005-50000Hz-600mV,50000,PUFF_BOTH,7,cue_assumed,L1-L2,R7-R6,15.0,-20.0,16.0,-22.0,25.0,1.0,-2.0,0.088,-0.016,8.944271909999157,8.811764069883555,-0.8425242607404145,False,146.8915721,146.9903044
session-2-20261005-50000Hz-600mV,50000,PUFF_BOTH,8,cue_assumed,L1-L2,R6-R5,3.0,11.0,3.0,11.0,11.40175425099138,0.0,0.0,0.0,0.0,0.0,0.0,-1.0764954306491904e-15,False,146.9905086,147.0912694
session-2-20261005-50000Hz-600mV,50000,PUFF_BOTH,9,cue_assumed,L1-L2,R5-R4,24.0,-68.0,25.0,-68.0,72.11102550927978,1.0,0.0,0.004615384615384616,0.013076923076923078,1.386750490563073,0.47004911529986426,0.7457681812886554,True,147.091447,147.1902735
session-2-20261005-50000Hz-600mV,50000,PUFF_BOTH,10,cue_assumed,L1-L2,R4-R3,-4.0,52.0,-4.0,52.0,52.15361924162119,0.0,0.0,0.0,-0.0,0.0,0.0,-2.4321888740603364e-16,False,147.1905028,147.2901456
session-2-20261005-50000Hz-600mV,50000,PUFF_BOTH,11,cue_assumed,L1-L2,R3-R2,9.0,-28.0,9.0,-27.0,29.410882339705484,0.0,1.0,-0.03236994219653179,0.010404624277456647,3.4001020045902295,-3.23140049731534,0.6160599083992291,False,147.2903509,147.3892836
session-2-20261005-50000Hz-600mV,50000,PUFF_BOTH,12,cue_assumed,L1-L2,R2-R1,-128.0,416.0,-128.0,420.0,435.2470562795342,0.0,4.0,0.008783783783783784,-0.002702702702702703,0.9190182776172596,0.8787404276553668,-0.15350473523093275,True,147.389521,147.4863819
session-2-20261005-50000Hz-600mV,50000,PUFF_BOTH,13,cue_assumed,L2-L3,L4-L5,100.0,-273.0,97.0,-265.0,290.73871431235295,-3.0,8.0,-0.029386364442972237,-0.0002247749293142005,2.9387224076867677,-2.9386338416257596,-0.01326856958117845,True,147.4866173,147.5851341
session-2-20261005-50000Hz-600mV,50000,PUFF_BOTH,14,cue_assumed,L2-L3,L5-L6,-62.0,183.0,-60.0,178.0,193.2174940319846,2.0,-5.0,-0.027830605630407415,-0.0015000133929767233,2.787100016028084,-2.7829448404694923,-0.08840472547850947,True,147.5853538,147.6840768
session-2-20261005-50000Hz-600mV,50000,PUFF_BOTH,15,cue_assumed,L2-L3,L6-L7,-20.0,47.0,-19.0,45.0,51.07837115648854,1.0,-2.0,-0.04369490226140284,-0.002683020314296665,4.377719819312875,-4.369113851285745,-0.16074926022469704,False,147.684298,147.780154
session-2-20261005-50000Hz-600mV,50000,PUFF_BOTH,16,cue_assumed,L2-L3,L7-L8,-1.0,22.0,-2.0,22.0,22.02271554554524,-1.0,0.0,0.002061855670103093,0.04536082474226804,4.540766091864998,0.30880155850281366,2.5918667052349997,False,147.7803978,147.8781004
session-2-20261005-50000Hz-600mV,50000,PUFF_BOTH,17,cue_assumed,L2-L3,L8-R8,-3.0,18.0,-3.0,14.0,18.24828759089466,0.0,-4.0,-0.21621621621621623,0.036036036036036036,21.91986497404764,-21.538823892601776,2.6324348689864845,False,147.8783276,147.9750786
session-2-20261005-50000Hz-600mV,50000,PUFF_BOTH,18,cue_assumed,L2-L3,R8-R7,0.0,11.0,0.0,12.0,11.0,0.0,1.0,0.09090909090909091,0.0,9.090909090909092,9.090909090909083,0.0,False,147.9752848,148.0742197
session-2-20261005-50000Hz-600mV,50000,PUFF_BOTH,19,cue_assumed,L2-L3,R7-R6,4.0,6.0,5.0,7.0,7.211102550927978,1.0,1.0,0.1923076923076923,-0.03846153846153847,19.6116135138184,19.29278784054478,-1.847610265994597,False,148.0744195,148.1722887
session-2-20261005-50000Hz-600mV,50000,PUFF_BOTH,20,cue_assumed,L2-L3,R6-R5,-2.0,21.0,-1.0,21.0,21.095023109728988,1.0,0.0,-0.0044943820224719105,-0.04719101123595506,4.740454631399772,-0.3376486848573279,-2.7140210370992404,False,148.1724907,148.2702629
session-2-20261005-50000Hz-600mV,50000,PUFF_BOTH,21,cue_assumed,L2-L3,R5-R4,0.0,-4.0,0.0,-5.0,4.0,0.0,-1.0,0.25,-0.0,25.0,25.0,-0.0,False,148.2704735,148.369395
session-2-20261005-50000Hz-600mV,50000,PUFF_BOTH,22,cue_assumed,L2-L3,R4-R3,9.0,12.0,10.0,12.0,15.0,1.0,0.0,0.04,-0.05333333333333334,6.666666666666668,4.136662345422049,-2.935673446421173,False,148.3696046,148.4682713
session-2-20261005-50000Hz-600mV,50000,PUFF_BOTH,23,cue_assumed,L2-L3,R3-R2,-1.0,10.0,-1.0,9.0,10.04987562112089,0.0,-1.0,-0.09900990099009901,0.009900990099009903,9.950371902099892,-9.895550158784495,0.6295986084102666,False,148.4684784,148.568401
session-2-20261005-50000Hz-600mV,50000,PUFF_BOTH,24,cue_assumed,L2-L3,R2-R1,6.0,-59.0,6.0,-56.0,59.30430001273095,0.0,3.0,-0.05032698322433893,0.005117998294000569,5.058655104867582,-5.03131923111061,0.30877666075382937,False,148.5686035,148.6692738
session-2-20261005-50000Hz-600mV,50000,PUFF_BOTH,25,cue_assumed,L2-L3,R1-L1,16.0,24.0,15.0,22.0,28.844410203711913,-1.0,-2.0,-0.07692307692307693,-0.009615384615384614,7.752170911825528,-7.6872998153308725,-0.5968094512291787,False,148.669487,148.7662897
session-2-20261005-50000Hz-600mV,50000,PUFF_BOTH,26,cue_assumed,L3-L4,L1-L2,-80.0,362.0,-84.0,375.0,370.7344062802912,-4.0,13.0,0.03656762026716335,0.0029684817089141763,3.6687909938556236,3.6571870769213533,0.16408095835351824,True,148.7664882,148.8662941
session-2-20261005-50000Hz-600mV,50000,PUFF_BOTH,27,cue_assumed,L3-L4,L5-L6,98.0,-281.0,96.0,-277.0,297.5987231155403,-2.0,4.0,-0.014904307570710778,-0.0019194941568339639,1.5027403035137719,-1.4902437471009278,-0.1116427324199445,True,148.8665148,148.9661804
session-2-20261005-50000Hz-600mV,50000,PUFF_BOTH,28,cue_assumed,L3-L4,L6-L7,8.0,-28.0,7.0,-30.0,29.120439557122072,-1.0,-2.0,0.05660377358490566,-0.051886792452830184,7.67868896042439,5.787701250424471,-2.8113735945265312,False,148.9663989,149.0651363
session-2-20261005-50000Hz-600mV,50000,PUFF_BOTH,29,cue_assumed,L3-L4,L7-L8,12.0,-19.0,15.0,-23.0,22.47220505424423,3.0,-4.0,0.22178217821782176,0.017821782178217827,22.249707974499238,22.191215188764414,0.8356976457943944,False,149.0653776,149.1662195
session-2-20261005-50000Hz-600mV,50000,PUFF_BOTH,30,cue_assumed,L3-L4,L8-R8,10.0,-19.0,8.0,-20.0,21.470910553583888,-2.0,-1.0,-0.002169197396963121,-0.10412147505422992,10.414406840917833,0.32485196554685736,-5.957131114708212,False,149.1664375,149.2642193
session-2-20261005-50000Hz-600mV,50000,PUFF_BOTH,31,cue_assumed,L3-L4,R8-R7,6.0,-6.0,5.0,-2.0,8.48528137423857,-1.0,4.0,-0.41666666666666663,0.25,48.591265790377506,-36.53522411780078,23.198590513648192,False,149.2644535,149.3631264
session-2-20261005-50000Hz-600mV,50000,PUFF_BOTH,32,cue_assumed,L3-L4,R7-R6,15.0,-21.0,17.0,-21.0,25.80697580112788,2.0,0.0,0.04504504504504504,0.06306306306306306,7.749842582921285,4.694608079695128,3.4533162505310915,False,149.3633392,149.4611329
session-2-20261005-50000Hz-600mV,50000,PUFF_BOTH,33,cue_assumed,L3-L4,R6-R5,-1.0,16.0,-1.0,16.0,16.0312195418814,0.0,0.0,0.0,-0.0,0.0,0.0,0.0,False,149.461412,149.5601564
session-2-20261005-50000Hz-600mV,50000,PUFF_BOTH,34,cue_assumed,L3-L4,R5-R4,19.0,-61.0,18.0,-60.0,63.89053137985315,-1.0,1.0,-0.019598236158745713,-0.010289073983341498,2.213494757094859,-1.954424700220303,-0.6012829579513826,True,149.5605327,149.6591595
session-2-20261005-50000Hz-600mV,50000,PUFF_BOTH,35,cue_assumed,L3-L4,R4-R3,0.0,63.0,0.0,62.0,63.0,0.0,-1.0,-0.015873015873015872,-0.0,1.5873015873015872,-1.5873015873015928,0.0,True,149.6594888,149.7572643
session-2-20261005-50000Hz-600mV,50000,PUFF_BOTH,36,cue_assumed,L3-L4,R3-R2,6.0,15.0,6.0,15.0,16.15549442140351,0.0,0.0,0.0,0.0,0.0,0.0,1.0967429936081094e-15,False,149.7574843,149.8561831
session-2-20261005-50000Hz-600mV,50000,PUFF_BOTH,37,cue_assumed,L3-L4,R2-R1,-18.0,-28.0,-17.0,-23.0,33.28663395418648,1.0,5.0,-0.14259927797833938,-0.055956678700361015,15.318519501283125,-14.077526338306544,-3.7340081179442675,False,149.8563959,149.9552935
session-2-20261005-50000Hz-600mV,50000,PUFF_BOTH,38,cue_assumed,L3-L4,R1-L1,-19.0,138.0,-19.0,133.0,139.30183056945089,0.0,-5.0,-0.03555784591600103,0.00489564545220304,3.5893282805836346,-3.5545420499971003,0.29083902235055187,True,149.9555001,150.0532505
session-2-20261005-50000Hz-600mV,50000,PUFF_BOTH,39,cue_assumed,L4-L5,L1-L2,-17.0,86.0,-17.0,86.0,87.66413177577246,0.0,0.0,0.0,-0.0,0.0,0.0,5.338862119828154e-16,True,150.0534436,150.1591262
session-2-20261005-50000Hz-600mV,50000,PUFF_BOTH,40,cue_assumed,L4-L5,L2-L3,110.0,-264.0,108.0,-257.0,286.0,-2.0,7.0,-0.025282409897794515,0.0029585798816568055,2.5454929682799015,-2.527791978966265,0.17391049644331447,True,150.1593793,150.2591246
session-2-20261005-50000Hz-600mV,50000,PUFF_BOTH,41,cue_assumed,L4-L5,L6-L7,-92.0,194.0,-93.0,194.0,214.7091055358389,-1.0,0.0,0.0019956616052060738,0.00420824295010846,0.4657464328326223,0.2004498584902592,0.24063292068107364,True,150.2593781,150.3582665
session-2-20261005-50000Hz-600mV,50000,PUFF_BOTH,42,cue_assumed,L4-L5,L7-L8,-21.0,73.0,-23.0,77.0,75.96051605933177,-2.0,4.0,0.05788561525129982,0.01074523396880416,5.887448094094637,5.794018498621423,0.5819489141882228,True,150.3585423,150.4581658
session-2-20261005-50000Hz-600mV,50000,PUFF_BOTH,43,cue_assumed,L4-L5,L8-R8,-16.0,51.0,-16.0,47.0,53.45091205957107,0.0,-4.0,-0.07140357017850893,0.0224011200560028,7.483501863433122,-7.1133411271035785,1.3819143664498195,False,150.4583662,150.5592687
session-2-20261005-50000Hz-600mV,50000,PUFF_BOTH,44,cue_assumed,L4-L5,R8-R7,-4.0,23.0,-3.0,23.0,23.345235059857504,1.0,0.0,-0.007339449541284404,-0.04220183486238532,4.283529368781194,-0.6442773010657321,-2.43439897191186,False,150.5594864,150.6571242
session-2-20261005-50000Hz-600mV,50000,PUFF_BOTH,45,cue_assumed,L4-L5,R7-R6,-4.0,22.0,-4.0,26.0,22.360679774997898,0.0,4.0,0.17600000000000002,-0.032,17.888543819998322,17.64352935882192,-1.558684206210823,False,150.6573397,150.7571235
session-2-20261005-50000Hz-600mV,50000,PUFF_BOTH,46,cue_assumed,L4-L5,R6-R5,-2.0,7.0,-1.0,6.0,7.280109889280518,1.0,-1.0,-0.16981132075471697,-0.09433962264150944,19.425717247145283,-16.44683084722822,-6.483073692897238,False,150.7573708,150.8552902
session-2-20261005-50000Hz-600mV,50000,PUFF_BOTH,47,cue_assumed,L4-L5,R5-R4,-12.0,44.0,-11.0,43.0,45.60701700396552,1.0,-1.0,-0.026923076923076925,-0.015384615384615385,3.1008683647302115,-2.680146700923103,-0.905786660110641,False,150.8555121,150.9541332
session-2-20261005-50000Hz-600mV,50000,PUFF_BOTH,48,cue_assumed,L4-L5,R4-R3,26.0,-25.0,25.0,-24.0,36.069377593742864,-1.0,1.0,-0.03920061491160646,0.0007686395080707143,3.920814986889116,-3.9200307455852457,0.045836613831990676,False,150.9543337,151.0511349
session-2-20261005-50000Hz-600mV,50000,PUFF_BOTH,49,cue_assumed,L4-L5,R3-R2,-2.0,-16.0,-2.0,-16.0,16.1245154965971,0.0,0.0,-0.0,-0.0,0.0,0.0,-0.0,False,151.0513414,151.1501641
session-2-20261005-50000Hz-600mV,50000,PUFF_BOTH,50,cue_assumed,L4-L5,R2-R1,7.0,-126.0,8.0,-123.0,126.19429464123962,1.0,3.0,-0.0232967032967033,0.009230769230769232,2.5058800551629408,-2.3253084524102685,0.5414831448855256,True,151.1504272,151.24931
session-2-20261005-50000Hz-600mV,50000,PUFF_BOTH,51,cue_assumed,L4-L5,R1-L1,35.0,12.0,34.0,8.0,37.0,-1.0,-4.0,-0.0606281957633309,-0.09349890430971512,11.14352871788557,-5.59865299149741,-5.684124500864032,False,151.2495462,151.3473813
session-2-20261005-50000Hz-600mV,50000,PUFF_BOTH,52,cue_assumed,L5-L6,L1-L2,-32.0,101.0,-34.0,105.0,105.94810050208545,-2.0,4.0,0.041692650334075716,0.006592427616926503,4.221062891931272,4.1713510453769365,0.36259566250338826,True,151.3475936,151.4483753
session-2-20261005-50000Hz-600mV,50000,PUFF_BOTH,53,cue_assumed,L5-L6,L2-L3,-76.0,197.0,-74.0,194.0,211.15160430363773,2.0,-3.0,-0.01666479757766065,-0.003723225299988786,1.7075651815930217,-1.6657748934981509,-0.21693932640863436,True,151.4485968,151.5473159
session-2-20261005-50000Hz-600mV,50000,PUFF_BOTH,54,cue_assumed,L5-L6,L3-L4,127.0,-302.0,125.0,-297.0,327.6171546180084,-2.0,5.0,-0.016434833648551705,0.00028882077273531884,1.6437371276890071,-1.643479124290348,0.016824722350818323,True,151.5475332,151.6472693
session-2-20261005-50000Hz-600mV,50000,PUFF_BOTH,55,cue_assumed,L5-L6,L7-L8,-86.0,193.0,-80.0,182.0,211.29363454680788,6.0,-11.0,-0.0591107626833912,-0.004748572068540712,5.930119055889451,-5.90987799801086,-0.28916350350054615,True,151.6475085,151.7461459
session-2-20261005-50000Hz-600mV,50000,PUFF_BOTH,56,cue_assumed,L5-L6,L8-R8,-23.0,58.0,-28.0,67.0,62.39390995922599,-5.0,9.0,0.16362702286154637,0.021320318520421266,16.50101772386941,16.382232506316786,1.0496727705069924,True,151.7463538,151.8462938
session-2-20261005-50000Hz-600mV,50000,PUFF_BOTH,57,cue_assumed,L5-L6,R8-R7,-5.0,19.0,-7.0,25.0,19.6468827043885,-2.0,6.0,0.32124352331606215,0.020725388601036274,32.191138998982524,32.140606538539316,0.8986836207379932,False,151.8464977,151.9471505
session-2-20261005-50000Hz-600mV,50000,PUFF_BOTH,58,cue_assumed,L5-L6,R7-R6,1.0,3.0,0.0,8.0,3.1622776601683795,-1.0,5.0,1.4000000000000001,0.7999999999999999,161.245154965971,152.98221281347034,18.43494882292201,False,151.9474079,152.0451567
session-2-20261005-50000Hz-600mV,50000,PUFF_BOTH,59,cue_assumed,L5-L6,R6-R5,12.0,41.0,11.0,43.0,42.720018726587654,-1.0,2.0,0.03835616438356164,0.03561643835616438,5.234239225902137,3.896682083429437,1.964520383313422,False,152.0453622,152.1431266
session-2-20261005-50000Hz-600mV,50000,PUFF_BOTH,60,cue_assumed,L5-L6,R5-R4,6.0,0.0,5.0,0.0,6.0,-1.0,0.0,-0.16666666666666666,0.0,16.666666666666664,-16.666666666666664,0.0,False,152.1433487,152.239276
session-2-20261005-50000Hz-600mV,50000,PUFF_BOTH,61,cue_assumed,L5-L6,R4-R3,0.0,8.0,1.0,8.0,8.0,1.0,0.0,0.0,-0.125,12.5,0.7782218537318641,-7.125016348901798,False,152.2394965,152.3362886
session-2-20261005-50000Hz-600mV,50000,PUFF_BOTH,62,cue_assumed,L5-L6,R3-R2,-1.0,3.0,-1.0,3.0,3.1622776601683795,0.0,0.0,0.0,-0.0,0.0,0.0,9.54166404439055e-16,False,152.336495,152.4350914
session-2-20261005-50000Hz-600mV,50000,PUFF_BOTH,63,cue_assumed,L5-L6,R2-R1,-8.0,-38.0,-7.0,-36.0,38.8329756778952,1.0,2.0,-0.055702917771883284,0.014588859416445625,5.758167996310984,-5.559022965472904,0.8851171878784713,False,152.4353301,152.5323785
session-2-20261005-50000Hz-600mV,50000,PUFF_BOTH,64,cue_assumed,L5-L6,R1-L1,-8.0,79.0,-8.0,75.0,79.40403012442127,0.0,-4.0,-0.05011895321173671,0.00507533703409992,5.037527684340762,-5.010539421808657,0.30613583183113446,True,152.5325655,152.6322879
session-2-20261005-50000Hz-600mV,50000,PUFF_BOTH,65,cue_assumed,L6-L7,L1-L2,-20.0,48.0,-20.0,50.0,52.0,0.0,2.0,0.03550295857988166,-0.014792899408284025,3.8461538461538463,3.5608616756635403,-0.8184554616886154,False,152.6325239,152.7312719
session-2-20261005-50000Hz-600mV,50000,PUFF_BOTH,66,cue_assumed,L6-L7,L2-L3,-19.0,52.0,-18.0,51.0,55.362442142665635,1.0,-1.0,-0.023164763458401308,-0.010766721044045677,2.5544638343965267,-2.3105429623379803,-0.6314910363625359,False,152.7314812,152.8313015
session-2-20261005-50000Hz-600mV,50000,PUFF_BOTH,67,cue_assumed,L6-L7,L3-L4,14.0,-43.0,14.0,-44.0,45.221676218380054,0.0,-1.0,0.021026894865525673,-0.00684596577017115,2.2113289104342324,2.104984564225054,-0.38416134719973544,False,152.8315277,152.9312647
session-2-20261005-50000Hz-600mV,50000,PUFF_BOTH,68,cue_assumed,L6-L7,L4-L5,-107.0,223.0,-106.0,222.0,247.34186867572583,1.0,-1.0,-0.005394095916832848,-0.0018961064434927586,0.5717647278824356,-0.5392288559585068,-0.10922795115575079,True,152.9314779,153.0293117
session-2-20261005-50000Hz-600mV,50000,PUFF_BOTH,69,cue_assumed,L6-L7,L8-R8,-139.0,315.0,-152.0,374.0,344.30509726113553,-13.0,59.0,0.1720176134158892,-0.03463634369780507,17.547004197312653,17.252930132335266,-1.692755173447271,True,153.0295332,153.1302845
session-2-20261005-50000Hz-600mV,50000,PUFF_BOTH,70,cue_assumed,L6-L7,R8-R7,-29.0,53.0,-35.0,73.0,60.41522986797286,-6.0,20.0,0.33808219178082194,-0.07178082191780823,34.56183658235201,34.00061337009488,-3.070663253097277,True,153.1305118,153.2262816
session-2-20261005-50000Hz-600mV,50000,PUFF_BOTH,71,cue_assumed,L6-L7,R7-R6,-13.0,44.0,-17.0,66.0,45.880278987817846,-4.0,22.0,0.4845605700712589,-0.05225653206650832,48.737017882857934,48.548000032108106,-2.0159790875478043,False,153.2265345,153.3241352
session-2-20261005-50000Hz-600mV,50000,PUFF_BOTH,72,cue_assumed,L6-L7,R6-R5,-9.0,22.0,-10.0,26.0,23.769728648009426,-1.0,4.0,0.17168141592920355,-0.024778761061946906,17.34603573593149,17.194339770896285,-1.2115126317905494,False,153.3243878,153.4232265
session-2-20261005-50000Hz-600mV,50000,PUFF_BOTH,73,cue_assumed,L6-L7,R5-R4,-9.0,14.0,-9.0,15.0,16.64331697709324,0.0,1.0,0.05054151624548737,-0.03249097472924188,6.008417681261098,5.104383390714218,-1.7714697400340789,False,153.4234365,153.5222673
session-2-20261005-50000Hz-600mV,50000,PUFF_BOTH,74,cue_assumed,L6-L7,R4-R3,13.0,-4.0,14.0,-4.0,13.601470508735444,1.0,0.0,0.07027027027027027,0.021621621621621623,7.352146220938077,7.048864820975376,1.1573330681295182,False,153.5224778,153.6202277
session-2-20261005-50000Hz-600mV,50000,PUFF_BOTH,75,cue_assumed,L6-L7,R3-R2,-3.0,1.0,-3.0,1.0,3.1622776601683795,0.0,0.0,-0.0,-0.0,0.0,0.0,-9.54166404439055e-16,False,153.6204379,153.7202711
session-2-20261005-50000Hz-600mV,50000,PUFF_BOTH,76,cue_assumed,L6-L7,R2-R1,-8.0,-61.0,-8.0,-60.0,61.5223536610881,0.0,1.0,-0.016116248348745046,-0.0021136063408190224,1.6254254600023277,-1.6113978097507475,-0.12308419199906884,False,153.7204852,153.8191786
session-2-20261005-50000Hz-600mV,50000,PUFF_BOTH,77,cue_assumed,L6-L7,R1-L1,6.0,69.0,5.0,68.0,69.26037828369117,-1.0,-1.0,-0.015634771732332707,0.013133208255159476,2.041879639438963,-1.5547165283409936,0.7643837264017171,False,153.8194067,153.9193869
session-2-20261005-50000Hz-600mV,50000,PUFF_BOTH,78,cue_assumed,L7-L8,L1-L2,1.0,19.0,2.0,16.0,19.026297590440446,1.0,-3.0,-0.15469613259668508,-0.06077348066298342,16.62056238286334,-15.251428082893625,-4.112228844718458,False,153.9196037,154.0194113
session-2-20261005-50000Hz-600mV,50000,PUFF_BOTH,79,cue_assumed,L7-L8,L2-L3,-5.0,29.0,-6.0,30.0,29.427877939124322,-1.0,1.0,0.03926096997690531,0.027713625866050806,4.805693313322127,3.9630419320241694,1.5275254422129263,False,154.0196005,154.1192091
session-2-20261005-50000Hz-600mV,50000,PUFF_BOTH,80,cue_assumed,L7-L8,L3-L4,10.0,-30.0,13.0,-34.0,31.622776601683793,3.0,-4.0,0.15,0.05,15.811388300841896,15.108644332213373,2.489552921999157,False,154.1194171,154.217269
session-2-20261005-50000Hz-600mV,50000,PUFF_BOTH,81,cue_assumed,L7-L8,L4-L5,-33.0,95.0,-36.0,99.0,100.56838469419701,-3.0,4.0,0.04736009491793554,0.015127545975875024,4.971741382944287,4.7469336579242905,0.8274940764603107,True,154.2175508,154.3164583
session-2-20261005-50000Hz-600mV,50000,PUFF_BOTH,82,cue_assumed,L7-L8,L5-L6,-89.0,203.0,-83.0,192.0,221.65288177689007,6.0,-11.0,-0.05631996743334011,-0.004864644819865661,5.652966920932704,-5.630742896098029,-0.29535556387664796,True,154.3166643,154.4163829
session-2-20261005-50000Hz-600mV,50000,PUFF_BOTH,83,cue_assumed,L7-L8,R8-R7,-60.0,135.0,-66.0,155.0,147.73286702694156,-6.0,20.0,0.14020618556701034,-0.017869415807560136,14.134033568855855,14.03462025308697,-0.8978712008172175,True,154.4165451,154.5172877
session-2-20261005-50000Hz-600mV,50000,PUFF_BOTH,84,cue_assumed,L7-L8,R7-R6,-32.0,68.0,-39.0,94.0,75.15317691222374,-7.0,26.0,0.35269121813031157,-0.06303116147308782,35.82792523477873,35.415894891386856,-2.6678735664708046,True,154.5174984,154.6162773
session-2-20261005-50000Hz-600mV,50000,PUFF_BOTH,85,cue_assumed,L7-L8,R6-R5,-16.0,23.0,-20.0,30.0,28.0178514522438,-4.0,7.0,0.28662420382165604,-0.025477707006369425,28.77543184223316,28.68764336229073,-1.134421630977006,False,154.6164623,154.7163903
session-2-20261005-50000Hz-600mV,50000,PUFF_BOTH,86,cue_assumed,L7-L8,R5-R4,-8.0,16.0,-8.0,15.0,17.88854381999832,0.0,-1.0,-0.05,0.025,5.5901699437494745,-4.967110956258947,1.507435758774968,False,154.7165937,154.8163919
session-2-20261005-50000Hz-600mV,50000,PUFF_BOTH,87,cue_assumed,L7-L8,R4-R3,12.0,-5.0,12.0,-3.0,13.0,0.0,2.0,-0.0591715976331361,0.14201183431952663,15.384615384615385,-4.851408639592458,8.583621480113948,False,154.816587,154.9164438
session-2-20261005-50000Hz-600mV,50000,PUFF_BOTH,88,cue_assumed,L7-L8,R3-R2,-2.0,1.0,-2.0,1.0,2.23606797749979,0.0,0.0,-0.0,-0.0,0.0,0.0,-0.0,False,154.9166876,155.0154341
session-2-20261005-50000Hz-600mV,50000,PUFF_BOTH,89,cue_assumed,L7-L8,R2-R1,-6.0,-56.0,-8.0,-50.0,56.32051136131489,-2.0,6.0,-0.1021437578814628,-0.04665825977301387,11.229577231219764,-10.09322468710896,-2.9747733545369153,False,155.015637,155.1133028
session-2-20261005-50000Hz-600mV,50000,PUFF_BOTH,90,cue_assumed,L7-L8,R1-L1,-2.0,74.0,-5.0,73.0,74.02702209328699,-3.0,-1.0,-0.012408759124087591,0.04087591240875913,4.271788288583806,-1.1563204210773725,2.370091165089409,True,155.1135327,155.2132465
session-2-20261005-50000Hz-600mV,50000,PUFF_BOTH,91,cue_assumed,L8-R8,L1-L2,8.0,3.0,8.0,3.0,8.54400374531753,0.0,0.0,0.0,0.0,0.0,0.0,0.0,False,155.2134851,155.3131819
session-2-20261005-50000Hz-600mV,50000,PUFF_BOTH,92,cue_assumed,L8-R8,L2-L3,-4.0,26.0,-3.0,25.0,26.30589287593181,1.0,-1.0,-0.043352601156069356,-0.031791907514450865,5.376033305704703,-4.282448260610727,-1.9033888499242695,False,155.3134032,155.4122801
session-2-20261005-50000Hz-600mV,50000,PUFF_BOTH,93,cue_assumed,L8-R8,L3-L4,11.0,-29.0,10.0,-27.0,31.016124838541646,-1.0,2.0,-0.07172557172557173,-0.007276507276507278,7.209372509105906,-7.1697052818229245,-0.44911785238288837,False,155.4125206,155.5111367
session-2-20261005-50000Hz-600mV,50000,PUFF_BOTH,94,cue_assumed,L8-R8,L4-L5,-23.0,71.0,-20.0,68.0,74.63243262818116,3.0,-3.0,-0.05062836624775583,-0.02585278276481149,5.684714456858353,-5.027642687459322,-1.5598626588790947,True,155.5113553,155.6072718
session-2-20261005-50000Hz-600mV,50000,PUFF_BOTH,95,cue_assumed,L8-R8,L5-L6,-20.0,62.0,-23.0,73.0,65.14598989960932,-3.0,11.0,0.17483506126295945,-0.008011310084825635,17.501851255252404,17.486237588153998,-0.390699219692792,True,155.6074966,155.7071219
session-2-20261005-50000Hz-600mV,50000,PUFF_BOTH,96,cue_assumed,L8-R8,L6-L7,-135.0,332.0,-145.0,392.0,358.39782365410645,-10.0,60.0,0.16559101277549845,-0.0372132130261816,16.972096728379572,16.61849048443149,-1.8286311674393412,True,155.7073346,155.8031742
session-2-20261005-50000Hz-600mV,50000,PUFF_BOTH,97,cue_assumed,L8-R8,R7-R6,-159.0,348.0,-167.0,403.0,382.602927328059,-8.0,55.0,0.13944051644635722,-0.04072138538784712,14.526489202395872,14.016793576536202,-2.046768509160784,True,155.8033797,155.904145
session-2-20261005-50000Hz-600mV,50000,PUFF_BOTH,98,cue_assumed,L8-R8,R6-R5,-43.0,76.0,-49.0,92.0,87.32124598286491,-6.0,16.0,0.19331147540983606,-0.030426229508196716,19.569129251761076,19.36993058500476,-1.4605716455642053,True,155.9043825,156.0031416
session-2-20261005-50000Hz-600mV,50000,PUFF_BOTH,99,cue_assumed,L8-R8,R5-R4,-21.0,42.0,-19.0,36.0,46.95742752749558,2.0,-6.0,-0.13333333333333336,0.01904761904761905,13.468700594029478,-13.312404410867739,1.2590452071752678,False,156.0033604,156.104144
session-2-20261005-50000Hz-600mV,50000,PUFF_BOTH,100,cue_assumed,L8-R8,R4-R3,18.0,-14.0,17.0,-11.0,22.80350850198276,-1.0,3.0,-0.11538461538461539,0.07692307692307693,13.867504905630728,-11.204643226036948,4.969740728110304,False,156.104354,156.2012706
session-2-20261005-50000Hz-600mV,50000,PUFF_BOTH,101,cue_assumed,L8-R8,R3-R2,-5.0,7.0,-4.0,5.0,8.602325267042627,1.0,-2.0,-0.2567567567567568,0.04054054054054054,25.993762245501824,-25.565192681511295,3.1221304621157073,False,156.2014872,156.3023879
session-2-20261005-50000Hz-600mV,50000,PUFF_BOTH,102,cue_assumed,L8-R8,R2-R1,-13.0,-46.0,-13.0,-48.0,47.80167361086848,0.0,-2.0,0.04026258205689278,0.011378555798687089,4.183953926553039,4.032481041246783,0.6266852592027906,False,156.3025953,156.4022717
session-2-20261005-50000Hz-600mV,50000,PUFF_BOTH,103,cue_assumed,L8-R8,R1-L1,-8.0,88.0,-6.0,85.0,88.36288813749809,2.0,-3.0,-0.03586065573770491,-0.019467213114754096,4.0803909327335806,-3.5664141732257626,-1.1567182867576826,True,156.4024694,156.5002972
session-2-20261005-50000Hz-600mV,50000,PUFF_BOTH,104,cue_assumed,R8-R7,L1-L2,9.0,-6.0,7.0,-3.0,10.816653826391969,-2.0,3.0,-0.3076923076923077,0.12820512820512822,33.333333333333336,-29.59215272950779,10.491477012331599,False,156.5004821,156.5983029
session-2-20261005-50000Hz-600mV,50000,PUFF_BOTH,105,cue_assumed,R8-R7,L2-L3,0.0,16.0,0.0,16.0,16.0,0.0,0.0,0.0,0.0,0.0,0.0,0.0,False,156.5985242,156.6981918
session-2-20261005-50000Hz-600mV,50000,PUFF_BOTH,106,cue_assumed,R8-R7,L3-L4,5.0,-17.0,4.0,-15.0,17.72004514666935,-1.0,2.0,-0.12420382165605096,-0.022292993630573247,12.618861628126718,-12.392013859073392,-1.4581231558972307,False,156.6984946,156.8172239
session-2-20261005-50000Hz-600mV,50000,PUFF_BOTH,107,cue_assumed,R8-R7,L4-L5,-8.0,37.0,-7.0,36.0,37.8549864614954,1.0,-1.0,-0.0314026517794836,-0.020237264480111653,3.735871267082812,-3.119126250149107,-1.196927875631282,False,156.8175048,156.9141226
session-2-20261005-50000Hz-600mV,50000,PUFF_BOTH,108,cue_assumed,R8-R7,L5-L6,-2.0,19.0,-4.0,23.0,19.1049731745428,-2.0,4.0,0.2191780821917808,0.08219178082191782,23.408229439226112,22.19454508821197,3.856800985589843,False,156.9144073,157.0122981
session-2-20261005-50000Hz-600mV,50000,PUFF_BOTH,109,cue_assumed,R8-R7,L6-L7,-30.0,59.0,-36.0,78.0,66.18912297349165,-6.0,19.0,0.29696416343300613,-0.04930381191508787,30.10292016280539,29.790096197623495,-2.1770383623970195,True,157.012518,157.1101587
session-2-20261005-50000Hz-600mV,50000,PUFF_BOTH,110,cue_assumed,R8-R7,L7-L8,-51.0,141.0,-55.0,160.0,149.9399879951976,-4.0,19.0,0.1282359220709901,-0.01801441152922338,12.949506064766048,12.83797299110443,-0.9147573053688955,True,157.1103919,157.2111352
session-2-20261005-50000Hz-600mV,50000,PUFF_BOTH,111,cue_assumed,R8-R7,R6-R5,-102.0,183.0,-97.0,177.0,209.50656314301946,5.0,-6.0,-0.036634543093431754,-0.00690315084409815,3.7279260175610798,-3.6609810589511294,-0.41055513928613285,True,157.2113901,157.3093782
session-2-20261005-50000Hz-600mV,50000,PUFF_BOTH,112,cue_assumed,R8-R7,R5-R4,-28.0,54.0,-29.0,56.0,60.8276253029822,-1.0,2.0,0.036756756756756756,-0.0005405405405405397,3.6760731104690385,3.675689766929713,-0.02987266648667645,False,157.3096323,157.4082706
session-2-20261005-50000Hz-600mV,50000,PUFF_BOTH,113,cue_assumed,R8-R7,R4-R3,18.0,-16.0,20.0,-19.0,24.08318915758459,2.0,-3.0,0.14482758620689654,-0.03793103448275862,14.971236790408557,14.545578942063099,-1.8976599490439783,False,157.408482,157.5064111
session-2-20261005-50000Hz-600mV,50000,PUFF_BOTH,114,cue_assumed,R8-R7,R3-R2,-5.0,9.0,-5.0,9.0,10.295630140987,0.0,0.0,0.0,-0.0,0.0,0.0,-1.0801883823838359e-15,False,157.5066492,157.605146
session-2-20261005-50000Hz-600mV,50000,PUFF_BOTH,115,cue_assumed,R8-R7,R2-R1,-16.0,-33.0,-15.0,-34.0,36.6742416417845,1.0,-1.0,0.012639405204460967,0.036431226765799254,3.856149436398495,1.3294527398872935,2.0604132756368028,False,157.605357,157.7031172
session-2-20261005-50000Hz-600mV,50000,PUFF_BOTH,116,cue_assumed,R8-R7,R1-L1,-1.0,74.0,-2.0,73.0,74.00675644831355,-1.0,-1.0,-0.013328464487858318,0.013693627898484573,1.91092493475347,-1.323344481335953,0.7951346398209227,True,157.7033608,157.8002913
session-2-20261005-50000Hz-600mV,50000,PUFF_BOTH,117,cue_assumed,R7-R6,L1-L2,18.0,-18.0,18.0,-22.0,25.45584412271571,0.0,-4.0,0.1111111111111111,-0.1111111111111111,15.713484026367722,11.66528467912098,-5.710593137499642,False,157.8005054,157.9003787
session-2-20261005-50000Hz-600mV,50000,PUFF_BOTH,118,cue_assumed,R7-R6,L2-L3,-1.0,20.0,-1.0,19.0,20.024984394500787,0.0,-1.0,-0.04987531172069825,0.0024937655860349127,4.993761694389223,-4.987203906808524,0.15038227807159227,False,157.9005808,157.9992058
session-2-20261005-50000Hz-600mV,50000,PUFF_BOTH,119,cue_assumed,R7-R6,L3-L4,11.0,-24.0,11.0,-26.0,26.40075756488817,0.0,-2.0,0.06886657101865136,-0.03156384505021521,7.575540190785701,6.933251281139108,-1.6914643485738285,False,157.9994152,158.0982795
session-2-20261005-50000Hz-600mV,50000,PUFF_BOTH,120,cue_assumed,R7-R6,L4-L5,-13.0,45.0,-14.0,47.0,46.84015371452148,-1.0,2.0,0.04694621695533273,0.008659981768459437,4.773827155068792,4.6982032549418795,0.4739203238381247,False,158.0984749,158.1961946
session-2-20261005-50000Hz-600mV,50000,PUFF_BOTH,121,cue_assumed,R7-R6,L5-L6,1.0,11.0,0.0,14.0,11.045361017187261,-1.0,3.0,0.2622950819672131,0.11475409836065573,28.62991671569341,26.750044459525935,5.194428907734806,False,158.1964224,158.2941819
session-2-20261005-50000Hz-600mV,50000,PUFF_BOTH,122,cue_assumed,R7-R6,L6-L7,-15.0,57.0,-21.0,78.0,58.9406481131655,-6.0,21.0,0.37046632124352336,0.007772020725388607,37.05478369682723,37.04883589322865,0.32492532302147514,False,158.2943996,158.3947031
session-2-20261005-50000Hz-600mV,50000,PUFF_BOTH,123,cue_assumed,R7-R6,L7-L8,-25.0,77.0,-31.0,105.0,80.95677859203639,-6.0,28.0,0.3518462007934086,-0.036313701556301495,35.37151875923279,35.23338476575575,-1.5387265250216462,True,158.3949033,158.4931856
session-2-20261005-50000Hz-600mV,50000,PUFF_BOTH,124,cue_assumed,R7-R6,L8-R8,-140.0,366.0,-148.0,422.0,391.86222068477076,-8.0,56.0,0.14076949126051733,-0.031988329990361816,14.435824508948958,14.121789569141963,-1.6062106918053594,True,158.4934035,158.5912643
session-2-20261005-50000Hz-600mV,50000,PUFF_BOTH,125,cue_assumed,R7-R6,R5-R4,-51.0,93.0,-47.0,85.0,106.06601717798213,4.0,-8.0,-0.08426666666666667,0.003199999999999997,8.432740427115679,-8.426107553638518,0.20021740115131859,True,158.5931303,158.6912667
session-2-20261005-50000Hz-600mV,50000,PUFF_BOTH,126,cue_assumed,R7-R6,R4-R3,13.0,-8.0,12.0,-5.0,15.264337522473747,-1.0,3.0,-0.15879828326180256,0.13304721030042918,20.716769761626043,-14.834168329545616,8.98763729820848,False,158.6914739,158.7902702
session-2-20261005-50000Hz-600mV,50000,PUFF_BOTH,127,cue_assumed,R7-R6,R3-R2,-11.0,20.0,-10.0,18.0,22.825424421026653,1.0,-2.0,-0.09788867562380037,0.003838771593090214,9.79639167383865,-9.788050806163994,0.24381035610408264,False,158.7904875,158.8882688
session-2-20261005-50000Hz-600mV,50000,PUFF_BOTH,128,cue_assumed,R7-R6,R2-R1,-28.0,-5.0,-26.0,3.0,28.442925306655784,2.0,8.0,-0.11866501854140915,-0.26452410383189123,28.992134818515545,-7.9823739139788685,-16.70661631057583,False,158.8884665,158.9862879
session-2-20261005-50000Hz-600mV,50000,PUFF_BOTH,129,cue_assumed,R7-R6,R1-L1,-8.0,79.0,-9.0,74.0,79.40403012442127,-1.0,-5.0,-0.06137985725614591,0.01887390959555908,6.421612990679355,-6.11901167819362,1.1519565789055184,True,158.9864919,159.0841281
session-2-20261005-50000Hz-600mV,50000,PUFF_BOTH,130,cue_assumed,R6-R5,L1-L2,9.0,5.0,9.0,5.0,10.295630140987,0.0,0.0,0.0,0.0,0.0,0.0,-1.0801883823838359e-15,False,159.0843297,159.1812802
session-2-20261005-50000Hz-600mV,50000,PUFF_BOTH,131,cue_assumed,R6-R5,L2-L3,-2.0,26.0,-2.0,26.0,26.076809620810597,0.0,0.0,0.0,-0.0,0.0,0.0,-2.4321888740603364e-16,False,159.1814812,159.2802717
session-2-20261005-50000Hz-600mV,50000,PUFF_BOTH,132,cue_assumed,R6-R5,L3-L4,-3.0,5.0,-2.0,5.0,5.830951894845301,1.0,0.0,-0.08823529411764706,-0.14705882352941177,17.149858514250884,-7.645185481720107,-9.162347045721708,False,159.2805466,159.3773483
session-2-20261005-50000Hz-600mV,50000,PUFF_BOTH,133,cue_assumed,R6-R5,L4-L5,-4.0,19.0,-4.0,19.0,19.4164878389476,0.0,0.0,0.0,-0.0,0.0,0.0,6.411728270324332e-16,False,159.3775717,159.4781441
session-2-20261005-50000Hz-600mV,50000,PUFF_BOTH,134,cue_assumed,R6-R5,L5-L6,17.0,40.0,16.0,41.0,43.46262762420146,-1.0,1.0,0.012175754367390153,0.030174695606140816,3.253861166888154,1.2625434197718777,1.7075797330664848,False,159.4783603,159.5771628
session-2-20261005-50000Hz-600mV,50000,PUFF_BOTH,135,cue_assumed,R6-R5,L6-L7,-8.0,25.0,-10.0,29.0,26.248809496813376,-2.0,4.0,0.16835994194484757,0.026124818577648763,17.037481092399634,16.865198416255755,1.2809344125117492,False,159.5773892,159.6751397
session-2-20261005-50000Hz-600mV,50000,PUFF_BOTH,136,cue_assumed,R6-R5,L7-L8,-8.0,24.0,-11.0,31.0,25.298221281347036,-3.0,7.0,0.3,0.025,30.10398644698074,30.02403623945844,1.1017061152063758,False,159.675356,159.7731208
session-2-20261005-50000Hz-600mV,50000,PUFF_BOTH,137,cue_assumed,R6-R5,L8-R8,-32.0,78.0,-38.0,93.0,84.30895563343196,-6.0,15.0,0.1916150815981992,-0.0016882386043894182,19.162251862834363,19.161627751632704,-0.08117460379408037,True,159.7733353,159.8721423
session-2-20261005-50000Hz-600mV,50000,PUFF_BOTH,138,cue_assumed,R6-R5,R8-R7,-77.0,187.0,-75.0,186.0,202.2325394193526,2.0,-1.0,-0.00833781603012372,-0.007261968800430339,1.1056914895693633,-0.8311226590336451,-0.4195710318631041,True,159.8724177,159.9701294
session-2-20261005-50000Hz-600mV,50000,PUFF_BOTH,139,cue_assumed,R6-R5,R4-R3,150.0,-365.0,149.0,-360.0,394.62007044751283,-1.0,5.0,-0.012682613581634292,0.0024723069513565574,1.2921338511268117,-1.2679518177783344,0.14347205858308051,True,159.970462,160.0691188
session-2-20261005-50000Hz-600mV,50000,PUFF_BOTH,140,cue_assumed,R6-R5,R3-R2,-80.0,198.0,-78.0,194.0,213.55093069335942,2.0,-4.0,-0.02087536181036751,-0.0016665204806595914,2.0941776935738003,-2.087394355961958,-0.09752026870143606,True,160.0693145,160.1691101
session-2-20261005-50000Hz-600mV,50000,PUFF_BOTH,141,cue_assumed,R6-R5,R2-R1,-84.0,119.0,-85.0,126.0,145.6605643267937,-1.0,7.0,0.04322005938634114,-0.02210491586935005,4.8544833287898905,4.345422497186346,-1.213865549080143,True,160.1693234,160.2681472
session-2-20261005-50000Hz-600mV,50000,PUFF_BOTH,142,cue_assumed,R6-R5,R1-L1,-12.0,107.0,-12.0,102.0,107.67079455451233,0.0,-5.0,-0.046148537910808245,0.005175536961959802,4.643784807837157,-4.613449694805871,0.3108801803880185,True,160.2684029,160.3672834
session-2-20261005-50000Hz-600mV,50000,PUFF_BOTH,143,cue_assumed,R5-R4,L1-L2,34.0,-61.0,33.0,-61.0,69.83552104767315,-1.0,0.0,-0.006971498872257536,-0.012507689153167932,1.4319360477275611,-0.6892731705198218,-0.7216307541535878,True,160.3675192,160.4652103
session-2-20261005-50000Hz-600mV,50000,PUFF_BOTH,144,cue_assumed,R5-R4,L2-L3,-1.0,14.0,-1.0,14.0,14.035668847618199,0.0,0.0,0.0,-0.0,0.0,0.0,2.260292667029911e-16,False,160.4654317,160.5631288
session-2-20261005-50000Hz-600mV,50000,PUFF_BOTH,145,cue_assumed,R5-R4,L3-L4,18.0,-60.0,18.0,-58.0,62.6418390534633,0.0,2.0,-0.030581039755351678,0.009174311926605503,3.1927542840705043,-3.0537629156684787,0.5422151649463544,True,160.5633844,160.6682701
session-2-20261005-50000Hz-600mV,50000,PUFF_BOTH,146,cue_assumed,R5-R4,L4-L5,-17.0,72.0,-16.0,70.0,73.97972695272672,1.0,-2.0,-0.02941713868079664,-0.00694317558925635,3.0225415388848953,-2.9392304597869345,-0.40986492528971374,True,160.6684942,160.764352
session-2-20261005-50000Hz-600mV,50000,PUFF_BOTH,147,cue_assumed,R5-R4,L5-L6,9.0,10.0,9.0,10.0,13.45362404707371,0.0,0.0,0.0,0.0,0.0,0.0,7.028850124781253e-16,False,160.7645825,160.8643256
session-2-20261005-50000Hz-600mV,50000,PUFF_BOTH,148,cue_assumed,R5-R4,L6-L7,-7.0,28.0,-9.0,29.0,28.861739379323623,-2.0,1.0,0.05042016806722689,0.058823529411764705,7.747516350666292,5.206593761742795,3.205215931013497,False,160.8645548,160.9622021
session-2-20261005-50000Hz-600mV,50000,PUFF_BOTH,149,cue_assumed,R5-R4,L7-L8,1.0,26.0,1.0,26.0,26.019223662515376,0.0,0.0,0.0,0.0,0.0,0.0,1.2214833340923403e-16,False,160.9624131,161.0622874
session-2-20261005-50000Hz-600mV,50000,PUFF_BOTH,150,cue_assumed,R5-R4,L8-R8,-11.0,51.0,-11.0,44.0,52.172789842982326,0.0,-7.0,-0.13115356355620866,0.028288023512123436,13.416955507012354,-13.06931828201866,1.8647852593390064,False,161.0624975,161.1601435
session-2-20261005-50000Hz-600mV,50000,PUFF_BOTH,151,cue_assumed,R5-R4,R8-R7,-14.0,65.0,-16.0,70.0,66.49060083951716,-2.0,5.0,0.07984618864510293,0.013571590137977832,8.09913692934168,7.993146967306619,0.7200598623902454,True,161.1603593,161.2592481
session-2-20261005-50000Hz-600mV,50000,PUFF_BOTH,152,cue_assumed,R5-R4,R7-R6,-30.0,97.0,-25.0,93.0,101.53324578678651,5.0,-4.0,-0.05218740906004462,-0.03540595596081094,6.306431147566198,-5.152633707529331,-2.1393143120262623,True,161.2594895,161.3574207
session-2-20261005-50000Hz-600mV,50000,PUFF_BOTH,153,cue_assumed,R5-R4,R3-R2,91.0,-278.0,88.0,-271.0,292.5149568825499,-3.0,7.0,-0.02593350084730906,-0.0023023432478232915,2.603549981521725,-2.593077989497583,-0.13542638572040913,True,161.3576608,161.4561546
session-2-20261005-50000Hz-600mV,50000,PUFF_BOTH,154,cue_assumed,R5-R4,R2-R1,-15.0,-66.0,-15.0,-57.0,67.68308503607086,0.0,9.0,-0.12966601178781925,-0.029469548133595286,13.297266215338087,-12.916723459408196,-1.9392967711839852,False,161.4563977,161.5562222
session-2-20261005-50000Hz-600mV,50000,PUFF_BOTH,155,cue_assumed,R5-R4,R1-L1,14.0,28.0,13.0,24.0,31.304951684997057,-1.0,-4.0,-0.12857142857142856,-0.02857142857142857,13.170777796132697,-12.810317030473561,-1.8778774472853594,False,161.5564761,161.65515
session-2-20261005-50000Hz-600mV,50000,PUFF_BOTH,156,cue_assumed,R4-R3,L1-L2,-4.0,44.0,-4.0,42.0,44.181444068749045,0.0,-2.0,-0.04508196721311475,0.004098360655737704,4.526787302125926,-4.50731724882586,0.24590312327070002,False,161.6553849,161.7541752
session-2-20261005-50000Hz-600mV,50000,PUFF_BOTH,157,cue_assumed,R4-R3,L2-L3,3.0,11.0,3.0,11.0,11.40175425099138,0.0,0.0,0.0,0.0,0.0,0.0,-1.0764954306491904e-15,False,161.754377,161.8634227
session-2-20261005-50000Hz-600mV,50000,PUFF_BOTH,158,cue_assumed,R4-R3,L3-L4,-7.0,47.0,-6.0,44.0,47.51841748206689,1.0,-3.0,-0.06554472984942428,-0.011514614703277238,6.654846326399235,-6.5473789418429185,-0.7059786145894983,False,161.8636635,161.9612901
session-2-20261005-50000Hz-600mV,50000,PUFF_BOTH,159,cue_assumed,R4-R3,L4-L5,15.0,-20.0,14.0,-18.0,25.0,-1.0,2.0,-0.088,0.016,8.944271909999157,-8.785965992068967,1.0050860052541812,False,161.9615079,162.0613052
session-2-20261005-50000Hz-600mV,50000,PUFF_BOTH,160,cue_assumed,R4-R3,L5-L6,-2.0,3.0,-2.0,2.0,3.605551275463989,0.0,-1.0,-0.23076923076923078,0.15384615384615385,27.735009811261456,-21.553545944726395,11.309932474020217,False,162.0615079,162.161157
session-2-20261005-50000Hz-600mV,50000,PUFF_BOTH,161,cue_assumed,R4-R3,L6-L7,3.0,-5.0,3.0,-6.0,5.830951894845301,0.0,-1.0,0.14705882352941177,-0.08823529411764706,17.149858514250884,15.044748327105584,-4.398705354995531,False,162.1613643,162.2621552
session-2-20261005-50000Hz-600mV,50000,PUFF_BOTH,162,cue_assumed,R4-R3,L7-L8,8.0,-9.0,8.0,-7.0,12.041594578792296,0.0,2.0,-0.12413793103448276,0.1103448275862069,16.609095970747994,-11.721444006622638,7.180535497720157,False,162.2623749,162.3639172
session-2-20261005-50000Hz-600mV,50000,PUFF_BOTH,163,cue_assumed,R4-R3,L8-R8,10.0,-19.0,8.0,-18.0,21.470910553583888,-2.0,1.0,-0.0845986984815618,-0.060737527114967466,10.414406840917835,-8.258592226754446,-3.796051626481841,False,162.3641072,162.4611496
session-2-20261005-50000Hz-600mV,50000,PUFF_BOTH,164,cue_assumed,R4-R3,R8-R7,10.0,-18.0,11.0,-20.0,20.591260281974,1.0,-2.0,0.10849056603773584,-0.004716981132075473,10.859306069076732,10.850060212237157,-0.24381035610408566,False,162.4613782,162.5592236
session-2-20261005-50000Hz-600mV,50000,PUFF_BOTH,165,cue_assumed,R4-R3,R7-R6,10.0,-19.0,11.0,-15.0,21.470910553583888,1.0,4.0,-0.14316702819956614,0.12798264642082427,19.203217373235425,-13.366155611721775,8.495297136384767,False,162.5594881,162.6582765
session-2-20261005-50000Hz-600mV,50000,PUFF_BOTH,166,cue_assumed,R4-R3,R6-R5,113.0,-359.0,112.0,-355.0,376.36418533117626,-1.0,4.0,-0.010935404165195905,0.0006565478291563715,1.0955095586445327,-1.0935186254755092,0.03803332390251613,True,162.6584926,162.7563853
session-2-20261005-50000Hz-600mV,50000,PUFF_BOTH,167,cue_assumed,R4-R3,R2-R1,-181.0,533.0,-181.0,539.0,562.8943062422998,0.0,6.0,0.01009310399242544,-0.003427489348272053,1.0659194689770553,1.0098919124401862,-0.19441764278607404,True,162.7565998,162.8541345
session-2-20261005-50000Hz-600mV,50000,PUFF_BOTH,168,cue_assumed,R4-R3,R1-L1,-21.0,122.0,-21.0,117.0,123.79418403139947,0.0,-5.0,-0.03980424143556281,0.006851549755301795,4.0389619586100975,-3.9779796869913397,0.40883144727050974,True,162.8543421,162.9542986
session-2-20261005-50000Hz-600mV,50000,PUFF_BOTH,169,cue_assumed,R3-R2,L1-L2,18.0,-25.0,17.0,-25.0,30.805843601498726,-1.0,0.0,-0.018967334035827187,-0.026343519494204427,3.2461373658059776,-1.8613698532472078,-1.5381851219993476,False,162.9544963,163.0522746
session-2-20261005-50000Hz-600mV,50000,PUFF_BOTH,170,cue_assumed,R3-R2,L2-L3,-1.0,25.0,-1.0,25.0,25.019992006393608,0.0,0.0,0.0,-0.0,0.0,0.0,-4.763210884779628e-17,False,163.0524659,163.150274
session-2-20261005-50000Hz-600mV,50000,PUFF_BOTH,171,cue_assumed,R3-R2,L3-L4,8.0,14.0,8.0,14.0,16.1245154965971,0.0,0.0,0.0,0.0,0.0,0.0,-1.370085093553515e-15,False,163.1504759,163.2492734
session-2-20261005-50000Hz-600mV,50000,PUFF_BOTH,172,cue_assumed,R3-R2,L4-L5,-6.0,6.0,-6.0,6.0,8.48528137423857,0.0,0.0,-0.0,-0.0,0.0,0.0,-0.0,False,163.2494635,163.3494453
session-2-20261005-50000Hz-600mV,50000,PUFF_BOTH,173,cue_assumed,R3-R2,L5-L6,4.0,10.0,4.0,10.0,10.770329614269007,0.0,0.0,0.0,0.0,0.0,0.0,1.0967429936081094e-15,False,163.3496848,163.4481413
session-2-20261005-50000Hz-600mV,50000,PUFF_BOTH,174,cue_assumed,R3-R2,L6-L7,-3.0,13.0,-3.0,12.0,13.341664064126334,0.0,-1.0,-0.07303370786516854,0.016853932584269662,7.495316889958614,-7.28805029567372,1.0416266760099737,False,163.4483914,163.5481554
session-2-20261005-50000Hz-600mV,50000,PUFF_BOTH,175,cue_assumed,R3-R2,L7-L8,5.0,9.0,5.0,10.0,10.295630140987,0.0,1.0,0.08490566037735849,0.04716981132075471,9.712858623572641,8.593060690767352,2.4895529219991563,False,163.5483897,163.6461664
session-2-20261005-50000Hz-600mV,50000,PUFF_BOTH,176,cue_assumed,R3-R2,L8-R8,1.0,15.0,0.0,11.0,15.033296378372908,-1.0,-4.0,-0.2699115044247788,0.04867256637168142,27.42649065010927,-26.82908842384868,3.8140748342903543,False,163.6463613,163.7451543
session-2-20261005-50000Hz-600mV,50000,PUFF_BOTH,177,cue_assumed,R3-R2,R8-R7,1.0,19.0,1.0,21.0,19.026297590440446,0.0,2.0,0.10497237569060773,0.0055248618784530384,10.511766624552733,10.498618775897883,0.2864765102770742,False,163.7453809,163.8441445
session-2-20261005-50000Hz-600mV,50000,PUFF_BOTH,178,cue_assumed,R3-R2,R7-R6,1.0,25.0,3.0,25.0,25.019992006393608,2.0,0.0,0.003194888178913738,-0.07987220447284345,7.993607669774315,0.6369491149078144,-4.552163369992411,False,163.8444209,163.9422094
session-2-20261005-50000Hz-600mV,50000,PUFF_BOTH,179,cue_assumed,R3-R2,R6-R5,-52.0,228.0,-51.0,224.0,233.85465571589546,1.0,-4.0,-0.017627267407840843,-0.000365710942071387,1.7631060681668551,-1.7627199335670252,-0.021329676444888312,True,163.9425157,164.0422692
session-2-20261005-50000Hz-600mV,50000,PUFF_BOTH,180,cue_assumed,R3-R2,R5-R4,85.0,-308.0,82.0,-300.0,319.513692977312,-3.0,8.0,-0.026633623602934697,-0.00239007140828101,2.674064972208945,-2.663068923368561,-0.14068775389224825,True,164.0424982,164.1412806
session-2-20261005-50000Hz-600mV,50000,PUFF_BOTH,181,cue_assumed,R3-R2,R1-L1,-5.0,74.0,-5.0,70.0,74.16872656315464,0.0,-4.0,-0.053808398473004906,0.003635702599527359,5.393108639385903,-5.3801413479383715,0.2201556101231298,True,164.1415295,164.2382726
session-2-20261005-50000Hz-600mV,50000,PUFF_BOTH,182,cue_assumed,R2-R1,L1-L2,-22.0,381.0,-25.0,385.0,381.63464203345063,-3.0,4.0,0.010916955611246525,0.007243640358405713,1.3101535996204834,1.094290712579471,0.41054105955474973,True,164.2385131,164.3363751
session-2-20261005-50000Hz-600mV,50000,PUFF_BOTH,183,cue_assumed,R2-R1,L2-L3,12.0,17.0,12.0,18.0,20.808652046684813,0.0,1.0,0.039260969976905306,0.027713625866050806,4.805693313322127,3.9630419320241694,1.5275254422129287,False,164.3365931,164.4353923
session-2-20261005-50000Hz-600mV,50000,PUFF_BOTH,184,cue_assumed,R2-R1,L3-L4,0.0,22.0,0.0,23.0,22.0,0.0,1.0,0.045454545454545456,0.0,4.545454545454546,4.545454545454541,0.0,False,164.4356013,164.5362792
session-2-20261005-50000Hz-600mV,50000,PUFF_BOTH,185,cue_assumed,R2-R1,L4-L5,5.0,-20.0,5.0,-21.0,20.615528128088304,0.0,-1.0,0.047058823529411764,-0.011764705882352941,4.85071250072666,4.712491529678253,-0.6437457141753808,False,164.5365059,164.6362847
session-2-20261005-50000Hz-600mV,50000,PUFF_BOTH,186,cue_assumed,R2-R1,L5-L6,14.0,16.0,13.0,15.0,21.2602916254693,-1.0,-1.0,-0.0663716814159292,0.004424778761061947,6.651901052377392,-6.636119621707914,0.27154194568452233,False,164.6365318,164.7331231
session-2-20261005-50000Hz-600mV,50000,PUFF_BOTH,187,cue_assumed,R2-R1,L6-L7,3.0,7.0,1.0,4.0,7.615773105863909,-2.0,-3.0,-0.46551724137931033,0.08620689655172414,47.34320764739993,-45.86097079962903,9.162347045721708,False,164.7333313,164.8314091
session-2-20261005-50000Hz-600mV,50000,PUFF_BOTH,188,cue_assumed,R2-R1,L7-L8,14.0,3.0,13.0,6.0,14.317821063276353,-1.0,3.0,-0.024390243902439032,0.21951219512195125,22.08630521496931,0.0,12.68038349181982,False,164.8316247,164.9311408
session-2-20261005-50000Hz-600mV,50000,PUFF_BOTH,189,cue_assumed,R2-R1,L8-R8,8.0,12.0,6.0,6.0,14.422205101855956,-2.0,-6.0,-0.4230769230769231,-0.11538461538461538,43.85290096535146,-41.165159458544785,-11.309932474020213,False,164.9313353,165.0302811
session-2-20261005-50000Hz-600mV,50000,PUFF_BOTH,190,cue_assumed,R2-R1,R8-R7,8.0,22.0,8.0,22.0,23.40939982143925,0.0,0.0,0.0,0.0,0.0,0.0,5.107460072423165e-16,False,165.0304927,165.1312019
session-2-20261005-50000Hz-600mV,50000,PUFF_BOTH,191,cue_assumed,R2-R1,R7-R6,11.0,36.0,14.0,41.0,37.64306044943742,3.0,5.0,0.15031757233592097,-0.03740296400846859,15.490111126000237,15.092549669447575,-1.8623354724329413,False,165.1315272,165.2302857
session-2-20261005-50000Hz-600mV,50000,PUFF_BOTH,192,cue_assumed,R2-R1,R6-R5,-12.0,153.0,-13.0,157.0,153.46986674914396,-1.0,4.0,0.02649344032607311,0.004458030824098841,2.686589695394167,2.650312082880979,0.24883232103085762,True,165.2305023,165.3302
session-2-20261005-50000Hz-600mV,50000,PUFF_BOTH,193,cue_assumed,R2-R1,R5-R4,5.0,-7.0,5.0,-3.0,8.602325267042627,0.0,4.0,-0.3783783783783784,0.2702702702702703,46.49905549752771,-32.2165610595435,23.498565675952097,False,165.3305412,165.4261382
session-2-20261005-50000Hz-600mV,50000,PUFF_BOTH,194,cue_assumed,R2-R1,R4-R3,-27.0,502.0,-30.0,509.0,502.7255712612996,-3.0,7.0,0.014224497790157992,0.00521103298738194,1.514896703335882,1.4237884710728732,0.29438015991815575,True,165.4264201,165.5241335
session-2-20261005-50000Hz-600mV,50000,PUFF_BOTH,195,cue_assumed,R1-L1,L2-L3,11.0,-25.0,11.0,-24.0,27.313000567495326,0.0,1.0,-0.03351206434316354,0.014745308310991958,3.6612601296910627,-3.3399589340352254,0.8740702932968508,False,165.5244333,165.6211991
session-2-20261005-50000Hz-600mV,50000,PUFF_BOTH,196,cue_assumed,R1-L1,L3-L4,-11.0,33.0,-11.0,33.0,34.785054261852174,0.0,0.0,0.0,-0.0,0.0,0.0,9.541664044390551e-16,False,165.6215587,165.7201367
session-2-20261005-50000Hz-600mV,50000,PUFF_BOTH,197,cue_assumed,R1-L1,L4-L5,16.0,-27.0,17.0,-28.0,31.38470965295043,1.0,-1.0,0.04365482233502538,0.011167512690355331,4.506059090593329,4.371456899041237,0.6130637373245647,False,165.720434,165.8171576
session-2-20261005-50000Hz-600mV,50000,PUFF_BOTH,198,cue_assumed,R1-L1,L5-L6,-2.0,11.0,-2.0,11.0,11.180339887498949,0.0,0.0,0.0,-0.0,0.0,0.0,-2.798888119687895e-16,False,165.8175351,165.9151298
session-2-20261005-50000Hz-600mV,50000,PUFF_BOTH,199,cue_assumed,R1-L1,L6-L7,0.0,12.0,-1.0,13.0,12.0,-1.0,1.0,0.08333333333333333,0.08333333333333333,11.785113019775793,8.653373420044153,4.398705354995532,False,165.9154057,166.0121455
session-2-20261005-50000Hz-600mV,50000,PUFF_BOTH,200,cue_assumed,R1-L1,L7-L8,3.0,12.0,3.0,14.0,12.36931687685298,0.0,2.0,0.1568627450980392,0.0392156862745098,16.169041669088866,15.752722691336785,1.9414863909143778,False,166.0124051,166.1101435
session-2-20261005-50000Hz-600mV,50000,PUFF_BOTH,201,cue_assumed,R1-L1,L8-R8,-1.0,21.0,-2.0,18.0,21.02379604162864,-1.0,-3.0,-0.14027149321266968,0.054298642533936646,15.04142093990467,-13.855850578010742,3.6138807520036442,False,166.1104917,166.2071256
session-2-20261005-50000Hz-600mV,50000,PUFF_BOTH,202,cue_assumed,R1-L1,R8-R7,1.0,15.0,1.0,18.0,15.033296378372908,0.0,3.0,0.19911504424778764,0.013274336283185842,19.95570315713218,19.918851618297808,0.6342447144261197,False,166.2073989,166.3030766
session-2-20261005-50000Hz-600mV,50000,PUFF_BOTH,203,cue_assumed,R1-L1,R7-R6,3.0,4.0,4.0,5.0,5.0,1.0,1.0,0.28,-0.04,28.284271247461906,28.062484748656978,-1.7899106082460694,False,166.3033408,166.3991399
session-2-20261005-50000Hz-600mV,50000,PUFF_BOTH,204,cue_assumed,R1-L1,R6-R5,0.0,35.0,0.0,35.0,35.0,0.0,0.0,0.0,0.0,0.0,0.0,0.0,False,166.3995072,166.4995423
session-2-20261005-50000Hz-600mV,50000,PUFF_BOTH,205,cue_assumed,R1-L1,R5-R4,7.0,-51.0,7.0,-51.0,51.478150704935004,0.0,0.0,-0.0,0.0,0.0,0.0,-6.733174250192578e-16,False,166.4997998,166.5971363
session-2-20261005-50000Hz-600mV,50000,PUFF_BOTH,206,cue_assumed,R1-L1,R4-R3,5.0,53.0,5.0,52.0,53.23532661682466,0.0,-1.0,-0.0187014820042343,-0.0017642907551164435,1.8784518919133617,-1.8699895983621762,-0.10301279715402889,False,166.5974663,166.695154
session-2-20261005-50000Hz-600mV,50000,PUFF_BOTH,207,cue_assumed,R1-L1,R3-R2,3.0,-5.0,3.0,-5.0,5.830951894845301,0.0,0.0,-0.0,0.0,0.0,0.0,9.354572592539755e-16,False,166.6953711,166.7963036
session-3-20261005-80000Hz-600mV,80000,SMILE_LEFT,0,cue_assumed,L1-L2,L3-L4,-166.0,-249.0,-168.0,-257.0,299.2607558635111,-2.0,-8.0,0.025949953660797036,0.009267840593141797,2.755527107936702,2.5991812972136374,0.5175629728255746,True,32.7393365,32.8360269
session-3-20261005-80000Hz-600mV,80000,SMILE_LEFT,1,cue_assumed,L1-L2,L4-L5,-64.0,-68.0,-67.0,-71.0,93.38094023943002,-3.0,-3.0,0.04541284403669724,-0.001376146788990826,4.54336899611537,4.5413749793296265,-0.07542221994558373,True,32.8363066,32.9369676
session-3-20261005-80000Hz-600mV,80000,SMILE_LEFT,2,cue_assumed,L1-L2,L5-L6,-51.0,-66.0,-52.0,-66.0,83.40863264674707,-1.0,0.0,0.007330746011211729,-0.00948684777921518,1.1989166687760109,0.7375417677188745,-0.5395847107577664,True,32.9383969,33.03701
session-3-20261005-80000Hz-600mV,80000,SMILE_LEFT,3,cue_assumed,L1-L2,L6-L7,-24.0,-39.0,-23.0,-38.0,45.79301256742124,1.0,1.0,-0.030042918454935622,0.007153075822603719,3.088273697413863,-3.001654316522351,0.422527587510516,False,33.0372096,33.1359655
session-3-20261005-80000Hz-600mV,80000,SMILE_LEFT,4,cue_assumed,L1-L2,L7-L8,-18.0,-7.0,-17.0,-6.0,19.313207915827967,1.0,1.0,-0.06702412868632708,-0.02949061662198392,7.3225202593821255,-6.65581577183012,-1.8104706789570473,False,33.1361723,33.2331035
session-3-20261005-80000Hz-600mV,80000,SMILE_LEFT,5,cue_assumed,L1-L2,L8-R8,-7.0,1.0,-9.0,0.0,7.0710678118654755,-2.0,-1.0,0.26,0.17999999999999997,31.622776601683793,27.27922061357855,8.130102354155978,False,33.2333099,33.3322055
session-3-20261005-80000Hz-600mV,80000,SMILE_LEFT,6,cue_assumed,L1-L2,R8-R7,-3.0,3.0,-3.0,3.0,4.242640687119285,0.0,0.0,-0.0,-0.0,0.0,0.0,-0.0,False,33.3324031,33.4331875
session-3-20261005-80000Hz-600mV,80000,SMILE_LEFT,7,cue_assumed,L1-L2,R7-R6,5.0,22.0,5.0,22.0,22.561028345356956,0.0,0.0,0.0,0.0,0.0,0.0,-4.1240984081845207e-16,False,33.4334197,33.5330905
session-3-20261005-80000Hz-600mV,80000,SMILE_LEFT,8,cue_assumed,L1-L2,R6-R5,-10.0,-3.0,-10.0,-2.0,10.44030650891055,0.0,1.0,-0.027522935779816512,-0.09174311926605504,9.578262852211513,-2.320501620505211,-5.389311759973408,False,33.5333256,33.6321958
session-3-20261005-80000Hz-600mV,80000,SMILE_LEFT,9,cue_assumed,L1-L2,R5-R4,34.0,50.0,34.0,50.0,60.4648658313239,0.0,0.0,0.0,0.0,0.0,0.0,1.9139005194802342e-15,True,33.6324074,33.7321038
session-3-20261005-80000Hz-600mV,80000,SMILE_LEFT,10,cue_assumed,L1-L2,R4-R3,-37.0,-27.0,-37.0,-26.0,45.803929962395145,0.0,1.0,-0.012869399428026692,-0.01763584366062917,2.1832187779978622,-1.2711873074933266,-1.023524062453632,False,33.7323163,33.8310853
session-3-20261005-80000Hz-600mV,80000,SMILE_LEFT,11,cue_assumed,L1-L2,R3-R2,16.0,20.0,16.0,20.0,25.612496949731394,0.0,0.0,0.0,0.0,0.0,0.0,1.5514900885187889e-15,False,33.8312852,33.9300664
session-3-20261005-80000Hz-600mV,80000,SMILE_LEFT,12,cue_assumed,L1-L2,R2-R1,-222.0,-300.0,-220.0,-299.0,373.2077169620157,2.0,1.0,-0.005341604204359439,0.002713879555440683,0.5991483765935559,-0.5337901863653793,0.1563285037723953,True,33.9302482,34.0329921
session-3-20261005-80000Hz-600mV,80000,SMILE_LEFT,13,cue_assumed,L2-L3,L4-L5,138.0,206.0,134.0,198.0,247.95160818191923,-4.0,-8.0,-0.035783994795055306,-0.004554326610279767,3.607265133540433,-3.5773239022969583,-0.2706258259132927,True,34.0332097,34.1310316
session-3-20261005-80000Hz-600mV,80000,SMILE_LEFT,14,cue_assumed,L2-L3,L5-L6,-95.0,-131.0,-91.0,-126.0,161.82088863926066,4.0,5.0,-0.03952493698923089,0.0018712289009394335,3.956920698728221,-3.9523114196317266,0.11162536853798423,True,34.1312586,34.2300856
session-3-20261005-80000Hz-600mV,80000,SMILE_LEFT,15,cue_assumed,L2-L3,L6-L7,-21.0,-35.0,-18.0,-30.0,40.8166632639171,3.0,5.0,-0.14285714285714285,2.3324013122377236e-18,14.285714285714285,-14.28571428571428,-9.354572592539757e-16,False,34.2302994,34.3279681
session-3-20261005-80000Hz-600mV,80000,SMILE_LEFT,16,cue_assumed,L2-L3,L7-L8,-16.0,-10.0,-16.0,-11.0,18.867962264113206,0.0,-1.0,0.028089887640449437,0.0449438202247191,5.2999894000318,2.907179732268639,2.503139779584906,False,34.3281623,34.4269435
session-3-20261005-80000Hz-600mV,80000,SMILE_LEFT,17,cue_assumed,L2-L3,L8-R8,-12.0,-10.0,-15.0,-12.0,15.620499351813308,-3.0,-2.0,0.2295081967213115,-0.02459016393442624,23.082176787424142,22.97540737754087,-1.1457628381751046,False,34.4271865,34.526946
session-3-20261005-80000Hz-600mV,80000,SMILE_LEFT,18,cue_assumed,L2-L3,R8-R7,-9.0,-4.0,-8.0,-5.0,9.848857801796104,1.0,-1.0,-0.05154639175257732,0.13402061855670103,14.35916317235476,-4.2124343562340965,8.042894233505313,False,34.5271817,34.6251073
session-3-20261005-80000Hz-600mV,80000,SMILE_LEFT,19,cue_assumed,L2-L3,R7-R6,-7.0,2.0,-7.0,2.0,7.280109889280518,0.0,0.0,-0.0,-0.0,0.0,0.0,-8.401465196318723e-16,False,34.6253368,34.7240688
session-3-20261005-80000Hz-600mV,80000,SMILE_LEFT,20,cue_assumed,L2-L3,R6-R5,-15.0,-10.0,-15.0,-10.0,18.027756377319946,0.0,0.0,-0.0,-0.0,0.0,0.0,1.467948314521623e-15,False,34.7242743,34.823074
session-3-20261005-80000Hz-600mV,80000,SMILE_LEFT,21,cue_assumed,L2-L3,R5-R4,5.0,2.0,5.0,2.0,5.385164807134504,0.0,0.0,0.0,0.0,0.0,0.0,-1.0967429936081094e-15,False,34.8232713,34.9200862
session-3-20261005-80000Hz-600mV,80000,SMILE_LEFT,22,cue_assumed,L2-L3,R4-R3,-16.0,3.0,-16.0,3.0,16.278820596099706,0.0,0.0,-0.0,-0.0,0.0,0.0,-0.0,False,34.9202953,35.0191707
session-3-20261005-80000Hz-600mV,80000,SMILE_LEFT,23,cue_assumed,L2-L3,R3-R2,-6.0,-4.0,-6.0,-4.0,7.211102550927978,0.0,0.0,-0.0,-0.0,0.0,0.0,1.4679483145216231e-15,False,35.0194114,35.1179229
session-3-20261005-80000Hz-600mV,80000,SMILE_LEFT,24,cue_assumed,L2-L3,R2-R1,42.0,30.0,42.0,30.0,51.61395160225576,0.0,0.0,0.0,0.0,0.0,0.0,-6.017265613579627e-16,False,35.1181388,35.2220794
session-3-20261005-80000Hz-600mV,80000,SMILE_LEFT,25,cue_assumed,L2-L3,R1-L1,-33.0,4.0,-32.0,5.0,33.24154027718932,1.0,1.0,-0.026244343891402715,-0.0334841628959276,4.25435629811517,-2.5668810430290234,-1.9694320314955642,False,35.2222995,35.3210696
session-3-20261005-80000Hz-600mV,80000,SMILE_LEFT,26,cue_assumed,L3-L4,L1-L2,-218.0,-245.0,-219.0,-252.0,327.9466420014085,-1.0,-7.0,0.01797320291216097,0.01191084993816772,2.156164115208445,1.8042882295973284,0.6703617440295517,True,35.3212866,35.4210221
session-3-20261005-80000Hz-600mV,80000,SMILE_LEFT,27,cue_assumed,L3-L4,L5-L6,144.0,207.0,142.0,204.0,252.1606630701942,-2.0,-3.0,-0.01429582448690729,-0.00028308563340410453,1.4298627040254526,-1.4295783837046883,-0.01645484719639732,True,35.4212318,35.5190793
session-3-20261005-80000Hz-600mV,80000,SMILE_LEFT,28,cue_assumed,L3-L4,L6-L7,14.0,23.0,10.0,16.0,26.92582403567252,-4.0,-7.0,-0.2993103448275862,-0.008275862068965526,29.94247358081712,-29.926147333072894,-0.676690340279327,False,35.5192888,35.618207
session-3-20261005-80000Hz-600mV,80000,SMILE_LEFT,29,cue_assumed,L3-L4,L7-L8,7.0,22.0,9.0,24.0,23.08679276123039,2.0,2.0,0.10881801125703564,-0.056285178236397754,12.251277836633776,11.024565001494624,-2.9059209996533424,False,35.6184607,35.7189255
session-3-20261005-80000Hz-600mV,80000,SMILE_LEFT,30,cue_assumed,L3-L4,L8-R8,9.0,20.0,11.0,23.0,21.93171219946131,2.0,3.0,0.16216216216216214,-0.02702702702702702,16.439898730535727,16.247638743819294,-1.3322198538696381,False,35.7191827,35.8172231
session-3-20261005-80000Hz-600mV,80000,SMILE_LEFT,31,cue_assumed,L3-L4,R8-R7,0.0,9.0,0.0,8.0,9.0,0.0,-1.0,-0.1111111111111111,-0.0,11.11111111111111,-11.111111111111116,0.0,False,35.8174155,35.913212
session-3-20261005-80000Hz-600mV,80000,SMILE_LEFT,32,cue_assumed,L3-L4,R7-R6,6.0,23.0,5.0,23.0,23.769728648009426,-1.0,0.0,-0.010619469026548672,0.04070796460176991,4.207031619116712,-0.9782360563432624,2.3561002607392543,False,35.9134205,36.0129473
session-3-20261005-80000Hz-600mV,80000,SMILE_LEFT,33,cue_assumed,L3-L4,R6-R5,-11.0,-8.0,-11.0,-8.0,13.601470508735444,0.0,0.0,-0.0,-0.0,0.0,0.0,-7.564562485642958e-16,False,36.0132575,36.1130604
session-3-20261005-80000Hz-600mV,80000,SMILE_LEFT,34,cue_assumed,L3-L4,R5-R4,38.0,43.0,37.0,42.0,57.38466694161429,-1.0,-1.0,-0.024597631339204375,0.0015183723048891587,2.4644450124838726,-2.459644954329432,0.08919012022645328,True,36.1133354,36.2131005
session-3-20261005-80000Hz-600mV,80000,SMILE_LEFT,35,cue_assumed,L3-L4,R4-R3,-51.0,-28.0,-51.0,-27.0,58.180752831155424,0.0,1.0,-0.00827178729689808,-0.015066469719350073,1.7187814721168517,-0.8157347972425177,-0.8703783078961687,True,36.2132912,36.3141703
session-3-20261005-80000Hz-600mV,80000,SMILE_LEFT,36,cue_assumed,L3-L4,R3-R2,-18.0,1.0,-18.0,1.0,18.027756377319946,0.0,0.0,-0.0,-0.0,0.0,0.0,-1.7615379774259476e-16,False,36.3144271,36.4130812
session-3-20261005-80000Hz-600mV,80000,SMILE_LEFT,37,cue_assumed,L3-L4,R2-R1,39.0,-6.0,40.0,-5.0,39.45883931389772,1.0,1.0,0.021194605009633914,0.028901734104046242,3.584022203803136,2.160350994649751,1.6211459136534119,False,36.413305,36.5129554
session-3-20261005-80000Hz-600mV,80000,SMILE_LEFT,38,cue_assumed,L3-L4,R1-L1,-97.0,-77.0,-98.0,-78.0,123.84667940643382,-1.0,-1.0,0.011344373451558223,0.0013039509714434742,1.1419067262449565,1.1345214059107045,0.0738728052661522,True,36.5132621,36.610154
session-3-20261005-80000Hz-600mV,80000,SMILE_LEFT,39,cue_assumed,L4-L5,L1-L2,-59.0,-48.0,-62.0,-51.0,76.05918747922567,-3.0,-3.0,0.05548833189282628,0.005704407951598961,5.578077846648169,5.550374657410817,0.30965317970517,True,36.6103833,36.7090072
session-3-20261005-80000Hz-600mV,80000,SMILE_LEFT,40,cue_assumed,L4-L5,L2-L3,126.0,205.0,123.0,199.0,240.62626623043462,-3.0,-6.0,-0.027771541078737846,-0.002435191102053505,2.787810340736156,-2.7768491308723275,-0.14351141379443055,True,36.7092369,36.8069222
session-3-20261005-80000Hz-600mV,80000,SMILE_LEFT,41,cue_assumed,L4-L5,L6-L7,-84.0,-154.0,-76.0,-140.0,175.41949720598336,8.0,14.0,-0.09190172884440401,0.0018198362147406762,9.191974525877908,-9.18999053630537,0.11482104772023427,True,36.8071356,36.9040656
session-3-20261005-80000Hz-600mV,80000,SMILE_LEFT,42,cue_assumed,L4-L5,L7-L8,-44.0,-50.0,-48.0,-57.0,66.60330322138685,-4.0,-7.0,0.11857529305680793,0.024346257889990987,12.104891737125877,11.88402149146992,1.2468696734814295,True,36.9042716,37.0020786
session-3-20261005-80000Hz-600mV,80000,SMILE_LEFT,43,cue_assumed,L4-L5,L8-R8,-30.0,-37.0,-38.0,-45.0,47.634021455258214,-8.0,-8.0,0.23622741295724992,-0.024680475980608192,23.751319232224652,23.64737532360339,-1.1437210231604615,False,37.0023262,37.1000919
session-3-20261005-80000Hz-600mV,80000,SMILE_LEFT,44,cue_assumed,L4-L5,R8-R7,-17.0,-14.0,-17.0,-13.0,22.02271554554524,0.0,1.0,-0.028865979381443297,-0.03505154639175258,4.540766091864998,-2.823362020122544,-2.0671032169352714,False,37.1002989,37.2000653
session-3-20261005-80000Hz-600mV,80000,SMILE_LEFT,45,cue_assumed,L4-L5,R7-R6,-15.0,-12.0,-14.0,-11.0,19.209372712298546,1.0,1.0,-0.07317073170731707,-0.008130081300813006,7.362101738323103,-7.313507414191811,-0.5025816667210325,False,37.2002772,37.3000889
session-3-20261005-80000Hz-600mV,80000,SMILE_LEFT,46,cue_assumed,L4-L5,R6-R5,-4.0,-3.0,-3.0,-3.0,5.0,1.0,0.0,-0.16,0.12,20.0,-15.147186257614287,8.13010235415598,False,37.3002909,37.4020652
session-3-20261005-80000Hz-600mV,80000,SMILE_LEFT,47,cue_assumed,L4-L5,R5-R4,-27.0,-29.0,-26.0,-27.0,39.6232255123179,1.0,2.0,-0.05414012738853504,-0.01592356687898089,5.643326479831004,-5.400610012604934,-0.9644843022265399,False,37.402262,37.5000725
session-3-20261005-80000Hz-600mV,80000,SMILE_LEFT,48,cue_assumed,L4-L5,R4-R3,-1.0,35.0,-2.0,34.0,35.014282800023196,-1.0,-1.0,-0.027732463295269162,0.029363784665579113,4.038961958610096,-2.728915150504685,1.729883621813083,False,37.5002734,37.5990701
session-3-20261005-80000Hz-600mV,80000,SMILE_LEFT,49,cue_assumed,L4-L5,R3-R2,18.0,6.0,17.0,5.0,18.973665961010276,-1.0,-1.0,-0.06666666666666667,-0.03333333333333334,7.4535599249993,-6.607161825853991,-2.0454084888872264,False,37.5992861,37.695961
session-3-20261005-80000Hz-600mV,80000,SMILE_LEFT,50,cue_assumed,L4-L5,R2-R1,97.0,62.0,97.0,63.0,115.12167476196652,0.0,1.0,0.0046781860710782466,0.007319097562815967,0.8686461537913418,0.4704845592080398,0.4173933381620117,True,37.6961456,37.793937
session-3-20261005-80000Hz-600mV,80000,SMILE_LEFT,51,cue_assumed,L4-L5,R1-L1,-38.0,25.0,-38.0,25.0,45.48626166217664,0.0,0.0,-0.0,-0.0,0.0,0.0,1.8692868500046577e-15,False,37.7941429,37.8900734
session-3-20261005-80000Hz-600mV,80000,SMILE_LEFT,52,cue_assumed,L5-L6,L1-L2,-57.0,-68.0,-57.0,-70.0,88.72992730753249,0.0,-2.0,0.017274228375460433,0.01447986790295948,2.2540309236004696,1.7377276280228005,0.8154922956014202,True,37.8903046,37.9890736
session-3-20261005-80000Hz-600mV,80000,SMILE_LEFT,53,cue_assumed,L5-L6,L2-L3,-104.0,-142.0,-102.0,-137.0,176.0113632695344,2.0,5.0,-0.02963202065848935,-0.007617817947062622,3.059555194108661,-2.9602119498604473,-0.4497879780097379,True,37.9892908,38.088079
session-3-20261005-80000Hz-600mV,80000,SMILE_LEFT,54,cue_assumed,L5-L6,L3-L4,149.0,228.0,147.0,225.0,272.3692346796899,-2.0,-3.0,-0.013237177326952886,0.00012131832580710354,1.3237733254653992,-1.3237169869164789,0.007044274319626884,True,38.0882968,38.1850093
session-3-20261005-80000Hz-600mV,80000,SMILE_LEFT,55,cue_assumed,L5-L6,L7-L8,-97.0,-150.0,-103.0,-163.0,178.63090438107287,-6.0,-13.0,0.07935065342066501,0.011313422545363373,8.015310179884763,7.9409943705034625,0.6005347978750737,True,38.1852029,38.2850904
session-3-20261005-80000Hz-600mV,80000,SMILE_LEFT,56,cue_assumed,L5-L6,L8-R8,-29.0,-44.0,-34.0,-50.0,52.69724850502159,-5.0,-6.0,0.14728123874684912,-0.016564638098667633,14.820981925009624,14.740081402090887,-0.827188556325893,True,38.2852873,38.3840722
session-3-20261005-80000Hz-600mV,80000,SMILE_LEFT,57,cue_assumed,L5-L6,R8-R7,-13.0,-11.0,-12.0,-11.0,17.029386365926403,1.0,0.0,-0.04482758620689655,0.03793103448275862,5.872202195147034,-4.407473961178554,2.2740887687270224,False,38.3842782,38.4830897
session-3-20261005-80000Hz-600mV,80000,SMILE_LEFT,58,cue_assumed,L5-L6,R7-R6,-3.0,0.0,-2.0,1.0,3.0,1.0,1.0,-0.3333333333333333,-0.3333333333333333,47.14045207910317,-25.46440075000701,-26.56505117707799,False,38.4833279,38.5810689
session-3-20261005-80000Hz-600mV,80000,SMILE_LEFT,59,cue_assumed,L5-L6,R6-R5,-45.0,-3.0,-45.0,-2.0,45.09988913511872,0.0,1.0,-0.0014749262536873156,-0.022123893805309734,2.2173003507924642,-0.12298614910498662,-1.269270454477259,False,38.5812905,38.6812025
session-3-20261005-80000Hz-600mV,80000,SMILE_LEFT,60,cue_assumed,L5-L6,R5-R4,-4.0,5.0,-3.0,6.0,6.4031242374328485,1.0,1.0,0.024390243902439022,-0.21951219512195125,22.08630521496931,4.76454436543674,-12.094757077012101,False,38.6814117,38.7810145
session-3-20261005-80000Hz-600mV,80000,SMILE_LEFT,61,cue_assumed,L5-L6,R4-R3,-5.0,-3.0,-5.0,-3.0,5.830951894845301,0.0,0.0,-0.0,-0.0,0.0,0.0,9.354572592539755e-16,False,38.7812375,38.8790677
session-3-20261005-80000Hz-600mV,80000,SMILE_LEFT,62,cue_assumed,L5-L6,R3-R2,-2.0,-2.0,-2.0,-1.0,2.8284271247461903,0.0,1.0,-0.25,-0.25,35.35533905932738,-20.943058495790524,-18.43494882292201,False,38.8792713,38.9803505
session-3-20261005-80000Hz-600mV,80000,SMILE_LEFT,63,cue_assumed,L5-L6,R2-R1,39.0,10.0,39.0,9.0,40.26164427839479,0.0,-1.0,-0.006169031462060456,-0.024059222702035782,2.4837535026770383,-0.5877854475575539,-1.3867777991740982,False,38.9805152,39.0809403
session-3-20261005-80000Hz-600mV,80000,SMILE_LEFT,64,cue_assumed,L5-L6,R1-L1,-58.0,-39.0,-58.0,-39.0,69.8927750200262,0.0,0.0,-0.0,-0.0,0.0,0.0,-4.531557949434203e-16,True,39.0811694,39.1791758
session-3-20261005-80000Hz-600mV,80000,SMILE_LEFT,65,cue_assumed,L6-L7,L1-L2,-25.0,-31.0,-23.0,-29.0,39.824615503479755,2.0,2.0,-0.07061790668348046,0.007566204287515766,7.102208242284351,-7.058710853317929,0.46644108889260216,False,39.1793983,39.2790785
session-3-20261005-80000Hz-600mV,80000,SMILE_LEFT,66,cue_assumed,L6-L7,L2-L3,-29.0,-34.0,-27.0,-29.0,44.68780594300866,2.0,5.0,-0.11417125688532799,-0.0385578367551327,12.050635947538627,-11.333249247344412,-2.492364019019425,False,39.2792883,39.3769385
session-3-20261005-80000Hz-600mV,80000,SMILE_LEFT,67,cue_assumed,L6-L7,L3-L4,23.0,33.0,19.0,25.0,40.22437072223753,-4.0,-8.0,-0.2200247218788628,-0.03213844252163165,22.235952357744235,-21.936287945815604,-2.359505636972482,False,39.3771445,39.4769611
session-3-20261005-80000Hz-600mV,80000,SMILE_LEFT,68,cue_assumed,L6-L7,L4-L5,-104.0,-172.0,-96.0,-156.0,200.9975124224178,8.0,16.0,-0.08871287128712872,-0.007128712871287126,8.899883189799697,-8.868498887324883,-0.44819773790452505,True,39.4771993,39.576947
session-3-20261005-80000Hz-600mV,80000,SMILE_LEFT,69,cue_assumed,L6-L7,L8-R8,-155.0,-252.0,-153.0,-254.0,295.8530040408581,2.0,-2.0,0.002216408276114202,0.00929977493173691,0.9560244736793603,0.22595546222823337,0.5316442210434985,True,39.5771875,39.6780712
session-3-20261005-80000Hz-600mV,80000,SMILE_LEFT,70,cue_assumed,L6-L7,R8-R7,-21.0,-46.0,-17.0,-40.0,50.566787519082126,4.0,6.0,-0.14078998826750097,0.022682831443097386,14.26055105479414,-14.049063117169158,1.5122364680497562,True,39.6782731,39.7780767
session-3-20261005-80000Hz-600mV,80000,SMILE_LEFT,71,cue_assumed,L6-L7,R7-R6,-27.0,-25.0,-24.0,-20.0,36.796738985948195,3.0,5.0,-0.15214180206794684,-0.044313146233382575,15.84638219455263,-15.098458274911764,-2.991830745969001,False,39.7782928,39.8781074
session-3-20261005-80000Hz-600mV,80000,SMILE_LEFT,72,cue_assumed,L6-L7,R6-R5,-10.0,-14.0,-9.0,-11.0,17.204650534085253,1.0,3.0,-0.17567567567567569,-0.05405405405405406,18.380365552345193,-17.390531267146358,-3.7517290705259754,False,39.8783235,39.9789282
session-3-20261005-80000Hz-600mV,80000,SMILE_LEFT,73,cue_assumed,L6-L7,R5-R4,-4.0,-11.0,-2.0,-8.0,11.704699910719626,2.0,3.0,-0.29927007299270075,0.072992700729927,30.80430342483094,-29.547862703569905,5.946863053973501,False,39.9791616,40.0791039
session-3-20261005-80000Hz-600mV,80000,SMILE_LEFT,74,cue_assumed,L6-L7,R4-R3,-7.0,14.0,-8.0,12.0,15.652475842498529,-1.0,-2.0,-0.08571428571428572,0.11428571428571428,14.285714285714285,-7.859911448016577,7.125016348901798,False,40.0793155,40.1759519
session-3-20261005-80000Hz-600mV,80000,SMILE_LEFT,75,cue_assumed,L6-L7,R3-R2,1.0,-1.0,2.0,0.0,1.4142135623730951,1.0,1.0,0.0,1.0,100.0,41.421356237309496,45.0,False,40.1761588,40.2751451
session-3-20261005-80000Hz-600mV,80000,SMILE_LEFT,76,cue_assumed,L6-L7,R2-R1,56.0,20.0,57.0,21.0,59.464274989274024,1.0,1.0,0.021493212669683258,0.01018099547511312,2.3782574707724704,2.154394726761266,0.5710353731147711,False,40.2753445,40.3749546
session-3-20261005-80000Hz-600mV,80000,SMILE_LEFT,77,cue_assumed,L6-L7,R1-L1,-61.0,-26.0,-59.0,-22.0,66.30987860040162,2.0,4.0,-0.05139868091880828,-0.04366613600181942,6.744298209245242,-5.039419020526936,-2.6355860620156903,False,40.3752214,40.4749204
session-3-20261005-80000Hz-600mV,80000,SMILE_LEFT,78,cue_assumed,L7-L8,L1-L2,-17.0,-5.0,-16.0,-3.0,17.72004514666935,1.0,2.0,-0.08598726114649682,-0.09235668789808917,12.618861628126718,-8.13330066961222,-5.769885057879649,False,40.4752744,40.5728775
session-3-20261005-80000Hz-600mV,80000,SMILE_LEFT,79,cue_assumed,L7-L8,L2-L3,-21.0,-16.0,-23.0,-17.0,26.40075756488817,-2.0,-1.0,0.08321377331420372,-0.0157819225251076,8.469711416439276,8.332873486129921,-0.8347138879315621,False,40.5731406,40.6688674
session-3-20261005-80000Hz-600mV,80000,SMILE_LEFT,80,cue_assumed,L7-L8,L3-L4,18.0,24.0,20.0,26.0,30.0,2.0,2.0,0.09333333333333334,-0.013333333333333334,9.428090415820636,9.341463112378179,-0.6986943829834712,False,40.6691373,40.7669224
session-3-20261005-80000Hz-600mV,80000,SMILE_LEFT,81,cue_assumed,L7-L8,L4-L5,-57.0,-68.0,-62.0,-75.0,88.72992730753249,-5.0,-7.0,0.09665946907151021,0.007493966721707101,9.694953583391873,9.668507359288569,0.39152170197692027,True,40.7671885,40.8648771
session-3-20261005-80000Hz-600mV,80000,SMILE_LEFT,82,cue_assumed,L7-L8,L5-L6,-108.0,-153.0,-115.0,-166.0,187.27786842016332,-7.0,-13.0,0.07826533230690275,0.009494482935591483,7.883912383660889,7.830713252817234,0.5044952535450931,True,40.8652126,40.962936
session-3-20261005-80000Hz-600mV,80000,SMILE_LEFT,83,cue_assumed,L7-L8,R8-R7,-69.0,-101.0,-70.0,-103.0,122.31925441237777,-1.0,-2.0,0.018112551797887982,0.0024729314262799096,1.828058867953267,1.8115555090995716,0.13916757519612935,True,40.9632955,41.0599951
session-3-20261005-80000Hz-600mV,80000,SMILE_LEFT,84,cue_assumed,L7-L8,R7-R6,-33.0,-51.0,-34.0,-52.0,60.74537019394976,-1.0,-1.0,0.02276422764227642,-0.004878048780487804,2.3281009858985935,2.2775860442847407,-0.2732687364048458,True,41.0602752,41.1579377
session-3-20261005-80000Hz-600mV,80000,SMILE_LEFT,85,cue_assumed,L7-L8,R6-R5,-7.0,-20.0,-8.0,-21.0,21.18962010041709,-1.0,-1.0,0.060133630289532294,-0.028953229398663696,6.674086442659998,6.0528926320953635,-1.564411820389614,False,41.1582093,41.254929
session-3-20261005-80000Hz-600mV,80000,SMILE_LEFT,86,cue_assumed,L7-L8,R5-R4,-6.0,-12.0,-6.0,-11.0,13.416407864998739,0.0,1.0,-0.06666666666666667,-0.03333333333333333,7.4535599249993,-6.607161825854002,-2.0454084888872277,False,41.2551989,41.3529194
session-3-20261005-80000Hz-600mV,80000,SMILE_LEFT,87,cue_assumed,L7-L8,R4-R3,-5.0,13.0,-6.0,12.0,13.92838827718412,-1.0,-1.0,-0.041237113402061855,0.09278350515463916,10.153461651336189,-3.6758051398096625,5.52754015165617,False,41.3531992,41.4509527
session-3-20261005-80000Hz-600mV,80000,SMILE_LEFT,88,cue_assumed,L7-L8,R3-R2,1.0,0.0,1.0,-1.0,1.0,0.0,-1.0,0.0,-1.0,100.0,41.42135623730952,-45.0,False,41.4512186,41.5489331
session-3-20261005-80000Hz-600mV,80000,SMILE_LEFT,89,cue_assumed,L7-L8,R2-R1,52.0,19.0,51.0,17.0,55.362442142665635,-1.0,-2.0,-0.029363784665579123,-0.02773246329526917,4.0389619586100975,-2.8967687438182232,-1.6365770416167171,False,41.549196,41.6469397
session-3-20261005-80000Hz-600mV,80000,SMILE_LEFT,90,cue_assumed,L7-L8,R1-L1,-59.0,-33.0,-61.0,-35.0,67.60177512462228,-2.0,-2.0,0.04026258205689277,0.01137855579868709,4.183953926553039,4.032481041246805,0.6266852592027937,True,41.6471933,41.7449512
session-3-20261005-80000Hz-600mV,80000,SMILE_LEFT,91,cue_assumed,L8-R8,L1-L2,-9.0,9.0,-9.0,7.0,12.727922061357855,0.0,-2.0,-0.1111111111111111,0.1111111111111111,15.713484026367722,-10.419358352238351,7.125016348901798,False,41.7452089,41.841988
session-3-20261005-80000Hz-600mV,80000,SMILE_LEFT,92,cue_assumed,L8-R8,L2-L3,-20.0,-14.0,-22.0,-16.0,24.413111231467404,-2.0,-2.0,0.11409395973154363,0.020134228187919465,11.585688927269846,11.427588067544292,1.0353531865449463,False,41.8423594,41.9419207
session-3-20261005-80000Hz-600mV,80000,SMILE_LEFT,93,cue_assumed,L8-R8,L3-L4,18.0,24.0,20.0,27.0,30.0,2.0,3.0,0.12000000000000001,0.006666666666666667,12.018504251546632,12.001984109409602,0.3410422788588532,False,41.9422741,42.040931
session-3-20261005-80000Hz-600mV,80000,SMILE_LEFT,94,cue_assumed,L8-R8,L4-L5,-45.0,-50.0,-52.0,-60.0,67.26812023536856,-7.0,-10.0,0.18011049723756906,0.022099447513812154,18.14612267003067,18.031740276534002,1.0728292757915374,True,42.0412129,42.1389373
session-3-20261005-80000Hz-600mV,80000,SMILE_LEFT,95,cue_assumed,L8-R8,L5-L6,-37.0,-41.0,-41.0,-47.0,55.226805085936306,-4.0,-6.0,0.12918032786885245,0.01901639344262295,13.057250984747458,12.934044294250535,0.9648202959607183,True,42.1392676,42.2379818
session-3-20261005-80000Hz-600mV,80000,SMILE_LEFT,96,cue_assumed,L8-R8,L6-L7,-175.0,-254.0,-171.0,-254.0,308.4493475434824,4.0,0.0,-0.0073575009722412,0.01067888712542437,1.2968093568219061,-0.7300060689882204,0.6163664763348653,True,42.2382808,42.3379339
session-3-20261005-80000Hz-600mV,80000,SMILE_LEFT,97,cue_assumed,L8-R8,R7-R6,-167.0,-276.0,-176.0,-286.0,322.59107241211746,-9.0,-10.0,0.04096478162686782,-0.00782203430548215,4.17048864572619,4.099416944003531,-0.43052476514203114,True,42.3381482,42.4359349
session-3-20261005-80000Hz-600mV,80000,SMILE_LEFT,98,cue_assumed,L8-R8,R6-R5,-32.0,-63.0,-33.0,-66.0,70.66116330771806,-1.0,-3.0,0.04426196675345483,0.006609252954135789,4.4752697410275655,4.4282881901453575,0.36262667396251236,True,42.4361509,42.5330766
session-3-20261005-80000Hz-600mV,80000,SMILE_LEFT,99,cue_assumed,L8-R8,R5-R4,-18.0,-34.0,-19.0,-36.0,38.47076812334269,-1.0,-2.0,0.0581081081081081,0.0013513513513513514,5.812381937190962,5.810897103965362,0.0731746466943712,False,42.5333802,42.6311817
session-3-20261005-80000Hz-600mV,80000,SMILE_LEFT,100,cue_assumed,L8-R8,R4-R3,-2.0,22.0,-2.0,22.0,22.090722034374522,0.0,0.0,0.0,-0.0,0.0,0.0,-1.4338566186925689e-16,False,42.6314068,42.7320828
session-3-20261005-80000Hz-600mV,80000,SMILE_LEFT,101,cue_assumed,L8-R8,R3-R2,-2.0,-5.0,-2.0,-6.0,5.385164807134504,0.0,-1.0,0.1724137931034483,0.06896551724137932,18.56953381770519,17.44404390294072,3.366460663429802,False,42.7322827,42.8310828
session-3-20261005-80000Hz-600mV,80000,SMILE_LEFT,102,cue_assumed,L8-R8,R2-R1,50.0,9.0,48.0,8.0,50.80354318352215,-2.0,-1.0,-0.04223169314219295,-0.01239829523440527,4.401401629453763,-4.215144863815268,-0.7416515137060662,False,42.8312956,42.9290824
session-3-20261005-80000Hz-600mV,80000,SMILE_LEFT,103,cue_assumed,L8-R8,R1-L1,-69.0,-45.0,-70.0,-48.0,82.37718130647589,-1.0,-3.0,0.030061892130857647,0.023872679045092837,3.838778664207323,3.033849118869303,1.3276473484315916,True,42.9293009,43.0300871
session-3-20261005-80000Hz-600mV,80000,SMILE_LEFT,104,cue_assumed,R8-R7,L1-L2,-1.0,13.0,-1.0,12.0,13.038404810405298,0.0,-1.0,-0.07647058823529412,0.005882352941176471,7.669649888473705,-7.645185481720129,0.3649363357306453,False,43.0302911,43.1269712
session-3-20261005-80000Hz-600mV,80000,SMILE_LEFT,105,cue_assumed,R8-R7,L2-L3,-14.0,-7.0,-14.0,-6.0,15.652475842498529,0.0,1.0,-0.02857142857142857,-0.05714285714285714,6.388765649999399,-2.6892207661348477,-3.366460663429801,False,43.1272637,43.2259242
session-3-20261005-80000Hz-600mV,80000,SMILE_LEFT,106,cue_assumed,R8-R7,L3-L4,12.0,14.0,12.0,13.0,18.439088914585774,0.0,-1.0,-0.041176470588235294,-0.03529411764705882,5.423261445466404,-4.052710549275151,-2.1080953123570043,False,43.2261752,43.3219377
session-3-20261005-80000Hz-600mV,80000,SMILE_LEFT,107,cue_assumed,R8-R7,L4-L5,-26.0,-22.0,-26.0,-22.0,34.058772731852805,0.0,0.0,-0.0,-0.0,0.0,0.0,2.8515317833810844e-16,False,43.3222282,43.4218997
session-3-20261005-80000Hz-600mV,80000,SMILE_LEFT,108,cue_assumed,R8-R7,L5-L6,-16.0,-7.0,-14.0,-6.0,17.46424919657298,2.0,1.0,-0.12786885245901639,-0.006557377049180328,12.803687993289598,-12.78442010139942,-0.43078721700862843,False,43.4221736,43.5198875
session-3-20261005-80000Hz-600mV,80000,SMILE_LEFT,109,cue_assumed,R8-R7,L6-L7,-26.0,-49.0,-21.0,-43.0,55.47071299343465,5.0,6.0,-0.13779655508612285,0.028924276893077666,14.079951842030681,-13.731153119150562,1.9213768363767272,True,43.5201493,43.6179651
session-3-20261005-80000Hz-600mV,80000,SMILE_LEFT,110,cue_assumed,R8-R7,L7-L8,-80.0,-95.0,-81.0,-97.0,124.19742348374221,-1.0,-2.0,0.017504051863857374,0.004213938411669367,1.8004141428847737,1.751277772630666,0.23728603863996336,True,43.6182254,43.7169404
session-3-20261005-80000Hz-600mV,80000,SMILE_LEFT,111,cue_assumed,R8-R7,R6-R5,-76.0,-151.0,-72.0,-146.0,169.04733065032408,4.0,5.0,-0.03705777373412184,0.00783847149805788,3.7877700953928506,-3.702587118795775,0.46638459005741145,True,43.7171722,43.8149721
session-3-20261005-80000Hz-600mV,80000,SMILE_LEFT,112,cue_assumed,R8-R7,R5-R4,-23.0,-44.0,-22.0,-43.0,49.64876634922564,1.0,1.0,-0.02718052738336714,0.008519269776876268,2.8484364594794256,-2.7143225207515553,0.5017433748919198,False,43.8152206,43.9141111
session-3-20261005-80000Hz-600mV,80000,SMILE_LEFT,113,cue_assumed,R8-R7,R4-R3,-1.0,23.0,-2.0,23.0,23.021728866442675,-1.0,0.0,0.0018867924528301885,0.04339622641509434,4.343722427630693,0.28261949901842165,2.4801878061111484,False,43.9143475,44.0131117
session-3-20261005-80000Hz-600mV,80000,SMILE_LEFT,114,cue_assumed,R8-R7,R3-R2,-3.0,-7.0,-3.0,-6.0,7.615773105863909,0.0,1.0,-0.12068965517241378,-0.051724137931034475,13.130643285972255,-11.916967072794481,-3.3664606634298027,False,44.0134835,44.1140697
session-3-20261005-80000Hz-600mV,80000,SMILE_LEFT,115,cue_assumed,R8-R7,R2-R1,39.0,0.0,40.0,2.0,39.0,1.0,2.0,0.02564102564102564,0.05128205128205128,5.733507634614845,2.6922276641065945,2.862405226111748,False,44.114274,44.2131143
session-3-20261005-80000Hz-600mV,80000,SMILE_LEFT,116,cue_assumed,R8-R7,R1-L1,-60.0,-33.0,-59.0,-32.0,68.47627326307996,1.0,1.0,-0.01983365323096609,-0.005758157389635316,2.0652607026959657,-1.981673972920861,-0.33659013289869705,True,44.2134702,44.3130921
session-3-20261005-80000Hz-600mV,80000,SMILE_LEFT,117,cue_assumed,R7-R6,L1-L2,1.0,24.0,2.0,24.0,24.020824298928627,1.0,0.0,0.0017331022530329286,-0.04159445407279029,4.163054471218133,0.2596283036745861,-2.377697660337365,False,44.3133067,44.4092446
session-3-20261005-80000Hz-600mV,80000,SMILE_LEFT,118,cue_assumed,R7-R6,L2-L3,-16.0,-9.0,-16.0,-9.0,18.35755975068582,0.0,0.0,-0.0,-0.0,0.0,0.0,-0.0,False,44.4094535,44.5116036
session-3-20261005-80000Hz-600mV,80000,SMILE_LEFT,119,cue_assumed,R7-R6,L3-L4,13.0,20.0,13.0,20.0,23.853720883753127,0.0,0.0,0.0,0.0,0.0,0.0,8.9435632519185e-16,False,44.5118478,44.6119639
session-3-20261005-80000Hz-600mV,80000,SMILE_LEFT,120,cue_assumed,R7-R6,L4-L5,-28.0,-30.0,-28.0,-29.0,41.036569057366385,0.0,1.0,-0.017814726840855107,-0.0166270783847981,2.436850894142897,-1.7673999862409029,-0.9698480056277952,False,44.6122239,44.7099361
session-3-20261005-80000Hz-600mV,80000,SMILE_LEFT,121,cue_assumed,R7-R6,L5-L6,-9.0,-3.0,-8.0,-1.0,9.486832980505138,1.0,2.0,-0.16666666666666666,-0.16666666666666669,23.570226039551585,-15.016341440120263,-11.309932474020211,False,44.71017,44.8140881
session-3-20261005-80000Hz-600mV,80000,SMILE_LEFT,122,cue_assumed,R7-R6,L6-L7,-36.0,-34.0,-31.0,-29.0,49.51767361255979,5.0,5.0,-0.1427406199021207,-0.004078303425774879,14.279886949438495,-14.273091894981249,-0.2725753913796573,False,44.8143238,44.9130763
session-3-20261005-80000Hz-600mV,80000,SMILE_LEFT,123,cue_assumed,R7-R6,L7-L8,-45.0,-51.0,-46.0,-52.0,68.01470429252781,-1.0,-1.0,0.020752269779507136,-0.0012970168612191962,2.0792762051726847,2.0753093805134792,-0.07280273021289412,True,44.9133053,45.0141989
session-3-20261005-80000Hz-600mV,80000,SMILE_LEFT,124,cue_assumed,R7-R6,L8-R8,-192.0,-273.0,-203.0,-283.0,333.75589882427545,-11.0,-10.0,0.04346772238830088,-0.009722334437531979,4.454174083420645,4.35130145106688,-0.5338283106852679,True,45.0144518,45.1140772
session-3-20261005-80000Hz-600mV,80000,SMILE_LEFT,125,cue_assumed,R7-R6,R5-R4,-34.0,-77.0,-34.0,-74.0,84.17244204607586,0.0,3.0,-0.03260409315455187,-0.014396612561750177,3.5641118720991907,-3.2496975180656085,-0.8526025874416405,True,45.1142819,45.210948
session-3-20261005-80000Hz-600mV,80000,SMILE_LEFT,126,cue_assumed,R7-R6,R4-R3,-5.0,15.0,-6.0,14.0,15.811388300841896,-1.0,-1.0,-0.04,0.07999999999999999,8.944271909999157,-3.6672433696616435,4.763641690726178,False,45.2111844,45.3111129
session-3-20261005-80000Hz-600mV,80000,SMILE_LEFT,127,cue_assumed,R7-R6,R3-R2,-6.0,-16.0,-6.0,-16.0,17.08800749063506,0.0,0.0,-0.0,-0.0,0.0,0.0,-0.0,False,45.3113689,45.4110969
session-3-20261005-80000Hz-600mV,80000,SMILE_LEFT,128,cue_assumed,R7-R6,R2-R1,27.0,-20.0,26.0,-20.0,33.60059523282288,-1.0,0.0,-0.02391496899911426,-0.017714791851195746,2.9761377531286874,-2.3754230946770427,-1.039736661842326,False,45.4113402,45.5109502
session-3-20261005-80000Hz-600mV,80000,SMILE_LEFT,129,cue_assumed,R7-R6,R1-L1,-59.0,-39.0,-58.0,-38.0,70.7248188403477,1.0,1.0,-0.019592163134746102,-0.003998400639744102,1.9996001199600142,-1.958400982313535,-0.23366827837592977,True,45.5111803,45.6111333
session-3-20261005-80000Hz-600mV,80000,SMILE_LEFT,130,cue_assumed,R6-R5,L1-L2,-10.0,7.0,-9.0,7.0,12.206555615733702,1.0,0.0,-0.06711409395973154,-0.046979865771812075,8.192319205190405,-6.593189676741984,-2.8829634525395424,False,45.6113868,45.709941
session-3-20261005-80000Hz-600mV,80000,SMILE_LEFT,131,cue_assumed,R6-R5,L2-L3,-20.0,-13.0,-20.0,-12.0,23.853720883753127,0.0,1.0,-0.022847100175746926,-0.0351493848857645,4.192218081503186,-2.2215121362170964,-2.060111023723125,False,45.7101411,45.8089548
session-3-20261005-80000Hz-600mV,80000,SMILE_LEFT,132,cue_assumed,R6-R5,L3-L4,0.0,-3.0,0.0,-4.0,3.0,0.0,-1.0,0.3333333333333333,-0.0,33.33333333333333,33.33333333333333,-0.0,False,45.8092115,45.9090571
session-3-20261005-80000Hz-600mV,80000,SMILE_LEFT,133,cue_assumed,R6-R5,L4-L5,-13.0,-11.0,-13.0,-11.0,17.029386365926403,0.0,0.0,-0.0,-0.0,0.0,0.0,2.8515317833810844e-16,False,45.9092636,46.007947
session-3-20261005-80000Hz-600mV,80000,SMILE_LEFT,134,cue_assumed,R6-R5,L5-L6,-48.0,3.0,-48.0,4.0,48.093658625644196,0.0,1.0,0.0012970168612191958,-0.020752269779507133,2.0792762051726843,0.1512043200768476,-1.1873073157288265,False,46.008179,46.1071556
session-3-20261005-80000Hz-600mV,80000,SMILE_LEFT,135,cue_assumed,R6-R5,L6-L7,-14.0,-15.0,-12.0,-13.0,20.518284528683193,2.0,2.0,-0.13776722090261284,0.004750593824228028,13.784910335911555,-13.775413396660097,0.3156760317565534,False,46.1073518,46.2069413
session-3-20261005-80000Hz-600mV,80000,SMILE_LEFT,136,cue_assumed,R6-R5,L7-L8,-13.0,-14.0,-13.0,-15.0,19.1049731745428,0.0,-1.0,0.03835616438356164,0.03561643835616438,5.234239225902137,3.896682083429437,1.964520383313424,False,46.2071715,46.3068793
session-3-20261005-80000Hz-600mV,80000,SMILE_LEFT,137,cue_assumed,R6-R5,L8-R8,-39.0,-56.0,-42.0,-59.0,68.24221567329127,-3.0,-3.0,0.061198196263689074,-0.010951256173502255,6.21703244137159,6.1254701645691245,-0.5912547614945735,True,46.307161,46.4040822
session-3-20261005-80000Hz-600mV,80000,SMILE_LEFT,138,cue_assumed,R6-R5,R8-R7,-93.0,-138.0,-88.0,-132.0,166.41213898030395,5.0,6.0,-0.04669049940418157,0.004766547502979093,4.693317280676894,-4.66785831099007,0.28647651027707427,True,46.4043944,46.5130906
session-3-20261005-80000Hz-600mV,80000,SMILE_LEFT,139,cue_assumed,R6-R5,R4-R3,177.0,289.0,178.0,289.0,338.89526405661087,1.0,0.0,0.0015411406181976492,-0.0025163256421419245,0.2950764162443281,0.1544301688915617,-0.14395268448308055,True,46.5133104,46.6140825
session-3-20261005-80000Hz-600mV,80000,SMILE_LEFT,140,cue_assumed,R6-R5,R3-R2,-99.0,-151.0,-98.0,-150.0,180.5602392554906,1.0,1.0,-0.007668241212195571,0.0015949941721366788,0.7832364246992383,-0.7666959380417393,0.09209254355109368,True,46.6143066,46.7130896
session-3-20261005-80000Hz-600mV,80000,SMILE_LEFT,141,cue_assumed,R6-R5,R2-R1,-25.0,-123.0,-26.0,-123.0,125.51493934986385,-1.0,0.0,0.0015868985654436966,-0.007807540941982988,0.7967179087842061,0.1617328660754147,-0.4466213411082432,True,46.7132919,46.8120954
session-3-20261005-80000Hz-600mV,80000,SMILE_LEFT,142,cue_assumed,R6-R5,R1-L1,-79.0,-56.0,-79.0,-56.0,96.83491106000976,0.0,0.0,-0.0,-0.0,0.0,0.0,-1.0718303074997029e-16,True,46.8123676,46.909135
session-3-20261005-80000Hz-600mV,80000,SMILE_LEFT,143,cue_assumed,R5-R4,L1-L2,21.0,57.0,21.0,56.0,60.74537019394976,0.0,-1.0,-0.015447154471544718,-0.005691056910569106,1.6462159944159827,-1.5430706467575495,-0.33118578841538543,True,46.9093627,47.0079483
session-3-20261005-80000Hz-600mV,80000,SMILE_LEFT,144,cue_assumed,R5-R4,L2-L3,-11.0,-7.0,-11.0,-7.0,13.038404810405298,0.0,0.0,-0.0,-0.0,0.0,0.0,4.1160119407174925e-16,False,47.0081598,47.1072179
session-3-20261005-80000Hz-600mV,80000,SMILE_LEFT,145,cue_assumed,R5-R4,L3-L4,38.0,42.0,37.0,41.0,56.639209034025185,-1.0,-1.0,-0.024937655860349125,0.0012468827930174563,2.4968808471946113,-2.493685862103745,0.07326822030942534,True,47.1074328,47.2071047
session-3-20261005-80000Hz-600mV,80000,SMILE_LEFT,146,cue_assumed,R5-R4,L4-L5,-47.0,-45.0,-46.0,-44.0,65.06919393998976,1.0,1.0,-0.021728861596598963,-0.000472366556447803,2.173399540921557,-2.172874755349685,-0.027665753288365087,True,47.2074161,47.3039048
session-3-20261005-80000Hz-600mV,80000,SMILE_LEFT,147,cue_assumed,R5-R4,L5-L6,-16.0,4.0,-15.0,5.0,16.492422502470642,1.0,1.0,-0.044117647058823525,-0.07352941176470588,8.574929257125442,-4.129376394078688,-4.398705354995532,False,47.3041661,47.4008742
session-3-20261005-80000Hz-600mV,80000,SMILE_LEFT,148,cue_assumed,R5-R4,L6-L7,-17.0,-17.0,-14.0,-14.0,24.041630560342615,3.0,3.0,-0.1764705882352941,-0.0,17.64705882352941,-17.647058823529417,-0.0,False,47.4011312,47.4988696
session-3-20261005-80000Hz-600mV,80000,SMILE_LEFT,149,cue_assumed,R5-R4,L7-L8,-21.0,-10.0,-19.0,-9.0,23.259406699226016,2.0,1.0,-0.09611829944547134,-0.0018484288354898356,9.613607115671604,-9.611640943841293,-0.11716911992492172,False,47.4991216,47.5968947
session-3-20261005-80000Hz-600mV,80000,SMILE_LEFT,150,cue_assumed,R5-R4,L8-R8,-31.0,-31.0,-34.0,-33.0,43.840620433565945,-3.0,-2.0,0.08064516129032258,-0.016129032258064516,8.224225021923846,8.076552050006146,-0.8550973962667233,False,47.5971512,47.6938783
session-3-20261005-80000Hz-600mV,80000,SMILE_LEFT,151,cue_assumed,R5-R4,R8-R7,-40.0,-40.0,-39.0,-39.0,56.568542494923804,1.0,1.0,-0.025,-0.0,2.5,-2.499999999999991,-0.0,True,47.6941577,47.7908871
session-3-20261005-80000Hz-600mV,80000,SMILE_LEFT,152,cue_assumed,R5-R4,R7-R6,-53.0,-63.0,-52.0,-62.0,82.3286098510111,1.0,1.0,-0.017114192977279435,0.0014753614635585719,1.7177668430602402,-1.7113085681698115,0.08600380738679415,True,47.7911433,47.8879116
session-3-20261005-80000Hz-600mV,80000,SMILE_LEFT,153,cue_assumed,R5-R4,R3-R2,155.0,200.0,154.0,199.0,253.03161857759991,-1.0,-1.0,-0.00554470909800859,0.0007028504490433424,0.5589078433450336,-0.5544460721487066,0.04049489003896103,True,47.8881843,47.985908
session-3-20261005-80000Hz-600mV,80000,SMILE_LEFT,154,cue_assumed,R5-R4,R2-R1,61.0,17.0,61.0,16.0,63.324560795950255,0.0,-1.0,-0.004239401496259351,-0.015211970074812967,1.5791661046371634,-0.4123213662410419,-0.8752243172983545,False,47.9861621,48.0818941
session-3-20261005-80000Hz-600mV,80000,SMILE_LEFT,155,cue_assumed,R5-R4,R1-L1,-35.0,2.0,-34.0,3.0,35.05709628591621,1.0,1.0,-0.026851098454027663,-0.030105777054515868,4.034029375505464,-2.6385526816600446,-1.7719631459873477,False,48.0821588,48.1810167
session-3-20261005-80000Hz-600mV,80000,SMILE_LEFT,156,cue_assumed,R4-R3,L1-L2,-29.0,-22.0,-28.0,-21.0,36.40054944640259,1.0,1.0,-0.038490566037735846,-0.0052830188679245296,3.8851434494290564,-3.8476052359176727,-0.3148088073891013,False,48.1812793,48.2770326
session-3-20261005-80000Hz-600mV,80000,SMILE_LEFT,157,cue_assumed,R4-R3,L2-L3,-11.0,-3.0,-12.0,-2.0,11.40175425099138,-1.0,1.0,0.06153846153846154,-0.1076923076923077,12.403473458920846,6.698713134767376,-5.792796495032158,False,48.2773096,48.375035
session-3-20261005-80000Hz-600mV,80000,SMILE_LEFT,158,cue_assumed,R4-R3,L3-L4,-32.0,-26.0,-30.0,-25.0,41.23105625617661,2.0,1.0,-0.05294117647058823,0.011764705882352941,5.423261445466403,-5.286810658208141,0.711712206035694,False,48.3752773,48.4729451
session-3-20261005-80000Hz-600mV,80000,SMILE_LEFT,159,cue_assumed,R4-R3,L4-L5,2.0,23.0,1.0,22.0,23.08679276123039,-1.0,-1.0,-0.046904315196998114,0.039399624765478425,6.125638918316888,-4.609030048868712,2.3671785256104974,False,48.4731779,48.5699511
session-3-20261005-80000Hz-600mV,80000,SMILE_LEFT,160,cue_assumed,R4-R3,L5-L6,2.0,-3.0,1.0,-3.0,3.605551275463989,-1.0,0.0,-0.15384615384615385,-0.23076923076923078,27.735009811261456,-12.29419806929708,-15.255118703057775,False,48.5701849,48.6679023
session-3-20261005-80000Hz-600mV,80000,SMILE_LEFT,161,cue_assumed,R4-R3,L6-L7,1.0,6.0,0.0,4.0,6.082762530298219,-1.0,-2.0,-0.35135135135135126,0.10810810810810811,36.76073110469037,-34.24040507785707,9.462322208025617,False,48.6681594,48.7669604
session-3-20261005-80000Hz-600mV,80000,SMILE_LEFT,162,cue_assumed,R4-R3,L7-L8,0.0,12.0,0.0,11.0,12.0,0.0,-1.0,-0.08333333333333333,-0.0,8.333333333333332,-8.333333333333337,0.0,False,48.7671537,48.8659289
session-3-20261005-80000Hz-600mV,80000,SMILE_LEFT,163,cue_assumed,R4-R3,L8-R8,7.0,18.0,6.0,18.0,19.313207915827967,-1.0,0.0,-0.018766756032171584,0.0482573726541555,5.177803730784978,-1.758081600413064,2.8155566842112285,False,48.8661585,48.9629476
session-3-20261005-80000Hz-600mV,80000,SMILE_LEFT,164,cue_assumed,R4-R3,R8-R7,6.0,17.0,6.0,17.0,18.027756377319946,0.0,0.0,0.0,0.0,0.0,0.0,1.1645723295204876e-15,False,48.9631984,49.0631026
session-3-20261005-80000Hz-600mV,80000,SMILE_LEFT,165,cue_assumed,R4-R3,R7-R6,5.0,19.0,4.0,18.0,19.6468827043885,-1.0,-1.0,-0.06217616580310881,0.036269430051813475,7.198157507486945,-6.147508528327183,2.2147551273192234,False,49.0633469,49.159391
session-3-20261005-80000Hz-600mV,80000,SMILE_LEFT,166,cue_assumed,R4-R3,R6-R5,191.0,265.0,193.0,266.0,326.65884344373717,2.0,1.0,0.006063389125260061,-0.003176953498397466,0.6845269988488538,0.6068405214941563,-0.18092838294268376,True,49.1596091,49.2599454
session-3-20261005-80000Hz-600mV,80000,SMILE_LEFT,167,cue_assumed,R4-R3,R2-R1,-258.0,-411.0,-259.0,-412.0,485.26796720987056,-1.0,-1.0,0.0028409452831390535,-0.0006497229122874069,0.291429407653745,0.2841155755108904,-0.0371209170242823,True,49.2604555,49.3599151
session-3-20261005-80000Hz-600mV,80000,SMILE_LEFT,168,cue_assumed,R4-R3,R1-L1,-85.0,-70.0,-84.0,-69.0,110.11357772772621,1.0,1.0,-0.012783505154639174,-0.0012371134020618558,1.284322598135871,-1.2782730021232869,-0.07179918486439664,True,49.360194,49.4571048
session-3-20261005-80000Hz-600mV,80000,SMILE_LEFT,169,cue_assumed,R3-R2,L1-L2,6.0,27.0,7.0,27.0,27.65863337187866,1.0,0.0,0.00784313725490196,-0.03529411764705882,3.615507630310936,0.8460938287788711,-2.0056473713886103,False,49.4573507,49.5559693
session-3-20261005-80000Hz-600mV,80000,SMILE_LEFT,170,cue_assumed,R3-R2,L2-L3,-19.0,-12.0,-20.0,-12.0,22.47220505424423,-1.0,0.0,0.03762376237623762,-0.02376237623762376,4.4499415948998475,3.78958149892874,-1.311887782504109,False,49.5563377,49.6559349
session-3-20261005-80000Hz-600mV,80000,SMILE_LEFT,171,cue_assumed,R3-R2,L3-L4,-18.0,2.0,-18.0,2.0,18.110770276274835,0.0,0.0,-0.0,-0.0,0.0,0.0,-3.4908526991672743e-16,False,49.6561738,49.7540738
session-3-20261005-80000Hz-600mV,80000,SMILE_LEFT,172,cue_assumed,R3-R2,L4-L5,2.0,-8.0,2.0,-9.0,8.246211251235321,0.0,-1.0,0.11764705882352941,-0.029411764705882353,12.126781251816649,11.803398874989512,-1.5074357587749678,False,49.754305,49.8548845
session-3-20261005-80000Hz-600mV,80000,SMILE_LEFT,173,cue_assumed,R3-R2,L5-L6,-12.0,-1.0,-12.0,-1.0,12.041594578792296,0.0,0.0,-0.0,-0.0,0.0,0.0,2.632183184659462e-16,False,49.8551459,49.9530959
session-3-20261005-80000Hz-600mV,80000,SMILE_LEFT,174,cue_assumed,R3-R2,L6-L7,-9.0,-7.0,-7.0,-6.0,11.40175425099138,2.0,1.0,-0.19230769230769232,0.038461538461538464,19.611613513818405,-19.139245993736008,2.726310993906265,False,49.9533565,50.0499484
session-3-20261005-80000Hz-600mV,80000,SMILE_LEFT,175,cue_assumed,R3-R2,L7-L8,-11.0,1.0,-11.0,1.0,11.045361017187261,0.0,0.0,-0.0,-0.0,0.0,0.0,1.4338566186925689e-16,False,50.0501842,50.1487218
session-3-20261005-80000Hz-600mV,80000,SMILE_LEFT,176,cue_assumed,R3-R2,L8-R8,-12.0,-6.0,-14.0,-7.0,13.416407864998739,-2.0,-1.0,0.16666666666666666,-0.0,16.666666666666664,16.666666666666675,-0.0,False,50.1489617,50.2479941
session-3-20261005-80000Hz-600mV,80000,SMILE_LEFT,177,cue_assumed,R3-R2,R8-R7,-16.0,-8.0,-15.0,-7.0,17.88854381999832,1.0,1.0,-0.07500000000000001,-0.025,7.905694150420948,-7.466222383391274,-1.5481576989779677,False,50.2482085,50.3449515
session-3-20261005-80000Hz-600mV,80000,SMILE_LEFT,178,cue_assumed,R3-R2,R7-R6,-18.0,-10.0,-18.0,-9.0,20.591260281974,0.0,1.0,-0.023584905660377357,-0.04245283018867924,4.856429311786321,-2.266245378309395,-2.489552921999157,False,50.3451845,50.4429736
session-3-20261005-80000Hz-600mV,80000,SMILE_LEFT,179,cue_assumed,R3-R2,R6-R5,-137.0,-149.0,-136.0,-149.0,202.41047403728888,1.0,0.0,-0.0033439101781791557,0.003636807420063461,0.494045579783473,-0.3337274828072889,0.20907190891234462,True,50.443359,50.5409796
session-3-20261005-80000Hz-600mV,80000,SMILE_LEFT,180,cue_assumed,R3-R2,R5-R4,177.0,213.0,176.0,212.0,276.9440376682625,-1.0,-1.0,-0.005084878354063992,0.0004693733865289838,0.5106495789835748,-0.5084767635391119,0.027030559173923503,True,50.5414218,50.6358965
session-3-20261005-80000Hz-600mV,80000,SMILE_LEFT,181,cue_assumed,R3-R2,R1-L1,-59.0,-34.0,-58.0,-34.0,68.09552114493287,1.0,0.0,-0.012723743799870606,0.007332326935518655,1.468525364350504,-1.26965162247058,0.42551784356684913,True,50.636182,50.7359389
session-3-20261005-80000Hz-600mV,80000,SMILE_LEFT,182,cue_assumed,R2-R1,L1-L2,-268.0,-223.0,-267.0,-224.0,348.644518098306,1.0,-1.0,-0.0003702088800770034,0.004039390224840194,0.4056319514464114,-0.03620475552913449,0.23152446440519742,True,50.7361758,50.8349348
session-3-20261005-80000Hz-600mV,80000,SMILE_LEFT,183,cue_assumed,R2-R1,L2-L3,-26.0,2.0,-26.0,2.0,26.076809620810597,0.0,0.0,-0.0,-0.0,0.0,0.0,2.4321888740603364e-16,False,50.8351615,50.9349209
session-3-20261005-80000Hz-600mV,80000,SMILE_LEFT,184,cue_assumed,R2-R1,L3-L4,-15.0,-14.0,-13.0,-14.0,20.518284528683193,2.0,0.0,-0.07125890736342043,0.0665083135391924,9.747403576571587,-6.888058074078652,4.09603040754343,False,50.9351297,51.0330983
session-3-20261005-80000Hz-600mV,80000,SMILE_LEFT,185,cue_assumed,R2-R1,L4-L5,10.0,17.0,10.0,17.0,19.72308292331602,0.0,0.0,0.0,0.0,0.0,0.0,8.339757776588143e-16,False,51.0333418,51.1309327
session-3-20261005-80000Hz-600mV,80000,SMILE_LEFT,186,cue_assumed,R2-R1,L5-L6,-24.0,3.0,-24.0,3.0,24.186773244895647,0.0,0.0,-0.0,-0.0,0.0,0.0,-0.0,False,51.1311762,51.2288833
session-3-20261005-80000Hz-600mV,80000,SMILE_LEFT,187,cue_assumed,R2-R1,L6-L7,-8.0,-1.0,-6.0,0.0,8.06225774829855,2.0,1.0,-0.26153846153846155,-0.09230769230769231,27.735009811261456,-25.579159246474926,-7.125016348901798,False,51.2291297,51.3249608
session-3-20261005-80000Hz-600mV,80000,SMILE_LEFT,188,cue_assumed,R2-R1,L7-L8,-13.0,10.0,-13.0,9.0,16.401219466856727,0.0,-1.0,-0.03717472118959108,0.0483271375464684,6.097107608496924,-3.5962640900376375,2.873438497593526,False,51.3252537,51.4219477
session-3-20261005-80000Hz-600mV,80000,SMILE_LEFT,189,cue_assumed,R2-R1,L8-R8,-14.0,0.0,-17.0,0.0,14.0,-3.0,0.0,0.21428571428571427,-0.0,21.428571428571427,21.42857142857142,-0.0,False,51.4221664,51.5210848
session-3-20261005-80000Hz-600mV,80000,SMILE_LEFT,190,cue_assumed,R2-R1,R8-R7,-24.0,-6.0,-23.0,-5.0,24.73863375370596,1.0,1.0,-0.049019607843137254,-0.029411764705882353,5.716619504750295,-4.856489545007081,-1.7714697400340769,False,51.5212867,51.6190727
session-3-20261005-80000Hz-600mV,80000,SMILE_LEFT,191,cue_assumed,R2-R1,R7-R6,-35.0,-9.0,-35.0,-9.0,36.138621999185304,0.0,0.0,-0.0,-0.0,0.0,0.0,1.363790675053269e-15,False,51.6193052,51.7190893
session-3-20261005-80000Hz-600mV,80000,SMILE_LEFT,192,cue_assumed,R2-R1,R6-R5,-104.0,-92.0,-104.0,-92.0,138.85243966167826,0.0,0.0,-0.0,-0.0,0.0,0.0,1.0980172178330482e-15,True,51.719288,51.8149257
session-3-20261005-80000Hz-600mV,80000,SMILE_LEFT,193,cue_assumed,R2-R1,R5-R4,-1.0,8.0,-1.0,7.0,8.06225774829855,0.0,-1.0,-0.12307692307692308,0.015384615384615385,12.403473458920846,-12.29419806929707,1.0050860052541812,False,51.8151424,51.9131081
session-3-20261005-80000Hz-600mV,80000,SMILE_LEFT,194,cue_assumed,R2-R1,R4-R3,-354.0,-295.0,-354.0,-296.0,460.8047308784926,0.0,-1.0,0.001389274798555154,0.001667129758266185,0.21701166090321347,0.1390662530466713,0.0953868921962568,True,51.9133102,52.0120834
session-3-20261005-80000Hz-600mV,80000,SMILE_LEFT,195,cue_assumed,R1-L1,L2-L3,10.0,21.0,10.0,22.0,23.259406699226016,0.0,1.0,0.038817005545286505,0.018484288354898334,4.299335803923478,3.898144349457122,1.0193902814550775,False,52.0122946,52.1129311
session-3-20261005-80000Hz-600mV,80000,SMILE_LEFT,196,cue_assumed,R1-L1,L3-L4,-16.0,-26.0,-16.0,-26.0,30.528675044947494,0.0,0.0,-0.0,-0.0,0.0,0.0,1.4196467247734152e-15,False,52.1131509,52.2130735
session-3-20261005-80000Hz-600mV,80000,SMILE_LEFT,197,cue_assumed,R1-L1,L4-L5,6.0,30.0,7.0,31.0,30.59411708155671,1.0,1.0,0.038461538461538464,-0.025641025641025647,4.622501635210243,3.8778046100238273,-1.4144232114021544,False,52.2132911,52.3131104
session-3-20261005-80000Hz-600mV,80000,SMILE_LEFT,198,cue_assumed,R1-L1,L5-L6,-7.0,-6.0,-7.0,-6.0,9.219544457292887,0.0,0.0,-0.0,-0.0,0.0,0.0,1.5715681955466792e-15,False,52.3133086,52.4143241
session-3-20261005-80000Hz-600mV,80000,SMILE_LEFT,199,cue_assumed,R1-L1,L6-L7,-10.0,-7.0,-7.0,-4.0,12.206555615733702,3.0,3.0,-0.3422818791946308,-0.0604026845637584,34.757066781809534,-33.95141101141864,-5.247138901616436,False,52.4145882,52.513133
session-3-20261005-80000Hz-600mV,80000,SMILE_LEFT,200,cue_assumed,R1-L1,L7-L8,-11.0,-2.0,-12.0,-3.0,11.180339887498949,-1.0,-1.0,0.10400000000000001,0.07200000000000001,12.64911064067352,10.634533487514641,3.7313969991604465,False,52.5133362,52.6111153
session-3-20261005-80000Hz-600mV,80000,SMILE_LEFT,201,cue_assumed,R1-L1,L8-R8,-16.0,-11.0,-19.0,-12.0,19.4164878389476,-3.0,-1.0,0.15649867374005305,-0.04509283819628647,16.286558549611406,15.737744336888548,-2.2328786730907697,False,52.6113715,52.7089682
session-3-20261005-80000Hz-600mV,80000,SMILE_LEFT,202,cue_assumed,R1-L1,R8-R7,-13.0,-6.0,-12.0,-6.0,14.317821063276353,1.0,0.0,-0.06341463414634146,0.02926829268292683,6.984302957695782,-6.295742866836351,1.789910608246068,False,52.7092376,52.806931
session-3-20261005-80000Hz-600mV,80000,SMILE_LEFT,203,cue_assumed,R1-L1,R7-R6,-5.0,2.0,-6.0,2.0,5.385164807134504,-1.0,0.0,0.1724137931034483,0.06896551724137932,18.56953381770519,17.44404390294072,3.366460663429802,False,52.807167,52.9049382
session-3-20261005-80000Hz-600mV,80000,SMILE_LEFT,204,cue_assumed,R1-L1,R6-R5,-27.0,-17.0,-28.0,-17.0,31.906112267087632,-1.0,0.0,0.02652259332023576,-0.01669941060903733,3.1341957040361135,2.6658416861027323,-0.9320022403358212,False,52.9051851,53.0059306
session-3-20261005-80000Hz-600mV,80000,SMILE_LEFT,205,cue_assumed,R1-L1,R5-R4,35.0,32.0,35.0,33.0,47.4236228055175,0.0,1.0,0.014228546020453536,0.015562472209871055,2.108653748577924,1.434793542652102,0.8790858935687138,False,53.006172,53.1040816
session-3-20261005-80000Hz-600mV,80000,SMILE_LEFT,206,cue_assumed,R1-L1,R4-R3,-46.0,-20.0,-47.0,-21.0,50.15974481593781,-1.0,-1.0,0.026232114467408585,0.010333863275039747,2.8194193721730048,2.6284142669288135,0.576932579126738,False,53.1043056,53.2040968
session-3-20261005-80000Hz-600mV,80000,SMILE_LEFT,207,cue_assumed,R1-L1,R3-R2,0.0,7.0,1.0,7.0,7.0,1.0,0.0,0.0,-0.14285714285714285,14.285714285714285,1.0152544552210818,-8.130102354155978,False,53.204388,53.3020876
session-3-20261005-80000Hz-600mV,80000,SMILE_RIGHT,0,cue_assumed,L1-L2,L3-L4,-166.0,-249.0,-167.0,-251.0,299.2607558635111,-1.0,-2.0,0.0074142724745134385,0.0009267840593141796,0.7471971963205328,0.7414698778038353,0.05270999388163091,True,55.4894343,55.5899248
session-3-20261005-80000Hz-600mV,80000,SMILE_RIGHT,1,cue_assumed,L1-L2,L4-L5,-64.0,-68.0,-65.0,-69.0,93.38094023943002,-1.0,-1.0,0.015137614678899082,-0.0004587155963302753,1.5144563320384565,1.513771832001387,-0.025890544786858413,True,55.5902285,55.686899
session-3-20261005-80000Hz-600mV,80000,SMILE_RIGHT,2,cue_assumed,L1-L2,L5-L6,-51.0,-66.0,-52.0,-67.0,83.40863264674707,-1.0,-1.0,0.01681759379042691,-0.00215610176800345,1.6955242131382064,1.6819879731207799,-0.1214921408839651,True,55.6871621,55.7818846
session-3-20261005-80000Hz-600mV,80000,SMILE_RIGHT,3,cue_assumed,L1-L2,L6-L7,-24.0,-39.0,-24.0,-39.0,45.79301256742124,0.0,0.0,-0.0,-0.0,0.0,0.0,1.4196467247734154e-15,False,55.782159,55.8800165
session-3-20261005-80000Hz-600mV,80000,SMILE_RIGHT,4,cue_assumed,L1-L2,L7-L8,-18.0,-7.0,-15.0,-4.0,19.313207915827967,3.0,3.0,-0.20107238605898126,-0.08847184986595175,21.967560778146378,-19.618870340347105,-6.3190883289956865,False,55.8803151,55.979077
session-3-20261005-80000Hz-600mV,80000,SMILE_RIGHT,5,cue_assumed,L1-L2,L8-R8,-7.0,1.0,-6.0,2.0,7.0710678118654755,1.0,1.0,-0.12,-0.15999999999999998,19.999999999999996,-10.557280900008415,-10.304846468766033,False,55.9793013,56.0780901
session-3-20261005-80000Hz-600mV,80000,SMILE_RIGHT,6,cue_assumed,L1-L2,R8-R7,-3.0,3.0,-5.0,-1.0,4.242640687119285,-2.0,-4.0,-0.3333333333333333,1.0,105.40925533894598,20.18504251546631,56.309932474020215,False,56.078309,56.1790924
session-3-20261005-80000Hz-600mV,80000,SMILE_RIGHT,7,cue_assumed,L1-L2,R7-R6,5.0,22.0,4.0,21.0,22.561028345356956,-1.0,-1.0,-0.05304518664047151,0.03339882121807466,6.268391408072227,-5.2456386331723115,2.0199681977241504,False,56.1792998,56.2790417
session-3-20261005-80000Hz-600mV,80000,SMILE_RIGHT,8,cue_assumed,L1-L2,R6-R5,-10.0,-3.0,-12.0,-4.0,10.44030650891055,-2.0,-1.0,0.21100917431192656,0.03669724770642201,21.417646843905963,21.156506563076526,1.7357045889283895,False,56.2792618,56.3779072
session-3-20261005-80000Hz-600mV,80000,SMILE_RIGHT,9,cue_assumed,L1-L2,R5-R4,34.0,50.0,36.0,51.0,60.4648658313239,2.0,1.0,0.03227571115973742,-0.018052516411378554,3.698127742047171,3.2433550984819925,-1.0018908357553122,True,56.3782045,56.4788958
session-3-20261005-80000Hz-600mV,80000,SMILE_RIGHT,10,cue_assumed,L1-L2,R4-R3,-37.0,-27.0,-37.0,-26.0,45.803929962395145,0.0,1.0,-0.012869399428026692,-0.01763584366062917,2.1832187779978622,-1.2711873074933266,-1.023524062453632,False,56.4791145,56.5781072
session-3-20261005-80000Hz-600mV,80000,SMILE_RIGHT,11,cue_assumed,L1-L2,R3-R2,16.0,20.0,16.0,21.0,25.612496949731394,0.0,1.0,0.030487804878048783,0.02439024390243903,3.904344047215152,3.077640640441537,1.3558599761066616,False,56.5783087,56.6790024
session-3-20261005-80000Hz-600mV,80000,SMILE_RIGHT,12,cue_assumed,L1-L2,R2-R1,-222.0,-300.0,-221.0,-300.0,373.2077169620157,1.0,0.0,-0.001593865770655639,0.002153872663048161,0.267947299734367,-0.15915424866274064,0.1236046309458599,True,56.6792839,56.7790983
session-3-20261005-80000Hz-600mV,80000,SMILE_RIGHT,13,cue_assumed,L2-L3,L4-L5,138.0,206.0,135.0,201.0,247.95160818191923,-3.0,-5.0,-0.023487312947299936,-0.0011711125569290831,2.351649153478044,-2.348661070136593,-0.06871367424837503,True,56.7793655,56.8799596
session-3-20261005-80000Hz-600mV,80000,SMILE_RIGHT,14,cue_assumed,L2-L3,L5-L6,-95.0,-131.0,-95.0,-130.0,161.82088863926066,0.0,1.0,-0.005002673184144199,-0.0036278927671274724,0.6179671910152779,-0.499605931603031,-0.20890711699205283,True,56.88017,56.9759518
session-3-20261005-80000Hz-600mV,80000,SMILE_RIGHT,15,cue_assumed,L2-L3,L6-L7,-21.0,-35.0,-21.0,-35.0,40.8166632639171,0.0,0.0,-0.0,-0.0,0.0,0.0,-9.354572592539753e-16,False,56.9761683,57.0740443
session-3-20261005-80000Hz-600mV,80000,SMILE_RIGHT,16,cue_assumed,L2-L3,L7-L8,-16.0,-10.0,-15.0,-10.0,18.867962264113206,1.0,0.0,-0.0449438202247191,0.028089887640449437,5.2999894000318,-4.453082293848598,1.6846843178962914,False,57.0755269,57.1741927
session-3-20261005-80000Hz-600mV,80000,SMILE_RIGHT,17,cue_assumed,L2-L3,L8-R8,-12.0,-10.0,-12.0,-11.0,15.620499351813308,0.0,-1.0,0.04098360655737705,0.049180327868852465,6.4018439966448,4.214469905598617,2.704875985735649,False,57.1752828,57.2739442
session-3-20261005-80000Hz-600mV,80000,SMILE_RIGHT,18,cue_assumed,L2-L3,R8-R7,-9.0,-4.0,-8.0,-5.0,9.848857801796104,1.0,-1.0,-0.05154639175257732,0.13402061855670103,14.35916317235476,-4.2124343562340965,8.042894233505313,False,57.2741133,57.3739324
session-3-20261005-80000Hz-600mV,80000,SMILE_RIGHT,19,cue_assumed,L2-L3,R7-R6,-7.0,2.0,-6.0,3.0,7.280109889280518,1.0,1.0,-0.09433962264150944,-0.16981132075471697,19.425717247145283,-7.855732474907329,-10.619655276155136,False,57.3741579,57.4769172
session-3-20261005-80000Hz-600mV,80000,SMILE_RIGHT,20,cue_assumed,L2-L3,R6-R5,-15.0,-10.0,-16.0,-9.0,18.027756377319946,-1.0,1.0,0.015384615384615385,-0.07692307692307691,7.84464540552736,1.829419959217926,-4.332313983188513,False,57.4771466,57.5821891
session-3-20261005-80000Hz-600mV,80000,SMILE_RIGHT,21,cue_assumed,L2-L3,R5-R4,5.0,2.0,6.0,2.0,5.385164807134504,1.0,0.0,0.1724137931034483,-0.06896551724137932,18.56953381770519,17.44404390294072,-3.366460663429802,False,57.5824004,57.6859611
session-3-20261005-80000Hz-600mV,80000,SMILE_RIGHT,22,cue_assumed,L2-L3,R4-R3,-16.0,3.0,-17.0,3.0,16.278820596099706,-1.0,0.0,0.06037735849056604,0.011320754716981133,6.142951168339512,6.043778784367748,0.6116754747137967,False,57.6862395,57.7859823
session-3-20261005-80000Hz-600mV,80000,SMILE_RIGHT,23,cue_assumed,L2-L3,R3-R2,-6.0,-4.0,-6.0,-3.0,7.211102550927978,0.0,1.0,-0.07692307692307693,-0.11538461538461539,13.867504905630728,-6.973949058093664,-7.125016348901797,False,57.7862094,57.8849631
session-3-20261005-80000Hz-600mV,80000,SMILE_RIGHT,24,cue_assumed,L2-L3,R2-R1,42.0,30.0,41.0,30.0,51.61395160225576,-1.0,0.0,-0.015765765765765764,0.01126126126126126,1.9374606457303212,-1.5701344182649235,0.6555295135903095,False,57.8851941,57.9849431
session-3-20261005-80000Hz-600mV,80000,SMILE_RIGHT,25,cue_assumed,L2-L3,R1-L1,-33.0,4.0,-33.0,4.0,33.24154027718932,0.0,0.0,-0.0,-0.0,0.0,0.0,1.899697818792689e-16,False,57.985155,58.0849966
session-3-20261005-80000Hz-600mV,80000,SMILE_RIGHT,26,cue_assumed,L3-L4,L1-L2,-218.0,-245.0,-219.0,-247.0,327.9466420014085,-1.0,-2.0,0.0065830458674650625,0.001775934690234219,0.6818389613180385,0.6584612524872302,0.1010879899864039,True,58.0852034,58.1849745
session-3-20261005-80000Hz-600mV,80000,SMILE_RIGHT,27,cue_assumed,L3-L4,L5-L6,144.0,207.0,144.0,206.0,252.1606630701942,0.0,-1.0,-0.0032554847841472045,-0.002264685067232838,0.3965725612490276,-0.3252912012611242,-0.1301804735465085,True,58.1851679,58.2849217
session-3-20261005-80000Hz-600mV,80000,SMILE_RIGHT,28,cue_assumed,L3-L4,L6-L7,14.0,23.0,14.0,22.0,26.92582403567252,0.0,-1.0,-0.031724137931034485,-0.019310344827586208,3.7139067635410377,-3.1531603776995265,-1.1424994230443208,False,58.2851326,58.3839259
session-3-20261005-80000Hz-600mV,80000,SMILE_RIGHT,29,cue_assumed,L3-L4,L7-L8,7.0,22.0,7.0,22.0,23.08679276123039,0.0,0.0,0.0,0.0,0.0,0.0,-2.625598611339489e-16,False,58.3841359,58.4820799
session-3-20261005-80000Hz-600mV,80000,SMILE_RIGHT,30,cue_assumed,L3-L4,L8-R8,9.0,20.0,9.0,20.0,21.93171219946131,0.0,0.0,0.0,0.0,0.0,0.0,5.289903836113957e-16,False,58.4822961,58.5812531
session-3-20261005-80000Hz-600mV,80000,SMILE_RIGHT,31,cue_assumed,L3-L4,R8-R7,0.0,9.0,0.0,7.0,9.0,0.0,-2.0,-0.2222222222222222,-0.0,22.22222222222222,-22.22222222222222,0.0,False,58.5814507,58.6800862
session-3-20261005-80000Hz-600mV,80000,SMILE_RIGHT,32,cue_assumed,L3-L4,R7-R6,6.0,23.0,3.0,22.0,23.769728648009426,-3.0,-1.0,-0.07256637168141593,0.11150442477876107,13.303802104754785,-6.588738811564254,6.855707970206322,False,58.6802978,58.7791076
session-3-20261005-80000Hz-600mV,80000,SMILE_RIGHT,33,cue_assumed,L3-L4,R6-R5,-11.0,-8.0,-13.0,-9.0,13.601470508735444,-2.0,-1.0,0.16216216216216217,-0.02702702702702703,16.43989873053573,16.24763874381927,-1.3322198538696397,False,58.7793519,58.8775762
session-3-20261005-80000Hz-600mV,80000,SMILE_RIGHT,34,cue_assumed,L3-L4,R5-R4,38.0,43.0,37.0,41.0,57.38466694161429,-1.0,-2.0,-0.03765563316125114,-0.01002125721226845,3.8966297038455666,-3.7603456997903018,-0.5966211374697139,True,58.8778058,58.9741115
session-3-20261005-80000Hz-600mV,80000,SMILE_RIGHT,35,cue_assumed,L3-L4,R4-R3,-51.0,-28.0,-50.0,-26.0,58.180752831155424,1.0,2.0,-0.031610044313146235,-0.021861152141802065,3.8433122101204393,-3.136332082242854,-1.293217712566666,True,58.9742988,59.073085
session-3-20261005-80000Hz-600mV,80000,SMILE_RIGHT,36,cue_assumed,L3-L4,R3-R2,-18.0,1.0,-17.0,2.0,18.027756377319946,1.0,1.0,-0.0523076923076923,-0.05846153846153846,7.84464540552736,-5.050620774095549,-3.530006687892699,False,59.0732958,59.1690901
session-3-20261005-80000Hz-600mV,80000,SMILE_RIGHT,37,cue_assumed,L3-L4,R2-R1,39.0,-6.0,40.0,-5.0,39.45883931389772,1.0,1.0,0.021194605009633914,0.028901734104046242,3.584022203803136,2.160350994649751,1.6211459136534119,False,59.1692736,59.2690813
session-3-20261005-80000Hz-600mV,80000,SMILE_RIGHT,38,cue_assumed,L3-L4,R1-L1,-97.0,-77.0,-95.0,-76.0,123.84667940643382,2.0,1.0,-0.017668535663059072,0.0037162602686139,1.8055130652002176,-1.7661506192115484,0.21675475225348023,True,59.2692906,59.3669339
session-3-20261005-80000Hz-600mV,80000,SMILE_RIGHT,39,cue_assumed,L4-L5,L1-L2,-59.0,-48.0,-60.0,-49.0,76.05918747922567,-1.0,-1.0,0.01849611063094209,0.0019014693171996537,1.859359282216056,1.8497885592267727,0.10696755641625433,True,59.3671319,59.4680917
session-3-20261005-80000Hz-600mV,80000,SMILE_RIGHT,40,cue_assumed,L4-L5,L2-L3,126.0,205.0,124.0,201.0,240.62626623043462,-2.0,-4.0,-0.018514360719158567,-0.0016234607347023367,1.8585402271574374,-1.851301804900174,-0.0947720065880082,True,59.4682984,59.567145
session-3-20261005-80000Hz-600mV,80000,SMILE_RIGHT,41,cue_assumed,L4-L5,L6-L7,-84.0,-154.0,-83.0,-152.0,175.41949720598336,1.0,2.0,-0.012738853503184714,-0.0004549590536851679,1.2746975183004459,-1.2738748673915445,-0.026403583160016807,True,59.5673508,59.6659536
session-3-20261005-80000Hz-600mV,80000,SMILE_RIGHT,42,cue_assumed,L4-L5,L7-L8,-44.0,-50.0,-42.0,-49.0,66.60330322138685,2.0,1.0,-0.031109107303877365,0.012623985572587919,3.3572929109344387,-3.102686984559433,0.7464825746891967,True,59.6661788,59.7642507
session-3-20261005-80000Hz-600mV,80000,SMILE_RIGHT,43,cue_assumed,L4-L5,L8-R8,-30.0,-37.0,-31.0,-38.0,47.634021455258214,-1.0,-1.0,0.02952842661965624,-0.003085059497576024,2.9689149040280816,2.953304891589026,-0.17169060622095914,False,59.7644736,59.8649271
session-3-20261005-80000Hz-600mV,80000,SMILE_RIGHT,44,cue_assumed,L4-L5,R8-R7,-17.0,-14.0,-15.0,-13.0,22.02271554554524,2.0,1.0,-0.09896907216494845,0.02268041237113402,10.15346165133619,-9.868366595261435,1.4419233716812974,False,59.8651192,59.963099
session-3-20261005-80000Hz-600mV,80000,SMILE_RIGHT,45,cue_assumed,L4-L5,R7-R6,-15.0,-12.0,-12.0,-8.0,19.209372712298546,3.0,4.0,-0.25203252032520324,-0.06504065040650406,26.028960314767673,-24.92099915047027,-4.969740728110305,False,59.9633264,60.0781053
session-3-20261005-80000Hz-600mV,80000,SMILE_RIGHT,46,cue_assumed,L4-L5,R6-R5,-4.0,-3.0,-3.0,-1.0,5.0,1.0,2.0,-0.4,-0.2,44.721359549995796,-36.754446796632415,-18.434948822922014,False,60.0783168,60.1771888
session-3-20261005-80000Hz-600mV,80000,SMILE_RIGHT,47,cue_assumed,L4-L5,R5-R4,-27.0,-29.0,-25.0,-27.0,39.6232255123179,2.0,2.0,-0.0713375796178344,0.002547770700636944,7.138306102482497,-7.133408474004755,0.15718967287857682,False,60.1774018,60.2759442
session-3-20261005-80000Hz-600mV,80000,SMILE_RIGHT,48,cue_assumed,L4-L5,R4-R3,-1.0,35.0,-3.0,33.0,35.014282800023196,-2.0,-2.0,-0.055464926590538324,0.058727569331158226,8.077923917220192,-5.364096015298559,3.557851866118088,False,60.2761559,60.3730859
session-3-20261005-80000Hz-600mV,80000,SMILE_RIGHT,49,cue_assumed,L4-L5,R3-R2,18.0,6.0,17.0,5.0,18.973665961010276,-1.0,-1.0,-0.06666666666666667,-0.03333333333333334,7.4535599249993,-6.607161825853991,-2.0454084888872264,False,60.3733027,60.4710073
session-3-20261005-80000Hz-600mV,80000,SMILE_RIGHT,50,cue_assumed,L4-L5,R2-R1,97.0,62.0,94.0,61.0,115.12167476196652,-3.0,-1.0,-0.026635478759526147,0.006715460650418772,2.7469003267255467,-2.661231329883551,0.3952901915410647,True,60.4712005,60.5690753
session-3-20261005-80000Hz-600mV,80000,SMILE_RIGHT,51,cue_assumed,L4-L5,R1-L1,-38.0,25.0,-37.0,25.0,45.48626166217664,1.0,0.0,-0.018366360560657324,-0.012083131947800873,2.198466005905106,-1.8291996489486984,-0.705230010124662,False,60.5693049,60.6720748
session-3-20261005-80000Hz-600mV,80000,SMILE_RIGHT,52,cue_assumed,L5-L6,L1-L2,-57.0,-68.0,-58.0,-69.0,88.72992730753249,-1.0,-1.0,0.015877048139209957,-0.001397180236250476,1.593840551082069,1.5878008940368282,-0.07880134749370173,True,60.6722942,60.771086
session-3-20261005-80000Hz-600mV,80000,SMILE_RIGHT,53,cue_assumed,L5-L6,L2-L3,-104.0,-142.0,-104.0,-141.0,176.0113632695344,0.0,1.0,-0.004583602324080052,-0.003357004519044545,0.5681451364413634,-0.4577941654171469,-0.19322713790943488,True,60.7713156,60.8710791
session-3-20261005-80000Hz-600mV,80000,SMILE_RIGHT,54,cue_assumed,L5-L6,L3-L4,149.0,228.0,149.0,227.0,272.3692346796899,0.0,-1.0,-0.0030733975871132975,-0.002008492282806497,0.3671486616966905,-0.30713743503238966,-0.11543274601397192,True,60.8712974,60.9710885
session-3-20261005-80000Hz-600mV,80000,SMILE_RIGHT,55,cue_assumed,L5-L6,L7-L8,-97.0,-150.0,-90.0,-139.0,178.63090438107287,7.0,11.0,-0.07298881193393712,-0.000532765050612677,7.299075630603369,-7.298865884054429,-0.032928605290186666,True,60.9713012,61.0718712
session-3-20261005-80000Hz-600mV,80000,SMILE_RIGHT,56,cue_assumed,L5-L6,L8-R8,-29.0,-44.0,-28.0,-45.0,52.69724850502159,1.0,-1.0,0.005401512423478575,0.026287360460929065,2.6836573113268583,0.5745110106641693,1.4977217742657978,True,61.0720989,61.1700767
session-3-20261005-80000Hz-600mV,80000,SMILE_RIGHT,57,cue_assumed,L5-L6,R8-R7,-13.0,-11.0,-14.0,-13.0,17.029386365926403,-1.0,-2.0,0.1206896551724138,0.051724137931034475,13.130643285972255,12.188265413775422,2.6425452940647247,False,61.1702785,61.2680941
session-3-20261005-80000Hz-600mV,80000,SMILE_RIGHT,58,cue_assumed,L5-L6,R7-R6,-3.0,0.0,-2.0,2.0,3.0,1.0,2.0,-0.3333333333333333,-0.6666666666666666,74.53559924999298,-5.719095841793653,-45.0,False,61.268295,61.365941
session-3-20261005-80000Hz-600mV,80000,SMILE_RIGHT,59,cue_assumed,L5-L6,R6-R5,-45.0,-3.0,-46.0,-3.0,45.09988913511872,-1.0,0.0,0.022123893805309734,-0.0014749262536873156,2.2173003507924642,2.2124957965111935,-0.08267783512990749,False,61.36618,61.4649335
session-3-20261005-80000Hz-600mV,80000,SMILE_RIGHT,60,cue_assumed,L5-L6,R5-R4,-4.0,5.0,-3.0,5.0,6.4031242374328485,1.0,0.0,-0.09756097560975611,-0.12195121951219513,15.617376188860607,-8.935830719051374,-7.696051722016571,False,61.465127,61.5769035
session-3-20261005-80000Hz-600mV,80000,SMILE_RIGHT,61,cue_assumed,L5-L6,R4-R3,-5.0,-3.0,-5.0,-3.0,5.830951894845301,0.0,0.0,-0.0,-0.0,0.0,0.0,9.354572592539755e-16,False,61.5771401,61.6738699
session-3-20261005-80000Hz-600mV,80000,SMILE_RIGHT,62,cue_assumed,L5-L6,R3-R2,-2.0,-2.0,-2.0,-1.0,2.8284271247461903,0.0,1.0,-0.25,-0.25,35.35533905932738,-20.943058495790524,-18.43494882292201,False,61.674177,61.7699644
session-3-20261005-80000Hz-600mV,80000,SMILE_RIGHT,63,cue_assumed,L5-L6,R2-R1,39.0,10.0,39.0,10.0,40.26164427839479,0.0,0.0,0.0,0.0,0.0,0.0,1.2243467743573316e-15,False,61.7702117,61.8690888
session-3-20261005-80000Hz-600mV,80000,SMILE_RIGHT,64,cue_assumed,L5-L6,R1-L1,-58.0,-39.0,-57.0,-38.0,69.8927750200262,1.0,1.0,-0.019856704196519963,-0.0038894575230296827,2.0234045106491827,-1.984898704927518,-0.22736301099056266,True,61.8692726,61.9659386
session-3-20261005-80000Hz-600mV,80000,SMILE_RIGHT,65,cue_assumed,L6-L7,L1-L2,-25.0,-31.0,-25.0,-30.0,39.824615503479755,0.0,1.0,-0.019546027742749057,-0.015762925598991173,2.5110098047591274,-1.9419324309079888,-0.9210746585506029,False,61.9661358,62.0640805
session-3-20261005-80000Hz-600mV,80000,SMILE_RIGHT,66,cue_assumed,L6-L7,L2-L3,-29.0,-34.0,-29.0,-34.0,44.68780594300866,0.0,0.0,-0.0,-0.0,0.0,0.0,-1.0830131113646426e-15,False,62.0642922,62.1629023
session-3-20261005-80000Hz-600mV,80000,SMILE_RIGHT,67,cue_assumed,L6-L7,L3-L4,23.0,33.0,23.0,32.0,40.22437072223753,0.0,-1.0,-0.020395550061804695,-0.014215080346106303,2.486055050818141,-2.029241768374568,-0.8313630560006994,False,62.1631284,62.2599698
session-3-20261005-80000Hz-600mV,80000,SMILE_RIGHT,68,cue_assumed,L6-L7,L4-L5,-104.0,-172.0,-103.0,-170.0,200.9975124224178,1.0,2.0,-0.01108910891089109,-0.0008910891089108908,1.112485398724962,-1.1088707439107282,-0.051628141375082946,True,62.2602401,62.359086
session-3-20261005-80000Hz-600mV,80000,SMILE_RIGHT,69,cue_assumed,L6-L7,L8-R8,-155.0,-252.0,-159.0,-256.0,295.8530040408581,-4.0,-4.0,0.01859954986347382,-0.004432816552228404,1.9120489473587206,1.8609195346604546,-0.24934241967895848,True,62.3593134,62.4559813
session-3-20261005-80000Hz-600mV,80000,SMILE_RIGHT,70,cue_assumed,L6-L7,R8-R7,-21.0,-46.0,-23.0,-51.0,50.566787519082126,-2.0,-5.0,0.10637465780211185,0.005084082909659755,10.649608312773145,10.638633909036145,0.2632873421383324,True,62.4561904,62.5549465
session-3-20261005-80000Hz-600mV,80000,SMILE_RIGHT,71,cue_assumed,L6-L7,R7-R6,-27.0,-25.0,-26.0,-21.0,36.796738985948195,1.0,4.0,-0.09379615952732645,-0.061299852289512555,11.205084307041929,-9.17252219850323,-3.8698582454418955,False,62.5551925,62.6549337
session-3-20261005-80000Hz-600mV,80000,SMILE_RIGHT,72,cue_assumed,L6-L7,R6-R5,-10.0,-14.0,-11.0,-13.0,17.204650534085253,-1.0,1.0,-0.013513513513513514,-0.08108108108108109,8.219949365267865,-1.0187022852433003,-4.698680517299439,False,62.6551523,62.7540762
session-3-20261005-80000Hz-600mV,80000,SMILE_RIGHT,73,cue_assumed,L6-L7,R5-R4,-4.0,-11.0,-3.0,-10.0,11.704699910719626,1.0,1.0,-0.10948905109489052,0.051094890510948905,12.08244186660354,-10.802441852021282,3.283862287906357,False,62.7542742,62.8520838
session-3-20261005-80000Hz-600mV,80000,SMILE_RIGHT,74,cue_assumed,L6-L7,R4-R3,-7.0,14.0,-8.0,12.0,15.652475842498529,-1.0,-2.0,-0.08571428571428572,0.11428571428571428,14.285714285714285,-7.859911448016577,7.125016348901798,False,62.8523085,62.9510013
session-3-20261005-80000Hz-600mV,80000,SMILE_RIGHT,75,cue_assumed,L6-L7,R3-R2,1.0,-1.0,1.0,0.0,1.4142135623730951,0.0,1.0,-0.5,0.5,70.71067811865476,-29.289321881345252,45.0,False,62.9512809,63.0479643
session-3-20261005-80000Hz-600mV,80000,SMILE_RIGHT,76,cue_assumed,L6-L7,R2-R1,56.0,20.0,55.0,19.0,59.464274989274024,-1.0,-1.0,-0.021493212669683258,-0.01018099547511312,2.3782574707724704,-2.144024938670097,-0.5961195479249798,False,63.0481889,63.1451133
session-3-20261005-80000Hz-600mV,80000,SMILE_RIGHT,77,cue_assumed,L6-L7,R1-L1,-61.0,-26.0,-59.0,-26.0,66.30987860040162,2.0,0.0,-0.027746190584489426,0.011826245167159426,3.016141851280492,-2.767426754316249,0.696896750413102,False,63.1453404,63.2449304
session-3-20261005-80000Hz-600mV,80000,SMILE_RIGHT,78,cue_assumed,L7-L8,L1-L2,-17.0,-5.0,-14.0,-2.0,17.72004514666935,3.0,3.0,-0.21019108280254778,-0.11464968152866242,23.942606534028666,-20.19131155323779,-8.259437979878804,False,63.2451481,63.3421779
session-3-20261005-80000Hz-600mV,80000,SMILE_RIGHT,79,cue_assumed,L7-L8,L2-L3,-21.0,-16.0,-21.0,-16.0,26.40075756488817,0.0,0.0,-0.0,-0.0,0.0,0.0,1.5332372639479794e-15,False,63.3423774,63.4400755
session-3-20261005-80000Hz-600mV,80000,SMILE_RIGHT,80,cue_assumed,L7-L8,L3-L4,18.0,24.0,18.0,25.0,30.0,0.0,1.0,0.02666666666666667,0.02,3.333333333333334,2.6861453383290934,1.1160103914072725,False,63.4403546,63.5400752
session-3-20261005-80000Hz-600mV,80000,SMILE_RIGHT,81,cue_assumed,L7-L8,L4-L5,-57.0,-68.0,-54.0,-66.0,88.72992730753249,3.0,2.0,-0.038994030229899654,0.011431474660231169,4.063512035761473,-3.8926042103585856,0.6815195557141964,True,63.5402727,63.6409385
session-3-20261005-80000Hz-600mV,80000,SMILE_RIGHT,82,cue_assumed,L7-L8,L5-L6,-108.0,-153.0,-101.0,-143.0,187.27786842016332,7.0,10.0,-0.06517834231460097,-0.00025660764690787986,6.517884744580679,-6.5178307095325465,-0.015727636034587517,True,63.6412203,63.7388894
session-3-20261005-80000Hz-600mV,80000,SMILE_RIGHT,83,cue_assumed,L7-L8,R8-R7,-69.0,-101.0,-77.0,-115.0,122.31925441237777,-8.0,-14.0,0.13139954551530544,0.010560085550060157,13.182319965944316,13.144882650478905,0.5347631317646458,True,63.7391546,63.8368847
session-3-20261005-80000Hz-600mV,80000,SMILE_RIGHT,84,cue_assumed,L7-L8,R7-R6,-33.0,-51.0,-31.0,-48.0,60.74537019394976,2.0,3.0,-0.05934959349593495,0.0008130081300812994,5.9355161783557655,-5.934924215281567,0.04952097255490457,True,63.837156,63.9328793
session-3-20261005-80000Hz-600mV,80000,SMILE_RIGHT,85,cue_assumed,L7-L8,R6-R5,-7.0,-20.0,-8.0,-20.0,21.18962010041709,-1.0,0.0,0.015590200445434297,-0.044543429844097995,4.719291781830087,1.6566560724418755,-2.5113632671630794,False,63.9331255,64.0298848
session-3-20261005-80000Hz-600mV,80000,SMILE_RIGHT,86,cue_assumed,L7-L8,R5-R4,-6.0,-12.0,-5.0,-11.0,13.416407864998739,1.0,1.0,-0.1,0.03333333333333333,10.5409255338946,-9.938292759291379,2.1210963966614536,False,64.0301983,64.1290812
session-3-20261005-80000Hz-600mV,80000,SMILE_RIGHT,87,cue_assumed,L7-L8,R4-R3,-5.0,13.0,-7.0,11.0,13.92838827718412,-2.0,-2.0,-0.08247422680412371,0.18556701030927833,20.306923302672377,-6.389708910087533,11.433681265426673,False,64.1293257,64.2279415
session-3-20261005-80000Hz-600mV,80000,SMILE_RIGHT,88,cue_assumed,L7-L8,R3-R2,1.0,0.0,1.0,0.0,1.0,0.0,0.0,0.0,0.0,0.0,0.0,0.0,False,64.2281671,64.3259577
session-3-20261005-80000Hz-600mV,80000,SMILE_RIGHT,89,cue_assumed,L7-L8,R2-R1,52.0,19.0,49.0,16.0,55.362442142665635,-3.0,-3.0,-0.06949429037520391,-0.03230016313213704,7.663391503189579,-6.893384972779293,-1.9880804814900692,False,64.3261882,64.4249918
session-3-20261005-80000Hz-600mV,80000,SMILE_RIGHT,90,cue_assumed,L7-L8,R1-L1,-59.0,-33.0,-57.0,-33.0,67.60177512462228,2.0,0.0,-0.025820568927789934,0.014442013129102843,2.9585021936377363,-2.571352484631284,0.8493361313778386,True,64.4251788,64.52208
session-3-20261005-80000Hz-600mV,80000,SMILE_RIGHT,91,cue_assumed,L8-R8,L1-L2,-9.0,9.0,-8.0,10.0,12.727922061357855,1.0,1.0,-0.0,-0.1111111111111111,11.11111111111111,0.6153904237490515,-6.340191745909909,False,64.5222759,64.6209508
session-3-20261005-80000Hz-600mV,80000,SMILE_RIGHT,92,cue_assumed,L8-R8,L2-L3,-20.0,-14.0,-20.0,-15.0,24.413111231467404,0.0,-1.0,0.023489932885906038,0.03355704697986577,4.096159602595202,2.403990064880057,1.877877447285361,False,64.6211597,64.7169312
session-3-20261005-80000Hz-600mV,80000,SMILE_RIGHT,93,cue_assumed,L8-R8,L3-L4,18.0,24.0,18.0,25.0,30.0,0.0,1.0,0.02666666666666667,0.02,3.333333333333334,2.6861453383290934,1.1160103914072725,False,64.7171427,64.8139729
session-3-20261005-80000Hz-600mV,80000,SMILE_RIGHT,94,cue_assumed,L8-R8,L4-L5,-45.0,-50.0,-45.0,-51.0,67.26812023536856,0.0,-1.0,0.011049723756906077,0.009944751381215469,1.4865882924943326,1.1098631187358432,0.5635468708140118,True,64.814216,64.9130772
session-3-20261005-80000Hz-600mV,80000,SMILE_RIGHT,95,cue_assumed,L8-R8,L5-L6,-37.0,-41.0,-37.0,-41.0,55.226805085936306,0.0,0.0,-0.0,-0.0,0.0,0.0,7.695899524328116e-16,True,64.9133419,65.0141112
session-3-20261005-80000Hz-600mV,80000,SMILE_RIGHT,96,cue_assumed,L8-R8,L6-L7,-175.0,-254.0,-180.0,-258.0,308.4493475434824,-5.0,-4.0,0.019875763340725872,-0.005991107934539263,2.075907855999013,1.9893360123552917,-0.3365716327536131,True,65.0143103,65.1139133
session-3-20261005-80000Hz-600mV,80000,SMILE_RIGHT,97,cue_assumed,L8-R8,R7-R6,-167.0,-276.0,-169.0,-278.0,322.59107241211746,-2.0,-2.0,0.008513909575745927,-0.0020948445682986592,0.8767840670844138,0.8516085236879523,-0.11901231975035627,True,65.1141527,65.2129842
session-3-20261005-80000Hz-600mV,80000,SMILE_RIGHT,98,cue_assumed,L8-R8,R6-R5,-32.0,-63.0,-36.0,-69.0,70.66116330771806,-4.0,-6.0,0.10134187863008211,-0.012016823552974166,10.205185158818828,10.140743490896309,-0.6251337256772977,True,65.213204,65.3101447
session-3-20261005-80000Hz-600mV,80000,SMILE_RIGHT,99,cue_assumed,L8-R8,R5-R4,-18.0,-34.0,-21.0,-39.0,38.47076812334269,-3.0,-5.0,0.15135135135135133,-0.008108108108108107,15.156837721956704,15.137990067382878,-0.4034847350587499,False,65.310408,65.409908
session-3-20261005-80000Hz-600mV,80000,SMILE_RIGHT,100,cue_assumed,L8-R8,R4-R3,-2.0,22.0,-2.0,22.0,22.090722034374522,0.0,0.0,0.0,-0.0,0.0,0.0,-1.4338566186925689e-16,False,65.4101253,65.5079597
session-3-20261005-80000Hz-600mV,80000,SMILE_RIGHT,101,cue_assumed,L8-R8,R3-R2,-2.0,-5.0,-2.0,-7.0,5.385164807134504,0.0,-2.0,0.3448275862068966,0.13793103448275865,37.13906763541038,35.18824678560457,5.856013585428959,False,65.5081852,65.6071263
session-3-20261005-80000Hz-600mV,80000,SMILE_RIGHT,102,cue_assumed,L8-R8,R2-R1,50.0,9.0,46.0,6.0,50.80354318352215,-4.0,-3.0,-0.08795040681906238,-0.04416892677256878,9.841833239736953,-8.6881522192353,-2.7725657505591768,False,65.6073414,65.7089941
session-3-20261005-80000Hz-600mV,80000,SMILE_RIGHT,103,cue_assumed,L8-R8,R1-L1,-69.0,-45.0,-69.0,-47.0,82.37718130647589,0.0,-2.0,0.013262599469496022,0.020335985853227233,2.4278568024307656,1.3466648590027885,1.1497609387225332,True,65.7092228,65.8079988
session-3-20261005-80000Hz-600mV,80000,SMILE_RIGHT,104,cue_assumed,R8-R7,L1-L2,-1.0,13.0,-4.0,9.0,13.038404810405298,-3.0,-4.0,-0.2882352941176471,0.2529411764705882,38.34824944236852,-24.46270885886115,19.563783619582647,False,65.8081967,65.9072472
session-3-20261005-80000Hz-600mV,80000,SMILE_RIGHT,105,cue_assumed,R8-R7,L2-L3,-14.0,-7.0,-14.0,-7.0,15.652475842498529,0.0,0.0,-0.0,-0.0,0.0,0.0,-0.0,False,65.9074699,66.0070026
session-3-20261005-80000Hz-600mV,80000,SMILE_RIGHT,106,cue_assumed,R8-R7,L3-L4,12.0,14.0,11.0,12.0,18.439088914585774,-1.0,-2.0,-0.11764705882352941,-0.02941176470588235,12.126781251816649,-11.715699883508035,-1.9091524329963778,False,66.0073128,66.1069528
session-3-20261005-80000Hz-600mV,80000,SMILE_RIGHT,107,cue_assumed,R8-R7,L4-L5,-26.0,-22.0,-25.0,-21.0,34.058772731852805,1.0,1.0,-0.041379310344827586,-0.0034482758620689655,4.1522739926869985,-4.137310842988584,-0.20609903738412583,False,66.1071924,66.2039529
session-3-20261005-80000Hz-600mV,80000,SMILE_RIGHT,108,cue_assumed,R8-R7,L5-L6,-16.0,-7.0,-17.0,-9.0,17.46424919657298,-1.0,-2.0,0.09836065573770492,0.08196721311475409,12.803687993289598,10.141488736005421,4.267893300290811,False,66.2042224,66.3030172
session-3-20261005-80000Hz-600mV,80000,SMILE_RIGHT,109,cue_assumed,R8-R7,L6-L7,-26.0,-49.0,-29.0,-54.0,55.47071299343465,-3.0,-5.0,0.10497237569060773,-0.005524861878453036,10.511766624552733,10.498618775897906,-0.28647651027707294,True,66.3032524,66.4031021
session-3-20261005-80000Hz-600mV,80000,SMILE_RIGHT,110,cue_assumed,R8-R7,L7-L8,-80.0,-95.0,-90.0,-108.0,124.19742348374221,-10.0,-13.0,0.1319286871961102,0.005834683954619122,13.2057646662885,13.194372494146522,0.2953364539470395,True,66.4033366,66.5008958
session-3-20261005-80000Hz-600mV,80000,SMILE_RIGHT,111,cue_assumed,R8-R7,R6-R5,-76.0,-151.0,-73.0,-151.0,169.04733065032408,3.0,0.0,-0.007978444203380342,0.015851908877768835,1.7746509148999974,-0.7851800293819378,0.9154742435983038,True,66.501107,66.6002014
session-3-20261005-80000Hz-600mV,80000,SMILE_RIGHT,112,cue_assumed,R8-R7,R5-R4,-23.0,-44.0,-26.0,-52.0,49.64876634922564,-3.0,-8.0,0.17079107505070995,0.021095334685598374,17.208894346376425,17.09811076887169,1.03224469156573,False,66.6004192,66.7012007
session-3-20261005-80000Hz-600mV,80000,SMILE_RIGHT,113,cue_assumed,R8-R7,R4-R3,-1.0,23.0,0.0,27.0,23.021728866442675,1.0,4.0,0.17169811320754716,-0.05094339622641508,17.90962637748571,17.280505546028735,-2.489552921999156,False,66.7014051,66.8011879
session-3-20261005-80000Hz-600mV,80000,SMILE_RIGHT,114,cue_assumed,R8-R7,R3-R2,-3.0,-7.0,-3.0,-7.0,7.615773105863909,0.0,0.0,-0.0,-0.0,0.0,0.0,-1.1515801432885144e-15,False,66.8013782,66.9000941
session-3-20261005-80000Hz-600mV,80000,SMILE_RIGHT,115,cue_assumed,R8-R7,R2-R1,39.0,0.0,43.0,4.0,39.0,4.0,4.0,0.10256410256410256,0.10256410256410256,14.504754485877896,10.732425034303517,5.314545669944751,False,66.9002748,66.9990853
session-3-20261005-80000Hz-600mV,80000,SMILE_RIGHT,116,cue_assumed,R8-R7,R1-L1,-60.0,-33.0,-61.0,-35.0,68.47627326307996,-1.0,-2.0,0.026871401151631478,0.01855406269993602,3.2654638912795506,2.7039009846163475,1.0351382067143398,True,66.9992996,67.0980948
session-3-20261005-80000Hz-600mV,80000,SMILE_RIGHT,117,cue_assumed,R7-R6,L1-L2,1.0,24.0,1.0,24.0,24.020824298928627,0.0,0.0,0.0,0.0,0.0,0.0,-1.322934356241324e-16,False,67.0983151,67.1969348
session-3-20261005-80000Hz-600mV,80000,SMILE_RIGHT,118,cue_assumed,R7-R6,L2-L3,-16.0,-9.0,-14.0,-7.0,18.35755975068582,2.0,2.0,-0.1483679525222552,-0.04154302670623146,15.40742431542691,-14.735531001533209,-2.7927023657132835,False,67.1971517,67.2939302
session-3-20261005-80000Hz-600mV,80000,SMILE_RIGHT,119,cue_assumed,R7-R6,L3-L4,13.0,20.0,11.0,19.0,23.853720883753127,-2.0,-1.0,-0.08084358523725835,0.04745166959578208,9.374084606744876,-7.961954836767404,2.9552847339342,False,67.294172,67.3939701
session-3-20261005-80000Hz-600mV,80000,SMILE_RIGHT,120,cue_assumed,R7-R6,L4-L5,-28.0,-30.0,-25.0,-25.0,41.036569057366385,3.0,5.0,-0.13895486935866982,-0.02969121140142518,14.20916033865799,-13.844310400552807,-1.9749340108819762,False,67.3942283,67.4945273
session-3-20261005-80000Hz-600mV,80000,SMILE_RIGHT,121,cue_assumed,R7-R6,L5-L6,-9.0,-3.0,-7.0,-1.0,9.486832980505138,2.0,2.0,-0.26666666666666666,-0.13333333333333336,29.8142396999972,-25.46440075000701,-10.304846468766032,False,67.4947591,67.5960029
session-3-20261005-80000Hz-600mV,80000,SMILE_RIGHT,122,cue_assumed,R7-R6,L6-L7,-36.0,-34.0,-33.0,-30.0,49.51767361255979,3.0,4.0,-0.09951060358890701,-0.017128874388254486,10.097404896525243,-9.93477078324716,-1.0897339522895466,False,67.5962196,67.6959436
session-3-20261005-80000Hz-600mV,80000,SMILE_RIGHT,123,cue_assumed,R7-R6,L7-L8,-45.0,-51.0,-42.0,-48.0,68.01470429252781,3.0,3.0,-0.0622568093385214,0.0038910505836575885,6.237828615518053,-6.224873665421537,0.23774045929300233,True,67.6961722,67.7922028
session-3-20261005-80000Hz-600mV,80000,SMILE_RIGHT,124,cue_assumed,R7-R6,L8-R8,-192.0,-273.0,-194.0,-274.0,333.75589882427545,-2.0,-1.0,0.005898036680940455,-0.0031779375723788744,0.6699710732834399,0.5903056703668641,-0.18101417640440223,True,67.792413,67.8929009
session-3-20261005-80000Hz-600mV,80000,SMILE_RIGHT,125,cue_assumed,R7-R6,R5-R4,-34.0,-77.0,-21.0,-57.0,84.17244204607586,13.0,20.0,-0.27974594213126325,0.04530698659139027,28.339109931841634,-27.8322349722278,3.599401151727339,True,67.8931514,67.9911902
session-3-20261005-80000Hz-600mV,80000,SMILE_RIGHT,126,cue_assumed,R7-R6,R4-R3,-5.0,15.0,-11.0,8.0,15.811388300841896,-6.0,-7.0,-0.3,0.5,58.309518948453,-13.976747329573735,35.53767779197438,False,67.9914803,68.090968
session-3-20261005-80000Hz-600mV,80000,SMILE_RIGHT,127,cue_assumed,R7-R6,R3-R2,-6.0,-16.0,-3.0,-12.0,17.08800749063506,3.0,4.0,-0.2808219178082192,0.0821917808219178,29.26028679903264,-27.614048135033407,6.519801751656986,False,68.0912308,68.1890611
session-3-20261005-80000Hz-600mV,80000,SMILE_RIGHT,128,cue_assumed,R7-R6,R2-R1,27.0,-20.0,28.0,-18.0,33.60059523282288,1.0,2.0,-0.011514614703277233,0.06554472984942426,6.654846326399233,-0.9343920143703777,3.7936290948775686,False,68.1893177,68.2899573
session-3-20261005-80000Hz-600mV,80000,SMILE_RIGHT,129,cue_assumed,R7-R6,R1-L1,-59.0,-39.0,-54.0,-34.0,70.7248188403477,5.0,5.0,-0.09796081567373054,-0.019992003198720514,9.998000599800074,-9.773930028405909,-1.269645411642036,True,68.2902201,68.3889022
session-3-20261005-80000Hz-600mV,80000,SMILE_RIGHT,130,cue_assumed,R6-R5,L1-L2,-10.0,7.0,-11.0,5.0,12.206555615733702,-1.0,-2.0,-0.02684563758389261,0.18120805369127518,18.318582636182796,-1.0118304133226008,10.548065418142123,False,68.3891327,68.4880845
session-3-20261005-80000Hz-600mV,80000,SMILE_RIGHT,131,cue_assumed,R6-R5,L2-L3,-20.0,-13.0,-20.0,-13.0,23.853720883753127,0.0,0.0,-0.0,-0.0,0.0,0.0,-8.9435632519185e-16,False,68.4882869,68.5880917
session-3-20261005-80000Hz-600mV,80000,SMILE_RIGHT,132,cue_assumed,R6-R5,L3-L4,0.0,-3.0,-2.0,-5.0,3.0,-2.0,-2.0,0.6666666666666666,-0.6666666666666666,94.28090415820634,79.50549357115013,-21.80140948635181,False,68.5883109,68.6880915
session-3-20261005-80000Hz-600mV,80000,SMILE_RIGHT,133,cue_assumed,R6-R5,L4-L5,-13.0,-11.0,-12.0,-9.0,17.029386365926403,1.0,2.0,-0.1206896551724138,-0.051724137931034475,13.130643285972255,-11.916967072794481,-3.3664606634298,False,68.6883285,68.7881238
session-3-20261005-80000Hz-600mV,80000,SMILE_RIGHT,134,cue_assumed,R6-R5,L5-L6,-48.0,3.0,-48.0,3.0,48.093658625644196,0.0,0.0,-0.0,-0.0,0.0,0.0,-0.0,False,68.7883224,68.8850975
session-3-20261005-80000Hz-600mV,80000,SMILE_RIGHT,135,cue_assumed,R6-R5,L6-L7,-14.0,-15.0,-14.0,-14.0,20.518284528683193,0.0,1.0,-0.035629453681710214,-0.0332541567695962,4.873701788285794,-3.5056276486191473,-1.9749340108819762,False,68.8853251,68.9881673
session-3-20261005-80000Hz-600mV,80000,SMILE_RIGHT,136,cue_assumed,R6-R5,L7-L8,-13.0,-14.0,-14.0,-14.0,19.1049731745428,-1.0,0.0,0.03561643835616438,-0.03835616438356164,5.234239225902137,3.632649427664747,-2.1210963966614527,False,68.9883653,69.0830792
session-3-20261005-80000Hz-600mV,80000,SMILE_RIGHT,137,cue_assumed,R6-R5,L8-R8,-39.0,-56.0,-43.0,-62.0,68.24221567329127,-4.0,-6.0,0.10564741249731587,0.0021473051320592632,10.566923245064375,10.564949766250088,0.11127540780005579,True,69.0832926,69.1830844
session-3-20261005-80000Hz-600mV,80000,SMILE_RIGHT,138,cue_assumed,R6-R5,R8-R7,-93.0,-138.0,-90.0,-140.0,166.41213898030395,3.0,-2.0,-0.00010833062506770658,0.02166612501354133,2.1666395838411354,0.012637774357826537,1.2413177641492632,True,69.1832962,69.2820971
session-3-20261005-80000Hz-600mV,80000,SMILE_RIGHT,139,cue_assumed,R6-R5,R4-R3,177.0,289.0,178.0,292.0,338.89526405661087,1.0,3.0,0.009090117544623423,0.002107096212451023,0.9331135591319848,0.9092317471830924,0.1196400028463446,True,69.2823697,69.3830938
session-3-20261005-80000Hz-600mV,80000,SMILE_RIGHT,140,cue_assumed,R6-R5,R3-R2,-99.0,-151.0,-97.0,-147.0,180.5602392554906,2.0,4.0,-0.024599717808723394,-0.002883258695785535,2.476811048456555,-2.4595456397947246,-0.16936438954855942,True,69.3833223,69.4830923
session-3-20261005-80000Hz-600mV,80000,SMILE_RIGHT,141,cue_assumed,R6-R5,R2-R1,-25.0,-123.0,-29.0,-125.0,125.51493934986385,-4.0,-2.0,0.021962676145740764,-0.028056366637044562,3.5630308058659237,2.234772516196104,-1.5725698811689117,True,69.4833381,69.5830739
session-3-20261005-80000Hz-600mV,80000,SMILE_RIGHT,142,cue_assumed,R6-R5,R1-L1,-79.0,-56.0,-77.0,-56.0,96.83491106000976,2.0,0.0,-0.016849738722405888,0.011944118588034553,2.0653708235045274,-1.677718790751892,0.6960420461872415,True,69.583277,69.6830981
session-3-20261005-80000Hz-600mV,80000,SMILE_RIGHT,143,cue_assumed,R5-R4,L1-L2,21.0,57.0,22.0,58.0,60.74537019394976,1.0,1.0,0.021138211382113824,-0.00975609756097561,2.3281009858985944,2.1184815880201935,-0.5473952508777515,True,69.6833057,69.7820772
session-3-20261005-80000Hz-600mV,80000,SMILE_RIGHT,144,cue_assumed,R5-R4,L2-L3,-11.0,-7.0,-11.0,-7.0,13.038404810405298,0.0,0.0,-0.0,-0.0,0.0,0.0,4.1160119407174925e-16,False,69.7822972,69.8820769
session-3-20261005-80000Hz-600mV,80000,SMILE_RIGHT,145,cue_assumed,R5-R4,L3-L4,38.0,42.0,37.0,40.0,56.639209034025185,-1.0,-2.0,-0.038029925187032416,-0.01059850374064838,3.9479152615929083,-3.797154245978396,-0.6312306180804964,True,69.8822957,69.982262
session-3-20261005-80000Hz-600mV,80000,SMILE_RIGHT,146,cue_assumed,R5-R4,L4-L5,-47.0,-45.0,-46.0,-43.0,65.06919393998976,1.0,2.0,-0.03235710911667455,-0.011572980632971184,3.436446407438227,-3.2287905336628175,-0.6852231743986457,True,69.9824666,70.084926
session-3-20261005-80000Hz-600mV,80000,SMILE_RIGHT,147,cue_assumed,R5-R4,L5-L6,-16.0,4.0,-16.0,4.0,16.492422502470642,0.0,0.0,-0.0,-0.0,0.0,0.0,-0.0,False,70.0851164,70.1841812
session-3-20261005-80000Hz-600mV,80000,SMILE_RIGHT,148,cue_assumed,R5-R4,L6-L7,-17.0,-17.0,-16.0,-17.0,24.041630560342615,1.0,0.0,-0.029411764705882353,0.029411764705882353,4.159451654038515,-2.896623416357802,1.7357045889283889,False,70.1843786,70.2830841
session-3-20261005-80000Hz-600mV,80000,SMILE_RIGHT,149,cue_assumed,R5-R4,L7-L8,-21.0,-10.0,-19.0,-8.0,23.259406699226016,2.0,2.0,-0.11460258780036969,-0.04066543438077634,12.160358006209632,-11.366921802118412,-2.62969088395407,False,70.2832976,70.3811929
session-3-20261005-80000Hz-600mV,80000,SMILE_RIGHT,150,cue_assumed,R5-R4,L8-R8,-31.0,-31.0,-35.0,-36.0,43.840620433565945,-4.0,-5.0,0.14516129032258063,0.016129032258064516,14.605459900221637,14.527486942430512,0.8069294551023745,False,70.3814034,70.4822582
session-3-20261005-80000Hz-600mV,80000,SMILE_RIGHT,151,cue_assumed,R5-R4,R8-R7,-40.0,-40.0,-45.0,-47.0,56.568542494923804,-5.0,-7.0,0.15000000000000002,0.025,15.20690632574555,15.027170703273395,1.2453642667683473,True,70.4825471,70.5800909
session-3-20261005-80000Hz-600mV,80000,SMILE_RIGHT,152,cue_assumed,R5-R4,R7-R6,-53.0,-63.0,-41.0,-47.0,82.3286098510111,12.0,16.0,-0.24254942460902923,-0.013573325464738863,24.29289166450608,-24.242781906653622,-1.0266162052671235,True,70.5803025,70.6809414
session-3-20261005-80000Hz-600mV,80000,SMILE_RIGHT,153,cue_assumed,R5-R4,R3-R2,155.0,200.0,153.0,198.0,253.03161857759991,-2.0,-2.0,-0.01108941819601718,0.0014057008980866848,1.1178156866900673,-1.1088419119835269,0.08144383926549004,True,70.6811951,70.778101
session-3-20261005-80000Hz-600mV,80000,SMILE_RIGHT,154,cue_assumed,R5-R4,R2-R1,61.0,17.0,51.0,2.0,63.324560795950255,-10.0,-15.0,-0.21571072319201992,-0.185785536159601,28.46882181372012,-19.40062437201545,-13.326801030915192,False,70.7783486,70.8769966
session-3-20261005-80000Hz-600mV,80000,SMILE_RIGHT,155,cue_assumed,R5-R4,R1-L1,-35.0,2.0,-32.0,5.0,35.05709628591621,3.0,3.0,-0.080553295362083,-0.09031733116354759,12.102088126516392,-7.612800509051542,-5.61017122733668,False,70.8772355,70.9739553
session-3-20261005-80000Hz-600mV,80000,SMILE_RIGHT,156,cue_assumed,R4-R3,L1-L2,-29.0,-22.0,-28.0,-21.0,36.40054944640259,1.0,1.0,-0.038490566037735846,-0.0052830188679245296,3.8851434494290564,-3.8476052359176727,-0.3148088073891013,False,70.9742176,71.0741115
session-3-20261005-80000Hz-600mV,80000,SMILE_RIGHT,157,cue_assumed,R4-R3,L2-L3,-11.0,-3.0,-12.0,-3.0,11.40175425099138,-1.0,0.0,0.08461538461538462,-0.023076923076923078,8.770580193070293,8.486085601936843,-1.2188752351312966,False,71.0743126,71.1720783
session-3-20261005-80000Hz-600mV,80000,SMILE_RIGHT,158,cue_assumed,R4-R3,L3-L4,-32.0,-26.0,-30.0,-24.0,41.23105625617661,2.0,2.0,-0.06823529411764705,-0.007058823529411764,6.859943405700353,-6.820855653335878,-0.43405063213940953,False,71.1723079,71.2710848
session-3-20261005-80000Hz-600mV,80000,SMILE_RIGHT,159,cue_assumed,R4-R3,L4-L5,2.0,23.0,0.0,21.0,23.08679276123039,-2.0,-2.0,-0.09380863039399623,0.07879924953095685,12.251277836633776,-9.038902816915916,4.969740728110304,False,71.2712969,71.3681101
session-3-20261005-80000Hz-600mV,80000,SMILE_RIGHT,160,cue_assumed,R4-R3,L5-L6,2.0,-3.0,1.0,-3.0,3.605551275463989,-1.0,0.0,-0.15384615384615385,-0.23076923076923078,27.735009811261456,-12.29419806929708,-15.255118703057775,False,71.3683772,71.4649383
session-3-20261005-80000Hz-600mV,80000,SMILE_RIGHT,161,cue_assumed,R4-R3,L6-L7,1.0,6.0,0.0,5.0,6.082762530298219,-1.0,-1.0,-0.18918918918918917,0.13513513513513511,23.249527748763853,-17.800506347321342,9.462322208025617,False,71.4651683,71.564092
session-3-20261005-80000Hz-600mV,80000,SMILE_RIGHT,162,cue_assumed,R4-R3,L7-L8,0.0,12.0,-1.0,10.0,12.0,-1.0,-2.0,-0.16666666666666666,0.08333333333333333,18.633899812498246,-16.251036490659253,5.710593137499642,False,71.5642981,71.6620979
session-3-20261005-80000Hz-600mV,80000,SMILE_RIGHT,163,cue_assumed,R4-R3,L8-R8,7.0,18.0,8.0,18.0,19.313207915827967,1.0,0.0,0.018766756032171584,-0.0482573726541555,5.177803730784978,1.990905340221194,-2.711983467444944,False,71.6623061,71.7612079
session-3-20261005-80000Hz-600mV,80000,SMILE_RIGHT,164,cue_assumed,R4-R3,R8-R7,6.0,17.0,9.0,20.0,18.027756377319946,3.0,3.0,0.2123076923076923,-0.10153846153846155,23.533936216582084,21.655250605964383,-4.787710489777977,False,71.7614366,71.8601095
session-3-20261005-80000Hz-600mV,80000,SMILE_RIGHT,165,cue_assumed,R4-R3,R7-R6,5.0,19.0,0.0,12.0,19.6468827043885,-5.0,-7.0,-0.40932642487046633,0.15544041450777202,43.784682773726416,-38.92160817288549,14.743562836470735,False,71.8603277,71.9580135
session-3-20261005-80000Hz-600mV,80000,SMILE_RIGHT,166,cue_assumed,R4-R3,R6-R5,191.0,265.0,192.0,269.0,326.65884344373717,1.0,4.0,0.011723801848068524,0.004676400577287125,1.2622054196208568,1.1734609444724375,0.2648312788291788,True,71.9582163,72.0561037
session-3-20261005-80000Hz-600mV,80000,SMILE_RIGHT,167,cue_assumed,R4-R3,R2-R1,-258.0,-411.0,-248.0,-401.0,485.26796720987056,10.0,10.0,-0.02840945283139054,0.00649722912287407,2.91429407653745,-2.83877289094826,0.38314314547894596,True,72.0563086,72.1540828
session-3-20261005-80000Hz-600mV,80000,SMILE_RIGHT,168,cue_assumed,R4-R3,R1-L1,-85.0,-70.0,-82.0,-69.0,110.11357772772621,3.0,1.0,-0.0268041237113402,0.010309278350515462,2.871832634470952,-2.6749521014574174,0.6069241152921814,True,72.1542849,72.2528936
session-3-20261005-80000Hz-600mV,80000,SMILE_RIGHT,169,cue_assumed,R3-R2,L1-L2,6.0,27.0,6.0,27.0,27.65863337187866,0.0,0.0,0.0,0.0,0.0,0.0,-6.735292266628624e-16,False,72.2531392,72.3521902
session-3-20261005-80000Hz-600mV,80000,SMILE_RIGHT,170,cue_assumed,R3-R2,L2-L3,-19.0,-12.0,-19.0,-12.0,22.47220505424423,0.0,0.0,-0.0,-0.0,0.0,0.0,1.4359732027201622e-15,False,72.3524397,72.4490937
session-3-20261005-80000Hz-600mV,80000,SMILE_RIGHT,171,cue_assumed,R3-R2,L3-L4,-18.0,2.0,-18.0,3.0,18.110770276274835,0.0,1.0,0.0060975609756097554,-0.054878048780487805,5.521576303742328,0.7593123457590778,-3.122130462115708,False,72.4492956,72.5460058
session-3-20261005-80000Hz-600mV,80000,SMILE_RIGHT,172,cue_assumed,R3-R2,L4-L5,2.0,-8.0,2.0,-8.0,8.246211251235321,0.0,0.0,-0.0,0.0,0.0,0.0,-0.0,False,72.5461707,72.6441041
session-3-20261005-80000Hz-600mV,80000,SMILE_RIGHT,173,cue_assumed,R3-R2,L5-L6,-12.0,-1.0,-12.0,-1.0,12.041594578792296,0.0,0.0,-0.0,-0.0,0.0,0.0,2.632183184659462e-16,False,72.6443282,72.7431022
session-3-20261005-80000Hz-600mV,80000,SMILE_RIGHT,174,cue_assumed,R3-R2,L6-L7,-9.0,-7.0,-9.0,-7.0,11.40175425099138,0.0,0.0,-0.0,-0.0,0.0,0.0,-4.4038449435648696e-16,False,72.7433243,72.8390817
session-3-20261005-80000Hz-600mV,80000,SMILE_RIGHT,175,cue_assumed,R3-R2,L7-L8,-11.0,1.0,-11.0,1.0,11.045361017187261,0.0,0.0,-0.0,-0.0,0.0,0.0,1.4338566186925689e-16,False,72.8392668,72.9369385
session-3-20261005-80000Hz-600mV,80000,SMILE_RIGHT,176,cue_assumed,R3-R2,L8-R8,-12.0,-6.0,-13.0,-7.0,13.416407864998739,-1.0,-1.0,0.1,0.03333333333333333,10.5409255338946,10.050493461461185,1.7357045889283886,False,72.9371994,73.0369396
session-3-20261005-80000Hz-600mV,80000,SMILE_RIGHT,177,cue_assumed,R3-R2,R8-R7,-16.0,-8.0,-16.0,-9.0,17.88854381999832,0.0,-1.0,0.025,0.05,5.5901699437494745,2.621878758868945,2.792702365713283,False,73.0371606,73.1349278
session-3-20261005-80000Hz-600mV,80000,SMILE_RIGHT,178,cue_assumed,R3-R2,R7-R6,-18.0,-10.0,-16.0,-6.0,20.591260281974,2.0,4.0,-0.1792452830188679,-0.12264150943396225,21.718612138153464,-17.013299542455684,-8.498558879493682,False,73.1351335,73.2330225
session-3-20261005-80000Hz-600mV,80000,SMILE_RIGHT,179,cue_assumed,R3-R2,R6-R5,-137.0,-149.0,-136.0,-146.0,202.41047403728888,1.0,3.0,-0.01425433243836954,-0.006394923114474005,1.5623093000542116,-1.4233589455308837,-0.37169523213293204,True,73.2334809,73.3320856
session-3-20261005-80000Hz-600mV,80000,SMILE_RIGHT,180,cue_assumed,R3-R2,R5-R4,177.0,213.0,176.0,211.0,276.9440376682625,-1.0,-2.0,-0.00786200422436048,-0.00183837909723852,0.8074078778970736,-0.7860301016329729,-0.10616591977819216,True,73.3323814,73.4310782
session-3-20261005-80000Hz-600mV,80000,SMILE_RIGHT,181,cue_assumed,R3-R2,R1-L1,-59.0,-34.0,-55.0,-32.0,68.09552114493287,4.0,2.0,-0.06555962907051974,0.003881820142333406,6.567445082740747,-6.555156624325065,0.23801479315611182,True,73.4313063,73.5300902
session-3-20261005-80000Hz-600mV,80000,SMILE_RIGHT,182,cue_assumed,R2-R1,L1-L2,-268.0,-223.0,-267.0,-225.0,348.644518098306,1.0,-2.0,0.0014643817923045916,0.006244189777298792,0.6413604291547457,0.1483848049791403,0.3572379519113543,True,73.5303179,73.6309546
session-3-20261005-80000Hz-600mV,80000,SMILE_RIGHT,183,cue_assumed,R2-R1,L2-L3,-26.0,2.0,-26.0,2.0,26.076809620810597,0.0,0.0,-0.0,-0.0,0.0,0.0,2.4321888740603364e-16,False,73.6311808,73.729041
session-3-20261005-80000Hz-600mV,80000,SMILE_RIGHT,184,cue_assumed,R2-R1,L3-L4,-15.0,-14.0,-13.0,-13.0,20.518284528683193,2.0,1.0,-0.10451306413301664,0.030878859857482188,10.897928500669323,-10.398082816574906,1.9749340108819762,False,73.7292754,73.8279061
session-3-20261005-80000Hz-600mV,80000,SMILE_RIGHT,185,cue_assumed,R2-R1,L4-L5,10.0,17.0,9.0,17.0,19.72308292331602,-1.0,0.0,-0.02570694087403599,0.043701799485861184,5.070201265633938,-2.472731385559057,2.568273888512253,False,73.8281697,73.925138
session-3-20261005-80000Hz-600mV,80000,SMILE_RIGHT,186,cue_assumed,R2-R1,L5-L6,-24.0,3.0,-23.0,3.0,24.186773244895647,1.0,0.0,-0.041025641025641026,-0.005128205128205128,4.134491152973615,-4.101192934525,-0.3063916222707099,False,73.9253563,74.0241881
session-3-20261005-80000Hz-600mV,80000,SMILE_RIGHT,187,cue_assumed,R2-R1,L6-L7,-8.0,-1.0,-8.0,-1.0,8.06225774829855,0.0,0.0,-0.0,-0.0,0.0,0.0,-0.0,False,74.024767,74.1240342
session-3-20261005-80000Hz-600mV,80000,SMILE_RIGHT,188,cue_assumed,R2-R1,L7-L8,-13.0,10.0,-14.0,9.0,16.401219466856727,-1.0,-1.0,0.011152416356877321,0.08550185873605946,8.622612271184535,1.4760945716611795,4.833365756719897,False,74.124254,74.2230785
session-3-20261005-80000Hz-600mV,80000,SMILE_RIGHT,189,cue_assumed,R2-R1,L8-R8,-14.0,0.0,-15.0,-2.0,14.0,-1.0,-2.0,0.07142857142857142,0.14285714285714285,15.971914124998495,8.091042503011113,7.594643368591445,False,74.2232554,74.3220785
session-3-20261005-80000Hz-600mV,80000,SMILE_RIGHT,190,cue_assumed,R2-R1,R8-R7,-24.0,-6.0,-20.0,-4.0,24.73863375370596,4.0,2.0,-0.1764705882352941,-0.0392156862745098,18.077538151554677,-17.553741013221014,-2.7263109939062655,False,74.3222803,74.4199653
session-3-20261005-80000Hz-600mV,80000,SMILE_RIGHT,191,cue_assumed,R2-R1,R7-R6,-35.0,-9.0,-34.0,-9.0,36.138621999185304,1.0,0.0,-0.02679938744257274,0.006891271056661561,2.7671226645624274,-2.677498907039566,0.4057068428446826,False,74.4201954,74.5181809
session-3-20261005-80000Hz-600mV,80000,SMILE_RIGHT,192,cue_assumed,R2-R1,R6-R5,-104.0,-92.0,-107.0,-93.0,138.85243966167826,-3.0,-1.0,0.020954356846473027,-0.00892116182572614,2.2774375933713844,2.0993332932255804,-0.5006412959249285,True,74.5184707,74.6200865
session-3-20261005-80000Hz-600mV,80000,SMILE_RIGHT,193,cue_assumed,R2-R1,R5-R4,-1.0,8.0,-9.0,-1.0,8.06225774829855,-8.0,-9.0,-0.9846153846153847,1.123076923076923,149.35759876113536,12.318229221193743,89.21517539700811,False,74.6203133,74.7190922
session-3-20261005-80000Hz-600mV,80000,SMILE_RIGHT,194,cue_assumed,R2-R1,R4-R3,-354.0,-295.0,-345.0,-291.0,460.8047308784926,9.0,4.0,-0.020561267018616283,0.005834954153931648,2.137316989567345,-2.054388645832783,0.3413325207424356,True,74.7193025,74.8180874
session-3-20261005-80000Hz-600mV,80000,SMILE_RIGHT,195,cue_assumed,R1-L1,L2-L3,10.0,21.0,9.0,21.0,23.259406699226016,-1.0,0.0,-0.018484288354898334,0.038817005545286505,4.299335803923478,-1.771702034205369,2.2647545482234253,False,74.8183038,74.9160078
session-3-20261005-80000Hz-600mV,80000,SMILE_RIGHT,196,cue_assumed,R1-L1,L3-L4,-16.0,-26.0,-16.0,-26.0,30.528675044947494,0.0,0.0,-0.0,-0.0,0.0,0.0,1.4196467247734152e-15,False,74.9162057,75.0119821
session-3-20261005-80000Hz-600mV,80000,SMILE_RIGHT,197,cue_assumed,R1-L1,L4-L5,6.0,30.0,6.0,30.0,30.59411708155671,0.0,0.0,0.0,0.0,0.0,0.0,6.116451310506764e-16,False,75.0122762,75.1152259
session-3-20261005-80000Hz-600mV,80000,SMILE_RIGHT,198,cue_assumed,R1-L1,L5-L6,-7.0,-6.0,-7.0,-6.0,9.219544457292887,0.0,0.0,-0.0,-0.0,0.0,0.0,1.5715681955466792e-15,False,75.115468,75.2129333
session-3-20261005-80000Hz-600mV,80000,SMILE_RIGHT,199,cue_assumed,R1-L1,L6-L7,-10.0,-7.0,-9.0,-6.0,12.206555615733702,1.0,1.0,-0.11409395973154363,-0.020134228187919465,11.585688927269846,-11.386519122152794,-1.3019526725788737,False,75.2131731,75.3120834
session-3-20261005-80000Hz-600mV,80000,SMILE_RIGHT,200,cue_assumed,R1-L1,L7-L8,-11.0,-2.0,-12.0,-3.0,11.180339887498949,-1.0,-1.0,0.10400000000000001,0.07200000000000001,12.64911064067352,10.634533487514641,3.7313969991604465,False,75.3122967,75.4091754
session-3-20261005-80000Hz-600mV,80000,SMILE_RIGHT,201,cue_assumed,R1-L1,L8-R8,-16.0,-11.0,-17.0,-13.0,19.4164878389476,-1.0,-2.0,0.10079575596816975,0.055702917771883284,11.516335992621968,10.220420585562785,2.8968336437401536,False,75.4093996,75.5096451
session-3-20261005-80000Hz-600mV,80000,SMILE_RIGHT,202,cue_assumed,R1-L1,R8-R7,-13.0,-6.0,-14.0,-8.0,14.317821063276353,-1.0,-2.0,0.12195121951219513,0.09756097560975609,15.617376188860607,12.618501274294601,4.9697407281103025,False,75.5098645,75.6095174
session-3-20261005-80000Hz-600mV,80000,SMILE_RIGHT,203,cue_assumed,R1-L1,R7-R6,-5.0,2.0,-3.0,4.0,5.385164807134504,2.0,2.0,-0.20689655172413793,-0.4827586206896552,52.522573143889026,-7.152330911474058,-31.328692867804172,False,75.6097409,75.7110977
session-3-20261005-80000Hz-600mV,80000,SMILE_RIGHT,204,cue_assumed,R1-L1,R6-R5,-27.0,-17.0,-29.0,-18.0,31.906112267087632,-2.0,-1.0,0.06974459724950885,-0.006876227897838902,7.008274649012562,6.976669692723969,-0.3682873580401418,False,75.7113138,75.8082147
session-3-20261005-80000Hz-600mV,80000,SMILE_RIGHT,205,cue_assumed,R1-L1,R5-R4,35.0,32.0,38.0,35.0,47.4236228055175,3.0,3.0,0.08937305469097377,0.004001778568252559,8.9462601887633,8.938040487171083,0.21047334535670056,False,75.8084679,75.9069554
session-3-20261005-80000Hz-600mV,80000,SMILE_RIGHT,206,cue_assumed,R1-L1,R4-R3,-46.0,-20.0,-48.0,-21.0,50.15974481593781,-2.0,-1.0,0.044515103338632754,0.0023847376788553266,4.4578934476343255,4.451782563837159,0.13081205470472124,False,75.9071741,76.0059458
session-3-20261005-80000Hz-600mV,80000,SMILE_RIGHT,207,cue_assumed,R1-L1,R3-R2,0.0,7.0,2.0,8.0,7.0,2.0,1.0,0.14285714285714285,-0.2857142857142857,31.94382824999699,17.803017874790307,-14.036243467926479,False,76.0061682,76.1059591
session-3-20261005-80000Hz-600mV,80000,SMILE_BOTH,0,cue_assumed,L1-L2,L3-L4,-166.0,-249.0,-179.0,-266.0,299.2607558635111,-13.0,-17.0,0.07136237256719184,-0.004633920296570901,7.151266626083569,7.137239397425077,-0.24781757016910574,True,78.255324,78.3550091
session-3-20261005-80000Hz-600mV,80000,SMILE_BOTH,1,cue_assumed,L1-L2,L4-L5,-64.0,-68.0,-65.0,-70.0,93.38094023943002,-1.0,-2.0,0.022935779816513763,0.006880733944954128,2.3945657130528786,2.2958921036636992,0.3853918077330645,True,78.3552773,78.4533766
session-3-20261005-80000Hz-600mV,80000,SMILE_BOTH,2,cue_assumed,L1-L2,L5-L6,-51.0,-66.0,-52.0,-67.0,83.40863264674707,-1.0,-1.0,0.01681759379042691,-0.00215610176800345,1.6955242131382064,1.6819879731207799,-0.1214921408839651,True,78.4536427,78.5530264
session-3-20261005-80000Hz-600mV,80000,SMILE_BOTH,3,cue_assumed,L1-L2,L6-L7,-24.0,-39.0,-22.0,-36.0,45.79301256742124,2.0,3.0,-0.07868383404864092,0.002861230329041486,7.873583923214314,-7.86793911551158,0.1779366314103886,False,78.5532407,78.6520281
session-3-20261005-80000Hz-600mV,80000,SMILE_BOTH,4,cue_assumed,L1-L2,L7-L8,-18.0,-7.0,-12.0,-1.0,19.313207915827967,6.0,6.0,-0.4021447721179625,-0.1769436997319035,43.935121556292756,-37.6509866653291,-16.486863816407062,False,78.652251,78.7500821
session-3-20261005-80000Hz-600mV,80000,SMILE_BOTH,5,cue_assumed,L1-L2,L8-R8,-7.0,1.0,-9.0,0.0,7.0710678118654755,-2.0,-1.0,0.26,0.17999999999999997,31.622776601683793,27.27922061357855,8.130102354155978,False,78.7502859,78.8499262
session-3-20261005-80000Hz-600mV,80000,SMILE_BOTH,6,cue_assumed,L1-L2,R8-R7,-3.0,3.0,-7.0,-3.0,4.242640687119285,-4.0,-6.0,-0.3333333333333333,1.6666666666666665,169.96731711975949,79.50549357115013,68.19859051364818,False,78.8501492,78.949058
session-3-20261005-80000Hz-600mV,80000,SMILE_BOTH,7,cue_assumed,L1-L2,R7-R6,5.0,22.0,4.0,20.0,22.561028345356956,-1.0,-2.0,-0.09626719056974459,0.023575638506876224,9.911197057469105,-9.595973454070661,1.4943335912665372,False,78.9493485,79.0520929
session-3-20261005-80000Hz-600mV,80000,SMILE_BOTH,8,cue_assumed,L1-L2,R6-R5,-10.0,-3.0,-12.0,-4.0,10.44030650891055,-2.0,-1.0,0.21100917431192656,0.03669724770642201,21.417646843905963,21.156506563076526,1.7357045889283895,False,79.0523166,79.1500271
session-3-20261005-80000Hz-600mV,80000,SMILE_BOTH,9,cue_assumed,L1-L2,R5-R4,34.0,50.0,36.0,51.0,60.4648658313239,2.0,1.0,0.03227571115973742,-0.018052516411378554,3.698127742047171,3.2433550984819925,-1.0018908357553122,True,79.1502466,79.2481913
session-3-20261005-80000Hz-600mV,80000,SMILE_BOTH,10,cue_assumed,L1-L2,R4-R3,-37.0,-27.0,-38.0,-26.0,45.803929962395145,-1.0,1.0,0.004766444232602479,-0.030505243088655865,3.087537605472192,0.522941526386167,-1.7389961256348887,False,79.2483842,79.3469083
session-3-20261005-80000Hz-600mV,80000,SMILE_BOTH,11,cue_assumed,L1-L2,R3-R2,16.0,20.0,16.0,20.0,25.612496949731394,0.0,0.0,0.0,0.0,0.0,0.0,1.5514900885187889e-15,False,79.3471224,79.4429425
session-3-20261005-80000Hz-600mV,80000,SMILE_BOTH,12,cue_assumed,L1-L2,R2-R1,-222.0,-300.0,-224.0,-301.0,373.2077169620157,-2.0,-1.0,0.005341604204359439,-0.002713879555440683,0.5991483765935559,0.534526720248496,-0.154667295460586,True,79.4431252,79.54192
session-3-20261005-80000Hz-600mV,80000,SMILE_BOTH,13,cue_assumed,L2-L3,L4-L5,138.0,206.0,131.0,196.0,247.95160818191923,-7.0,-10.0,-0.04921925829538061,0.0010084580351333754,4.922958840733912,-4.9218723478425375,0.06077149549522519,True,79.5421782,79.6459454
session-3-20261005-80000Hz-600mV,80000,SMILE_BOTH,14,cue_assumed,L2-L3,L5-L6,-95.0,-131.0,-90.0,-125.0,161.82088863926066,5.0,6.0,-0.048155502940502554,0.00324600931795616,4.826478053348019,-4.814996813629291,0.1953910683795258,True,79.6461234,79.7440513
session-3-20261005-80000Hz-600mV,80000,SMILE_BOTH,15,cue_assumed,L2-L3,L6-L7,-21.0,-35.0,-18.0,-29.0,40.8166632639171,3.0,6.0,-0.16386554621848737,-0.01260504201680672,16.434964046729363,-16.3770538736673,-0.863690044599588,False,79.7442591,79.8459198
session-3-20261005-80000Hz-600mV,80000,SMILE_BOTH,16,cue_assumed,L2-L3,L7-L8,-16.0,-10.0,-15.0,-11.0,18.867962264113206,1.0,-1.0,-0.016853932584269662,0.07303370786516854,7.495316889958614,-1.4144984107931635,4.248454529361296,False,79.8460885,79.9448884
session-3-20261005-80000Hz-600mV,80000,SMILE_BOTH,17,cue_assumed,L2-L3,L8-R8,-12.0,-10.0,-15.0,-12.0,15.620499351813308,-3.0,-2.0,0.2295081967213115,-0.02459016393442624,23.082176787424142,22.97540737754087,-1.1457628381751046,False,79.9450979,80.052318
session-3-20261005-80000Hz-600mV,80000,SMILE_BOTH,18,cue_assumed,L2-L3,R8-R7,-9.0,-4.0,-8.0,-5.0,9.848857801796104,1.0,-1.0,-0.05154639175257732,0.13402061855670103,14.35916317235476,-4.2124343562340965,8.042894233505313,False,80.0525957,80.1521662
session-3-20261005-80000Hz-600mV,80000,SMILE_BOTH,19,cue_assumed,L2-L3,R7-R6,-7.0,2.0,-6.0,3.0,7.280109889280518,1.0,1.0,-0.09433962264150944,-0.16981132075471697,19.425717247145283,-7.855732474907329,-10.619655276155136,False,80.1523738,80.251096
session-3-20261005-80000Hz-600mV,80000,SMILE_BOTH,20,cue_assumed,L2-L3,R6-R5,-15.0,-10.0,-15.0,-9.0,18.027756377319946,0.0,1.0,-0.030769230769230764,-0.04615384615384615,5.54700196225229,-2.9670951924832156,-2.726310993906264,False,80.2513517,80.3510259
session-3-20261005-80000Hz-600mV,80000,SMILE_BOTH,21,cue_assumed,L2-L3,R5-R4,5.0,2.0,6.0,2.0,5.385164807134504,1.0,0.0,0.1724137931034483,-0.06896551724137932,18.56953381770519,17.44404390294072,-3.366460663429802,False,80.3512306,80.4480386
session-3-20261005-80000Hz-600mV,80000,SMILE_BOTH,22,cue_assumed,L2-L3,R4-R3,-16.0,3.0,-17.0,4.0,16.278820596099706,-1.0,1.0,0.07169811320754717,-0.04905660377358491,8.687444855261388,7.282030006260354,-2.62086463903207,False,80.4482419,80.5458991
session-3-20261005-80000Hz-600mV,80000,SMILE_BOTH,23,cue_assumed,L2-L3,R3-R2,-6.0,-4.0,-5.0,-3.0,7.211102550927978,1.0,1.0,-0.1923076923076923,-0.03846153846153847,19.6116135138184,-19.13924599373602,-2.726310993906264,False,80.54611,80.6439004
session-3-20261005-80000Hz-600mV,80000,SMILE_BOTH,24,cue_assumed,L2-L3,R2-R1,42.0,30.0,40.0,29.0,51.61395160225576,-2.0,-1.0,-0.04279279279279279,0.006756756756756756,4.332293707583636,-4.276894571305768,0.404434079407959,False,80.6441066,80.7429144
session-3-20261005-80000Hz-600mV,80000,SMILE_BOTH,25,cue_assumed,L2-L3,R1-L1,-33.0,4.0,-29.0,5.0,33.24154027718932,4.0,1.0,-0.1158371040723982,-0.044343891402714934,12.403473458920846,-11.472580109899333,-2.871179912782605,False,80.7431214,80.8419219
session-3-20261005-80000Hz-600mV,80000,SMILE_BOTH,26,cue_assumed,L3-L4,L1-L2,-218.0,-245.0,-226.0,-261.0,327.9466420014085,-8.0,-16.0,0.0526643669397205,0.014207477521873752,5.454711690544308,5.276023948577047,0.7732560373097821,True,80.8421373,80.9378998
session-3-20261005-80000Hz-600mV,80000,SMILE_BOTH,27,cue_assumed,L3-L4,L5-L6,144.0,207.0,143.0,204.0,252.1606630701942,-1.0,-3.0,-0.012031139419674451,-0.003538570417551309,1.2540725510735562,-1.2024802458590833,-0.2052132324944455,True,80.9381074,81.03697
session-3-20261005-80000Hz-600mV,80000,SMILE_BOTH,28,cue_assumed,L3-L4,L6-L7,14.0,23.0,11.0,17.0,26.92582403567252,-3.0,-6.0,-0.24827586206896554,-0.020689655172413803,24.91364395612199,-24.799119594295284,-1.5765500551837304,False,81.0372269,81.1359501
session-3-20261005-80000Hz-600mV,80000,SMILE_BOTH,29,cue_assumed,L3-L4,L7-L8,7.0,22.0,11.0,26.0,23.08679276123039,4.0,4.0,0.21763602251407127,-0.11257035647279551,24.50255567326755,22.282851147669124,-5.281976217659661,False,81.1361879,81.2328988
session-3-20261005-80000Hz-600mV,80000,SMILE_BOTH,30,cue_assumed,L3-L4,L8-R8,9.0,20.0,9.0,22.0,21.93171219946131,0.0,2.0,0.08316008316008315,0.03742203742203742,9.119215051751063,8.380633631483025,1.9787216607418054,False,81.2332454,81.3309625
session-3-20261005-80000Hz-600mV,80000,SMILE_BOTH,31,cue_assumed,L3-L4,R8-R7,0.0,9.0,-1.0,5.0,9.0,-1.0,-4.0,-0.4444444444444444,0.1111111111111111,45.81228472908512,-43.344227626746836,11.309932474020213,False,81.331159,81.4290371
session-3-20261005-80000Hz-600mV,80000,SMILE_BOTH,32,cue_assumed,L3-L4,R7-R6,6.0,23.0,3.0,21.0,23.769728648009426,-3.0,-2.0,-0.11327433628318584,0.10088495575221239,15.168668220223594,-10.75538240369055,6.490771634475678,False,81.4292507,81.5279913
session-3-20261005-80000Hz-600mV,80000,SMILE_BOTH,33,cue_assumed,L3-L4,R6-R5,-11.0,-8.0,-14.0,-9.0,13.601470508735444,-3.0,-1.0,0.22162162162162163,-0.07027027027027027,23.24952774876386,22.364100017010568,-3.2921471129960094,False,81.5281969,81.6268991
session-3-20261005-80000Hz-600mV,80000,SMILE_BOTH,34,cue_assumed,L3-L4,R5-R4,38.0,43.0,37.0,41.0,57.38466694161429,-1.0,-2.0,-0.03765563316125114,-0.01002125721226845,3.8966297038455666,-3.7603456997903018,-0.5966211374697139,True,81.6271588,81.7269751
session-3-20261005-80000Hz-600mV,80000,SMILE_BOTH,35,cue_assumed,L3-L4,R4-R3,-51.0,-28.0,-51.0,-26.0,58.180752831155424,0.0,2.0,-0.01654357459379616,-0.030132939438700147,3.4375629442337035,-1.6082048790670544,-1.7549839909052545,True,81.7271677,81.8249094
session-3-20261005-80000Hz-600mV,80000,SMILE_BOTH,36,cue_assumed,L3-L4,R3-R2,-18.0,1.0,-17.0,1.0,18.027756377319946,1.0,0.0,-0.05538461538461538,-0.0030769230769230765,5.547001962252291,-5.537960412253828,-0.1866305435655669,False,81.8251877,81.9208804
session-3-20261005-80000Hz-600mV,80000,SMILE_BOTH,37,cue_assumed,L3-L4,R2-R1,39.0,-6.0,36.0,-7.0,39.45883931389772,-3.0,-1.0,-0.07129094412331408,-0.03660886319845858,8.014117280572417,-7.056968021693577,-2.257378589194294,False,81.9210978,82.0190296
session-3-20261005-80000Hz-600mV,80000,SMILE_BOTH,38,cue_assumed,L3-L4,R1-L1,-97.0,-77.0,-93.0,-75.0,123.84667940643382,4.0,2.0,-0.035337071326118144,0.0074325205372278,3.611026130400435,-3.5308438764385386,0.4414429318779826,True,82.0193432,82.1178758
session-3-20261005-80000Hz-600mV,80000,SMILE_BOTH,39,cue_assumed,L4-L5,L1-L2,-59.0,-48.0,-62.0,-52.0,76.05918747922567,-3.0,-4.0,0.0637856525496975,0.015903197925669833,6.573827785585625,6.390451934130281,0.8564866879788976,True,82.1180964,82.215954
session-3-20261005-80000Hz-600mV,80000,SMILE_BOTH,40,cue_assumed,L4-L5,L2-L3,126.0,205.0,120.0,196.0,240.62626623043462,-6.0,-9.0,-0.04492150394639125,0.0016580024524619613,4.495209104077378,-4.492006481333933,0.09946454444578652,True,82.2161708,82.3140272
session-3-20261005-80000Hz-600mV,80000,SMILE_BOTH,41,cue_assumed,L4-L5,L6-L7,-84.0,-154.0,-76.0,-139.0,175.41949720598336,8.0,15.0,-0.09690627843494086,-0.0009099181073703337,9.691055025678269,-9.690582003802584,-0.05772872556651729,True,82.3142468,82.4129534
session-3-20261005-80000Hz-600mV,80000,SMILE_BOTH,42,cue_assumed,L4-L5,L7-L8,-44.0,-50.0,-47.0,-57.0,66.60330322138685,-3.0,-7.0,0.10865644724977458,0.035617673579801626,11.43452762477766,10.922844207121285,1.8401017768211028,True,82.4131911,82.5100311
session-3-20261005-80000Hz-600mV,80000,SMILE_BOTH,43,cue_assumed,L4-L5,L8-R8,-30.0,-37.0,-38.0,-45.0,47.634021455258214,-8.0,-8.0,0.23622741295724992,-0.024680475980608192,23.751319232224652,23.64737532360339,-1.1437210231604615,False,82.5102458,82.6079096
session-3-20261005-80000Hz-600mV,80000,SMILE_BOTH,44,cue_assumed,L4-L5,R8-R7,-17.0,-14.0,-14.0,-12.0,22.02271554554524,3.0,2.0,-0.1628865979381443,0.01649484536082474,16.371964974107474,-16.272410291765148,1.1288347966606418,False,82.6081512,82.7060682
session-3-20261005-80000Hz-600mV,80000,SMILE_BOTH,45,cue_assumed,L4-L5,R7-R6,-15.0,-12.0,-12.0,-7.0,19.209372712298546,3.0,5.0,-0.2845528455284553,-0.10569105691056908,30.354723093649543,-27.678825344695646,-8.403371090560826,False,82.7063617,82.8068941
session-3-20261005-80000Hz-600mV,80000,SMILE_BOTH,46,cue_assumed,L4-L5,R6-R5,-4.0,-3.0,-3.0,-1.0,5.0,1.0,2.0,-0.4,-0.2,44.721359549995796,-36.754446796632415,-18.434948822922014,False,82.8071024,82.9030293
session-3-20261005-80000Hz-600mV,80000,SMILE_BOTH,47,cue_assumed,L4-L5,R5-R4,-27.0,-29.0,-25.0,-27.0,39.6232255123179,2.0,2.0,-0.0713375796178344,0.002547770700636944,7.138306102482497,-7.133408474004755,0.15718967287857682,False,82.9032529,83.002936
session-3-20261005-80000Hz-600mV,80000,SMILE_BOTH,48,cue_assumed,L4-L5,R4-R3,-1.0,35.0,-3.0,33.0,35.014282800023196,-2.0,-2.0,-0.055464926590538324,0.058727569331158226,8.077923917220192,-5.364096015298559,3.557851866118088,False,83.0031528,83.1000331
session-3-20261005-80000Hz-600mV,80000,SMILE_BOTH,49,cue_assumed,L4-L5,R3-R2,18.0,6.0,17.0,6.0,18.973665961010276,-1.0,0.0,-0.05,0.016666666666666666,5.2704627669473,-4.985381241738507,1.0050860052541821,False,83.1002692,83.1978951
session-3-20261005-80000Hz-600mV,80000,SMILE_BOTH,50,cue_assumed,L4-L5,R2-R1,97.0,62.0,92.0,61.0,115.12167476196652,-5.0,-1.0,-0.041273673885158076,0.016071832792575264,4.42924368858937,-4.113897138585587,0.9604012299933745,True,83.1981723,83.2959
session-3-20261005-80000Hz-600mV,80000,SMILE_BOTH,51,cue_assumed,L4-L5,R1-L1,-38.0,25.0,-33.0,26.0,45.48626166217664,5.0,1.0,-0.07974867085548575,-0.07878202029966168,11.210021064080525,-7.6382592457926,-4.893117830969937,False,83.2961457,83.3950315
session-3-20261005-80000Hz-600mV,80000,SMILE_BOTH,52,cue_assumed,L5-L6,L1-L2,-57.0,-68.0,-58.0,-72.0,88.72992730753249,-1.0,-4.0,0.041788390702400605,0.020322621618188746,4.646803790706634,4.198659298079921,1.117552077861224,True,83.3953226,83.492058
session-3-20261005-80000Hz-600mV,80000,SMILE_BOTH,53,cue_assumed,L5-L6,L2-L3,-104.0,-142.0,-101.0,-136.0,176.0113632695344,3.0,6.0,-0.03757262750161395,-0.006391220142027115,3.811233438506345,-3.7551406552510436,-0.3804801980675658,True,83.4922721,83.5928496
session-3-20261005-80000Hz-600mV,80000,SMILE_BOTH,54,cue_assumed,L5-L6,L3-L4,149.0,228.0,148.0,226.0,272.3692346796899,-1.0,-2.0,-0.008155287457033093,-0.0009435869784996968,0.8209693654018734,-0.8154838618533833,-0.05450806409272386,True,83.5930806,83.6921696
session-3-20261005-80000Hz-600mV,80000,SMILE_BOTH,55,cue_assumed,L5-L6,L7-L8,-97.0,-150.0,-95.0,-154.0,178.63090438107287,2.0,-4.0,0.012723682973455766,0.02156131498950139,2.503562286993286,1.2953181721345741,1.2196670856825635,True,83.6924074,83.7920617
session-3-20261005-80000Hz-600mV,80000,SMILE_BOTH,56,cue_assumed,L5-L6,L8-R8,-29.0,-44.0,-36.0,-53.0,52.69724850502159,-7.0,-9.0,0.21570039611091107,-0.016924738926899534,21.636336952023015,21.58182018262309,-0.7976089102635298,True,83.7922696,83.8890946
session-3-20261005-80000Hz-600mV,80000,SMILE_BOTH,57,cue_assumed,L5-L6,R8-R7,-13.0,-11.0,-14.0,-15.0,17.029386365926403,-1.0,-4.0,0.19655172413793104,0.1413793103448276,24.211709905575116,20.487515449984883,6.738575701608154,False,83.8893302,83.9869073
session-3-20261005-80000Hz-600mV,80000,SMILE_BOTH,58,cue_assumed,L5-L6,R7-R6,-3.0,0.0,-2.0,1.0,3.0,1.0,1.0,-0.3333333333333333,-0.3333333333333333,47.14045207910317,-25.46440075000701,-26.56505117707799,False,83.9871245,84.1020314
session-3-20261005-80000Hz-600mV,80000,SMILE_BOTH,59,cue_assumed,L5-L6,R6-R5,-45.0,-3.0,-47.0,-3.0,45.09988913511872,-2.0,0.0,0.04424778761061947,-0.0029498525073746312,4.4346007015849285,4.425195406065119,-0.1618520539840186,False,84.1022482,84.200157
session-3-20261005-80000Hz-600mV,80000,SMILE_BOTH,60,cue_assumed,L5-L6,R5-R4,-4.0,5.0,-3.0,6.0,6.4031242374328485,1.0,1.0,0.024390243902439022,-0.21951219512195125,22.08630521496931,4.76454436543674,-12.094757077012101,False,84.2003742,84.2980398
session-3-20261005-80000Hz-600mV,80000,SMILE_BOTH,61,cue_assumed,L5-L6,R4-R3,-5.0,-3.0,-5.0,-3.0,5.830951894845301,0.0,0.0,-0.0,-0.0,0.0,0.0,9.354572592539755e-16,False,84.2982391,84.3948922
session-3-20261005-80000Hz-600mV,80000,SMILE_BOTH,62,cue_assumed,L5-L6,R3-R2,-2.0,-2.0,-1.0,-1.0,2.8284271247461903,1.0,1.0,-0.5,-0.0,50.0,-50.0,-0.0,False,84.3950854,84.4920591
session-3-20261005-80000Hz-600mV,80000,SMILE_BOTH,63,cue_assumed,L5-L6,R2-R1,39.0,10.0,37.0,8.0,40.26164427839479,-2.0,-2.0,-0.06045650832819248,-0.03578038247995065,7.025115778155095,-5.977544782468969,-2.1809258637098177,False,84.4922536,84.5911298
session-3-20261005-80000Hz-600mV,80000,SMILE_BOTH,64,cue_assumed,L5-L6,R1-L1,-58.0,-39.0,-55.0,-38.0,69.8927750200262,3.0,1.0,-0.04360286591606961,0.012077789150460594,4.524470031791269,-4.352660723116886,0.7235169749459381,True,84.5913364,84.6899204
session-3-20261005-80000Hz-600mV,80000,SMILE_BOTH,65,cue_assumed,L6-L7,L1-L2,-25.0,-31.0,-22.0,-28.0,39.824615503479755,3.0,3.0,-0.10592686002522068,0.011349306431273649,10.653312363426524,-10.585482924704447,0.7272698463455317,False,84.6901177,84.7920539
session-3-20261005-80000Hz-600mV,80000,SMILE_BOTH,66,cue_assumed,L6-L7,L2-L3,-29.0,-34.0,-27.0,-29.0,44.68780594300866,2.0,5.0,-0.11417125688532799,-0.0385578367551327,12.050635947538627,-11.333249247344412,-2.492364019019425,False,84.7922896,84.8909151
session-3-20261005-80000Hz-600mV,80000,SMILE_BOTH,67,cue_assumed,L6-L7,L3-L4,23.0,33.0,20.0,27.0,40.22437072223753,-3.0,-6.0,-0.1650185414091471,-0.024103831891223736,16.676964268308176,-16.467070510944705,-1.6535270223829828,False,84.8912362,84.989031
session-3-20261005-80000Hz-600mV,80000,SMILE_BOTH,68,cue_assumed,L6-L7,L4-L5,-104.0,-172.0,-96.0,-155.0,200.9975124224178,8.0,17.0,-0.09297029702970298,-0.009702970297029701,9.347525748761669,-9.291839964478921,-0.6128994890980425,True,84.9892379,85.085897
session-3-20261005-80000Hz-600mV,80000,SMILE_BOTH,69,cue_assumed,L6-L7,L8-R8,-155.0,-252.0,-160.0,-261.0,295.8530040408581,-5.0,-9.0,0.03476562053719339,0.0015423459653372035,3.479981612613657,3.476676999060979,0.08540083586670053,True,85.0861145,85.1840286
session-3-20261005-80000Hz-600mV,80000,SMILE_BOTH,70,cue_assumed,L6-L7,R8-R7,-21.0,-46.0,-22.0,-50.0,50.566787519082126,-1.0,-4.0,0.08017207665232694,0.014861165428236213,8.15378201366212,8.02743028589017,0.7882339837110311,True,85.1842254,85.2818925
session-3-20261005-80000Hz-600mV,80000,SMILE_BOTH,71,cue_assumed,L6-L7,R7-R6,-27.0,-25.0,-24.0,-19.0,36.796738985948195,3.0,6.0,-0.1706056129985229,-0.06425406203840472,18.23043051467434,-16.812042116782845,-4.429916453372657,False,85.2821228,85.3810316
session-3-20261005-80000Hz-600mV,80000,SMILE_BOTH,72,cue_assumed,L6-L7,R6-R5,-10.0,-14.0,-11.0,-12.0,17.204650534085253,-1.0,2.0,-0.06081081081081081,-0.11486486486486489,12.996881122750912,-5.381277208457824,-6.972769286026461,False,85.3812504,85.4810296
session-3-20261005-80000Hz-600mV,80000,SMILE_BOTH,73,cue_assumed,L6-L7,R5-R4,-4.0,-11.0,-1.0,-7.0,11.704699910719626,3.0,4.0,-0.40875912408759124,0.12408759124087591,42.71788288583805,-39.5877906669823,11.853004167744002,False,85.4812542,85.5800495
session-3-20261005-80000Hz-600mV,80000,SMILE_BOTH,74,cue_assumed,L6-L7,R4-R3,-7.0,14.0,-9.0,11.0,15.652475842498529,-2.0,-3.0,-0.11428571428571428,0.19999999999999998,23.035022137995853,-9.198579531024553,12.724355685422369,False,85.5802664,85.6780398
session-3-20261005-80000Hz-600mV,80000,SMILE_BOTH,75,cue_assumed,L6-L7,R3-R2,1.0,-1.0,2.0,0.0,1.4142135623730951,1.0,1.0,0.0,1.0,100.0,41.421356237309496,45.0,False,85.678252,85.7759083
session-3-20261005-80000Hz-600mV,80000,SMILE_BOTH,76,cue_assumed,L6-L7,R2-R1,56.0,20.0,52.0,18.0,59.464274989274024,-4.0,-2.0,-0.0746606334841629,-0.009049773755656108,7.520710469952335,-7.46163813698888,-0.560332057567695,False,85.776109,85.8759006
session-3-20261005-80000Hz-600mV,80000,SMILE_BOTH,77,cue_assumed,L6-L7,R1-L1,-61.0,-26.0,-56.0,-23.0,66.30987860040162,5.0,3.0,-0.08710484421196271,-0.012053672958835571,8.793489021423099,-8.702527061639675,-0.7564772947891238,False,85.8761617,85.9741891
session-3-20261005-80000Hz-600mV,80000,SMILE_BOTH,78,cue_assumed,L7-L8,L1-L2,-17.0,-5.0,-12.0,2.0,17.72004514666935,5.0,7.0,-0.3821656050955414,-0.29936305732484075,48.545729967620964,-31.345970284488466,-25.851862542060395,False,85.9744266,86.073127
session-3-20261005-80000Hz-600mV,80000,SMILE_BOTH,79,cue_assumed,L7-L8,L2-L3,-21.0,-16.0,-22.0,-16.0,26.40075756488817,-1.0,0.0,0.03012912482065997,-0.022955523672883785,3.7877700953928506,3.0384864927117894,-1.2765748928798226,False,86.073372,86.1729214
session-3-20261005-80000Hz-600mV,80000,SMILE_BOTH,80,cue_assumed,L7-L8,L3-L4,18.0,24.0,21.0,27.0,30.0,3.0,3.0,0.14,-0.02,14.142135623730953,14.017542509913806,-1.0050860052541812,False,86.1731256,86.2710286
session-3-20261005-80000Hz-600mV,80000,SMILE_BOTH,81,cue_assumed,L7-L8,L4-L5,-57.0,-68.0,-59.0,-71.0,88.72992730753249,-2.0,-3.0,0.04039121046615013,0.0044455734789787885,4.063512035761473,4.040070835172838,0.24482237556631864,True,86.2712363,86.3679191
session-3-20261005-80000Hz-600mV,80000,SMILE_BOTH,82,cue_assumed,L7-L8,L5-L6,-108.0,-153.0,-107.0,-155.0,187.27786842016332,1.0,-2.0,0.0056453682319733125,0.010520913523222993,1.1939841030671634,0.570040084897272,0.5993981274309506,True,86.3681184,86.4638898
session-3-20261005-80000Hz-600mV,80000,SMILE_BOTH,83,cue_assumed,L7-L8,R8-R7,-69.0,-101.0,-86.0,-125.0,122.31925441237777,-17.0,-24.0,0.24040903622510362,-0.004076995054137139,24.04436037563791,24.041573637130288,-0.18831995067369484,True,86.4640974,86.5619736
session-3-20261005-80000Hz-600mV,80000,SMILE_BOTH,84,cue_assumed,L7-L8,R7-R6,-33.0,-51.0,-34.0,-52.0,60.74537019394976,-1.0,-1.0,0.02276422764227642,-0.004878048780487804,2.3281009858985935,2.2775860442847407,-0.2732687364048458,True,86.5622435,86.6610404
session-3-20261005-80000Hz-600mV,80000,SMILE_BOTH,85,cue_assumed,L7-L8,R6-R5,-7.0,-20.0,-11.0,-24.0,21.18962010041709,-4.0,-4.0,0.24053452115812918,-0.11581291759465479,26.696345770639994,24.592878210065262,-5.333518566974879,False,86.6612843,86.7600497
session-3-20261005-80000Hz-600mV,80000,SMILE_BOTH,86,cue_assumed,L7-L8,R5-R4,-6.0,-12.0,-4.0,-9.0,13.416407864998739,2.0,3.0,-0.26666666666666666,0.03333333333333333,26.874192494328497,-26.590948181515873,2.6025622024998065,False,86.7602259,86.8600972
session-3-20261005-80000Hz-600mV,80000,SMILE_BOTH,87,cue_assumed,L7-L8,R4-R3,-5.0,13.0,-9.0,10.0,13.92838827718412,-4.0,-3.0,-0.09793814432989689,0.34536082474226804,35.8979079308869,-3.4086085242763686,20.949701470394842,False,86.8603239,86.9580132
session-3-20261005-80000Hz-600mV,80000,SMILE_BOTH,88,cue_assumed,L7-L8,R3-R2,1.0,0.0,1.0,0.0,1.0,0.0,0.0,0.0,0.0,0.0,0.0,0.0,False,86.9582229,87.0570549
session-3-20261005-80000Hz-600mV,80000,SMILE_BOTH,89,cue_assumed,L7-L8,R2-R1,52.0,19.0,37.0,10.0,55.362442142665635,-15.0,-9.0,-0.31027732463295266,-0.05970636215334422,31.59697261811153,-30.769788488185046,-4.94751855622816,False,87.0573236,87.1559046
session-3-20261005-80000Hz-600mV,80000,SMILE_BOTH,90,cue_assumed,L7-L8,R1-L1,-59.0,-33.0,-53.0,-33.0,67.60177512462228,6.0,0.0,-0.0774617067833698,0.04332603938730853,8.87550658091321,-7.644488624660628,2.688860245168546,True,87.1561451,87.2549097
session-3-20261005-80000Hz-600mV,80000,SMILE_BOTH,91,cue_assumed,L8-R8,L1-L2,-9.0,9.0,-9.0,7.0,12.727922061357855,0.0,-2.0,-0.1111111111111111,0.1111111111111111,15.713484026367722,-10.419358352238351,7.125016348901798,False,87.2551219,87.3519056
session-3-20261005-80000Hz-600mV,80000,SMILE_BOTH,92,cue_assumed,L8-R8,L2-L3,-20.0,-14.0,-21.0,-16.0,24.413111231467404,-1.0,-2.0,0.08053691275167785,0.0436241610738255,9.159291318091396,8.141716615204642,2.3119280794247703,False,87.3521113,87.4480369
session-3-20261005-80000Hz-600mV,80000,SMILE_BOTH,93,cue_assumed,L8-R8,L3-L4,18.0,24.0,19.0,26.0,30.0,1.0,2.0,0.07333333333333333,0.013333333333333334,7.4535599249993,7.341614587364109,0.7117122060356939,False,87.4482265,87.5468994
session-3-20261005-80000Hz-600mV,80000,SMILE_BOTH,94,cue_assumed,L8-R8,L4-L5,-45.0,-50.0,-49.0,-57.0,67.26812023536856,-4.0,-7.0,0.1171270718232044,0.02541436464088398,11.985257979692342,11.741611968433062,1.3032400156822854,True,87.5471124,87.6469096
session-3-20261005-80000Hz-600mV,80000,SMILE_BOTH,95,cue_assumed,L8-R8,L5-L6,-37.0,-41.0,-43.0,-50.0,55.226805085936306,-6.0,-9.0,0.19377049180327868,0.028524590163934428,19.585876477121193,19.41112340750597,1.3687955140868113,True,87.6471069,87.7459158
session-3-20261005-80000Hz-600mV,80000,SMILE_BOTH,96,cue_assumed,L8-R8,L6-L7,-175.0,-254.0,-180.0,-265.0,308.4493475434824,-5.0,-11.0,0.03856381581021852,0.006884518766882837,3.917351769366675,3.8586633896726674,0.37980149679606556,True,87.746133,87.844899
session-3-20261005-80000Hz-600mV,80000,SMILE_BOTH,97,cue_assumed,L8-R8,R7-R6,-167.0,-276.0,-174.0,-288.0,322.59107241211746,-7.0,-12.0,0.043059626195166484,0.0006918752702637782,4.306518430771044,4.305985566015802,0.03800504412802054,True,87.8451075,87.9440304
session-3-20261005-80000Hz-600mV,80000,SMILE_BOTH,98,cue_assumed,L8-R8,R6-R5,-32.0,-63.0,-38.0,-73.0,70.66116330771806,-6.0,-10.0,0.16463048267574604,-0.011616262767875028,16.503979334312508,16.46884127260102,-0.5714608800066507,True,87.9442379,88.0451547
session-3-20261005-80000Hz-600mV,80000,SMILE_BOTH,99,cue_assumed,L8-R8,R5-R4,-18.0,-34.0,-22.0,-40.0,38.47076812334269,-4.0,-6.0,0.18648648648648647,-0.018918918918918916,18.74436852367535,18.66373111056756,-0.9135227120254322,False,88.0453669,88.1459192
session-3-20261005-80000Hz-600mV,80000,SMILE_BOTH,100,cue_assumed,L8-R8,R4-R3,-2.0,22.0,-2.0,23.0,22.090722034374522,0.0,1.0,0.04508196721311475,-0.004098360655737704,4.526787302125926,4.509000318350509,-0.22468817962450244,False,88.1461409,88.2470056
session-3-20261005-80000Hz-600mV,80000,SMILE_BOTH,101,cue_assumed,L8-R8,R3-R2,-2.0,-5.0,-3.0,-7.0,5.385164807134504,-1.0,-2.0,0.41379310344827586,-0.03448275862068965,41.52273992686998,41.42135623730952,-1.3971810272963758,False,88.247301,88.3458968
session-3-20261005-80000Hz-600mV,80000,SMILE_BOTH,102,cue_assumed,L8-R8,R2-R1,50.0,9.0,39.0,4.0,50.80354318352215,-11.0,-5.0,-0.230530802014723,-0.05850445563734987,23.783864700038563,-22.83098951149315,-4.347960136302727,False,88.3461316,88.4451725
session-3-20261005-80000Hz-600mV,80000,SMILE_BOTH,103,cue_assumed,L8-R8,R1-L1,-69.0,-45.0,-63.0,-47.0,82.37718130647589,6.0,-2.0,-0.04774535809018567,0.060123784261715295,7.677557328414646,-4.584918777336999,3.6127652125527745,True,88.445367,88.5449443
session-3-20261005-80000Hz-600mV,80000,SMILE_BOTH,104,cue_assumed,R8-R7,L1-L2,-1.0,13.0,-5.0,6.0,13.038404810405298,-4.0,-7.0,-0.511764705882353,0.3470588235294118,61.83469424008424,-40.098119444230754,35.40686573726966,False,88.5451475,88.6449879
session-3-20261005-80000Hz-600mV,80000,SMILE_BOTH,105,cue_assumed,R8-R7,L2-L3,-14.0,-7.0,-14.0,-7.0,15.652475842498529,0.0,0.0,-0.0,-0.0,0.0,0.0,-0.0,False,88.6451987,88.7420794
session-3-20261005-80000Hz-600mV,80000,SMILE_BOTH,106,cue_assumed,R8-R7,L3-L4,12.0,14.0,9.0,10.0,18.439088914585774,-3.0,-4.0,-0.27058823529411763,-0.017647058823529405,27.11630722733202,-27.037479403705444,-1.3859178508121937,False,88.7422984,88.8431583
session-3-20261005-80000Hz-600mV,80000,SMILE_BOTH,107,cue_assumed,R8-R7,L4-L5,-26.0,-22.0,-25.0,-20.0,34.058772731852805,1.0,2.0,-0.0603448275862069,-0.025862068965517238,6.565321642986127,-5.998899492869114,-1.5765500551837317,False,88.8433741,88.940921
session-3-20261005-80000Hz-600mV,80000,SMILE_BOTH,108,cue_assumed,R8-R7,L5-L6,-16.0,-7.0,-18.0,-11.0,17.46424919657298,-2.0,-4.0,0.19672131147540983,0.16393442622950818,25.607375986579196,20.78975094943376,7.800187884181699,False,88.9411544,89.0370408
session-3-20261005-80000Hz-600mV,80000,SMILE_BOTH,109,cue_assumed,R8-R7,L6-L7,-26.0,-49.0,-28.0,-53.0,55.47071299343465,-2.0,-4.0,0.08059798505037374,0.0019499512512187215,8.062156971966248,8.059974440345385,0.10339076810201767,True,89.037258,89.1350991
session-3-20261005-80000Hz-600mV,80000,SMILE_BOTH,110,cue_assumed,R8-R7,L7-L8,-80.0,-95.0,-100.0,-122.0,124.19742348374221,-20.0,-27.0,0.2700162074554295,0.016855753646677466,27.054180586299598,27.012805796520745,0.7603893863747132,True,89.1353261,89.2340305
session-3-20261005-80000Hz-600mV,80000,SMILE_BOTH,111,cue_assumed,R8-R7,R6-R5,-76.0,-151.0,-71.0,-149.0,169.04733065032408,5.0,2.0,-0.023865346257479794,0.021100885327361166,3.1855958839561724,-2.363730632585681,1.238357235666504,True,89.2342692,89.3340299
session-3-20261005-80000Hz-600mV,80000,SMILE_BOTH,112,cue_assumed,R8-R7,R5-R4,-23.0,-44.0,-26.0,-52.0,49.64876634922564,-3.0,-8.0,0.17079107505070995,0.021095334685598374,17.208894346376425,17.09811076887169,1.03224469156573,False,89.3342493,89.4320317
session-3-20261005-80000Hz-600mV,80000,SMILE_BOTH,113,cue_assumed,R8-R7,R4-R3,-1.0,23.0,1.0,28.0,23.021728866442675,2.0,5.0,0.2132075471698113,-0.09622641509433962,23.39166114923766,21.70176972713658,-4.534961410886384,False,89.4322538,89.5310317
session-3-20261005-80000Hz-600mV,80000,SMILE_BOTH,114,cue_assumed,R8-R7,R3-R2,-3.0,-7.0,-3.0,-7.0,7.615773105863909,0.0,0.0,-0.0,-0.0,0.0,0.0,-1.1515801432885144e-15,False,89.5312359,89.6310387
session-3-20261005-80000Hz-600mV,80000,SMILE_BOTH,115,cue_assumed,R8-R7,R2-R1,39.0,0.0,39.0,5.0,39.0,0.0,5.0,0.0,0.1282051282051282,12.82051282051282,0.8184782119871725,7.305759533310825,False,89.6312561,89.7280497
session-3-20261005-80000Hz-600mV,80000,SMILE_BOTH,116,cue_assumed,R8-R7,R1-L1,-60.0,-33.0,-56.0,-34.0,68.47627326307996,4.0,-1.0,-0.04414587332053743,0.04094689699296225,6.0212179038672895,-4.32692333453939,2.4529379514043663,True,89.7282526,89.8259073
session-3-20261005-80000Hz-600mV,80000,SMILE_BOTH,117,cue_assumed,R7-R6,L1-L2,1.0,24.0,1.0,22.0,24.020824298928627,0.0,-2.0,-0.08318890814558058,-0.0034662045060658573,8.326108942436266,-8.318235579752809,-0.21661817211099357,False,89.8263019,89.9220098
session-3-20261005-80000Hz-600mV,80000,SMILE_BOTH,118,cue_assumed,R7-R6,L2-L3,-16.0,-9.0,-15.0,-7.0,18.35755975068582,1.0,2.0,-0.10089020771513353,-0.06824925816023739,12.180638428352399,-9.830360995401655,-4.340860064691251,False,89.9222185,90.0229275
session-3-20261005-80000Hz-600mV,80000,SMILE_BOTH,119,cue_assumed,R7-R6,L3-L4,13.0,20.0,11.0,18.0,23.853720883753127,-2.0,-2.0,-0.11599297012302286,0.02460456942003515,11.857383334575045,-11.565062689666583,1.5943019409581314,False,90.0231658,90.1330254
session-3-20261005-80000Hz-600mV,80000,SMILE_BOTH,120,cue_assumed,R7-R6,L4-L5,-28.0,-30.0,-24.0,-25.0,41.036569057366385,4.0,5.0,-0.15558194774346795,-0.011876484560570073,15.603459023296292,-15.54984322914298,-0.8057946829745574,False,90.1332289,90.2320272
session-3-20261005-80000Hz-600mV,80000,SMILE_BOTH,121,cue_assumed,R7-R6,L5-L6,-9.0,-3.0,-8.0,-1.0,9.486832980505138,1.0,2.0,-0.16666666666666666,-0.16666666666666669,23.570226039551585,-15.016341440120263,-11.309932474020211,False,90.232262,90.3311956
session-3-20261005-80000Hz-600mV,80000,SMILE_BOTH,122,cue_assumed,R7-R6,L6-L7,-36.0,-34.0,-31.0,-27.0,49.51767361255979,5.0,7.0,-0.17047308319738985,-0.033442088091353996,17.372232254587804,-16.97992538211288,-2.3086091874208443,False,90.3313847,90.431162
session-3-20261005-80000Hz-600mV,80000,SMILE_BOTH,123,cue_assumed,R7-R6,L7-L8,-45.0,-51.0,-44.0,-52.0,68.01470429252781,1.0,-1.0,0.0012970168612191962,0.020752269779507136,2.0792762051726847,0.1512043200768698,1.1873073157288254,True,90.4313557,90.5332384
session-3-20261005-80000Hz-600mV,80000,SMILE_BOTH,124,cue_assumed,R7-R6,L8-R8,-192.0,-273.0,-202.0,-284.0,333.75589882427545,-10.0,-11.0,0.04419487759554011,-0.005547924914491933,4.454174083420645,4.420961586628835,-0.30441606105654195,True,90.5334295,90.6320313
session-3-20261005-80000Hz-600mV,80000,SMILE_BOTH,125,cue_assumed,R7-R6,R5-R4,-34.0,-77.0,-21.0,-58.0,84.17244204607586,13.0,19.0,-0.26887791107974596,0.05010585744530699,27.350672389712326,-26.716297455884142,3.9205110455875847,True,90.6322536,90.7289481
session-3-20261005-80000Hz-600mV,80000,SMILE_BOTH,126,cue_assumed,R7-R6,R4-R3,-5.0,15.0,-11.0,9.0,15.811388300841896,-6.0,-6.0,-0.24,0.48,53.665631459994955,-10.111179783023083,32.27564431457764,False,90.7291663,90.8269621
session-3-20261005-80000Hz-600mV,80000,SMILE_BOTH,127,cue_assumed,R7-R6,R3-R2,-6.0,-16.0,-3.0,-12.0,17.08800749063506,3.0,4.0,-0.2808219178082192,0.0821917808219178,29.26028679903264,-27.614048135033407,6.519801751656986,False,90.8271725,90.9239483
session-3-20261005-80000Hz-600mV,80000,SMILE_BOTH,128,cue_assumed,R7-R6,R2-R1,27.0,-20.0,24.0,-18.0,33.60059523282288,-3.0,2.0,-0.10717449069973425,-0.005314437555358721,10.730617271749669,-10.715867406139356,-0.3410422788588547,False,90.9241846,91.0230293
session-3-20261005-80000Hz-600mV,80000,SMILE_BOTH,129,cue_assumed,R7-R6,R1-L1,-59.0,-39.0,-49.0,-32.0,70.7248188403477,10.0,7.0,-0.17253098760495802,-0.004598160735705716,17.2592250017472,-17.251821194894113,-0.3183835140992849,True,91.0232949,91.1211829
session-3-20261005-80000Hz-600mV,80000,SMILE_BOTH,130,cue_assumed,R6-R5,L1-L2,-10.0,7.0,-10.0,5.0,12.206555615733702,0.0,-2.0,-0.09395973154362415,0.1342281879194631,16.38463841038081,-8.407086819086029,8.426969021480671,False,91.1214226,91.2202034
session-3-20261005-80000Hz-600mV,80000,SMILE_BOTH,131,cue_assumed,R6-R5,L2-L3,-20.0,-13.0,-20.0,-12.0,23.853720883753127,0.0,1.0,-0.022847100175746926,-0.0351493848857645,4.192218081503186,-2.2215121362170964,-2.060111023723125,False,91.2204143,91.3199628
session-3-20261005-80000Hz-600mV,80000,SMILE_BOTH,132,cue_assumed,R6-R5,L3-L4,0.0,-3.0,-2.0,-5.0,3.0,-2.0,-2.0,0.6666666666666666,-0.6666666666666666,94.28090415820634,79.50549357115013,-21.80140948635181,False,91.3201945,91.4188826
session-3-20261005-80000Hz-600mV,80000,SMILE_BOTH,133,cue_assumed,R6-R5,L4-L5,-13.0,-11.0,-12.0,-10.0,17.029386365926403,1.0,1.0,-0.08275862068965517,-0.006896551724137931,8.304547985373997,-8.27326941698907,-0.43078721700862815,False,91.4191995,91.5179279
session-3-20261005-80000Hz-600mV,80000,SMILE_BOTH,134,cue_assumed,R6-R5,L5-L6,-48.0,3.0,-49.0,3.0,48.093658625644196,-1.0,0.0,0.020752269779507133,0.0012970168612191958,2.0792762051726843,2.075309380513435,0.07280273021289328,False,91.5181295,91.6149588
session-3-20261005-80000Hz-600mV,80000,SMILE_BOTH,135,cue_assumed,R6-R5,L6-L7,-14.0,-15.0,-13.0,-14.0,20.518284528683193,1.0,1.0,-0.06888361045130642,0.002375296912114014,6.892455167955777,-6.888058074078652,0.1461623857794775,False,91.6151739,91.7140322
session-3-20261005-80000Hz-600mV,80000,SMILE_BOTH,136,cue_assumed,R6-R5,L7-L8,-13.0,-14.0,-16.0,-18.0,19.1049731745428,-3.0,-4.0,0.2602739726027397,0.027397260273972605,26.171196129510683,26.057173373450325,1.2453642667683484,False,91.7142324,91.8131458
session-3-20261005-80000Hz-600mV,80000,SMILE_BOTH,137,cue_assumed,R6-R5,L8-R8,-39.0,-56.0,-48.0,-66.0,68.24221567329127,-9.0,-10.0,0.1956194975305991,-0.024479278505475634,19.714518226493063,19.587006733652768,-1.1729178189999454,True,91.8133405,91.912965
session-3-20261005-80000Hz-600mV,80000,SMILE_BOTH,138,cue_assumed,R6-R5,R8-R7,-93.0,-138.0,-87.0,-136.0,166.41213898030395,6.0,2.0,-0.03011591376882245,0.023182753764489226,3.8005372439118252,-2.983888925777334,1.36925751320289,True,91.913206,92.0108977
session-3-20261005-80000Hz-600mV,80000,SMILE_BOTH,139,cue_assumed,R6-R5,R4-R3,177.0,289.0,176.0,289.0,338.89526405661087,-1.0,0.0,-0.0015411406181976492,0.0025163256421419245,0.2950764162443281,-0.1537969789162763,0.14439707012628106,True,92.01112,92.1069222
session-3-20261005-80000Hz-600mV,80000,SMILE_BOTH,140,cue_assumed,R6-R5,R3-R2,-99.0,-151.0,-96.0,-149.0,180.5602392554906,3.0,2.0,-0.018373105944420588,0.007821606036439482,1.996868906649031,-1.8341945148825034,0.4565232817818936,True,92.107164,92.2060038
session-3-20261005-80000Hz-600mV,80000,SMILE_BOTH,141,cue_assumed,R6-R5,R2-R1,-25.0,-123.0,-35.0,-127.0,125.51493934986385,-10.0,-4.0,0.04709914942236892,-0.0717278151580551,8.58091448719701,4.955300399188833,-3.9187224384828188,True,92.2062745,92.3020456
session-3-20261005-80000Hz-600mV,80000,SMILE_BOTH,142,cue_assumed,R6-R5,R1-L1,-79.0,-56.0,-71.0,-54.0,96.83491106000976,8.0,2.0,-0.07934307347765811,0.030926735629732326,8.515742061378097,-7.8823774009404985,1.9239581146607208,True,92.3022585,92.4010385
session-3-20261005-80000Hz-600mV,80000,SMILE_BOTH,143,cue_assumed,R5-R4,L1-L2,21.0,57.0,22.0,57.0,60.74537019394976,1.0,0.0,0.005691056910569106,-0.015447154471544718,1.6462159944159827,0.5809682062747568,-0.8799791537615561,True,92.4012457,92.4980474
session-3-20261005-80000Hz-600mV,80000,SMILE_BOTH,144,cue_assumed,R5-R4,L2-L3,-11.0,-7.0,-12.0,-7.0,13.038404810405298,-1.0,0.0,0.06470588235294117,-0.04117647058823529,7.669649888473703,6.5501814943108805,-2.2147551273192243,False,92.4982643,92.5940368
session-3-20261005-80000Hz-600mV,80000,SMILE_BOTH,145,cue_assumed,R5-R4,L3-L4,38.0,42.0,37.0,40.0,56.639209034025185,-1.0,-2.0,-0.038029925187032416,-0.01059850374064838,3.9479152615929083,-3.797154245978396,-0.6312306180804964,True,92.59428,92.693054
session-3-20261005-80000Hz-600mV,80000,SMILE_BOTH,146,cue_assumed,R5-R4,L4-L5,-47.0,-45.0,-46.0,-43.0,65.06919393998976,1.0,2.0,-0.03235710911667455,-0.011572980632971184,3.436446407438227,-3.2287905336628175,-0.6852231743986457,True,92.6932653,92.788043
session-3-20261005-80000Hz-600mV,80000,SMILE_BOTH,147,cue_assumed,R5-R4,L5-L6,-16.0,4.0,-15.0,5.0,16.492422502470642,1.0,1.0,-0.044117647058823525,-0.07352941176470588,8.574929257125442,-4.129376394078688,-4.398705354995532,False,92.7883365,92.8871782
session-3-20261005-80000Hz-600mV,80000,SMILE_BOTH,148,cue_assumed,R5-R4,L6-L7,-17.0,-17.0,-14.0,-14.0,24.041630560342615,3.0,3.0,-0.1764705882352941,-0.0,17.64705882352941,-17.647058823529417,-0.0,False,92.8873854,92.9830301
session-3-20261005-80000Hz-600mV,80000,SMILE_BOTH,149,cue_assumed,R5-R4,L7-L8,-21.0,-10.0,-18.0,-7.0,23.259406699226016,3.0,3.0,-0.17190388170055454,-0.06099815157116451,18.24053700931445,-16.966033718862484,-4.212839554738375,False,92.9832423,93.0809552
session-3-20261005-80000Hz-600mV,80000,SMILE_BOTH,150,cue_assumed,R5-R4,L8-R8,-31.0,-31.0,-39.0,-37.0,43.840620433565945,-8.0,-6.0,0.22580645161290322,-0.03225806451612903,22.809896167307983,22.62308263708521,-1.5074357587749678,False,93.0811705,93.1790351
session-3-20261005-80000Hz-600mV,80000,SMILE_BOTH,151,cue_assumed,R5-R4,R8-R7,-40.0,-40.0,-43.0,-46.0,56.568542494923804,-3.0,-6.0,0.1125,0.037500000000000006,11.858541225631424,11.31318430446595,1.930587441166992,True,93.1792651,93.2780625
session-3-20261005-80000Hz-600mV,80000,SMILE_BOTH,152,cue_assumed,R5-R4,R7-R6,-53.0,-63.0,-41.0,-48.0,82.3286098510111,12.0,15.0,-0.2332546473886102,-0.005753909707878432,23.332560512149392,-23.323305807560345,-0.4299583329812413,True,93.2782692,93.375905
session-3-20261005-80000Hz-600mV,80000,SMILE_BOTH,153,cue_assumed,R5-R4,R3-R2,155.0,200.0,151.0,195.0,253.03161857759991,-4.0,-5.0,-0.02530261616556033,0.0003904724716907455,2.5305628891075265,-2.5302537952184956,0.022953199442351944,True,93.3761122,93.4759722
session-3-20261005-80000Hz-600mV,80000,SMILE_BOTH,154,cue_assumed,R5-R4,R2-R1,61.0,17.0,47.0,4.0,63.324560795950255,-14.0,-13.0,-0.2680798004987531,-0.13840399002493767,30.169926067240254,-25.51088382234836,-10.708029159049737,False,93.4762758,93.5720314
session-3-20261005-80000Hz-600mV,80000,SMILE_BOTH,155,cue_assumed,R5-R4,R1-L1,-35.0,2.0,-26.0,6.0,35.05709628591621,9.0,4.0,-0.2497965825874695,-0.12855980471928397,28.093763731803346,-23.886085970638725,-9.724128868732938,False,93.5722504,93.6720322
session-3-20261005-80000Hz-600mV,80000,SMILE_BOTH,156,cue_assumed,R4-R3,L1-L2,-29.0,-22.0,-28.0,-21.0,36.40054944640259,1.0,1.0,-0.038490566037735846,-0.0052830188679245296,3.8851434494290564,-3.8476052359176727,-0.3148088073891013,False,93.6722124,93.7710294
session-3-20261005-80000Hz-600mV,80000,SMILE_BOTH,157,cue_assumed,R4-R3,L2-L3,-11.0,-3.0,-12.0,-2.0,11.40175425099138,-1.0,1.0,0.06153846153846154,-0.1076923076923077,12.403473458920846,6.698713134767376,-5.792796495032158,False,93.7712141,93.8700494
session-3-20261005-80000Hz-600mV,80000,SMILE_BOTH,158,cue_assumed,R4-R3,L3-L4,-32.0,-26.0,-30.0,-24.0,41.23105625617661,2.0,2.0,-0.06823529411764705,-0.007058823529411764,6.859943405700353,-6.820855653335878,-0.43405063213940953,False,93.870252,93.9700338
session-3-20261005-80000Hz-600mV,80000,SMILE_BOTH,159,cue_assumed,R4-R3,L4-L5,2.0,23.0,1.0,21.0,23.08679276123039,-1.0,-2.0,-0.09005628517823638,0.03564727954971857,9.685485552825744,-8.935830719051395,2.243429734204038,False,93.9702543,94.0700981
session-3-20261005-80000Hz-600mV,80000,SMILE_BOTH,160,cue_assumed,R4-R3,L5-L6,2.0,-3.0,2.0,-4.0,3.605551275463989,0.0,-1.0,0.23076923076923078,-0.15384615384615385,27.735009811261456,24.034734589208462,-7.125016348901797,False,94.0703163,94.1690352
session-3-20261005-80000Hz-600mV,80000,SMILE_BOTH,161,cue_assumed,R4-R3,L6-L7,1.0,6.0,0.0,3.0,6.082762530298219,-1.0,-3.0,-0.5135135135135134,0.08108108108108107,51.987524491003626,-50.6803038083928,9.462322208025618,False,94.1692515,94.2669135
session-3-20261005-80000Hz-600mV,80000,SMILE_BOTH,162,cue_assumed,R4-R3,L7-L8,0.0,12.0,-2.0,9.0,12.0,-2.0,-3.0,-0.25,0.16666666666666666,30.046260628866577,-23.170462855892595,12.528807709151511,False,94.2671245,94.3648964
session-3-20261005-80000Hz-600mV,80000,SMILE_BOTH,163,cue_assumed,R4-R3,L8-R8,7.0,18.0,6.0,19.0,19.313207915827967,-1.0,1.0,0.02949061662198392,0.06702412868632708,7.3225202593821255,3.167008463891885,3.724937133410371,False,94.3650968,94.4619684
session-3-20261005-80000Hz-600mV,80000,SMILE_BOTH,164,cue_assumed,R4-R3,R8-R7,6.0,17.0,10.0,21.0,18.027756377319946,4.0,4.0,0.2830769230769231,-0.13538461538461538,31.378581622109447,29.019974601430775,-6.0233102336954225,False,94.4621958,94.5600627
session-3-20261005-80000Hz-600mV,80000,SMILE_BOTH,165,cue_assumed,R4-R3,R7-R6,5.0,19.0,1.0,13.0,19.6468827043885,-4.0,-6.0,-0.3471502590673575,0.11917098445595856,36.70354559259034,-33.63626684912754,10.344857481475204,False,94.5603534,94.6590357
session-3-20261005-80000Hz-600mV,80000,SMILE_BOTH,166,cue_assumed,R4-R3,R6-R5,191.0,265.0,191.0,266.0,326.65884344373717,0.0,1.0,0.0024834592244109984,0.0017899649504245308,0.3061297803719914,0.24850572417851602,0.10230326216729624,True,94.6592547,94.7581579
session-3-20261005-80000Hz-600mV,80000,SMILE_BOTH,167,cue_assumed,R4-R3,R2-R1,-258.0,-411.0,-259.0,-406.0,485.26796720987056,-1.0,5.0,-0.007631059303140328,-0.0072233900248423475,1.050763672473675,-0.7604770354442736,-0.4170449478202182,True,94.7583578,94.8581407
session-3-20261005-80000Hz-600mV,80000,SMILE_BOTH,168,cue_assumed,R4-R3,R1-L1,-85.0,-70.0,-77.0,-66.0,110.11357772772621,8.0,4.0,-0.07917525773195874,0.018144329896907212,8.122769321068949,-7.899651320941659,1.128834796660642,True,94.8583781,94.9579952
session-3-20261005-80000Hz-600mV,80000,SMILE_BOTH,169,cue_assumed,R3-R2,L1-L2,6.0,27.0,7.0,27.0,27.65863337187866,1.0,0.0,0.00784313725490196,-0.03529411764705882,3.615507630310936,0.8460938287788711,-2.0056473713886103,False,94.9582248,95.0670145
session-3-20261005-80000Hz-600mV,80000,SMILE_BOTH,170,cue_assumed,R3-R2,L2-L3,-19.0,-12.0,-20.0,-11.0,22.47220505424423,-1.0,1.0,0.013861386138613862,-0.061386138613861385,6.293167755275526,1.5718055523692875,-3.4648505716045697,False,95.067307,95.1648915
session-3-20261005-80000Hz-600mV,80000,SMILE_BOTH,171,cue_assumed,R3-R2,L3-L4,-18.0,2.0,-18.0,2.0,18.110770276274835,0.0,0.0,-0.0,-0.0,0.0,0.0,-3.4908526991672743e-16,False,95.1651396,95.2631003
session-3-20261005-80000Hz-600mV,80000,SMILE_BOTH,172,cue_assumed,R3-R2,L4-L5,2.0,-8.0,2.0,-8.0,8.246211251235321,0.0,0.0,-0.0,0.0,0.0,0.0,-0.0,False,95.2633387,95.3609201
session-3-20261005-80000Hz-600mV,80000,SMILE_BOTH,173,cue_assumed,R3-R2,L5-L6,-12.0,-1.0,-12.0,-1.0,12.041594578792296,0.0,0.0,-0.0,-0.0,0.0,0.0,2.632183184659462e-16,False,95.3611913,95.4592089
session-3-20261005-80000Hz-600mV,80000,SMILE_BOTH,174,cue_assumed,R3-R2,L6-L7,-9.0,-7.0,-7.0,-6.0,11.40175425099138,2.0,1.0,-0.19230769230769232,0.038461538461538464,19.611613513818405,-19.139245993736008,2.726310993906265,False,95.4594396,95.5619898
session-3-20261005-80000Hz-600mV,80000,SMILE_BOTH,175,cue_assumed,R3-R2,L7-L8,-11.0,1.0,-10.0,1.0,11.045361017187261,1.0,0.0,-0.0901639344262295,-0.008196721311475409,9.053574604251851,-9.012701300730097,-0.5161642297648363,False,95.5622072,95.6620356
session-3-20261005-80000Hz-600mV,80000,SMILE_BOTH,176,cue_assumed,R3-R2,L8-R8,-12.0,-6.0,-16.0,-8.0,13.416407864998739,-4.0,-2.0,0.3333333333333333,-0.0,33.33333333333333,33.33333333333333,-0.0,False,95.6622928,95.7621094
session-3-20261005-80000Hz-600mV,80000,SMILE_BOTH,177,cue_assumed,R3-R2,R8-R7,-16.0,-8.0,-15.0,-8.0,17.88854381999832,1.0,0.0,-0.05,0.025,5.5901699437494745,-4.967110956258947,1.507435758774968,False,95.7623029,95.8621702
session-3-20261005-80000Hz-600mV,80000,SMILE_BOTH,178,cue_assumed,R3-R2,R7-R6,-18.0,-10.0,-16.0,-7.0,20.591260281974,2.0,3.0,-0.15566037735849056,-0.08018867924528301,17.51010489931187,-15.186108293422285,-5.425226368420329,False,95.8623707,95.9610194
session-3-20261005-80000Hz-600mV,80000,SMILE_BOTH,179,cue_assumed,R3-R2,R6-R5,-137.0,-149.0,-136.0,-146.0,202.41047403728888,1.0,3.0,-0.01425433243836954,-0.006394923114474005,1.5623093000542116,-1.4233589455308837,-0.37169523213293204,True,95.9613252,96.0619432
session-3-20261005-80000Hz-600mV,80000,SMILE_BOTH,180,cue_assumed,R3-R2,R5-R4,177.0,213.0,172.0,207.0,276.9440376682625,-5.0,-6.0,-0.028201517640616444,3.911444887741527e-05,2.8201544765741318,-2.8201516853447184,0.0023061291802030487,True,96.0622557,96.1588948
session-3-20261005-80000Hz-600mV,80000,SMILE_BOTH,181,cue_assumed,R3-R2,R1-L1,-59.0,-34.0,-51.0,-30.0,68.09552114493287,8.0,4.0,-0.13111925814103947,0.007763640284666812,13.134890165481494,-13.108457391766414,0.5119367516583849,True,96.15914,96.2559053
session-3-20261005-80000Hz-600mV,80000,SMILE_BOTH,182,cue_assumed,R2-R1,L1-L2,-268.0,-223.0,-271.0,-233.0,348.644518098306,-3.0,-10.0,0.024960305381191743,0.016544223507441197,2.994541995341724,2.5093819578759335,0.9247498329356622,True,96.2561468,96.3550683
session-3-20261005-80000Hz-600mV,80000,SMILE_BOTH,183,cue_assumed,R2-R1,L2-L3,-26.0,2.0,-26.0,3.0,26.076809620810597,0.0,1.0,0.0029411764705882357,-0.03823529411764706,3.8348249442368525,0.3669737103032533,-2.183239300182479,False,96.3552957,96.4540301
session-3-20261005-80000Hz-600mV,80000,SMILE_BOTH,184,cue_assumed,R2-R1,L3-L4,-15.0,-14.0,-13.0,-14.0,20.518284528683193,2.0,0.0,-0.07125890736342043,0.0665083135391924,9.747403576571587,-6.888058074078652,4.09603040754343,False,96.4542311,96.552226
session-3-20261005-80000Hz-600mV,80000,SMILE_BOTH,185,cue_assumed,R2-R1,L4-L5,10.0,17.0,10.0,18.0,19.72308292331602,0.0,1.0,0.043701799485861184,0.02570694087403599,5.070201265633938,4.4018339426624475,1.4109408203827352,False,96.5524648,96.6480482
session-3-20261005-80000Hz-600mV,80000,SMILE_BOTH,186,cue_assumed,R2-R1,L5-L6,-24.0,3.0,-23.0,2.0,24.186773244895647,1.0,-1.0,-0.046153846153846156,0.035897435897435895,5.847053462046861,-4.54785957815762,2.155275620791494,False,96.6482586,96.748045
session-3-20261005-80000Hz-600mV,80000,SMILE_BOTH,187,cue_assumed,R2-R1,L6-L7,-8.0,-1.0,-7.0,-1.0,8.06225774829855,1.0,0.0,-0.12307692307692308,0.015384615384615385,12.403473458920846,-12.29419806929707,1.0050860052541812,False,96.7482521,96.8448961
session-3-20261005-80000Hz-600mV,80000,SMILE_BOTH,188,cue_assumed,R2-R1,L7-L8,-13.0,10.0,-15.0,6.0,16.401219466856727,-2.0,-4.0,-0.05204460966542751,0.26765799256505574,27.26709415746059,-1.498212044231062,15.767182542475684,False,96.8450876,96.9459619
session-3-20261005-80000Hz-600mV,80000,SMILE_BOTH,189,cue_assumed,R2-R1,L8-R8,-14.0,0.0,-20.0,-2.0,14.0,-6.0,-2.0,0.42857142857142855,0.14285714285714285,45.175395145262556,43.56965173029843,5.710593137499643,False,96.9462018,97.0422138
session-3-20261005-80000Hz-600mV,80000,SMILE_BOTH,190,cue_assumed,R2-R1,R8-R7,-24.0,-6.0,-17.0,-3.0,24.73863375370596,7.0,3.0,-0.30392156862745096,-0.049019607843137254,30.78493817275996,-30.219766081277466,-4.028263666485141,False,97.0424564,97.1419346
session-3-20261005-80000Hz-600mV,80000,SMILE_BOTH,191,cue_assumed,R2-R1,R7-R6,-35.0,-9.0,-32.0,-8.0,36.138621999185304,3.0,1.0,-0.08728943338437978,-0.006125574272588057,8.750410185091363,-8.726887799748173,-0.3845296595845049,False,97.1421631,97.2399191
session-3-20261005-80000Hz-600mV,80000,SMILE_BOTH,192,cue_assumed,R2-R1,R6-R5,-104.0,-92.0,-108.0,-95.0,138.85243966167826,-4.0,-3.0,0.03589211618257261,-0.0029045643153526963,3.600945011972984,3.5896188265537976,-0.16065267595625782,True,97.2404478,97.3379029
session-3-20261005-80000Hz-600mV,80000,SMILE_BOTH,193,cue_assumed,R2-R1,R5-R4,-1.0,8.0,-7.0,0.0,8.06225774829855,-6.0,-8.0,-0.8923076923076924,0.8615384615384616,124.03473458920845,-13.17568578755407,82.8749836510982,False,97.338121,97.4339315
session-3-20261005-80000Hz-600mV,80000,SMILE_BOTH,194,cue_assumed,R2-R1,R4-R3,-354.0,-295.0,-351.0,-301.0,460.8047308784926,3.0,-6.0,0.00333425951653237,0.014170602945262572,1.4557584770691565,0.3434323863510613,0.809163801029716,True,97.4341803,97.5340864
session-3-20261005-80000Hz-600mV,80000,SMILE_BOTH,195,cue_assumed,R1-L1,L2-L3,10.0,21.0,9.0,21.0,23.259406699226016,-1.0,0.0,-0.018484288354898334,0.038817005545286505,4.299335803923478,-1.771702034205369,2.2647545482234253,False,97.5343531,97.632028
session-3-20261005-80000Hz-600mV,80000,SMILE_BOTH,196,cue_assumed,R1-L1,L3-L4,-16.0,-26.0,-16.0,-27.0,30.528675044947494,0.0,-1.0,0.027896995708154505,0.017167381974248927,3.275608910402091,2.8040345895869567,0.9568342891960377,False,97.6323145,97.7290333
session-3-20261005-80000Hz-600mV,80000,SMILE_BOTH,197,cue_assumed,R1-L1,L4-L5,6.0,30.0,7.0,31.0,30.59411708155671,1.0,1.0,0.038461538461538464,-0.025641025641025647,4.622501635210243,3.8778046100238273,-1.4144232114021544,False,97.7292529,97.82794
session-3-20261005-80000Hz-600mV,80000,SMILE_BOTH,198,cue_assumed,R1-L1,L5-L6,-7.0,-6.0,-7.0,-6.0,9.219544457292887,0.0,0.0,-0.0,-0.0,0.0,0.0,1.5715681955466792e-15,False,97.8281141,97.9249375
session-3-20261005-80000Hz-600mV,80000,SMILE_BOTH,199,cue_assumed,R1-L1,L6-L7,-10.0,-7.0,-7.0,-4.0,12.206555615733702,3.0,3.0,-0.3422818791946308,-0.0604026845637584,34.757066781809534,-33.95141101141864,-5.247138901616436,False,97.9251542,98.0229396
session-3-20261005-80000Hz-600mV,80000,SMILE_BOTH,200,cue_assumed,R1-L1,L7-L8,-11.0,-2.0,-12.0,-4.0,11.180339887498949,-1.0,-2.0,0.12000000000000002,0.16,20.0,13.137084989847603,8.130102354155978,False,98.0231847,98.1210343
session-3-20261005-80000Hz-600mV,80000,SMILE_BOTH,201,cue_assumed,R1-L1,L8-R8,-16.0,-11.0,-20.0,-14.0,19.4164878389476,-4.0,-3.0,0.2572944297082228,0.010610079575596816,25.751310131230237,25.73391971794745,0.4834972108902608,False,98.1212406,98.2210519
session-3-20261005-80000Hz-600mV,80000,SMILE_BOTH,202,cue_assumed,R1-L1,R8-R7,-13.0,-6.0,-13.0,-7.0,14.317821063276353,0.0,-1.0,0.02926829268292683,0.06341463414634146,6.984302957695782,3.1219973694430303,3.5256151971744565,False,98.221274,98.3180581
session-3-20261005-80000Hz-600mV,80000,SMILE_BOTH,203,cue_assumed,R1-L1,R7-R6,-5.0,2.0,-3.0,4.0,5.385164807134504,2.0,2.0,-0.20689655172413793,-0.4827586206896552,52.522573143889026,-7.152330911474058,-31.328692867804172,False,98.3182581,98.4140953
session-3-20261005-80000Hz-600mV,80000,SMILE_BOTH,204,cue_assumed,R1-L1,R6-R5,-27.0,-17.0,-29.0,-17.0,31.906112267087632,-2.0,0.0,0.05304518664047152,-0.03339882121807466,6.268391408072227,5.357469899643186,-1.816607923344907,False,98.4143223,98.5118983
session-3-20261005-80000Hz-600mV,80000,SMILE_BOTH,205,cue_assumed,R1-L1,R5-R4,35.0,32.0,37.0,34.0,47.4236228055175,2.0,2.0,0.059582036460649176,0.002667852378835039,5.964173459175533,5.958539506092264,0.14426099480866883,False,98.5121121,98.6102001
session-3-20261005-80000Hz-600mV,80000,SMILE_BOTH,206,cue_assumed,R1-L1,R4-R3,-46.0,-20.0,-48.0,-21.0,50.15974481593781,-2.0,-1.0,0.044515103338632754,0.0023847376788553266,4.4578934476343255,4.451782563837159,0.13081205470472124,False,98.6104368,98.7089257
session-3-20261005-80000Hz-600mV,80000,SMILE_BOTH,207,cue_assumed,R1-L1,R3-R2,0.0,7.0,1.0,7.0,7.0,1.0,0.0,0.0,-0.14285714285714285,14.285714285714285,1.0152544552210818,-8.130102354155978,False,98.7091371,98.8079414
session-3-20261005-80000Hz-600mV,80000,PUFF_LEFT,0,cue_assumed,L1-L2,L3-L4,-166.0,-249.0,-173.0,-258.0,299.2607558635111,-7.0,-9.0,0.03799814643188137,-0.0027803521779425407,3.8099730845402155,3.8001870111154856,-0.15347047094501476,True,101.0052562,101.1021648
session-3-20261005-80000Hz-600mV,80000,PUFF_LEFT,1,cue_assumed,L1-L2,L4-L5,-64.0,-68.0,-67.0,-71.0,93.38094023943002,-3.0,-3.0,0.04541284403669724,-0.001376146788990826,4.54336899611537,4.5413749793296265,-0.07542221994558373,True,101.1024238,101.1999129
session-3-20261005-80000Hz-600mV,80000,PUFF_LEFT,2,cue_assumed,L1-L2,L5-L6,-51.0,-66.0,-52.0,-69.0,83.40863264674707,-1.0,-3.0,0.035791289348857266,0.01250539025442001,3.7913073980738705,3.5866777088822133,0.6917139384930041,True,101.2001593,101.2959077
session-3-20261005-80000Hz-600mV,80000,PUFF_LEFT,3,cue_assumed,L1-L2,L6-L7,-24.0,-39.0,-24.0,-40.0,45.79301256742124,0.0,-1.0,0.01859799713876967,0.011444921316165951,2.1837392736013945,1.8662292420332127,0.6437457141753823,False,101.2961504,101.396914
session-3-20261005-80000Hz-600mV,80000,PUFF_LEFT,4,cue_assumed,L1-L2,L7-L8,-18.0,-7.0,-17.0,-4.0,19.313207915827967,1.0,3.0,-0.10455764075067024,-0.1260053619302949,16.373653066597825,-9.573545354625889,-8.009985591946032,False,101.3971545,101.4949103
session-3-20261005-80000Hz-600mV,80000,PUFF_LEFT,5,cue_assumed,L1-L2,L8-R8,-7.0,1.0,-5.0,0.0,7.0710678118654755,2.0,-1.0,-0.29999999999999993,0.09999999999999999,31.622776601683782,-29.289321881345252,8.130102354155978,False,101.4951236,101.5940402
session-3-20261005-80000Hz-600mV,80000,PUFF_LEFT,6,cue_assumed,L1-L2,R8-R7,-3.0,3.0,-6.0,3.0,4.242640687119285,-3.0,0.0,0.5,0.5,70.71067811865476,58.11388300841895,18.43494882292201,False,101.5942608,101.6929184
session-3-20261005-80000Hz-600mV,80000,PUFF_LEFT,7,cue_assumed,L1-L2,R7-R6,5.0,22.0,7.0,22.0,22.561028345356956,2.0,0.0,0.019646365422396856,-0.08644400785854617,8.864844143558724,2.3304098014736097,-4.845858154643372,False,101.6931318,101.7899442
session-3-20261005-80000Hz-600mV,80000,PUFF_LEFT,8,cue_assumed,L1-L2,R6-R5,-10.0,-3.0,-12.0,-3.0,10.44030650891055,-2.0,0.0,0.18348623853211007,-0.055045871559633024,19.156525704423025,18.476568348793833,-2.6630007660671424,False,101.7901714,101.8879272
session-3-20261005-80000Hz-600mV,80000,PUFF_LEFT,9,cue_assumed,L1-L2,R5-R4,34.0,50.0,35.0,50.0,60.4648658313239,1.0,0.0,0.009299781181619256,-0.013676148796498906,1.6538530041390564,0.9392433763582453,-0.7763180661212604,True,101.8881297,101.9841144
session-3-20261005-80000Hz-600mV,80000,PUFF_LEFT,10,cue_assumed,L1-L2,R4-R3,-37.0,-27.0,-37.0,-26.0,45.803929962395145,0.0,1.0,-0.012869399428026692,-0.01763584366062917,2.1832187779978622,-1.2711873074933266,-1.023524062453632,False,101.9843395,102.0811619
session-3-20261005-80000Hz-600mV,80000,PUFF_LEFT,11,cue_assumed,L1-L2,R3-R2,16.0,20.0,16.0,20.0,25.612496949731394,0.0,0.0,0.0,0.0,0.0,0.0,1.5514900885187889e-15,False,102.0813918,102.1811949
session-3-20261005-80000Hz-600mV,80000,PUFF_LEFT,12,cue_assumed,L1-L2,R2-R1,-222.0,-300.0,-230.0,-304.0,373.2077169620157,-8.0,-4.0,0.021366416817437756,-0.010855518221762731,2.3965935063742236,2.142410372888448,-0.6089410712138726,True,102.1814087,102.2819083
session-3-20261005-80000Hz-600mV,80000,PUFF_LEFT,13,cue_assumed,L2-L3,L4-L5,138.0,206.0,133.0,199.0,247.95160818191923,-5.0,-7.0,-0.0346779440468445,0.001040988939492517,3.46935651279632,-3.4677382753517283,0.06178689201651967,True,102.282152,102.3811238
session-3-20261005-80000Hz-600mV,80000,PUFF_LEFT,14,cue_assumed,L2-L3,L5-L6,-95.0,-131.0,-92.0,-127.0,161.82088863926066,3.0,4.0,-0.030894371037959212,0.0004964484839227071,3.089835955076389,-3.0894243878920036,0.029351186842991626,True,102.3813664,102.4801144
session-3-20261005-80000Hz-600mV,80000,PUFF_LEFT,15,cue_assumed,L2-L3,L6-L7,-21.0,-35.0,-20.0,-33.0,40.8166632639171,1.0,2.0,-0.0546218487394958,-0.0042016806722689065,5.478321348909789,-5.4612511717443635,-0.2546462322728545,False,102.4803332,102.5769207
session-3-20261005-80000Hz-600mV,80000,PUFF_LEFT,16,cue_assumed,L2-L3,L7-L8,-16.0,-10.0,-17.0,-10.0,18.867962264113206,-1.0,0.0,0.0449438202247191,-0.028089887640449437,5.2999894000318,4.532130429523096,-1.5398382886236164,False,102.577152,102.6747486
session-3-20261005-80000Hz-600mV,80000,PUFF_LEFT,17,cue_assumed,L2-L3,L8-R8,-12.0,-10.0,-9.0,-9.0,15.620499351813308,3.0,1.0,-0.18852459016393447,0.0737704918032787,20.244408254472905,-18.517828561733307,5.194428907734804,False,102.6749127,102.7751845
session-3-20261005-80000Hz-600mV,80000,PUFF_LEFT,18,cue_assumed,L2-L3,R8-R7,-9.0,-4.0,-10.0,-4.0,9.848857801796104,-1.0,0.0,0.09278350515463916,-0.04123711340206185,10.153461651336189,9.356128710730882,-2.1610794882263704,False,102.7754347,102.8740415
session-3-20261005-80000Hz-600mV,80000,PUFF_LEFT,19,cue_assumed,L2-L3,R7-R6,-7.0,2.0,-6.0,2.0,7.280109889280518,1.0,0.0,-0.1320754716981132,-0.03773584905660377,13.736056394868903,-13.12555144738613,-2.489552921999157,False,102.8742482,102.9748973
session-3-20261005-80000Hz-600mV,80000,PUFF_LEFT,20,cue_assumed,L2-L3,R6-R5,-15.0,-10.0,-15.0,-9.0,18.027756377319946,0.0,1.0,-0.030769230769230764,-0.04615384615384615,5.54700196225229,-2.9670951924832156,-2.726310993906264,False,102.9751072,103.0710358
session-3-20261005-80000Hz-600mV,80000,PUFF_LEFT,21,cue_assumed,L2-L3,R5-R4,5.0,2.0,6.0,2.0,5.385164807134504,1.0,0.0,0.1724137931034483,-0.06896551724137932,18.56953381770519,17.44404390294072,-3.366460663429802,False,103.0712384,103.170032
session-3-20261005-80000Hz-600mV,80000,PUFF_LEFT,22,cue_assumed,L2-L3,R4-R3,-16.0,3.0,-16.0,3.0,16.278820596099706,0.0,0.0,-0.0,-0.0,0.0,0.0,-0.0,False,103.1702263,103.2680487
session-3-20261005-80000Hz-600mV,80000,PUFF_LEFT,23,cue_assumed,L2-L3,R3-R2,-6.0,-4.0,-5.0,-3.0,7.211102550927978,1.0,1.0,-0.1923076923076923,-0.03846153846153847,19.6116135138184,-19.13924599373602,-2.726310993906264,False,103.2682739,103.3659138
session-3-20261005-80000Hz-600mV,80000,PUFF_LEFT,24,cue_assumed,L2-L3,R2-R1,42.0,30.0,38.0,28.0,51.61395160225576,-4.0,-2.0,-0.08558558558558559,0.013513513513513513,8.664587415167272,-8.548573748883715,0.8466740238615045,False,103.3661269,103.465909
session-3-20261005-80000Hz-600mV,80000,PUFF_LEFT,25,cue_assumed,L2-L3,R1-L1,-33.0,4.0,-28.0,5.0,33.24154027718932,5.0,1.0,-0.14570135746606336,-0.04796380090497737,15.33929977694741,-14.435597540064627,-3.2134445363731348,False,103.4661376,103.5648961
session-3-20261005-80000Hz-600mV,80000,PUFF_LEFT,26,cue_assumed,L3-L4,L1-L2,-218.0,-245.0,-225.0,-255.0,327.9466420014085,-7.0,-10.0,0.036969195436498715,0.004323610633292732,3.722116360527112,3.697820897699078,0.23889157665456595,True,103.5650992,103.6630387
session-3-20261005-80000Hz-600mV,80000,PUFF_LEFT,27,cue_assumed,L3-L4,L5-L6,144.0,207.0,144.0,206.0,252.1606630701942,0.0,-1.0,-0.0032554847841472045,-0.002264685067232838,0.3965725612490276,-0.3252912012611242,-0.1301804735465085,True,103.6632553,103.7599033
session-3-20261005-80000Hz-600mV,80000,PUFF_LEFT,28,cue_assumed,L3-L4,L6-L7,14.0,23.0,16.0,21.0,26.92582403567252,2.0,-2.0,-0.02482758620689655,-0.10206896551724139,10.504514628777804,-1.950047917154607,-5.975255410179263,False,103.7600989,103.8570676
session-3-20261005-80000Hz-600mV,80000,PUFF_LEFT,29,cue_assumed,L3-L4,L7-L8,7.0,22.0,5.0,24.0,23.08679276123039,-2.0,2.0,0.056285178236397754,0.10881801125703564,12.251277836633776,6.187557526097898,5.881835287909478,False,103.8572688,103.9559319
session-3-20261005-80000Hz-600mV,80000,PUFF_LEFT,30,cue_assumed,L3-L4,L8-R8,9.0,20.0,10.0,17.0,21.93171219946131,1.0,-3.0,-0.10602910602910601,-0.0977130977130977,14.418745018211808,-10.070482669381086,-6.237799601505709,False,103.9561348,104.0549554
session-3-20261005-80000Hz-600mV,80000,PUFF_LEFT,31,cue_assumed,L3-L4,R8-R7,0.0,9.0,-3.0,8.0,9.0,-3.0,-1.0,-0.1111111111111111,0.3333333333333333,35.136418446315325,-5.06662505202744,20.556045219583467,False,104.0551824,104.1600442
session-3-20261005-80000Hz-600mV,80000,PUFF_LEFT,32,cue_assumed,L3-L4,R7-R6,6.0,23.0,6.0,22.0,23.769728648009426,0.0,-1.0,-0.04070796460176991,-0.010619469026548672,4.207031619116712,-4.064918705361742,-0.6342447144261203,False,104.1603187,104.2590436
session-3-20261005-80000Hz-600mV,80000,PUFF_LEFT,33,cue_assumed,L3-L4,R6-R5,-11.0,-8.0,-13.0,-8.0,13.601470508735444,-2.0,0.0,0.11891891891891891,-0.08648648648648648,14.704292441876154,12.225641430978662,-4.419871138854705,False,104.2593153,104.3569386
session-3-20261005-80000Hz-600mV,80000,PUFF_LEFT,34,cue_assumed,L3-L4,R5-R4,38.0,43.0,36.0,41.0,57.38466694161429,-2.0,-2.0,-0.04919526267840875,0.0030367446097783173,4.928890024967745,-4.919041321040229,0.18299452153788157,True,104.357138,104.4530386
session-3-20261005-80000Hz-600mV,80000,PUFF_LEFT,35,cue_assumed,L3-L4,R4-R3,-51.0,-28.0,-50.0,-26.0,58.180752831155424,1.0,2.0,-0.031610044313146235,-0.021861152141802065,3.8433122101204393,-3.136332082242854,-1.293217712566666,True,104.4532463,104.5500867
session-3-20261005-80000Hz-600mV,80000,PUFF_LEFT,36,cue_assumed,L3-L4,R3-R2,-18.0,1.0,-18.0,1.0,18.027756377319946,0.0,0.0,-0.0,-0.0,0.0,0.0,-1.7615379774259476e-16,False,104.5503634,104.6499041
session-3-20261005-80000Hz-600mV,80000,PUFF_LEFT,37,cue_assumed,L3-L4,R2-R1,39.0,-6.0,34.0,-8.0,39.45883931389772,-5.0,-2.0,-0.11753371868978807,-0.06936416184971099,13.64754995527151,-11.481181401998652,-4.494357652631996,False,104.650312,104.7480488
session-3-20261005-80000Hz-600mV,80000,PUFF_LEFT,38,cue_assumed,L3-L4,R1-L1,-97.0,-77.0,-91.0,-74.0,123.84667940643382,6.0,3.0,-0.053005606989177216,0.0111487808058417,5.416539195600652,-5.293998304891279,0.6745009080680496,True,104.7482532,104.8430673
session-3-20261005-80000Hz-600mV,80000,PUFF_LEFT,39,cue_assumed,L4-L5,L1-L2,-59.0,-48.0,-61.0,-51.0,76.05918747922567,-2.0,-3.0,0.04528954191875541,0.01400172860847018,4.740454631399773,4.538331479354807,0.7674351906565152,True,104.8432956,104.9422063
session-3-20261005-80000Hz-600mV,80000,PUFF_LEFT,40,cue_assumed,L4-L5,L2-L3,126.0,205.0,122.0,199.0,240.62626623043462,-4.0,-6.0,-0.02994766929759417,0.0011053349683079743,2.9968060693849194,-2.994703955579703,0.06528616984762366,True,104.9424234,105.0379075
session-3-20261005-80000Hz-600mV,80000,PUFF_LEFT,41,cue_assumed,L4-L5,L6-L7,-84.0,-154.0,-83.0,-152.0,175.41949720598336,1.0,2.0,-0.012738853503184714,-0.0004549590536851679,1.2746975183004459,-1.2738748673915445,-0.026403583160016807,True,105.0381139,105.1480464
session-3-20261005-80000Hz-600mV,80000,PUFF_LEFT,42,cue_assumed,L4-L5,L7-L8,-44.0,-50.0,-44.0,-50.0,66.60330322138685,0.0,0.0,-0.0,-0.0,0.0,0.0,1.4339741575579427e-16,True,105.1482601,105.2439411
session-3-20261005-80000Hz-600mV,80000,PUFF_LEFT,43,cue_assumed,L4-L5,L8-R8,-30.0,-37.0,-26.0,-35.0,47.634021455258214,4.0,2.0,-0.0855002203613927,0.03878360511238431,9.38853327594895,-8.467819047912172,2.428438086139382,False,105.2441683,105.3419121
session-3-20261005-80000Hz-600mV,80000,PUFF_LEFT,44,cue_assumed,L4-L5,R8-R7,-17.0,-14.0,-18.0,-11.0,22.02271554554524,-1.0,3.0,-0.05154639175257732,-0.13402061855670103,14.35916317235476,-4.2124343562340965,-8.04289423350531,False,105.3421441,105.4381066
session-3-20261005-80000Hz-600mV,80000,PUFF_LEFT,45,cue_assumed,L4-L5,R7-R6,-15.0,-12.0,-13.0,-10.0,19.209372712298546,2.0,2.0,-0.14634146341463414,-0.01626016260162601,14.724203476646206,-14.61866187667823,-1.0912162252625994,False,105.4383185,105.5348954
session-3-20261005-80000Hz-600mV,80000,PUFF_LEFT,46,cue_assumed,L4-L5,R6-R5,-4.0,-3.0,-4.0,-2.0,5.0,0.0,1.0,-0.12,-0.16,20.0,-10.557280900008404,-10.304846468766033,False,105.5351085,105.6339623
session-3-20261005-80000Hz-600mV,80000,PUFF_LEFT,47,cue_assumed,L4-L5,R5-R4,-27.0,-29.0,-25.0,-26.0,39.6232255123179,2.0,3.0,-0.08980891719745224,-0.01464968152866242,9.09959052763918,-8.969103026380875,-0.9221057748117996,False,105.6341807,105.7301939
session-3-20261005-80000Hz-600mV,80000,PUFF_LEFT,48,cue_assumed,L4-L5,R4-R3,-1.0,35.0,-3.0,33.0,35.014282800023196,-2.0,-2.0,-0.055464926590538324,0.058727569331158226,8.077923917220192,-5.364096015298559,3.557851866118088,False,105.7304067,105.8291092
session-3-20261005-80000Hz-600mV,80000,PUFF_LEFT,49,cue_assumed,L4-L5,R3-R2,18.0,6.0,17.0,6.0,18.973665961010276,-1.0,0.0,-0.05,0.016666666666666666,5.2704627669473,-4.985381241738507,1.0050860052541821,False,105.8293134,105.9281867
session-3-20261005-80000Hz-600mV,80000,PUFF_LEFT,50,cue_assumed,L4-L5,R2-R1,97.0,62.0,89.0,60.0,115.12167476196652,-8.0,-2.0,-0.06790915264468422,0.022787293442994037,7.16303968673645,-6.763064804445252,1.4004597557341776,True,105.9283973,106.0290814
session-3-20261005-80000Hz-600mV,80000,PUFF_LEFT,51,cue_assumed,L4-L5,R1-L1,-38.0,25.0,-31.0,26.0,45.48626166217664,7.0,1.0,-0.1164813919768004,-0.10294828419526343,15.545502209836048,-11.050380554945537,-6.646178898487189,False,106.0292615,106.1279837
session-3-20261005-80000Hz-600mV,80000,PUFF_LEFT,52,cue_assumed,L5-L6,L1-L2,-57.0,-68.0,-58.0,-71.0,88.72992730753249,-1.0,-3.0,0.03315127651467039,0.013082687666709003,3.563935817515232,3.3234105554243554,0.7254917493167456,True,106.1282081,106.2270534
session-3-20261005-80000Hz-600mV,80000,PUFF_LEFT,53,cue_assumed,L5-L6,L2-L3,-104.0,-142.0,-102.0,-138.0,176.0113632695344,2.0,4.0,-0.025048418334409298,-0.004260813428018077,2.5408222923375634,-2.503910790057573,-0.25039712443733136,True,106.2272698,106.3259215
session-3-20261005-80000Hz-600mV,80000,PUFF_LEFT,54,cue_assumed,L5-L6,L3-L4,149.0,228.0,148.0,227.0,272.3692346796899,-1.0,-1.0,-0.005081889869919794,0.0010649053043068003,0.519226616778591,-0.5081319962220499,0.061326209259285516,True,106.3261474,106.4239641
session-3-20261005-80000Hz-600mV,80000,PUFF_LEFT,55,cue_assumed,L5-L6,L7-L8,-97.0,-150.0,-90.0,-139.0,178.63090438107287,7.0,11.0,-0.07298881193393712,-0.000532765050612677,7.299075630603369,-7.298865884054429,-0.032928605290186666,True,106.4241937,106.5211018
session-3-20261005-80000Hz-600mV,80000,PUFF_LEFT,56,cue_assumed,L5-L6,L8-R8,-29.0,-44.0,-34.0,-55.0,52.69724850502159,-5.0,-11.0,0.2265034209578682,0.035649981994958585,22.92917811912545,22.70214190622728,1.664910618427479,True,106.5213399,106.6229494
session-3-20261005-80000Hz-600mV,80000,PUFF_LEFT,57,cue_assumed,L5-L6,R8-R7,-13.0,-11.0,-17.0,-13.0,17.029386365926403,-4.0,-2.0,0.25517241379310346,-0.06206896551724138,26.26128657194451,25.67061489574982,-2.831001677865267,False,106.6232268,106.7230384
session-3-20261005-80000Hz-600mV,80000,PUFF_LEFT,58,cue_assumed,L5-L6,R7-R6,-3.0,0.0,-2.0,-1.0,3.0,1.0,-1.0,-0.3333333333333333,0.3333333333333333,47.14045207910317,-25.46440075000701,26.56505117707799,False,106.7236894,106.8229806
session-3-20261005-80000Hz-600mV,80000,PUFF_LEFT,59,cue_assumed,L5-L6,R6-R5,-45.0,-3.0,-47.0,-3.0,45.09988913511872,-2.0,0.0,0.04424778761061947,-0.0029498525073746312,4.4346007015849285,4.425195406065119,-0.1618520539840186,False,106.8232336,106.9219253
session-3-20261005-80000Hz-600mV,80000,PUFF_LEFT,60,cue_assumed,L5-L6,R5-R4,-4.0,5.0,-3.0,5.0,6.4031242374328485,1.0,0.0,-0.09756097560975611,-0.12195121951219513,15.617376188860607,-8.935830719051374,-7.696051722016571,False,106.9222948,107.0188894
session-3-20261005-80000Hz-600mV,80000,PUFF_LEFT,61,cue_assumed,L5-L6,R4-R3,-5.0,-3.0,-5.0,-3.0,5.830951894845301,0.0,0.0,-0.0,-0.0,0.0,0.0,9.354572592539755e-16,False,107.0191891,107.118038
session-3-20261005-80000Hz-600mV,80000,PUFF_LEFT,62,cue_assumed,L5-L6,R3-R2,-2.0,-2.0,-2.0,-2.0,2.8284271247461903,0.0,0.0,-0.0,-0.0,0.0,0.0,-0.0,False,107.1182882,107.2160477
session-3-20261005-80000Hz-600mV,80000,PUFF_LEFT,63,cue_assumed,L5-L6,R2-R1,39.0,10.0,35.0,8.0,40.26164427839479,-4.0,-2.0,-0.10857495373226404,-0.02344231955582974,11.107683342678127,-10.826676889352571,-1.5063930314781266,False,107.2163645,107.3149657
session-3-20261005-80000Hz-600mV,80000,PUFF_LEFT,64,cue_assumed,L5-L6,R1-L1,-58.0,-39.0,-55.0,-38.0,69.8927750200262,3.0,1.0,-0.04360286591606961,0.012077789150460594,4.524470031791269,-4.352660723116886,0.7235169749459381,True,107.3152389,107.4119387
session-3-20261005-80000Hz-600mV,80000,PUFF_LEFT,65,cue_assumed,L6-L7,L1-L2,-25.0,-31.0,-25.0,-30.0,39.824615503479755,0.0,1.0,-0.019546027742749057,-0.015762925598991173,2.5110098047591274,-1.9419324309079888,-0.9210746585506029,False,107.4121771,107.5108955
session-3-20261005-80000Hz-600mV,80000,PUFF_LEFT,66,cue_assumed,L6-L7,L2-L3,-29.0,-34.0,-29.0,-32.0,44.68780594300866,0.0,2.0,-0.03405107661492238,-0.02904356534802203,4.475493835053445,-3.361454311599066,-1.7222158236954246,False,107.5111744,107.6089136
session-3-20261005-80000Hz-600mV,80000,PUFF_LEFT,67,cue_assumed,L6-L7,L3-L4,23.0,33.0,23.0,32.0,40.22437072223753,0.0,-1.0,-0.020395550061804695,-0.014215080346106303,2.486055050818141,-2.029241768374568,-0.8313630560006994,False,107.6091686,107.7048888
session-3-20261005-80000Hz-600mV,80000,PUFF_LEFT,68,cue_assumed,L6-L7,L4-L5,-104.0,-172.0,-103.0,-166.0,200.9975124224178,1.0,6.0,-0.028118811881188123,-0.011188118811881188,3.026287468431273,-2.805441622394189,-0.6595494199958672,True,107.7051426,107.8040355
session-3-20261005-80000Hz-600mV,80000,PUFF_LEFT,69,cue_assumed,L6-L7,L8-R8,-155.0,-252.0,-194.0,-295.0,295.8530040408581,-39.0,-43.0,0.19286179437672088,-0.036136594728604234,19.621805525686966,19.340903045109826,-1.7351895621733655,True,107.8042403,107.9020697
session-3-20261005-80000Hz-600mV,80000,PUFF_LEFT,70,cue_assumed,L6-L7,R8-R7,-21.0,-46.0,-33.0,-56.0,50.566787519082126,-12.0,-10.0,0.2784513101290575,-0.13375048885412594,30.8908279884671,28.542870111080898,-5.972508929537762,True,107.902266,107.9990418
session-3-20261005-80000Hz-600mV,80000,PUFF_LEFT,71,cue_assumed,L6-L7,R7-R6,-27.0,-25.0,-32.0,-30.0,36.796738985948195,-5.0,-5.0,0.19202363367799113,0.007385524372230428,19.2165610506022,19.20465130258695,0.35498789577120937,False,107.9993143,108.0969039
session-3-20261005-80000Hz-600mV,80000,PUFF_LEFT,72,cue_assumed,L6-L7,R6-R5,-10.0,-14.0,-12.0,-15.0,17.204650534085253,-2.0,-1.0,0.11486486486486489,-0.06081081081081081,12.996881122750912,11.652210977733057,-3.1221304621157078,False,108.0971247,108.1949915
session-3-20261005-80000Hz-600mV,80000,PUFF_LEFT,73,cue_assumed,L6-L7,R5-R4,-4.0,-11.0,-5.0,-11.0,11.704699910719626,-1.0,0.0,0.029197080291970802,-0.08029197080291971,8.54357657716761,3.23242856084196,-4.460848258516557,False,108.1952785,108.2930692
session-3-20261005-80000Hz-600mV,80000,PUFF_LEFT,74,cue_assumed,L6-L7,R4-R3,-7.0,14.0,-7.0,14.0,15.652475842498529,0.0,0.0,0.0,-0.0,0.0,0.0,0.0,False,108.293293,108.3919709
session-3-20261005-80000Hz-600mV,80000,PUFF_LEFT,75,cue_assumed,L6-L7,R3-R2,1.0,-1.0,1.0,-1.0,1.4142135623730951,0.0,0.0,0.0,0.0,0.0,0.0,0.0,False,108.3921802,108.487952
session-3-20261005-80000Hz-600mV,80000,PUFF_LEFT,76,cue_assumed,L6-L7,R2-R1,56.0,20.0,53.0,19.0,59.464274989274024,-3.0,-1.0,-0.053167420814479636,0.001131221719457014,5.317945372643964,-5.316674505503183,0.06845370639374021,False,108.4881856,108.5880558
session-3-20261005-80000Hz-600mV,80000,PUFF_LEFT,77,cue_assumed,L6-L7,R1-L1,-61.0,-26.0,-58.0,-26.0,66.30987860040162,3.0,0.0,-0.041619285876734136,0.01773936775073914,4.524212776920738,-4.145512448732125,1.0604082876133805,False,108.5882582,108.6859047
session-3-20261005-80000Hz-600mV,80000,PUFF_LEFT,78,cue_assumed,L7-L8,L1-L2,-17.0,-5.0,-14.0,-2.0,17.72004514666935,3.0,3.0,-0.21019108280254778,-0.11464968152866242,23.942606534028666,-20.19131155323779,-8.259437979878804,False,108.6861398,108.7838942
session-3-20261005-80000Hz-600mV,80000,PUFF_LEFT,79,cue_assumed,L7-L8,L2-L3,-21.0,-16.0,-21.0,-17.0,26.40075756488817,0.0,-1.0,0.022955523672883785,0.03012912482065997,3.7877700953928506,2.3399124279146033,1.687045764522046,False,108.7841094,108.8800364
session-3-20261005-80000Hz-600mV,80000,PUFF_LEFT,80,cue_assumed,L7-L8,L3-L4,18.0,24.0,18.0,26.0,30.0,0.0,2.0,0.05333333333333334,0.04,6.666666666666668,5.409255338945984,2.174744114610053,False,108.8802415,108.9858941
session-3-20261005-80000Hz-600mV,80000,PUFF_LEFT,81,cue_assumed,L7-L8,L4-L5,-57.0,-68.0,-56.0,-69.0,88.72992730753249,1.0,-1.0,0.001397180236250476,0.015877048139209957,1.593840551082069,0.15230368008158912,0.908342517696071,True,108.9861947,109.082035
session-3-20261005-80000Hz-600mV,80000,PUFF_LEFT,82,cue_assumed,L7-L8,L5-L6,-108.0,-153.0,-99.0,-143.0,187.27786842016332,9.0,10.0,-0.07133692584039004,0.008468052347959967,7.183776791441324,-7.129831850149804,0.5224394369587477,True,109.0822748,109.1790479
session-3-20261005-80000Hz-600mV,80000,PUFF_LEFT,83,cue_assumed,L7-L8,R8-R7,-69.0,-101.0,-77.0,-110.0,122.31925441237777,-8.0,-9.0,0.09764737334580939,-0.012498329100387645,9.844398281072076,9.771852696547656,-0.6523684930939934,True,109.1792462,109.2759465
session-3-20261005-80000Hz-600mV,80000,PUFF_LEFT,84,cue_assumed,L7-L8,R7-R6,-33.0,-51.0,-34.0,-54.0,60.74537019394976,-1.0,-3.0,0.050406504065040644,0.013008130081300815,5.205792062953535,5.048704667423309,0.7095089882746509,True,109.2762053,109.3760942
session-3-20261005-80000Hz-600mV,80000,PUFF_LEFT,85,cue_assumed,L7-L8,R6-R5,-7.0,-20.0,-8.0,-22.0,21.18962010041709,-1.0,-2.0,0.10467706013363029,-0.0133630289532294,10.552657229828181,10.475788194892965,-0.6930603027112457,False,109.3762797,109.4720429
session-3-20261005-80000Hz-600mV,80000,PUFF_LEFT,86,cue_assumed,L7-L8,R5-R4,-6.0,-12.0,-6.0,-12.0,13.416407864998739,0.0,0.0,-0.0,-0.0,0.0,0.0,-0.0,False,109.4725457,109.5710401
session-3-20261005-80000Hz-600mV,80000,PUFF_LEFT,87,cue_assumed,L7-L8,R4-R3,-5.0,13.0,-6.0,12.0,13.92838827718412,-1.0,-1.0,-0.041237113402061855,0.09278350515463916,10.153461651336189,-3.6758051398096625,5.52754015165617,False,109.571266,109.6710359
session-3-20261005-80000Hz-600mV,80000,PUFF_LEFT,88,cue_assumed,L7-L8,R3-R2,1.0,0.0,1.0,-1.0,1.0,0.0,-1.0,0.0,-1.0,100.0,41.42135623730952,-45.0,False,109.6712404,109.7700426
session-3-20261005-80000Hz-600mV,80000,PUFF_LEFT,89,cue_assumed,L7-L8,R2-R1,52.0,19.0,45.0,14.0,55.362442142665635,-7.0,-5.0,-0.1497553017944535,-0.041435562805872767,15.538196896869108,-14.874624659172275,-2.7900274927220843,False,109.770266,109.8732229
session-3-20261005-80000Hz-600mV,80000,PUFF_LEFT,90,cue_assumed,L7-L8,R1-L1,-59.0,-33.0,-54.0,-34.0,67.60177512462228,5.0,-1.0,-0.05733041575492341,0.04901531728665207,7.542730208182939,-5.605696867369325,2.9764872442286405,True,109.8734918,109.9709108
session-3-20261005-80000Hz-600mV,80000,PUFF_LEFT,91,cue_assumed,L8-R8,L1-L2,-9.0,9.0,-10.0,7.0,12.727922061357855,-1.0,-2.0,-0.05555555555555555,0.16666666666666666,17.568209223157663,-4.096241657599641,10.007979801441337,False,109.9711629,110.0710341
session-3-20261005-80000Hz-600mV,80000,PUFF_LEFT,92,cue_assumed,L8-R8,L2-L3,-20.0,-14.0,-20.0,-13.0,24.413111231467404,0.0,1.0,-0.023489932885906038,-0.03355704697986577,4.096159602595202,-2.291352144388903,-1.968152642762015,False,110.0712621,110.1689677
session-3-20261005-80000Hz-600mV,80000,PUFF_LEFT,93,cue_assumed,L8-R8,L3-L4,18.0,24.0,15.0,20.0,30.0,-3.0,-4.0,-0.16666666666666669,0.0,16.666666666666668,-16.666666666666664,0.0,False,110.1692095,110.2680508
session-3-20261005-80000Hz-600mV,80000,PUFF_LEFT,94,cue_assumed,L8-R8,L4-L5,-45.0,-50.0,-43.0,-46.0,67.26812023536856,2.0,4.0,-0.06408839779005525,-0.017679558011049725,6.648224953145336,-6.392142748450224,-1.0822000630163475,True,110.2682828,110.3638961
session-3-20261005-80000Hz-600mV,80000,PUFF_LEFT,95,cue_assumed,L8-R8,L5-L6,-37.0,-41.0,-44.0,-51.0,55.226805085936306,-7.0,-10.0,0.21934426229508197,0.02721311475409836,22.1025923855989,21.96478932899271,1.2785050763128727,True,110.3641268,110.4639731
session-3-20261005-80000Hz-600mV,80000,PUFF_LEFT,96,cue_assumed,L8-R8,L6-L7,-175.0,-254.0,-218.0,-295.0,308.4493475434824,-43.0,-41.0,0.1885517284871927,-0.03938365163283968,19.262093949372407,18.920405452799827,-1.8978489847723337,True,110.4641914,110.5610462
session-3-20261005-80000Hz-600mV,80000,PUFF_LEFT,97,cue_assumed,L8-R8,R7-R6,-167.0,-276.0,-156.0,-256.0,322.59107241211746,11.0,20.0,-0.07069619949070292,-0.002921251141113728,7.075652853736342,-7.069160804969976,-0.18010774290305995,True,110.561243,110.6599173
session-3-20261005-80000Hz-600mV,80000,PUFF_LEFT,98,cue_assumed,L8-R8,R6-R5,-32.0,-63.0,-31.0,-62.0,70.66116330771806,1.0,1.0,-0.019026637292209093,0.006208692169036652,2.0014014717171036,-1.900698972893744,0.36262667396251236,True,110.6601347,110.7569298
session-3-20261005-80000Hz-600mV,80000,PUFF_LEFT,99,cue_assumed,L8-R8,R5-R4,-18.0,-34.0,-18.0,-34.0,38.47076812334269,0.0,0.0,-0.0,-0.0,0.0,0.0,2.9226718694529616e-16,False,110.7571442,110.8551259
session-3-20261005-80000Hz-600mV,80000,PUFF_LEFT,100,cue_assumed,L8-R8,R4-R3,-2.0,22.0,-2.0,23.0,22.090722034374522,0.0,1.0,0.04508196721311475,-0.004098360655737704,4.526787302125926,4.509000318350509,-0.22468817962450244,False,110.8552953,110.9540369
session-3-20261005-80000Hz-600mV,80000,PUFF_LEFT,101,cue_assumed,L8-R8,R3-R2,-2.0,-5.0,-1.0,-5.0,5.385164807134504,1.0,0.0,-0.06896551724137932,0.1724137931034483,18.56953381770519,-5.313584705200114,10.491477012331599,False,110.9542331,111.0522042
session-3-20261005-80000Hz-600mV,80000,PUFF_LEFT,102,cue_assumed,L8-R8,R2-R1,50.0,9.0,49.0,11.0,50.80354318352215,-1.0,2.0,-0.01239829523440527,0.04223169314219295,4.401401629453763,-1.1495754606200559,2.448582778826287,False,111.0524107,111.1510368
session-3-20261005-80000Hz-600mV,80000,PUFF_LEFT,103,cue_assumed,L8-R8,R1-L1,-69.0,-45.0,-65.0,-43.0,82.37718130647589,4.0,2.0,-0.05393457117595049,0.00618921308576481,5.428852849870469,-5.391432630302784,0.3748268551409636,True,111.1512303,111.2499039
session-3-20261005-80000Hz-600mV,80000,PUFF_LEFT,104,cue_assumed,R8-R7,L1-L2,-1.0,13.0,0.0,13.0,13.038404810405298,1.0,0.0,-0.005882352941176471,-0.07647058823529412,7.669649888473705,-0.2945514498418511,-4.398705354995532,False,111.2501525,111.349039
session-3-20261005-80000Hz-600mV,80000,PUFF_LEFT,105,cue_assumed,R8-R7,L2-L3,-14.0,-7.0,-13.0,-6.0,15.652475842498529,1.0,1.0,-0.08571428571428572,-0.02857142857142857,9.035079029052513,-8.526796608102172,-1.7899106082460694,False,111.3493049,111.445911
session-3-20261005-80000Hz-600mV,80000,PUFF_LEFT,106,cue_assumed,R8-R7,L3-L4,12.0,14.0,11.0,12.0,18.439088914585774,-1.0,-2.0,-0.11764705882352941,-0.02941176470588235,12.126781251816649,-11.715699883508035,-1.9091524329963778,False,111.4461942,111.5449112
session-3-20261005-80000Hz-600mV,80000,PUFF_LEFT,107,cue_assumed,R8-R7,L4-L5,-26.0,-22.0,-25.0,-21.0,34.058772731852805,1.0,1.0,-0.041379310344827586,-0.0034482758620689655,4.1522739926869985,-4.137310842988584,-0.20609903738412583,False,111.5451268,111.6429345
session-3-20261005-80000Hz-600mV,80000,PUFF_LEFT,108,cue_assumed,R8-R7,L5-L6,-16.0,-7.0,-17.0,-9.0,17.46424919657298,-1.0,-2.0,0.09836065573770492,0.08196721311475409,12.803687993289598,10.141488736005421,4.267893300290811,False,111.64322,111.7399436
session-3-20261005-80000Hz-600mV,80000,PUFF_LEFT,109,cue_assumed,R8-R7,L6-L7,-26.0,-49.0,-35.0,-59.0,55.47071299343465,-9.0,-10.0,0.2352941176470588,-0.05882352941176469,24.253562503633294,23.669388480168465,-2.7263109939062646,True,111.7403021,111.8369116
session-3-20261005-80000Hz-600mV,80000,PUFF_LEFT,110,cue_assumed,R8-R7,L7-L8,-80.0,-95.0,-87.0,-100.0,124.19742348374221,-7.0,-5.0,0.06709886547811994,-0.017179902755267425,6.926331501690691,6.723715160378996,-0.9223614787101991,True,111.837188,111.9359113
session-3-20261005-80000Hz-600mV,80000,PUFF_LEFT,111,cue_assumed,R8-R7,R6-R5,-76.0,-151.0,-74.0,-152.0,169.04733065032408,2.0,-1.0,-3.4993176330615706e-05,0.01322742065297267,1.322746694016196,0.005248838698079794,0.75785769818566,True,111.9361416,112.0330399
session-3-20261005-80000Hz-600mV,80000,PUFF_LEFT,112,cue_assumed,R8-R7,R5-R4,-23.0,-44.0,-22.0,-44.0,49.64876634922564,1.0,0.0,-0.009330628803245436,0.017849898580121704,2.014148736276902,-0.916983195570098,1.03224469156573,False,112.0332646,112.1310418
session-3-20261005-80000Hz-600mV,80000,PUFF_LEFT,113,cue_assumed,R8-R7,R4-R3,-1.0,23.0,-2.0,23.0,23.021728866442675,-1.0,0.0,0.0018867924528301885,0.04339622641509434,4.343722427630693,0.28261949901842165,2.4801878061111484,False,112.1312544,112.229045
session-3-20261005-80000Hz-600mV,80000,PUFF_LEFT,114,cue_assumed,R8-R7,R3-R2,-3.0,-7.0,-3.0,-7.0,7.615773105863909,0.0,0.0,-0.0,-0.0,0.0,0.0,-1.1515801432885144e-15,False,112.2292624,112.3259812
session-3-20261005-80000Hz-600mV,80000,PUFF_LEFT,115,cue_assumed,R8-R7,R2-R1,39.0,0.0,35.0,-1.0,39.0,-4.0,-1.0,-0.10256410256410256,-0.02564102564102564,10.57206570671195,-10.219787692248216,-1.6365770416167182,False,112.3262182,112.4220638
session-3-20261005-80000Hz-600mV,80000,PUFF_LEFT,116,cue_assumed,R8-R7,R1-L1,-60.0,-33.0,-55.0,-31.0,68.47627326307996,5.0,2.0,-0.07805502239283428,0.00959692898272553,7.864278458094766,-7.800507442775107,0.5963953177605911,True,112.4222734,112.519047
session-3-20261005-80000Hz-600mV,80000,PUFF_LEFT,117,cue_assumed,R7-R6,L1-L2,1.0,24.0,3.0,25.0,24.020824298928627,2.0,1.0,0.04506065857885615,-0.08145580589254765,9.308872791678185,4.823033176057123,-4.4568293822421285,False,112.5192225,112.6170547
session-3-20261005-80000Hz-600mV,80000,PUFF_LEFT,118,cue_assumed,R7-R6,L2-L3,-16.0,-9.0,-15.0,-8.0,18.35755975068582,1.0,1.0,-0.0741839762611276,-0.02077151335311573,7.703712157713455,-7.39509918051664,-1.2852666069383154,False,112.6173186,112.7149016
session-3-20261005-80000Hz-600mV,80000,PUFF_LEFT,119,cue_assumed,R7-R6,L3-L4,13.0,20.0,12.0,20.0,23.853720883753127,-1.0,0.0,-0.022847100175746926,0.0351493848857645,4.192218081503186,-2.2215121362170964,2.060111023723125,False,112.715123,112.8140371
session-3-20261005-80000Hz-600mV,80000,PUFF_LEFT,120,cue_assumed,R7-R6,L4-L5,-28.0,-30.0,-27.0,-28.0,41.036569057366385,1.0,2.0,-0.05225653206650832,-0.015439429928741094,5.448964250334662,-5.213078064158783,-0.933307334872002,False,112.8142475,112.9120385
session-3-20261005-80000Hz-600mV,80000,PUFF_LEFT,121,cue_assumed,R7-R6,L5-L6,-9.0,-3.0,-8.0,-3.0,9.486832980505138,1.0,0.0,-0.1,0.03333333333333333,10.5409255338946,-9.938292759291368,2.1210963966614544,False,112.9122538,113.0099024
session-3-20261005-80000Hz-600mV,80000,PUFF_LEFT,122,cue_assumed,R7-R6,L6-L7,-36.0,-34.0,-40.0,-39.0,49.51767361255979,-4.0,-5.0,0.12805872756933115,0.01794453507340946,12.930987605622782,12.82014444168822,0.9113527425574668,False,113.0101255,113.1069499
session-3-20261005-80000Hz-600mV,80000,PUFF_LEFT,123,cue_assumed,R7-R6,L7-L8,-45.0,-51.0,-49.0,-53.0,68.01470429252781,-4.0,-2.0,0.06095979247730221,-0.024643320363164724,6.575248692937265,6.124595381655151,-1.3305918091022808,True,113.1071718,113.2059343
session-3-20261005-80000Hz-600mV,80000,PUFF_LEFT,124,cue_assumed,R7-R6,L8-R8,-192.0,-273.0,-180.0,-256.0,333.75589882427545,12.0,17.0,-0.06234682610217877,0.00010772669736877313,6.234691917053036,-6.23468199138345,0.006582695227597197,True,113.2061749,113.3020478
session-3-20261005-80000Hz-600mV,80000,PUFF_LEFT,125,cue_assumed,R7-R6,R5-R4,-34.0,-77.0,-30.0,-70.0,84.17244204607586,4.0,7.0,-0.09527170077628794,0.009880028228652084,9.578262852211514,-9.521775527255738,0.6256700692472302,True,113.302287,113.4000391
session-3-20261005-80000Hz-600mV,80000,PUFF_LEFT,126,cue_assumed,R7-R6,R4-R3,-5.0,15.0,-8.0,13.0,15.811388300841896,-3.0,-2.0,-0.06,0.21999999999999997,22.80350850198276,-3.4598529108226472,13.172553423326892,False,113.4002675,113.4980445
session-3-20261005-80000Hz-600mV,80000,PUFF_LEFT,127,cue_assumed,R7-R6,R3-R2,-6.0,-16.0,-5.0,-15.0,17.08800749063506,1.0,1.0,-0.07534246575342465,0.03424657534246575,8.276058886023678,-7.470848725299328,2.1210963966614536,False,113.4982565,113.597745
session-3-20261005-80000Hz-600mV,80000,PUFF_LEFT,128,cue_assumed,R7-R6,R2-R1,27.0,-20.0,22.0,-22.0,33.60059523282288,-5.0,-2.0,-0.0841452612931798,-0.13640389725420723,16.026992289332963,-7.40432377276602,-8.471144633014834,False,113.5979836,113.697929
session-3-20261005-80000Hz-600mV,80000,PUFF_LEFT,129,cue_assumed,R7-R6,R1-L1,-59.0,-39.0,-53.0,-36.0,70.7248188403477,6.0,3.0,-0.09416233506597362,0.011395441823270694,9.484936182929346,-9.409066054738291,0.7207431400197516,True,113.6981633,113.7959091
session-3-20261005-80000Hz-600mV,80000,PUFF_LEFT,130,cue_assumed,R6-R5,L1-L2,-10.0,7.0,-10.0,7.0,12.206555615733702,0.0,0.0,-0.0,-0.0,0.0,0.0,-1.707680365886452e-15,False,113.7961701,113.8925546
session-3-20261005-80000Hz-600mV,80000,PUFF_LEFT,131,cue_assumed,R6-R5,L2-L3,-20.0,-13.0,-20.0,-13.0,23.853720883753127,0.0,0.0,-0.0,-0.0,0.0,0.0,-8.9435632519185e-16,False,113.8928097,113.9920806
session-3-20261005-80000Hz-600mV,80000,PUFF_LEFT,132,cue_assumed,R6-R5,L3-L4,0.0,-3.0,-1.0,-4.0,3.0,-1.0,-1.0,0.3333333333333333,-0.3333333333333333,47.14045207910317,37.43685418725535,-14.036243467926479,False,113.9922916,114.0884014
session-3-20261005-80000Hz-600mV,80000,PUFF_LEFT,133,cue_assumed,R6-R5,L4-L5,-13.0,-11.0,-13.0,-11.0,17.029386365926403,0.0,0.0,-0.0,-0.0,0.0,0.0,2.8515317833810844e-16,False,114.088621,114.1949413
session-3-20261005-80000Hz-600mV,80000,PUFF_LEFT,134,cue_assumed,R6-R5,L5-L6,-48.0,3.0,-48.0,3.0,48.093658625644196,0.0,0.0,-0.0,-0.0,0.0,0.0,-0.0,False,114.1951772,114.291086
session-3-20261005-80000Hz-600mV,80000,PUFF_LEFT,135,cue_assumed,R6-R5,L6-L7,-14.0,-15.0,-14.0,-17.0,20.518284528683193,0.0,-2.0,0.07125890736342043,0.0665083135391924,9.747403576571587,7.3321481372331965,3.5526061407741967,False,114.2912883,114.3891991
session-3-20261005-80000Hz-600mV,80000,PUFF_LEFT,136,cue_assumed,R6-R5,L7-L8,-13.0,-14.0,-16.0,-16.0,19.1049731745428,-3.0,-2.0,0.1835616438356164,-0.04383561643835616,18.87231791703509,18.437313631616846,-2.1210963966614527,False,114.3893828,114.4899624
session-3-20261005-80000Hz-600mV,80000,PUFF_LEFT,137,cue_assumed,R6-R5,L8-R8,-39.0,-56.0,-36.0,-56.0,68.24221567329127,3.0,0.0,-0.02512347004509341,0.036074726218595664,4.396105798150607,-2.445623648722639,2.1192292939960633,True,114.4901954,114.5890743
session-3-20261005-80000Hz-600mV,80000,PUFF_LEFT,138,cue_assumed,R6-R5,R8-R7,-93.0,-138.0,-95.0,-141.0,166.41213898030395,-2.0,-3.0,0.02166612501354133,0.00010833062506770658,2.1666395838411354,2.166613075686774,0.006075260237340039,True,114.5892518,114.686909
session-3-20261005-80000Hz-600mV,80000,PUFF_LEFT,139,cue_assumed,R6-R5,R4-R3,177.0,289.0,177.0,289.0,338.89526405661087,0.0,0.0,0.0,0.0,0.0,0.0,-2.2249205417339302e-15,True,114.687128,114.7840345
session-3-20261005-80000Hz-600mV,80000,PUFF_LEFT,140,cue_assumed,R6-R5,R3-R2,-99.0,-151.0,-97.0,-150.0,180.5602392554906,2.0,1.0,-0.010704864732225018,0.006226611864302804,1.2384055242282774,-1.0685269815619458,0.36061419587774135,True,114.7842427,114.8810403
session-3-20261005-80000Hz-600mV,80000,PUFF_LEFT,141,cue_assumed,R6-R5,R2-R1,-25.0,-123.0,-31.0,-126.0,125.51493934986385,-6.0,-3.0,0.032944014218611144,-0.04208454995556684,5.344546208798886,3.38009701364288,-2.3330734335724905,True,114.8812744,114.9811782
session-3-20261005-80000Hz-600mV,80000,PUFF_LEFT,142,cue_assumed,R6-R5,R1-L1,-79.0,-56.0,-73.0,-54.0,96.83491106000976,6.0,2.0,-0.06249333475525222,0.018982617041697774,6.531276015131936,-6.230117461517571,1.1599653448133287,True,114.9813794,115.0962122
session-3-20261005-80000Hz-600mV,80000,PUFF_LEFT,143,cue_assumed,R5-R4,L1-L2,21.0,57.0,21.0,56.0,60.74537019394976,0.0,-1.0,-0.015447154471544718,-0.005691056910569106,1.6462159944159827,-1.5430706467575495,-0.33118578841538543,True,115.0964557,115.1930382
session-3-20261005-80000Hz-600mV,80000,PUFF_LEFT,144,cue_assumed,R5-R4,L2-L3,-11.0,-7.0,-11.0,-7.0,13.038404810405298,0.0,0.0,-0.0,-0.0,0.0,0.0,4.1160119407174925e-16,False,115.1932502,115.2940366
session-3-20261005-80000Hz-600mV,80000,PUFF_LEFT,145,cue_assumed,R5-R4,L3-L4,38.0,42.0,36.0,40.0,56.639209034025185,-2.0,-2.0,-0.04987531172069825,0.0024937655860349127,4.993761694389223,-4.987203906808491,0.15038227807159257,True,115.294298,115.3909162
session-3-20261005-80000Hz-600mV,80000,PUFF_LEFT,146,cue_assumed,R5-R4,L4-L5,-47.0,-45.0,-46.0,-43.0,65.06919393998976,1.0,2.0,-0.03235710911667455,-0.011572980632971184,3.436446407438227,-3.2287905336628175,-0.6852231743986457,True,115.3911711,115.4901442
session-3-20261005-80000Hz-600mV,80000,PUFF_LEFT,147,cue_assumed,R5-R4,L5-L6,-16.0,4.0,-15.0,3.0,16.492422502470642,1.0,-1.0,-0.07352941176470588,0.044117647058823525,8.574929257125442,-7.247958639873653,2.726310993906265,False,115.4903765,115.5889376
session-3-20261005-80000Hz-600mV,80000,PUFF_LEFT,148,cue_assumed,R5-R4,L6-L7,-17.0,-17.0,-16.0,-19.0,24.041630560342615,1.0,-2.0,0.029411764705882353,0.08823529411764705,9.300816647554058,3.318635707354667,4.899092453787765,False,115.5891958,115.6869118
session-3-20261005-80000Hz-600mV,80000,PUFF_LEFT,149,cue_assumed,R5-R4,L7-L8,-21.0,-10.0,-22.0,-9.0,23.259406699226016,-1.0,1.0,0.02033271719038817,-0.057301293900184846,6.080179003104816,2.1940454259325337,-3.2143214046592483,False,115.6871202,115.7830358
session-3-20261005-80000Hz-600mV,80000,PUFF_LEFT,150,cue_assumed,R5-R4,L8-R8,-31.0,-31.0,-28.0,-31.0,43.840620433565945,3.0,0.0,-0.04838709677419355,0.04838709677419355,6.842968850192395,-4.715771046826278,2.9108378261677537,False,115.7832364,115.8821755
session-3-20261005-80000Hz-600mV,80000,PUFF_LEFT,151,cue_assumed,R5-R4,R8-R7,-40.0,-40.0,-43.0,-40.0,56.568542494923804,-3.0,0.0,0.037500000000000006,-0.037500000000000006,5.303300858899107,3.8177489642305718,-2.0700306530410986,True,115.8823808,115.9811743
session-3-20261005-80000Hz-600mV,80000,PUFF_LEFT,152,cue_assumed,R5-R4,R7-R6,-53.0,-63.0,-48.0,-58.0,82.3286098510111,5.0,5.0,-0.08557096488639716,0.007376807317792859,8.5888342153012,-8.554121058136332,0.46220181232439533,True,115.9813996,116.082911
session-3-20261005-80000Hz-600mV,80000,PUFF_LEFT,153,cue_assumed,R5-R4,R3-R2,155.0,200.0,154.0,199.0,253.03161857759991,-1.0,-1.0,-0.00554470909800859,0.0007028504490433424,0.5589078433450336,-0.5544460721487066,0.04049489003896103,True,116.0831325,116.1810396
session-3-20261005-80000Hz-600mV,80000,PUFF_LEFT,154,cue_assumed,R5-R4,R2-R1,61.0,17.0,54.0,11.0,63.324560795950255,-7.0,-6.0,-0.1319201995012469,-0.061596009975062344,14.559192107152361,-12.973762089884467,-4.05871241232325,False,116.1812596,116.2779842
session-3-20261005-80000Hz-600mV,80000,PUFF_LEFT,155,cue_assumed,R5-R4,R1-L1,-35.0,2.0,-30.0,4.0,35.05709628591621,5.0,2.0,-0.13913751017087064,-0.06509357200976403,15.361126213119746,-13.668001325592027,-4.324155445407879,False,116.278231,116.3749888
session-3-20261005-80000Hz-600mV,80000,PUFF_LEFT,156,cue_assumed,R4-R3,L1-L2,-29.0,-22.0,-28.0,-21.0,36.40054944640259,1.0,1.0,-0.038490566037735846,-0.0052830188679245296,3.8851434494290564,-3.8476052359176727,-0.3148088073891013,False,116.3752597,116.4710529
session-3-20261005-80000Hz-600mV,80000,PUFF_LEFT,157,cue_assumed,R4-R3,L2-L3,-11.0,-3.0,-12.0,-3.0,11.40175425099138,-1.0,0.0,0.08461538461538462,-0.023076923076923078,8.770580193070293,8.486085601936843,-1.2188752351312966,False,116.4713147,116.5682462
session-3-20261005-80000Hz-600mV,80000,PUFF_LEFT,158,cue_assumed,R4-R3,L3-L4,-32.0,-26.0,-30.0,-24.0,41.23105625617661,2.0,2.0,-0.06823529411764705,-0.007058823529411764,6.859943405700353,-6.820855653335878,-0.43405063213940953,False,116.5684508,116.6669799
session-3-20261005-80000Hz-600mV,80000,PUFF_LEFT,159,cue_assumed,R4-R3,L4-L5,2.0,23.0,0.0,22.0,23.08679276123039,-2.0,-1.0,-0.050656660412757966,0.0825515947467167,9.685485552825746,-4.707421998673822,4.969740728110304,False,116.6672009,116.7649217
session-3-20261005-80000Hz-600mV,80000,PUFF_LEFT,160,cue_assumed,R4-R3,L5-L6,2.0,-3.0,2.0,-3.0,3.605551275463989,0.0,0.0,-0.0,0.0,0.0,0.0,1.4679483145216231e-15,False,116.7651189,116.8629107
session-3-20261005-80000Hz-600mV,80000,PUFF_LEFT,161,cue_assumed,R4-R3,L6-L7,1.0,6.0,2.0,5.0,6.082762530298219,1.0,-1.0,-0.13513513513513511,-0.18918918918918917,23.249527748763853,-11.46843592346377,-12.339087278326197,False,116.8631248,116.9610441
session-3-20261005-80000Hz-600mV,80000,PUFF_LEFT,162,cue_assumed,R4-R3,L7-L8,0.0,12.0,-2.0,12.0,12.0,-2.0,0.0,0.0,0.16666666666666666,16.666666666666664,1.379375504970315,9.462322208025617,False,116.9612398,117.0580303
session-3-20261005-80000Hz-600mV,80000,PUFF_LEFT,163,cue_assumed,R4-R3,L8-R8,7.0,18.0,11.0,18.0,19.313207915827967,4.0,0.0,0.07506702412868634,-0.193029490616622,20.711214923139913,9.225889358550067,-10.179060107705277,False,117.0582425,117.1549427
session-3-20261005-80000Hz-600mV,80000,PUFF_LEFT,164,cue_assumed,R4-R3,R8-R7,6.0,17.0,4.0,17.0,18.027756377319946,-2.0,0.0,-0.036923076923076927,0.10461538461538462,11.094003924504584,-3.1257754373466784,6.199514912988989,False,117.1551582,117.2539194
session-3-20261005-80000Hz-600mV,80000,PUFF_LEFT,165,cue_assumed,R4-R3,R7-R6,5.0,19.0,3.0,16.0,19.6468827043885,-2.0,-3.0,-0.17357512953367876,0.05958549222797928,18.35177279629517,-17.14298476234336,4.1239075603156,False,117.2541203,117.3498988
session-3-20261005-80000Hz-600mV,80000,PUFF_LEFT,166,cue_assumed,R4-R3,R6-R5,191.0,265.0,190.0,265.0,326.65884344373717,-1.0,0.0,-0.0017899649504245308,0.0024834592244109984,0.3061297803719914,-0.1786875640580443,0.14254659197465533,True,117.3500968,117.4500393
session-3-20261005-80000Hz-600mV,80000,PUFF_LEFT,167,cue_assumed,R4-R3,R2-R1,-258.0,-411.0,-260.0,-411.0,485.26796720987056,-2.0,0.0,0.0021912223708516467,-0.0034906681954264608,0.41214342077828364,0.21973014140639346,-0.19956246078431192,True,117.4502594,117.548027
session-3-20261005-80000Hz-600mV,80000,PUFF_LEFT,168,cue_assumed,R4-R3,R1-L1,-85.0,-70.0,-80.0,-67.0,110.11357772772621,5.0,3.0,-0.05237113402061855,0.00783505154639175,5.295397729481898,-5.233874423921769,0.4737141015918084,True,117.5482335,117.6449104
session-3-20261005-80000Hz-600mV,80000,PUFF_LEFT,169,cue_assumed,R3-R2,L1-L2,6.0,27.0,7.0,27.0,27.65863337187866,1.0,0.0,0.00784313725490196,-0.03529411764705882,3.615507630310936,0.8460938287788711,-2.0056473713886103,False,117.64514,117.7439195
session-3-20261005-80000Hz-600mV,80000,PUFF_LEFT,170,cue_assumed,R3-R2,L2-L3,-19.0,-12.0,-19.0,-11.0,22.47220505424423,0.0,1.0,-0.02376237623762376,-0.03762376237623762,4.4499415948998475,-2.3037643742321756,-2.2070614927151833,False,117.7441201,117.8410335
session-3-20261005-80000Hz-600mV,80000,PUFF_LEFT,171,cue_assumed,R3-R2,L3-L4,-18.0,2.0,-18.0,2.0,18.110770276274835,0.0,0.0,-0.0,-0.0,0.0,0.0,-3.4908526991672743e-16,False,117.8412337,117.9359191
session-3-20261005-80000Hz-600mV,80000,PUFF_LEFT,172,cue_assumed,R3-R2,L4-L5,2.0,-8.0,2.0,-8.0,8.246211251235321,0.0,0.0,-0.0,0.0,0.0,0.0,-0.0,False,117.9361311,118.0338967
session-3-20261005-80000Hz-600mV,80000,PUFF_LEFT,173,cue_assumed,R3-R2,L5-L6,-12.0,-1.0,-12.0,-2.0,12.041594578792296,0.0,-1.0,0.006896551724137931,0.08275862068965517,8.304547985373997,1.0291866329930288,4.69868051729944,False,118.0341236,118.132043
session-3-20261005-80000Hz-600mV,80000,PUFF_LEFT,174,cue_assumed,R3-R2,L6-L7,-9.0,-7.0,-8.0,-8.0,11.40175425099138,1.0,-1.0,-0.015384615384615385,0.12307692307692308,12.403473458920846,-0.7722123286332261,7.125016348901798,False,118.1322626,118.2310408
session-3-20261005-80000Hz-600mV,80000,PUFF_LEFT,175,cue_assumed,R3-R2,L7-L8,-11.0,1.0,-13.0,1.0,11.045361017187261,-2.0,0.0,0.180327868852459,0.016393442622950817,18.107149208503703,18.044170671440597,0.795723552739274,False,118.2312608,118.3320435
session-3-20261005-80000Hz-600mV,80000,PUFF_LEFT,176,cue_assumed,R3-R2,L8-R8,-12.0,-6.0,-9.0,-6.0,13.416407864998739,3.0,0.0,-0.2,0.1,22.360679774997898,-19.377422517014498,7.125016348901798,False,118.332276,118.4310441
session-3-20261005-80000Hz-600mV,80000,PUFF_LEFT,177,cue_assumed,R3-R2,R8-R7,-16.0,-8.0,-19.0,-8.0,17.88854381999832,-3.0,0.0,0.15000000000000002,-0.07500000000000001,16.770509831248425,15.244305716161065,-3.7313969991604465,False,118.4313007,118.5290451
session-3-20261005-80000Hz-600mV,80000,PUFF_LEFT,178,cue_assumed,R3-R2,R7-R6,-18.0,-10.0,-17.0,-9.0,20.591260281974,1.0,1.0,-0.0660377358490566,-0.018867924528301886,6.868028197434452,-6.584717019431874,-1.1573330681295184,False,118.5292661,118.6249131
session-3-20261005-80000Hz-600mV,80000,PUFF_LEFT,179,cue_assumed,R3-R2,R6-R5,-137.0,-149.0,-137.0,-148.0,202.41047403728888,0.0,1.0,-0.003636807420063461,-0.0033439101781791557,0.494045579783473,-0.36311961610984156,-0.1922905446321375,True,118.6251295,118.7229357
session-3-20261005-80000Hz-600mV,80000,PUFF_LEFT,180,cue_assumed,R3-R2,R5-R4,177.0,213.0,175.0,212.0,276.9440376682625,-2.0,-1.0,-0.007392630837831496,0.0032464992568254714,0.8074078778970734,-0.7387321724900531,0.1873953872584412,True,118.7232819,118.8220539
session-3-20261005-80000Hz-600mV,80000,PUFF_LEFT,181,cue_assumed,R3-R2,R1-L1,-59.0,-34.0,-54.0,-32.0,68.09552114493287,5.0,2.0,-0.07828337287039035,0.01121414707785206,7.908251110484709,-7.821515643732379,0.6970597892513712,True,118.8223309,118.9220455
session-3-20261005-80000Hz-600mV,80000,PUFF_LEFT,182,cue_assumed,R2-R1,L1-L2,-268.0,-223.0,-271.0,-229.0,348.644518098306,-3.0,-6.0,0.017621942691665365,0.0077250252976068055,1.9240812874642368,1.7651263578740695,0.4349383850443225,True,118.9223262,119.0180658
session-3-20261005-80000Hz-600mV,80000,PUFF_LEFT,183,cue_assumed,R2-R1,L2-L3,-26.0,2.0,-26.0,2.0,26.076809620810597,0.0,0.0,-0.0,-0.0,0.0,0.0,2.4321888740603364e-16,False,119.0182778,119.1169263
session-3-20261005-80000Hz-600mV,80000,PUFF_LEFT,184,cue_assumed,R2-R1,L3-L4,-15.0,-14.0,-14.0,-14.0,20.518284528683193,1.0,0.0,-0.035629453681710214,0.0332541567695962,4.873701788285794,-3.5056276486191473,1.9749340108819762,False,119.1171461,119.2139045
session-3-20261005-80000Hz-600mV,80000,PUFF_LEFT,185,cue_assumed,R2-R1,L4-L5,10.0,17.0,9.0,18.0,19.72308292331602,-1.0,1.0,0.017994858611825194,0.06940874035989718,7.170347393820747,2.035832206066601,3.900493742381891,False,119.2140792,119.3120696
session-3-20261005-80000Hz-600mV,80000,PUFF_LEFT,186,cue_assumed,R2-R1,L5-L6,-24.0,3.0,-22.0,2.0,24.186773244895647,2.0,-1.0,-0.08717948717948718,0.03076923076923077,9.245003270420485,-8.666105186079232,1.9305874411669917,False,119.3122795,119.4110958
session-3-20261005-80000Hz-600mV,80000,PUFF_LEFT,187,cue_assumed,R2-R1,L6-L7,-8.0,-1.0,-4.0,-1.0,8.06225774829855,4.0,0.0,-0.49230769230769234,0.06153846153846154,49.613893835683385,-48.85916880432411,6.911227119024682,False,119.411313,119.5090715
session-3-20261005-80000Hz-600mV,80000,PUFF_LEFT,188,cue_assumed,R2-R1,L7-L8,-13.0,10.0,-17.0,9.0,16.401219466856727,-4.0,-1.0,0.15613382899628253,0.19702602230483268,25.139018680589903,17.280206514776797,9.671320997879867,False,119.509281,119.6069573
session-3-20261005-80000Hz-600mV,80000,PUFF_LEFT,189,cue_assumed,R2-R1,L8-R8,-14.0,0.0,-6.0,1.0,14.0,8.0,1.0,-0.5714285714285714,-0.07142857142857142,57.58755534498964,-56.55169621215559,-9.462322208025617,False,119.6072076,119.7041999
session-3-20261005-80000Hz-600mV,80000,PUFF_LEFT,190,cue_assumed,R2-R1,R8-R7,-24.0,-6.0,-30.0,-6.0,24.73863375370596,-6.0,0.0,0.23529411764705882,-0.058823529411764705,24.253562503633297,23.669388480168486,-2.7263109939062655,False,119.7044434,119.8041831
session-3-20261005-80000Hz-600mV,80000,PUFF_LEFT,191,cue_assumed,R2-R1,R7-R6,-35.0,-9.0,-34.0,-11.0,36.138621999185304,1.0,-2.0,-0.013016845329249618,0.06049004594180704,6.187474380041936,-1.1164931213567542,3.5071466344962516,False,119.8044435,119.904196
session-3-20261005-80000Hz-600mV,80000,PUFF_LEFT,192,cue_assumed,R2-R1,R6-R5,-104.0,-92.0,-106.0,-94.0,138.85243966167826,-2.0,-2.0,0.02033195020746888,0.001244813278008299,2.0370021093167763,2.0332709548348094,0.06990128233393678,True,119.9044838,120.0049176
session-3-20261005-80000Hz-600mV,80000,PUFF_LEFT,193,cue_assumed,R2-R1,R5-R4,-1.0,8.0,-4.0,5.0,8.06225774829855,-3.0,-3.0,-0.3230769230769231,0.4153846153846154,52.62348115842176,-20.57901846682888,31.534791905188296,False,120.0051583,120.108149
session-3-20261005-80000Hz-600mV,80000,PUFF_LEFT,194,cue_assumed,R2-R1,R4-R3,-354.0,-295.0,-353.0,-300.0,460.8047308784926,1.0,-5.0,0.005279244234509586,0.009724923589886077,1.106546693622666,0.5326281874464822,0.5542536568696697,True,120.1083815,120.2050556
session-3-20261005-80000Hz-600mV,80000,PUFF_LEFT,195,cue_assumed,R1-L1,L2-L3,10.0,21.0,10.0,22.0,23.259406699226016,0.0,1.0,0.038817005545286505,0.018484288354898334,4.299335803923478,3.898144349457122,1.0193902814550775,False,120.2053319,120.3020421
session-3-20261005-80000Hz-600mV,80000,PUFF_LEFT,196,cue_assumed,R1-L1,L3-L4,-16.0,-26.0,-17.0,-26.0,30.528675044947494,-1.0,0.0,0.017167381974248927,-0.027896995708154505,3.275608910402091,1.7549863801223475,-1.5710094131438423,False,120.302258,120.4000525
session-3-20261005-80000Hz-600mV,80000,PUFF_LEFT,197,cue_assumed,R1-L1,L4-L5,6.0,30.0,7.0,31.0,30.59411708155671,1.0,1.0,0.038461538461538464,-0.025641025641025647,4.622501635210243,3.8778046100238273,-1.4144232114021544,False,120.4002649,120.4969157
session-3-20261005-80000Hz-600mV,80000,PUFF_LEFT,198,cue_assumed,R1-L1,L5-L6,-7.0,-6.0,-7.0,-7.0,9.219544457292887,0.0,-1.0,0.07058823529411765,0.08235294117647059,10.846522890932809,7.375098438631866,4.398705354995535,False,120.4971126,120.5930457
session-3-20261005-80000Hz-600mV,80000,PUFF_LEFT,199,cue_assumed,R1-L1,L6-L7,-10.0,-7.0,-8.0,-7.0,12.206555615733702,2.0,0.0,-0.1342281879194631,0.09395973154362415,16.38463841038081,-12.914452304359559,6.193904967150986,False,120.5932545,120.6899242
session-3-20261005-80000Hz-600mV,80000,PUFF_LEFT,200,cue_assumed,R1-L1,L7-L8,-11.0,-2.0,-14.0,-3.0,11.180339887498949,-3.0,-1.0,0.28,0.04,28.284271247461906,28.062484748656956,1.7899106082460694,False,120.6901206,120.7869252
session-3-20261005-80000Hz-600mV,80000,PUFF_LEFT,201,cue_assumed,R1-L1,L8-R8,-16.0,-11.0,-13.0,-11.0,19.4164878389476,3.0,0.0,-0.1273209549071618,0.08753315649867374,15.45078607873814,-12.29419806929707,5.727835321605422,False,120.7871329,120.8841741
session-3-20261005-80000Hz-600mV,80000,PUFF_LEFT,202,cue_assumed,R1-L1,R8-R7,-13.0,-6.0,-15.0,-5.0,14.317821063276353,-2.0,1.0,0.09756097560975609,-0.12195121951219513,15.617376188860607,10.431526074846564,-6.340191745909912,False,120.88439,120.9830411
session-3-20261005-80000Hz-600mV,80000,PUFF_LEFT,203,cue_assumed,R1-L1,R7-R6,-5.0,2.0,-4.0,2.0,5.385164807134504,1.0,0.0,-0.1724137931034483,-0.06896551724137932,18.56953381770519,-16.954520146260023,-4.763641690726177,False,120.9832513,121.0809272
session-3-20261005-80000Hz-600mV,80000,PUFF_LEFT,204,cue_assumed,R1-L1,R6-R5,-27.0,-17.0,-28.0,-17.0,31.906112267087632,-1.0,0.0,0.02652259332023576,-0.01669941060903733,3.1341957040361135,2.6658416861027323,-0.9320022403358212,False,121.0811449,121.1789076
session-3-20261005-80000Hz-600mV,80000,PUFF_LEFT,205,cue_assumed,R1-L1,R5-R4,35.0,32.0,36.0,33.0,47.4236228055175,1.0,1.0,0.029791018230324588,0.0013339261894175195,2.9820867295877664,2.9791882171794626,0.0742172894658492,False,121.1791665,121.2800507
session-3-20261005-80000Hz-600mV,80000,PUFF_LEFT,206,cue_assumed,R1-L1,R4-R3,-46.0,-20.0,-47.0,-21.0,50.15974481593781,-1.0,-1.0,0.026232114467408585,0.010333863275039747,2.8194193721730048,2.6284142669288135,0.576932579126738,False,121.2802359,121.3790468
session-3-20261005-80000Hz-600mV,80000,PUFF_LEFT,207,cue_assumed,R1-L1,R3-R2,0.0,7.0,1.0,7.0,7.0,1.0,0.0,0.0,-0.14285714285714285,14.285714285714285,1.0152544552210818,-8.130102354155978,False,121.3792541,121.4764203
session-3-20261005-80000Hz-600mV,80000,PUFF_RIGHT,0,cue_assumed,L1-L2,L3-L4,-166.0,-249.0,-176.0,-261.0,299.2607558635111,-10.0,-12.0,0.05189990732159407,-0.00556070435588508,5.21969521420898,5.191460511588675,-0.3028823566713093,True,123.7504482,123.8509018
session-3-20261005-80000Hz-600mV,80000,PUFF_RIGHT,1,cue_assumed,L1-L2,L4-L5,-64.0,-68.0,-63.0,-67.0,93.38094023943002,1.0,1.0,-0.015137614678899082,0.0004587155963302753,1.5144563320384565,-1.5137507851797904,0.026686434732123305,True,123.8511484,123.9509229
session-3-20261005-80000Hz-600mV,80000,PUFF_RIGHT,2,cue_assumed,L1-L2,L5-L6,-51.0,-66.0,-51.0,-67.0,83.40863264674707,0.0,-1.0,0.00948684777921518,0.007330746011211729,1.1989166687760109,0.951346483159754,0.41606626682014825,True,123.9511598,124.0469109
session-3-20261005-80000Hz-600mV,80000,PUFF_RIGHT,3,cue_assumed,L1-L2,L6-L7,-24.0,-39.0,-26.0,-40.0,45.79301256742124,-2.0,-1.0,0.04148783977110158,-0.02575107296137339,4.882989460908731,4.180614230754931,-1.4163653095477418,False,124.0471941,124.1430529
session-3-20261005-80000Hz-600mV,80000,PUFF_RIGHT,4,cue_assumed,L1-L2,L7-L8,-18.0,-7.0,-16.0,-8.0,19.313207915827967,2.0,-1.0,-0.07774798927613942,0.08579088471849866,11.577921116187232,-7.37663107050216,5.31454566994475,False,124.143278,124.2569531
session-3-20261005-80000Hz-600mV,80000,PUFF_RIGHT,5,cue_assumed,L1-L2,L8-R8,-7.0,1.0,-5.0,1.0,7.0710678118654755,2.0,0.0,-0.27999999999999997,-0.039999999999999994,28.284271247461902,-27.88897449072021,-3.179830119864235,False,124.2572372,124.3549463
session-3-20261005-80000Hz-600mV,80000,PUFF_RIGHT,6,cue_assumed,L1-L2,R8-R7,-3.0,3.0,-6.0,0.0,4.242640687119285,-3.0,-3.0,-0.0,1.0,100.0,41.421356237309496,45.0,False,124.355182,124.4520488
session-3-20261005-80000Hz-600mV,80000,PUFF_RIGHT,7,cue_assumed,L1-L2,R7-R6,5.0,22.0,4.0,23.0,22.561028345356956,-1.0,1.0,0.03339882121807466,0.05304518664047151,6.268391408072227,3.475935150189824,2.938459122202383,False,124.4522274,124.5500405
session-3-20261005-80000Hz-600mV,80000,PUFF_RIGHT,8,cue_assumed,L1-L2,R6-R5,-10.0,-3.0,-11.0,-3.0,10.44030650891055,-1.0,0.0,0.09174311926605504,-0.027522935779816512,9.578262852211513,9.208999192315437,-1.4441255309358452,False,124.5502296,124.6469093
session-3-20261005-80000Hz-600mV,80000,PUFF_RIGHT,9,cue_assumed,L1-L2,R5-R4,34.0,50.0,35.0,51.0,60.4648658313239,1.0,1.0,0.022975929978118165,-0.004376367614879649,2.3389013486249404,2.2985291149435927,-0.24511413893436898,True,124.647112,124.7449151
session-3-20261005-80000Hz-600mV,80000,PUFF_RIGHT,10,cue_assumed,L1-L2,R4-R3,-37.0,-27.0,-38.0,-27.0,45.803929962395145,-1.0,0.0,0.01763584366062917,-0.012869399428026692,2.1832187779978622,1.7717216000848968,-0.7245450044926994,False,124.7451077,124.8430444
session-3-20261005-80000Hz-600mV,80000,PUFF_RIGHT,11,cue_assumed,L1-L2,R3-R2,16.0,20.0,16.0,20.0,25.612496949731394,0.0,0.0,0.0,0.0,0.0,0.0,1.5514900885187889e-15,False,124.8432401,124.9420676
session-3-20261005-80000Hz-600mV,80000,PUFF_RIGHT,12,cue_assumed,L1-L2,R2-R1,-222.0,-300.0,-228.0,-304.0,373.2077169620157,-6.0,-4.0,0.018178685276126476,-0.006547772895666409,1.9321954566287571,1.819973899059435,-0.3684565253377025,True,124.9422761,125.0389191
session-3-20261005-80000Hz-600mV,80000,PUFF_RIGHT,13,cue_assumed,L2-L3,L4-L5,138.0,206.0,133.0,199.0,247.95160818191923,-5.0,-7.0,-0.0346779440468445,0.001040988939492517,3.46935651279632,-3.4677382753517283,0.06178689201651967,True,125.0391289,125.1391517
session-3-20261005-80000Hz-600mV,80000,PUFF_RIGHT,14,cue_assumed,L2-L3,L5-L6,-95.0,-131.0,-92.0,-127.0,161.82088863926066,3.0,4.0,-0.030894371037959212,0.0004964484839227071,3.089835955076389,-3.0894243878920036,0.029351186842991626,True,125.1395227,125.2369054
session-3-20261005-80000Hz-600mV,80000,PUFF_RIGHT,15,cue_assumed,L2-L3,L6-L7,-21.0,-35.0,-21.0,-33.0,40.8166632639171,0.0,2.0,-0.04201680672268907,-0.025210084033613443,4.899959575500253,-4.168515250009008,-1.5074357587749687,False,125.2371264,125.3369452
session-3-20261005-80000Hz-600mV,80000,PUFF_RIGHT,16,cue_assumed,L2-L3,L7-L8,-16.0,-10.0,-14.0,-10.0,18.867962264113206,2.0,0.0,-0.0898876404494382,0.056179775280898875,10.5999788000636,-8.815534538096703,3.532294583890887,False,125.3371506,125.4340471
session-3-20261005-80000Hz-600mV,80000,PUFF_RIGHT,17,cue_assumed,L2-L3,L8-R8,-12.0,-10.0,-9.0,-8.0,15.620499351813308,3.0,2.0,-0.2295081967213115,0.02459016393442624,23.082176787424142,-22.91159003572798,1.8279682443050034,False,125.434264,125.5319468
session-3-20261005-80000Hz-600mV,80000,PUFF_RIGHT,18,cue_assumed,L2-L3,R8-R7,-9.0,-4.0,-9.0,-5.0,9.848857801796104,0.0,-1.0,0.04123711340206185,0.09278350515463916,10.153461651336189,4.536285812852547,5.092115124498963,False,125.5321671,125.6290446
session-3-20261005-80000Hz-600mV,80000,PUFF_RIGHT,19,cue_assumed,L2-L3,R7-R6,-7.0,2.0,-9.0,2.0,7.280109889280518,-2.0,0.0,0.2641509433962264,0.07547169811320754,27.472112789737807,26.64018260037613,3.416588191771343,False,125.6292554,125.7259464
session-3-20261005-80000Hz-600mV,80000,PUFF_RIGHT,20,cue_assumed,L2-L3,R6-R5,-15.0,-10.0,-15.0,-10.0,18.027756377319946,0.0,0.0,-0.0,-0.0,0.0,0.0,1.467948314521623e-15,False,125.7261369,125.8229372
session-3-20261005-80000Hz-600mV,80000,PUFF_RIGHT,21,cue_assumed,L2-L3,R5-R4,5.0,2.0,6.0,2.0,5.385164807134504,1.0,0.0,0.1724137931034483,-0.06896551724137932,18.56953381770519,17.44404390294072,-3.366460663429802,False,125.8231428,125.9220433
session-3-20261005-80000Hz-600mV,80000,PUFF_RIGHT,22,cue_assumed,L2-L3,R4-R3,-16.0,3.0,-16.0,3.0,16.278820596099706,0.0,0.0,-0.0,-0.0,0.0,0.0,-0.0,False,125.922221,126.0220426
session-3-20261005-80000Hz-600mV,80000,PUFF_RIGHT,23,cue_assumed,L2-L3,R3-R2,-6.0,-4.0,-5.0,-3.0,7.211102550927978,1.0,1.0,-0.1923076923076923,-0.03846153846153847,19.6116135138184,-19.13924599373602,-2.726310993906264,False,126.0222558,126.1180653
session-3-20261005-80000Hz-600mV,80000,PUFF_RIGHT,24,cue_assumed,L2-L3,R2-R1,42.0,30.0,39.0,28.0,51.61395160225576,-3.0,-2.0,-0.06981981981981981,0.0022522522522522527,6.985613702374244,-6.9817093126174345,0.13873042988760304,False,126.1182991,126.2190449
session-3-20261005-80000Hz-600mV,80000,PUFF_RIGHT,25,cue_assumed,L2-L3,R1-L1,-33.0,4.0,-30.0,5.0,33.24154027718932,3.0,1.0,-0.08597285067873305,-0.0407239819004525,9.513029883089882,-8.50660830430484,-2.551095089000936,False,126.2192525,126.3180574
session-3-20261005-80000Hz-600mV,80000,PUFF_RIGHT,26,cue_assumed,L3-L4,L1-L2,-218.0,-245.0,-227.0,-257.0,327.9466420014085,-9.0,-12.0,0.04557922435355048,0.00382151391458777,4.573914801644951,4.5586208004089634,0.20941085915686103,True,126.3182634,126.4150316
session-3-20261005-80000Hz-600mV,80000,PUFF_RIGHT,27,cue_assumed,L3-L4,L5-L6,144.0,207.0,147.0,208.0,252.1606630701942,3.0,1.0,0.010049539985845719,-0.007501769285208776,1.2540725510735564,1.0077397909698416,-0.4255353810815354,True,126.415342,126.5120474
session-3-20261005-80000Hz-600mV,80000,PUFF_RIGHT,28,cue_assumed,L3-L4,L6-L7,14.0,23.0,13.0,22.0,26.92582403567252,-1.0,-1.0,-0.05103448275862069,0.012413793103448275,5.252257314388902,-5.095329136421645,0.7494659953151533,False,126.5122848,126.611075
session-3-20261005-80000Hz-600mV,80000,PUFF_RIGHT,29,cue_assumed,L3-L4,L7-L8,7.0,22.0,7.0,20.0,23.08679276123039,0.0,-2.0,-0.0825515947467167,-0.026266416510318948,8.662961636484198,-8.217566989206137,-1.6399219992586118,False,126.6113432,126.7071899
session-3-20261005-80000Hz-600mV,80000,PUFF_RIGHT,30,cue_assumed,L3-L4,L8-R8,9.0,20.0,10.0,17.0,21.93171219946131,1.0,-3.0,-0.10602910602910601,-0.0977130977130977,14.418745018211808,-10.070482669381086,-6.237799601505709,False,126.7074096,126.8039329
session-3-20261005-80000Hz-600mV,80000,PUFF_RIGHT,31,cue_assumed,L3-L4,R8-R7,0.0,9.0,-2.0,6.0,9.0,-2.0,-3.0,-0.3333333333333333,0.2222222222222222,40.06168083848877,-29.727163107369346,18.43494882292201,False,126.8041191,126.9040393
session-3-20261005-80000Hz-600mV,80000,PUFF_RIGHT,32,cue_assumed,L3-L4,R7-R6,6.0,23.0,4.0,24.0,23.769728648009426,-2.0,1.0,0.019469026548672566,0.09203539823008848,9.407208683835972,2.361497186171957,5.158551780606039,False,126.904229,127.0009071
session-3-20261005-80000Hz-600mV,80000,PUFF_RIGHT,33,cue_assumed,L3-L4,R6-R5,-11.0,-8.0,-12.0,-8.0,13.601470508735444,-1.0,0.0,0.059459459459459456,-0.04324324324324324,7.352146220938077,6.034160737204131,-2.3373058591238203,False,127.0010966,127.0980548
session-3-20261005-80000Hz-600mV,80000,PUFF_RIGHT,34,cue_assumed,L3-L4,R5-R4,38.0,43.0,37.0,42.0,57.38466694161429,-1.0,-1.0,-0.024597631339204375,0.0015183723048891587,2.4644450124838726,-2.459644954329432,0.08919012022645328,True,127.0982636,127.1951996
session-3-20261005-80000Hz-600mV,80000,PUFF_RIGHT,35,cue_assumed,L3-L4,R4-R3,-51.0,-28.0,-51.0,-27.0,58.180752831155424,0.0,1.0,-0.00827178729689808,-0.015066469719350073,1.7187814721168517,-0.8157347972425177,-0.8703783078961687,True,127.1954027,127.2940433
session-3-20261005-80000Hz-600mV,80000,PUFF_RIGHT,36,cue_assumed,L3-L4,R3-R2,-18.0,1.0,-18.0,1.0,18.027756377319946,0.0,0.0,-0.0,-0.0,0.0,0.0,-1.7615379774259476e-16,False,127.294255,127.3930153
session-3-20261005-80000Hz-600mV,80000,PUFF_RIGHT,37,cue_assumed,L3-L4,R2-R1,39.0,-6.0,35.0,-8.0,39.45883931389772,-4.0,-2.0,-0.09248554913294799,-0.06551059730250483,11.333673348634099,-9.012412006281966,-4.128839297057266,False,127.3931944,127.4912237
session-3-20261005-80000Hz-600mV,80000,PUFF_RIGHT,38,cue_assumed,L3-L4,R1-L1,-97.0,-77.0,-92.0,-75.0,123.84667940643382,5.0,2.0,-0.04166123353761899,0.012452731777285174,4.34825126757072,-4.158033104836834,0.7444641150506606,True,127.4914999,127.586926
session-3-20261005-80000Hz-600mV,80000,PUFF_RIGHT,39,cue_assumed,L4-L5,L1-L2,-59.0,-48.0,-58.0,-46.0,76.05918747922567,1.0,2.0,-0.02679343128781331,-0.012100259291270525,2.939905160189274,-2.6718210557978295,-0.712344212163306,True,127.5871419,127.6859218
session-3-20261005-80000Hz-600mV,80000,PUFF_RIGHT,40,cue_assumed,L4-L5,L2-L3,126.0,205.0,122.0,199.0,240.62626623043462,-4.0,-6.0,-0.02994766929759417,0.0011053349683079743,2.9968060693849194,-2.994703955579703,0.06528616984762366,True,127.6861765,127.7810467
session-3-20261005-80000Hz-600mV,80000,PUFF_RIGHT,41,cue_assumed,L4-L5,L6-L7,-84.0,-154.0,-85.0,-155.0,175.41949720598336,-1.0,-1.0,0.0077343039126478615,-0.002274795268425842,0.8061894971187147,0.7736871398393186,-0.12933562572282742,True,127.781266,127.8790454
session-3-20261005-80000Hz-600mV,80000,PUFF_RIGHT,42,cue_assumed,L4-L5,L7-L8,-44.0,-50.0,-39.0,-48.0,66.60330322138685,5.0,2.0,-0.07213706041478811,0.03651938683498648,8.085432023145191,-7.141866254457041,2.253918333464165,True,127.8792386,127.9769215
session-3-20261005-80000Hz-600mV,80000,PUFF_RIGHT,43,cue_assumed,L4-L5,L8-R8,-30.0,-37.0,-26.0,-33.0,47.634021455258214,4.0,4.0,-0.11811370647862496,0.012340237990304096,11.875659616112326,-11.802737220788629,0.8016877212999423,False,127.9771123,128.0750762
session-3-20261005-80000Hz-600mV,80000,PUFF_RIGHT,44,cue_assumed,L4-L5,R8-R7,-17.0,-14.0,-16.0,-12.0,22.02271554554524,1.0,2.0,-0.09278350515463918,-0.041237113402061855,10.15346165133619,-9.184678162700044,-2.6025622024998047,False,128.0752681,128.1750003
session-3-20261005-80000Hz-600mV,80000,PUFF_RIGHT,45,cue_assumed,L4-L5,R7-R6,-15.0,-12.0,-18.0,-11.0,19.209372712298546,-3.0,1.0,0.08943089430894309,-0.13821138211382114,16.462159944159826,9.816303872448584,-7.230242639251578,False,128.1752231,128.2710494
session-3-20261005-80000Hz-600mV,80000,PUFF_RIGHT,46,cue_assumed,L4-L5,R6-R5,-4.0,-3.0,-4.0,-3.0,5.0,0.0,0.0,-0.0,-0.0,0.0,0.0,-0.0,False,128.2712891,128.3680569
session-3-20261005-80000Hz-600mV,80000,PUFF_RIGHT,47,cue_assumed,L4-L5,R5-R4,-27.0,-29.0,-26.0,-27.0,39.6232255123179,1.0,2.0,-0.05414012738853504,-0.01592356687898089,5.643326479831004,-5.400610012604934,-0.9644843022265399,False,128.3682746,128.4629514
session-3-20261005-80000Hz-600mV,80000,PUFF_RIGHT,48,cue_assumed,L4-L5,R4-R3,-1.0,35.0,-2.0,34.0,35.014282800023196,-1.0,-1.0,-0.027732463295269162,0.029363784665579113,4.038961958610096,-2.728915150504685,1.729883621813083,False,128.4631417,128.5620448
session-3-20261005-80000Hz-600mV,80000,PUFF_RIGHT,49,cue_assumed,L4-L5,R3-R2,18.0,6.0,18.0,6.0,18.973665961010276,0.0,0.0,0.0,0.0,0.0,0.0,9.541664044390551e-16,False,128.5622571,128.6640411
session-3-20261005-80000Hz-600mV,80000,PUFF_RIGHT,50,cue_assumed,L4-L5,R2-R1,97.0,62.0,92.0,62.0,115.12167476196652,-5.0,0.0,-0.036595487814079834,0.02339093035539123,4.343230768956709,-3.631157020379161,1.390836682342452,True,128.6642719,128.7610513
session-3-20261005-80000Hz-600mV,80000,PUFF_RIGHT,51,cue_assumed,L4-L5,R1-L1,-38.0,25.0,-34.0,25.0,45.48626166217664,4.0,0.0,-0.0734654422426293,-0.04833252779120349,8.793864023620424,-7.2205669363444525,-2.9861186056432314,False,128.7612431,128.8580628
session-3-20261005-80000Hz-600mV,80000,PUFF_RIGHT,52,cue_assumed,L5-L6,L1-L2,-57.0,-68.0,-58.0,-70.0,88.72992730753249,-1.0,-2.0,0.024514162326940175,0.005842753715229265,2.5200831842786426,2.4530822659547313,0.3267514610697437,True,128.8582589,128.9559286
session-3-20261005-80000Hz-600mV,80000,PUFF_RIGHT,53,cue_assumed,L5-L6,L2-L3,-104.0,-142.0,-102.0,-138.0,176.0113632695344,2.0,4.0,-0.025048418334409298,-0.004260813428018077,2.5408222923375634,-2.503910790057573,-0.25039712443733136,True,128.9561347,129.0530436
session-3-20261005-80000Hz-600mV,80000,PUFF_RIGHT,54,cue_assumed,L5-L6,L3-L4,149.0,228.0,150.0,229.0,272.3692346796899,1.0,1.0,0.005081889869919794,-0.0010649053043068003,0.519226616778591,0.5082454014493587,-0.06070605519958406,True,129.0532487,129.1500884
session-3-20261005-80000Hz-600mV,80000,PUFF_RIGHT,55,cue_assumed,L5-L6,L7-L8,-97.0,-150.0,-91.0,-147.0,178.63090438107287,6.0,3.0,-0.032341972484252086,0.019085524460183648,3.75534343048993,-3.215377489004567,1.1299221475327885,True,129.1504786,129.2500546
session-3-20261005-80000Hz-600mV,80000,PUFF_RIGHT,56,cue_assumed,L5-L6,L8-R8,-29.0,-44.0,-26.0,-43.0,52.69724850502159,3.0,1.0,-0.04717320849837955,0.03709038530788621,6.00084017644117,-4.645157895072794,2.2292090677671283,True,129.2502703,129.3469307
session-3-20261005-80000Hz-600mV,80000,PUFF_RIGHT,57,cue_assumed,L5-L6,R8-R7,-13.0,-11.0,-15.0,-14.0,17.029386365926403,-2.0,-3.0,0.20344827586206896,0.05862068965517241,21.17252611449483,20.487515449984883,2.788707679844202,False,129.3471497,129.444901
session-3-20261005-80000Hz-600mV,80000,PUFF_RIGHT,58,cue_assumed,L5-L6,R7-R6,-3.0,0.0,-6.0,0.0,3.0,-3.0,0.0,1.0,-0.0,100.0,100.0,-0.0,False,129.4451051,129.5419523
session-3-20261005-80000Hz-600mV,80000,PUFF_RIGHT,59,cue_assumed,L5-L6,R6-R5,-45.0,-3.0,-46.0,-3.0,45.09988913511872,-1.0,0.0,0.022123893805309734,-0.0014749262536873156,2.2173003507924642,2.2124957965111935,-0.08267783512990749,False,129.5422955,129.6379445
session-3-20261005-80000Hz-600mV,80000,PUFF_RIGHT,60,cue_assumed,L5-L6,R5-R4,-4.0,5.0,-3.0,6.0,6.4031242374328485,1.0,1.0,0.024390243902439022,-0.21951219512195125,22.08630521496931,4.76454436543674,-12.094757077012101,False,129.6381759,129.7349159
session-3-20261005-80000Hz-600mV,80000,PUFF_RIGHT,61,cue_assumed,L5-L6,R4-R3,-5.0,-3.0,-6.0,-3.0,5.830951894845301,-1.0,0.0,0.14705882352941177,-0.08823529411764706,17.149858514250884,15.044748327105584,-4.398705354995531,False,129.7350923,129.8310455
session-3-20261005-80000Hz-600mV,80000,PUFF_RIGHT,62,cue_assumed,L5-L6,R3-R2,-2.0,-2.0,-2.0,-1.0,2.8284271247461903,0.0,1.0,-0.25,-0.25,35.35533905932738,-20.943058495790524,-18.43494882292201,False,129.8312701,129.9300494
session-3-20261005-80000Hz-600mV,80000,PUFF_RIGHT,63,cue_assumed,L5-L6,R2-R1,39.0,10.0,36.0,8.0,40.26164427839479,-3.0,-2.0,-0.08451573103022826,-0.029611351017890194,8.955300609515348,-8.403696644448466,-1.8525868819390918,False,129.9302541,130.02806
session-3-20261005-80000Hz-600mV,80000,PUFF_RIGHT,64,cue_assumed,L5-L6,R1-L1,-58.0,-39.0,-56.0,-38.0,69.8927750200262,2.0,1.0,-0.031729785056294785,0.004094165813715456,3.19928344075492,-3.1721129353304844,0.24226400869908485,True,130.0282651,130.133191
session-3-20261005-80000Hz-600mV,80000,PUFF_RIGHT,65,cue_assumed,L6-L7,L1-L2,-25.0,-31.0,-25.0,-32.0,39.824615503479755,0.0,-1.0,0.019546027742749057,0.015762925598991173,2.5110098047591274,1.9667873628201438,0.8857639912099295,False,130.1334121,130.2320424
session-3-20261005-80000Hz-600mV,80000,PUFF_RIGHT,66,cue_assumed,L6-L7,L2-L3,-29.0,-34.0,-29.0,-34.0,44.68780594300866,0.0,0.0,-0.0,-0.0,0.0,0.0,-1.0830131113646426e-15,False,130.2322512,130.3300416
session-3-20261005-80000Hz-600mV,80000,PUFF_RIGHT,67,cue_assumed,L6-L7,L3-L4,23.0,33.0,22.0,32.0,40.22437072223753,-1.0,-1.0,-0.034610630407911,0.006180469715698391,3.5158127696731496,-3.4590846776705986,0.3668053569337841,False,130.3302427,130.4259165
session-3-20261005-80000Hz-600mV,80000,PUFF_RIGHT,68,cue_assumed,L6-L7,L4-L5,-104.0,-172.0,-103.0,-172.0,200.9975124224178,1.0,0.0,-0.0025742574257425744,0.004257425742574258,0.4975185951049945,-0.25651712398637727,0.24456060718396752,True,130.4261097,130.524205
session-3-20261005-80000Hz-600mV,80000,PUFF_RIGHT,69,cue_assumed,L6-L7,L8-R8,-155.0,-252.0,-145.0,-236.0,295.8530040408581,10.0,16.0,-0.06377314947046123,0.00045699139713694726,6.377478682456607,-6.377303793706268,0.027967234901888585,True,130.5244128,130.625094
session-3-20261005-80000Hz-600mV,80000,PUFF_RIGHT,70,cue_assumed,L6-L7,R8-R7,-21.0,-46.0,-24.0,-49.0,50.566787519082126,-3.0,-3.0,0.07860774344935471,-0.029331247555729374,8.390172473420943,7.900648112607933,-1.5576956808105498,True,130.6253379,130.7249069
session-3-20261005-80000Hz-600mV,80000,PUFF_RIGHT,71,cue_assumed,L6-L7,R7-R6,-27.0,-25.0,-35.0,-30.0,36.796738985948195,-8.0,-5.0,0.2518463810930576,-0.048005908419497784,25.638090200490915,25.276651020809382,-2.196107193229727,False,130.7251269,130.8220463
session-3-20261005-80000Hz-600mV,80000,PUFF_RIGHT,72,cue_assumed,L6-L7,R6-R5,-10.0,-14.0,-11.0,-16.0,17.204650534085253,-1.0,-2.0,0.1283783783783784,0.02027027027027027,12.996881122750912,12.856043198787038,1.0291548043059817,False,130.8226653,130.9190489
session-3-20261005-80000Hz-600mV,80000,PUFF_RIGHT,73,cue_assumed,L6-L7,R5-R4,-4.0,-11.0,-3.0,-9.0,11.704699910719626,1.0,2.0,-0.18978102189781024,0.0218978102189781,19.104017997521755,-18.94851595625513,1.5481576989779684,False,130.9192472,131.0190631
session-3-20261005-80000Hz-600mV,80000,PUFF_RIGHT,74,cue_assumed,L6-L7,R4-R3,-7.0,14.0,-8.0,12.0,15.652475842498529,-1.0,-2.0,-0.08571428571428572,0.11428571428571428,14.285714285714285,-7.859911448016577,7.125016348901798,False,131.0193538,131.1169138
session-3-20261005-80000Hz-600mV,80000,PUFF_RIGHT,75,cue_assumed,L6-L7,R3-R2,1.0,-1.0,1.0,-1.0,1.4142135623730951,0.0,0.0,0.0,0.0,0.0,0.0,0.0,False,131.1170991,131.2180557
session-3-20261005-80000Hz-600mV,80000,PUFF_RIGHT,76,cue_assumed,L6-L7,R2-R1,56.0,20.0,53.0,19.0,59.464274989274024,-3.0,-1.0,-0.053167420814479636,0.001131221719457014,5.317945372643964,-5.316674505503183,0.06845370639374021,False,131.2182713,131.3169285
session-3-20261005-80000Hz-600mV,80000,PUFF_RIGHT,77,cue_assumed,L6-L7,R1-L1,-61.0,-26.0,-57.0,-25.0,66.30987860040162,4.0,1.0,-0.061405503752558564,0.00977939504207414,6.217935717337731,-6.13545584442563,0.5969540517301763,False,131.3171904,131.4149054
session-3-20261005-80000Hz-600mV,80000,PUFF_RIGHT,78,cue_assumed,L7-L8,L1-L2,-17.0,-5.0,-16.0,-4.0,17.72004514666935,1.0,1.0,-0.07006369426751594,-0.03821656050955414,7.980868844676222,-6.927875375246739,-2.3532968661083054,False,131.4151234,131.5122103
session-3-20261005-80000Hz-600mV,80000,PUFF_RIGHT,79,cue_assumed,L7-L8,L2-L3,-21.0,-16.0,-21.0,-16.0,26.40075756488817,0.0,0.0,-0.0,-0.0,0.0,0.0,1.5332372639479794e-15,False,131.5124452,131.6109553
session-3-20261005-80000Hz-600mV,80000,PUFF_RIGHT,80,cue_assumed,L7-L8,L3-L4,18.0,24.0,17.0,22.0,30.0,-1.0,-2.0,-0.07333333333333333,-0.013333333333333334,7.4535599249993,-7.323741503614367,-0.824342820845153,False,131.6112237,131.7080738
session-3-20261005-80000Hz-600mV,80000,PUFF_RIGHT,81,cue_assumed,L7-L8,L4-L5,-57.0,-68.0,-54.0,-64.0,88.72992730753249,3.0,4.0,-0.05626825860536008,-0.003048393242728312,5.635077309001173,-5.626333523746063,-0.18507320670476687,True,131.7082722,131.804939
session-3-20261005-80000Hz-600mV,80000,PUFF_RIGHT,82,cue_assumed,L7-L8,L5-L6,-108.0,-153.0,-105.0,-154.0,187.27786842016332,3.0,-1.0,-0.004875545291249679,0.016166281755196306,1.6885485118154582,-0.4744239391112126,0.9307159909837517,True,131.8051384,131.9009552
session-3-20261005-80000Hz-600mV,80000,PUFF_RIGHT,83,cue_assumed,L7-L8,R8-R7,-69.0,-101.0,-79.0,-114.0,122.31925441237777,-10.0,-13.0,0.13387247694158536,-0.007552466247827825,13.408534531745026,13.389762929114113,-0.38162849040307095,True,131.9011448,131.9990525
session-3-20261005-80000Hz-600mV,80000,PUFF_RIGHT,84,cue_assumed,L7-L8,R7-R6,-33.0,-51.0,-49.0,-68.0,60.74537019394976,-16.0,-17.0,0.3780487804878048,-0.06910569105691056,38.43129934893818,37.9780431061544,-2.870834794906757,True,131.999247,132.0949481
session-3-20261005-80000Hz-600mV,80000,PUFF_RIGHT,85,cue_assumed,L7-L8,R6-R5,-7.0,-20.0,-10.0,-26.0,21.18962010041709,-3.0,-6.0,0.31403118040089084,-0.0400890868596882,31.657971689484544,31.464256661307076,-1.747464806233084,False,132.0951319,132.1959464
session-3-20261005-80000Hz-600mV,80000,PUFF_RIGHT,86,cue_assumed,L7-L8,R5-R4,-6.0,-12.0,-6.0,-11.0,13.416407864998739,0.0,1.0,-0.06666666666666667,-0.03333333333333333,7.4535599249993,-6.607161825854002,-2.0454084888872277,False,132.1961996,132.2951826
session-3-20261005-80000Hz-600mV,80000,PUFF_RIGHT,87,cue_assumed,L7-L8,R4-R3,-5.0,13.0,-6.0,13.0,13.92838827718412,-1.0,0.0,0.025773195876288662,0.06701030927835051,7.17958158617738,2.795964460081546,3.7376295434101032,False,132.2953729,132.3942049
session-3-20261005-80000Hz-600mV,80000,PUFF_RIGHT,88,cue_assumed,L7-L8,R3-R2,1.0,0.0,1.0,0.0,1.0,0.0,0.0,0.0,0.0,0.0,0.0,0.0,False,132.3956108,132.4929087
session-3-20261005-80000Hz-600mV,80000,PUFF_RIGHT,89,cue_assumed,L7-L8,R2-R1,52.0,19.0,51.0,18.0,55.362442142665635,-1.0,-1.0,-0.023164763458401308,-0.010766721044045677,2.5544638343965267,-2.3105429623379803,-0.6314910363625359,False,132.4930984,132.5920782
session-3-20261005-80000Hz-600mV,80000,PUFF_RIGHT,90,cue_assumed,L7-L8,R1-L1,-59.0,-33.0,-57.0,-33.0,67.60177512462228,2.0,0.0,-0.025820568927789934,0.014442013129102843,2.9585021936377363,-2.571352484631284,0.8493361313778386,True,132.5922824,132.6891376
session-3-20261005-80000Hz-600mV,80000,PUFF_RIGHT,91,cue_assumed,L8-R8,L1-L2,-9.0,9.0,-9.0,8.0,12.727922061357855,0.0,-1.0,-0.05555555555555555,0.05555555555555555,7.856742013183861,-5.392297967075555,3.366460663429801,False,132.6893718,132.7849109
session-3-20261005-80000Hz-600mV,80000,PUFF_RIGHT,92,cue_assumed,L8-R8,L2-L3,-20.0,-14.0,-19.0,-13.0,24.413111231467404,1.0,1.0,-0.05704697986577181,-0.010067114093959733,5.792844463634923,-5.699324235377667,-0.611675474713795,False,132.7851124,132.8820423
session-3-20261005-80000Hz-600mV,80000,PUFF_RIGHT,93,cue_assumed,L8-R8,L3-L4,18.0,24.0,16.0,23.0,30.0,-2.0,-1.0,-0.06666666666666667,0.03333333333333333,7.4535599249993,-6.607161825854002,2.0454084888872277,False,132.8822447,132.9810542
session-3-20261005-80000Hz-600mV,80000,PUFF_RIGHT,94,cue_assumed,L8-R8,L4-L5,-45.0,-50.0,-42.0,-46.0,67.26812023536856,3.0,4.0,-0.07403314917127071,-0.006629834254143647,7.432941462471662,-7.400941498527569,-0.41022530168353316,True,132.9812512,133.0800437
session-3-20261005-80000Hz-600mV,80000,PUFF_RIGHT,95,cue_assumed,L8-R8,L5-L6,-37.0,-41.0,-35.0,-39.0,55.226805085936306,2.0,2.0,-0.051147540983606556,0.0026229508196721307,5.121475197315839,-5.114391562657994,0.15838461249593927,True,133.0802419,133.1780575
session-3-20261005-80000Hz-600mV,80000,PUFF_RIGHT,96,cue_assumed,L8-R8,L6-L7,-175.0,-254.0,-167.0,-235.0,308.4493475434824,8.0,19.0,-0.06543971579024817,-0.013590355367296959,6.683602443082528,-6.534090568741513,-0.8331352578578703,True,133.1782676,133.2759198
session-3-20261005-80000Hz-600mV,80000,PUFF_RIGHT,97,cue_assumed,L8-R8,R7-R6,-167.0,-276.0,-211.0,-316.0,322.59107241211746,-44.0,-40.0,0.17669725652236584,-0.05250564551001777,18.43332939893236,17.786810650330697,-2.554911774316332,True,133.2761631,133.3749251
session-3-20261005-80000Hz-600mV,80000,PUFF_RIGHT,98,cue_assumed,L8-R8,R6-R5,-32.0,-63.0,-41.0,-79.0,70.66116330771806,-9.0,-16.0,0.2595633887442419,-0.011015421590226322,25.97970213247351,25.961155511438893,-0.5010633706370746,True,133.3751325,133.474072
session-3-20261005-80000Hz-600mV,80000,PUFF_RIGHT,99,cue_assumed,L8-R8,R5-R4,-18.0,-34.0,-17.0,-32.0,38.47076812334269,1.0,2.0,-0.0581081081081081,-0.0013513513513513514,5.812381937190962,-5.810713870304651,-0.08220335753251608,False,133.4742835,133.572938
session-3-20261005-80000Hz-600mV,80000,PUFF_RIGHT,100,cue_assumed,L8-R8,R4-R3,-2.0,22.0,-4.0,20.0,22.090722034374522,-2.0,-2.0,-0.08196721311475409,0.0983606557377049,12.803687993289598,-7.6712928503034465,6.1155035662854065,False,133.5732463,133.6700473
session-3-20261005-80000Hz-600mV,80000,PUFF_RIGHT,101,cue_assumed,L8-R8,R3-R2,-2.0,-5.0,-1.0,-5.0,5.385164807134504,1.0,0.0,-0.06896551724137932,0.1724137931034483,18.56953381770519,-5.313584705200114,10.491477012331599,False,133.6702669,133.7680679
session-3-20261005-80000Hz-600mV,80000,PUFF_RIGHT,102,cue_assumed,L8-R8,R2-R1,50.0,9.0,49.0,10.0,50.80354318352215,-1.0,1.0,-0.015885315769081754,0.022859356838434715,2.7836908092500674,-1.5619859041240636,1.3306469319130323,False,133.7682568,133.8680565
session-3-20261005-80000Hz-600mV,80000,PUFF_RIGHT,103,cue_assumed,L8-R8,R1-L1,-69.0,-45.0,-66.0,-43.0,82.37718130647589,3.0,2.0,-0.04376657824933688,-0.0004420866489832004,4.3768810953240855,-4.376647605640471,-0.026489031637050166,True,133.8682517,133.9669161
session-3-20261005-80000Hz-600mV,80000,PUFF_RIGHT,104,cue_assumed,R8-R7,L1-L2,-1.0,13.0,-3.0,10.0,13.038404810405298,-2.0,-3.0,-0.21764705882352944,0.17058823529411765,27.653315937748612,-19.92650434830291,12.30053887899809,False,133.9670835,134.0649416
session-3-20261005-80000Hz-600mV,80000,PUFF_RIGHT,105,cue_assumed,R8-R7,L2-L3,-14.0,-7.0,-14.0,-7.0,15.652475842498529,0.0,0.0,-0.0,-0.0,0.0,0.0,-0.0,False,134.0651447,134.1630958
session-3-20261005-80000Hz-600mV,80000,PUFF_RIGHT,106,cue_assumed,R8-R7,L3-L4,12.0,14.0,10.0,12.0,18.439088914585774,-2.0,-2.0,-0.15294117647058825,0.011764705882352944,15.33929977694741,-15.285948106377923,0.7957235527392724,False,134.1632961,134.2590687
session-3-20261005-80000Hz-600mV,80000,PUFF_RIGHT,107,cue_assumed,R8-R7,L4-L5,-26.0,-22.0,-25.0,-21.0,34.058772731852805,1.0,1.0,-0.041379310344827586,-0.0034482758620689655,4.1522739926869985,-4.137310842988584,-0.20609903738412583,False,134.2592986,134.3569416
session-3-20261005-80000Hz-600mV,80000,PUFF_RIGHT,108,cue_assumed,R8-R7,L5-L6,-16.0,-7.0,-16.0,-9.0,17.46424919657298,0.0,-2.0,0.04590163934426229,0.10491803278688525,11.451966686277364,5.115081353100104,5.7283758121344555,False,134.3571777,134.4539125
session-3-20261005-80000Hz-600mV,80000,PUFF_RIGHT,109,cue_assumed,R8-R7,L6-L7,-26.0,-49.0,-29.0,-51.0,55.47071299343465,-3.0,-2.0,0.0571985700357491,-0.030874228144296387,6.499918751523405,5.764929652940176,-1.6727797232836301,True,134.4541337,134.5530469
session-3-20261005-80000Hz-600mV,80000,PUFF_RIGHT,110,cue_assumed,R8-R7,L7-L8,-80.0,-95.0,-88.0,-105.0,124.19742348374221,-8.0,-10.0,0.10307941653160455,0.002593192868719608,10.311203015046502,10.308246465301018,0.13469450241227676,True,134.5532562,134.6500487
session-3-20261005-80000Hz-600mV,80000,PUFF_RIGHT,111,cue_assumed,R8-R7,R6-R5,-76.0,-151.0,-72.0,-149.0,169.04733065032408,4.0,2.0,-0.021205864856353007,0.01581691570143822,2.645493388032392,-2.107807573131415,0.9257959475963712,True,134.6502574,134.7469165
session-3-20261005-80000Hz-600mV,80000,PUFF_RIGHT,112,cue_assumed,R8-R7,R5-R4,-23.0,-44.0,-24.0,-47.0,49.64876634922564,-1.0,-3.0,0.06288032454361055,0.010141987829614603,6.36929755298482,6.292871078876527,0.5466988615575965,False,134.7471209,134.8459185
session-3-20261005-80000Hz-600mV,80000,PUFF_RIGHT,113,cue_assumed,R8-R7,R4-R3,-1.0,23.0,0.0,27.0,23.021728866442675,1.0,4.0,0.17169811320754716,-0.05094339622641508,17.90962637748571,17.280505546028735,-2.489552921999156,False,134.8461427,134.9430509
session-3-20261005-80000Hz-600mV,80000,PUFF_RIGHT,114,cue_assumed,R8-R7,R3-R2,-3.0,-7.0,-3.0,-7.0,7.615773105863909,0.0,0.0,-0.0,-0.0,0.0,0.0,-1.1515801432885144e-15,False,134.9433595,135.0399625
session-3-20261005-80000Hz-600mV,80000,PUFF_RIGHT,115,cue_assumed,R8-R7,R2-R1,39.0,0.0,41.0,3.0,39.0,2.0,3.0,0.05128205128205128,0.07692307692307693,9.245003270420487,5.409255338945984,4.1849161251184155,False,135.0402262,135.135946
session-3-20261005-80000Hz-600mV,80000,PUFF_RIGHT,116,cue_assumed,R8-R7,R1-L1,-60.0,-33.0,-60.0,-34.0,68.47627326307996,0.0,-1.0,0.007037747920665387,0.012795905310300703,1.4603598477944117,0.7119040098952922,0.727988516585035,True,135.1361845,135.2349474
session-3-20261005-80000Hz-600mV,80000,PUFF_RIGHT,117,cue_assumed,R7-R6,L1-L2,1.0,24.0,4.0,25.0,24.020824298928627,3.0,1.0,0.046793760831889075,-0.12305025996533794,13.164734152397187,5.400120692250998,-6.704332890433508,False,135.2352831,135.3330495
session-3-20261005-80000Hz-600mV,80000,PUFF_RIGHT,118,cue_assumed,R7-R6,L2-L3,-16.0,-9.0,-16.0,-9.0,18.35755975068582,0.0,0.0,-0.0,-0.0,0.0,0.0,-0.0,False,135.3332756,135.4321805
session-3-20261005-80000Hz-600mV,80000,PUFF_RIGHT,119,cue_assumed,R7-R6,L3-L4,13.0,20.0,13.0,21.0,23.853720883753127,0.0,1.0,0.0351493848857645,0.022847100175746926,4.192218081503186,3.5401486871550425,1.2643874709838512,False,135.4323825,135.5320485
session-3-20261005-80000Hz-600mV,80000,PUFF_RIGHT,120,cue_assumed,R7-R6,L4-L5,-28.0,-30.0,-29.0,-30.0,41.036569057366385,-1.0,0.0,0.0166270783847981,-0.017814726840855107,2.436850894142897,1.6783153380121707,-1.0039120798028098,False,135.5322644,135.6291966
session-3-20261005-80000Hz-600mV,80000,PUFF_RIGHT,121,cue_assumed,R7-R6,L5-L6,-9.0,-3.0,-10.0,-3.0,9.486832980505138,-1.0,0.0,0.1,-0.03333333333333333,10.5409255338946,10.050493461461185,-1.735704588928388,False,135.6294284,135.7300511
session-3-20261005-80000Hz-600mV,80000,PUFF_RIGHT,122,cue_assumed,R7-R6,L6-L7,-36.0,-34.0,-43.0,-39.0,49.51767361255979,-7.0,-5.0,0.17210440456769982,-0.023654159869494287,17.372232254587804,17.23430617725059,-1.1561253240965643,False,135.7302577,135.8280585
session-3-20261005-80000Hz-600mV,80000,PUFF_RIGHT,123,cue_assumed,R7-R6,L7-L8,-45.0,-51.0,-59.0,-67.0,68.01470429252781,-14.0,-16.0,0.3125810635538262,0.0012970168612191912,31.25837544485948,31.25817043722772,0.056616364490854665,True,135.8282568,135.9249113
session-3-20261005-80000Hz-600mV,80000,PUFF_RIGHT,124,cue_assumed,R7-R6,L8-R8,-192.0,-273.0,-237.0,-314.0,333.75589882427545,-45.0,-41.0,0.17804529907624356,-0.039616492957367154,18.23995477993028,17.871124249744774,-1.9260742851903945,True,135.9251086,136.0231917
session-3-20261005-80000Hz-600mV,80000,PUFF_RIGHT,125,cue_assumed,R7-R6,R5-R4,-34.0,-77.0,-33.0,-72.0,84.17244204607586,1.0,5.0,-0.059139026111503186,-0.013126323218066336,6.057825328153828,-5.904746530569572,-0.7993042032681936,True,136.0234164,136.1241929
session-3-20261005-80000Hz-600mV,80000,PUFF_RIGHT,126,cue_assumed,R7-R6,R4-R3,-5.0,15.0,-5.0,15.0,15.811388300841896,0.0,0.0,0.0,-0.0,0.0,0.0,9.54166404439055e-16,False,136.1244637,136.2219313
session-3-20261005-80000Hz-600mV,80000,PUFF_RIGHT,127,cue_assumed,R7-R6,R3-R2,-6.0,-16.0,-6.0,-15.0,17.08800749063506,0.0,1.0,-0.0547945205479452,-0.02054794520547945,5.852057359806528,-5.457119969912272,-1.2453642667683473,False,136.2221699,136.3209432
session-3-20261005-80000Hz-600mV,80000,PUFF_RIGHT,128,cue_assumed,R7-R6,R2-R1,27.0,-20.0,22.0,-21.0,33.60059523282288,-5.0,-1.0,-0.10186005314437555,-0.11248892825509298,15.175384478343362,-9.48430395131441,-7.138924779145194,False,136.3211506,136.4200757
session-3-20261005-80000Hz-600mV,80000,PUFF_RIGHT,129,cue_assumed,R7-R6,R1-L1,-59.0,-39.0,-56.0,-38.0,70.7248188403477,3.0,1.0,-0.04318272690923631,0.0115953618552579,4.471241796047326,-4.311246925179368,0.6943151993141492,True,136.4204339,136.5211701
session-3-20261005-80000Hz-600mV,80000,PUFF_RIGHT,130,cue_assumed,R6-R5,L1-L2,-10.0,7.0,-10.0,6.0,12.206555615733702,0.0,-1.0,-0.046979865771812075,0.06711409395973154,8.192319205190405,-4.4619616146349355,4.028263666485139,False,136.5213796,136.6179132
session-3-20261005-80000Hz-600mV,80000,PUFF_RIGHT,131,cue_assumed,R6-R5,L2-L3,-20.0,-13.0,-20.0,-13.0,23.853720883753127,0.0,0.0,-0.0,-0.0,0.0,0.0,-8.9435632519185e-16,False,136.618133,136.715913
session-3-20261005-80000Hz-600mV,80000,PUFF_RIGHT,132,cue_assumed,R6-R5,L3-L4,0.0,-3.0,-2.0,-4.0,3.0,-2.0,-1.0,0.3333333333333333,-0.6666666666666666,74.53559924999298,49.07119849998598,-26.56505117707799,False,136.7161175,136.8140433
session-3-20261005-80000Hz-600mV,80000,PUFF_RIGHT,133,cue_assumed,R6-R5,L4-L5,-13.0,-11.0,-12.0,-11.0,17.029386365926403,1.0,0.0,-0.04482758620689655,0.03793103448275862,5.872202195147034,-4.407473961178554,2.2740887687270224,False,136.8142432,136.9120576
session-3-20261005-80000Hz-600mV,80000,PUFF_RIGHT,134,cue_assumed,R6-R5,L5-L6,-48.0,3.0,-49.0,2.0,48.093658625644196,-1.0,-1.0,0.019455252918287938,0.022049286640726327,2.9405406092748723,1.9693671522999834,1.2390285158735312,False,136.9122696,137.0090484
session-3-20261005-80000Hz-600mV,80000,PUFF_RIGHT,135,cue_assumed,R6-R5,L6-L7,-14.0,-15.0,-15.0,-17.0,20.518284528683193,-1.0,-2.0,0.10451306413301664,0.030878859857482188,10.897928500669323,10.494461980074043,1.6014003641153747,False,137.0092511,137.1059561
session-3-20261005-80000Hz-600mV,80000,PUFF_RIGHT,136,cue_assumed,R6-R5,L7-L8,-13.0,-14.0,-15.0,-19.0,19.1049731745428,-2.0,-5.0,0.26301369863013696,0.10136986301369863,28.187240871451134,26.707515643500624,4.588740411095481,False,137.1061292,137.203911
session-3-20261005-80000Hz-600mV,80000,PUFF_RIGHT,137,cue_assumed,R6-R5,L8-R8,-39.0,-56.0,-49.0,-73.0,68.24221567329127,-10.0,-17.0,0.2881683487223535,0.02211724286021043,28.901586398864932,28.83582060443488,0.9836448557148463,True,137.2041425,137.3010504
session-3-20261005-80000Hz-600mV,80000,PUFF_RIGHT,138,cue_assumed,R6-R5,R8-R7,-93.0,-138.0,-91.0,-138.0,166.41213898030395,2.0,0.0,-0.006716498754197812,0.009966417506229012,1.2018354023060265,-0.666649944491049,0.5748756493299875,True,137.3012757,137.3989052
session-3-20261005-80000Hz-600mV,80000,PUFF_RIGHT,139,cue_assumed,R6-R5,R4-R3,177.0,289.0,174.0,286.0,338.89526405661087,-3.0,-3.0,-0.012172398781018721,0.002925555071832826,1.2519032093675326,-1.2168066621388807,0.16968696568948116,True,137.399158,137.4969262
session-3-20261005-80000Hz-600mV,80000,PUFF_RIGHT,140,cue_assumed,R6-R5,R3-R2,-99.0,-151.0,-96.0,-148.0,180.5602392554906,3.0,3.0,-0.023004723636586715,0.004784982516410036,2.349709274097715,-2.2993006118121606,0.2806125247611962,True,137.4971465,137.5921645
session-3-20261005-80000Hz-600mV,80000,PUFF_RIGHT,141,cue_assumed,R6-R5,R2-R1,-25.0,-123.0,-28.0,-125.0,125.51493934986385,-3.0,-2.0,0.02037577758029707,-0.020248825695061572,2.872607272201897,2.057667150225684,-1.1368556767481124,True,137.5925634,137.6921434
session-3-20261005-80000Hz-600mV,80000,PUFF_RIGHT,142,cue_assumed,R6-R5,R1-L1,-79.0,-56.0,-76.0,-55.0,96.83491106000976,3.0,1.0,-0.03124666737762611,0.009491308520848887,3.265638007565968,-3.1200173201711645,0.561334348829227,True,137.6923797,137.7932892
session-3-20261005-80000Hz-600mV,80000,PUFF_RIGHT,143,cue_assumed,R5-R4,L1-L2,21.0,57.0,21.0,57.0,60.74537019394976,0.0,0.0,0.0,0.0,0.0,0.0,-1.0317409088649947e-15,True,137.7935201,137.8911052
session-3-20261005-80000Hz-600mV,80000,PUFF_RIGHT,144,cue_assumed,R5-R4,L2-L3,-11.0,-7.0,-10.0,-7.0,13.038404810405298,1.0,0.0,-0.06470588235294117,0.04117647058823529,7.669649888473703,-6.3799920831399515,2.520827907710173,False,137.8913259,137.9910691
session-3-20261005-80000Hz-600mV,80000,PUFF_RIGHT,145,cue_assumed,R5-R4,L3-L4,38.0,42.0,37.0,41.0,56.639209034025185,-1.0,-1.0,-0.024937655860349125,0.0012468827930174563,2.4968808471946113,-2.493685862103745,0.07326822030942534,True,137.9912824,138.0899792
session-3-20261005-80000Hz-600mV,80000,PUFF_RIGHT,146,cue_assumed,R5-R4,L4-L5,-47.0,-45.0,-45.0,-43.0,65.06919393998976,2.0,2.0,-0.04345772319319793,-0.000944733112895606,4.346799081843114,-4.345725665844114,-0.05658840581052922,True,138.0902259,138.1860626
session-3-20261005-80000Hz-600mV,80000,PUFF_RIGHT,147,cue_assumed,R5-R4,L5-L6,-16.0,4.0,-14.0,5.0,16.492422502470642,2.0,1.0,-0.10294117647058823,-0.08823529411764705,13.55815361366601,-9.86121811340026,-5.617580590126829,False,138.1862839,138.2821146
session-3-20261005-80000Hz-600mV,80000,PUFF_RIGHT,148,cue_assumed,R5-R4,L6-L7,-17.0,-17.0,-17.0,-16.0,24.041630560342615,0.0,1.0,-0.029411764705882353,-0.029411764705882353,4.159451654038515,-2.896623416357802,-1.7357045889283889,False,138.2823762,138.3792443
session-3-20261005-80000Hz-600mV,80000,PUFF_RIGHT,149,cue_assumed,R5-R4,L7-L8,-21.0,-10.0,-18.0,-10.0,23.259406699226016,3.0,0.0,-0.11645101663585952,0.055452865064695,12.898007411770433,-11.471257421801717,3.591259037205532,False,138.3794596,138.4791099
session-3-20261005-80000Hz-600mV,80000,PUFF_RIGHT,150,cue_assumed,R5-R4,L8-R8,-31.0,-31.0,-28.0,-30.0,43.840620433565945,3.0,1.0,-0.06451612903225806,0.03225806451612903,7.2131225080638375,-6.3960120738909225,1.9749340108819766,False,138.4793204,138.5792848
session-3-20261005-80000Hz-600mV,80000,PUFF_RIGHT,151,cue_assumed,R5-R4,R8-R7,-40.0,-40.0,-43.0,-45.0,56.568542494923804,-3.0,-5.0,0.1,0.025,10.307764064044154,10.028405423326925,1.3019526725788753,True,138.5794976,138.6801066
session-3-20261005-80000Hz-600mV,80000,PUFF_RIGHT,152,cue_assumed,R5-R4,R7-R6,-53.0,-63.0,-54.0,-59.0,82.3286098510111,-1.0,4.0,-0.02935969312481558,-0.04057244024786073,5.008107914222269,-2.851210597433651,-2.3935510592544387,True,138.6803245,138.7759687
session-3-20261005-80000Hz-600mV,80000,PUFF_RIGHT,153,cue_assumed,R5-R4,R3-R2,155.0,200.0,152.0,196.0,253.03161857759991,-3.0,-4.0,-0.01975790706755174,-0.00031237797735259693,1.9760376304381095,-1.9757857294134151,-0.01825869266206323,True,138.7761828,138.8749596
session-3-20261005-80000Hz-600mV,80000,PUFF_RIGHT,154,cue_assumed,R5-R4,R2-R1,61.0,17.0,57.0,12.0,63.324560795950255,-4.0,-5.0,-0.08204488778054862,-0.05910224438902743,10.111596759534638,-8.014421600902788,-3.6838855571822866,False,138.8751748,138.9741159
session-3-20261005-80000Hz-600mV,80000,PUFF_RIGHT,155,cue_assumed,R5-R4,R1-L1,-35.0,2.0,-32.0,4.0,35.05709628591621,3.0,2.0,-0.0821806346623271,-0.06183889340927583,10.28479725205444,-8.009976838412946,-3.8545284257182337,False,138.9743356,139.0721736
session-3-20261005-80000Hz-600mV,80000,PUFF_RIGHT,156,cue_assumed,R4-R3,L1-L2,-29.0,-22.0,-29.0,-22.0,36.40054944640259,0.0,0.0,-0.0,-0.0,0.0,0.0,1.3922428039613885e-15,False,139.072511,139.1709829
session-3-20261005-80000Hz-600mV,80000,PUFF_RIGHT,157,cue_assumed,R4-R3,L2-L3,-11.0,-3.0,-11.0,-3.0,11.40175425099138,0.0,0.0,-0.0,-0.0,0.0,0.0,1.0764954306491904e-15,False,139.1712268,139.2701411
session-3-20261005-80000Hz-600mV,80000,PUFF_RIGHT,158,cue_assumed,R4-R3,L3-L4,-32.0,-26.0,-31.0,-25.0,41.23105625617661,1.0,1.0,-0.03411764705882352,-0.003529411764705882,3.4299717028501764,-3.4111198703190126,-0.2093624525149072,False,139.2703663,139.3701383
session-3-20261005-80000Hz-600mV,80000,PUFF_RIGHT,159,cue_assumed,R4-R3,L4-L5,2.0,23.0,1.0,22.0,23.08679276123039,-1.0,-1.0,-0.046904315196998114,0.039399624765478425,6.125638918316888,-4.609030048868712,2.3671785256104974,False,139.3703451,139.467978
session-3-20261005-80000Hz-600mV,80000,PUFF_RIGHT,160,cue_assumed,R4-R3,L5-L6,2.0,-3.0,1.0,-4.0,3.605551275463989,-1.0,-1.0,0.07692307692307694,-0.3846153846153846,39.2232270276368,14.354374979373109,-19.653824058053306,False,139.4681701,139.5670574
session-3-20261005-80000Hz-600mV,80000,PUFF_RIGHT,161,cue_assumed,R4-R3,L6-L7,1.0,6.0,0.0,5.0,6.082762530298219,-1.0,-1.0,-0.18918918918918917,0.13513513513513511,23.249527748763853,-17.800506347321342,9.462322208025617,False,139.5673036,139.6651154
session-3-20261005-80000Hz-600mV,80000,PUFF_RIGHT,162,cue_assumed,R4-R3,L7-L8,0.0,12.0,2.0,11.0,12.0,2.0,-1.0,-0.08333333333333333,-0.16666666666666666,18.633899812498246,-6.830500937508754,-10.304846468766033,False,139.6653477,139.7621031
session-3-20261005-80000Hz-600mV,80000,PUFF_RIGHT,163,cue_assumed,R4-R3,L8-R8,7.0,18.0,8.0,16.0,19.313207915827967,1.0,-2.0,-0.07774798927613942,-0.08579088471849866,11.577921116187232,-7.37663107050216,-5.31454566994475,False,139.762325,139.8661923
session-3-20261005-80000Hz-600mV,80000,PUFF_RIGHT,164,cue_assumed,R4-R3,R8-R7,6.0,17.0,8.0,20.0,18.027756377319946,2.0,3.0,0.19384615384615386,-0.04923076923076923,20.0,19.48607900890831,-2.361374658175619,False,139.8664259,139.9631112
session-3-20261005-80000Hz-600mV,80000,PUFF_RIGHT,165,cue_assumed,R4-R3,R7-R6,5.0,19.0,3.0,19.0,19.6468827043885,-2.0,0.0,-0.025906735751295335,0.09844559585492228,10.17973197118575,-2.0944729446836674,5.770936221574341,False,139.9633235,140.0631057
session-3-20261005-80000Hz-600mV,80000,PUFF_RIGHT,166,cue_assumed,R4-R3,R6-R5,191.0,265.0,189.0,263.0,326.65884344373717,-2.0,-2.0,-0.008546848349671059,0.0013869885479729353,0.8658657744967345,-0.8545878189715417,0.0801535988446248,True,140.0633117,140.1591148
session-3-20261005-80000Hz-600mV,80000,PUFF_RIGHT,167,cue_assumed,R4-R3,R2-R1,-258.0,-411.0,-260.0,-411.0,485.26796720987056,-2.0,0.0,0.0021912223708516467,-0.0034906681954264608,0.41214342077828364,0.21973014140639346,-0.19956246078431192,True,140.1593292,140.2599914
session-3-20261005-80000Hz-600mV,80000,PUFF_RIGHT,168,cue_assumed,R4-R3,R1-L1,-85.0,-70.0,-82.0,-68.0,110.11357772772621,3.0,2.0,-0.032577319587628856,0.0032989690721649473,3.2743929948214943,-3.257169476327826,0.19538126999661712,True,140.2601909,140.3559789
session-3-20261005-80000Hz-600mV,80000,PUFF_RIGHT,169,cue_assumed,R3-R2,L1-L2,6.0,27.0,6.0,27.0,27.65863337187866,0.0,0.0,0.0,0.0,0.0,0.0,-6.735292266628624e-16,False,140.3561859,140.4539776
session-3-20261005-80000Hz-600mV,80000,PUFF_RIGHT,170,cue_assumed,R3-R2,L2-L3,-19.0,-12.0,-19.0,-11.0,22.47220505424423,0.0,1.0,-0.02376237623762376,-0.03762376237623762,4.4499415948998475,-2.3037643742321756,-2.2070614927151833,False,140.4541905,140.552109
session-3-20261005-80000Hz-600mV,80000,PUFF_RIGHT,171,cue_assumed,R3-R2,L3-L4,-18.0,2.0,-19.0,2.0,18.110770276274835,-1.0,0.0,0.054878048780487805,0.0060975609756097554,5.521576303742328,5.489567164188336,0.331185788415384,False,140.5523062,140.6510073
session-3-20261005-80000Hz-600mV,80000,PUFF_RIGHT,172,cue_assumed,R3-R2,L4-L5,2.0,-8.0,2.0,-8.0,8.246211251235321,0.0,0.0,-0.0,0.0,0.0,0.0,-0.0,False,140.6512587,140.7481247
session-3-20261005-80000Hz-600mV,80000,PUFF_RIGHT,173,cue_assumed,R3-R2,L5-L6,-12.0,-1.0,-12.0,-1.0,12.041594578792296,0.0,0.0,-0.0,-0.0,0.0,0.0,2.632183184659462e-16,False,140.7483323,140.8471821
session-3-20261005-80000Hz-600mV,80000,PUFF_RIGHT,174,cue_assumed,R3-R2,L6-L7,-9.0,-7.0,-9.0,-7.0,11.40175425099138,0.0,0.0,-0.0,-0.0,0.0,0.0,-4.4038449435648696e-16,False,140.8473873,140.9471507
session-3-20261005-80000Hz-600mV,80000,PUFF_RIGHT,175,cue_assumed,R3-R2,L7-L8,-11.0,1.0,-9.0,0.0,11.045361017187261,2.0,-1.0,-0.18852459016393439,0.07377049180327867,20.244408254472894,-18.517828561733328,5.194428907734807,False,140.9473826,141.0460209
session-3-20261005-80000Hz-600mV,80000,PUFF_RIGHT,176,cue_assumed,R3-R2,L8-R8,-12.0,-6.0,-10.0,-5.0,13.416407864998739,2.0,1.0,-0.16666666666666666,-0.0,16.666666666666664,-16.666666666666664,-0.0,False,141.0463489,141.1429789
session-3-20261005-80000Hz-600mV,80000,PUFF_RIGHT,177,cue_assumed,R3-R2,R8-R7,-16.0,-8.0,-16.0,-9.0,17.88854381999832,0.0,-1.0,0.025,0.05,5.5901699437494745,2.621878758868945,2.792702365713283,False,141.1433562,141.2411203
session-3-20261005-80000Hz-600mV,80000,PUFF_RIGHT,178,cue_assumed,R3-R2,R7-R6,-18.0,-10.0,-21.0,-8.0,20.591260281974,-3.0,2.0,0.08018867924528301,-0.15566037735849056,17.51010489931187,9.134675325904396,-8.200146059498799,False,141.2413449,141.3369669
session-3-20261005-80000Hz-600mV,80000,PUFF_RIGHT,179,cue_assumed,R3-R2,R6-R5,-137.0,-149.0,-135.0,-147.0,202.41047403728888,2.0,2.0,-0.013961435196485234,0.0005857944837686112,1.3973719187205331,-1.3961261189524676,0.0340387778240888,True,141.3372826,141.4349602
session-3-20261005-80000Hz-600mV,80000,PUFF_RIGHT,180,cue_assumed,R3-R2,R5-R4,177.0,213.0,174.0,210.0,276.9440376682625,-3.0,-3.0,-0.015254635062191975,0.0014081201595869514,1.5319487369507243,-1.5253628303774636,0.08192908550342513,True,141.4355121,141.5309063
session-3-20261005-80000Hz-600mV,80000,PUFF_RIGHT,181,cue_assumed,R3-R2,R1-L1,-59.0,-34.0,-56.0,-33.0,68.09552114493287,3.0,1.0,-0.04550355833513048,0.009273237006685357,4.643884953076229,-4.545851317217242,0.5566292383140581,True,141.5312307,141.6280516
session-3-20261005-80000Hz-600mV,80000,PUFF_RIGHT,182,cue_assumed,R2-R1,L1-L2,-268.0,-223.0,-271.0,-228.0,348.644518098306,-3.0,-5.0,0.01578735201928377,0.005520225745148207,1.6724633809389684,1.5802351550057159,0.3113668652774565,True,141.6283003,141.7389487
session-3-20261005-80000Hz-600mV,80000,PUFF_RIGHT,183,cue_assumed,R2-R1,L2-L3,-26.0,2.0,-26.0,1.0,26.076809620810597,0.0,-1.0,-0.0029411764705882357,0.03823529411764706,3.8348249442368525,-0.22083206930830768,2.196107193229727,False,141.7391386,141.837049
session-3-20261005-80000Hz-600mV,80000,PUFF_RIGHT,184,cue_assumed,R2-R1,L3-L4,-15.0,-14.0,-16.0,-14.0,20.518284528683193,-1.0,0.0,0.035629453681710214,-0.0332541567695962,4.873701788285794,3.6163213145272044,-1.839140823408378,False,141.8372919,141.9341484
session-3-20261005-80000Hz-600mV,80000,PUFF_RIGHT,185,cue_assumed,R2-R1,L4-L5,10.0,17.0,10.0,18.0,19.72308292331602,0.0,1.0,0.043701799485861184,0.02570694087403599,5.070201265633938,4.4018339426624475,1.4109408203827352,False,141.9343925,142.0310463
session-3-20261005-80000Hz-600mV,80000,PUFF_RIGHT,186,cue_assumed,R2-R1,L5-L6,-24.0,3.0,-24.0,2.0,24.186773244895647,0.0,-1.0,-0.005128205128205128,0.041025641025641026,4.134491152973615,-0.4282674925764174,2.36137465817562,False,142.0312992,142.1311231
session-3-20261005-80000Hz-600mV,80000,PUFF_RIGHT,187,cue_assumed,R2-R1,L6-L7,-8.0,-1.0,-8.0,-1.0,8.06225774829855,0.0,0.0,-0.0,-0.0,0.0,0.0,-0.0,False,142.1313645,142.2301224
session-3-20261005-80000Hz-600mV,80000,PUFF_RIGHT,188,cue_assumed,R2-R1,L7-L8,-13.0,10.0,-9.0,9.0,16.401219466856727,4.0,-1.0,-0.23048327137546465,-0.10037174721189591,25.139018680589903,-22.396489559339173,-7.431407971172507,False,142.2303546,142.3269553
session-3-20261005-80000Hz-600mV,80000,PUFF_RIGHT,189,cue_assumed,R2-R1,L8-R8,-14.0,0.0,-11.0,0.0,14.0,3.0,0.0,-0.21428571428571427,-0.0,21.428571428571427,-21.42857142857143,-0.0,False,142.327217,142.4239457
session-3-20261005-80000Hz-600mV,80000,PUFF_RIGHT,190,cue_assumed,R2-R1,R8-R7,-24.0,-6.0,-22.0,-5.0,24.73863375370596,2.0,1.0,-0.08823529411764705,-0.0196078431372549,9.038769075777338,-8.8024481466071,-1.231977402639728,False,142.4242106,142.5219307
session-3-20261005-80000Hz-600mV,80000,PUFF_RIGHT,191,cue_assumed,R2-R1,R7-R6,-35.0,-9.0,-41.0,-9.0,36.138621999185304,-6.0,0.0,0.16079632465543645,-0.041347626339969364,16.602735987374565,16.15324935349505,-2.0400161987038072,False,142.5221749,142.6189227
session-3-20261005-80000Hz-600mV,80000,PUFF_RIGHT,192,cue_assumed,R2-R1,R6-R5,-104.0,-92.0,-105.0,-94.0,138.85243966167826,-1.0,-2.0,0.014937759336099584,0.006016597510373444,1.6103915660020771,1.4955592512196692,0.339648025903714,True,142.6191627,142.7169209
session-3-20261005-80000Hz-600mV,80000,PUFF_RIGHT,193,cue_assumed,R2-R1,R5-R4,-1.0,8.0,-4.0,5.0,8.06225774829855,-3.0,-3.0,-0.3230769230769231,0.4153846153846154,52.62348115842176,-20.57901846682888,31.534791905188296,False,142.7171402,142.8150964
session-3-20261005-80000Hz-600mV,80000,PUFF_RIGHT,194,cue_assumed,R2-R1,R4-R3,-354.0,-295.0,-354.0,-298.0,460.8047308784926,0.0,-3.0,0.004167824395665463,0.005001389274798555,0.6510349827096406,0.41802793553566975,0.28536676907931263,True,142.8153246,142.9119695
session-3-20261005-80000Hz-600mV,80000,PUFF_RIGHT,195,cue_assumed,R1-L1,L2-L3,10.0,21.0,10.0,21.0,23.259406699226016,0.0,0.0,0.0,0.0,0.0,0.0,-1.2345960870745629e-15,False,142.9122659,143.012004
session-3-20261005-80000Hz-600mV,80000,PUFF_RIGHT,196,cue_assumed,R1-L1,L3-L4,-16.0,-26.0,-16.0,-26.0,30.528675044947494,0.0,0.0,-0.0,-0.0,0.0,0.0,1.4196467247734152e-15,False,143.0122052,143.1069302
session-3-20261005-80000Hz-600mV,80000,PUFF_RIGHT,197,cue_assumed,R1-L1,L4-L5,6.0,30.0,6.0,30.0,30.59411708155671,0.0,0.0,0.0,0.0,0.0,0.0,6.116451310506764e-16,False,143.1071481,143.2069844
session-3-20261005-80000Hz-600mV,80000,PUFF_RIGHT,198,cue_assumed,R1-L1,L5-L6,-7.0,-6.0,-7.0,-6.0,9.219544457292887,0.0,0.0,-0.0,-0.0,0.0,0.0,1.5715681955466792e-15,False,143.2072744,143.3059374
session-3-20261005-80000Hz-600mV,80000,PUFF_RIGHT,199,cue_assumed,R1-L1,L6-L7,-10.0,-7.0,-9.0,-6.0,12.206555615733702,1.0,1.0,-0.11409395973154363,-0.020134228187919465,11.585688927269846,-11.386519122152794,-1.3019526725788737,False,143.3061615,143.4050488
session-3-20261005-80000Hz-600mV,80000,PUFF_RIGHT,200,cue_assumed,R1-L1,L7-L8,-11.0,-2.0,-10.0,-3.0,11.180339887498949,1.0,-1.0,-0.07200000000000001,0.10400000000000001,12.64911064067352,-6.619059760569979,6.394397765227589,False,143.4052307,143.5040516
session-3-20261005-80000Hz-600mV,80000,PUFF_RIGHT,201,cue_assumed,R1-L1,L8-R8,-16.0,-11.0,-13.0,-10.0,19.4164878389476,3.0,1.0,-0.15649867374005305,0.04509283819628647,16.286558549611406,-15.529422195720354,3.0600690411590916,False,143.5043311,143.6039493
session-3-20261005-80000Hz-600mV,80000,PUFF_RIGHT,202,cue_assumed,R1-L1,R8-R7,-13.0,-6.0,-14.0,-7.0,14.317821063276353,-1.0,-1.0,0.0926829268292683,0.03414634146341463,9.877295966495897,9.321633322024269,1.7899106082460683,False,143.6041816,143.7011072
session-3-20261005-80000Hz-600mV,80000,PUFF_RIGHT,203,cue_assumed,R1-L1,R7-R6,-5.0,2.0,-8.0,3.0,5.385164807134504,-3.0,1.0,0.5862068965517242,0.03448275862068967,58.72202195147036,58.65816648727367,1.2453642667683489,False,143.7013484,143.8001042
session-3-20261005-80000Hz-600mV,80000,PUFF_RIGHT,204,cue_assumed,R1-L1,R6-R5,-27.0,-17.0,-28.0,-17.0,31.906112267087632,-1.0,0.0,0.02652259332023576,-0.01669941060903733,3.1341957040361135,2.6658416861027323,-0.9320022403358212,False,143.8003298,143.8981226
session-3-20261005-80000Hz-600mV,80000,PUFF_RIGHT,205,cue_assumed,R1-L1,R5-R4,35.0,32.0,36.0,33.0,47.4236228055175,1.0,1.0,0.029791018230324588,0.0013339261894175195,2.9820867295877664,2.9791882171794626,0.0742172894658492,False,143.8983348,143.9959924
session-3-20261005-80000Hz-600mV,80000,PUFF_RIGHT,206,cue_assumed,R1-L1,R4-R3,-46.0,-20.0,-47.0,-21.0,50.15974481593781,-1.0,-1.0,0.026232114467408585,0.010333863275039747,2.8194193721730048,2.6284142669288135,0.576932579126738,False,143.9961966,144.094985
session-3-20261005-80000Hz-600mV,80000,PUFF_RIGHT,207,cue_assumed,R1-L1,R3-R2,0.0,7.0,1.0,7.0,7.0,1.0,0.0,0.0,-0.14285714285714285,14.285714285714285,1.0152544552210818,-8.130102354155978,False,144.0951855,144.1921125
session-3-20261005-80000Hz-600mV,80000,PUFF_BOTH,0,cue_assumed,L1-L2,L3-L4,-166.0,-249.0,-172.0,-255.0,299.2607558635111,-6.0,-6.0,0.027803521779425393,-0.005560704355885079,2.8354140019978415,2.781856415182715,-0.3099831586236254,True,146.4682574,146.5659684
session-3-20261005-80000Hz-600mV,80000,PUFF_BOTH,1,cue_assumed,L1-L2,L4-L5,-64.0,-68.0,-64.0,-69.0,93.38094023943002,0.0,-1.0,0.0077981651376146785,0.007339449541284403,1.0708823421952982,0.7824890134348728,0.4172582001720716,True,146.5662828,146.6659053
session-3-20261005-80000Hz-600mV,80000,PUFF_BOTH,2,cue_assumed,L1-L2,L5-L6,-51.0,-66.0,-52.0,-68.0,83.40863264674707,-1.0,-2.0,0.02630444156964209,0.00517464424320828,2.680859170740759,2.631748680835533,0.28888383528061845,True,146.6661534,146.7629888
session-3-20261005-80000Hz-600mV,80000,PUFF_BOTH,3,cue_assumed,L1-L2,L6-L7,-24.0,-39.0,-24.0,-41.0,45.79301256742124,0.0,-2.0,0.03719599427753934,0.022889842632331903,4.367478547202789,3.7448541105102873,1.264253362009327,False,146.7631815,146.8631098
session-3-20261005-80000Hz-600mV,80000,PUFF_BOTH,4,cue_assumed,L1-L2,L7-L8,-18.0,-7.0,-17.0,-5.0,19.313207915827967,1.0,2.0,-0.08579088471849866,-0.07774798927613942,11.577921116187232,-8.249084129897199,-4.860965173098457,False,146.8633297,146.9600014
session-3-20261005-80000Hz-600mV,80000,PUFF_BOTH,5,cue_assumed,L1-L2,L8-R8,-7.0,1.0,-4.0,1.0,7.0710678118654755,3.0,0.0,-0.41999999999999993,-0.05999999999999999,42.426406871192846,-41.690481051547,-5.9061411137705,False,146.9601958,147.0601146
session-3-20261005-80000Hz-600mV,80000,PUFF_BOTH,6,cue_assumed,L1-L2,R8-R7,-3.0,3.0,-6.0,1.0,4.242640687119285,-3.0,-2.0,0.16666666666666666,0.8333333333333333,84.98365855987974,43.372087784043735,35.53767779197438,False,147.0603377,147.1589584
session-3-20261005-80000Hz-600mV,80000,PUFF_BOTH,7,cue_assumed,L1-L2,R7-R6,5.0,22.0,5.0,24.0,22.561028345356956,0.0,2.0,0.08644400785854617,0.019646365422396856,8.864844143558724,8.662162774631499,1.0359771332661059,False,147.1591705,147.2589625
session-3-20261005-80000Hz-600mV,80000,PUFF_BOTH,8,cue_assumed,L1-L2,R6-R5,-10.0,-3.0,-10.0,-2.0,10.44030650891055,0.0,1.0,-0.027522935779816512,-0.09174311926605504,9.578262852211513,-2.320501620505211,-5.389311759973408,False,147.2591853,147.3581383
session-3-20261005-80000Hz-600mV,80000,PUFF_BOTH,9,cue_assumed,L1-L2,R5-R4,34.0,50.0,35.0,50.0,60.4648658313239,1.0,0.0,0.009299781181619256,-0.013676148796498906,1.6538530041390564,0.9392433763582453,-0.7763180661212604,True,147.3584195,147.4581424
session-3-20261005-80000Hz-600mV,80000,PUFF_BOTH,10,cue_assumed,L1-L2,R4-R3,-37.0,-27.0,-37.0,-27.0,45.803929962395145,0.0,0.0,-0.0,-0.0,0.0,0.0,5.60917651163728e-16,False,147.4583617,147.5581395
session-3-20261005-80000Hz-600mV,80000,PUFF_BOTH,11,cue_assumed,L1-L2,R3-R2,16.0,20.0,16.0,20.0,25.612496949731394,0.0,0.0,0.0,0.0,0.0,0.0,1.5514900885187889e-15,False,147.5583484,147.6621258
session-3-20261005-80000Hz-600mV,80000,PUFF_BOTH,12,cue_assumed,L1-L2,R2-R1,-222.0,-300.0,-225.0,-302.0,373.2077169620157,-3.0,-2.0,0.009089342638063238,-0.0032738864478332047,0.9660977283143786,0.9094653517791595,-0.1858896036077722,True,147.6623408,147.762123
session-3-20261005-80000Hz-600mV,80000,PUFF_BOTH,13,cue_assumed,L2-L3,L4-L5,138.0,206.0,135.0,203.0,247.95160818191923,-3.0,-3.0,-0.016785946649316853,0.0033181522446324003,1.7110760919148826,-1.6780347612702418,0.19336114754881065,True,147.7623619,147.8621465
session-3-20261005-80000Hz-600mV,80000,PUFF_BOTH,14,cue_assumed,L2-L3,L5-L6,-95.0,-131.0,-93.0,-129.0,161.82088863926066,2.0,2.0,-0.017261131902543345,0.002749560834033453,1.7478751652708222,-1.7257285473837647,0.16030486363294194,True,147.8623644,147.9632438
session-3-20261005-80000Hz-600mV,80000,PUFF_BOTH,15,cue_assumed,L2-L3,L6-L7,-21.0,-35.0,-20.0,-34.0,40.8166632639171,1.0,1.0,-0.03361344537815126,0.008403361344537815,3.464794643376185,-3.3576909715121617,0.49821161261364105,False,147.9634614,148.0621245
session-3-20261005-80000Hz-600mV,80000,PUFF_BOTH,16,cue_assumed,L2-L3,L7-L8,-16.0,-10.0,-16.0,-10.0,18.867962264113206,0.0,0.0,-0.0,-0.0,0.0,0.0,-0.0,False,148.0623353,148.1632251
session-3-20261005-80000Hz-600mV,80000,PUFF_BOTH,17,cue_assumed,L2-L3,L8-R8,-12.0,-10.0,-8.0,-8.0,15.620499351813308,4.0,2.0,-0.27868852459016397,0.0655737704918033,28.629916715693415,-27.571403165985163,5.194428907734804,False,148.1634246,148.2631178
session-3-20261005-80000Hz-600mV,80000,PUFF_BOTH,18,cue_assumed,L2-L3,R8-R7,-9.0,-4.0,-10.0,-5.0,9.848857801796104,-1.0,-1.0,0.13402061855670103,0.05154639175257732,14.35916317235476,13.51915229662497,2.602562202499808,False,148.2633511,148.3609708
session-3-20261005-80000Hz-600mV,80000,PUFF_BOTH,19,cue_assumed,L2-L3,R7-R6,-7.0,2.0,-9.0,2.0,7.280109889280518,-2.0,0.0,0.2641509433962264,0.07547169811320754,27.472112789737807,26.64018260037613,3.416588191771343,False,148.3611894,148.4589856
session-3-20261005-80000Hz-600mV,80000,PUFF_BOTH,20,cue_assumed,L2-L3,R6-R5,-15.0,-10.0,-15.0,-10.0,18.027756377319946,0.0,0.0,-0.0,-0.0,0.0,0.0,1.467948314521623e-15,False,148.4592225,148.5573927
session-3-20261005-80000Hz-600mV,80000,PUFF_BOTH,21,cue_assumed,L2-L3,R5-R4,5.0,2.0,6.0,2.0,5.385164807134504,1.0,0.0,0.1724137931034483,-0.06896551724137932,18.56953381770519,17.44404390294072,-3.366460663429802,False,148.5576227,148.6569844
session-3-20261005-80000Hz-600mV,80000,PUFF_BOTH,22,cue_assumed,L2-L3,R4-R3,-16.0,3.0,-16.0,3.0,16.278820596099706,0.0,0.0,-0.0,-0.0,0.0,0.0,-0.0,False,148.6571907,148.755005
session-3-20261005-80000Hz-600mV,80000,PUFF_BOTH,23,cue_assumed,L2-L3,R3-R2,-6.0,-4.0,-6.0,-3.0,7.211102550927978,0.0,1.0,-0.07692307692307693,-0.11538461538461539,13.867504905630728,-6.973949058093664,-7.125016348901797,False,148.7552024,148.8541999
session-3-20261005-80000Hz-600mV,80000,PUFF_BOTH,24,cue_assumed,L2-L3,R2-R1,42.0,30.0,40.0,29.0,51.61395160225576,-2.0,-1.0,-0.04279279279279279,0.006756756756756756,4.332293707583636,-4.276894571305768,0.404434079407959,False,148.8544181,148.9501088
session-3-20261005-80000Hz-600mV,80000,PUFF_BOTH,25,cue_assumed,L2-L3,R1-L1,-33.0,4.0,-31.0,5.0,33.24154027718932,2.0,1.0,-0.05610859728506788,-0.037104072398190045,6.7267279399631255,-5.53796041225384,-2.251119926697028,False,148.9503124,149.0491131
session-3-20261005-80000Hz-600mV,80000,PUFF_BOTH,26,cue_assumed,L3-L4,L1-L2,-218.0,-245.0,-221.0,-249.0,327.9466420014085,-3.0,-4.0,0.015193074784516826,0.0012738379715292567,1.5246382672149834,1.5193873973646133,0.0718932221473612,True,149.0493054,149.1469813
session-3-20261005-80000Hz-600mV,80000,PUFF_BOTH,27,cue_assumed,L3-L4,L5-L6,144.0,207.0,145.0,207.0,252.1606630701942,1.0,0.0,0.002264685067232838,-0.0032554847841472045,0.3965725612490276,0.22699721702228448,-0.18610341680651837,True,149.1471812,149.2560561
session-3-20261005-80000Hz-600mV,80000,PUFF_BOTH,28,cue_assumed,L3-L4,L6-L7,14.0,23.0,16.0,22.0,26.92582403567252,2.0,-1.0,0.006896551724137934,-0.08275862068965519,8.304547985373997,1.0291866329930288,-4.698680517299439,False,149.2564916,149.3559985
session-3-20261005-80000Hz-600mV,80000,PUFF_BOTH,29,cue_assumed,L3-L4,L7-L8,7.0,22.0,7.0,24.0,23.08679276123039,0.0,2.0,0.0825515947467167,0.026266416510318948,8.662961636484198,8.287020456052495,1.389919511618165,False,149.3562173,149.4531067
session-3-20261005-80000Hz-600mV,80000,PUFF_BOTH,30,cue_assumed,L3-L4,L8-R8,9.0,20.0,10.0,17.0,21.93171219946131,1.0,-3.0,-0.10602910602910601,-0.0977130977130977,14.418745018211808,-10.070482669381086,-6.237799601505709,False,149.4533157,149.5521201
session-3-20261005-80000Hz-600mV,80000,PUFF_BOTH,31,cue_assumed,L3-L4,R8-R7,0.0,9.0,-2.0,7.0,9.0,-2.0,-2.0,-0.2222222222222222,0.2222222222222222,31.426968052735443,-19.109890119105344,15.945395900922858,False,149.5523402,149.6480359
session-3-20261005-80000Hz-600mV,80000,PUFF_BOTH,32,cue_assumed,L3-L4,R7-R6,6.0,23.0,4.0,24.0,23.769728648009426,-2.0,1.0,0.019469026548672566,0.09203539823008848,9.407208683835972,2.361497186171957,5.158551780606039,False,149.6482628,149.746986
session-3-20261005-80000Hz-600mV,80000,PUFF_BOTH,33,cue_assumed,L3-L4,R6-R5,-11.0,-8.0,-12.0,-7.0,13.601470508735444,-1.0,1.0,0.016216216216216214,-0.1027027027027027,10.397504898200726,2.1392795766272954,-5.770936221574343,False,149.7472343,149.8450504
session-3-20261005-80000Hz-600mV,80000,PUFF_BOTH,34,cue_assumed,L3-L4,R5-R4,38.0,43.0,37.0,42.0,57.38466694161429,-1.0,-1.0,-0.024597631339204375,0.0015183723048891587,2.4644450124838726,-2.459644954329432,0.08919012022645328,True,149.8452706,149.9441106
session-3-20261005-80000Hz-600mV,80000,PUFF_BOTH,35,cue_assumed,L3-L4,R4-R3,-51.0,-28.0,-50.0,-27.0,58.180752831155424,1.0,1.0,-0.023338257016248153,-0.006794682422451993,2.430724068623245,-2.3314621837061678,-0.3986030455652167,True,149.9443144,150.0432358
session-3-20261005-80000Hz-600mV,80000,PUFF_BOTH,36,cue_assumed,L3-L4,R3-R2,-18.0,1.0,-18.0,1.0,18.027756377319946,0.0,0.0,-0.0,-0.0,0.0,0.0,-1.7615379774259476e-16,False,150.0434409,150.1441059
session-3-20261005-80000Hz-600mV,80000,PUFF_BOTH,37,cue_assumed,L3-L4,R2-R1,39.0,-6.0,37.0,-7.0,39.45883931389772,-2.0,-1.0,-0.04624277456647399,-0.032755298651252415,5.666836674317049,-4.5680475597197905,-1.966960760235827,False,150.1443134,150.2421139
session-3-20261005-80000Hz-600mV,80000,PUFF_BOTH,38,cue_assumed,L3-L4,R1-L1,-97.0,-77.0,-94.0,-76.0,123.84667940643382,3.0,1.0,-0.023992697874559918,0.008736471508671274,2.5533810638479655,-2.3953597549480232,0.5128543359222808,True,150.2423331,150.3411156
session-3-20261005-80000Hz-600mV,80000,PUFF_BOTH,39,cue_assumed,L4-L5,L1-L2,-59.0,-48.0,-60.0,-49.0,76.05918747922567,-1.0,-1.0,0.01849611063094209,0.0019014693171996537,1.859359282216056,1.8497885592267727,0.10696755641625433,True,150.3413265,150.4382021
session-3-20261005-80000Hz-600mV,80000,PUFF_BOTH,40,cue_assumed,L4-L5,L2-L3,126.0,205.0,125.0,203.0,240.62626623043462,-1.0,-2.0,-0.009257180359579283,-0.0008117303673511683,0.9292701135787187,-0.9256847828237214,-0.046943276118787104,True,150.4384175,150.5369772
session-3-20261005-80000Hz-600mV,80000,PUFF_BOTH,41,cue_assumed,L4-L5,L6-L7,-84.0,-154.0,-84.0,-155.0,175.41949720598336,0.0,-1.0,0.005004549590536852,0.0027297543221110098,0.5700620603340159,0.5008256810030698,0.1556241881753746,True,150.5371999,150.6349836
session-3-20261005-80000Hz-600mV,80000,PUFF_BOTH,42,cue_assumed,L4-L5,L7-L8,-44.0,-50.0,-44.0,-52.0,66.60330322138685,0.0,-2.0,0.02254283137962128,0.01983769161406673,3.0028540676910214,2.2735242384082532,1.1114189104198422,True,150.6352137,150.7359688
session-3-20261005-80000Hz-600mV,80000,PUFF_BOTH,43,cue_assumed,L4-L5,L8-R8,-30.0,-37.0,-25.0,-33.0,47.634021455258214,5.0,4.0,-0.13133539003966507,0.028646981048920227,13.442333949165283,-13.08631556994272,1.888826200725101,False,150.7361554,150.8341636
session-3-20261005-80000Hz-600mV,80000,PUFF_BOTH,44,cue_assumed,L4-L5,R8-R7,-17.0,-14.0,-17.0,-12.0,22.02271554554524,0.0,2.0,-0.057731958762886594,-0.07010309278350516,9.081532183729996,-5.512778368996418,-4.254866880151112,False,150.83438,150.9341195
session-3-20261005-80000Hz-600mV,80000,PUFF_BOTH,45,cue_assumed,L4-L5,R7-R6,-15.0,-12.0,-19.0,-12.0,19.209372712298546,-4.0,0.0,0.16260162601626016,-0.13008130081300814,20.823168251814142,16.98562670844894,-6.384163939512461,False,150.9343368,151.0341072
session-3-20261005-80000Hz-600mV,80000,PUFF_BOTH,46,cue_assumed,L4-L5,R6-R5,-4.0,-3.0,-4.0,-3.0,5.0,0.0,0.0,-0.0,-0.0,0.0,0.0,-0.0,False,151.0343032,151.1359939
session-3-20261005-80000Hz-600mV,80000,PUFF_BOTH,47,cue_assumed,L4-L5,R5-R4,-27.0,-29.0,-26.0,-27.0,39.6232255123179,1.0,2.0,-0.05414012738853504,-0.01592356687898089,5.643326479831004,-5.400610012604934,-0.9644843022265399,False,151.1362351,151.2360333
session-3-20261005-80000Hz-600mV,80000,PUFF_BOTH,48,cue_assumed,L4-L5,R4-R3,-1.0,35.0,-1.0,34.0,35.014282800023196,0.0,-1.0,-0.02854812398042414,0.0008156606851549754,2.8559773898876992,-2.8547781553664553,0.04810727627957327,False,151.236251,151.3349589
session-3-20261005-80000Hz-600mV,80000,PUFF_BOTH,49,cue_assumed,L4-L5,R3-R2,18.0,6.0,17.0,6.0,18.973665961010276,-1.0,0.0,-0.05,0.016666666666666666,5.2704627669473,-4.985381241738507,1.0050860052541821,False,151.3351912,151.4330665
session-3-20261005-80000Hz-600mV,80000,PUFF_BOTH,50,cue_assumed,L4-L5,R2-R1,97.0,62.0,94.0,62.0,115.12167476196652,-3.0,0.0,-0.0219572926884479,0.01403455821323474,2.6059384613740253,-2.185660246078902,0.8221172357945201,True,151.4332944,151.5319285
session-3-20261005-80000Hz-600mV,80000,PUFF_BOTH,51,cue_assumed,L4-L5,R1-L1,-38.0,25.0,-35.0,26.0,45.48626166217664,3.0,1.0,-0.043015949734171104,-0.05461575640405994,6.952159937113321,-4.145873677197464,-3.2663674661304962,False,151.5321851,151.6309148
session-3-20261005-80000Hz-600mV,80000,PUFF_BOTH,52,cue_assumed,L5-L6,L1-L2,-57.0,-68.0,-58.0,-70.0,88.72992730753249,-1.0,-2.0,0.024514162326940175,0.005842753715229265,2.5200831842786426,2.4530822659547313,0.3267514610697437,True,151.631134,151.7307214
session-3-20261005-80000Hz-600mV,80000,PUFF_BOTH,53,cue_assumed,L5-L6,L2-L3,-104.0,-142.0,-103.0,-140.0,176.0113632695344,1.0,2.0,-0.012524209167204649,-0.0021304067140090386,1.2704111461687817,-1.2521911071632141,-0.12361125721958315,True,151.7309866,151.8308595
session-3-20261005-80000Hz-600mV,80000,PUFF_BOTH,54,cue_assumed,L5-L6,L3-L4,149.0,228.0,149.0,228.0,272.3692346796899,0.0,0.0,0.0,0.0,0.0,0.0,1.329414835382095e-15,True,151.8310679,151.9280611
session-3-20261005-80000Hz-600mV,80000,PUFF_BOTH,55,cue_assumed,L5-L6,L7-L8,-97.0,-150.0,-89.0,-139.0,178.63090438107287,8.0,11.0,-0.07602870663449182,0.004168103043028616,7.61428743579524,-7.601930537131485,0.2584637582710875,True,151.9282757,152.0259299
session-3-20261005-80000Hz-600mV,80000,PUFF_BOTH,56,cue_assumed,L5-L6,L8-R8,-29.0,-44.0,-32.0,-52.0,52.69724850502159,-3.0,-8.0,0.15808426359380628,0.036010082823190494,16.213377335067815,15.864398658455126,1.781011329862605,True,152.026123,152.1241256
session-3-20261005-80000Hz-600mV,80000,PUFF_BOTH,57,cue_assumed,L5-L6,R8-R7,-13.0,-11.0,-17.0,-15.0,17.029386365926403,-4.0,-4.0,0.3310344827586207,0.027586206896551724,33.21819194149599,33.132031949619375,1.187307315728827,False,152.1243573,152.2220373
session-3-20261005-80000Hz-600mV,80000,PUFF_BOTH,58,cue_assumed,L5-L6,R7-R6,-3.0,0.0,-7.0,-1.0,3.0,-4.0,-1.0,1.3333333333333333,0.3333333333333333,137.43685418725536,135.70226039551585,8.13010235415598,False,152.2224301,152.3430496
session-3-20261005-80000Hz-600mV,80000,PUFF_BOTH,59,cue_assumed,L5-L6,R6-R5,-45.0,-3.0,-46.0,-4.0,45.09988913511872,-1.0,-1.0,0.02359882005899705,0.02064896755162242,3.1357362279453236,2.3807073762981634,1.1556658938199496,False,152.3433693,152.4389148
session-3-20261005-80000Hz-600mV,80000,PUFF_BOTH,60,cue_assumed,L5-L6,R5-R4,-4.0,5.0,-4.0,5.0,6.4031242374328485,0.0,0.0,0.0,-0.0,0.0,0.0,-1.5514900885187889e-15,False,152.4391258,152.5359923
session-3-20261005-80000Hz-600mV,80000,PUFF_BOTH,61,cue_assumed,L5-L6,R4-R3,-5.0,-3.0,-5.0,-3.0,5.830951894845301,0.0,0.0,-0.0,-0.0,0.0,0.0,9.354572592539755e-16,False,152.5362248,152.6310898
session-3-20261005-80000Hz-600mV,80000,PUFF_BOTH,62,cue_assumed,L5-L6,R3-R2,-2.0,-2.0,-2.0,-1.0,2.8284271247461903,0.0,1.0,-0.25,-0.25,35.35533905932738,-20.943058495790524,-18.43494882292201,False,152.6313447,152.7290547
session-3-20261005-80000Hz-600mV,80000,PUFF_BOTH,63,cue_assumed,L5-L6,R2-R1,39.0,10.0,38.0,9.0,40.26164427839479,-1.0,-1.0,-0.03022825416409624,-0.017890191239975324,3.5125578890775473,-3.00632505342322,-1.0568633291998177,False,152.7293016,152.8269133
session-3-20261005-80000Hz-600mV,80000,PUFF_BOTH,64,cue_assumed,L5-L6,R1-L1,-58.0,-39.0,-57.0,-39.0,69.8927750200262,1.0,0.0,-0.011873080859774822,0.00798362333674514,1.4307630505634845,-1.1840829334091363,0.46291418687451596,True,152.8271843,152.925906
session-3-20261005-80000Hz-600mV,80000,PUFF_BOTH,65,cue_assumed,L6-L7,L1-L2,-25.0,-31.0,-27.0,-31.0,39.824615503479755,-2.0,0.0,0.031525851197982346,-0.039092055485498114,5.022019609518255,3.2266327306961884,-2.1703173372478455,False,152.9261149,153.0300467
session-3-20261005-80000Hz-600mV,80000,PUFF_BOTH,66,cue_assumed,L6-L7,L2-L3,-29.0,-34.0,-29.0,-33.0,44.68780594300866,0.0,1.0,-0.01702553830746119,-0.014521782674011016,2.2377469175267226,-1.691827678886837,-0.8463865214553774,False,153.0303196,153.1279356
session-3-20261005-80000Hz-600mV,80000,PUFF_BOTH,67,cue_assumed,L6-L7,L3-L4,23.0,33.0,24.0,33.0,40.22437072223753,1.0,0.0,0.014215080346106303,-0.020395550061804695,2.486055050818141,1.4420133703872295,-1.1520450405014213,False,153.1281493,153.2282177
session-3-20261005-80000Hz-600mV,80000,PUFF_BOTH,68,cue_assumed,L6-L7,L4-L5,-104.0,-172.0,-105.0,-170.0,200.9975124224178,-1.0,2.0,-0.0059405940594059415,-0.009405940594059406,1.1124853987249619,-0.5896094838459209,-0.5421251611613419,True,153.2283867,153.330119
session-3-20261005-80000Hz-600mV,80000,PUFF_BOTH,69,cue_assumed,L6-L7,L8-R8,-155.0,-252.0,-188.0,-287.0,295.8530040408581,-33.0,-35.0,0.15920437797758458,-0.03302905322807298,16.25944412468412,15.967482868239479,-1.6320793113835559,True,153.3303402,153.4302481
session-3-20261005-80000Hz-600mV,80000,PUFF_BOTH,70,cue_assumed,L6-L7,R8-R7,-21.0,-46.0,-33.0,-59.0,50.566787519082126,-12.0,-13.0,0.33242080563159954,-0.10911224090731327,34.987008036209275,33.68809537112032,-4.68151821390682,True,153.430474,153.5281224
session-3-20261005-80000Hz-600mV,80000,PUFF_BOTH,71,cue_assumed,L6-L7,R7-R6,-27.0,-25.0,-44.0,-39.0,36.796738985948195,-17.0,-14.0,0.5974889217134416,-0.03471196454948302,59.84963926818404,59.78660067352515,-1.2447886900993923,False,153.5283956,153.6281936
session-3-20261005-80000Hz-600mV,80000,PUFF_BOTH,72,cue_assumed,L6-L7,R6-R5,-10.0,-14.0,-13.0,-18.0,17.204650534085253,-3.0,-4.0,0.29054054054054057,-0.0067567567567567545,29.061909685954824,29.055822826424226,-0.29997516230390714,False,153.6284083,153.7251994
session-3-20261005-80000Hz-600mV,80000,PUFF_BOTH,73,cue_assumed,L6-L7,R5-R4,-4.0,-11.0,-5.0,-12.0,11.704699910719626,-1.0,-1.0,0.10948905109489052,-0.051094890510948905,12.08244186660354,11.066495503178908,-2.6367584261404473,False,153.7254022,153.8252494
session-3-20261005-80000Hz-600mV,80000,PUFF_BOTH,74,cue_assumed,L6-L7,R4-R3,-7.0,14.0,-7.0,14.0,15.652475842498529,0.0,0.0,0.0,-0.0,0.0,0.0,0.0,False,153.8254767,153.9261965
session-3-20261005-80000Hz-600mV,80000,PUFF_BOTH,75,cue_assumed,L6-L7,R3-R2,1.0,-1.0,1.0,-1.0,1.4142135623730951,0.0,0.0,0.0,0.0,0.0,0.0,0.0,False,153.9264038,154.0282318
session-3-20261005-80000Hz-600mV,80000,PUFF_BOTH,76,cue_assumed,L6-L7,R2-R1,56.0,20.0,57.0,21.0,59.464274989274024,1.0,1.0,0.021493212669683258,0.01018099547511312,2.3782574707724704,2.154394726761266,0.5710353731147711,False,154.0284549,154.1282362
session-3-20261005-80000Hz-600mV,80000,PUFF_BOTH,77,cue_assumed,L6-L7,R1-L1,-61.0,-26.0,-61.0,-27.0,66.30987860040162,0.0,-1.0,0.005913122583579713,0.013873095292244713,1.508070925640246,0.6008783738410184,0.7901471811192442,False,154.128431,154.2281863
session-3-20261005-80000Hz-600mV,80000,PUFF_BOTH,78,cue_assumed,L7-L8,L1-L2,-17.0,-5.0,-15.0,-3.0,17.72004514666935,2.0,2.0,-0.14012738853503187,-0.07643312101910828,15.961737689352445,-13.673704473300507,-5.079607860014571,False,154.2284673,154.3269703
session-3-20261005-80000Hz-600mV,80000,PUFF_BOTH,79,cue_assumed,L7-L8,L2-L3,-21.0,-16.0,-21.0,-17.0,26.40075756488817,0.0,-1.0,0.022955523672883785,0.03012912482065997,3.7877700953928506,2.3399124279146033,1.687045764522046,False,154.3271841,154.4292204
session-3-20261005-80000Hz-600mV,80000,PUFF_BOTH,80,cue_assumed,L7-L8,L3-L4,18.0,24.0,19.0,26.0,30.0,1.0,2.0,0.07333333333333333,0.013333333333333334,7.4535599249993,7.341614587364109,0.7117122060356939,False,154.429435,154.5291155
session-3-20261005-80000Hz-600mV,80000,PUFF_BOTH,81,cue_assumed,L7-L8,L4-L5,-57.0,-68.0,-57.0,-69.0,88.72992730753249,0.0,-1.0,0.008637114187730216,0.00723993395147974,1.1270154618002348,0.8663097748982773,0.41125844922006016,True,154.5293166,154.6259748
session-3-20261005-80000Hz-600mV,80000,PUFF_BOTH,82,cue_assumed,L7-L8,L5-L6,-108.0,-153.0,-99.0,-143.0,187.27786842016332,9.0,10.0,-0.07133692584039004,0.008468052347959967,7.183776791441324,-7.129831850149804,0.5224394369587477,True,154.6261923,154.7251171
session-3-20261005-80000Hz-600mV,80000,PUFF_BOTH,83,cue_assumed,L7-L8,R8-R7,-69.0,-101.0,-81.0,-116.0,122.31925441237777,-12.0,-15.0,0.1565967116695629,-0.011829969255447128,15.704291858694248,15.665721007454515,-0.5860155644325632,True,154.7253161,154.8241146
session-3-20261005-80000Hz-600mV,80000,PUFF_BOTH,84,cue_assumed,L7-L8,R7-R6,-33.0,-51.0,-50.0,-71.0,60.74537019394976,-17.0,-20.0,0.42845528455284554,-0.05609756097560975,43.21121002803232,42.955637745223726,-2.248934709159531,True,154.8243117,154.9229723
session-3-20261005-80000Hz-600mV,80000,PUFF_BOTH,85,cue_assumed,L7-L8,R6-R5,-7.0,-20.0,-10.0,-27.0,21.18962010041709,-3.0,-7.0,0.3585746102449889,-0.024498886414253903,35.941055430786136,35.87954838892649,-1.0330906104742084,False,154.9231679,155.0232283
session-3-20261005-80000Hz-600mV,80000,PUFF_BOTH,86,cue_assumed,L7-L8,R5-R4,-6.0,-12.0,-6.0,-13.0,13.416407864998739,0.0,-1.0,0.06666666666666667,0.03333333333333333,7.4535599249993,6.718737290547461,1.7899106082460694,False,155.0234789,155.1229859
session-3-20261005-80000Hz-600mV,80000,PUFF_BOTH,87,cue_assumed,L7-L8,R4-R3,-5.0,13.0,-6.0,13.0,13.92838827718412,-1.0,0.0,0.025773195876288662,0.06701030927835051,7.17958158617738,2.795964460081546,3.7376295434101032,False,155.1232053,155.221991
session-3-20261005-80000Hz-600mV,80000,PUFF_BOTH,88,cue_assumed,L7-L8,R3-R2,1.0,0.0,1.0,-1.0,1.0,0.0,-1.0,0.0,-1.0,100.0,41.42135623730952,-45.0,False,155.2222324,155.321985
session-3-20261005-80000Hz-600mV,80000,PUFF_BOTH,89,cue_assumed,L7-L8,R2-R1,52.0,19.0,49.0,16.0,55.362442142665635,-3.0,-3.0,-0.06949429037520391,-0.03230016313213704,7.663391503189579,-6.893384972779293,-1.9880804814900692,False,155.3221897,155.420083
session-3-20261005-80000Hz-600mV,80000,PUFF_BOTH,90,cue_assumed,L7-L8,R1-L1,-59.0,-33.0,-58.0,-35.0,67.60177512462228,1.0,-2.0,0.0015317286652078762,0.03304157549234135,3.307706008278112,0.20766184449847458,1.889562138060534,True,155.4203151,155.5179647
session-3-20261005-80000Hz-600mV,80000,PUFF_BOTH,91,cue_assumed,L8-R8,L1-L2,-9.0,9.0,-9.0,9.0,12.727922061357855,0.0,0.0,-0.0,-0.0,0.0,0.0,-0.0,False,155.5181716,155.6172332
session-3-20261005-80000Hz-600mV,80000,PUFF_BOTH,92,cue_assumed,L8-R8,L2-L3,-20.0,-14.0,-19.0,-12.0,24.413111231467404,1.0,2.0,-0.08053691275167785,-0.0436241610738255,9.159291318091396,-7.950261475569043,-2.7163758839810286,False,155.6174531,155.7169685
session-3-20261005-80000Hz-600mV,80000,PUFF_BOTH,93,cue_assumed,L8-R8,L3-L4,18.0,24.0,16.0,21.0,30.0,-2.0,-3.0,-0.12000000000000001,-0.006666666666666667,12.018504251546632,-11.997474783706085,-0.4340506321394096,False,155.7171808,155.8141223
session-3-20261005-80000Hz-600mV,80000,PUFF_BOTH,94,cue_assumed,L8-R8,L4-L5,-45.0,-50.0,-42.0,-45.0,67.26812023536856,3.0,5.0,-0.08508287292817679,-0.016574585635359115,8.668224820974668,-8.493275312775916,-1.0378534933013628,True,155.8143603,155.9149664
session-3-20261005-80000Hz-600mV,80000,PUFF_BOTH,95,cue_assumed,L8-R8,L5-L6,-37.0,-41.0,-42.0,-48.0,55.226805085936306,-5.0,-7.0,0.15475409836065573,0.01770491803278689,15.576358715042232,15.48898180360232,0.8784013878691822,True,155.9151818,156.0111155
session-3-20261005-80000Hz-600mV,80000,PUFF_BOTH,96,cue_assumed,L8-R8,L6-L7,-175.0,-254.0,-214.0,-287.0,308.4493475434824,-39.0,-33.0,0.15983645326410276,-0.04341976645189771,16.562900685201566,16.06489023124049,-2.143930002066917,True,156.0113242,156.1099763
session-3-20261005-80000Hz-600mV,80000,PUFF_BOTH,97,cue_assumed,L8-R8,R7-R6,-167.0,-276.0,-205.0,-311.0,322.59107241211746,-38.0,-35.0,0.15380771633113918,-0.044616345553259974,16.014815607283175,15.467002410030805,-2.2144550302261723,True,156.1102533,156.2081179
session-3-20261005-80000Hz-600mV,80000,PUFF_BOTH,98,cue_assumed,L8-R8,R6-R5,-32.0,-63.0,-40.0,-77.0,70.66116330771806,-8.0,-14.0,0.22791908672140998,-0.011215701982775892,22.819487738090892,22.797030725734892,-0.5233199198917281,True,156.2083707,156.3080062
session-3-20261005-80000Hz-600mV,80000,PUFF_BOTH,99,cue_assumed,L8-R8,R5-R4,-18.0,-34.0,-15.0,-30.0,38.47076812334269,3.0,4.0,-0.12837837837837837,0.020270270270270268,12.996881122750908,-12.814270942135519,1.332219853869639,False,156.30825,156.4049926
session-3-20261005-80000Hz-600mV,80000,PUFF_BOTH,100,cue_assumed,L8-R8,R4-R3,-2.0,22.0,-4.0,20.0,22.090722034374522,-2.0,-2.0,-0.08196721311475409,0.0983606557377049,12.803687993289598,-7.6712928503034465,6.1155035662854065,False,156.4052271,156.503089
session-3-20261005-80000Hz-600mV,80000,PUFF_BOTH,101,cue_assumed,L8-R8,R3-R2,-2.0,-5.0,-1.0,-4.0,5.385164807134504,1.0,1.0,-0.2413793103448276,0.10344827586206896,26.261286571944513,-23.435850651122347,7.765166018425335,False,156.5033587,156.6041142
session-3-20261005-80000Hz-600mV,80000,PUFF_BOTH,102,cue_assumed,L8-R8,R2-R1,50.0,9.0,51.0,11.0,50.80354318352215,1.0,2.0,0.026346377373111195,0.035257652072839984,4.401401629453762,2.695179457294805,1.9674844868557884,False,156.604328,156.7022253
session-3-20261005-80000Hz-600mV,80000,PUFF_BOTH,103,cue_assumed,L8-R8,R1-L1,-69.0,-45.0,-67.0,-42.0,82.37718130647589,2.0,3.0,-0.040229885057471264,-0.017241379310344827,4.3768810953240855,-4.007503486089181,-1.0291548043059815,True,156.7024308,156.800118
session-3-20261005-80000Hz-600mV,80000,PUFF_BOTH,104,cue_assumed,R8-R7,L1-L2,-1.0,13.0,-2.0,11.0,13.038404810405298,-1.0,-2.0,-0.14705882352941177,0.08823529411764706,17.149858514250884,-14.25070742874558,5.9061411137704996,False,156.8003613,156.8969711
session-3-20261005-80000Hz-600mV,80000,PUFF_BOTH,105,cue_assumed,R8-R7,L2-L3,-14.0,-7.0,-14.0,-6.0,15.652475842498529,0.0,1.0,-0.02857142857142857,-0.05714285714285714,6.388765649999399,-2.6892207661348477,-3.366460663429801,False,156.8971812,156.9981165
session-3-20261005-80000Hz-600mV,80000,PUFF_BOTH,106,cue_assumed,R8-R7,L3-L4,12.0,14.0,10.0,12.0,18.439088914585774,-2.0,-2.0,-0.15294117647058825,0.011764705882352944,15.33929977694741,-15.285948106377923,0.7957235527392724,False,156.99835,157.0970143
session-3-20261005-80000Hz-600mV,80000,PUFF_BOTH,107,cue_assumed,R8-R7,L4-L5,-26.0,-22.0,-25.0,-21.0,34.058772731852805,1.0,1.0,-0.041379310344827586,-0.0034482758620689655,4.1522739926869985,-4.137310842988584,-0.20609903738412583,False,157.0972415,157.1959994
session-3-20261005-80000Hz-600mV,80000,PUFF_BOTH,108,cue_assumed,R8-R7,L5-L6,-16.0,-7.0,-17.0,-10.0,17.46424919657298,-1.0,-3.0,0.12131147540983607,0.13442622950819672,18.107149208503706,12.934044294250512,6.836167188803063,False,157.1962588,157.2950577
session-3-20261005-80000Hz-600mV,80000,PUFF_BOTH,109,cue_assumed,R8-R7,L6-L7,-26.0,-49.0,-37.0,-62.0,55.47071299343465,-11.0,-13.0,0.2999675008124797,-0.0653233669158271,30.699779121176878,30.160771564779232,-2.8766932719778566,True,157.2952853,157.3950015
session-3-20261005-80000Hz-600mV,80000,PUFF_BOTH,110,cue_assumed,R8-R7,L7-L8,-80.0,-95.0,-92.0,-106.0,124.19742348374221,-12.0,-11.0,0.12998379254457051,-0.016855753646677477,13.10721280641595,13.010950259008446,-0.8546068796066643,True,157.3952393,157.4930328
session-3-20261005-80000Hz-600mV,80000,PUFF_BOTH,111,cue_assumed,R8-R7,R6-R5,-76.0,-151.0,-71.0,-147.0,169.04733065032408,5.0,4.0,-0.03443328550932568,0.015781922525107604,3.7877700953928506,-3.4304318529432276,0.936400385660197,True,157.4932477,157.5931309
session-3-20261005-80000Hz-600mV,80000,PUFF_BOTH,112,cue_assumed,R8-R7,R5-R4,-23.0,-44.0,-24.0,-47.0,49.64876634922564,-1.0,-3.0,0.06288032454361055,0.010141987829614603,6.36929755298482,6.292871078876527,0.5466988615575965,False,157.5933385,157.6919617
session-3-20261005-80000Hz-600mV,80000,PUFF_BOTH,113,cue_assumed,R8-R7,R4-R3,-1.0,23.0,-1.0,26.0,23.021728866442675,0.0,3.0,0.13018867924528302,-0.005660377358490566,13.031167282892081,13.020285372407269,-0.2869547602333505,False,157.6921927,157.7911386
session-3-20261005-80000Hz-600mV,80000,PUFF_BOTH,114,cue_assumed,R8-R7,R3-R2,-3.0,-7.0,-3.0,-7.0,7.615773105863909,0.0,0.0,-0.0,-0.0,0.0,0.0,-1.1515801432885144e-15,False,157.7913761,157.8910616
session-3-20261005-80000Hz-600mV,80000,PUFF_BOTH,115,cue_assumed,R8-R7,R2-R1,39.0,0.0,41.0,2.0,39.0,2.0,2.0,0.05128205128205128,0.05128205128205128,7.252377242938948,5.2532089834553375,2.792702365713283,False,157.8912763,157.9889862
session-3-20261005-80000Hz-600mV,80000,PUFF_BOTH,116,cue_assumed,R8-R7,R1-L1,-60.0,-33.0,-60.0,-33.0,68.47627326307996,0.0,0.0,-0.0,-0.0,0.0,0.0,-1.953507673835557e-15,True,157.9892045,158.0890572
session-3-20261005-80000Hz-600mV,80000,PUFF_BOTH,117,cue_assumed,R7-R6,L1-L2,1.0,24.0,4.0,26.0,24.020824298928627,3.0,2.0,0.08838821490467937,-0.121317157712305,15.0101063585266,9.51286495653314,-6.360218232166396,False,158.089263,158.1880204
session-3-20261005-80000Hz-600mV,80000,PUFF_BOTH,118,cue_assumed,R7-R6,L2-L3,-16.0,-9.0,-16.0,-9.0,18.35755975068582,0.0,0.0,-0.0,-0.0,0.0,0.0,-0.0,False,158.1883092,158.2860142
session-3-20261005-80000Hz-600mV,80000,PUFF_BOTH,119,cue_assumed,R7-R6,L3-L4,13.0,20.0,13.0,21.0,23.853720883753127,0.0,1.0,0.0351493848857645,0.022847100175746926,4.192218081503186,3.5401486871550425,1.2643874709838512,False,158.2862454,158.3821117
session-3-20261005-80000Hz-600mV,80000,PUFF_BOTH,120,cue_assumed,R7-R6,L4-L5,-28.0,-30.0,-29.0,-31.0,41.036569057366385,-1.0,-1.0,0.03444180522565321,-0.001187648456057007,3.4462275839778886,3.4442486998365274,-0.06578157788559996,False,158.3823371,158.4811514
session-3-20261005-80000Hz-600mV,80000,PUFF_BOTH,121,cue_assumed,R7-R6,L5-L6,-9.0,-3.0,-11.0,-5.0,9.486832980505138,-2.0,-2.0,0.26666666666666666,0.13333333333333336,29.8142396999972,27.366487830285323,6.0090059574945265,False,158.4813417,158.5781193
session-3-20261005-80000Hz-600mV,80000,PUFF_BOTH,122,cue_assumed,R7-R6,L6-L7,-36.0,-34.0,-49.0,-49.0,49.51767361255979,-13.0,-15.0,0.398858075040783,0.0399673735725938,40.085552880748715,39.94289210449726,1.636577041616719,False,158.5783354,158.6772249
session-3-20261005-80000Hz-600mV,80000,PUFF_BOTH,123,cue_assumed,R7-R6,L7-L8,-45.0,-51.0,-62.0,-70.0,68.01470429252781,-17.0,-19.0,0.3748378728923476,-0.0025940337224383972,37.48468486801148,37.48403200917947,-0.10810511608020429,True,158.6774379,158.7752096
session-3-20261005-80000Hz-600mV,80000,PUFF_BOTH,124,cue_assumed,R7-R6,L8-R8,-192.0,-273.0,-230.0,-307.0,333.75589882427545,-38.0,-34.0,0.14882443241496324,-0.03452640650669252,15.277691065701434,14.93431381705932,-1.7214310997075466,True,158.7754295,158.8759676
session-3-20261005-80000Hz-600mV,80000,PUFF_BOTH,125,cue_assumed,R7-R6,R5-R4,-34.0,-77.0,-33.0,-72.0,84.17244204607586,1.0,5.0,-0.059139026111503186,-0.013126323218066336,6.057825328153828,-5.904746530569572,-0.7993042032681936,True,158.8761761,158.9751277
session-3-20261005-80000Hz-600mV,80000,PUFF_BOTH,126,cue_assumed,R7-R6,R4-R3,-5.0,15.0,-6.0,15.0,15.811388300841896,-1.0,0.0,0.019999999999999997,0.06,6.324555320336758,2.176318195558391,3.3664606634298018,False,158.9753322,159.074975
session-3-20261005-80000Hz-600mV,80000,PUFF_BOTH,127,cue_assumed,R7-R6,R3-R2,-6.0,-16.0,-6.0,-15.0,17.08800749063506,0.0,1.0,-0.0547945205479452,-0.02054794520547945,5.852057359806528,-5.457119969912272,-1.2453642667683473,False,159.0751794,159.1731366
session-3-20261005-80000Hz-600mV,80000,PUFF_BOTH,128,cue_assumed,R7-R6,R2-R1,27.0,-20.0,21.0,-22.0,33.60059523282288,-6.0,-2.0,-0.10806023029229407,-0.154118689105403,18.822747860605126,-9.48430395131441,-9.80336448688447,False,159.1733306,159.2711531
session-3-20261005-80000Hz-600mV,80000,PUFF_BOTH,129,cue_assumed,R7-R6,R1-L1,-59.0,-39.0,-56.0,-38.0,70.7248188403477,3.0,1.0,-0.04318272690923631,0.0115953618552579,4.471241796047326,-4.311246925179368,0.6943151993141492,True,159.2714673,159.3689622
session-3-20261005-80000Hz-600mV,80000,PUFF_BOTH,130,cue_assumed,R6-R5,L1-L2,-10.0,7.0,-10.0,7.0,12.206555615733702,0.0,0.0,-0.0,-0.0,0.0,0.0,-1.707680365886452e-15,False,159.3691666,159.4659928
session-3-20261005-80000Hz-600mV,80000,PUFF_BOTH,131,cue_assumed,R6-R5,L2-L3,-20.0,-13.0,-20.0,-13.0,23.853720883753127,0.0,0.0,-0.0,-0.0,0.0,0.0,-8.9435632519185e-16,False,159.4662338,159.566967
session-3-20261005-80000Hz-600mV,80000,PUFF_BOTH,132,cue_assumed,R6-R5,L3-L4,0.0,-3.0,-1.0,-3.0,3.0,-1.0,0.0,-0.0,-0.3333333333333333,33.33333333333333,5.409255338945984,-18.43494882292201,False,159.5671646,159.6649647
session-3-20261005-80000Hz-600mV,80000,PUFF_BOTH,133,cue_assumed,R6-R5,L4-L5,-13.0,-11.0,-13.0,-12.0,17.029386365926403,0.0,-1.0,0.03793103448275862,0.04482758620689655,5.872202195147034,3.889862105384756,2.473031648087648,False,159.66517,159.7621163
session-3-20261005-80000Hz-600mV,80000,PUFF_BOTH,134,cue_assumed,R6-R5,L5-L6,-48.0,3.0,-48.0,2.0,48.093658625644196,0.0,-1.0,-0.0012970168612191958,0.020752269779507133,2.0792762051726843,-0.10814321320775644,1.1903903446085384,False,159.7623282,159.8621202
session-3-20261005-80000Hz-600mV,80000,PUFF_BOTH,135,cue_assumed,R6-R5,L6-L7,-14.0,-15.0,-16.0,-20.0,20.518284528683193,-2.0,-5.0,0.24465558194774348,0.09501187648456058,26.245687350745158,24.82767218637032,4.3652577350279325,False,159.8623492,159.9622465
session-3-20261005-80000Hz-600mV,80000,PUFF_BOTH,136,cue_assumed,R6-R5,L7-L8,-13.0,-14.0,-17.0,-20.0,19.1049731745428,-4.0,-6.0,0.37260273972602737,0.06027397260273973,37.74463583407018,37.39254830145309,2.514367030241189,False,159.9624668,160.0621812
session-3-20261005-80000Hz-600mV,80000,PUFF_BOTH,137,cue_assumed,R6-R5,L8-R8,-39.0,-56.0,-46.0,-70.0,68.24221567329127,-7.0,-14.0,0.2269701524586644,0.03306849903371269,22.9366466022067,22.741569187165812,1.5438247415428539,True,160.0624016,160.163228
session-3-20261005-80000Hz-600mV,80000,PUFF_BOTH,138,cue_assumed,R6-R5,R8-R7,-93.0,-138.0,-92.0,-137.0,166.41213898030395,1.0,1.0,-0.00834145813021341,0.0016249593760155998,0.8498259628406538,-0.834012677920426,0.09388638010405989,True,160.1634395,160.2632238
session-3-20261005-80000Hz-600mV,80000,PUFF_BOTH,139,cue_assumed,R6-R5,R4-R3,177.0,289.0,173.0,285.0,338.89526405661087,-4.0,-4.0,-0.016229865041358295,0.0039007400957771017,1.66920427915671,-1.6222131673090168,0.22718190486740292,True,160.2634494,160.3622545
session-3-20261005-80000Hz-600mV,80000,PUFF_BOTH,140,cue_assumed,R6-R5,R3-R2,-99.0,-151.0,-96.0,-148.0,180.5602392554906,3.0,3.0,-0.023004723636586715,0.004784982516410036,2.349709274097715,-2.2993006118121606,0.2806125247611962,True,160.3624551,160.4641128
session-3-20261005-80000Hz-600mV,80000,PUFF_BOTH,141,cue_assumed,R6-R5,R2-R1,-25.0,-123.0,-28.0,-126.0,125.51493934986385,-3.0,-3.0,0.028183318522280055,-0.018661927129617874,3.3801878159644647,2.835266519403734,-1.0398265069923098,True,160.4643503,160.5612305
session-3-20261005-80000Hz-600mV,80000,PUFF_BOTH,142,cue_assumed,R6-R5,R1-L1,-79.0,-56.0,-76.0,-55.0,96.83491106000976,3.0,1.0,-0.03124666737762611,0.009491308520848887,3.265638007565968,-3.1200173201711645,0.561334348829227,True,160.561449,160.658135
session-3-20261005-80000Hz-600mV,80000,PUFF_BOTH,143,cue_assumed,R5-R4,L1-L2,21.0,57.0,21.0,57.0,60.74537019394976,0.0,0.0,0.0,0.0,0.0,0.0,-1.0317409088649947e-15,True,160.6583447,160.7562756
session-3-20261005-80000Hz-600mV,80000,PUFF_BOTH,144,cue_assumed,R5-R4,L2-L3,-11.0,-7.0,-11.0,-7.0,13.038404810405298,0.0,0.0,-0.0,-0.0,0.0,0.0,4.1160119407174925e-16,False,160.7564679,160.8559878
session-3-20261005-80000Hz-600mV,80000,PUFF_BOTH,145,cue_assumed,R5-R4,L3-L4,38.0,42.0,37.0,41.0,56.639209034025185,-1.0,-1.0,-0.024937655860349125,0.0012468827930174563,2.4968808471946113,-2.493685862103745,0.07326822030942534,True,160.8562031,160.9550512
session-3-20261005-80000Hz-600mV,80000,PUFF_BOTH,146,cue_assumed,R5-R4,L4-L5,-47.0,-45.0,-46.0,-44.0,65.06919393998976,1.0,1.0,-0.021728861596598963,-0.000472366556447803,2.173399540921557,-2.172874755349685,-0.027665753288365087,True,160.9552832,161.0569929
session-3-20261005-80000Hz-600mV,80000,PUFF_BOTH,147,cue_assumed,R5-R4,L5-L6,-16.0,4.0,-15.0,4.0,16.492422502470642,1.0,0.0,-0.058823529411764705,-0.014705882352941176,6.063390625908324,-5.8708646717337665,-0.8951737102110744,False,161.0572569,161.1540029
session-3-20261005-80000Hz-600mV,80000,PUFF_BOTH,148,cue_assumed,R5-R4,L6-L7,-17.0,-17.0,-17.0,-19.0,24.041630560342615,0.0,-2.0,0.058823529411764705,0.058823529411764705,8.31890330807703,6.045625748940853,3.1798301198642345,False,161.1542282,161.2541097
session-3-20261005-80000Hz-600mV,80000,PUFF_BOTH,149,cue_assumed,R5-R4,L7-L8,-21.0,-10.0,-21.0,-10.0,23.259406699226016,0.0,0.0,-0.0,-0.0,0.0,0.0,1.2345960870745629e-15,False,161.2543124,161.3531127
session-3-20261005-80000Hz-600mV,80000,PUFF_BOTH,150,cue_assumed,R5-R4,L8-R8,-31.0,-31.0,-26.0,-29.0,43.840620433565945,5.0,2.0,-0.11290322580645161,0.04838709677419355,12.283505009457917,-11.158455781158661,3.122130462115708,False,161.3533192,161.4519635
session-3-20261005-80000Hz-600mV,80000,PUFF_BOTH,151,cue_assumed,R5-R4,R8-R7,-40.0,-40.0,-43.0,-44.0,56.568542494923804,-3.0,-4.0,0.08750000000000001,0.0125,8.838834764831844,8.757183670781043,0.6585431775636029,True,161.452253,161.5501185
session-3-20261005-80000Hz-600mV,80000,PUFF_BOTH,152,cue_assumed,R5-R4,R7-R6,-53.0,-63.0,-54.0,-59.0,82.3286098510111,-1.0,4.0,-0.02935969312481558,-0.04057244024786073,5.008107914222269,-2.851210597433651,-2.3935510592544387,True,161.5503287,161.6501163
session-3-20261005-80000Hz-600mV,80000,PUFF_BOTH,153,cue_assumed,R5-R4,R3-R2,155.0,200.0,152.0,196.0,253.03161857759991,-3.0,-4.0,-0.01975790706755174,-0.00031237797735259693,1.9760376304381095,-1.9757857294134151,-0.01825869266206323,True,161.650331,161.7491157
session-3-20261005-80000Hz-600mV,80000,PUFF_BOTH,154,cue_assumed,R5-R4,R2-R1,61.0,17.0,57.0,12.0,63.324560795950255,-4.0,-5.0,-0.08204488778054862,-0.05910224438902743,10.111596759534638,-8.014421600902788,-3.6838855571822866,False,161.7493263,161.8491217
session-3-20261005-80000Hz-600mV,80000,PUFF_BOTH,155,cue_assumed,R5-R4,R1-L1,-35.0,2.0,-32.0,4.0,35.05709628591621,3.0,2.0,-0.0821806346623271,-0.06183889340927583,10.28479725205444,-8.009976838412946,-3.8545284257182337,False,161.8493682,161.9469866
session-3-20261005-80000Hz-600mV,80000,PUFF_BOTH,156,cue_assumed,R4-R3,L1-L2,-29.0,-22.0,-29.0,-22.0,36.40054944640259,0.0,0.0,-0.0,-0.0,0.0,0.0,1.3922428039613885e-15,False,161.9472227,162.0449628
session-3-20261005-80000Hz-600mV,80000,PUFF_BOTH,157,cue_assumed,R4-R3,L2-L3,-11.0,-3.0,-12.0,-3.0,11.40175425099138,-1.0,0.0,0.08461538461538462,-0.023076923076923078,8.770580193070293,8.486085601936843,-1.2188752351312966,False,162.0451666,162.1421109
session-3-20261005-80000Hz-600mV,80000,PUFF_BOTH,158,cue_assumed,R4-R3,L3-L4,-32.0,-26.0,-31.0,-25.0,41.23105625617661,1.0,1.0,-0.03411764705882352,-0.003529411764705882,3.4299717028501764,-3.4111198703190126,-0.2093624525149072,False,162.142311,162.2389953
session-3-20261005-80000Hz-600mV,80000,PUFF_BOTH,159,cue_assumed,R4-R3,L4-L5,2.0,23.0,1.0,22.0,23.08679276123039,-1.0,-1.0,-0.046904315196998114,0.039399624765478425,6.125638918316888,-4.609030048868712,2.3671785256104974,False,162.2392115,162.3380839
session-3-20261005-80000Hz-600mV,80000,PUFF_BOTH,160,cue_assumed,R4-R3,L5-L6,2.0,-3.0,2.0,-3.0,3.605551275463989,0.0,0.0,-0.0,0.0,0.0,0.0,1.4679483145216231e-15,False,162.3383124,162.43496
session-3-20261005-80000Hz-600mV,80000,PUFF_BOTH,161,cue_assumed,R4-R3,L6-L7,1.0,6.0,3.0,6.0,6.082762530298219,2.0,0.0,0.05405405405405404,-0.3243243243243243,32.879797461071455,10.282193314071186,-17.102728969052375,False,162.4352387,162.5341103
session-3-20261005-80000Hz-600mV,80000,PUFF_BOTH,162,cue_assumed,R4-R3,L7-L8,0.0,12.0,-1.0,11.0,12.0,-1.0,-1.0,-0.08333333333333333,0.08333333333333333,11.785113019775793,-7.955324856772828,5.194428907734806,False,162.5343233,162.6319619
session-3-20261005-80000Hz-600mV,80000,PUFF_BOTH,163,cue_assumed,R4-R3,L8-R8,7.0,18.0,9.0,16.0,19.313207915827967,2.0,-2.0,-0.05898123324396784,-0.13404825737265416,14.645040518764251,-4.948158634790822,-8.107248035658033,False,162.6322003,162.7301113
session-3-20261005-80000Hz-600mV,80000,PUFF_BOTH,164,cue_assumed,R4-R3,R8-R7,6.0,17.0,6.0,20.0,18.027756377319946,0.0,3.0,0.15692307692307694,0.05538461538461539,16.641005886756876,15.82480138288438,2.740790594182571,False,162.7303196,162.830003
session-3-20261005-80000Hz-600mV,80000,PUFF_BOTH,165,cue_assumed,R4-R3,R7-R6,5.0,19.0,3.0,19.0,19.6468827043885,-2.0,0.0,-0.025906735751295335,0.09844559585492228,10.17973197118575,-2.0944729446836674,5.770936221574341,False,162.8301966,162.9281247
session-3-20261005-80000Hz-600mV,80000,PUFF_BOTH,166,cue_assumed,R4-R3,R6-R5,191.0,265.0,187.0,261.0,326.65884344373717,-4.0,-4.0,-0.017093696699342117,0.0027739770959458706,1.731731548993469,-1.7089782321348612,0.16170082291454935,True,162.9283756,163.0291196
session-3-20261005-80000Hz-600mV,80000,PUFF_BOTH,167,cue_assumed,R4-R3,R2-R1,-258.0,-411.0,-260.0,-412.0,485.26796720987056,-2.0,-1.0,0.003936556468564877,-0.0023950570100006374,0.4607903526697707,0.3939413367181732,-0.13668831675235216,True,163.0293258,163.127217
session-3-20261005-80000Hz-600mV,80000,PUFF_BOTH,168,cue_assumed,R4-R3,R1-L1,-85.0,-70.0,-82.0,-68.0,110.11357772772621,3.0,2.0,-0.032577319587628856,0.0032989690721649473,3.2743929948214943,-3.257169476327826,0.19538126999661712,True,163.1274221,163.2269787
session-3-20261005-80000Hz-600mV,80000,PUFF_BOTH,169,cue_assumed,R3-R2,L1-L2,6.0,27.0,6.0,27.0,27.65863337187866,0.0,0.0,0.0,0.0,0.0,0.0,-6.735292266628624e-16,False,163.2272127,163.3271378
session-3-20261005-80000Hz-600mV,80000,PUFF_BOTH,170,cue_assumed,R3-R2,L2-L3,-19.0,-12.0,-19.0,-12.0,22.47220505424423,0.0,0.0,-0.0,-0.0,0.0,0.0,1.4359732027201622e-15,False,163.3273446,163.4235128
session-3-20261005-80000Hz-600mV,80000,PUFF_BOTH,171,cue_assumed,R3-R2,L3-L4,-18.0,2.0,-18.0,2.0,18.110770276274835,0.0,0.0,-0.0,-0.0,0.0,0.0,-3.4908526991672743e-16,False,163.4237415,163.5231592
session-3-20261005-80000Hz-600mV,80000,PUFF_BOTH,172,cue_assumed,R3-R2,L4-L5,2.0,-8.0,2.0,-8.0,8.246211251235321,0.0,0.0,-0.0,0.0,0.0,0.0,-0.0,False,163.5233914,163.6230189
session-3-20261005-80000Hz-600mV,80000,PUFF_BOTH,173,cue_assumed,R3-R2,L5-L6,-12.0,-1.0,-12.0,-1.0,12.041594578792296,0.0,0.0,-0.0,-0.0,0.0,0.0,2.632183184659462e-16,False,163.6232261,163.7212582
session-3-20261005-80000Hz-600mV,80000,PUFF_BOTH,174,cue_assumed,R3-R2,L6-L7,-9.0,-7.0,-7.0,-8.0,11.40175425099138,2.0,-1.0,-0.08461538461538462,0.17692307692307693,19.611613513818405,-6.767453685380376,10.939091183192152,False,163.7214521,163.8210799
session-3-20261005-80000Hz-600mV,80000,PUFF_BOTH,175,cue_assumed,R3-R2,L7-L8,-11.0,1.0,-12.0,0.0,11.045361017187261,-1.0,-1.0,0.08196721311475409,0.0983606557377049,12.803687993289598,8.642895251022242,5.194428907734806,False,163.8212942,163.9210399
session-3-20261005-80000Hz-600mV,80000,PUFF_BOTH,176,cue_assumed,R3-R2,L8-R8,-12.0,-6.0,-8.0,-5.0,13.416407864998739,4.0,1.0,-0.3,0.06666666666666667,30.73181485764296,-29.68325630090338,5.440332031005506,False,163.9212695,164.0210026
session-3-20261005-80000Hz-600mV,80000,PUFF_BOTH,177,cue_assumed,R3-R2,R8-R7,-16.0,-8.0,-17.0,-9.0,17.88854381999832,-1.0,-1.0,0.07500000000000001,0.025,7.905694150420948,7.529065838032811,1.3322198538696388,False,164.0212165,164.1210345
session-3-20261005-80000Hz-600mV,80000,PUFF_BOTH,178,cue_assumed,R3-R2,R7-R6,-18.0,-10.0,-21.0,-8.0,20.591260281974,-3.0,2.0,0.08018867924528301,-0.15566037735849056,17.51010489931187,9.134675325904396,-8.200146059498799,False,164.1214013,164.2191191
session-3-20261005-80000Hz-600mV,80000,PUFF_BOTH,179,cue_assumed,R3-R2,R6-R5,-137.0,-149.0,-134.0,-146.0,202.41047403728888,3.0,3.0,-0.020942152794727848,0.0008786917256529167,2.0960578780807997,-2.0941758487590723,0.05142220554103348,True,164.2194601,164.3211677
session-3-20261005-80000Hz-600mV,80000,PUFF_BOTH,180,cue_assumed,R3-R2,R5-R4,177.0,213.0,173.0,209.0,276.9440376682625,-4.0,-4.0,-0.020339513416255967,0.0018774935461159353,2.042598315934299,-2.0337714334417223,0.10980571945998951,True,164.3215657,164.4191291
session-3-20261005-80000Hz-600mV,80000,PUFF_BOTH,181,cue_assumed,R3-R2,R1-L1,-59.0,-34.0,-56.0,-33.0,68.09552114493287,3.0,1.0,-0.04550355833513048,0.009273237006685357,4.643884953076229,-4.545851317217242,0.5566292383140581,True,164.4194434,164.5179678
session-3-20261005-80000Hz-600mV,80000,PUFF_BOTH,182,cue_assumed,R2-R1,L1-L2,-268.0,-223.0,-270.0,-227.0,348.644518098306,-2.0,-4.0,0.011747961794443576,0.005150016865071203,1.2827208583094913,1.1761069061723362,0.29164544282124094,True,164.5181844,164.6172588
session-3-20261005-80000Hz-600mV,80000,PUFF_BOTH,183,cue_assumed,R2-R1,L2-L3,-26.0,2.0,-26.0,2.0,26.076809620810597,0.0,0.0,-0.0,-0.0,0.0,0.0,2.4321888740603364e-16,False,164.6175353,164.7160019
session-3-20261005-80000Hz-600mV,80000,PUFF_BOTH,184,cue_assumed,R2-R1,L3-L4,-15.0,-14.0,-15.0,-14.0,20.518284528683193,0.0,0.0,-0.0,-0.0,0.0,0.0,-4.532857028214038e-16,False,164.7162149,164.8159702
session-3-20261005-80000Hz-600mV,80000,PUFF_BOTH,185,cue_assumed,R2-R1,L4-L5,10.0,17.0,10.0,18.0,19.72308292331602,0.0,1.0,0.043701799485861184,0.02570694087403599,5.070201265633938,4.4018339426624475,1.4109408203827352,False,164.8161853,164.9131196
session-3-20261005-80000Hz-600mV,80000,PUFF_BOTH,186,cue_assumed,R2-R1,L5-L6,-24.0,3.0,-22.0,3.0,24.186773244895647,2.0,0.0,-0.08205128205128205,-0.010256410256410256,8.26898230594723,-8.199398545813274,-0.6401496695235357,False,164.913288,165.0269818
session-3-20261005-80000Hz-600mV,80000,PUFF_BOTH,187,cue_assumed,R2-R1,L6-L7,-8.0,-1.0,-4.0,-1.0,8.06225774829855,4.0,0.0,-0.49230769230769234,0.06153846153846154,49.613893835683385,-48.85916880432411,6.911227119024682,False,165.0272338,165.1251733
session-3-20261005-80000Hz-600mV,80000,PUFF_BOTH,188,cue_assumed,R2-R1,L7-L8,-13.0,10.0,-15.0,9.0,16.401219466856727,-2.0,-1.0,0.05947955390334572,0.12267657992565054,13.633547078730293,6.655823488522494,6.604835496753973,False,165.1254486,165.2229372
session-3-20261005-80000Hz-600mV,80000,PUFF_BOTH,189,cue_assumed,R2-R1,L8-R8,-14.0,0.0,-7.0,1.0,14.0,7.0,1.0,-0.5,-0.07142857142857142,50.50762722761054,-49.49237277238946,-8.130102354155978,False,165.2231635,165.3180202
session-3-20261005-80000Hz-600mV,80000,PUFF_BOTH,190,cue_assumed,R2-R1,R8-R7,-24.0,-6.0,-25.0,-6.0,24.73863375370596,-1.0,0.0,0.0392156862745098,-0.00980392156862745,4.0422604172722165,3.9261930158670078,-0.5405101871306665,False,165.3182399,165.416978
session-3-20261005-80000Hz-600mV,80000,PUFF_BOTH,191,cue_assumed,R2-R1,R7-R6,-35.0,-9.0,-42.0,-9.0,36.138621999185304,-7.0,0.0,0.18759571209800918,-0.048238897396630925,19.36985865193699,18.857501514023944,-2.3260160504988825,False,165.4172384,165.5169728
session-3-20261005-80000Hz-600mV,80000,PUFF_BOTH,192,cue_assumed,R2-R1,R6-R5,-104.0,-92.0,-105.0,-94.0,138.85243966167826,-1.0,-2.0,0.014937759336099584,0.006016597510373444,1.6103915660020771,1.4955592512196692,0.339648025903714,True,165.5172116,165.616048
session-3-20261005-80000Hz-600mV,80000,PUFF_BOTH,193,cue_assumed,R2-R1,R5-R4,-1.0,8.0,-4.0,5.0,8.06225774829855,-3.0,-3.0,-0.3230769230769231,0.4153846153846154,52.62348115842176,-20.57901846682888,31.534791905188296,False,165.6163116,165.7139672
session-3-20261005-80000Hz-600mV,80000,PUFF_BOTH,194,cue_assumed,R2-R1,R4-R3,-354.0,-295.0,-355.0,-298.0,460.8047308784926,-1.0,-3.0,0.005834954153931647,0.0036121144762434002,0.6862511272702676,0.5841439973931051,0.20575743970903382,True,165.7142121,165.8131121
session-3-20261005-80000Hz-600mV,80000,PUFF_BOTH,195,cue_assumed,R1-L1,L2-L3,10.0,21.0,10.0,22.0,23.259406699226016,0.0,1.0,0.038817005545286505,0.018484288354898334,4.299335803923478,3.898144349457122,1.0193902814550775,False,165.8133338,165.9121131
session-3-20261005-80000Hz-600mV,80000,PUFF_BOTH,196,cue_assumed,R1-L1,L3-L4,-16.0,-26.0,-16.0,-26.0,30.528675044947494,0.0,0.0,-0.0,-0.0,0.0,0.0,1.4196467247734152e-15,False,165.912357,166.0101197
session-3-20261005-80000Hz-600mV,80000,PUFF_BOTH,197,cue_assumed,R1-L1,L4-L5,6.0,30.0,7.0,31.0,30.59411708155671,1.0,1.0,0.038461538461538464,-0.025641025641025647,4.622501635210243,3.8778046100238273,-1.4144232114021544,False,166.0103317,166.1089875
session-3-20261005-80000Hz-600mV,80000,PUFF_BOTH,198,cue_assumed,R1-L1,L5-L6,-7.0,-6.0,-7.0,-6.0,9.219544457292887,0.0,0.0,-0.0,-0.0,0.0,0.0,1.5715681955466792e-15,False,166.1092163,166.2069939
session-3-20261005-80000Hz-600mV,80000,PUFF_BOTH,199,cue_assumed,R1-L1,L6-L7,-10.0,-7.0,-8.0,-7.0,12.206555615733702,2.0,0.0,-0.1342281879194631,0.09395973154362415,16.38463841038081,-12.914452304359559,6.193904967150986,False,166.2072409,166.3049857
session-3-20261005-80000Hz-600mV,80000,PUFF_BOTH,200,cue_assumed,R1-L1,L7-L8,-11.0,-2.0,-13.0,-3.0,11.180339887498949,-2.0,-1.0,0.192,0.05600000000000001,20.0,19.33147112141038,2.689770323150472,False,166.3052049,166.4029875
session-3-20261005-80000Hz-600mV,80000,PUFF_BOTH,201,cue_assumed,R1-L1,L8-R8,-16.0,-11.0,-11.0,-9.0,19.4164878389476,5.0,2.0,-0.27055702917771884,0.06100795755968169,27.735009811261456,-26.80102332903559,4.7808838748319555,False,166.403189,166.5011451
session-3-20261005-80000Hz-600mV,80000,PUFF_BOTH,202,cue_assumed,R1-L1,R8-R7,-13.0,-6.0,-15.0,-7.0,14.317821063276353,-2.0,-1.0,0.15609756097560976,0.004878048780487801,15.617376188860607,15.610785217195833,0.2417529092681004,False,166.5013931,166.6012356
session-3-20261005-80000Hz-600mV,80000,PUFF_BOTH,203,cue_assumed,R1-L1,R7-R6,-5.0,2.0,-8.0,3.0,5.385164807134504,-3.0,1.0,0.5862068965517242,0.03448275862068967,58.72202195147036,58.65816648727367,1.2453642667683489,False,166.6014807,166.7011203
session-3-20261005-80000Hz-600mV,80000,PUFF_BOTH,204,cue_assumed,R1-L1,R6-R5,-27.0,-17.0,-27.0,-17.0,31.906112267087632,0.0,0.0,-0.0,-0.0,0.0,0.0,-8.435655834922884e-16,False,166.7013383,166.8001378
session-3-20261005-80000Hz-600mV,80000,PUFF_BOTH,205,cue_assumed,R1-L1,R5-R4,35.0,32.0,36.0,33.0,47.4236228055175,1.0,1.0,0.029791018230324588,0.0013339261894175195,2.9820867295877664,2.9791882171794626,0.0742172894658492,False,166.800334,166.8981196
session-3-20261005-80000Hz-600mV,80000,PUFF_BOTH,206,cue_assumed,R1-L1,R4-R3,-46.0,-20.0,-47.0,-21.0,50.15974481593781,-1.0,-1.0,0.026232114467408585,0.010333863275039747,2.8194193721730048,2.6284142669288135,0.576932579126738,False,166.8983295,166.9959919
session-3-20261005-80000Hz-600mV,80000,PUFF_BOTH,207,cue_assumed,R1-L1,R3-R2,0.0,7.0,1.0,7.0,7.0,1.0,0.0,0.0,-0.14285714285714285,14.285714285714285,1.0152544552210818,-8.130102354155978,False,166.9961966,167.0941245
