frame_id,trial_id,task,state,pattern_id,f_plus,s_plus,s_minus,f_minus,f_plus_site,s_plus_site,s_minus_site,f_minus_site,configured_frequency_hz,configured_amplitude_mvpp,real_raw,imag_raw,magnitude_raw,phase_deg,start_s,end_s,start_perf_counter_ns,end_perf_counter_ns,start_utc,end_utc,error
0,T001,REST,task,0,0,4,6,2,L1,L3,L4,L2,10000,600.0,72.0,-276.0,285.2367437761131,-75.37912601136834,10.0450778,10.1431191,457451628362800,457451726404100,2026-10-05T05:58:43.825717+00:00,2026-10-05T05:58:43.919939+00:00,
0,T001,REST,task,1,0,6,8,2,L1,L4,L5,L2,10000,600.0,26.0,-94.0,97.52948272189288,-74.53878225955809,10.143414,10.2429911,457451726699000,457451826276100,2026-10-05T05:58:43.919939+00:00,2026-10-05T05:58:44.024473+00:00,
0,T001,REST,task,2,0,8,10,2,L1,L5,L6,L2,10000,600.0,15.0,-79.0,80.4114419718985,-79.24903300681196,10.2432322,10.3390052,457451826517200,457451922290200,2026-10-05T05:58:44.024473+00:00,2026-10-05T05:58:44.119201+00:00,
0,T001,REST,task,3,0,10,12,2,L1,L6,L7,L2,10000,600.0,17.0,-52.0,54.70831746635972,-71.89623696549337,10.3392692,10.4370998,457451922554200,457452020384800,2026-10-05T05:58:44.119201+00:00,2026-10-05T05:58:44.209130+00:00,
0,T001,REST,task,4,0,12,14,2,L1,L7,L8,L2,10000,600.0,-2.0,-15.0,15.132745950421556,-97.59464336859145,10.4373786,10.5361415,457452020663600,457452119426500,2026-10-05T05:58:44.209130+00:00,2026-10-05T05:58:44.315375+00:00,
0,T001,REST,task,5,0,14,15,2,L1,L8,R8,L2,10000,600.0,-2.0,-3.0,3.605551275463989,-123.69006752597979,10.5363958,10.6331247,457452119680800,457452216409700,2026-10-05T05:58:44.315375+00:00,2026-10-05T05:58:44.409468+00:00,
0,T001,REST,task,6,0,15,13,2,L1,R8,R7,L2,10000,600.0,-3.0,1.0,3.1622776601683795,161.565051177078,10.6333816,10.7330065,457452216666600,457452316291500,2026-10-05T05:58:44.409468+00:00,2026-10-05T05:58:44.509236+00:00,
0,T001,REST,task,7,0,13,11,2,L1,R7,R6,L2,10000,600.0,-14.0,23.0,26.92582403567252,121.32869286780416,10.7332662,10.8300022,457452316551200,457452413287200,2026-10-05T05:58:44.509236+00:00,2026-10-05T05:58:44.609083+00:00,
0,T001,REST,task,8,0,11,9,2,L1,R6,R5,L2,10000,600.0,-2.0,-7.0,7.280109889280518,-105.94539590092286,10.8302669,10.9280314,457452413551900,457452511316400,2026-10-05T05:58:44.609083+00:00,2026-10-05T05:58:44.709136+00:00,
0,T001,REST,task,9,0,9,7,2,L1,R5,R4,L2,10000,600.0,-24.0,61.0,65.55150646628954,111.4767909795404,10.928443,11.025098,457452511728000,457452608383000,2026-10-05T05:58:44.709136+00:00,2026-10-05T05:58:44.799402+00:00,
0,T001,REST,task,10,0,7,5,2,L1,R4,R3,L2,10000,600.0,2.0,-42.0,42.04759208325728,-87.27368900609373,11.0253545,11.1230994,457452608639500,457452706384400,2026-10-05T05:58:44.799402+00:00,2026-10-05T05:58:44.899010+00:00,
0,T001,REST,task,11,0,5,3,2,L1,R3,R2,L2,10000,600.0,-14.0,26.0,29.5296461204668,118.30075576600638,11.1233727,11.2221075,457452706657700,457452805392500,2026-10-05T05:58:44.899010+00:00,2026-10-05T05:58:44.999248+00:00,
0,T001,REST,task,12,0,3,1,2,L1,R2,R1,L2,10000,600.0,83.0,-359.0,368.46980880392357,-76.9820732909346,11.2223766,11.3209753,457452805661600,457452904260300,2026-10-05T05:58:44.999248+00:00,2026-10-05T05:58:45.099209+00:00,
0,T001,REST,task,13,2,6,8,4,L2,L4,L5,L3,10000,600.0,-68.0,244.0,253.29824318380102,105.57254359681026,11.3212612,11.4199977,457452904546200,457453003282700,2026-10-05T05:58:45.099209+00:00,2026-10-05T05:58:45.199140+00:00,
0,T001,REST,task,14,2,8,10,4,L2,L5,L6,L3,10000,600.0,39.0,-161.0,165.65627063289816,-76.38319105635904,11.4202627,11.518053,457453003547700,457453101338000,2026-10-05T05:58:45.199140+00:00,2026-10-05T05:58:45.299117+00:00,
0,T001,REST,task,15,2,10,12,4,L2,L6,L7,L3,10000,600.0,14.0,-44.0,46.17358552246078,-72.34987578006988,11.5183974,11.6141015,457453101682400,457453197386500,2026-10-05T05:58:45.299117+00:00,2026-10-05T05:58:45.392066+00:00,
0,T001,REST,task,16,2,12,14,4,L2,L7,L8,L3,10000,600.0,1.0,-18.0,18.027756377319946,-86.82016988013577,11.6143415,11.7100012,457453197626500,457453293286200,2026-10-05T05:58:45.392066+00:00,2026-10-05T05:58:45.490574+00:00,
0,T001,REST,task,17,2,14,15,4,L2,L8,R8,L3,10000,600.0,2.0,-15.0,15.132745950421556,-82.40535663140857,11.710207,11.8079691,457453293492000,457453391254100,2026-10-05T05:58:45.490574+00:00,2026-10-05T05:58:45.589138+00:00,
0,T001,REST,task,18,2,15,13,4,L2,R8,R7,L3,10000,600.0,-1.0,-9.0,9.055385138137417,-96.3401917459099,11.8082044,11.9131897,457453391489400,457453496474700,2026-10-05T05:58:45.589138+00:00,2026-10-05T05:58:45.693439+00:00,
0,T001,REST,task,19,2,13,11,4,L2,R7,R6,L3,10000,600.0,-6.0,-2.0,6.324555320336759,-161.565051177078,11.9134369,12.0172344,457453496721900,457453600519400,2026-10-05T05:58:45.693439+00:00,2026-10-05T05:58:45.797070+00:00,
0,T001,REST,task,20,2,11,9,4,L2,R6,R5,L3,10000,600.0,2.0,-16.0,16.1245154965971,-82.8749836510982,12.0174776,12.1209875,457453600762600,457453704272500,2026-10-05T05:58:45.797070+00:00,2026-10-05T05:58:45.902197+00:00,
0,T001,REST,task,21,2,9,7,4,L2,R5,R4,L3,10000,600.0,-7.0,4.0,8.06225774829855,150.25511870305778,12.1212322,12.2200126,457453704517200,457453803297600,2026-10-05T05:58:45.902197+00:00,2026-10-05T05:58:46.001051+00:00,
0,T001,REST,task,22,2,7,5,4,L2,R4,R3,L3,10000,600.0,-9.0,-4.0,9.848857801796104,-156.03751102542182,12.2202546,12.3190599,457453803539600,457453902344900,2026-10-05T05:58:46.001051+00:00,2026-10-05T05:58:46.099068+00:00,
0,T001,REST,task,23,2,5,3,4,L2,R3,R2,L3,10000,600.0,0.0,-8.0,8.0,-90.0,12.3192856,12.4170984,457453902570600,457454000383400,2026-10-05T05:58:46.099068+00:00,2026-10-05T05:58:46.192214+00:00,
0,T001,REST,task,24,2,3,1,4,L2,R2,R1,L3,10000,600.0,-20.0,45.0,49.24428900898052,113.96248897457819,12.417359,12.5169608,457454000644000,457454100245800,2026-10-05T05:58:46.192214+00:00,2026-10-05T05:58:46.292351+00:00,
0,T001,REST,task,25,2,1,0,4,L2,R1,L1,L3,10000,600.0,7.0,-10.0,12.206555615733702,-55.00797980144134,12.5171977,12.6150094,457454100482700,457454198294400,2026-10-05T05:58:46.292351+00:00,2026-10-05T05:58:46.392570+00:00,
0,T001,REST,task,26,4,0,2,6,L3,L1,L2,L4,10000,600.0,66.0,-283.0,290.5942188000305,-76.87237802640917,12.6153615,12.7141084,457454198646500,457454297393400,2026-10-05T05:58:46.392570+00:00,2026-10-05T05:58:46.492769+00:00,
0,T001,REST,task,27,4,8,10,6,L3,L5,L6,L4,10000,600.0,-76.0,245.0,256.51705596314645,107.23410341239507,12.7143461,12.8120022,457454297631100,457454395287200,2026-10-05T05:58:46.492769+00:00,2026-10-05T05:58:46.592573+00:00,
0,T001,REST,task,28,4,10,12,6,L3,L6,L7,L4,10000,600.0,-2.0,20.0,20.09975124224178,95.71059313749964,12.8122379,12.9100267,457454395522900,457454493311700,2026-10-05T05:58:46.592573+00:00,2026-10-05T05:58:46.690740+00:00,
0,T001,REST,task,29,4,12,14,6,L3,L7,L8,L4,10000,600.0,-10.0,18.0,20.591260281974,119.05460409907714,12.9103285,13.007961,457454493613500,457454591246000,2026-10-05T05:58:46.690740+00:00,2026-10-05T05:58:46.789191+00:00,
0,T001,REST,task,30,4,14,15,6,L3,L8,R8,L4,10000,600.0,-8.0,18.0,19.697715603592208,113.96248897457819,13.0082062,13.1061017,457454591491200,457454689386700,2026-10-05T05:58:46.789191+00:00,2026-10-05T05:58:46.879076+00:00,
0,T001,REST,task,31,4,15,13,6,L3,R8,R7,L4,10000,600.0,-6.0,6.0,8.48528137423857,135.0,13.1063419,13.2040051,457454689626900,457454787290100,2026-10-05T05:58:46.879076+00:00,2026-10-05T05:58:46.985305+00:00,
0,T001,REST,task,32,4,13,11,6,L3,R7,R6,L4,10000,600.0,-14.0,22.0,26.076809620810597,122.47119229084849,13.2042581,13.3021066,457454787543100,457454885391600,2026-10-05T05:58:46.985305+00:00,2026-10-05T05:58:47.079040+00:00,
0,T001,REST,task,33,4,11,9,6,L3,R6,R5,L4,10000,600.0,0.0,-11.0,11.0,-90.0,13.3023561,13.4049576,457454885641100,457454988242600,2026-10-05T05:58:47.079040+00:00,2026-10-05T05:58:47.186080+00:00,
0,T001,REST,task,34,4,9,7,6,L3,R5,R4,L4,10000,600.0,-24.0,58.0,62.76941930590086,112.47943439710312,13.4052715,13.5041143,457454988556500,457455087399300,2026-10-05T05:58:47.186080+00:00,2026-10-05T05:58:47.279255+00:00,
0,T001,REST,task,35,4,7,5,6,L3,R4,R3,L4,10000,600.0,3.0,-50.0,50.08991914547278,-86.56636963754949,13.5043692,13.6012709,457455087654200,457455184555900,2026-10-05T05:58:47.279255+00:00,2026-10-05T05:58:47.381439+00:00,
0,T001,REST,task,36,4,5,3,6,L3,R3,R2,L4,10000,600.0,4.0,-13.0,13.601470508735444,-72.89727103094764,13.6016705,13.7021148,457455184955500,457455285399800,2026-10-05T05:58:47.381439+00:00,2026-10-05T05:58:47.479168+00:00,
0,T001,REST,task,37,4,3,1,6,L3,R2,R1,L4,10000,600.0,-15.0,18.0,23.430749027719962,129.8055710922652,13.7023678,13.8031157,457455285652800,457455386400700,2026-10-05T05:58:47.479168+00:00,2026-10-05T05:58:47.578992+00:00,
0,T001,REST,task,38,4,1,0,6,L3,R1,L1,L4,10000,600.0,37.0,-111.0,117.00427342623003,-71.56505117707799,13.8033299,13.9041271,457455386614900,457455487412100,2026-10-05T05:58:47.578992+00:00,2026-10-05T05:58:47.679446+00:00,
0,T001,REST,task,39,6,0,2,8,L4,L1,L2,L5,10000,600.0,26.0,-82.0,86.02325267042627,-72.40757543781841,13.904357,14.0009976,457455487642000,457455584282600,2026-10-05T05:58:47.679446+00:00,2026-10-05T05:58:47.779498+00:00,
0,T001,REST,task,40,6,2,4,8,L4,L2,L3,L5,10000,600.0,-93.0,251.0,267.67517628648346,110.33057108153676,14.0013331,14.1009718,457455584618100,457455684256800,2026-10-05T05:58:47.779498+00:00,2026-10-05T05:58:47.879201+00:00,
0,T001,REST,task,41,6,10,12,8,L4,L6,L7,L5,10000,600.0,75.0,-191.0,205.19746587129188,-68.56154534777103,14.1012184,14.1999837,457455684503400,457455783268700,2026-10-05T05:58:47.879201+00:00,2026-10-05T05:58:47.979119+00:00,
0,T001,REST,task,42,6,12,14,8,L4,L7,L8,L5,10000,600.0,21.0,-66.0,69.26037828369117,-72.34987578006988,14.2002241,14.2988338,457455783509100,457455882118800,2026-10-05T05:58:47.979119+00:00,2026-10-05T05:58:48.079265+00:00,
0,T001,REST,task,43,6,14,15,8,L4,L8,R8,L5,10000,600.0,16.0,-47.0,49.64876634922564,-71.20011484134736,14.2990703,14.3971143,457455882355300,457455980399300,2026-10-05T05:58:48.079265+00:00,2026-10-05T05:58:48.174037+00:00,
0,T001,REST,task,44,6,15,13,8,L4,R8,R7,L5,10000,600.0,4.0,-19.0,19.4164878389476,-78.11134196037202,14.3973541,14.4975893,457455980639100,457456080874300,2026-10-05T05:58:48.174037+00:00,2026-10-05T05:58:48.279009+00:00,
0,T001,REST,task,45,6,13,11,8,L4,R7,R6,L5,10000,600.0,4.0,-20.0,20.396078054371138,-78.69006752597979,14.4978251,14.5939783,457456081110100,457456177263300,2026-10-05T05:58:48.279009+00:00,2026-10-05T05:58:48.373562+00:00,
0,T001,REST,task,46,6,11,9,8,L4,R6,R5,L5,10000,600.0,0.0,-6.0,6.0,-90.0,14.5942376,14.6910022,457456177522600,457456274287200,2026-10-05T05:58:48.373562+00:00,2026-10-05T05:58:48.472122+00:00,
0,T001,REST,task,47,6,9,7,8,L4,R5,R4,L5,10000,600.0,13.0,-43.0,44.9221548904324,-73.17859010995917,14.6913197,14.7911433,457456274604700,457456374428300,2026-10-05T05:58:48.472122+00:00,2026-10-05T05:58:48.569499+00:00,
0,T001,REST,task,48,6,7,5,8,L4,R4,R3,L5,10000,600.0,-15.0,30.0,33.54101966249684,116.56505117707799,14.791377,14.8871122,457456374662000,457456470397200,2026-10-05T05:58:48.569499+00:00,2026-10-05T05:58:48.659461+00:00,
0,T001,REST,task,49,6,5,3,8,L4,R3,R2,L5,10000,600.0,-9.0,12.0,15.0,126.86989764584402,14.8873697,14.9841025,457456470654700,457456567387500,2026-10-05T05:58:48.659461+00:00,2026-10-05T05:58:48.759499+00:00,
0,T001,REST,task,50,6,3,1,8,L4,R2,R1,L5,10000,600.0,-35.0,95.0,101.24228365658294,110.22485943116808,14.9843363,15.0810324,457456567621300,457456664317400,2026-10-05T05:58:48.759499+00:00,2026-10-05T05:58:48.862275+00:00,
0,T001,REST,task,51,6,1,0,8,L4,R1,L1,L5,10000,600.0,-3.0,10.0,10.44030650891055,106.69924423399362,15.0813949,15.1789862,457456664679900,457456762271200,2026-10-05T05:58:48.862275+00:00,2026-10-05T05:58:48.959142+00:00,
0,T001,REST,task,52,8,0,2,10,L5,L1,L2,L6,10000,600.0,33.0,-94.0,99.62429422585637,-70.65567072787886,15.1792333,15.2760543,457456762518300,457456859339300,2026-10-05T05:58:48.959142+00:00,2026-10-05T05:58:49.056824+00:00,
0,T001,REST,task,53,8,2,4,10,L5,L2,L3,L6,10000,600.0,77.0,-195.0,209.65209276322523,-68.45233455673853,15.2763389,15.3731069,457456859623900,457456956391900,2026-10-05T05:58:49.057824+00:00,2026-10-05T05:58:49.149041+00:00,
0,T001,REST,task,54,8,4,6,10,L5,L3,L4,L6,10000,600.0,-126.0,302.0,327.2308053958246,112.64680231301061,15.3733756,15.4731179,457456956660600,457457056402900,2026-10-05T05:58:49.149041+00:00,2026-10-05T05:58:49.249046+00:00,
0,T001,REST,task,55,8,12,14,10,L5,L7,L8,L6,10000,600.0,83.0,-201.0,217.46264046957583,-67.56254052543375,15.473322,15.5820416,457457056607000,457457165326600,2026-10-05T05:58:49.249046+00:00,2026-10-05T05:58:49.363489+00:00,
0,T001,REST,task,56,8,14,15,10,L5,L8,R8,L6,10000,600.0,24.0,-60.0,64.62197768561404,-68.19859051364818,15.5823432,15.6800858,457457165628200,457457263370800,2026-10-05T05:58:49.363489+00:00,2026-10-05T05:58:49.460809+00:00,
0,T001,REST,task,57,8,15,13,10,L5,R8,R7,L6,10000,600.0,6.0,-19.0,19.924858845171276,-72.47443162627712,15.6803032,15.7782096,457457263588200,457457361494600,2026-10-05T05:58:49.460809+00:00,2026-10-05T05:58:49.559128+00:00,
0,T001,REST,task,58,8,13,11,10,L5,R7,R6,L6,10000,600.0,-4.0,-3.0,5.0,-143.13010235415598,15.778456,15.8782109,457457361741000,457457461495900,2026-10-05T05:58:49.559128+00:00,2026-10-05T05:58:49.659540+00:00,
0,T001,REST,task,59,8,11,9,10,L5,R6,R5,L6,10000,600.0,8.0,-33.0,33.95585369269929,-76.37300514010846,15.878872,15.976102,457457462157000,457457559387000,2026-10-05T05:58:49.659540+00:00,2026-10-05T05:58:49.749297+00:00,
0,T001,REST,task,60,8,9,7,10,L5,R5,R4,L6,10000,600.0,-6.0,1.0,6.082762530298219,170.53767779197437,15.9763524,16.083104,457457559637400,457457666389000,2026-10-05T05:58:49.749297+00:00,2026-10-05T05:58:49.859306+00:00,
0,T001,REST,task,61,8,7,5,10,L5,R4,R3,L6,10000,600.0,-4.0,-6.0,7.211102550927978,-123.69006752597979,16.083375,16.1847322,457457666660000,457457768017200,2026-10-05T05:58:49.859306+00:00,2026-10-05T05:58:49.959086+00:00,
0,T001,REST,task,62,8,5,3,10,L5,R3,R2,L6,10000,600.0,-1.0,-4.0,4.123105625617661,-104.03624346792648,16.1849865,16.2831123,457457768271500,457457866397300,2026-10-05T05:58:49.966284+00:00,2026-10-05T05:58:50.059141+00:00,
0,T001,REST,task,63,8,3,1,10,L5,R2,R1,L6,10000,600.0,-18.0,25.0,30.805843601498726,125.75388725443676,16.2833594,16.3819633,457457866644400,457457965248300,2026-10-05T05:58:50.059141+00:00,2026-10-05T05:58:50.159694+00:00,
0,T001,REST,task,64,8,1,0,10,L5,R1,L1,L6,10000,600.0,32.0,-65.0,72.44998274671983,-63.78862198216847,16.3822027,16.479974,457457965487700,457458063259000,2026-10-05T05:58:50.159694+00:00,2026-10-05T05:58:50.259297+00:00,
0,T001,REST,task,65,10,0,2,12,L6,L1,L2,L7,10000,600.0,27.0,-55.0,61.26989472816156,-63.853158764419106,16.4802339,16.5853482,457458063518900,457458168633200,2026-10-05T05:58:50.259297+00:00,2026-10-05T05:58:50.365624+00:00,
0,T001,REST,task,66,10,2,4,12,L6,L2,L3,L7,10000,600.0,23.0,-52.0,56.859475903318,-66.13982480865766,16.5855879,16.6819649,457458168872900,457458265249900,2026-10-05T05:58:50.365624+00:00,2026-10-05T05:58:50.459008+00:00,
0,T001,REST,task,67,10,4,6,12,L6,L3,L4,L7,10000,600.0,-11.0,36.0,37.64306044943742,106.99082329198617,16.682252,16.779007,457458265537000,457458362292000,2026-10-05T05:58:50.459008+00:00,2026-10-05T05:58:50.559061+00:00,
0,T001,REST,task,68,10,6,8,12,L6,L4,L5,L7,10000,600.0,116.0,-240.0,266.5633133047382,-64.20397350550006,16.779262,16.8829604,457458362547000,457458466245400,2026-10-05T05:58:50.559061+00:00,2026-10-05T05:58:50.659488+00:00,
0,T001,REST,task,69,10,14,15,12,L6,L8,R8,L7,10000,600.0,151.0,-321.0,354.7421598851763,-64.80747287051639,16.8832106,16.9809988,457458466495600,457458564283800,2026-10-05T05:58:50.659488+00:00,2026-10-05T05:58:50.759192+00:00,
0,T001,REST,task,70,10,15,13,12,L6,R8,R7,L7,10000,600.0,31.0,-58.0,65.76473218982953,-61.87626461671118,16.9812621,17.0791246,457458564547100,457458662409600,2026-10-05T05:58:50.759192+00:00,2026-10-05T05:58:50.859326+00:00,
0,T001,REST,task,71,10,13,11,12,L6,R7,R6,L7,10000,600.0,22.0,-45.0,50.08991914547278,-63.94650468950905,17.0793642,17.1761699,457458662649200,457458759454900,2026-10-05T05:58:50.859326+00:00,2026-10-05T05:58:50.957428+00:00,
0,T001,REST,task,72,10,11,9,12,L6,R6,R5,L7,10000,600.0,8.0,-22.0,23.40939982143925,-70.01689347810003,17.1765264,17.2751024,457458759811400,457458858387400,2026-10-05T05:58:50.957428+00:00,2026-10-05T05:58:51.049193+00:00,
0,T001,REST,task,73,10,9,7,12,L6,R5,R4,L7,10000,600.0,7.0,-17.0,18.384776310850235,-67.61986494804043,17.2753354,17.380138,457458858620400,457458963423000,2026-10-05T05:58:51.049193+00:00,2026-10-05T05:58:51.161483+00:00,
0,T001,REST,task,74,10,7,5,12,L6,R4,R3,L7,10000,600.0,-11.0,9.0,14.212670403551895,140.71059313749967,17.3804929,17.478985,457458963777900,457459062270000,2026-10-05T05:58:51.161483+00:00,2026-10-05T05:58:51.259315+00:00,
0,T001,REST,task,75,10,5,3,12,L6,R3,R2,L7,10000,600.0,1.0,-4.0,4.123105625617661,-75.96375653207353,17.4792236,17.5772405,457459062508600,457459160525500,2026-10-05T05:58:51.259315+00:00,2026-10-05T05:58:51.357728+00:00,
0,T001,REST,task,76,10,3,1,12,L6,R2,R1,L7,10000,600.0,-18.0,43.0,46.61544808322666,112.71441235316725,17.5776316,17.6751048,457459160916600,457459258389800,2026-10-05T05:58:51.357728+00:00,2026-10-05T05:58:51.449093+00:00,
0,T001,REST,task,77,10,1,0,12,L6,R1,L1,L7,10000,600.0,16.0,-47.0,49.64876634922564,-71.20011484134736,17.6753581,17.7721182,457459258643100,457459355403200,2026-10-05T05:58:51.449093+00:00,2026-10-05T05:58:51.549492+00:00,
0,T001,REST,task,78,12,0,2,14,L7,L1,L2,L8,10000,600.0,5.0,-18.0,18.681541692269406,-74.47588900324574,17.7723287,17.8721303,457459355613700,457459455415300,2026-10-05T05:58:51.549492+00:00,2026-10-05T05:58:51.649248+00:00,
0,T001,REST,task,79,12,2,4,14,L7,L2,L3,L8,10000,600.0,11.0,-27.0,29.154759474226502,-67.83365417791754,17.8725272,17.9711258,457459455812200,457459554410800,2026-10-05T05:58:51.649248+00:00,2026-10-05T05:58:51.749128+00:00,
0,T001,REST,task,80,12,4,6,14,L7,L3,L4,L8,10000,600.0,-14.0,27.0,30.4138126514911,117.40757543781842,17.9713659,18.068975,457459554650900,457459652260000,2026-10-05T05:58:51.749128+00:00,2026-10-05T05:58:51.849287+00:00,
0,T001,REST,task,81,12,6,8,14,L7,L4,L5,L8,10000,600.0,48.0,-94.0,105.54619841567009,-62.94940299291389,18.0692577,18.1662332,457459652542700,457459749518200,2026-10-05T05:58:51.849287+00:00,2026-10-05T05:58:51.941343+00:00,
0,T001,REST,task,82,12,8,10,14,L7,L5,L6,L8,10000,600.0,112.0,-216.0,243.3105012119288,-62.59242456218159,18.1664566,18.2651088,457459749741600,457459848393800,2026-10-05T05:58:51.941343+00:00,2026-10-05T05:58:52.041380+00:00,
0,T001,REST,task,83,12,15,13,14,L7,R8,R7,L8,10000,600.0,82.0,-143.0,164.84234892769516,-60.168894871213354,18.2653499,18.3702267,457459848634900,457459953511700,2026-10-05T05:58:52.041380+00:00,2026-10-05T05:58:52.149546+00:00,
0,T001,REST,task,84,12,13,11,14,L7,R7,R6,L8,10000,600.0,40.0,-73.0,83.24061508662703,-61.27967320213052,18.3704534,18.4690012,457459953738400,457460052286200,2026-10-05T05:58:52.149546+00:00,2026-10-05T05:58:52.250163+00:00,
0,T001,REST,task,85,12,11,9,14,L7,R6,R5,L8,10000,600.0,16.0,-27.0,31.38470965295043,-59.34933204294713,18.4692599,18.5692238,457460052544900,457460152508800,2026-10-05T05:58:52.250163+00:00,2026-10-05T05:58:52.349345+00:00,
0,T001,REST,task,86,12,9,7,14,L7,R5,R4,L8,10000,600.0,7.0,-19.0,20.248456731316587,-69.77514056883192,18.569507,18.6761271,457460152792000,457460259412100,2026-10-05T05:58:52.349345+00:00,2026-10-05T05:58:52.455035+00:00,
0,T001,REST,task,87,12,7,5,14,L7,R4,R3,L8,10000,600.0,-11.0,9.0,14.212670403551895,140.71059313749967,18.676476,18.776106,457460259761000,457460359391000,2026-10-05T05:58:52.455035+00:00,2026-10-05T05:58:52.549222+00:00,
0,T001,REST,task,88,12,5,3,14,L7,R3,R2,L8,10000,600.0,0.0,-3.0,3.0,-90.0,18.7763394,18.8841499,457460359624400,457460467434900,2026-10-05T05:58:52.549222+00:00,2026-10-05T05:58:52.662185+00:00,
0,T001,REST,task,89,12,3,1,14,L7,R2,R1,L8,10000,600.0,-21.0,38.0,43.41658669218482,118.92642583525362,18.8843917,18.9841068,457460467676700,457460567391800,2026-10-05T05:58:52.662185+00:00,2026-10-05T05:58:52.759301+00:00,
0,T001,REST,task,90,12,1,0,14,L7,R1,L1,L8,10000,600.0,30.0,-55.0,62.64982043070834,-61.38954033403479,18.9843486,19.0799976,457460567633600,457460663282600,2026-10-05T05:58:52.759301+00:00,2026-10-05T05:58:52.859454+00:00,
0,T001,REST,task,91,14,0,2,15,L8,L1,L2,R8,10000,600.0,-1.0,-2.0,2.23606797749979,-116.56505117707799,19.0802498,19.1780024,457460663534800,457460761287400,2026-10-05T05:58:52.859454+00:00,2026-10-05T05:58:52.959259+00:00,
0,T001,REST,task,92,14,2,4,15,L8,L2,L3,R8,10000,600.0,9.0,-24.0,25.632011235952593,-69.44395478041653,19.1782456,19.2760033,457460761530600,457460859288300,2026-10-05T05:58:52.959259+00:00,2026-10-05T05:58:53.057472+00:00,
0,T001,REST,task,93,14,4,6,15,L8,L3,L4,R8,10000,600.0,-14.0,28.0,31.304951684997057,116.56505117707799,19.276255,19.3750995,457460859540000,457460958384500,2026-10-05T05:58:53.057472+00:00,2026-10-05T05:58:53.149085+00:00,
0,T001,REST,task,94,14,6,8,15,L8,L4,L5,R8,10000,600.0,33.0,-70.0,77.38862965578342,-64.75947073521321,19.3753497,19.4759962,457460958634700,457461059281200,2026-10-05T05:58:53.149085+00:00,2026-10-05T05:58:53.257256+00:00,
0,T001,REST,task,95,14,8,10,15,L8,L5,L6,R8,10000,600.0,29.0,-62.0,68.4470598345904,-64.93253656193953,19.4762536,19.5731075,457461059538600,457461156392500,2026-10-05T05:58:53.257256+00:00,2026-10-05T05:58:53.349373+00:00,
0,T001,REST,task,96,14,10,12,15,L8,L6,L7,R8,10000,600.0,167.0,-329.0,368.95799218881274,-63.087705925836254,19.5733548,19.6789916,457461156639800,457461262276600,2026-10-05T05:58:53.349373+00:00,2026-10-05T05:58:53.459302+00:00,
0,T001,REST,task,97,14,13,11,15,L8,R7,R6,R8,10000,600.0,183.0,-361.0,404.7344808636892,-63.11840077564901,19.6792614,19.7763865,457461262546400,457461359671500,2026-10-05T05:58:53.459302+00:00,2026-10-05T05:58:53.557257+00:00,
0,T001,REST,task,98,14,11,9,15,L8,R6,R5,R8,10000,600.0,47.0,-88.0,99.76472322419383,-61.89373017919812,19.7766307,19.8859624,457461359915700,457461469247400,2026-10-05T05:58:53.557257+00:00,2026-10-05T05:58:53.666655+00:00,
0,T001,REST,task,99,14,9,7,15,L8,R5,R4,R8,10000,600.0,23.0,-47.0,52.32590180780452,-63.92464441605123,19.8862147,19.9821154,457461469499700,457461565400400,2026-10-05T05:58:53.667647+00:00,2026-10-05T05:58:53.759372+00:00,
0,T001,REST,task,100,14,7,5,15,L8,R4,R3,R8,10000,600.0,-17.0,19.0,25.495097567963924,131.82016988013575,19.9823535,20.0859883,457461565638500,457461669273300,2026-10-05T05:58:53.759372+00:00,2026-10-05T05:58:53.866806+00:00,
0,T001,REST,task,101,14,5,3,15,L8,R3,R2,R8,10000,600.0,5.0,-10.0,11.180339887498949,-63.43494882292201,20.0862499,20.1819617,457461669534900,457461765246700,2026-10-05T05:58:53.866806+00:00,2026-10-05T05:58:53.959217+00:00,
0,T001,REST,task,102,14,3,1,15,L8,R2,R1,R8,10000,600.0,-12.0,28.0,30.463092423455635,113.19859051364818,20.1822074,20.2809726,457461765492400,457461864257600,2026-10-05T05:58:53.959217+00:00,2026-10-05T05:58:54.062136+00:00,
0,T001,REST,task,103,14,1,0,15,L8,R1,L1,R8,10000,600.0,34.0,-71.0,78.7210264160726,-64.41148685868359,20.2812914,20.3789967,457461864576400,457461962281700,2026-10-05T05:58:54.062136+00:00,2026-10-05T05:58:54.159342+00:00,
0,T001,REST,task,104,15,0,2,13,R8,L1,L2,R7,10000,600.0,-4.0,5.0,6.4031242374328485,128.6598082540901,20.3792523,20.4749659,457461962537300,457462058250900,2026-10-05T05:58:54.159342+00:00,2026-10-05T05:58:54.249413+00:00,
0,T001,REST,task,105,15,2,4,13,R8,L2,L3,R7,10000,600.0,4.0,-13.0,13.601470508735444,-72.89727103094764,20.4752099,20.5750012,457462058494900,457462158286200,2026-10-05T05:58:54.249413+00:00,2026-10-05T05:58:54.355626+00:00,
0,T001,REST,task,106,15,4,6,13,R8,L3,L4,R7,10000,600.0,-7.0,15.0,16.55294535724685,115.01689347810004,20.5752374,20.6741089,457462158522400,457462257393900,2026-10-05T05:58:54.355626+00:00,2026-10-05T05:58:54.448957+00:00,
0,T001,REST,task,107,15,6,8,13,R8,L4,L5,R7,10000,600.0,14.0,-34.0,36.76955262170047,-67.61986494804043,20.6743493,20.7711333,457462257634300,457462354418300,2026-10-05T05:58:54.448957+00:00,2026-10-05T05:58:54.549160+00:00,
0,T001,REST,task,108,15,8,10,13,R8,L5,L6,R7,10000,600.0,7.0,-19.0,20.248456731316587,-69.77514056883192,20.7714137,20.8731143,457462354698700,457462456399300,2026-10-05T05:58:54.549160+00:00,2026-10-05T05:58:54.649215+00:00,
0,T001,REST,task,109,15,10,12,13,R8,L6,L7,R7,10000,600.0,38.0,-62.0,72.71863585079137,-58.49573328079582,20.8733539,20.9711253,457462456638900,457462554410300,2026-10-05T05:58:54.649215+00:00,2026-10-05T05:58:54.749176+00:00,
0,T001,REST,task,110,15,12,14,13,R8,L7,L8,R7,10000,600.0,79.0,-143.0,163.37074401495514,-61.081651956813715,20.9714097,21.0721092,457462554694700,457462655394200,2026-10-05T05:58:54.749176+00:00,2026-10-05T05:58:54.849258+00:00,
0,T001,REST,task,111,15,11,9,13,R8,R6,R5,R7,10000,600.0,115.0,-207.0,236.799493242701,-60.94539590092286,21.0723484,21.1670469,457462655633400,457462750331900,2026-10-05T05:58:54.849258+00:00,2026-10-05T05:58:54.942603+00:00,
0,T001,REST,task,112,15,9,7,13,R8,R5,R4,R7,10000,600.0,30.0,-59.0,66.18912297349165,-63.047821068771064,21.1673808,21.2689968,457462750665800,457462852281800,2026-10-05T05:58:54.942603+00:00,2026-10-05T05:58:55.049405+00:00,
0,T001,REST,task,113,15,7,5,13,R8,R4,R3,R7,10000,600.0,-18.0,20.0,26.90724809414742,131.98721249581666,21.269228,21.3679705,457462852513000,457462951255500,2026-10-05T05:58:55.049405+00:00,2026-10-05T05:58:55.149177+00:00,
0,T001,REST,task,114,15,5,3,13,R8,R3,R2,R7,10000,600.0,5.0,-12.0,13.0,-67.38013505195957,21.3682083,21.4690383,457462951493300,457463052323300,2026-10-05T05:58:55.149177+00:00,2026-10-05T05:58:55.249103+00:00,
0,T001,REST,task,115,15,3,1,13,R8,R2,R1,R7,10000,600.0,-10.0,15.0,18.027756377319946,123.69006752597979,21.4692981,21.5679716,457463052583100,457463151256600,2026-10-05T05:58:55.249103+00:00,2026-10-05T05:58:55.349166+00:00,
0,T001,REST,task,116,15,1,0,13,R8,R1,L1,R7,10000,600.0,28.0,-55.0,61.71709649683789,-63.019769281777144,21.5682248,21.665048,457463151509800,457463248333000,2026-10-05T05:58:55.349166+00:00,2026-10-05T05:58:55.445404+00:00,
0,T001,REST,task,117,13,0,2,11,R7,L1,L2,R6,10000,600.0,-15.0,22.0,26.627053911388696,124.28687697720898,21.6653348,21.7661342,457463248619800,457463349419200,2026-10-05T05:58:55.445404+00:00,2026-10-05T05:58:55.546105+00:00,
0,T001,REST,task,118,13,2,4,11,R7,L2,L3,R6,10000,600.0,3.0,-16.0,16.278820596099706,-79.38034472384487,21.7665494,21.8639699,457463349834400,457463447254900,2026-10-05T05:58:55.546105+00:00,2026-10-05T05:58:55.640986+00:00,
0,T001,REST,task,119,13,4,6,11,R7,L3,L4,R6,10000,600.0,-13.0,25.0,28.178005607210743,117.47443162627712,21.8642326,21.9629804,457463447517600,457463546265400,2026-10-05T05:58:55.640986+00:00,2026-10-05T05:58:55.744428+00:00,
0,T001,REST,task,120,13,6,8,11,R7,L4,L5,R6,10000,600.0,17.0,-43.0,46.238512086787566,-68.4286928087454,21.9632759,22.0600033,457463546560900,457463643288300,2026-10-05T05:58:55.744428+00:00,2026-10-05T05:58:55.841051+00:00,
0,T001,REST,task,121,13,8,10,11,R7,L5,L6,R6,10000,600.0,-2.0,-9.0,9.219544457292887,-102.52880770915151,22.0602642,22.1689785,457463643549200,457463752263500,2026-10-05T05:58:55.841051+00:00,2026-10-05T05:58:55.950425+00:00,
0,T001,REST,task,122,13,10,12,11,R7,L6,L7,R6,10000,600.0,26.0,-55.0,60.83584469702052,-64.69862137458028,22.1692576,22.2651105,457463752542600,457463848395500,2026-10-05T05:58:55.950425+00:00,2026-10-05T05:58:56.039500+00:00,
0,T001,REST,task,123,13,12,14,11,R7,L7,L8,R6,10000,600.0,31.0,-76.0,82.0792300158816,-67.80971110387746,22.2653548,22.3649759,457463848639800,457463948260900,2026-10-05T05:58:56.039500+00:00,2026-10-05T05:58:56.146425+00:00,
0,T001,REST,task,124,13,14,15,11,R7,L8,R8,R6,10000,600.0,150.0,-363.0,392.77092560422545,-67.54845354399613,22.3651966,22.464127,457463948481600,457464047412000,2026-10-05T05:58:56.146425+00:00,2026-10-05T05:58:56.242431+00:00,
0,T001,REST,task,125,13,9,7,11,R7,R5,R4,R6,10000,600.0,41.0,-100.0,108.07867504739313,-67.70637084030592,22.4643583,22.5729745,457464047643300,457464156259500,2026-10-05T05:58:56.242431+00:00,2026-10-05T05:58:56.354194+00:00,
0,T001,REST,task,126,13,7,5,11,R7,R4,R3,R6,10000,600.0,-8.0,7.0,10.63014581273465,138.81407483429035,22.573198,22.669977,457464156483000,457464253262000,2026-10-05T05:58:56.354194+00:00,2026-10-05T05:58:56.449276+00:00,
0,T001,REST,task,127,13,5,3,11,R7,R3,R2,R6,10000,600.0,8.0,-22.0,23.40939982143925,-70.01689347810003,22.670237,22.7689772,457464253522000,457464352262200,2026-10-05T05:58:56.449276+00:00,2026-10-05T05:58:56.549277+00:00,
0,T001,REST,task,128,13,3,1,11,R7,R2,R1,R6,10000,600.0,-3.0,-11.0,11.40175425099138,-105.25511870305779,22.76922,22.8671118,457464352505000,457464450396800,2026-10-05T05:58:56.549277+00:00,2026-10-05T05:58:56.642429+00:00,
0,T001,REST,task,129,13,1,0,11,R7,R1,L1,R6,10000,600.0,34.0,-63.0,71.58910531638176,-61.64503821467594,22.8673617,22.9689967,457464450646700,457464552281700,2026-10-05T05:58:56.642429+00:00,2026-10-05T05:58:56.749208+00:00,
0,T001,REST,task,130,11,0,2,9,R6,L1,L2,R5,10000,600.0,-3.0,-2.0,3.605551275463989,-146.30993247402023,22.9693328,23.06497,457464552617800,457464648255000,2026-10-05T05:58:56.749208+00:00,2026-10-05T05:58:56.841124+00:00,
0,T001,REST,task,131,11,2,4,9,R6,L2,L3,R5,10000,600.0,5.0,-21.0,21.587033144922902,-76.6075022462489,23.0652179,23.1674331,457464648502900,457464750718100,2026-10-05T05:58:56.841124+00:00,2026-10-05T05:58:56.947552+00:00,
0,T001,REST,task,132,11,4,6,9,R6,L3,L4,R5,10000,600.0,1.0,-4.0,4.123105625617661,-75.96375653207353,23.1677017,23.2689813,457464750986700,457464852266300,2026-10-05T05:58:56.949055+00:00,2026-10-05T05:58:57.049098+00:00,
0,T001,REST,task,133,11,6,8,9,R6,L4,L5,R5,10000,600.0,4.0,-18.0,18.439088914585774,-77.47119229084849,23.2692409,23.3671096,457464852525900,457464950394600,2026-10-05T05:58:57.049098+00:00,2026-10-05T05:58:57.142424+00:00,
0,T001,REST,task,134,11,8,10,9,R6,L5,L6,R5,10000,600.0,3.0,-30.0,30.14962686336267,-84.28940686250037,23.3673453,23.4641124,457464950630300,457465047397400,2026-10-05T05:58:57.142424+00:00,2026-10-05T05:58:57.242375+00:00,
0,T001,REST,task,135,11,10,12,9,R6,L6,L7,R5,10000,600.0,8.0,-23.0,24.351591323771842,-70.82099197418928,23.4643464,23.5620421,457465047631400,457465145327100,2026-10-05T05:58:57.242375+00:00,2026-10-05T05:58:57.343145+00:00,
0,T001,REST,task,136,11,12,14,9,R6,L7,L8,R5,10000,600.0,7.0,-24.0,25.0,-73.73979529168804,23.5622756,23.6600274,457465145560600,457465243312400,2026-10-05T05:58:57.343145+00:00,2026-10-05T05:58:57.439120+00:00,
0,T001,REST,task,137,11,14,15,9,R6,L8,R8,R5,10000,600.0,29.0,-82.0,86.97700845625813,-70.523424501068,23.6605459,23.757103,457465243830900,457465340388000,2026-10-05T05:58:57.439120+00:00,2026-10-05T05:58:57.529223+00:00,
0,T001,REST,task,138,11,15,13,9,R6,R8,R7,R5,10000,600.0,70.0,-193.0,205.30221625691235,-70.0645803414236,23.7573508,23.8539647,457465340635800,457465437249700,2026-10-05T05:58:57.529223+00:00,2026-10-05T05:58:57.634713+00:00,
0,T001,REST,task,139,11,7,5,9,R6,R4,R3,R5,10000,600.0,-130.0,342.0,365.8742953529258,110.81264648325937,23.8542801,23.9541074,457465437565100,457465537392400,2026-10-05T05:58:57.635712+00:00,2026-10-05T05:58:57.729230+00:00,
0,T001,REST,task,140,11,5,3,9,R6,R3,R2,R5,10000,600.0,70.0,-191.0,203.42320418280704,-69.87251130699204,23.9543424,24.0530504,457465537627400,457465636335400,2026-10-05T05:58:57.729230+00:00,2026-10-05T05:58:57.834351+00:00,
0,T001,REST,task,141,11,3,1,9,R6,R2,R1,R5,10000,600.0,38.0,-130.0,135.4400236266961,-73.7059525434011,24.0532631,24.1509935,457465636548100,457465734278500,2026-10-05T05:58:57.834351+00:00,2026-10-05T05:58:57.929284+00:00,
0,T001,REST,task,142,11,1,0,9,R6,R1,L1,R5,10000,600.0,37.0,-84.0,91.7877987534291,-66.22765118863529,24.1512182,24.2461325,457465734503200,457465829417500,2026-10-05T05:58:57.929284+00:00,2026-10-05T05:58:58.027100+00:00,
0,T001,REST,task,143,9,0,2,7,R5,L1,L2,R4,10000,600.0,-23.0,57.0,61.465437442517235,111.97450799147198,24.2463487,24.3461335,457465829633700,457465929418500,2026-10-05T05:58:58.027100+00:00,2026-10-05T05:58:58.124294+00:00,
0,T001,REST,task,144,9,2,4,7,R5,L2,L3,R4,10000,600.0,0.0,-11.0,11.0,-90.0,24.3463979,24.4476447,457465929682900,457466030929700,2026-10-05T05:58:58.124294+00:00,2026-10-05T05:58:58.229075+00:00,
0,T001,REST,task,145,9,4,6,7,R5,L3,L4,R4,10000,600.0,-21.0,58.0,61.68468205316454,109.90374953730785,24.4478891,24.5440037,457466031174100,457466127288700,2026-10-05T05:58:58.229075+00:00,2026-10-05T05:58:58.324380+00:00,
0,T001,REST,task,146,9,6,8,7,R5,L4,L5,R4,10000,600.0,20.0,-67.0,69.92138442565336,-73.37924308610795,24.5442654,24.6419701,457466127550400,457466225255100,2026-10-05T05:58:58.324380+00:00,2026-10-05T05:58:58.422655+00:00,
0,T001,REST,task,147,9,8,10,7,R5,L5,L6,R4,10000,600.0,-6.0,-5.0,7.810249675906654,-140.19442890773482,24.6422166,24.7389989,457466225501600,457466322283900,2026-10-05T05:58:58.422655+00:00,2026-10-05T05:58:58.519462+00:00,
0,T001,REST,task,148,9,10,12,7,R5,L6,L7,R4,10000,600.0,8.0,-26.0,27.202941017470888,-72.89727103094764,24.7392987,24.8379754,457466322583700,457466421260400,2026-10-05T05:58:58.519462+00:00,2026-10-05T05:58:58.619133+00:00,
0,T001,REST,task,149,9,12,14,7,R5,L7,L8,R4,10000,600.0,0.0,-21.0,21.0,-90.0,24.8382423,24.9349642,457466421527300,457466518249200,2026-10-05T05:58:58.619640+00:00,2026-10-05T05:58:58.716198+00:00,
0,T001,REST,task,150,9,14,15,7,R5,L8,R8,R4,10000,600.0,11.0,-47.0,48.27007354458868,-76.82744657667311,24.9352198,25.0341155,457466518504800,457466617400500,2026-10-05T05:58:58.716198+00:00,2026-10-05T05:58:58.809357+00:00,
0,T001,REST,task,151,9,15,13,7,R5,R8,R7,R4,10000,600.0,13.0,-58.0,59.43904440685432,-77.366638064725,25.0343513,25.1310467,457466617636300,457466714331700,2026-10-05T05:58:58.809357+00:00,2026-10-05T05:58:58.912385+00:00,
0,T001,REST,task,152,9,13,11,7,R5,R7,R6,R4,10000,600.0,20.0,-90.0,92.19544457292888,-77.47119229084849,25.1313177,25.2379759,457466714602700,457466821260900,2026-10-05T05:58:58.912385+00:00,2026-10-05T05:58:59.019088+00:00,
0,T001,REST,task,153,9,5,3,7,R5,R3,R2,R4,10000,600.0,-83.0,254.0,267.21714016881475,108.09592449847055,25.2382174,25.3359787,457466821502400,457466919263700,2026-10-05T05:58:59.019602+00:00,2026-10-05T05:58:59.116772+00:00,
0,T001,REST,task,154,9,3,1,7,R5,R2,R1,R4,10000,600.0,-17.0,38.0,41.6293165929973,114.10223450116115,25.3362316,25.4351216,457466919516600,457467018406600,2026-10-05T05:58:59.116772+00:00,2026-10-05T05:58:59.209286+00:00,
0,T001,REST,task,155,9,1,0,7,R5,R1,L1,R4,10000,600.0,16.0,-14.0,21.2602916254693,-41.18592516570965,25.4353516,25.5331251,457467018636600,457467116410100,2026-10-05T05:58:59.209286+00:00,2026-10-05T05:58:59.309762+00:00,
0,T001,REST,task,156,7,0,2,5,R4,L1,L2,R3,10000,600.0,1.0,-34.0,34.0147027033899,-88.31531568210372,25.533352,25.6369683,457467116637000,457467220253300,2026-10-05T05:58:59.309762+00:00,2026-10-05T05:58:59.414779+00:00,
0,T001,REST,task,157,7,2,4,5,R4,L2,L3,R3,10000,600.0,-3.0,-5.0,5.830951894845301,-120.96375653207352,25.6372118,25.7379602,457467220496800,457467321245200,2026-10-05T05:58:59.414779+00:00,2026-10-05T05:58:59.519248+00:00,
0,T001,REST,task,158,7,4,6,5,R4,L3,L4,R3,10000,600.0,4.0,-39.0,39.20459156782532,-84.14398641457105,25.7381919,25.8351166,457467321476900,457467418401600,2026-10-05T05:58:59.519248+00:00,2026-10-05T05:58:59.609283+00:00,
0,T001,REST,task,159,7,6,8,5,R4,L4,L5,R3,10000,600.0,-1.0,18.0,18.027756377319946,93.17983011986423,25.8353516,25.9321176,457467418636600,457467515402600,2026-10-05T05:58:59.609283+00:00,2026-10-05T05:58:59.709288+00:00,
0,T001,REST,task,160,7,8,10,5,R4,L5,L6,R3,10000,600.0,-5.0,-2.0,5.385164807134504,-158.19859051364818,25.932348,26.0329976,457467515633000,457467616282600,2026-10-05T05:58:59.709288+00:00,2026-10-05T05:58:59.809159+00:00,
0,T001,REST,task,161,7,10,12,5,R4,L6,L7,R3,10000,600.0,-1.0,6.0,6.082762530298219,99.46232220802563,26.0332436,26.132128,457467616528600,457467715413000,2026-10-05T05:58:59.809159+00:00,2026-10-05T05:58:59.909483+00:00,
0,T001,REST,task,162,7,12,14,5,R4,L7,L8,R3,10000,600.0,-7.0,10.0,12.206555615733702,124.99202019855868,26.1323669,26.2280186,457467715651900,457467811303600,2026-10-05T05:58:59.909483+00:00,2026-10-05T05:59:00.009339+00:00,
0,T001,REST,task,163,7,14,15,5,R4,L8,R8,R3,10000,600.0,-7.0,19.0,20.248456731316587,110.22485943116808,26.2282725,26.3260572,457467811557500,457467909342200,2026-10-05T05:59:00.009339+00:00,2026-10-05T05:59:00.107274+00:00,
0,T001,REST,task,164,7,15,13,5,R4,R8,R7,R3,10000,600.0,-8.0,17.0,18.788294228055936,115.20112364547508,26.3263131,26.4340282,457467909598100,457468017313200,2026-10-05T05:59:00.107274+00:00,2026-10-05T05:59:00.211206+00:00,
0,T001,REST,task,165,7,13,11,5,R4,R7,R6,R3,10000,600.0,-9.0,14.0,16.64331697709324,122.7352262721076,26.434291,26.532117,457468017576000,457468115402000,2026-10-05T05:59:00.211206+00:00,2026-10-05T05:59:00.311188+00:00,
0,T001,REST,task,166,7,11,9,5,R4,R6,R5,R3,10000,600.0,-62.0,300.0,306.33968074671617,101.676737830954,26.5323553,26.631137,457468115640300,457468214422000,2026-10-05T05:59:00.311188+00:00,2026-10-05T05:59:00.409240+00:00,
0,T001,REST,task,167,7,3,1,5,R4,R2,R1,R3,10000,600.0,57.0,-442.0,445.66018444550326,-82.65173376138651,26.6313714,26.7303145,457468214656400,457468313599500,2026-10-05T05:59:00.409240+00:00,2026-10-05T05:59:00.509128+00:00,
0,T001,REST,task,168,7,1,0,5,R4,R1,L1,R3,10000,600.0,42.0,-103.0,111.23398761170077,-67.81598665473003,26.7305811,26.8279875,457468313866100,457468411272500,2026-10-05T05:59:00.509128+00:00,2026-10-05T05:59:00.609011+00:00,
0,T001,REST,task,169,5,0,2,3,R3,L1,L2,R2,10000,600.0,-13.0,27.0,29.966648127543394,115.70995378081126,26.8282595,26.9270346,457468411544500,457468510319600,2026-10-05T05:59:00.609011+00:00,2026-10-05T05:59:00.706696+00:00,
0,T001,REST,task,170,5,2,4,3,R3,L2,L3,R2,10000,600.0,1.0,-18.0,18.027756377319946,-86.82016988013577,26.9272846,27.02903,457468510569600,457468612315000,2026-10-05T05:59:00.706696+00:00,2026-10-05T05:59:00.810471+00:00,
0,T001,REST,task,171,5,4,6,3,R3,L3,L4,R2,10000,600.0,1.0,-11.0,11.045361017187261,-84.8055710922652,27.0292924,27.1260046,457468612577400,457468709289600,2026-10-05T05:59:00.810471+00:00,2026-10-05T05:59:00.906351+00:00,
0,T001,REST,task,172,5,6,8,3,R3,L4,L5,R2,10000,600.0,-2.0,-6.0,6.324555320336759,-108.43494882292202,27.1262598,27.2260945,457468709544800,457468809379500,2026-10-05T05:59:00.906351+00:00,2026-10-05T05:59:01.007529+00:00,
0,T001,REST,task,173,5,8,10,3,R3,L5,L6,R2,10000,600.0,-6.0,-5.0,7.810249675906654,-140.19442890773482,27.2263058,27.3241222,457468809590800,457468907407200,2026-10-05T05:59:01.007529+00:00,2026-10-05T05:59:01.103483+00:00,
0,T001,REST,task,174,5,10,12,3,R3,L6,L7,R2,10000,600.0,2.0,-11.0,11.180339887498949,-79.69515353123397,27.3243517,27.4221239,457468907636700,457469005408900,2026-10-05T05:59:01.103483+00:00,2026-10-05T05:59:01.199094+00:00,
0,T001,REST,task,175,5,12,14,3,R3,L7,L8,R2,10000,600.0,-5.0,-5.0,7.0710678118654755,-135.0,27.4223169,27.5209995,457469005601900,457469104284500,2026-10-05T05:59:01.199094+00:00,2026-10-05T05:59:01.299207+00:00,
0,T001,REST,task,176,5,14,15,3,R3,L8,R8,R2,10000,600.0,-1.0,-11.0,11.045361017187261,-95.1944289077348,27.521326,27.620012,457469104611000,457469203297000,2026-10-05T05:59:01.302755+00:00,2026-10-05T05:59:01.398989+00:00,
0,T001,REST,task,177,5,15,13,3,R3,R8,R7,R2,10000,600.0,-3.0,-14.0,14.317821063276353,-102.0947570770121,27.6202556,27.71612,457469203540600,457469299405000,2026-10-05T05:59:01.398989+00:00,2026-10-05T05:59:01.491615+00:00,
0,T001,REST,task,178,5,13,11,3,R3,R7,R6,R2,10000,600.0,-7.0,-16.0,17.46424919657298,-113.62937773065681,27.7163696,27.813131,457469299654600,457469396416000,2026-10-05T05:59:01.491615+00:00,2026-10-05T05:59:01.589436+00:00,
0,T001,REST,task,179,5,11,9,3,R3,R6,R5,R2,10000,600.0,20.0,-186.0,187.0721785835617,-83.86274405073802,27.8134989,27.9112759,457469396783900,457469494560900,2026-10-05T05:59:01.589436+00:00,2026-10-05T05:59:01.692393+00:00,
0,T001,REST,task,180,5,9,7,3,R3,R5,R4,R2,10000,600.0,-46.0,261.0,265.02264054227516,99.99545613398766,27.9116546,28.0151166,457469494939600,457469598401600,2026-10-05T05:59:01.692393+00:00,2026-10-05T05:59:01.793103+00:00,
0,T001,REST,task,181,5,1,0,3,R3,R1,L1,R2,10000,600.0,30.0,-58.0,65.29931086925804,-62.65012421993013,28.0153686,28.1131432,457469598653600,457469696428200,2026-10-05T05:59:01.793103+00:00,2026-10-05T05:59:01.893055+00:00,
0,T001,REST,task,182,3,0,2,1,R2,L1,L2,R1,10000,600.0,6.0,-255.0,255.07057846799972,-88.65211271980141,28.1133991,28.2199858,457469696684100,457469803270800,2026-10-05T05:59:01.893055+00:00,2026-10-05T05:59:01.999324+00:00,
0,T001,REST,task,183,3,2,4,1,R2,L2,L3,R1,10000,600.0,-2.0,-9.0,9.219544457292887,-102.52880770915151,28.2203342,28.3181767,457469803619200,457469901461700,2026-10-05T05:59:01.999324+00:00,2026-10-05T05:59:02.099503+00:00,
0,T001,REST,task,184,3,4,6,1,R2,L3,L4,R1,10000,600.0,-5.0,-10.0,11.180339887498949,-116.56505117707799,28.3184175,28.417003,457469901702500,457470000288000,2026-10-05T05:59:02.099503+00:00,2026-10-05T05:59:02.193901+00:00,
0,T001,REST,task,185,3,6,8,1,R2,L4,L5,R1,10000,600.0,-1.0,12.0,12.041594578792296,94.76364169072617,28.4173372,28.5160155,457470000622200,457470099300500,2026-10-05T05:59:02.193901+00:00,2026-10-05T05:59:02.292338+00:00,
0,T001,REST,task,186,3,8,10,1,R2,L5,L6,R1,10000,600.0,-10.0,-6.0,11.661903789690601,-149.03624346792648,28.5162911,28.6169723,457470099576100,457470200257300,2026-10-05T05:59:02.292338+00:00,2026-10-05T05:59:02.393202+00:00,
0,T001,REST,task,187,3,10,12,1,R2,L6,L7,R1,10000,600.0,1.0,-3.0,3.1622776601683795,-71.56505117707799,28.6173068,28.7161713,457470200591800,457470299456300,2026-10-05T05:59:02.393202+00:00,2026-10-05T05:59:02.494970+00:00,
0,T001,REST,task,188,3,12,14,1,R2,L7,L8,R1,10000,600.0,-9.0,3.0,9.486832980505138,161.565051177078,28.7164184,28.8151225,457470299703400,457470398407500,2026-10-05T05:59:02.494970+00:00,2026-10-05T05:59:02.591544+00:00,
0,T001,REST,task,189,3,14,15,1,R2,L8,R8,R1,10000,600.0,-5.0,-3.0,5.830951894845301,-149.03624346792648,28.8153874,28.9141308,457470398672400,457470497415800,2026-10-05T05:59:02.591544+00:00,2026-10-05T05:59:02.695433+00:00,
0,T001,REST,task,190,3,15,13,1,R2,R8,R7,R1,10000,600.0,-8.0,-11.0,13.601470508735444,-126.02737338510362,28.9144652,29.0120273,457470497750200,457470595312300,2026-10-05T05:59:02.695433+00:00,2026-10-05T05:59:02.791592+00:00,
0,T001,REST,task,191,3,13,11,1,R2,R7,R6,R1,10000,600.0,-12.0,-17.0,20.808652046684813,-125.21759296819272,29.0122944,29.1089874,457470595579400,457470692272400,2026-10-05T05:59:02.791592+00:00,2026-10-05T05:59:02.889031+00:00,
0,T001,REST,task,192,3,11,9,1,R2,R6,R5,R1,10000,600.0,-4.0,-103.0,103.07764064044152,-92.22396124038549,29.1093505,29.2061096,457470692635500,457470789394600,2026-10-05T05:59:02.889031+00:00,2026-10-05T05:59:02.979409+00:00,
0,T001,REST,task,193,3,9,7,1,R2,R5,R4,R1,10000,600.0,-10.0,5.0,11.180339887498949,153.434948822922,29.2063709,29.3029617,457470789655900,457470886246700,2026-10-05T05:59:02.979409+00:00,2026-10-05T05:59:03.084174+00:00,
0,T001,REST,task,194,3,7,5,1,R2,R4,R3,R1,10000,600.0,-10.0,-326.0,326.15333817086713,-91.7569883099082,29.3032149,29.401169,457470886499900,457470984454000,2026-10-05T05:59:03.084174+00:00,2026-10-05T05:59:03.179255+00:00,
0,T001,REST,task,195,1,2,4,0,R1,L2,L3,L1,10000,600.0,-7.0,23.0,24.041630560342615,106.92751306414705,29.4014471,29.4990568,457470984732100,457471082341800,2026-10-05T05:59:03.179255+00:00,2026-10-05T05:59:03.279151+00:00,
0,T001,REST,task,196,1,4,6,0,R1,L3,L4,L1,10000,600.0,2.0,-26.0,26.076809620810597,-85.60129464500447,29.4992835,29.5971199,457471082568500,457471180404900,2026-10-05T05:59:03.279151+00:00,2026-10-05T05:59:03.373656+00:00,
0,T001,REST,task,197,1,6,8,0,R1,L4,L5,L1,10000,600.0,-4.0,23.0,23.345235059857504,99.86580694308438,29.5974023,29.6929886,457471180687300,457471276273600,2026-10-05T05:59:03.373656+00:00,2026-10-05T05:59:03.473625+00:00,
0,T001,REST,task,198,1,8,10,0,R1,L5,L6,L1,10000,600.0,-2.0,-10.0,10.198039027185569,-101.30993247402021,29.693196,29.7890157,457471276481000,457471372300700,2026-10-05T05:59:03.473625+00:00,2026-10-05T05:59:03.569255+00:00,
0,T001,REST,task,199,1,10,12,0,R1,L6,L7,L1,10000,600.0,0.0,-7.0,7.0,-90.0,29.7893068,29.8872109,457471372591800,457471470495900,2026-10-05T05:59:03.569255+00:00,2026-10-05T05:59:03.664483+00:00,
0,T001,REST,task,200,1,12,14,0,R1,L7,L8,L1,10000,600.0,-2.0,-8.0,8.246211251235321,-104.03624346792648,29.8874535,29.9951125,457471470738500,457471578397500,2026-10-05T05:59:03.664483+00:00,2026-10-05T05:59:03.769373+00:00,
0,T001,REST,task,201,1,14,15,0,R1,L8,R8,L1,10000,600.0,0.0,-15.0,15.0,-90.0,29.9953551,30.0921129,457471578640100,457471675397900,2026-10-05T05:59:03.769373+00:00,2026-10-05T05:59:03.869179+00:00,
0,T001,REST,task,202,1,15,13,0,R1,R8,R7,L1,10000,600.0,-1.0,-10.0,10.04987562112089,-95.71059313749964,30.0923632,30.1899956,457471675648200,457471773280600,2026-10-05T05:59:03.869179+00:00,2026-10-05T05:59:03.969198+00:00,
0,T001,REST,task,203,1,13,11,0,R1,R7,R6,L1,10000,600.0,-4.0,-3.0,5.0,-143.13010235415598,30.1902439,30.290079,457471773528900,457471873364000,2026-10-05T05:59:03.969198+00:00,2026-10-05T05:59:04.069364+00:00,
0,T001,REST,task,204,1,11,9,0,R1,R6,R5,L1,10000,600.0,1.0,-24.0,24.020824298928627,-87.61405596961119,30.2904312,30.386966,457471873716200,457471970251000,2026-10-05T05:59:04.069364+00:00,2026-10-05T05:59:04.168108+00:00,
0,T001,REST,task,205,1,9,7,0,R1,R5,R4,L1,10000,600.0,-6.0,37.0,37.48332962798263,99.21102654081668,30.387219,30.4831271,457471970504000,457472066412100,2026-10-05T05:59:04.168108+00:00,2026-10-05T05:59:04.262284+00:00,
0,T001,REST,task,206,1,7,5,0,R1,R4,R3,L1,10000,600.0,0.0,-37.0,37.0,-90.0,30.4834248,30.58402,457472066709800,457472167305000,2026-10-05T05:59:04.262284+00:00,2026-10-05T05:59:04.365440+00:00,
0,T001,REST,task,207,1,5,3,0,R1,R3,R2,L1,10000,600.0,-1.0,4.0,4.123105625617661,104.03624346792648,30.5843028,30.687818,457472167587800,457472271103000,2026-10-05T05:59:04.365440+00:00,2026-10-05T05:59:04.469243+00:00,
1,T002,SMILE_LEFT,task,0,0,4,6,2,L1,L3,L4,L2,10000,600.0,74.0,-283.0,292.5149568825499,-75.34616425489361,32.8403122,32.938222,457474423597200,457474521507000,2026-10-05T05:59:06.619192+00:00,2026-10-05T05:59:06.719384+00:00,
1,T002,SMILE_LEFT,task,1,0,6,8,2,L1,L4,L5,L2,10000,600.0,26.0,-98.0,101.39033484509261,-75.14138555207533,32.9385168,33.0361079,457474521801800,457474619392900,2026-10-05T05:59:06.719384+00:00,2026-10-05T05:59:06.809412+00:00,
1,T002,SMILE_LEFT,task,2,0,8,10,2,L1,L5,L6,L2,10000,600.0,15.0,-79.0,80.4114419718985,-79.24903300681196,33.0363973,33.1351068,457474619682300,457474718391800,2026-10-05T05:59:06.809412+00:00,2026-10-05T05:59:06.909556+00:00,
1,T002,SMILE_LEFT,task,3,0,10,12,2,L1,L6,L7,L2,10000,600.0,17.0,-50.0,52.81098370604357,-71.22196677755446,33.1353778,33.2371059,457474718662800,457474820390900,2026-10-05T05:59:06.909556+00:00,2026-10-05T05:59:07.014567+00:00,
1,T002,SMILE_LEFT,task,4,0,12,14,2,L1,L7,L8,L2,10000,600.0,-3.0,-14.0,14.317821063276353,-102.0947570770121,33.2373713,33.3341091,457474820656300,457474917394100,2026-10-05T05:59:07.014567+00:00,2026-10-05T05:59:07.109220+00:00,
1,T002,SMILE_LEFT,task,5,0,14,15,2,L1,L8,R8,L2,10000,600.0,-1.0,-5.0,5.0990195135927845,-101.30993247402021,33.3343877,33.4334938,457474917672700,457475016778800,2026-10-05T05:59:07.109220+00:00,2026-10-05T05:59:07.214133+00:00,
1,T002,SMILE_LEFT,task,6,0,15,13,2,L1,R8,R7,L2,10000,600.0,-3.0,0.0,3.0,180.0,33.4337509,33.5310145,457475017035900,457475114299500,2026-10-05T05:59:07.214133+00:00,2026-10-05T05:59:07.310288+00:00,
1,T002,SMILE_LEFT,task,7,0,13,11,2,L1,R7,R6,L2,10000,600.0,-15.0,23.0,27.459060435491963,123.11134196037203,33.5312757,33.6290445,457475114560700,457475212329500,2026-10-05T05:59:07.310288+00:00,2026-10-05T05:59:07.410131+00:00,
1,T002,SMILE_LEFT,task,8,0,11,9,2,L1,R6,R5,L2,10000,600.0,-2.0,-6.0,6.324555320336759,-108.43494882292202,33.6293463,33.7261301,457475212631300,457475309415100,2026-10-05T05:59:07.410131+00:00,2026-10-05T05:59:07.507377+00:00,
1,T002,SMILE_LEFT,task,9,0,9,7,2,L1,R5,R4,L2,10000,600.0,-24.0,60.0,64.62197768561404,111.80140948635182,33.7263855,33.824107,457475309670500,457475407392000,2026-10-05T05:59:07.507377+00:00,2026-10-05T05:59:07.599217+00:00,
1,T002,SMILE_LEFT,task,10,0,7,5,2,L1,R4,R3,L2,10000,600.0,1.0,-41.0,41.012193308819754,-88.60281897270363,33.8243777,33.922113,457475407662700,457475505398000,2026-10-05T05:59:07.599217+00:00,2026-10-05T05:59:07.699287+00:00,
1,T002,SMILE_LEFT,task,11,0,5,3,2,L1,R3,R2,L2,10000,600.0,-14.0,26.0,29.5296461204668,118.30075576600638,33.9223996,34.0221252,457475505684600,457475605410200,2026-10-05T05:59:07.699287+00:00,2026-10-05T05:59:07.799185+00:00,
1,T002,SMILE_LEFT,task,12,0,3,1,2,L1,R2,R1,L2,10000,600.0,83.0,-358.0,367.4955782046908,-76.94695392024815,34.0224063,34.1179676,457475605691300,457475701252600,2026-10-05T05:59:07.799185+00:00,2026-10-05T05:59:07.899258+00:00,
1,T002,SMILE_LEFT,task,13,2,6,8,4,L2,L4,L5,L3,10000,600.0,-67.0,239.0,248.21361767638777,105.66002913184354,34.1182163,34.2161157,457475701501300,457475799400700,2026-10-05T05:59:07.899258+00:00,2026-10-05T05:59:07.992554+00:00,
1,T002,SMILE_LEFT,task,14,2,8,10,4,L2,L5,L6,L3,10000,600.0,38.0,-155.0,159.5900999435742,-76.2249816803254,34.2163663,34.313999,457475799651300,457475897284000,2026-10-05T05:59:07.992554+00:00,2026-10-05T05:59:08.095021+00:00,
1,T002,SMILE_LEFT,task,15,2,10,12,4,L2,L6,L7,L3,10000,600.0,13.0,-39.0,41.10960958218893,-71.56505117707799,34.3143213,34.412149,457475897606300,457475995434000,2026-10-05T05:59:08.095021+00:00,2026-10-05T05:59:08.190220+00:00,
1,T002,SMILE_LEFT,task,16,2,12,14,4,L2,L7,L8,L3,10000,600.0,1.0,-19.0,19.026297590440446,-86.98721249581666,34.4123912,34.5169727,457475995676200,457476100257700,2026-10-05T05:59:08.190220+00:00,2026-10-05T05:59:08.297664+00:00,
1,T002,SMILE_LEFT,task,17,2,14,15,4,L2,L8,R8,L3,10000,600.0,3.0,-18.0,18.24828759089466,-80.53767779197439,34.51726,34.6161959,457476100545000,457476199480900,2026-10-05T05:59:08.297664+00:00,2026-10-05T05:59:08.391470+00:00,
1,T002,SMILE_LEFT,task,18,2,15,13,4,L2,R8,R7,L3,10000,600.0,-1.0,-8.0,8.06225774829855,-97.1250163489018,34.6164675,34.7151129,457476199752500,457476298397900,2026-10-05T05:59:08.391470+00:00,2026-10-05T05:59:08.492581+00:00,
1,T002,SMILE_LEFT,task,19,2,13,11,4,L2,R7,R6,L3,10000,600.0,-6.0,-2.0,6.324555320336759,-161.565051177078,34.7154081,34.8140286,457476298693100,457476397313600,2026-10-05T05:59:08.492581+00:00,2026-10-05T05:59:08.592867+00:00,
1,T002,SMILE_LEFT,task,20,2,11,9,4,L2,R6,R5,L3,10000,600.0,2.0,-16.0,16.1245154965971,-82.8749836510982,34.8143029,34.9120641,457476397587900,457476495349100,2026-10-05T05:59:08.592867+00:00,2026-10-05T05:59:08.693456+00:00,
1,T002,SMILE_LEFT,task,21,2,9,7,4,L2,R5,R4,L3,10000,600.0,-7.0,4.0,8.06225774829855,150.25511870305778,34.9122804,35.011,457476495565400,457476594285000,2026-10-05T05:59:08.693456+00:00,2026-10-05T05:59:08.792019+00:00,
1,T002,SMILE_LEFT,task,22,2,7,5,4,L2,R4,R3,L3,10000,600.0,-9.0,-3.0,9.486832980505138,-161.565051177078,35.0112494,35.1071138,457476594534400,457476690398800,2026-10-05T05:59:08.792019+00:00,2026-10-05T05:59:08.884516+00:00,
1,T002,SMILE_LEFT,task,23,2,5,3,4,L2,R3,R2,L3,10000,600.0,0.0,-8.0,8.0,-90.0,35.1073452,35.205106,457476690630200,457476788391000,2026-10-05T05:59:08.884516+00:00,2026-10-05T05:59:08.979359+00:00,
1,T002,SMILE_LEFT,task,24,2,3,1,4,L2,R2,R1,L3,10000,600.0,-20.0,45.0,49.24428900898052,113.96248897457819,35.2053745,35.3043073,457476788659500,457476887592300,2026-10-05T05:59:08.979359+00:00,2026-10-05T05:59:09.082730+00:00,
1,T002,SMILE_LEFT,task,25,2,1,0,4,L2,R1,L1,L3,10000,600.0,7.0,-9.0,11.40175425099138,-52.1250163489018,35.3045571,35.4021152,457476887842100,457476985400200,2026-10-05T05:59:09.082730+00:00,2026-10-05T05:59:09.179256+00:00,
1,T002,SMILE_LEFT,task,26,4,0,2,6,L3,L1,L2,L4,10000,600.0,68.0,-288.0,295.9189078109069,-76.71513351509782,35.4023502,35.5042811,457476985635200,457477087566100,2026-10-05T05:59:09.179256+00:00,2026-10-05T05:59:09.283843+00:00,
1,T002,SMILE_LEFT,task,27,4,8,10,6,L3,L5,L6,L4,10000,600.0,-74.0,239.0,250.19392478635447,107.20374992727999,35.5045249,35.6100118,457477087809900,457477193296800,2026-10-05T05:59:09.283843+00:00,2026-10-05T05:59:09.391124+00:00,
1,T002,SMILE_LEFT,task,28,4,10,12,6,L3,L6,L7,L4,10000,600.0,0.0,14.0,14.0,90.0,35.6102718,35.7061906,457477193556800,457477289475600,2026-10-05T05:59:09.391124+00:00,2026-10-05T05:59:09.485225+00:00,
1,T002,SMILE_LEFT,task,29,4,12,14,6,L3,L7,L8,L4,10000,600.0,-11.0,21.0,23.706539182259394,117.64597536373869,35.7064246,35.8051223,457477289709600,457477388407300,2026-10-05T05:59:09.485225+00:00,2026-10-05T05:59:09.579409+00:00,
1,T002,SMILE_LEFT,task,30,4,14,15,6,L3,L8,R8,L4,10000,600.0,-8.0,22.0,23.40939982143925,109.98310652189998,35.805383,35.9040261,457477388668000,457477487311100,2026-10-05T05:59:09.579409+00:00,2026-10-05T05:59:09.684452+00:00,
1,T002,SMILE_LEFT,task,31,4,15,13,6,L3,R8,R7,L4,10000,600.0,-5.0,6.0,7.810249675906654,129.8055710922652,35.9042741,36.0020002,457477487559100,457477585285200,2026-10-05T05:59:09.684452+00:00,2026-10-05T05:59:09.783025+00:00,
1,T002,SMILE_LEFT,task,32,4,13,11,6,L3,R7,R6,L4,10000,600.0,-14.0,23.0,26.92582403567252,121.32869286780416,36.0021935,36.1000029,457477585478500,457477683287900,2026-10-05T05:59:09.783025+00:00,2026-10-05T05:59:09.879128+00:00,
1,T002,SMILE_LEFT,task,33,4,11,9,6,L3,R6,R5,L4,10000,600.0,0.0,-11.0,11.0,-90.0,36.1002507,36.2011525,457477683535700,457477784437500,2026-10-05T05:59:09.879128+00:00,2026-10-05T05:59:09.980418+00:00,
1,T002,SMILE_LEFT,task,34,4,9,7,6,L3,R5,R4,L4,10000,600.0,-23.0,56.0,60.53924347066124,112.32865637801915,36.2014221,36.3041205,457477784707100,457477887405500,2026-10-05T05:59:09.980418+00:00,2026-10-05T05:59:10.079285+00:00,
1,T002,SMILE_LEFT,task,35,4,7,5,6,L3,R4,R3,L4,10000,600.0,3.0,-48.0,48.093658625644196,-86.42366562500266,36.3043518,36.410075,457477887636800,457477993360000,2026-10-05T05:59:10.079285+00:00,2026-10-05T05:59:10.191309+00:00,
1,T002,SMILE_LEFT,task,36,4,5,3,6,L3,R3,R2,L4,10000,600.0,4.0,-14.0,14.560219778561036,-74.05460409907715,36.4102533,36.5079636,457477993538300,457478091248600,2026-10-05T05:59:10.191309+00:00,2026-10-05T05:59:10.289258+00:00,
1,T002,SMILE_LEFT,task,37,4,3,1,6,L3,R2,R1,L4,10000,600.0,-15.0,18.0,23.430749027719962,129.8055710922652,36.5082348,36.6071164,457478091519800,457478190401400,2026-10-05T05:59:10.289258+00:00,2026-10-05T05:59:10.386177+00:00,
1,T002,SMILE_LEFT,task,38,4,1,0,6,L3,R1,L1,L4,10000,600.0,37.0,-111.0,117.00427342623003,-71.56505117707799,36.6073684,36.703121,457478190653400,457478286406000,2026-10-05T05:59:10.386177+00:00,2026-10-05T05:59:10.479411+00:00,
1,T002,SMILE_LEFT,task,39,6,0,2,8,L4,L1,L2,L5,10000,600.0,26.0,-83.0,86.97700845625813,-72.60667785308797,36.7033824,36.8021244,457478286667400,457478385409400,2026-10-05T05:59:10.479411+00:00,2026-10-05T05:59:10.579225+00:00,
1,T002,SMILE_LEFT,task,40,6,2,4,8,L4,L2,L3,L5,10000,600.0,-91.0,243.0,259.4802497301095,110.53020138754586,36.8023927,36.8979752,457478385677700,457478481260200,2026-10-05T05:59:10.579225+00:00,2026-10-05T05:59:10.679224+00:00,
1,T002,SMILE_LEFT,task,41,6,10,12,8,L4,L6,L7,L5,10000,600.0,69.0,-176.0,189.04232330353963,-68.5925631419045,36.8982137,36.9977194,457478481498700,457478581004400,2026-10-05T05:59:10.679224+00:00,2026-10-05T05:59:10.779149+00:00,
1,T002,SMILE_LEFT,task,42,6,12,14,8,L4,L7,L8,L5,10000,600.0,25.0,-75.0,79.05694150420949,-71.56505117707799,36.9979722,37.0951402,457478581257200,457478678425200,2026-10-05T05:59:10.779149+00:00,2026-10-05T05:59:10.874622+00:00,
1,T002,SMILE_LEFT,task,43,6,14,15,8,L4,L8,R8,L5,10000,600.0,19.0,-57.0,60.08327554319921,-71.56505117707799,37.0954377,37.1978985,457478678722700,457478781183500,2026-10-05T05:59:10.874622+00:00,2026-10-05T05:59:10.979322+00:00,
1,T002,SMILE_LEFT,task,44,6,15,13,8,L4,R8,R7,L5,10000,600.0,4.0,-19.0,19.4164878389476,-78.11134196037202,37.1981471,37.2971196,457478781432100,457478880404600,2026-10-05T05:59:10.979322+00:00,2026-10-05T05:59:11.076137+00:00,
1,T002,SMILE_LEFT,task,45,6,13,11,8,L4,R7,R6,L5,10000,600.0,4.0,-20.0,20.396078054371138,-78.69006752597979,37.2973659,37.3976892,457478880650900,457478980974200,2026-10-05T05:59:11.076137+00:00,2026-10-05T05:59:11.179086+00:00,
1,T002,SMILE_LEFT,task,46,6,11,9,8,L4,R6,R5,L5,10000,600.0,0.0,-6.0,6.0,-90.0,37.3979864,37.498023,457478981271400,457479081308000,2026-10-05T05:59:11.179086+00:00,2026-10-05T05:59:11.279200+00:00,
1,T002,SMILE_LEFT,task,47,6,9,7,8,L4,R5,R4,L5,10000,600.0,13.0,-42.0,43.965895873961216,-72.80145877993414,37.4982655,37.5979051,457479081550500,457479181190100,2026-10-05T05:59:11.279200+00:00,2026-10-05T05:59:11.379340+00:00,
1,T002,SMILE_LEFT,task,48,6,7,5,8,L4,R4,R3,L5,10000,600.0,-15.0,28.0,31.76476034853718,118.17859010995917,37.5981495,37.7031129,457479181434500,457479286397900,2026-10-05T05:59:11.379340+00:00,2026-10-05T05:59:11.484461+00:00,
1,T002,SMILE_LEFT,task,49,6,5,3,8,L4,R3,R2,L5,10000,600.0,-9.0,12.0,15.0,126.86989764584402,37.7033523,37.8031171,457479286637300,457479386402100,2026-10-05T05:59:11.484461+00:00,2026-10-05T05:59:11.579220+00:00,
1,T002,SMILE_LEFT,task,50,6,3,1,8,L4,R2,R1,L5,10000,600.0,-35.0,95.0,101.24228365658294,110.22485943116808,37.8033616,37.9041197,457479386646600,457479487404700,2026-10-05T05:59:11.579220+00:00,2026-10-05T05:59:11.679251+00:00,
1,T002,SMILE_LEFT,task,51,6,1,0,8,L4,R1,L1,L5,10000,600.0,-4.0,11.0,11.704699910719626,109.98310652189998,37.9043518,38.0031666,457479487636800,457479586451600,2026-10-05T05:59:11.679251+00:00,2026-10-05T05:59:11.779192+00:00,
1,T002,SMILE_LEFT,task,52,8,0,2,10,L5,L1,L2,L6,10000,600.0,33.0,-95.0,100.56838469419701,-70.84438755456033,38.0034499,38.1120436,457479586734900,457479695328600,2026-10-05T05:59:11.779192+00:00,2026-10-05T05:59:11.892408+00:00,
1,T002,SMILE_LEFT,task,53,8,2,4,10,L5,L2,L3,L6,10000,600.0,75.0,-188.0,202.4080037943164,-68.25115543423368,38.1122734,38.211138,457479695558400,457479794423000,2026-10-05T05:59:11.892408+00:00,2026-10-05T05:59:11.990869+00:00,
1,T002,SMILE_LEFT,task,54,8,4,6,10,L5,L3,L4,L6,10000,600.0,-125.0,296.0,321.3113754600045,112.89420223155484,38.2114366,38.3111673,457479794721600,457479894452300,2026-10-05T05:59:11.990869+00:00,2026-10-05T05:59:12.092348+00:00,
1,T002,SMILE_LEFT,task,55,8,12,14,10,L5,L7,L8,L6,10000,600.0,91.0,-221.0,239.00209204105306,-67.61986494804043,38.3116231,38.4150065,457479894908100,457479998291500,2026-10-05T05:59:12.092348+00:00,2026-10-05T05:59:12.196110+00:00,
1,T002,SMILE_LEFT,task,56,8,14,15,10,L5,L8,R8,L6,10000,600.0,27.0,-66.0,71.30918594402827,-67.75097634278764,38.4152724,38.5131565,457479998557400,457480096441500,2026-10-05T05:59:12.196110+00:00,2026-10-05T05:59:12.293850+00:00,
1,T002,SMILE_LEFT,task,57,8,15,13,10,L5,R8,R7,L6,10000,600.0,6.0,-18.0,18.973665961010276,-71.56505117707799,38.5134031,38.6120714,457480096688100,457480195356400,2026-10-05T05:59:12.293850+00:00,2026-10-05T05:59:12.391103+00:00,
1,T002,SMILE_LEFT,task,58,8,13,11,10,L5,R7,R6,L6,10000,600.0,-5.0,-2.0,5.385164807134504,-158.19859051364818,38.612399,38.7139605,457480195684000,457480297245500,2026-10-05T05:59:12.391103+00:00,2026-10-05T05:59:12.493897+00:00,
1,T002,SMILE_LEFT,task,59,8,11,9,10,L5,R6,R5,L6,10000,600.0,8.0,-33.0,33.95585369269929,-76.37300514010846,38.714208,38.8130593,457480297493000,457480396344300,2026-10-05T05:59:12.493897+00:00,2026-10-05T05:59:12.590783+00:00,
1,T002,SMILE_LEFT,task,60,8,9,7,10,L5,R5,R4,L6,10000,600.0,-6.0,2.0,6.324555320336759,161.565051177078,38.8133508,38.9111691,457480396635800,457480494454100,2026-10-05T05:59:12.590783+00:00,2026-10-05T05:59:12.689287+00:00,
1,T002,SMILE_LEFT,task,61,8,7,5,10,L5,R4,R3,L6,10000,600.0,-4.0,-7.0,8.06225774829855,-119.74488129694222,38.9114651,39.0100059,457480494750100,457480593290900,2026-10-05T05:59:12.689287+00:00,2026-10-05T05:59:12.790872+00:00,
1,T002,SMILE_LEFT,task,62,8,5,3,10,L5,R3,R2,L6,10000,600.0,-1.0,-4.0,4.123105625617661,-104.03624346792648,39.0102659,39.1072257,457480593550900,457480690510700,2026-10-05T05:59:12.790872+00:00,2026-10-05T05:59:12.888642+00:00,
1,T002,SMILE_LEFT,task,63,8,3,1,10,L5,R2,R1,L6,10000,600.0,-18.0,25.0,30.805843601498726,125.75388725443676,39.1074676,39.2071106,457480690752600,457480790395600,2026-10-05T05:59:12.888642+00:00,2026-10-05T05:59:12.984811+00:00,
1,T002,SMILE_LEFT,task,64,8,1,0,10,L5,R1,L1,L6,10000,600.0,32.0,-64.0,71.55417527999327,-63.43494882292201,39.2073758,39.3051711,457480790660800,457480888456100,2026-10-05T05:59:12.984811+00:00,2026-10-05T05:59:13.079067+00:00,
1,T002,SMILE_LEFT,task,65,10,0,2,12,L6,L1,L2,L7,10000,600.0,26.0,-53.0,59.033888572581766,-63.86899945506142,39.3055014,39.412967,457480888786400,457480996252000,2026-10-05T05:59:13.079067+00:00,2026-10-05T05:59:13.194243+00:00,
1,T002,SMILE_LEFT,task,66,10,2,4,12,L6,L2,L3,L7,10000,600.0,20.0,-47.0,51.07837115648854,-66.94869908352698,39.4133088,39.5112274,457480996593800,457481094512400,2026-10-05T05:59:13.194243+00:00,2026-10-05T05:59:13.290317+00:00,
1,T002,SMILE_LEFT,task,67,10,4,6,12,L6,L3,L4,L7,10000,600.0,-8.0,29.0,30.083217912982647,105.42216131873867,39.5114832,39.616972,457481094768200,457481200257000,2026-10-05T05:59:13.290317+00:00,2026-10-05T05:59:13.397705+00:00,
1,T002,SMILE_LEFT,task,68,10,6,8,12,L6,L4,L5,L7,10000,600.0,107.0,-222.0,246.44066222926767,-64.26677102229176,39.6172481,39.7142827,457481200533100,457481297567700,2026-10-05T05:59:13.397705+00:00,2026-10-05T05:59:13.489492+00:00,
1,T002,SMILE_LEFT,task,69,10,14,15,12,L6,L8,R8,L7,10000,600.0,154.0,-322.0,356.9313659514949,-64.4400348281762,39.7145201,39.8259956,457481297805100,457481409280600,2026-10-05T05:59:13.489492+00:00,2026-10-05T05:59:13.607166+00:00,
1,T002,SMILE_LEFT,task,70,10,15,13,12,L6,R8,R7,L7,10000,600.0,29.0,-51.0,58.66856057549052,-60.376251248826186,39.8263972,39.9251199,457481409682200,457481508404900,2026-10-05T05:59:13.607844+00:00,2026-10-05T05:59:13.706576+00:00,
1,T002,SMILE_LEFT,task,71,10,13,11,12,L6,R7,R6,L7,10000,600.0,19.0,-39.0,43.382023926967726,-64.02560603756868,39.9253631,40.0239719,457481508648100,457481607256900,2026-10-05T05:59:13.706576+00:00,2026-10-05T05:59:13.805258+00:00,
1,T002,SMILE_LEFT,task,72,10,11,9,12,L6,R6,R5,L7,10000,600.0,7.0,-19.0,20.248456731316587,-69.77514056883192,40.0242432,40.1231162,457481607528200,457481706401200,2026-10-05T05:59:13.805258+00:00,2026-10-05T05:59:13.899419+00:00,
1,T002,SMILE_LEFT,task,73,10,9,7,12,L6,R5,R4,L7,10000,600.0,5.0,-13.0,13.92838827718412,-68.96248897457819,40.1233557,40.2270814,457481706640700,457481810366400,2026-10-05T05:59:13.899419+00:00,2026-10-05T05:59:13.999564+00:00,
1,T002,SMILE_LEFT,task,74,10,7,5,12,L6,R4,R3,L7,10000,600.0,-10.0,8.0,12.806248474865697,141.34019174590992,40.2273698,40.3251737,457481810654800,457481908458700,2026-10-05T05:59:14.008726+00:00,2026-10-05T05:59:14.099533+00:00,
1,T002,SMILE_LEFT,task,75,10,5,3,12,L6,R3,R2,L7,10000,600.0,0.0,-3.0,3.0,-90.0,40.3259545,40.4311546,457481909239500,457482014439600,2026-10-05T05:59:14.106874+00:00,2026-10-05T05:59:14.209502+00:00,
1,T002,SMILE_LEFT,task,76,10,3,1,12,L6,R2,R1,L7,10000,600.0,-17.0,43.0,46.238512086787566,111.5713071912546,40.4315003,40.5311371,457482014785300,457482114422100,2026-10-05T05:59:14.209502+00:00,2026-10-05T05:59:14.310860+00:00,
1,T002,SMILE_LEFT,task,77,10,1,0,12,L6,R1,L1,L7,10000,600.0,15.0,-43.0,45.5411901469428,-70.76932762433871,40.5313691,40.6319989,457482114654100,457482215283900,2026-10-05T05:59:14.310860+00:00,2026-10-05T05:59:14.413059+00:00,
1,T002,SMILE_LEFT,task,78,12,0,2,14,L7,L1,L2,L8,10000,600.0,4.0,-16.0,16.492422502470642,-75.96375653207353,40.6322446,40.7310993,457482215529600,457482314384300,2026-10-05T05:59:14.413059+00:00,2026-10-05T05:59:14.511551+00:00,
1,T002,SMILE_LEFT,task,79,12,2,4,14,L7,L2,L3,L8,10000,600.0,12.0,-29.0,31.38470965295043,-67.5205656028969,40.7313894,40.8311061,457482314674400,457482414391100,2026-10-05T05:59:14.511551+00:00,2026-10-05T05:59:14.612440+00:00,
1,T002,SMILE_LEFT,task,80,12,4,6,14,L7,L3,L4,L8,10000,600.0,-16.0,32.0,35.77708763999664,116.56505117707799,40.831317,40.9270342,457482414602000,457482510319200,2026-10-05T05:59:14.612440+00:00,2026-10-05T05:59:14.708357+00:00,
1,T002,SMILE_LEFT,task,81,12,6,8,14,L7,L4,L5,L8,10000,600.0,55.0,-107.0,120.30793822520607,-62.79598892393039,40.9272852,41.0254215,457482510570200,457482608706500,2026-10-05T05:59:14.708357+00:00,2026-10-05T05:59:14.805794+00:00,
1,T002,SMILE_LEFT,task,82,12,8,10,14,L7,L5,L6,L8,10000,600.0,122.0,-235.0,264.78104161740885,-62.56396521793669,41.0256079,41.1231153,457482608892900,457482706400300,2026-10-05T05:59:14.805794+00:00,2026-10-05T05:59:14.899148+00:00,
1,T002,SMILE_LEFT,task,83,12,15,13,14,L7,R8,R7,L8,10000,600.0,86.0,-146.0,169.44615663980107,-59.50016676655257,41.123395,41.2189917,457482706680000,457482802276700,2026-10-05T05:59:14.899148+00:00,2026-10-05T05:59:14.999147+00:00,
1,T002,SMILE_LEFT,task,84,12,13,11,14,L7,R7,R6,L8,10000,600.0,41.0,-74.0,84.59905436823747,-61.011177478808456,41.2192307,41.3171361,457482802515700,457482900421100,2026-10-05T05:59:14.999147+00:00,2026-10-05T05:59:15.091333+00:00,
1,T002,SMILE_LEFT,task,85,12,11,9,14,L7,R6,R5,L8,10000,600.0,18.0,-28.0,33.28663395418648,-57.264773727892404,41.3174603,41.4131964,457482900745300,457482996481400,2026-10-05T05:59:15.091333+00:00,2026-10-05T05:59:15.189498+00:00,
1,T002,SMILE_LEFT,task,86,12,9,7,14,L7,R5,R4,L8,10000,600.0,6.0,-17.0,18.027756377319946,-70.5599651718238,41.413447,41.5119926,457482996732000,457483095277600,2026-10-05T05:59:15.189498+00:00,2026-10-05T05:59:15.292245+00:00,
1,T002,SMILE_LEFT,task,87,12,7,5,14,L7,R4,R3,L8,10000,600.0,-10.0,7.0,12.206555615733702,145.00797980144134,41.5122457,41.6100692,457483095530700,457483193354200,2026-10-05T05:59:15.292245+00:00,2026-10-05T05:59:15.390975+00:00,
1,T002,SMILE_LEFT,task,88,12,5,3,14,L7,R3,R2,L8,10000,600.0,1.0,-4.0,4.123105625617661,-75.96375653207353,41.6103458,41.7131221,457483193630800,457483296407100,2026-10-05T05:59:15.390975+00:00,2026-10-05T05:59:15.491408+00:00,
1,T002,SMILE_LEFT,task,89,12,3,1,14,L7,R2,R1,L8,10000,600.0,-19.0,35.0,39.824615503479755,118.49563861824498,41.713368,41.8171132,457483296653000,457483400398200,2026-10-05T05:59:15.491408+00:00,2026-10-05T05:59:15.597801+00:00,
1,T002,SMILE_LEFT,task,90,12,1,0,14,L7,R1,L1,L8,10000,600.0,31.0,-57.0,64.88451279003334,-61.460014812040036,41.8173727,41.9149988,457483400657700,457483498283800,2026-10-05T05:59:15.597801+00:00,2026-10-05T05:59:15.692164+00:00,
1,T002,SMILE_LEFT,task,91,14,0,2,15,L8,L1,L2,R8,10000,600.0,0.0,-3.0,3.0,-90.0,41.9152539,42.013302,457483498538900,457483596587000,2026-10-05T05:59:15.692164+00:00,2026-10-05T05:59:15.789258+00:00,
1,T002,SMILE_LEFT,task,92,14,2,4,15,L8,L2,L3,R8,10000,600.0,10.0,-27.0,28.792360097775937,-69.67686317033707,42.0135488,42.1130493,457483596833800,457483696334300,2026-10-05T05:59:15.789258+00:00,2026-10-05T05:59:15.893571+00:00,
1,T002,SMILE_LEFT,task,93,14,4,6,15,L8,L3,L4,R8,10000,600.0,-16.0,33.0,36.6742416417845,115.86635679409451,42.1133456,42.2123063,457483696630600,457483795591300,2026-10-05T05:59:15.894572+00:00,2026-10-05T05:59:15.990244+00:00,
1,T002,SMILE_LEFT,task,94,14,6,8,15,L8,L4,L5,R8,10000,600.0,39.0,-82.0,90.80198235721508,-64.56378361958265,42.2125405,42.316138,457483795825500,457483899423000,2026-10-05T05:59:15.990244+00:00,2026-10-05T05:59:16.097438+00:00,
1,T002,SMILE_LEFT,task,95,14,8,10,15,L8,L5,L6,R8,10000,600.0,32.0,-70.0,76.96752561957543,-65.4328286793987,42.3164575,42.4141178,457483899742500,457483997402800,2026-10-05T05:59:16.097438+00:00,2026-10-05T05:59:16.189412+00:00,
1,T002,SMILE_LEFT,task,96,14,10,12,15,L8,L6,L7,R8,10000,600.0,170.0,-329.0,370.32553247109496,-62.67381778384009,42.4143594,42.5111588,457483997644400,457484094443800,2026-10-05T05:59:16.189412+00:00,2026-10-05T05:59:16.292299+00:00,
1,T002,SMILE_LEFT,task,97,14,13,11,15,L8,R7,R6,R8,10000,600.0,186.0,-366.0,410.55084946934403,-63.060471936199185,42.511483,42.609299,457484094768000,457484192584000,2026-10-05T05:59:16.292299+00:00,2026-10-05T05:59:16.390440+00:00,
1,T002,SMILE_LEFT,task,98,14,11,9,15,L8,R6,R5,R8,10000,600.0,48.0,-89.0,101.11874208078342,-61.66086796410411,42.6095492,42.7091541,457484192834200,457484292439100,2026-10-05T05:59:16.390440+00:00,2026-10-05T05:59:16.490617+00:00,
1,T002,SMILE_LEFT,task,99,14,9,7,15,L8,R5,R4,R8,10000,600.0,23.0,-47.0,52.32590180780452,-63.92464441605123,42.7093522,42.8079882,457484292637200,457484391273200,2026-10-05T05:59:16.490617+00:00,2026-10-05T05:59:16.589162+00:00,
1,T002,SMILE_LEFT,task,100,14,7,5,15,L8,R4,R3,R8,10000,600.0,-18.0,19.0,26.1725046566048,133.45184230102205,42.8082886,42.9061061,457484391573600,457484489391100,2026-10-05T05:59:16.589162+00:00,2026-10-05T05:59:16.679057+00:00,
1,T002,SMILE_LEFT,task,101,14,5,3,15,L8,R3,R2,R8,10000,600.0,5.0,-10.0,11.180339887498949,-63.43494882292201,42.9063833,43.0032476,457484489668300,457484586532600,2026-10-05T05:59:16.679057+00:00,2026-10-05T05:59:16.779273+00:00,
1,T002,SMILE_LEFT,task,102,14,3,1,15,L8,R2,R1,R8,10000,600.0,-12.0,27.0,29.546573405388315,113.96248897457819,43.0034733,43.1161731,457484586758300,457484699458100,2026-10-05T05:59:16.779273+00:00,2026-10-05T05:59:16.891858+00:00,
1,T002,SMILE_LEFT,task,103,14,1,0,15,L8,R1,L1,R8,10000,600.0,36.0,-74.0,82.29216244576394,-64.05770451012833,43.1164883,43.2199988,457484699773300,457484803283800,2026-10-05T05:59:16.891858+00:00,2026-10-05T05:59:16.999081+00:00,
1,T002,SMILE_LEFT,task,104,15,0,2,13,R8,L1,L2,R7,10000,600.0,-3.0,5.0,5.830951894845301,120.96375653207352,43.2202675,43.3180425,457484803552500,457484901327500,2026-10-05T05:59:16.999081+00:00,2026-10-05T05:59:17.099266+00:00,
1,T002,SMILE_LEFT,task,105,15,2,4,13,R8,L2,L3,R7,10000,600.0,4.0,-12.0,12.649110640673518,-71.56505117707799,43.3182809,43.4163608,457484901565900,457484999645800,2026-10-05T05:59:17.099266+00:00,2026-10-05T05:59:17.191057+00:00,
1,T002,SMILE_LEFT,task,106,15,4,6,13,R8,L3,L4,R7,10000,600.0,-7.0,15.0,16.55294535724685,115.01689347810004,43.4166106,43.5171701,457484999895600,457485100455100,2026-10-05T05:59:17.191057+00:00,2026-10-05T05:59:17.289163+00:00,
1,T002,SMILE_LEFT,task,107,15,6,8,13,R8,L4,L5,R7,10000,600.0,14.0,-34.0,36.76955262170047,-67.61986494804043,43.5174332,43.6160846,457485100718200,457485199369600,2026-10-05T05:59:17.289163+00:00,2026-10-05T05:59:17.396315+00:00,
1,T002,SMILE_LEFT,task,108,15,8,10,13,R8,L5,L6,R7,10000,600.0,7.0,-19.0,20.248456731316587,-69.77514056883192,43.6163401,43.7170569,457485199625100,457485300341900,2026-10-05T05:59:17.396315+00:00,2026-10-05T05:59:17.497163+00:00,
1,T002,SMILE_LEFT,task,109,15,10,12,13,R8,L6,L7,R7,10000,600.0,36.0,-55.0,65.73431371817918,-56.79342968491047,43.7173003,43.8171141,457485300585300,457485400399100,2026-10-05T05:59:17.497163+00:00,2026-10-05T05:59:17.592349+00:00,
1,T002,SMILE_LEFT,task,110,15,12,14,13,R8,L7,L8,R7,10000,600.0,83.0,-147.0,168.81350656863924,-60.54980416970159,43.8174041,43.9182206,457485400689100,457485501505600,2026-10-05T05:59:17.592349+00:00,2026-10-05T05:59:17.699530+00:00,
1,T002,SMILE_LEFT,task,111,15,11,9,13,R8,R6,R5,R7,10000,600.0,110.0,-199.0,227.37853900489378,-61.06777029731151,43.9184917,44.0190276,457485501776700,457485602312600,2026-10-05T05:59:17.699530+00:00,2026-10-05T05:59:17.799337+00:00,
1,T002,SMILE_LEFT,task,112,15,9,7,13,R8,R5,R4,R7,10000,600.0,29.0,-57.0,63.953107821277925,-63.034285567129864,44.0192898,44.1231121,457485602574800,457485706397100,2026-10-05T05:59:17.799337+00:00,2026-10-05T05:59:17.899072+00:00,
1,T002,SMILE_LEFT,task,113,15,7,5,13,R8,R4,R3,R7,10000,600.0,-18.0,19.0,26.1725046566048,133.45184230102205,44.1233511,44.2200187,457485706636100,457485803303700,2026-10-05T05:59:17.899072+00:00,2026-10-05T05:59:18.001250+00:00,
1,T002,SMILE_LEFT,task,114,15,5,3,13,R8,R3,R2,R7,10000,600.0,5.0,-11.0,12.083045973594572,-65.55604521958347,44.220338,44.3171181,457485803623000,457485900403100,2026-10-05T05:59:18.001250+00:00,2026-10-05T05:59:18.090040+00:00,
1,T002,SMILE_LEFT,task,115,15,3,1,13,R8,R2,R1,R7,10000,600.0,-11.0,16.0,19.4164878389476,124.50852298766841,44.3173441,44.4161356,457485900629100,457485999420600,2026-10-05T05:59:18.090040+00:00,2026-10-05T05:59:18.195443+00:00,
1,T002,SMILE_LEFT,task,116,15,1,0,13,R8,R1,L1,R7,10000,600.0,28.0,-54.0,60.8276253029822,-62.59242456218159,44.4164654,44.5201103,457485999750400,457486103395300,2026-10-05T05:59:18.195443+00:00,2026-10-05T05:59:18.299423+00:00,
1,T002,SMILE_LEFT,task,117,13,0,2,11,R7,L1,L2,R6,10000,600.0,-14.0,22.0,26.076809620810597,122.47119229084849,44.5203428,44.6180119,457486103627800,457486201296900,2026-10-05T05:59:18.299423+00:00,2026-10-05T05:59:18.399245+00:00,
1,T002,SMILE_LEFT,task,118,13,2,4,11,R7,L2,L3,R6,10000,600.0,3.0,-16.0,16.278820596099706,-79.38034472384487,44.6183034,44.716181,457486201588400,457486299466000,2026-10-05T05:59:18.399245+00:00,2026-10-05T05:59:18.489650+00:00,
1,T002,SMILE_LEFT,task,119,13,4,6,11,R7,L3,L4,R6,10000,600.0,-13.0,25.0,28.178005607210743,117.47443162627712,44.7164185,44.8171345,457486299703500,457486400419500,2026-10-05T05:59:18.489650+00:00,2026-10-05T05:59:18.598440+00:00,
1,T002,SMILE_LEFT,task,120,13,6,8,11,R7,L4,L5,R6,10000,600.0,18.0,-44.0,47.53945729601885,-67.75097634278764,44.8174345,44.9131893,457486400719500,457486496474300,2026-10-05T05:59:18.598440+00:00,2026-10-05T05:59:18.690073+00:00,
1,T002,SMILE_LEFT,task,121,13,8,10,11,R7,L5,L6,R6,10000,600.0,-3.0,-8.0,8.54400374531753,-110.55604521958347,44.9134371,45.0169733,457486496722100,457486600258300,2026-10-05T05:59:18.690073+00:00,2026-10-05T05:59:18.797047+00:00,
1,T002,SMILE_LEFT,task,122,13,10,12,11,R7,L6,L7,R6,10000,600.0,23.0,-48.0,53.225933528685054,-64.39781244855823,45.0173945,45.1119893,457486600679500,457486695274300,2026-10-05T05:59:18.798792+00:00,2026-10-05T05:59:18.889223+00:00,
1,T002,SMILE_LEFT,task,123,13,12,14,11,R7,L7,L8,R6,10000,600.0,32.0,-77.0,83.38465086573187,-67.43299092212538,45.1122481,45.2089919,457486695533100,457486792276900,2026-10-05T05:59:18.889223+00:00,2026-10-05T05:59:18.989484+00:00,
1,T002,SMILE_LEFT,task,124,13,14,15,11,R7,L8,R8,R6,10000,600.0,152.0,-371.0,400.930168483241,-67.72091560078562,45.2092488,45.3061157,457486792533800,457486889400700,2026-10-05T05:59:18.990520+00:00,2026-10-05T05:59:19.079424+00:00,
1,T002,SMILE_LEFT,task,125,13,9,7,11,R7,R5,R4,R6,10000,600.0,41.0,-99.0,107.15409464878138,-67.50352849976743,45.306347,45.4131912,457486889632000,457486996476200,2026-10-05T05:59:19.079424+00:00,2026-10-05T05:59:19.194156+00:00,
1,T002,SMILE_LEFT,task,126,13,7,5,11,R7,R4,R3,R6,10000,600.0,-8.0,6.0,10.0,143.13010235415598,45.4136033,45.511009,457486996888300,457487094294000,2026-10-05T05:59:19.194156+00:00,2026-10-05T05:59:19.290258+00:00,
1,T002,SMILE_LEFT,task,127,13,5,3,11,R7,R3,R2,R6,10000,600.0,8.0,-22.0,23.40939982143925,-70.01689347810003,45.5112815,45.6090117,457487094566500,457487192296700,2026-10-05T05:59:19.290258+00:00,2026-10-05T05:59:19.389067+00:00,
1,T002,SMILE_LEFT,task,128,13,3,1,11,R7,R2,R1,R6,10000,600.0,-4.0,-12.0,12.649110640673518,-108.43494882292202,45.6092471,45.7119859,457487192532100,457487295270900,2026-10-05T05:59:19.389067+00:00,2026-10-05T05:59:19.489881+00:00,
1,T002,SMILE_LEFT,task,129,13,1,0,11,R7,R1,L1,R6,10000,600.0,34.0,-63.0,71.58910531638176,-61.64503821467594,45.7122881,45.8090438,457487295573100,457487392328800,2026-10-05T05:59:19.489881+00:00,2026-10-05T05:59:19.589232+00:00,
1,T002,SMILE_LEFT,task,130,11,0,2,9,R6,L1,L2,R5,10000,600.0,-3.0,-1.0,3.1622776601683795,-161.565051177078,45.8092872,45.9110074,457487392572200,457487494292400,2026-10-05T05:59:19.589232+00:00,2026-10-05T05:59:19.692434+00:00,
1,T002,SMILE_LEFT,task,131,11,2,4,9,R6,L2,L3,R5,10000,600.0,5.0,-20.0,20.615528128088304,-75.96375653207353,45.9112687,46.007119,457487494553700,457487590404000,2026-10-05T05:59:19.692434+00:00,2026-10-05T05:59:19.779135+00:00,
1,T002,SMILE_LEFT,task,132,11,4,6,9,R6,L3,L4,R5,10000,600.0,1.0,-4.0,4.123105625617661,-75.96375653207353,46.0073476,46.1041181,457487590632600,457487687403100,2026-10-05T05:59:19.779135+00:00,2026-10-05T05:59:19.879122+00:00,
1,T002,SMILE_LEFT,task,133,11,6,8,9,R6,L4,L5,R5,10000,600.0,4.0,-18.0,18.439088914585774,-77.47119229084849,46.1044001,46.2021072,457487687685100,457487785392200,2026-10-05T05:59:19.879122+00:00,2026-10-05T05:59:19.983048+00:00,
1,T002,SMILE_LEFT,task,134,11,8,10,9,R6,L5,L6,R5,10000,600.0,3.0,-30.0,30.14962686336267,-84.28940686250037,46.2023494,46.3000433,457487785634400,457487883328300,2026-10-05T05:59:19.983048+00:00,2026-10-05T05:59:20.079305+00:00,
1,T002,SMILE_LEFT,task,135,11,10,12,9,R6,L6,L7,R5,10000,600.0,7.0,-20.0,21.18962010041709,-70.70995378081128,46.3002855,46.3981066,457487883570500,457487981391600,2026-10-05T05:59:20.079305+00:00,2026-10-05T05:59:20.179116+00:00,
1,T002,SMILE_LEFT,task,136,11,12,14,9,R6,L7,L8,R5,10000,600.0,8.0,-25.0,26.248809496813376,-72.25532837494306,46.3983534,46.5011663,457487981638400,457488084451300,2026-10-05T05:59:20.179116+00:00,2026-10-05T05:59:20.279295+00:00,
1,T002,SMILE_LEFT,task,137,11,14,15,9,R6,L8,R8,R5,10000,600.0,30.0,-84.0,89.19641248391103,-70.3461759419467,46.5014319,46.6042915,457488084716900,457488187576500,2026-10-05T05:59:20.279295+00:00,2026-10-05T05:59:20.379064+00:00,
1,T002,SMILE_LEFT,task,138,11,15,13,9,R6,R8,R7,R5,10000,600.0,67.0,-185.0,196.7587355112855,-70.09152970967384,46.6045466,46.7000086,457488187831600,457488283293600,2026-10-05T05:59:20.379064+00:00,2026-10-05T05:59:20.479480+00:00,
1,T002,SMILE_LEFT,task,139,11,7,5,9,R6,R4,R3,R5,10000,600.0,-131.0,343.0,367.16481312892716,110.90306673675055,46.7002795,46.8010731,457488283564500,457488384358100,2026-10-05T05:59:20.479480+00:00,2026-10-05T05:59:20.579069+00:00,
1,T002,SMILE_LEFT,task,140,11,5,3,9,R6,R3,R2,R5,10000,600.0,70.0,-192.0,204.3624231604235,-69.96898731910227,46.8013248,46.8979684,457488384609800,457488481253400,2026-10-05T05:59:20.579069+00:00,2026-10-05T05:59:20.679262+00:00,
1,T002,SMILE_LEFT,task,141,11,3,1,9,R6,R2,R1,R5,10000,600.0,38.0,-130.0,135.4400236266961,-73.7059525434011,46.8982217,46.9971546,457488481506700,457488580439600,2026-10-05T05:59:20.679262+00:00,2026-10-05T05:59:20.778480+00:00,
1,T002,SMILE_LEFT,task,142,11,1,0,9,R6,R1,L1,R5,10000,600.0,37.0,-84.0,91.7877987534291,-66.22765118863529,46.997492,47.0990203,457488580777000,457488682305300,2026-10-05T05:59:20.778480+00:00,2026-10-05T05:59:20.880434+00:00,
1,T002,SMILE_LEFT,task,143,9,0,2,7,R5,L1,L2,R4,10000,600.0,-23.0,57.0,61.465437442517235,111.97450799147198,47.0992633,47.1979753,457488682548300,457488781260300,2026-10-05T05:59:20.880434+00:00,2026-10-05T05:59:20.979231+00:00,
1,T002,SMILE_LEFT,task,144,9,2,4,7,R5,L2,L3,R4,10000,600.0,0.0,-11.0,11.0,-90.0,47.1982061,47.2960229,457488781491100,457488879307900,2026-10-05T05:59:20.979231+00:00,2026-10-05T05:59:21.076686+00:00,
1,T002,SMILE_LEFT,task,145,9,4,6,7,R5,L3,L4,R4,10000,600.0,-21.0,57.0,60.74537019394976,110.22485943116808,47.2963002,47.3930017,457488879585200,457488976286700,2026-10-05T05:59:21.077692+00:00,2026-10-05T05:59:21.172638+00:00,
1,T002,SMILE_LEFT,task,146,9,6,8,7,R5,L4,L5,R4,10000,600.0,20.0,-66.0,68.96375859826666,-73.14160123226172,47.3932545,47.4899827,457488976539500,457489073267700,2026-10-05T05:59:21.172638+00:00,2026-10-05T05:59:21.269113+00:00,
1,T002,SMILE_LEFT,task,147,9,8,10,7,R5,L5,L6,R4,10000,600.0,-6.0,-4.0,7.211102550927978,-146.30993247402023,47.4902233,47.5889929,457489073508300,457489172277900,2026-10-05T05:59:21.269113+00:00,2026-10-05T05:59:21.369126+00:00,
1,T002,SMILE_LEFT,task,148,9,10,12,7,R5,L6,L7,R4,10000,600.0,8.0,-22.0,23.40939982143925,-70.01689347810003,47.5892308,47.6861219,457489172515800,457489269406900,2026-10-05T05:59:21.369126+00:00,2026-10-05T05:59:21.459638+00:00,
1,T002,SMILE_LEFT,task,149,9,12,14,7,R5,L7,L8,R4,10000,600.0,-1.0,-19.0,19.026297590440446,-93.01278750418334,47.6863285,47.7821793,457489269613500,457489365464300,2026-10-05T05:59:21.459638+00:00,2026-10-05T05:59:21.559530+00:00,
1,T002,SMILE_LEFT,task,150,9,14,15,7,R5,L8,R8,R4,10000,600.0,12.0,-47.0,48.507731342539614,-75.67728002179645,47.782409,47.8851205,457489365694000,457489468405500,2026-10-05T05:59:21.559530+00:00,2026-10-05T05:59:21.661286+00:00,
1,T002,SMILE_LEFT,task,151,9,15,13,7,R5,R8,R7,R4,10000,600.0,13.0,-56.0,57.48912940721924,-76.93068210371783,47.8853828,47.9821053,457489468667800,457489565390300,2026-10-05T05:59:21.661286+00:00,2026-10-05T05:59:21.759154+00:00,
1,T002,SMILE_LEFT,task,152,9,13,11,7,R5,R7,R6,R4,10000,600.0,20.0,-89.0,91.21951545584969,-77.33493623495764,47.9823354,48.0800709,457489565620400,457489663355900,2026-10-05T05:59:21.759154+00:00,2026-10-05T05:59:21.859362+00:00,
1,T002,SMILE_LEFT,task,153,9,5,3,7,R5,R3,R2,R4,10000,600.0,-83.0,253.0,266.2667835085706,108.1627618941849,48.0803258,48.1790536,457489663610800,457489762338600,2026-10-05T05:59:21.859362+00:00,2026-10-05T05:59:21.959400+00:00,
1,T002,SMILE_LEFT,task,154,9,3,1,7,R5,R2,R1,R4,10000,600.0,-17.0,36.0,39.81205847478876,115.27772223555296,48.1793084,48.2760699,457489762593400,457489859354900,2026-10-05T05:59:21.959400+00:00,2026-10-05T05:59:22.055298+00:00,
1,T002,SMILE_LEFT,task,155,9,1,0,7,R5,R1,L1,R4,10000,600.0,16.0,-14.0,21.2602916254693,-41.18592516570965,48.2763421,48.3729915,457489859627100,457489956276500,2026-10-05T05:59:22.055298+00:00,2026-10-05T05:59:22.153621+00:00,
1,T002,SMILE_LEFT,task,156,7,0,2,5,R4,L1,L2,R3,10000,600.0,1.0,-33.0,33.015148038438355,-88.26429541107161,48.3732606,48.4690526,457489956545600,457490052337600,2026-10-05T05:59:22.154655+00:00,2026-10-05T05:59:22.249072+00:00,
1,T002,SMILE_LEFT,task,157,7,2,4,5,R4,L2,L3,R3,10000,600.0,-4.0,-5.0,6.4031242374328485,-128.6598082540901,48.4692894,48.5671152,457490052574400,457490150400200,2026-10-05T05:59:22.249072+00:00,2026-10-05T05:59:22.348442+00:00,
1,T002,SMILE_LEFT,task,158,7,4,6,5,R4,L3,L4,R3,10000,600.0,3.0,-38.0,38.118237105091836,-85.48601154199875,48.5673807,48.6631901,457490150665700,457490246475100,2026-10-05T05:59:22.348442+00:00,2026-10-05T05:59:22.439404+00:00,
1,T002,SMILE_LEFT,task,159,7,6,8,5,R4,L4,L5,R3,10000,600.0,-1.0,16.0,16.0312195418814,93.57633437499736,48.6634179,48.7670594,457490246702900,457490350344400,2026-10-05T05:59:22.439404+00:00,2026-10-05T05:59:22.548323+00:00,
1,T002,SMILE_LEFT,task,160,7,8,10,5,R4,L5,L6,R3,10000,600.0,-5.0,-2.0,5.385164807134504,-158.19859051364818,48.7673097,48.8640373,457490350594700,457490447322300,2026-10-05T05:59:22.548323+00:00,2026-10-05T05:59:22.640406+00:00,
1,T002,SMILE_LEFT,task,161,7,10,12,5,R4,L6,L7,R3,10000,600.0,0.0,4.0,4.0,90.0,48.8642837,48.9630687,457490447568700,457490546353700,2026-10-05T05:59:22.640406+00:00,2026-10-05T05:59:22.743890+00:00,
1,T002,SMILE_LEFT,task,162,7,12,14,5,R4,L7,L8,R3,10000,600.0,-7.0,8.0,10.63014581273465,131.18592516570965,48.9633286,49.0611239,457490546613600,457490644408900,2026-10-05T05:59:22.743890+00:00,2026-10-05T05:59:22.839281+00:00,
1,T002,SMILE_LEFT,task,163,7,14,15,5,R4,L8,R8,R3,10000,600.0,-7.0,18.0,19.313207915827967,111.25050550713325,49.0613881,49.1641151,457490644673100,457490747400100,2026-10-05T05:59:22.839281+00:00,2026-10-05T05:59:22.945475+00:00,
1,T002,SMILE_LEFT,task,164,7,15,13,5,R4,R8,R7,R3,10000,600.0,-8.0,16.0,17.88854381999832,116.56505117707799,49.1643407,49.2611344,457490747625700,457490844419400,2026-10-05T05:59:22.945475+00:00,2026-10-05T05:59:23.039479+00:00,
1,T002,SMILE_LEFT,task,165,7,13,11,5,R4,R7,R6,R3,10000,600.0,-9.0,14.0,16.64331697709324,122.7352262721076,49.2614228,49.3600145,457490844707800,457490943299500,2026-10-05T05:59:23.039479+00:00,2026-10-05T05:59:23.140805+00:00,
1,T002,SMILE_LEFT,task,166,7,11,9,5,R4,R6,R5,R3,10000,600.0,-62.0,302.0,308.2985565973347,101.60151153201275,49.3602374,49.4589925,457490943522400,457491042277500,2026-10-05T05:59:23.140805+00:00,2026-10-05T05:59:23.239205+00:00,
1,T002,SMILE_LEFT,task,167,7,3,1,5,R4,R2,R1,R3,10000,600.0,56.0,-443.0,446.5254751971045,-82.79540623072084,49.4593043,49.556186,457491042589300,457491139471000,2026-10-05T05:59:23.239205+00:00,2026-10-05T05:59:23.329421+00:00,
1,T002,SMILE_LEFT,task,168,7,1,0,5,R4,R1,L1,R3,10000,600.0,42.0,-102.0,110.30865786510141,-67.61986494804043,49.5564177,49.6630062,457491139702700,457491246291200,2026-10-05T05:59:23.329421+00:00,2026-10-05T05:59:23.443849+00:00,
1,T002,SMILE_LEFT,task,169,5,0,2,3,R3,L1,L2,R2,10000,600.0,-13.0,28.0,30.870698080866262,114.90476880809518,49.663301,49.7630722,457491246586000,457491346357200,2026-10-05T05:59:23.443849+00:00,2026-10-05T05:59:23.544246+00:00,
1,T002,SMILE_LEFT,task,170,5,2,4,3,R3,L2,L3,R2,10000,600.0,1.0,-18.0,18.027756377319946,-86.82016988013577,49.7632855,49.8640013,457491346570500,457491447286300,2026-10-05T05:59:23.544246+00:00,2026-10-05T05:59:23.641427+00:00,
1,T002,SMILE_LEFT,task,171,5,4,6,3,R3,L3,L4,R2,10000,600.0,1.0,-11.0,11.045361017187261,-84.8055710922652,49.8642697,49.9622985,457491447554700,457491545583500,2026-10-05T05:59:23.641427+00:00,2026-10-05T05:59:23.739200+00:00,
1,T002,SMILE_LEFT,task,172,5,6,8,3,R3,L4,L5,R2,10000,600.0,-1.0,-7.0,7.0710678118654755,-98.13010235415598,49.9625287,50.0621801,457491545813700,457491645465100,2026-10-05T05:59:23.739200+00:00,2026-10-05T05:59:23.839261+00:00,
1,T002,SMILE_LEFT,task,173,5,8,10,3,R3,L5,L6,R2,10000,600.0,-6.0,-5.0,7.810249675906654,-140.19442890773482,50.0624171,50.160773,457491645702100,457491744058000,2026-10-05T05:59:23.839261+00:00,2026-10-05T05:59:23.940460+00:00,
1,T002,SMILE_LEFT,task,174,5,10,12,3,R3,L6,L7,R2,10000,600.0,2.0,-9.0,9.219544457292887,-77.47119229084849,50.1610323,50.2589975,457491744317300,457491842282500,2026-10-05T05:59:23.942473+00:00,2026-10-05T05:59:24.039275+00:00,
1,T002,SMILE_LEFT,task,175,5,12,14,3,R3,L7,L8,R2,10000,600.0,-5.0,-5.0,7.0710678118654755,-135.0,50.2592734,50.3572459,457491842558400,457491940530900,2026-10-05T05:59:24.039275+00:00,2026-10-05T05:59:24.129324+00:00,
1,T002,SMILE_LEFT,task,176,5,14,15,3,R3,L8,R8,R2,10000,600.0,-2.0,-12.0,12.165525060596439,-99.46232220802563,50.3574687,50.4561111,457491940753700,457492039396100,2026-10-05T05:59:24.129324+00:00,2026-10-05T05:59:24.229288+00:00,
1,T002,SMILE_LEFT,task,177,5,15,13,3,R3,R8,R7,R2,10000,600.0,-3.0,-14.0,14.317821063276353,-102.0947570770121,50.4563893,50.5521212,457492039674300,457492135406200,2026-10-05T05:59:24.229288+00:00,2026-10-05T05:59:24.329362+00:00,
1,T002,SMILE_LEFT,task,178,5,13,11,3,R3,R7,R6,R2,10000,600.0,-7.0,-16.0,17.46424919657298,-113.62937773065681,50.5523554,50.6511389,457492135640400,457492234423900,2026-10-05T05:59:24.329362+00:00,2026-10-05T05:59:24.429320+00:00,
1,T002,SMILE_LEFT,task,179,5,11,9,3,R3,R6,R5,R2,10000,600.0,21.0,-187.0,188.1754500459611,-83.59255971746683,50.6517366,50.7531188,457492235021600,457492336403800,2026-10-05T05:59:24.429320+00:00,2026-10-05T05:59:24.529307+00:00,
1,T002,SMILE_LEFT,task,180,5,9,7,3,R3,R5,R4,R2,10000,600.0,-45.0,260.0,263.86549603917524,99.8193006387579,50.7534485,50.8499892,457492336733500,457492433274200,2026-10-05T05:59:24.529307+00:00,2026-10-05T05:59:24.631286+00:00,
1,T002,SMILE_LEFT,task,181,5,1,0,3,R3,R1,L1,R2,10000,600.0,30.0,-57.0,64.41273166075166,-62.24145939893998,50.8502437,50.947175,457492433528700,457492530460000,2026-10-05T05:59:24.631286+00:00,2026-10-05T05:59:24.722818+00:00,
1,T002,SMILE_LEFT,task,182,3,0,2,1,R2,L1,L2,R1,10000,600.0,6.0,-254.0,254.07085625864295,-88.64680804622031,50.9474256,51.0501802,457492530710600,457492633465200,2026-10-05T05:59:24.722818+00:00,2026-10-05T05:59:24.829510+00:00,
1,T002,SMILE_LEFT,task,183,3,2,4,1,R2,L2,L3,R1,10000,600.0,-2.0,-9.0,9.219544457292887,-102.52880770915151,51.0504254,51.1513147,457492633710400,457492734599700,2026-10-05T05:59:24.829510+00:00,2026-10-05T05:59:24.929072+00:00,
1,T002,SMILE_LEFT,task,184,3,4,6,1,R2,L3,L4,R1,10000,600.0,-5.0,-9.0,10.295630140987,-119.05460409907714,51.1515763,51.2509875,457492734861300,457492834272500,2026-10-05T05:59:24.929072+00:00,2026-10-05T05:59:25.029695+00:00,
1,T002,SMILE_LEFT,task,185,3,6,8,1,R2,L4,L5,R1,10000,600.0,-1.0,11.0,11.045361017187261,95.1944289077348,51.2512756,51.3480604,457492834560600,457492931345400,2026-10-05T05:59:25.029695+00:00,2026-10-05T05:59:25.129316+00:00,
1,T002,SMILE_LEFT,task,186,3,8,10,1,R2,L5,L6,R1,10000,600.0,-10.0,-5.0,11.180339887498949,-153.434948822922,51.3483451,51.4471442,457492931630100,457493030429200,2026-10-05T05:59:25.129316+00:00,2026-10-05T05:59:25.225372+00:00,
1,T002,SMILE_LEFT,task,187,3,10,12,1,R2,L6,L7,R1,10000,600.0,1.0,-3.0,3.1622776601683795,-71.56505117707799,51.4474071,51.5451205,457493030692100,457493128405500,2026-10-05T05:59:25.225372+00:00,2026-10-05T05:59:25.325697+00:00,
1,T002,SMILE_LEFT,task,188,3,12,14,1,R2,L7,L8,R1,10000,600.0,-9.0,2.0,9.219544457292887,167.47119229084848,51.5453771,51.6431528,457493128662100,457493226437800,2026-10-05T05:59:25.325697+00:00,2026-10-05T05:59:25.424038+00:00,
1,T002,SMILE_LEFT,task,189,3,14,15,1,R2,L8,R8,R1,10000,600.0,-5.0,-5.0,7.0710678118654755,-135.0,51.6433887,51.7411239,457493226673700,457493324408900,2026-10-05T05:59:25.424038+00:00,2026-10-05T05:59:25.519328+00:00,
1,T002,SMILE_LEFT,task,190,3,15,13,1,R2,R8,R7,R1,10000,600.0,-8.0,-10.0,12.806248474865697,-128.6598082540901,51.7414419,51.8380155,457493324726900,457493421300500,2026-10-05T05:59:25.519328+00:00,2026-10-05T05:59:25.619271+00:00,
1,T002,SMILE_LEFT,task,191,3,13,11,1,R2,R7,R6,R1,10000,600.0,-12.0,-17.0,20.808652046684813,-125.21759296819272,51.8382956,51.9351223,457493421580600,457493518407300,2026-10-05T05:59:25.619271+00:00,2026-10-05T05:59:25.709467+00:00,
1,T002,SMILE_LEFT,task,192,3,11,9,1,R2,R6,R5,R1,10000,600.0,-3.0,-102.0,102.04410811016969,-91.6846843178963,51.9354205,52.0331701,457493518705500,457493616455100,2026-10-05T05:59:25.709467+00:00,2026-10-05T05:59:25.809477+00:00,
1,T002,SMILE_LEFT,task,193,3,9,7,1,R2,R5,R4,R1,10000,600.0,-10.0,4.0,10.770329614269007,158.19859051364818,52.0334256,52.1311217,457493616710600,457493714406700,2026-10-05T05:59:25.814813+00:00,2026-10-05T05:59:25.909865+00:00,
1,T002,SMILE_LEFT,task,194,3,7,5,1,R2,R4,R3,R1,10000,600.0,-10.0,-328.0,328.1524036175874,-91.74628162028564,52.1314025,52.2273634,457493714687500,457493810648400,2026-10-05T05:59:25.909865+00:00,2026-10-05T05:59:26.007430+00:00,
1,T002,SMILE_LEFT,task,195,1,2,4,0,R1,L2,L3,L1,10000,600.0,-7.0,23.0,24.041630560342615,106.92751306414705,52.2276403,52.330026,457493810925300,457493913311000,2026-10-05T05:59:26.007430+00:00,2026-10-05T05:59:26.109358+00:00,
1,T002,SMILE_LEFT,task,196,1,4,6,0,R1,L3,L4,L1,10000,600.0,2.0,-26.0,26.076809620810597,-85.60129464500447,52.3303,52.4271211,457493913585000,457494010406100,2026-10-05T05:59:26.109358+00:00,2026-10-05T05:59:26.204747+00:00,
1,T002,SMILE_LEFT,task,197,1,6,8,0,R1,L4,L5,L1,10000,600.0,-4.0,24.0,24.331050121192877,99.46232220802563,52.4274406,52.5260432,457494010725600,457494109328200,2026-10-05T05:59:26.204747+00:00,2026-10-05T05:59:26.306366+00:00,
1,T002,SMILE_LEFT,task,198,1,8,10,0,R1,L5,L6,L1,10000,600.0,-2.0,-10.0,10.198039027185569,-101.30993247402021,52.5262842,52.6266656,457494109569200,457494209950600,2026-10-05T05:59:26.306366+00:00,2026-10-05T05:59:26.407472+00:00,
1,T002,SMILE_LEFT,task,199,1,10,12,0,R1,L6,L7,L1,10000,600.0,0.0,-5.0,5.0,-90.0,52.6269187,52.7250492,457494210203700,457494308334200,2026-10-05T05:59:26.407472+00:00,2026-10-05T05:59:26.506371+00:00,
1,T002,SMILE_LEFT,task,200,1,12,14,0,R1,L7,L8,L1,10000,600.0,-1.0,-9.0,9.055385138137417,-96.3401917459099,52.7253036,52.825059,457494308588600,457494408344000,2026-10-05T05:59:26.506371+00:00,2026-10-05T05:59:26.605893+00:00,
1,T002,SMILE_LEFT,task,201,1,14,15,0,R1,L8,R8,L1,10000,600.0,0.0,-17.0,17.0,-90.0,52.8253279,52.9241194,457494408612900,457494507404400,2026-10-05T05:59:26.605893+00:00,2026-10-05T05:59:26.704903+00:00,
1,T002,SMILE_LEFT,task,202,1,15,13,0,R1,R8,R7,L1,10000,600.0,-1.0,-10.0,10.04987562112089,-95.71059313749964,52.9245137,53.0242099,457494507798700,457494607494900,2026-10-05T05:59:26.705904+00:00,2026-10-05T05:59:26.799441+00:00,
1,T002,SMILE_LEFT,task,203,1,13,11,0,R1,R7,R6,L1,10000,600.0,-4.0,-2.0,4.47213595499958,-153.434948822922,53.0244578,53.1310121,457494607742800,457494714297100,2026-10-05T05:59:26.799441+00:00,2026-10-05T05:59:26.911940+00:00,
1,T002,SMILE_LEFT,task,204,1,11,9,0,R1,R6,R5,L1,10000,600.0,1.0,-24.0,24.020824298928627,-87.61405596961119,53.1314832,53.2289981,457494714768200,457494812283100,2026-10-05T05:59:26.912941+00:00,2026-10-05T05:59:27.009402+00:00,
1,T002,SMILE_LEFT,task,205,1,9,7,0,R1,R5,R4,L1,10000,600.0,-6.0,37.0,37.48332962798263,99.21102654081668,53.2292435,53.3280292,457494812528500,457494911314200,2026-10-05T05:59:27.009402+00:00,2026-10-05T05:59:27.109437+00:00,
1,T002,SMILE_LEFT,task,206,1,7,5,0,R1,R4,R3,L1,10000,600.0,-1.0,-37.0,37.013511046643494,-91.54815769897796,53.3283283,53.4251175,457494911613300,457495008402500,2026-10-05T05:59:27.109437+00:00,2026-10-05T05:59:27.199312+00:00,
1,T002,SMILE_LEFT,task,207,1,5,3,0,R1,R3,R2,L1,10000,600.0,-1.0,4.0,4.123105625617661,104.03624346792648,53.4254417,53.5221206,457495008726700,457495105405600,2026-10-05T05:59:27.206768+00:00,2026-10-05T05:59:27.299048+00:00,
2,T003,SMILE_RIGHT,task,0,0,4,6,2,L1,L3,L4,L2,10000,600.0,71.0,-276.0,284.98596456667826,-75.57366363534628,55.671297,55.7743079,457497254582000,457497357592900,2026-10-05T05:59:29.451518+00:00,2026-10-05T05:59:29.549082+00:00,
2,T003,SMILE_RIGHT,task,1,0,6,8,2,L1,L4,L5,L2,10000,600.0,26.0,-96.0,99.45853407325085,-74.8459319496874,55.7745352,55.8731204,457497357820200,457497456405400,2026-10-05T05:59:29.549082+00:00,2026-10-05T05:59:29.652460+00:00,
2,T003,SMILE_RIGHT,task,2,0,8,10,2,L1,L5,L6,L2,10000,600.0,16.0,-80.0,81.58431221748455,-78.69006752597979,55.8733797,55.9700051,457497456664700,457497553290100,2026-10-05T05:59:29.652460+00:00,2026-10-05T05:59:29.749266+00:00,
2,T003,SMILE_RIGHT,task,3,0,10,12,2,L1,L6,L7,L2,10000,600.0,17.0,-51.0,53.75872022286245,-71.56505117707799,55.9702639,56.0680264,457497553548900,457497651311400,2026-10-05T05:59:29.749266+00:00,2026-10-05T05:59:29.849264+00:00,
2,T003,SMILE_RIGHT,task,4,0,12,14,2,L1,L7,L8,L2,10000,600.0,-2.0,-14.0,14.142135623730951,-98.13010235415598,56.0682583,56.1649789,457497651543300,457497748263900,2026-10-05T05:59:29.849264+00:00,2026-10-05T05:59:29.945367+00:00,
2,T003,SMILE_RIGHT,task,5,0,14,15,2,L1,L8,R8,L2,10000,600.0,-2.0,-3.0,3.605551275463989,-123.69006752597979,56.1652255,56.267171,457497748510500,457497850456000,2026-10-05T05:59:29.945367+00:00,2026-10-05T05:59:30.048443+00:00,
2,T003,SMILE_RIGHT,task,6,0,15,13,2,L1,R8,R7,L2,10000,600.0,-3.0,0.0,3.0,180.0,56.2674225,56.3650964,457497850707500,457497948381400,2026-10-05T05:59:30.048443+00:00,2026-10-05T05:59:30.141303+00:00,
2,T003,SMILE_RIGHT,task,7,0,13,11,2,L1,R7,R6,L2,10000,600.0,-14.0,23.0,26.92582403567252,121.32869286780416,56.3653799,56.4640734,457497948664900,457498047358400,2026-10-05T05:59:30.141303+00:00,2026-10-05T05:59:30.242260+00:00,
2,T003,SMILE_RIGHT,task,8,0,11,9,2,L1,R6,R5,L2,10000,600.0,-1.0,-8.0,8.06225774829855,-97.1250163489018,56.4643353,56.5620255,457498047620300,457498145310500,2026-10-05T05:59:30.242260+00:00,2026-10-05T05:59:30.342052+00:00,
2,T003,SMILE_RIGHT,task,9,0,9,7,2,L1,R5,R4,L2,10000,600.0,-24.0,62.0,66.48308055437865,111.16125981682828,56.5623302,56.6579988,457498145615200,457498241283800,2026-10-05T05:59:30.342052+00:00,2026-10-05T05:59:30.439250+00:00,
2,T003,SMILE_RIGHT,task,10,0,7,5,2,L1,R4,R3,L2,10000,600.0,2.0,-41.0,41.048751503547585,-87.20729763428672,56.6582759,56.7551238,457498241560900,457498338408800,2026-10-05T05:59:30.439250+00:00,2026-10-05T05:59:30.529445+00:00,
2,T003,SMILE_RIGHT,task,11,0,5,3,2,L1,R3,R2,L2,10000,600.0,-14.0,26.0,29.5296461204668,118.30075576600638,56.7553838,56.8539796,457498338668800,457498437264600,2026-10-05T05:59:30.529445+00:00,2026-10-05T05:59:30.635436+00:00,
2,T003,SMILE_RIGHT,task,12,0,3,1,2,L1,R2,R1,L2,10000,600.0,82.0,-358.0,367.27101709772853,-77.0989272547852,56.8542647,56.9521191,457498437549700,457498535404100,2026-10-05T05:59:30.635436+00:00,2026-10-05T05:59:30.729166+00:00,
2,T003,SMILE_RIGHT,task,13,2,6,8,4,L2,L4,L5,L3,10000,600.0,-67.0,242.0,251.10356429170812,105.47525508916384,56.9523926,57.0501065,457498535677600,457498633391500,2026-10-05T05:59:30.729166+00:00,2026-10-05T05:59:30.829425+00:00,
2,T003,SMILE_RIGHT,task,14,2,8,10,4,L2,L5,L6,L3,10000,600.0,39.0,-160.0,164.68454693747074,-76.30128299291555,57.0503625,57.1500786,457498633647500,457498733363600,2026-10-05T05:59:30.829425+00:00,2026-10-05T05:59:30.929279+00:00,
2,T003,SMILE_RIGHT,task,15,2,10,12,4,L2,L6,L7,L3,10000,600.0,14.0,-44.0,46.17358552246078,-72.34987578006988,57.1503664,57.2481173,457498733651400,457498831402300,2026-10-05T05:59:30.929279+00:00,2026-10-05T05:59:31.029087+00:00,
2,T003,SMILE_RIGHT,task,16,2,12,14,4,L2,L7,L8,L3,10000,600.0,0.0,-17.0,17.0,-90.0,57.2483197,57.3481127,457498831604700,457498931397700,2026-10-05T05:59:31.029087+00:00,2026-10-05T05:59:31.129225+00:00,
2,T003,SMILE_RIGHT,task,17,2,14,15,4,L2,L8,R8,L3,10000,600.0,3.0,-16.0,16.278820596099706,-79.38034472384487,57.3483846,57.4490197,457498931669600,457499032304700,2026-10-05T05:59:31.129225+00:00,2026-10-05T05:59:31.229208+00:00,
2,T003,SMILE_RIGHT,task,18,2,15,13,4,L2,R8,R7,L3,10000,600.0,-1.0,-9.0,9.055385138137417,-96.3401917459099,57.4492227,57.5470471,457499032507700,457499130332100,2026-10-05T05:59:31.229208+00:00,2026-10-05T05:59:31.319290+00:00,
2,T003,SMILE_RIGHT,task,19,2,13,11,4,L2,R7,R6,L3,10000,600.0,-6.0,-1.0,6.082762530298219,-170.53767779197437,57.5472945,57.6523111,457499130579500,457499235596100,2026-10-05T05:59:31.319290+00:00,2026-10-05T05:59:31.429112+00:00,
2,T003,SMILE_RIGHT,task,20,2,11,9,4,L2,R6,R5,L3,10000,600.0,1.0,-16.0,16.0312195418814,-86.42366562500266,57.6525707,57.7541839,457499235855700,457499337468900,2026-10-05T05:59:31.429112+00:00,2026-10-05T05:59:31.529239+00:00,
2,T003,SMILE_RIGHT,task,21,2,9,7,4,L2,R5,R4,L3,10000,600.0,-7.0,4.0,8.06225774829855,150.25511870305778,57.754415,57.8521244,457499337700000,457499435409400,2026-10-05T05:59:31.529239+00:00,2026-10-05T05:59:31.629400+00:00,
2,T003,SMILE_RIGHT,task,22,2,7,5,4,L2,R4,R3,L3,10000,600.0,-10.0,-4.0,10.770329614269007,-158.19859051364818,57.8523606,57.9511362,457499435645600,457499534421200,2026-10-05T05:59:31.629400+00:00,2026-10-05T05:59:31.729465+00:00,
2,T003,SMILE_RIGHT,task,23,2,5,3,4,L2,R3,R2,L3,10000,600.0,1.0,-8.0,8.06225774829855,-82.8749836510982,57.951391,58.0480534,457499534676000,457499631338400,2026-10-05T05:59:31.729465+00:00,2026-10-05T05:59:31.829255+00:00,
2,T003,SMILE_RIGHT,task,24,2,3,1,4,L2,R2,R1,L3,10000,600.0,-20.0,44.0,48.33218389437829,114.44395478041653,58.0482879,58.1451235,457499631572900,457499728408500,2026-10-05T05:59:31.829255+00:00,2026-10-05T05:59:31.922277+00:00,
2,T003,SMILE_RIGHT,task,25,2,1,0,4,L2,R1,L1,L3,10000,600.0,8.0,-9.0,12.041594578792296,-48.366460663429805,58.1453745,58.2479919,457499728659500,457499831276900,2026-10-05T05:59:31.922277+00:00,2026-10-05T05:59:32.029380+00:00,
2,T003,SMILE_RIGHT,task,26,4,0,2,6,L3,L1,L2,L4,10000,600.0,65.0,-281.0,288.41983288255335,-76.97560369958362,58.2482252,58.3562257,457499831510200,457499939510700,2026-10-05T05:59:32.029380+00:00,2026-10-05T05:59:32.135215+00:00,
2,T003,SMILE_RIGHT,task,27,4,8,10,6,L3,L5,L6,L4,10000,600.0,-75.0,242.0,253.3554814879678,107.21911605696337,58.3564657,58.4560307,457499939750700,457500039315700,2026-10-05T05:59:32.135215+00:00,2026-10-05T05:59:32.229062+00:00,
2,T003,SMILE_RIGHT,task,28,4,10,12,6,L3,L6,L7,L4,10000,600.0,-2.0,20.0,20.09975124224178,95.71059313749964,58.4563049,58.5529763,457500039589900,457500136261300,2026-10-05T05:59:32.229062+00:00,2026-10-05T05:59:32.329487+00:00,
2,T003,SMILE_RIGHT,task,29,4,12,14,6,L3,L7,L8,L4,10000,600.0,-11.0,19.0,21.95449840010015,120.06858282186246,58.5532378,58.6499881,457500136522800,457500233273100,2026-10-05T05:59:32.334534+00:00,2026-10-05T05:59:32.429085+00:00,
2,T003,SMILE_RIGHT,task,30,4,14,15,6,L3,L8,R8,L4,10000,600.0,-8.0,20.0,21.540659228538015,111.80140948635182,58.6502571,58.7469995,457500233542100,457500330284500,2026-10-05T05:59:32.429085+00:00,2026-10-05T05:59:32.524218+00:00,
2,T003,SMILE_RIGHT,task,31,4,15,13,6,L3,R8,R7,L4,10000,600.0,-5.0,6.0,7.810249675906654,129.8055710922652,58.7472692,58.8424168,457500330554200,457500425701800,2026-10-05T05:59:32.524218+00:00,2026-10-05T05:59:32.622740+00:00,
2,T003,SMILE_RIGHT,task,32,4,13,11,6,L3,R7,R6,L4,10000,600.0,-14.0,22.0,26.076809620810597,122.47119229084849,58.8427904,58.9400033,457500426075400,457500523288300,2026-10-05T05:59:32.622740+00:00,2026-10-05T05:59:32.721153+00:00,
2,T003,SMILE_RIGHT,task,33,4,11,9,6,L3,R6,R5,L4,10000,600.0,0.0,-12.0,12.0,-90.0,58.9402877,59.0380225,457500523572700,457500621307500,2026-10-05T05:59:32.721153+00:00,2026-10-05T05:59:32.819470+00:00,
2,T003,SMILE_RIGHT,task,34,4,9,7,6,L3,R5,R4,L4,10000,600.0,-23.0,56.0,60.53924347066124,112.32865637801915,59.0382734,59.1369872,457500621558400,457500720272200,2026-10-05T05:59:32.819470+00:00,2026-10-05T05:59:32.917639+00:00,
2,T003,SMILE_RIGHT,task,35,4,7,5,6,L3,R4,R3,L4,10000,600.0,3.0,-48.0,48.093658625644196,-86.42366562500266,59.1372487,59.2329973,457500720533700,457500816282300,2026-10-05T05:59:32.917639+00:00,2026-10-05T05:59:33.014442+00:00,
2,T003,SMILE_RIGHT,task,36,4,5,3,6,L3,R3,R2,L4,10000,600.0,3.0,-12.0,12.36931687685298,-75.96375653207353,59.2332479,59.3310264,457500816532900,457500914311400,2026-10-05T05:59:33.014442+00:00,2026-10-05T05:59:33.111652+00:00,
2,T003,SMILE_RIGHT,task,37,4,3,1,6,L3,R2,R1,L4,10000,600.0,-16.0,19.0,24.839484696748443,130.10090754621226,59.3313027,59.4269895,457500914587700,457501010274500,2026-10-05T05:59:33.112652+00:00,2026-10-05T05:59:33.205404+00:00,
2,T003,SMILE_RIGHT,task,38,4,1,0,6,L3,R1,L1,L4,10000,600.0,37.0,-109.0,115.10864433221339,-71.25024236968888,59.4272444,59.5249894,457501010529400,457501108274400,2026-10-05T05:59:33.205404+00:00,2026-10-05T05:59:33.305927+00:00,
2,T003,SMILE_RIGHT,task,39,6,0,2,8,L4,L1,L2,L5,10000,600.0,26.0,-80.0,84.11896337925236,-71.99583839408662,59.5252416,59.6219927,457501108526600,457501205277700,2026-10-05T05:59:33.305927+00:00,2026-10-05T05:59:33.399391+00:00,
2,T003,SMILE_RIGHT,task,40,6,2,4,8,L4,L2,L3,L5,10000,600.0,-92.0,246.0,262.6404386228442,110.50497947596311,59.6222723,59.7170278,457501205557300,457501300312800,2026-10-05T05:59:33.399391+00:00,2026-10-05T05:59:33.492598+00:00,
2,T003,SMILE_RIGHT,task,41,6,10,12,8,L4,L6,L7,L5,10000,600.0,74.0,-190.0,203.90193721492693,-68.7203955723046,59.7172819,59.8149996,457501300566900,457501398284600,2026-10-05T05:59:33.492598+00:00,2026-10-05T05:59:33.594353+00:00,
2,T003,SMILE_RIGHT,task,42,6,12,14,8,L4,L7,L8,L5,10000,600.0,21.0,-66.0,69.26037828369117,-72.34987578006988,59.8152532,59.9130326,457501398538200,457501496317600,2026-10-05T05:59:33.594353+00:00,2026-10-05T05:59:33.692230+00:00,
2,T003,SMILE_RIGHT,task,43,6,14,15,8,L4,L8,R8,L5,10000,600.0,17.0,-50.0,52.81098370604357,-71.22196677755446,59.9133005,60.0100315,457501496585500,457501593316500,2026-10-05T05:59:33.692230+00:00,2026-10-05T05:59:33.789347+00:00,
2,T003,SMILE_RIGHT,task,44,6,15,13,8,L4,R8,R7,L5,10000,600.0,4.0,-20.0,20.396078054371138,-78.69006752597979,60.0103063,60.1059872,457501593591300,457501689272200,2026-10-05T05:59:33.789347+00:00,2026-10-05T05:59:33.883976+00:00,
2,T003,SMILE_RIGHT,task,45,6,13,11,8,L4,R7,R6,L5,10000,600.0,3.0,-17.0,17.26267650163207,-79.99202019855866,60.1062521,60.202979,457501689537100,457501786264000,2026-10-05T05:59:33.883976+00:00,2026-10-05T05:59:33.984305+00:00,
2,T003,SMILE_RIGHT,task,46,6,11,9,8,L4,R6,R5,L5,10000,600.0,-1.0,-4.0,4.123105625617661,-104.03624346792648,60.2032475,60.3011458,457501786532500,457501884430800,2026-10-05T05:59:33.984305+00:00,2026-10-05T05:59:34.079254+00:00,
2,T003,SMILE_RIGHT,task,47,6,9,7,8,L4,R5,R4,L5,10000,600.0,12.0,-41.0,42.720018726587654,-73.68614757373945,60.3014239,60.3980499,457501884708900,457501981334900,2026-10-05T05:59:34.079254+00:00,2026-10-05T05:59:34.179306+00:00,
2,T003,SMILE_RIGHT,task,48,6,7,5,8,L4,R4,R3,L5,10000,600.0,-15.0,27.0,30.886890422961002,119.05460409907714,60.3982914,60.4970534,457501981576400,457502080338400,2026-10-05T05:59:34.179306+00:00,2026-10-05T05:59:34.278315+00:00,
2,T003,SMILE_RIGHT,task,49,6,5,3,8,L4,R3,R2,L5,10000,600.0,-9.0,12.0,15.0,126.86989764584402,60.4973171,60.5940196,457502080602100,457502177304600,2026-10-05T05:59:34.278315+00:00,2026-10-05T05:59:34.373703+00:00,
2,T003,SMILE_RIGHT,task,50,6,3,1,8,L4,R2,R1,L5,10000,600.0,-34.0,93.0,99.02019995940222,110.08197748418075,60.5942912,60.6909992,457502177576200,457502274284200,2026-10-05T05:59:34.373703+00:00,2026-10-05T05:59:34.471188+00:00,
2,T003,SMILE_RIGHT,task,51,6,1,0,8,L4,R1,L1,L5,10000,600.0,-3.0,11.0,11.40175425099138,105.25511870305779,60.6912947,60.788985,457502274579700,457502372270000,2026-10-05T05:59:34.472692+00:00,2026-10-05T05:59:34.570165+00:00,
2,T003,SMILE_RIGHT,task,52,8,0,2,10,L5,L1,L2,L6,10000,600.0,33.0,-97.0,102.45974819410792,-71.21137801783152,60.7892529,60.8871747,457502372537900,457502470459700,2026-10-05T05:59:34.570165+00:00,2026-10-05T05:59:34.659114+00:00,
2,T003,SMILE_RIGHT,task,53,8,2,4,10,L5,L2,L3,L6,10000,600.0,77.0,-194.0,208.72230355187247,-68.35151482893203,60.8874102,60.9870088,457502470695200,457502570293800,2026-10-05T05:59:34.659114+00:00,2026-10-05T05:59:34.768447+00:00,
2,T003,SMILE_RIGHT,task,54,8,4,6,10,L5,L3,L4,L6,10000,600.0,-125.0,299.0,324.0771513081414,112.68786370499832,60.9872687,61.084997,457502570553700,457502668282000,2026-10-05T05:59:34.768447+00:00,2026-10-05T05:59:34.859421+00:00,
2,T003,SMILE_RIGHT,task,55,8,12,14,10,L5,L7,L8,L6,10000,600.0,79.0,-193.0,208.54256160314134,-67.73941778343,61.0852477,61.1821248,457502668532700,457502765409800,2026-10-05T05:59:34.859421+00:00,2026-10-05T05:59:34.963568+00:00,
2,T003,SMILE_RIGHT,task,56,8,14,15,10,L5,L8,R8,L6,10000,600.0,25.0,-61.0,65.92419889539804,-67.71441235316725,61.1824041,61.2810128,457502765689100,457502864297800,2026-10-05T05:59:34.963568+00:00,2026-10-05T05:59:35.059275+00:00,
2,T003,SMILE_RIGHT,task,57,8,15,13,10,L5,R8,R7,L6,10000,600.0,8.0,-21.0,22.47220505424423,-69.14554196042165,61.2814757,61.3790131,457502864760700,457502962298100,2026-10-05T05:59:35.059275+00:00,2026-10-05T05:59:35.160298+00:00,
2,T003,SMILE_RIGHT,task,58,8,13,11,10,L5,R7,R6,L6,10000,600.0,-5.0,-2.0,5.385164807134504,-158.19859051364818,61.3793396,61.4750703,457502962624600,457503058355300,2026-10-05T05:59:35.160298+00:00,2026-10-05T05:59:35.255451+00:00,
2,T003,SMILE_RIGHT,task,59,8,11,9,10,L5,R6,R5,L6,10000,600.0,8.0,-34.0,34.92849839314596,-76.7594800848128,61.4753485,61.5730128,457503058633500,457503156297800,2026-10-05T05:59:35.255451+00:00,2026-10-05T05:59:35.349260+00:00,
2,T003,SMILE_RIGHT,task,60,8,9,7,10,L5,R5,R4,L6,10000,600.0,-6.0,1.0,6.082762530298219,170.53767779197437,61.5733242,61.6699966,457503156609200,457503253281600,2026-10-05T05:59:35.349260+00:00,2026-10-05T05:59:35.449252+00:00,
2,T003,SMILE_RIGHT,task,61,8,7,5,10,L5,R4,R3,L6,10000,600.0,-4.0,-7.0,8.06225774829855,-119.74488129694222,61.6702594,61.7679828,457503253544400,457503351267800,2026-10-05T05:59:35.449252+00:00,2026-10-05T05:59:35.549292+00:00,
2,T003,SMILE_RIGHT,task,62,8,5,3,10,L5,R3,R2,L6,10000,600.0,-1.0,-4.0,4.123105625617661,-104.03624346792648,61.7682079,61.8640653,457503351492900,457503447350300,2026-10-05T05:59:35.549292+00:00,2026-10-05T05:59:35.640401+00:00,
2,T003,SMILE_RIGHT,task,63,8,3,1,10,L5,R2,R1,L6,10000,600.0,-18.0,25.0,30.805843601498726,125.75388725443676,61.864332,61.9621451,457503447617000,457503545430100,2026-10-05T05:59:35.640401+00:00,2026-10-05T05:59:35.742240+00:00,
2,T003,SMILE_RIGHT,task,64,8,1,0,10,L5,R1,L1,L6,10000,600.0,32.0,-63.0,70.66116330771806,-63.0723221489595,61.9624325,62.0611298,457503545717500,457503644414800,2026-10-05T05:59:35.742240+00:00,2026-10-05T05:59:35.839375+00:00,
2,T003,SMILE_RIGHT,task,65,10,0,2,12,L6,L1,L2,L7,10000,600.0,27.0,-55.0,61.26989472816156,-63.853158764419106,62.0613869,62.1591133,457503644671900,457503742398300,2026-10-05T05:59:35.839375+00:00,2026-10-05T05:59:35.939234+00:00,
2,T003,SMILE_RIGHT,task,66,10,2,4,12,L6,L2,L3,L7,10000,600.0,23.0,-52.0,56.859475903318,-66.13982480865766,62.1593557,62.2679809,457503742640700,457503851265900,2026-10-05T05:59:35.939234+00:00,2026-10-05T05:59:36.049280+00:00,
2,T003,SMILE_RIGHT,task,67,10,4,6,12,L6,L3,L4,L7,10000,600.0,-12.0,38.0,39.84971769034255,107.52556837372288,62.2682253,62.3682191,457503851510300,457503951504100,2026-10-05T05:59:36.049280+00:00,2026-10-05T05:59:36.149522+00:00,
2,T003,SMILE_RIGHT,task,68,10,6,8,12,L6,L4,L5,L7,10000,600.0,115.0,-238.0,264.3274484422683,-64.21047884518406,62.3684488,62.466982,457503951733800,457504050267000,2026-10-05T05:59:36.149522+00:00,2026-10-05T05:59:36.248158+00:00,
2,T003,SMILE_RIGHT,task,69,10,14,15,12,L6,L8,R8,L7,10000,600.0,153.0,-326.0,360.1180362047977,-64.85815366955512,62.4672325,62.5629796,457504050517500,457504146264600,2026-10-05T05:59:36.248158+00:00,2026-10-05T05:59:36.341000+00:00,
2,T003,SMILE_RIGHT,task,70,10,15,13,12,L6,R8,R7,L7,10000,600.0,34.0,-62.0,70.71067811865476,-61.26020470831195,62.5632186,62.6610018,457504146503600,457504244286800,2026-10-05T05:59:36.341000+00:00,2026-10-05T05:59:36.441935+00:00,
2,T003,SMILE_RIGHT,task,71,10,13,11,12,L6,R7,R6,L7,10000,600.0,19.0,-41.0,45.18849411078001,-65.13630342824813,62.661363,62.7579913,457504244648000,457504341276300,2026-10-05T05:59:36.441935+00:00,2026-10-05T05:59:36.539270+00:00,
2,T003,SMILE_RIGHT,task,72,10,11,9,12,L6,R6,R5,L7,10000,600.0,8.0,-21.0,22.47220505424423,-69.14554196042165,62.7582552,62.8549707,457504341540200,457504438255700,2026-10-05T05:59:36.539270+00:00,2026-10-05T05:59:36.636202+00:00,
2,T003,SMILE_RIGHT,task,73,10,9,7,12,L6,R5,R4,L7,10000,600.0,7.0,-16.0,17.46424919657298,-66.37062226934319,62.8552461,62.9521854,457504438531100,457504535470400,2026-10-05T05:59:36.636202+00:00,2026-10-05T05:59:36.729471+00:00,
2,T003,SMILE_RIGHT,task,74,10,7,5,12,L6,R4,R3,L7,10000,600.0,-10.0,8.0,12.806248474865697,141.34019174590992,62.9524668,63.0500007,457504535751800,457504633285700,2026-10-05T05:59:36.729471+00:00,2026-10-05T05:59:36.831450+00:00,
2,T003,SMILE_RIGHT,task,75,10,5,3,12,L6,R3,R2,L7,10000,600.0,1.0,-3.0,3.1622776601683795,-71.56505117707799,63.0502875,63.1480608,457504633572500,457504731345800,2026-10-05T05:59:36.831450+00:00,2026-10-05T05:59:36.929289+00:00,
2,T003,SMILE_RIGHT,task,76,10,3,1,12,L6,R2,R1,L7,10000,600.0,-18.0,42.0,45.69463863518345,113.19859051364818,63.1483316,63.2540317,457504731616600,457504837316700,2026-10-05T05:59:36.929289+00:00,2026-10-05T05:59:37.032282+00:00,
2,T003,SMILE_RIGHT,task,77,10,1,0,12,L6,R1,L1,L7,10000,600.0,17.0,-46.0,49.040799340956916,-69.71744091108339,63.2542568,63.3651975,457504837541800,457504948482500,2026-10-05T05:59:37.032282+00:00,2026-10-05T05:59:37.143218+00:00,
2,T003,SMILE_RIGHT,task,78,12,0,2,14,L7,L1,L2,L8,10000,600.0,4.0,-15.0,15.524174696260024,-75.06858282186245,63.3654289,63.4620582,457504948713900,457505045343200,2026-10-05T05:59:37.143218+00:00,2026-10-05T05:59:37.242722+00:00,
2,T003,SMILE_RIGHT,task,79,12,2,4,14,L7,L2,L3,L8,10000,600.0,11.0,-27.0,29.154759474226502,-67.83365417791754,63.462452,63.5612951,457505045737000,457505144580100,2026-10-05T05:59:37.242722+00:00,2026-10-05T05:59:37.339534+00:00,
2,T003,SMILE_RIGHT,task,80,12,4,6,14,L7,L3,L4,L8,10000,600.0,-16.0,29.0,33.12099032335839,118.88658176691071,63.5615627,63.6610329,457505144847700,457505244317900,2026-10-05T05:59:37.339534+00:00,2026-10-05T05:59:37.442374+00:00,
2,T003,SMILE_RIGHT,task,81,12,6,8,14,L7,L4,L5,L8,10000,600.0,48.0,-95.0,106.4377752492037,-63.19421167020021,63.6613009,63.7592566,457505244585900,457505342541600,2026-10-05T05:59:37.442374+00:00,2026-10-05T05:59:37.540636+00:00,
2,T003,SMILE_RIGHT,task,82,12,8,10,14,L7,L5,L6,L8,10000,600.0,108.0,-207.0,233.48019187931126,-62.447188423282206,63.7594976,63.8569718,457505342782600,457505440256800,2026-10-05T05:59:37.540636+00:00,2026-10-05T05:59:37.630483+00:00,
2,T003,SMILE_RIGHT,task,83,12,15,13,14,L7,R8,R7,L8,10000,600.0,89.0,-152.0,176.13914953808538,-59.649904105812965,63.8572008,63.9562103,457505440485800,457505539495300,2026-10-05T05:59:37.630483+00:00,2026-10-05T05:59:37.729343+00:00,
2,T003,SMILE_RIGHT,task,84,12,13,11,14,L7,R7,R6,L8,10000,600.0,37.0,-66.0,75.66372975210778,-60.72474572274742,63.9565007,64.0611594,457505539785700,457505644444400,2026-10-05T05:59:37.737913+00:00,2026-10-05T05:59:37.842449+00:00,
2,T003,SMILE_RIGHT,task,85,12,11,9,14,L7,R6,R5,L8,10000,600.0,17.0,-26.0,31.064449134018133,-56.82148834060726,64.0613704,64.1621554,457505644655400,457505745440400,2026-10-05T05:59:37.842449+00:00,2026-10-05T05:59:37.941014+00:00,
2,T003,SMILE_RIGHT,task,86,12,9,7,14,L7,R5,R4,L8,10000,600.0,6.0,-17.0,18.027756377319946,-70.5599651718238,64.1624264,64.26134,457505745711400,457505844625000,2026-10-05T05:59:37.941014+00:00,2026-10-05T05:59:38.042329+00:00,
2,T003,SMILE_RIGHT,task,87,12,7,5,14,L7,R4,R3,L8,10000,600.0,-10.0,6.0,11.661903789690601,149.03624346792648,64.2616649,64.3689933,457505844949900,457505952278300,2026-10-05T05:59:38.043050+00:00,2026-10-05T05:59:38.149513+00:00,
2,T003,SMILE_RIGHT,task,88,12,5,3,14,L7,R3,R2,L8,10000,600.0,1.0,-3.0,3.1622776601683795,-71.56505117707799,64.3692643,64.4670015,457505952549300,457506050286500,2026-10-05T05:59:38.149513+00:00,2026-10-05T05:59:38.248273+00:00,
2,T003,SMILE_RIGHT,task,89,12,3,1,14,L7,R2,R1,L8,10000,600.0,-20.0,35.0,40.311288741492746,119.74488129694222,64.4672842,64.5661911,457506050569200,457506149476100,2026-10-05T05:59:38.248273+00:00,2026-10-05T05:59:38.340642+00:00,
2,T003,SMILE_RIGHT,task,90,12,1,0,14,L7,R1,L1,L8,10000,600.0,31.0,-55.0,63.13477647065839,-60.59281093926635,64.566426,64.6660281,457506149711000,457506249313100,2026-10-05T05:59:38.340642+00:00,2026-10-05T05:59:38.439289+00:00,
2,T003,SMILE_RIGHT,task,91,14,0,2,15,L8,L1,L2,R8,10000,600.0,-2.0,-1.0,2.23606797749979,-153.434948822922,64.666277,64.7641879,457506249562000,457506347472900,2026-10-05T05:59:38.439289+00:00,2026-10-05T05:59:38.540392+00:00,
2,T003,SMILE_RIGHT,task,92,14,2,4,15,L8,L2,L3,R8,10000,600.0,10.0,-25.0,26.92582403567252,-68.19859051364818,64.7644361,64.8650645,457506347721100,457506448349500,2026-10-05T05:59:38.540392+00:00,2026-10-05T05:59:38.645188+00:00,
2,T003,SMILE_RIGHT,task,93,14,4,6,15,L8,L3,L4,R8,10000,600.0,-15.0,30.0,33.54101966249684,116.56505117707799,64.8653263,64.9631258,457506448611300,457506546410800,2026-10-05T05:59:38.645188+00:00,2026-10-05T05:59:38.741480+00:00,
2,T003,SMILE_RIGHT,task,94,14,6,8,15,L8,L4,L5,R8,10000,600.0,34.0,-73.0,80.52949770115296,-65.0260890941166,64.9633851,65.0621953,457506546670100,457506645480300,2026-10-05T05:59:38.741480+00:00,2026-10-05T05:59:38.839450+00:00,
2,T003,SMILE_RIGHT,task,95,14,8,10,15,L8,L5,L6,R8,10000,600.0,29.0,-64.0,70.26378868236469,-65.62353138332523,65.0624423,65.1612223,457506645727300,457506744507300,2026-10-05T05:59:38.839450+00:00,2026-10-05T05:59:38.941490+00:00,
2,T003,SMILE_RIGHT,task,96,14,10,12,15,L8,L6,L7,R8,10000,600.0,170.0,-336.0,376.5580964472813,-63.1627618941849,65.1614711,65.2666867,457506744756100,457506849971700,2026-10-05T05:59:38.941490+00:00,2026-10-05T05:59:39.048019+00:00,
2,T003,SMILE_RIGHT,task,97,14,13,11,15,L8,R7,R6,R8,10000,600.0,183.0,-357.0,401.17078657349913,-62.86009407067906,65.2669433,65.3671769,457506850228300,457506950461900,2026-10-05T05:59:39.048019+00:00,2026-10-05T05:59:39.141229+00:00,
2,T003,SMILE_RIGHT,task,98,14,11,9,15,L8,R6,R5,R8,10000,600.0,49.0,-92.0,104.23531071570709,-61.95984702206504,65.3674428,65.4641222,457506950727800,457507047407200,2026-10-05T05:59:39.141229+00:00,2026-10-05T05:59:39.239225+00:00,
2,T003,SMILE_RIGHT,task,99,14,9,7,15,L8,R5,R4,R8,10000,600.0,26.0,-52.0,58.137767414994535,-63.43494882292201,65.4643703,65.5640243,457507047655300,457507147309300,2026-10-05T05:59:39.239225+00:00,2026-10-05T05:59:39.345441+00:00,
2,T003,SMILE_RIGHT,task,100,14,7,5,15,L8,R4,R3,R8,10000,600.0,-17.0,20.0,26.248809496813376,130.36453657309735,65.564258,65.6611034,457507147543000,457507244388400,2026-10-05T05:59:39.345441+00:00,2026-10-05T05:59:39.441512+00:00,
2,T003,SMILE_RIGHT,task,101,14,5,3,15,L8,R3,R2,R8,10000,600.0,6.0,-11.0,12.529964086141668,-61.38954033403479,65.6613856,65.7680237,457507244670600,457507351308700,2026-10-05T05:59:39.441512+00:00,2026-10-05T05:59:39.549335+00:00,
2,T003,SMILE_RIGHT,task,102,14,3,1,15,L8,R2,R1,R8,10000,600.0,-11.0,24.0,26.40075756488817,114.62356478616361,65.7683063,65.8641213,457507351591300,457507447406300,2026-10-05T05:59:39.549335+00:00,2026-10-05T05:59:39.640861+00:00,
2,T003,SMILE_RIGHT,task,103,14,1,0,15,L8,R1,L1,R8,10000,600.0,36.0,-74.0,82.29216244576394,-64.05770451012833,65.864378,65.9641226,457507447663000,457507547407600,2026-10-05T05:59:39.640861+00:00,2026-10-05T05:59:39.741544+00:00,
2,T003,SMILE_RIGHT,task,104,15,0,2,13,R8,L1,L2,R7,10000,600.0,-1.0,2.0,2.23606797749979,116.56505117707799,65.9643596,66.0653207,457507547644600,457507648605700,2026-10-05T05:59:39.741544+00:00,2026-10-05T05:59:39.846630+00:00,
2,T003,SMILE_RIGHT,task,105,15,2,4,13,R8,L2,L3,R7,10000,600.0,5.0,-14.0,14.866068747318506,-70.3461759419467,66.0655612,66.1671154,457507648846200,457507750400400,2026-10-05T05:59:39.846630+00:00,2026-10-05T05:59:39.939464+00:00,
2,T003,SMILE_RIGHT,task,106,15,4,6,13,R8,L3,L4,R7,10000,600.0,-6.0,14.0,15.231546211727817,113.19859051364818,66.1673204,66.2671802,457507750605400,457507850465200,2026-10-05T05:59:39.939464+00:00,2026-10-05T05:59:40.039380+00:00,
2,T003,SMILE_RIGHT,task,107,15,6,8,13,R8,L4,L5,R7,10000,600.0,14.0,-34.0,36.76955262170047,-67.61986494804043,66.2674285,66.3690175,457507850713500,457507952302500,2026-10-05T05:59:40.039380+00:00,2026-10-05T05:59:40.149474+00:00,
2,T003,SMILE_RIGHT,task,108,15,8,10,13,R8,L5,L6,R7,10000,600.0,9.0,-21.0,22.847319317591726,-66.80140948635182,66.3692633,66.4722066,457507952548300,457508055491600,2026-10-05T05:59:40.149474+00:00,2026-10-05T05:59:40.249505+00:00,
2,T003,SMILE_RIGHT,task,109,15,10,12,13,R8,L6,L7,R7,10000,600.0,42.0,-67.0,79.07591289387686,-57.91781284393396,66.4724542,66.5712005,457508055739200,457508154485500,2026-10-05T05:59:40.249505+00:00,2026-10-05T05:59:40.349283+00:00,
2,T003,SMILE_RIGHT,task,110,15,12,14,13,R8,L7,L8,R7,10000,600.0,86.0,-152.0,174.64249196572982,-60.49927537650084,66.5714328,66.6711215,457508154717800,457508254406500,2026-10-05T05:59:40.349283+00:00,2026-10-05T05:59:40.449278+00:00,
2,T003,SMILE_RIGHT,task,111,15,11,9,13,R8,R6,R5,R7,10000,600.0,115.0,-208.0,237.67414667986083,-61.06246925558937,66.6714083,66.7700089,457508254693300,457508353293900,2026-10-05T05:59:40.449278+00:00,2026-10-05T05:59:40.549064+00:00,
2,T003,SMILE_RIGHT,task,112,15,9,7,13,R8,R5,R4,R7,10000,600.0,35.0,-67.0,75.59100475585703,-62.41797079220284,66.7702554,66.8671276,457508353540400,457508450412600,2026-10-05T05:59:40.549064+00:00,2026-10-05T05:59:40.640779+00:00,
2,T003,SMILE_RIGHT,task,113,15,7,5,13,R8,R4,R3,R7,10000,600.0,-20.0,23.0,30.479501308256342,131.0090869015702,66.867401,66.9689944,457508450686000,457508552279400,2026-10-05T05:59:40.640779+00:00,2026-10-05T05:59:40.749248+00:00,
2,T003,SMILE_RIGHT,task,114,15,5,3,13,R8,R3,R2,R7,10000,600.0,6.0,-13.0,14.317821063276353,-65.22485943116808,66.9692448,67.0671855,457508552529800,457508650470500,2026-10-05T05:59:40.749248+00:00,2026-10-05T05:59:40.842964+00:00,
2,T003,SMILE_RIGHT,task,115,15,3,1,13,R8,R2,R1,R7,10000,600.0,-11.0,17.0,20.248456731316587,122.90524292298791,67.0674276,67.1681366,457508650712600,457508751421600,2026-10-05T05:59:40.842964+00:00,2026-10-05T05:59:40.949378+00:00,
2,T003,SMILE_RIGHT,task,116,15,1,0,13,R8,R1,L1,R7,10000,600.0,30.0,-58.0,65.29931086925804,-62.65012421993013,67.1683718,67.2721129,457508751656800,457508855397900,2026-10-05T05:59:40.949378+00:00,2026-10-05T05:59:41.053511+00:00,
2,T003,SMILE_RIGHT,task,117,13,0,2,11,R7,L1,L2,R6,10000,600.0,-15.0,22.0,26.627053911388696,124.28687697720898,67.2723563,67.3713082,457508855641300,457508954593200,2026-10-05T05:59:41.053511+00:00,2026-10-05T05:59:41.149541+00:00,
2,T003,SMILE_RIGHT,task,118,13,2,4,11,R7,L2,L3,R6,10000,600.0,3.0,-15.0,15.297058540778355,-78.69006752597979,67.3715363,67.4689882,457508954821300,457509052273200,2026-10-05T05:59:41.149541+00:00,2026-10-05T05:59:41.250062+00:00,
2,T003,SMILE_RIGHT,task,119,13,4,6,11,R7,L3,L4,R6,10000,600.0,-13.0,24.0,27.294688127912362,118.44292862436335,67.4692691,67.5660365,457509052554100,457509149321500,2026-10-05T05:59:41.250062+00:00,2026-10-05T05:59:41.339149+00:00,
2,T003,SMILE_RIGHT,task,120,13,6,8,11,R7,L4,L5,R6,10000,600.0,16.0,-41.0,44.01136216933077,-68.68208772453845,67.5662683,67.6661273,457509149553300,457509249412300,2026-10-05T05:59:41.339149+00:00,2026-10-05T05:59:41.447455+00:00,
2,T003,SMILE_RIGHT,task,121,13,8,10,11,R7,L5,L6,R6,10000,600.0,-3.0,-8.0,8.54400374531753,-110.55604521958347,67.6664132,67.7651893,457509249698200,457509348474300,2026-10-05T05:59:41.447455+00:00,2026-10-05T05:59:41.539069+00:00,
2,T003,SMILE_RIGHT,task,122,13,10,12,11,R7,L6,L7,R6,10000,600.0,24.0,-50.0,55.46169849544819,-64.35899417569472,67.7654317,67.8641264,457509348716700,457509447411400,2026-10-05T05:59:41.539069+00:00,2026-10-05T05:59:41.642096+00:00,
2,T003,SMILE_RIGHT,task,123,13,12,14,11,R7,L7,L8,R6,10000,600.0,29.0,-69.0,74.84650960465692,-67.20347853205739,67.8643865,67.9663134,457509447671500,457509549598400,2026-10-05T05:59:41.642096+00:00,2026-10-05T05:59:41.745115+00:00,
2,T003,SMILE_RIGHT,task,124,13,14,15,11,R7,L8,R8,R6,10000,600.0,150.0,-359.0,389.0771131793799,-67.32349630062507,67.9665743,68.0639938,457509549859300,457509647278800,2026-10-05T05:59:41.745115+00:00,2026-10-05T05:59:41.844905+00:00,
2,T003,SMILE_RIGHT,task,125,13,9,7,11,R7,R5,R4,R6,10000,600.0,33.0,-78.0,84.69356528095862,-67.06789956241022,68.0643093,68.1611329,457509647594300,457509744417900,2026-10-05T05:59:41.844905+00:00,2026-10-05T05:59:41.940060+00:00,
2,T003,SMILE_RIGHT,task,126,13,7,5,11,R7,R4,R3,R6,10000,600.0,-5.0,-3.0,5.830951894845301,-149.03624346792648,68.1613702,68.2621649,457509744655200,457509845449900,2026-10-05T05:59:41.940060+00:00,2026-10-05T05:59:42.041395+00:00,
2,T003,SMILE_RIGHT,task,127,13,5,3,11,R7,R3,R2,R6,10000,600.0,6.0,-18.0,18.973665961010276,-71.56505117707799,68.2624129,68.3654042,457509845697900,457509948689200,2026-10-05T05:59:42.041395+00:00,2026-10-05T05:59:42.146747+00:00,
2,T003,SMILE_RIGHT,task,128,13,3,1,11,R7,R2,R1,R6,10000,600.0,-4.0,-11.0,11.704699910719626,-109.98310652189998,68.3656614,68.4662337,457509948946400,457510049518700,2026-10-05T05:59:42.146747+00:00,2026-10-05T05:59:42.242669+00:00,
2,T003,SMILE_RIGHT,task,129,13,1,0,11,R7,R1,L1,R6,10000,600.0,32.0,-57.0,65.36818798161687,-60.68999292908387,68.4664683,68.5650703,457510049753300,457510148355300,2026-10-05T05:59:42.242669+00:00,2026-10-05T05:59:42.344907+00:00,
2,T003,SMILE_RIGHT,task,130,11,0,2,9,R6,L1,L2,R5,10000,600.0,-2.0,-4.0,4.47213595499958,-116.56505117707799,68.5653082,68.676057,457510148593200,457510259342000,2026-10-05T05:59:42.344907+00:00,2026-10-05T05:59:42.456931+00:00,
2,T003,SMILE_RIGHT,task,131,11,2,4,9,R6,L2,L3,R5,10000,600.0,5.0,-20.0,20.615528128088304,-75.96375653207353,68.6762735,68.7752554,457510259558500,457510358540400,2026-10-05T05:59:42.456931+00:00,2026-10-05T05:59:42.556260+00:00,
2,T003,SMILE_RIGHT,task,132,11,4,6,9,R6,L3,L4,R5,10000,600.0,2.0,-5.0,5.385164807134504,-68.19859051364818,68.7755293,68.8760399,457510358814300,457510459324900,2026-10-05T05:59:42.556260+00:00,2026-10-05T05:59:42.656740+00:00,
2,T003,SMILE_RIGHT,task,133,11,6,8,9,R6,L4,L5,R5,10000,600.0,3.0,-16.0,16.278820596099706,-79.38034472384487,68.8762262,68.9731203,457510459511200,457510556405300,2026-10-05T05:59:42.656740+00:00,2026-10-05T05:59:42.749338+00:00,
2,T003,SMILE_RIGHT,task,134,11,8,10,9,R6,L5,L6,R5,10000,600.0,4.0,-31.0,31.25699921617557,-82.64762064010765,68.9733962,69.0712098,457510556681200,457510654494800,2026-10-05T05:59:42.749338+00:00,2026-10-05T05:59:42.849335+00:00,
2,T003,SMILE_RIGHT,task,135,11,10,12,9,R6,L6,L7,R5,10000,600.0,8.0,-22.0,23.40939982143925,-70.01689347810003,69.0714627,69.1679814,457510654747700,457510751266400,2026-10-05T05:59:42.849335+00:00,2026-10-05T05:59:42.949192+00:00,
2,T003,SMILE_RIGHT,task,136,11,12,14,9,R6,L7,L8,R5,10000,600.0,8.0,-24.0,25.298221281347036,-71.56505117707799,69.168266,69.2662882,457510751551000,457510849573200,2026-10-05T05:59:42.949192+00:00,2026-10-05T05:59:43.039250+00:00,
2,T003,SMILE_RIGHT,task,137,11,14,15,9,R6,L8,R8,R5,10000,600.0,31.0,-86.0,91.4166286842826,-70.17753542963479,69.2665242,69.3669771,457510849809200,457510950262100,2026-10-05T05:59:43.039250+00:00,2026-10-05T05:59:43.140687+00:00,
2,T003,SMILE_RIGHT,task,138,11,15,13,9,R6,R8,R7,R5,10000,600.0,71.0,-195.0,207.52349264601347,-69.99330526225974,69.3672377,69.4672744,457510950522700,457511050559400,2026-10-05T05:59:43.140687+00:00,2026-10-05T05:59:43.246035+00:00,
2,T003,SMILE_RIGHT,task,139,11,7,5,9,R6,R4,R3,R5,10000,600.0,-133.0,346.0,370.6818042472546,111.02641364428747,69.4675655,69.5660723,457511050850500,457511149357300,2026-10-05T05:59:43.246035+00:00,2026-10-05T05:59:43.347381+00:00,
2,T003,SMILE_RIGHT,task,140,11,5,3,9,R6,R3,R2,R5,10000,600.0,70.0,-189.0,201.54652068443156,-69.67686317033707,69.566326,69.6641872,457511149611000,457511247472200,2026-10-05T05:59:43.347381+00:00,2026-10-05T05:59:43.439146+00:00,
2,T003,SMILE_RIGHT,task,141,11,3,1,9,R6,R2,R1,R5,10000,600.0,38.0,-133.0,138.32208789632983,-74.05460409907715,69.6644597,69.7650281,457511247744700,457511348313100,2026-10-05T05:59:43.439146+00:00,2026-10-05T05:59:43.546171+00:00,
2,T003,SMILE_RIGHT,task,142,11,1,0,9,R6,R1,L1,R5,10000,600.0,38.0,-84.0,92.19544457292888,-65.65891006330749,69.7653963,69.8640376,457511348681300,457511447322600,2026-10-05T05:59:43.546171+00:00,2026-10-05T05:59:43.640751+00:00,
2,T003,SMILE_RIGHT,task,143,9,0,2,7,R5,L1,L2,R4,10000,600.0,-24.0,59.0,63.694583757176716,112.13549187810035,69.864298,69.9669808,457511447583000,457511550265800,2026-10-05T05:59:43.640751+00:00,2026-10-05T05:59:43.747675+00:00,
2,T003,SMILE_RIGHT,task,144,9,2,4,7,R5,L2,L3,R4,10000,600.0,0.0,-11.0,11.0,-90.0,69.9672443,70.0650099,457511550529300,457511648294900,2026-10-05T05:59:43.747675+00:00,2026-10-05T05:59:43.845181+00:00,
2,T003,SMILE_RIGHT,task,145,9,4,6,7,R5,L3,L4,R4,10000,600.0,-21.0,57.0,60.74537019394976,110.22485943116808,70.0652478,70.1632544,457511648532800,457511746539400,2026-10-05T05:59:43.845181+00:00,2026-10-05T05:59:43.941567+00:00,
2,T003,SMILE_RIGHT,task,146,9,6,8,7,R5,L4,L5,R4,10000,600.0,20.0,-66.0,68.96375859826666,-73.14160123226172,70.163511,70.2660974,457511746796000,457511849382400,2026-10-05T05:59:43.941567+00:00,2026-10-05T05:59:44.046714+00:00,
2,T003,SMILE_RIGHT,task,147,9,8,10,7,R5,L5,L6,R4,10000,600.0,-6.0,-5.0,7.810249675906654,-140.19442890773482,70.2663397,70.3640217,457511849624700,457511947306700,2026-10-05T05:59:44.046714+00:00,2026-10-05T05:59:44.143275+00:00,
2,T003,SMILE_RIGHT,task,148,9,10,12,7,R5,L6,L7,R4,10000,600.0,8.0,-24.0,25.298221281347036,-71.56505117707799,70.3642471,70.4631223,457511947532100,457512046407300,2026-10-05T05:59:44.143275+00:00,2026-10-05T05:59:44.239390+00:00,
2,T003,SMILE_RIGHT,task,149,9,12,14,7,R5,L7,L8,R4,10000,600.0,0.0,-19.0,19.0,-90.0,70.4633695,70.5672615,457512046654500,457512150546500,2026-10-05T05:59:44.239390+00:00,2026-10-05T05:59:44.342960+00:00,
2,T003,SMILE_RIGHT,task,150,9,14,15,7,R5,L8,R8,R4,10000,600.0,12.0,-50.0,51.419840528729765,-76.50426671920418,70.5675295,70.6631914,457512150814500,457512246476400,2026-10-05T05:59:44.342960+00:00,2026-10-05T05:59:44.441211+00:00,
2,T003,SMILE_RIGHT,task,151,9,15,13,7,R5,R8,R7,R4,10000,600.0,15.0,-64.0,65.73431371817918,-76.80938928779315,70.6634263,70.7643907,457512246711300,457512347675700,2026-10-05T05:59:44.441211+00:00,2026-10-05T05:59:44.545281+00:00,
2,T003,SMILE_RIGHT,task,152,9,13,11,7,R5,R7,R6,R4,10000,600.0,15.0,-71.0,72.56721022610694,-78.07067782276167,70.7646675,70.8631208,457512347952500,457512446405800,2026-10-05T05:59:44.545281+00:00,2026-10-05T05:59:44.639193+00:00,
2,T003,SMILE_RIGHT,task,153,9,5,3,7,R5,R3,R2,R4,10000,600.0,-83.0,250.0,263.41791890454226,108.36616640756893,70.863378,70.9635535,457512446663000,457512546838500,2026-10-05T05:59:44.639193+00:00,2026-10-05T05:59:44.744255+00:00,
2,T003,SMILE_RIGHT,task,154,9,3,1,7,R5,R2,R1,R4,10000,600.0,-13.0,22.0,25.553864678361276,120.57922687248902,70.9638401,71.0620197,457512547125100,457512645304700,2026-10-05T05:59:44.744255+00:00,2026-10-05T05:59:44.841334+00:00,
2,T003,SMILE_RIGHT,task,155,9,1,0,7,R5,R1,L1,R4,10000,600.0,15.0,-10.0,18.027756377319946,-33.690067525979785,71.0622731,71.1600069,457512645558100,457512743291900,2026-10-05T05:59:44.841334+00:00,2026-10-05T05:59:44.939146+00:00,
2,T003,SMILE_RIGHT,task,156,7,0,2,5,R4,L1,L2,R3,10000,600.0,1.0,-33.0,33.015148038438355,-88.26429541107161,71.1602478,71.2570387,457512743532800,457512840323700,2026-10-05T05:59:44.939146+00:00,2026-10-05T05:59:45.037529+00:00,
2,T003,SMILE_RIGHT,task,157,7,2,4,5,R4,L2,L3,R3,10000,600.0,-3.0,-6.0,6.708203932499369,-116.56505117707799,71.2572738,71.3521816,457512840558800,457512935466600,2026-10-05T05:59:45.037529+00:00,2026-10-05T05:59:45.129187+00:00,
2,T003,SMILE_RIGHT,task,158,7,4,6,5,R4,L3,L4,R3,10000,600.0,3.0,-36.0,36.124783736376884,-85.23635830927383,71.3524266,71.4631587,457512935711600,457513046443700,2026-10-05T05:59:45.129187+00:00,2026-10-05T05:59:45.244400+00:00,
2,T003,SMILE_RIGHT,task,159,7,6,8,5,R4,L4,L5,R3,10000,600.0,-1.0,15.0,15.033296378372908,93.81407483429037,71.4634107,71.5620682,457513046695700,457513145353200,2026-10-05T05:59:45.244400+00:00,2026-10-05T05:59:45.341231+00:00,
2,T003,SMILE_RIGHT,task,160,7,8,10,5,R4,L5,L6,R3,10000,600.0,-5.0,-2.0,5.385164807134504,-158.19859051364818,71.5623314,71.6680241,457513145616400,457513251309100,2026-10-05T05:59:45.341231+00:00,2026-10-05T05:59:45.449188+00:00,
2,T003,SMILE_RIGHT,task,161,7,10,12,5,R4,L6,L7,R3,10000,600.0,0.0,4.0,4.0,90.0,71.6682843,71.7652011,457513251569300,457513348486100,2026-10-05T05:59:45.449188+00:00,2026-10-05T05:59:45.539207+00:00,
2,T003,SMILE_RIGHT,task,162,7,12,14,5,R4,L7,L8,R3,10000,600.0,-6.0,7.0,9.219544457292887,130.6012946450045,71.76544,71.8610364,457513348725000,457513444321400,2026-10-05T05:59:45.539207+00:00,2026-10-05T05:59:45.641372+00:00,
2,T003,SMILE_RIGHT,task,163,7,14,15,5,R4,L8,R8,R3,10000,600.0,-7.0,19.0,20.248456731316587,110.22485943116808,71.8612583,71.9600567,457513444543300,457513543341700,2026-10-05T05:59:45.641372+00:00,2026-10-05T05:59:45.739199+00:00,
2,T003,SMILE_RIGHT,task,164,7,15,13,5,R4,R8,R7,R3,10000,600.0,-8.0,19.0,20.615528128088304,112.83365417791754,71.9603231,72.05612,457513543608100,457513639405000,2026-10-05T05:59:45.739199+00:00,2026-10-05T05:59:45.829148+00:00,
2,T003,SMILE_RIGHT,task,165,7,13,11,5,R4,R7,R6,R3,10000,600.0,-8.0,7.0,10.63014581273465,138.81407483429035,72.0564148,72.1562026,457513639699800,457513739487600,2026-10-05T05:59:45.837763+00:00,2026-10-05T05:59:45.935249+00:00,
2,T003,SMILE_RIGHT,task,166,7,11,9,5,R4,R6,R5,R3,10000,600.0,-64.0,304.0,310.6638054231616,101.88865803962798,72.1564456,72.2611592,457513739730600,457513844444200,2026-10-05T05:59:45.935249+00:00,2026-10-05T05:59:46.039233+00:00,
2,T003,SMILE_RIGHT,task,167,7,3,1,5,R4,R2,R1,R3,10000,600.0,55.0,-429.0,432.511271529425,-82.69424046668918,72.2614251,72.3583923,457513844710100,457513941677300,2026-10-05T05:59:46.039233+00:00,2026-10-05T05:59:46.139265+00:00,
2,T003,SMILE_RIGHT,task,168,7,1,0,5,R4,R1,L1,R3,10000,600.0,42.0,-101.0,109.38464243210744,-67.42042743597369,72.3586207,72.4661192,457513941905700,457514049404200,2026-10-05T05:59:46.139265+00:00,2026-10-05T05:59:46.239127+00:00,
2,T003,SMILE_RIGHT,task,169,5,0,2,3,R3,L1,L2,R2,10000,600.0,-13.0,28.0,30.870698080866262,114.90476880809518,72.4664132,72.5671855,457514049698200,457514150470500,2026-10-05T05:59:46.247701+00:00,2026-10-05T05:59:46.345517+00:00,
2,T003,SMILE_RIGHT,task,170,5,2,4,3,R3,L2,L3,R2,10000,600.0,1.0,-18.0,18.027756377319946,-86.82016988013577,72.5674193,72.6651212,457514150704300,457514248406200,2026-10-05T05:59:46.345517+00:00,2026-10-05T05:59:46.439255+00:00,
2,T003,SMILE_RIGHT,task,171,5,4,6,3,R3,L3,L4,R2,10000,600.0,0.0,-10.0,10.0,-90.0,72.6653934,72.7679849,457514248678400,457514351269900,2026-10-05T05:59:46.439255+00:00,2026-10-05T05:59:46.549190+00:00,
2,T003,SMILE_RIGHT,task,172,5,6,8,3,R3,L4,L5,R2,10000,600.0,-1.0,-6.0,6.082762530298219,-99.46232220802563,72.768239,72.8651235,457514351524000,457514448408500,2026-10-05T05:59:46.549190+00:00,2026-10-05T05:59:46.639151+00:00,
2,T003,SMILE_RIGHT,task,173,5,8,10,3,R3,L5,L6,R2,10000,600.0,-6.0,-5.0,7.810249675906654,-140.19442890773482,72.8653691,72.9812933,457514448654100,457514564578300,2026-10-05T05:59:46.639151+00:00,2026-10-05T05:59:46.759092+00:00,
2,T003,SMILE_RIGHT,task,174,5,10,12,3,R3,L6,L7,R2,10000,600.0,2.0,-10.0,10.198039027185569,-78.69006752597979,72.9815455,73.08421,457514564830500,457514667495000,2026-10-05T05:59:46.759092+00:00,2026-10-05T05:59:46.859228+00:00,
2,T003,SMILE_RIGHT,task,175,5,12,14,3,R3,L7,L8,R2,10000,600.0,-5.0,-5.0,7.0710678118654755,-135.0,73.0844945,73.1813284,457514667779500,457514764613400,2026-10-05T05:59:46.859228+00:00,2026-10-05T05:59:46.962113+00:00,
2,T003,SMILE_RIGHT,task,176,5,14,15,3,R3,L8,R8,R2,10000,600.0,-1.0,-12.0,12.041594578792296,-94.76364169072617,73.1815624,73.2811409,457514764847400,457514864425900,2026-10-05T05:59:46.962113+00:00,2026-10-05T05:59:47.059223+00:00,
2,T003,SMILE_RIGHT,task,177,5,15,13,3,R3,R8,R7,R2,10000,600.0,-3.0,-15.0,15.297058540778355,-101.30993247402021,73.2813876,73.3790879,457514864672600,457514962372900,2026-10-05T05:59:47.059223+00:00,2026-10-05T05:59:47.160237+00:00,
2,T003,SMILE_RIGHT,task,178,5,13,11,3,R3,R7,R6,R2,10000,600.0,-7.0,-13.0,14.7648230602334,-118.30075576600638,73.3793954,73.478997,457514962680400,457515062282000,2026-10-05T05:59:47.160237+00:00,2026-10-05T05:59:47.259170+00:00,
2,T003,SMILE_RIGHT,task,179,5,11,9,3,R3,R6,R5,R2,10000,600.0,21.0,-184.0,185.1944923587092,-83.48898055659936,73.4794361,73.5770943,457515062721100,457515160379300,2026-10-05T05:59:47.259170+00:00,2026-10-05T05:59:47.356894+00:00,
2,T003,SMILE_RIGHT,task,180,5,9,7,3,R3,R5,R4,R2,10000,600.0,-47.0,259.0,263.2299375071156,100.28537797494748,73.5774162,73.6752731,457515160701200,457515258558100,2026-10-05T05:59:47.356894+00:00,2026-10-05T05:59:47.456453+00:00,
2,T003,SMILE_RIGHT,task,181,5,1,0,3,R3,R1,L1,R2,10000,600.0,30.0,-54.0,61.773780845922005,-60.94539590092286,73.6755667,73.7740957,457515258851700,457515357380700,2026-10-05T05:59:47.456453+00:00,2026-10-05T05:59:47.555311+00:00,
2,T003,SMILE_RIGHT,task,182,3,0,2,1,R2,L1,L2,R1,10000,600.0,5.0,-255.0,255.04901489713697,-88.87669728592458,73.7743596,73.8712025,457515357644600,457515454487500,2026-10-05T05:59:47.555311+00:00,2026-10-05T05:59:47.649339+00:00,
2,T003,SMILE_RIGHT,task,183,3,2,4,1,R2,L2,L3,R1,10000,600.0,-2.0,-9.0,9.219544457292887,-102.52880770915151,73.8714453,73.972042,457515454730300,457515555327000,2026-10-05T05:59:47.649339+00:00,2026-10-05T05:59:47.753156+00:00,
2,T003,SMILE_RIGHT,task,184,3,4,6,1,R2,L3,L4,R1,10000,600.0,-5.0,-9.0,10.295630140987,-119.05460409907714,73.9722818,74.0690479,457515555566800,457515652332900,2026-10-05T05:59:47.753156+00:00,2026-10-05T05:59:47.850327+00:00,
2,T003,SMILE_RIGHT,task,185,3,6,8,1,R2,L4,L5,R1,10000,600.0,-1.0,11.0,11.045361017187261,95.1944289077348,74.0693629,74.1680183,457515652647900,457515751303300,2026-10-05T05:59:47.850327+00:00,2026-10-05T05:59:47.949096+00:00,
2,T003,SMILE_RIGHT,task,186,3,8,10,1,R2,L5,L6,R1,10000,600.0,-10.0,-5.0,11.180339887498949,-153.434948822922,74.1682711,74.2651405,457515751556100,457515848425500,2026-10-05T05:59:47.949096+00:00,2026-10-05T05:59:48.039755+00:00,
2,T003,SMILE_RIGHT,task,187,3,10,12,1,R2,L6,L7,R1,10000,600.0,0.0,-3.0,3.0,-90.0,74.2653942,74.3631679,457515848679200,457515946452900,2026-10-05T05:59:48.039755+00:00,2026-10-05T05:59:48.141481+00:00,
2,T003,SMILE_RIGHT,task,188,3,12,14,1,R2,L7,L8,R1,10000,600.0,-9.0,2.0,9.219544457292887,167.47119229084848,74.3634208,74.462019,457515946705800,457516045304000,2026-10-05T05:59:48.141481+00:00,2026-10-05T05:59:48.239942+00:00,
2,T003,SMILE_RIGHT,task,189,3,14,15,1,R2,L8,R8,R1,10000,600.0,-5.0,-5.0,7.0710678118654755,-135.0,74.4623515,74.5600373,457516045636500,457516143322300,2026-10-05T05:59:48.239942+00:00,2026-10-05T05:59:48.340547+00:00,
2,T003,SMILE_RIGHT,task,190,3,15,13,1,R2,R8,R7,R1,10000,600.0,-8.0,-10.0,12.806248474865697,-128.6598082540901,74.5602575,74.6579812,457516143542500,457516241266200,2026-10-05T05:59:48.340547+00:00,2026-10-05T05:59:48.439262+00:00,
2,T003,SMILE_RIGHT,task,191,3,13,11,1,R2,R7,R6,R1,10000,600.0,-13.0,-17.0,21.400934559032695,-127.40535663140857,74.6588755,74.7593682,457516242160500,457516342653200,2026-10-05T05:59:48.440289+00:00,2026-10-05T05:59:48.540339+00:00,
2,T003,SMILE_RIGHT,task,192,3,11,9,1,R2,R6,R5,R1,10000,600.0,-4.0,-104.0,104.0768946500615,-92.2025981617658,74.7596446,74.8580754,457516342929600,457516441360400,2026-10-05T05:59:48.540339+00:00,2026-10-05T05:59:48.639079+00:00,
2,T003,SMILE_RIGHT,task,193,3,9,7,1,R2,R5,R4,R1,10000,600.0,-9.0,-4.0,9.848857801796104,-156.03751102542182,74.8584825,74.9562028,457516441767500,457516539487800,2026-10-05T05:59:48.639830+00:00,2026-10-05T05:59:48.729497+00:00,
2,T003,SMILE_RIGHT,task,194,3,7,5,1,R2,R4,R3,R1,10000,600.0,-9.0,-322.0,322.1257518423512,-91.60101800224285,74.9565145,75.0610209,457516539799500,457516644305900,2026-10-05T05:59:48.737899+00:00,2026-10-05T05:59:48.839290+00:00,
2,T003,SMILE_RIGHT,task,195,1,2,4,0,R1,L2,L3,L1,10000,600.0,-7.0,22.0,23.08679276123039,107.65012421993013,75.0613599,75.1590005,457516644644900,457516742285500,2026-10-05T05:59:48.839290+00:00,2026-10-05T05:59:48.939426+00:00,
2,T003,SMILE_RIGHT,task,196,1,4,6,0,R1,L3,L4,L1,10000,600.0,2.0,-27.0,27.073972741361768,-85.76360520094116,75.1592738,75.2590952,457516742558800,457516842380200,2026-10-05T05:59:48.939426+00:00,2026-10-05T05:59:49.039379+00:00,
2,T003,SMILE_RIGHT,task,197,1,6,8,0,R1,L4,L5,L1,10000,600.0,-4.0,24.0,24.331050121192877,99.46232220802563,75.2593712,75.3571023,457516842656200,457516940387300,2026-10-05T05:59:49.039379+00:00,2026-10-05T05:59:49.138238+00:00,
2,T003,SMILE_RIGHT,task,198,1,8,10,0,R1,L5,L6,L1,10000,600.0,-2.0,-10.0,10.198039027185569,-101.30993247402021,75.3573618,75.4620225,457516940646800,457517045307500,2026-10-05T05:59:49.138238+00:00,2026-10-05T05:59:49.243409+00:00,
2,T003,SMILE_RIGHT,task,199,1,10,12,0,R1,L6,L7,L1,10000,600.0,1.0,-8.0,8.06225774829855,-82.8749836510982,75.4623009,75.5610627,457517045585900,457517144347700,2026-10-05T05:59:49.243409+00:00,2026-10-05T05:59:49.339336+00:00,
2,T003,SMILE_RIGHT,task,200,1,12,14,0,R1,L7,L8,L1,10000,600.0,-2.0,-8.0,8.246211251235321,-104.03624346792648,75.5613115,75.6620911,457517144596500,457517245376100,2026-10-05T05:59:49.339336+00:00,2026-10-05T05:59:49.443530+00:00,
2,T003,SMILE_RIGHT,task,201,1,14,15,0,R1,L8,R8,L1,10000,600.0,0.0,-17.0,17.0,-90.0,75.6623838,75.7600631,457517245668800,457517343348100,2026-10-05T05:59:49.443530+00:00,2026-10-05T05:59:49.539534+00:00,
2,T003,SMILE_RIGHT,task,202,1,15,13,0,R1,R8,R7,L1,10000,600.0,-1.0,-12.0,12.041594578792296,-94.76364169072617,75.7603031,75.8590939,457517343588100,457517442378900,2026-10-05T05:59:49.539534+00:00,2026-10-05T05:59:49.639835+00:00,
2,T003,SMILE_RIGHT,task,203,1,13,11,0,R1,R7,R6,L1,10000,600.0,-4.0,0.0,4.0,180.0,75.8593608,75.9560561,457517442645800,457517539341100,2026-10-05T05:59:49.640617+00:00,2026-10-05T05:59:49.729351+00:00,
2,T003,SMILE_RIGHT,task,204,1,11,9,0,R1,R6,R5,L1,10000,600.0,1.0,-25.0,25.019992006393608,-87.70938995736148,75.9563084,76.0540243,457517539593400,457517637309300,2026-10-05T05:59:49.729351+00:00,2026-10-05T05:59:49.832490+00:00,
2,T003,SMILE_RIGHT,task,205,1,9,7,0,R1,R5,R4,L1,10000,600.0,-6.0,40.0,40.44749683231337,98.53076560994813,76.0542624,76.1512139,457517637547400,457517734498900,2026-10-05T05:59:49.832490+00:00,2026-10-05T05:59:49.929341+00:00,
2,T003,SMILE_RIGHT,task,206,1,7,5,0,R1,R4,R3,L1,10000,600.0,-1.0,-38.0,38.01315561749642,-91.50743575877497,76.1514817,76.2500683,457517734766700,457517833353300,2026-10-05T05:59:49.929341+00:00,2026-10-05T05:59:50.031312+00:00,
2,T003,SMILE_RIGHT,task,207,1,5,3,0,R1,R3,R2,L1,10000,600.0,-1.0,5.0,5.0990195135927845,101.30993247402021,76.2503479,76.3471847,457517833632900,457517930469700,2026-10-05T05:59:50.031817+00:00,2026-10-05T05:59:50.122549+00:00,
3,T004,SMILE_BOTH,task,0,0,4,6,2,L1,L3,L4,L2,10000,600.0,75.0,-285.0,294.7032405658275,-75.25643716352927,78.5085679,78.6069809,457520091852900,457520190265900,2026-10-05T05:59:52.289679+00:00,2026-10-05T05:59:52.387162+00:00,
3,T004,SMILE_BOTH,task,1,0,6,8,2,L1,L4,L5,L2,10000,600.0,27.0,-101.0,104.546640309481,-75.03328043599514,78.6073402,78.70606,457520190625200,457520289345000,2026-10-05T05:59:52.387162+00:00,2026-10-05T05:59:52.487261+00:00,
3,T004,SMILE_BOTH,task,2,0,8,10,2,L1,L5,L6,L2,10000,600.0,15.0,-78.0,79.42921376924235,-79.11447294534128,78.7063174,78.8051267,457520289602400,457520388411700,2026-10-05T05:59:52.487261+00:00,2026-10-05T05:59:52.579399+00:00,
3,T004,SMILE_BOTH,task,3,0,10,12,2,L1,L6,L7,L2,10000,600.0,16.0,-48.0,50.59644256269407,-71.56505117707799,78.8054028,78.9043141,457520388687800,457520487599100,2026-10-05T05:59:52.579399+00:00,2026-10-05T05:59:52.679176+00:00,
3,T004,SMILE_BOTH,task,4,0,12,14,2,L1,L7,L8,L2,10000,600.0,-4.0,-8.0,8.94427190999916,-116.56505117707799,78.9045423,79.0031257,457520487827300,457520586410700,2026-10-05T05:59:52.679176+00:00,2026-10-05T05:59:52.778953+00:00,
3,T004,SMILE_BOTH,task,5,0,14,15,2,L1,L8,R8,L2,10000,600.0,-1.0,-4.0,4.123105625617661,-104.03624346792648,79.0033933,79.1041239,457520586678300,457520687408900,2026-10-05T05:59:52.778953+00:00,2026-10-05T05:59:52.879019+00:00,
3,T004,SMILE_BOTH,task,6,0,15,13,2,L1,R8,R7,L2,10000,600.0,-2.0,-6.0,6.324555320336759,-108.43494882292202,79.10436,79.2021258,457520687645000,457520785410800,2026-10-05T05:59:52.879019+00:00,2026-10-05T05:59:52.979151+00:00,
3,T004,SMILE_BOTH,task,7,0,13,11,2,L1,R7,R6,L2,10000,600.0,-14.0,21.0,25.238858928247925,123.69006752597979,79.2023959,79.3009971,457520785680900,457520884282100,2026-10-05T05:59:52.979151+00:00,2026-10-05T05:59:53.079232+00:00,
3,T004,SMILE_BOTH,task,8,0,11,9,2,L1,R6,R5,L2,10000,600.0,-1.0,-9.0,9.055385138137417,-96.3401917459099,79.3012684,79.398002,457520884553400,457520981287000,2026-10-05T05:59:53.079232+00:00,2026-10-05T05:59:53.179176+00:00,
3,T004,SMILE_BOTH,task,9,0,9,7,2,L1,R5,R4,L2,10000,600.0,-24.0,63.0,67.4166151627327,110.85445803957835,79.3982622,79.4979863,457520981547200,457521081271300,2026-10-05T05:59:53.179176+00:00,2026-10-05T05:59:53.279145+00:00,
3,T004,SMILE_BOTH,task,10,0,7,5,2,L1,R4,R3,L2,10000,600.0,2.0,-41.0,41.048751503547585,-87.20729763428672,79.4982326,79.5971278,457521081517600,457521180412800,2026-10-05T05:59:53.279145+00:00,2026-10-05T05:59:53.372983+00:00,
3,T004,SMILE_BOTH,task,11,0,5,3,2,L1,R3,R2,L2,10000,600.0,-14.0,27.0,30.4138126514911,117.40757543781842,79.5974435,79.6961537,457521180728500,457521279438700,2026-10-05T05:59:53.372983+00:00,2026-10-05T05:59:53.473071+00:00,
3,T004,SMILE_BOTH,task,12,0,3,1,2,L1,R2,R1,L2,10000,600.0,81.0,-355.0,364.12360538696197,-77.146912223268,79.6964798,79.7981162,457521279764800,457521381401200,2026-10-05T05:59:53.473071+00:00,2026-10-05T05:59:53.579028+00:00,
3,T004,SMILE_BOTH,task,13,2,6,8,4,L2,L4,L5,L3,10000,600.0,-66.0,237.0,246.01829200285087,105.5615103253285,79.7983855,79.8960295,457521381670500,457521479314500,2026-10-05T05:59:53.579028+00:00,2026-10-05T05:59:53.673307+00:00,
3,T004,SMILE_BOTH,task,14,2,8,10,4,L2,L5,L6,L3,10000,600.0,38.0,-155.0,159.5900999435742,-76.2249816803254,79.8963144,79.9961603,457521479599400,457521579445300,2026-10-05T05:59:53.673307+00:00,2026-10-05T05:59:53.774121+00:00,
3,T004,SMILE_BOTH,task,15,2,10,12,4,L2,L6,L7,L3,10000,600.0,12.0,-39.0,40.80441152620633,-72.89727103094764,79.996375,80.0980616,457521579660000,457521681346600,2026-10-05T05:59:53.774121+00:00,2026-10-05T05:59:53.879489+00:00,
3,T004,SMILE_BOTH,task,16,2,12,14,4,L2,L7,L8,L3,10000,600.0,1.0,-18.0,18.027756377319946,-86.82016988013577,80.0983178,80.1980912,457521681602800,457521781376200,2026-10-05T05:59:53.879489+00:00,2026-10-05T05:59:53.979411+00:00,
3,T004,SMILE_BOTH,task,17,2,14,15,4,L2,L8,R8,L3,10000,600.0,3.0,-19.0,19.235384061671343,-81.02737338510362,80.1983202,80.2942981,457521781605200,457521877583100,2026-10-05T05:59:53.979411+00:00,2026-10-05T05:59:54.070441+00:00,
3,T004,SMILE_BOTH,task,18,2,15,13,4,L2,R8,R7,L3,10000,600.0,-1.0,-9.0,9.055385138137417,-96.3401917459099,80.2945214,80.39712,457521877806400,457521980405000,2026-10-05T05:59:54.070441+00:00,2026-10-05T05:59:54.175862+00:00,
3,T004,SMILE_BOTH,task,19,2,13,11,4,L2,R7,R6,L3,10000,600.0,-6.0,-1.0,6.082762530298219,-170.53767779197437,80.3973263,80.4961282,457521980611300,457522079413200,2026-10-05T05:59:54.175862+00:00,2026-10-05T05:59:54.272343+00:00,
3,T004,SMILE_BOTH,task,20,2,11,9,4,L2,R6,R5,L3,10000,600.0,1.0,-16.0,16.0312195418814,-86.42366562500266,80.4964107,80.5940416,457522079695700,457522177326600,2026-10-05T05:59:54.272343+00:00,2026-10-05T05:59:54.374839+00:00,
3,T004,SMILE_BOTH,task,21,2,9,7,4,L2,R5,R4,L3,10000,600.0,-7.0,4.0,8.06225774829855,150.25511870305778,80.5942841,80.6942016,457522177569100,457522277486600,2026-10-05T05:59:54.374839+00:00,2026-10-05T05:59:54.471647+00:00,
3,T004,SMILE_BOTH,task,22,2,7,5,4,L2,R4,R3,L3,10000,600.0,-9.0,-4.0,9.848857801796104,-156.03751102542182,80.6944412,80.7950259,457522277726200,457522378310900,2026-10-05T05:59:54.471647+00:00,2026-10-05T05:59:54.572911+00:00,
3,T004,SMILE_BOTH,task,23,2,5,3,4,L2,R3,R2,L3,10000,600.0,1.0,-8.0,8.06225774829855,-82.8749836510982,80.7953005,80.8951294,457522378585500,457522478414400,2026-10-05T05:59:54.572911+00:00,2026-10-05T05:59:54.672060+00:00,
3,T004,SMILE_BOTH,task,24,2,3,1,4,L2,R2,R1,L3,10000,600.0,-20.0,44.0,48.33218389437829,114.44395478041653,80.8954096,80.9921227,457522478694600,457522575407700,2026-10-05T05:59:54.672060+00:00,2026-10-05T05:59:54.772803+00:00,
3,T004,SMILE_BOTH,task,25,2,1,0,4,L2,R1,L1,L3,10000,600.0,7.0,-7.0,9.899494936611665,-45.0,80.9924,81.0900872,457522575685000,457522673372200,2026-10-05T05:59:54.772803+00:00,2026-10-05T05:59:54.869255+00:00,
3,T004,SMILE_BOTH,task,26,4,0,2,6,L3,L1,L2,L4,10000,600.0,70.0,-293.0,301.24574685794323,-76.5634489106941,81.0903656,81.1891311,457522673650600,457522772416100,2026-10-05T05:59:54.869255+00:00,2026-10-05T05:59:54.969263+00:00,
3,T004,SMILE_BOTH,task,27,4,8,10,6,L3,L5,L6,L4,10000,600.0,-75.0,241.0,252.40047543536838,107.2863151670565,81.1898791,81.2879865,457522773164100,457522871271500,2026-10-05T05:59:54.970826+00:00,2026-10-05T05:59:55.069264+00:00,
3,T004,SMILE_BOTH,task,28,4,10,12,6,L3,L6,L7,L4,10000,600.0,-1.0,16.0,16.0312195418814,93.57633437499736,81.288239,81.3852573,457522871524000,457522968542300,2026-10-05T05:59:55.069264+00:00,2026-10-05T05:59:55.159412+00:00,
3,T004,SMILE_BOTH,task,29,4,12,14,6,L3,L7,L8,L4,10000,600.0,-12.0,24.0,26.832815729997478,116.56505117707799,81.3854934,81.4861285,457522968778400,457523069413500,2026-10-05T05:59:55.159412+00:00,2026-10-05T05:59:55.259301+00:00,
3,T004,SMILE_BOTH,task,30,4,14,15,6,L3,L8,R8,L4,10000,600.0,-8.0,21.0,22.47220505424423,110.85445803957835,81.4863991,81.5831363,457523069684100,457523166421300,2026-10-05T05:59:55.259301+00:00,2026-10-05T05:59:55.359549+00:00,
3,T004,SMILE_BOTH,task,31,4,15,13,6,L3,R8,R7,L4,10000,600.0,-5.0,3.0,5.830951894845301,149.03624346792648,81.5833791,81.6890572,457523166664100,457523272342200,2026-10-05T05:59:55.359549+00:00,2026-10-05T05:59:55.469465+00:00,
3,T004,SMILE_BOTH,task,32,4,13,11,6,L3,R7,R6,L4,10000,600.0,-14.0,21.0,25.238858928247925,123.69006752597979,81.6892962,81.7881408,457523272581200,457523371425800,2026-10-05T05:59:55.470638+00:00,2026-10-05T05:59:55.569336+00:00,
3,T004,SMILE_BOTH,task,33,4,11,9,6,L3,R6,R5,L4,10000,600.0,1.0,-14.0,14.035668847618199,-85.91438322002513,81.7883753,81.8880029,457523371660300,457523471287900,2026-10-05T05:59:55.569336+00:00,2026-10-05T05:59:55.669467+00:00,
3,T004,SMILE_BOTH,task,34,4,9,7,6,L3,R5,R4,L4,10000,600.0,-23.0,56.0,60.53924347066124,112.32865637801915,81.8882458,81.9881564,457523471530800,457523571441400,2026-10-05T05:59:55.669467+00:00,2026-10-05T05:59:55.769309+00:00,
3,T004,SMILE_BOTH,task,35,4,7,5,6,L3,R4,R3,L4,10000,600.0,3.0,-47.0,47.095647357266465,-86.34777721969367,81.9883823,82.0990425,457523571667300,457523682327500,2026-10-05T05:59:55.769309+00:00,2026-10-05T05:59:55.879274+00:00,
3,T004,SMILE_BOTH,task,36,4,5,3,6,L3,R3,R2,L4,10000,600.0,3.0,-12.0,12.36931687685298,-75.96375653207353,82.0992942,82.1961513,457523682579200,457523779436300,2026-10-05T05:59:55.879274+00:00,2026-10-05T05:59:55.975979+00:00,
3,T004,SMILE_BOTH,task,37,4,3,1,6,L3,R2,R1,L4,10000,600.0,-16.0,16.0,22.627416997969522,135.0,82.1963948,82.2970281,457523779679800,457523880313100,2026-10-05T05:59:55.975979+00:00,2026-10-05T05:59:56.077609+00:00,
3,T004,SMILE_BOTH,task,38,4,1,0,6,L3,R1,L1,L4,10000,600.0,38.0,-109.0,115.43396380615195,-70.7802265740861,82.2972686,82.3944655,457523880553600,457523977750500,2026-10-05T05:59:56.077609+00:00,2026-10-05T05:59:56.171137+00:00,
3,T004,SMILE_BOTH,task,39,6,0,2,8,L4,L1,L2,L5,10000,600.0,27.0,-84.0,88.23264701911646,-72.18111108547723,82.3947381,82.4930541,457523978023100,457524076339100,2026-10-05T05:59:56.171137+00:00,2026-10-05T05:59:56.273143+00:00,
3,T004,SMILE_BOTH,task,40,6,2,4,8,L4,L2,L3,L5,10000,600.0,-90.0,241.0,257.25668115716644,110.47784356726152,82.4932858,82.5921572,457524076570800,457524175442200,2026-10-05T05:59:56.273143+00:00,2026-10-05T05:59:56.371271+00:00,
3,T004,SMILE_BOTH,task,41,6,10,12,8,L4,L6,L7,L5,10000,600.0,68.0,-175.0,187.7471704180918,-68.7652958657461,82.5923884,82.692016,457524175673400,457524275301000,2026-10-05T05:59:56.371271+00:00,2026-10-05T05:59:56.472959+00:00,
3,T004,SMILE_BOTH,task,42,6,12,14,8,L4,L7,L8,L5,10000,600.0,25.0,-76.0,80.00624975587844,-71.79151552941917,82.6922295,82.792119,457524275514500,457524375404000,2026-10-05T05:59:56.472959+00:00,2026-10-05T05:59:56.572127+00:00,
3,T004,SMILE_BOTH,task,43,6,14,15,8,L4,L8,R8,L5,10000,600.0,19.0,-58.0,61.032778078668514,-71.86191784440268,82.7923518,82.897138,457524375636800,457524480423000,2026-10-05T05:59:56.572127+00:00,2026-10-05T05:59:56.674739+00:00,
3,T004,SMILE_BOTH,task,44,6,15,13,8,L4,R8,R7,L5,10000,600.0,4.0,-18.0,18.439088914585774,-77.47119229084849,82.8973566,83.0003192,457524480641600,457524583604200,2026-10-05T05:59:56.674739+00:00,2026-10-05T05:59:56.779120+00:00,
3,T004,SMILE_BOTH,task,45,6,13,11,8,L4,R7,R6,L5,10000,600.0,3.0,-17.0,17.26267650163207,-79.99202019855866,83.0005715,83.1031243,457524583856500,457524686409300,2026-10-05T05:59:56.779120+00:00,2026-10-05T05:59:56.879096+00:00,
3,T004,SMILE_BOTH,task,46,6,11,9,8,L4,R6,R5,L5,10000,600.0,-1.0,-4.0,4.123105625617661,-104.03624346792648,83.1033947,83.2000307,457524686679700,457524783315700,2026-10-05T05:59:56.879096+00:00,2026-10-05T05:59:56.979313+00:00,
3,T004,SMILE_BOTH,task,47,6,9,7,8,L4,R5,R4,L5,10000,600.0,12.0,-40.0,41.7612260356422,-73.30075576600639,83.2002771,83.2970529,457524783562100,457524880337900,2026-10-05T05:59:56.979313+00:00,2026-10-05T05:59:57.078391+00:00,
3,T004,SMILE_BOTH,task,48,6,7,5,8,L4,R4,R3,L5,10000,600.0,-14.0,27.0,30.4138126514911,117.40757543781842,83.2973274,83.3961322,457524880612400,457524979417200,2026-10-05T05:59:57.078391+00:00,2026-10-05T05:59:57.172351+00:00,
3,T004,SMILE_BOTH,task,49,6,5,3,8,L4,R3,R2,L5,10000,600.0,-9.0,12.0,15.0,126.86989764584402,83.3963815,83.4989964,457524979666500,457525082281400,2026-10-05T05:59:57.172351+00:00,2026-10-05T05:59:57.279192+00:00,
3,T004,SMILE_BOTH,task,50,6,3,1,8,L4,R2,R1,L5,10000,600.0,-35.0,94.0,100.30453628824571,110.42233302472343,83.4992515,83.6000278,457525082536500,457525183312800,2026-10-05T05:59:57.279192+00:00,2026-10-05T05:59:57.379135+00:00,
3,T004,SMILE_BOTH,task,51,6,1,0,8,L4,R1,L1,L5,10000,600.0,-4.0,14.0,14.560219778561036,105.94539590092286,83.6003499,83.7051357,457525183634900,457525288420700,2026-10-05T05:59:57.379135+00:00,2026-10-05T05:59:57.479185+00:00,
3,T004,SMILE_BOTH,task,52,8,0,2,10,L5,L1,L2,L6,10000,600.0,34.0,-97.0,102.7861858422619,-70.68364718049585,83.7053765,83.8021937,457525288661500,457525385478700,2026-10-05T05:59:57.479185+00:00,2026-10-05T05:59:57.579539+00:00,
3,T004,SMILE_BOTH,task,53,8,2,4,10,L5,L2,L3,L6,10000,600.0,74.0,-187.0,201.10942295178512,-68.41020831228602,83.8024228,83.914226,457525385707800,457525497511000,2026-10-05T05:59:57.579539+00:00,2026-10-05T05:59:57.689550+00:00,
3,T004,SMILE_BOTH,task,54,8,4,6,10,L5,L3,L4,L6,10000,600.0,-126.0,299.0,324.4641736771565,112.85078552125906,83.9144871,84.0122765,457525497772100,457525595561500,2026-10-05T05:59:57.689550+00:00,2026-10-05T05:59:57.789252+00:00,
3,T004,SMILE_BOTH,task,55,8,12,14,10,L5,L7,L8,L6,10000,600.0,89.0,-212.0,229.92390045404153,-67.2267843856498,84.0125046,84.1141295,457525595789600,457525697414500,2026-10-05T05:59:57.789252+00:00,2026-10-05T05:59:57.889161+00:00,
3,T004,SMILE_BOTH,task,56,8,14,15,10,L5,L8,R8,L6,10000,600.0,28.0,-70.0,75.39230729988306,-68.19859051364818,84.1143858,84.2123006,457525697670800,457525795585600,2026-10-05T05:59:57.889161+00:00,2026-10-05T05:59:57.990242+00:00,
3,T004,SMILE_BOTH,task,57,8,15,13,10,L5,R8,R7,L6,10000,600.0,8.0,-24.0,25.298221281347036,-71.56505117707799,84.2125354,84.3109968,457525795820400,457525894281800,2026-10-05T05:59:57.990242+00:00,2026-10-05T05:59:58.089279+00:00,
3,T004,SMILE_BOTH,task,58,8,13,11,10,L5,R7,R6,L6,10000,600.0,-4.0,-2.0,4.47213595499958,-153.434948822922,84.3112517,84.4080286,457525894536700,457525991313600,2026-10-05T05:59:58.089279+00:00,2026-10-05T05:59:58.189448+00:00,
3,T004,SMILE_BOTH,task,59,8,11,9,10,L5,R6,R5,L6,10000,600.0,9.0,-34.0,35.17101079013795,-75.17352002964434,84.4082914,84.5071519,457525991576400,457526090436900,2026-10-05T05:59:58.189448+00:00,2026-10-05T05:59:58.288408+00:00,
3,T004,SMILE_BOTH,task,60,8,9,7,10,L5,R5,R4,L6,10000,600.0,-7.0,3.0,7.615773105863909,156.80140948635182,84.5074034,84.6090138,457526090688400,457526192298800,2026-10-05T05:59:58.288408+00:00,2026-10-05T05:59:58.390491+00:00,
3,T004,SMILE_BOTH,task,61,8,7,5,10,L5,R4,R3,L6,10000,600.0,-4.0,-7.0,8.06225774829855,-119.74488129694222,84.609346,84.7090669,457526192631000,457526292351900,2026-10-05T05:59:58.390491+00:00,2026-10-05T05:59:58.489311+00:00,
3,T004,SMILE_BOTH,task,62,8,5,3,10,L5,R3,R2,L6,10000,600.0,-1.0,-3.0,3.1622776601683795,-108.43494882292202,84.7093024,84.8151598,457526292587400,457526398444800,2026-10-05T05:59:58.489311+00:00,2026-10-05T05:59:58.596454+00:00,
3,T004,SMILE_BOTH,task,63,8,3,1,10,L5,R2,R1,L6,10000,600.0,-18.0,23.0,29.206163733020468,128.04704253182607,84.8154112,84.9200689,457526398696200,457526503353900,2026-10-05T05:59:58.596454+00:00,2026-10-05T05:59:58.699219+00:00,
3,T004,SMILE_BOTH,task,64,8,1,0,10,L5,R1,L1,L6,10000,600.0,33.0,-63.0,71.11961754677819,-62.35402463626132,84.9203148,85.0171242,457526503599800,457526600409200,2026-10-05T05:59:58.699219+00:00,2026-10-05T05:59:58.798460+00:00,
3,T004,SMILE_BOTH,task,65,10,0,2,12,L6,L1,L2,L7,10000,600.0,26.0,-51.0,57.245087125446844,-62.98733465206146,85.0173661,85.1151395,457526600651100,457526698424500,2026-10-05T05:59:58.798460+00:00,2026-10-05T05:59:58.890799+00:00,
3,T004,SMILE_BOTH,task,66,10,2,4,12,L6,L2,L3,L7,10000,600.0,20.0,-46.0,50.15974481593781,-66.5014343240479,85.1153822,85.2152264,457526698667200,457526798511400,2026-10-05T05:59:58.890799+00:00,2026-10-05T05:59:58.991062+00:00,
3,T004,SMILE_BOTH,task,67,10,4,6,12,L6,L3,L4,L7,10000,600.0,-9.0,31.0,32.28002478313795,106.18920625702695,85.2154589,85.3129901,457526798743900,457526896275100,2026-10-05T05:59:58.991062+00:00,2026-10-05T05:59:59.089084+00:00,
3,T004,SMILE_BOTH,task,68,10,6,8,12,L6,L4,L5,L7,10000,600.0,106.0,-220.0,244.20483205702544,-64.27438735663432,85.3132587,85.4162251,457526896543700,457526999510100,2026-10-05T05:59:59.089084+00:00,2026-10-05T05:59:59.191627+00:00,
3,T004,SMILE_BOTH,task,69,10,14,15,12,L6,L8,R8,L7,10000,600.0,156.0,-328.0,363.2079294288603,-64.56378361958265,85.4164354,85.5130416,457526999720400,457527096326600,2026-10-05T05:59:59.191627+00:00,2026-10-05T05:59:59.289018+00:00,
3,T004,SMILE_BOTH,task,70,10,15,13,12,L6,R8,R7,L7,10000,600.0,33.0,-63.0,71.11961754677819,-62.35402463626132,85.5132855,85.6161221,457527096570500,457527199407100,2026-10-05T05:59:59.289018+00:00,2026-10-05T05:59:59.389114+00:00,
3,T004,SMILE_BOTH,task,71,10,13,11,12,L6,R7,R6,L7,10000,600.0,17.0,-38.0,41.6293165929973,-65.89776549883887,85.6163828,85.7212966,457527199667800,457527304581600,2026-10-05T05:59:59.389114+00:00,2026-10-05T05:59:59.499356+00:00,
3,T004,SMILE_BOTH,task,72,10,11,9,12,L6,R6,R5,L7,10000,600.0,7.0,-19.0,20.248456731316587,-69.77514056883192,85.7215831,85.8211346,457527304868100,457527404419600,2026-10-05T05:59:59.499356+00:00,2026-10-05T05:59:59.599223+00:00,
3,T004,SMILE_BOTH,task,73,10,9,7,12,L6,R5,R4,L7,10000,600.0,5.0,-11.0,12.083045973594572,-65.55604521958347,85.8214126,85.9171571,457527404697600,457527500442100,2026-10-05T05:59:59.599223+00:00,2026-10-05T05:59:59.689635+00:00,
3,T004,SMILE_BOTH,task,74,10,7,5,12,L6,R4,R3,L7,10000,600.0,-9.0,5.0,10.295630140987,150.94539590092285,85.9173963,86.0150509,457527500681300,457527598335900,2026-10-05T05:59:59.689635+00:00,2026-10-05T05:59:59.791308+00:00,
3,T004,SMILE_BOTH,task,75,10,5,3,12,L6,R3,R2,L7,10000,600.0,1.0,-2.0,2.23606797749979,-63.43494882292201,86.015315,86.1153495,457527598600000,457527698634500,2026-10-05T05:59:59.791308+00:00,2026-10-05T05:59:59.893316+00:00,
3,T004,SMILE_BOTH,task,76,10,3,1,12,L6,R2,R1,L7,10000,600.0,-17.0,40.0,43.46262762420146,113.02549200852803,86.1155961,86.2142013,457527698881100,457527797486300,2026-10-05T05:59:59.893316+00:00,2026-10-05T05:59:59.992631+00:00,
3,T004,SMILE_BOTH,task,77,10,1,0,12,L6,R1,L1,L7,10000,600.0,15.0,-43.0,45.5411901469428,-70.76932762433871,86.2144634,86.3140198,457527797748400,457527897304800,2026-10-05T05:59:59.992631+00:00,2026-10-05T06:00:00.093304+00:00,
3,T004,SMILE_BOTH,task,78,12,0,2,14,L7,L1,L2,L8,10000,600.0,1.0,-9.0,9.055385138137417,-83.6598082540901,86.3142767,86.4142114,457527897561700,457527997496400,2026-10-05T06:00:00.093304+00:00,2026-10-05T06:00:00.193399+00:00,
3,T004,SMILE_BOTH,task,79,12,2,4,14,L7,L2,L3,L8,10000,600.0,12.0,-28.0,30.463092423455635,-66.80140948635182,86.4144598,86.5121376,457527997744800,457528095422600,2026-10-05T06:00:00.193399+00:00,2026-10-05T06:00:00.290229+00:00,
3,T004,SMILE_BOTH,task,80,12,4,6,14,L7,L3,L4,L8,10000,600.0,-18.0,35.0,39.35733730830886,117.21611155730749,86.5123721,86.6110899,457528095657100,457528194374900,2026-10-05T06:00:00.290229+00:00,2026-10-05T06:00:00.392202+00:00,
3,T004,SMILE_BOTH,task,81,12,6,8,14,L7,L4,L5,L8,10000,600.0,55.0,-107.0,120.30793822520607,-62.79598892393039,86.6113712,86.7072096,457528194656200,457528290494600,2026-10-05T06:00:00.392202+00:00,2026-10-05T06:00:00.488506+00:00,
3,T004,SMILE_BOTH,task,82,12,8,10,14,L7,L5,L6,L8,10000,600.0,119.0,-226.0,255.41534801182172,-62.231011590975356,86.7074447,86.8051898,457528290729700,457528388474800,2026-10-05T06:00:00.488506+00:00,2026-10-05T06:00:00.579110+00:00,
3,T004,SMILE_BOTH,task,83,12,15,13,14,L7,R8,R7,L8,10000,600.0,96.0,-176.0,200.47942537826668,-61.38954033403479,86.8054273,86.904133,457528388712300,457528487418000,2026-10-05T06:00:00.579110+00:00,2026-10-05T06:00:00.679203+00:00,
3,T004,SMILE_BOTH,task,84,12,13,11,14,L7,R7,R6,L8,10000,600.0,40.0,-75.0,85.0,-61.92751306414704,86.9043664,87.004214,457528487651400,457528587499000,2026-10-05T06:00:00.679203+00:00,2026-10-05T06:00:00.779459+00:00,
3,T004,SMILE_BOTH,task,85,12,11,9,14,L7,R6,R5,L8,10000,600.0,19.0,-33.0,38.07886552931954,-60.06848815949221,87.0044816,87.112022,457528587766600,457528695307000,2026-10-05T06:00:00.779459+00:00,2026-10-05T06:00:00.893164+00:00,
3,T004,SMILE_BOTH,task,86,12,9,7,14,L7,R5,R4,L8,10000,600.0,5.0,-14.0,14.866068747318506,-70.3461759419467,87.1122889,87.210063,457528695573900,457528793348000,2026-10-05T06:00:00.893164+00:00,2026-10-05T06:00:00.989349+00:00,
3,T004,SMILE_BOTH,task,87,12,7,5,14,L7,R4,R3,L8,10000,600.0,-9.0,3.0,9.486832980505138,161.565051177078,87.2103307,87.3150385,457528793615700,457528898323500,2026-10-05T06:00:00.989349+00:00,2026-10-05T06:00:01.096129+00:00,
3,T004,SMILE_BOTH,task,88,12,5,3,14,L7,R3,R2,L8,10000,600.0,1.0,-4.0,4.123105625617661,-75.96375653207353,87.3152958,87.4142,457528898580800,457528997485000,2026-10-05T06:00:01.096129+00:00,2026-10-05T06:00:01.189170+00:00,
3,T004,SMILE_BOTH,task,89,12,3,1,14,L7,R2,R1,L8,10000,600.0,-17.0,28.0,32.7566787083184,121.26373169437744,87.414437,87.5120316,457528997722000,457529095316600,2026-10-05T06:00:01.189170+00:00,2026-10-05T06:00:01.292945+00:00,
3,T004,SMILE_BOTH,task,90,12,1,0,14,L7,R1,L1,L8,10000,600.0,32.0,-57.0,65.36818798161687,-60.68999292908387,87.5122796,87.6268137,457529095564600,457529210098700,2026-10-05T06:00:01.292945+00:00,2026-10-05T06:00:01.407908+00:00,
3,T004,SMILE_BOTH,task,91,14,0,2,15,L8,L1,L2,R8,10000,600.0,-1.0,-3.0,3.1622776601683795,-108.43494882292202,87.6270952,87.727035,457529210380200,457529310320000,2026-10-05T06:00:01.407908+00:00,2026-10-05T06:00:01.508351+00:00,
3,T004,SMILE_BOTH,task,92,14,2,4,15,L8,L2,L3,R8,10000,600.0,11.0,-27.0,29.154759474226502,-67.83365417791754,87.7274048,87.825067,457529310689800,457529408352000,2026-10-05T06:00:01.508351+00:00,2026-10-05T06:00:01.605845+00:00,
3,T004,SMILE_BOTH,task,93,14,4,6,15,L8,L3,L4,R8,10000,600.0,-16.0,33.0,36.6742416417845,115.86635679409451,87.8253118,87.9230706,457529408596800,457529506355600,2026-10-05T06:00:01.605845+00:00,2026-10-05T06:00:01.703885+00:00,
3,T004,SMILE_BOTH,task,94,14,6,8,15,L8,L4,L5,R8,10000,600.0,39.0,-83.0,91.706052144883,-64.8321298502184,87.9233301,88.0200498,457529506615100,457529603334800,2026-10-05T06:00:01.703885+00:00,2026-10-05T06:00:01.801392+00:00,
3,T004,SMILE_BOTH,task,95,14,8,10,15,L8,L5,L6,R8,10000,600.0,34.0,-73.0,80.52949770115296,-65.0260890941166,88.0203012,88.1161418,457529603586200,457529699426800,2026-10-05T06:00:01.801392+00:00,2026-10-05T06:00:01.891114+00:00,
3,T004,SMILE_BOTH,task,96,14,10,12,15,L8,L6,L7,R8,10000,600.0,172.0,-336.0,377.46523018683456,-62.89187712919823,88.1164063,88.2151968,457529699691300,457529798481800,2026-10-05T06:00:01.891114+00:00,2026-10-05T06:00:01.989343+00:00,
3,T004,SMILE_BOTH,task,97,14,13,11,15,L8,R7,R6,R8,10000,600.0,192.0,-373.0,419.5151963874491,-62.76306749532738,88.2154592,88.3130889,457529798744200,457529896373900,2026-10-05T06:00:01.989343+00:00,2026-10-05T06:00:02.091281+00:00,
3,T004,SMILE_BOTH,task,98,14,11,9,15,L8,R6,R5,R8,10000,600.0,53.0,-98.0,111.4136436887332,-61.59475356652923,88.3133171,88.4131378,457529896602100,457529996422800,2026-10-05T06:00:02.091281+00:00,2026-10-05T06:00:02.191470+00:00,
3,T004,SMILE_BOTH,task,99,14,9,7,15,L8,R5,R4,R8,10000,600.0,27.0,-53.0,59.481089431852205,-63.00416160591338,88.4134258,88.5111279,457529996710800,457530094412900,2026-10-05T06:00:02.191470+00:00,2026-10-05T06:00:02.292327+00:00,
3,T004,SMILE_BOTH,task,100,14,7,5,15,L8,R4,R3,R8,10000,600.0,-18.0,20.0,26.90724809414742,131.98721249581666,88.5113595,88.6080072,457530094644500,457530191292200,2026-10-05T06:00:02.292327+00:00,2026-10-05T06:00:02.389450+00:00,
3,T004,SMILE_BOTH,task,101,14,5,3,15,L8,R3,R2,R8,10000,600.0,6.0,-12.0,13.416407864998739,-63.43494882292201,88.6082793,88.705126,457530191564300,457530288411000,2026-10-05T06:00:02.389450+00:00,2026-10-05T06:00:02.479512+00:00,
3,T004,SMILE_BOTH,task,102,14,3,1,15,L8,R2,R1,R8,10000,600.0,-11.0,22.0,24.596747752497688,116.56505117707799,88.7053792,88.8021295,457530288664200,457530385414500,2026-10-05T06:00:02.479512+00:00,2026-10-05T06:00:02.579535+00:00,
3,T004,SMILE_BOTH,task,103,14,1,0,15,L8,R1,L1,R8,10000,600.0,37.0,-75.0,83.6301381082203,-63.74134044519272,88.8023743,88.9001323,457530385659300,457530483417300,2026-10-05T06:00:02.579535+00:00,2026-10-05T06:00:02.679160+00:00,
3,T004,SMILE_BOTH,task,104,15,0,2,13,R8,L1,L2,R7,10000,600.0,0.0,-3.0,3.0,-90.0,88.9003768,88.9989949,457530483661800,457530582279900,2026-10-05T06:00:02.679160+00:00,2026-10-05T06:00:02.779534+00:00,
3,T004,SMILE_BOTH,task,105,15,2,4,13,R8,L2,L3,R7,10000,600.0,5.0,-13.0,13.92838827718412,-68.96248897457819,88.9992567,89.0980672,457530582541700,457530681352200,2026-10-05T06:00:02.779534+00:00,2026-10-05T06:00:02.879394+00:00,
3,T004,SMILE_BOTH,task,106,15,4,6,13,R8,L3,L4,R7,10000,600.0,-5.0,11.0,12.083045973594572,114.44395478041653,89.0983043,89.1951393,457530681589300,457530778424300,2026-10-05T06:00:02.879394+00:00,2026-10-05T06:00:02.973406+00:00,
3,T004,SMILE_BOTH,task,107,15,6,8,13,R8,L4,L5,R7,10000,600.0,14.0,-32.0,34.92849839314596,-66.37062226934319,89.1954019,89.2930862,457530778686900,457530876371200,2026-10-05T06:00:02.973406+00:00,2026-10-05T06:00:03.074455+00:00,
3,T004,SMILE_BOTH,task,108,15,8,10,13,R8,L5,L6,R7,10000,600.0,10.0,-24.0,26.0,-67.38013505195957,89.293484,89.3900144,457530876769000,457530973299400,2026-10-05T06:00:03.074455+00:00,2026-10-05T06:00:03.171110+00:00,
3,T004,SMILE_BOTH,task,109,15,10,12,13,R8,L6,L7,R7,10000,600.0,40.0,-67.0,78.03204469959762,-59.162168055312755,89.3903007,89.4871344,457530973585700,457531070419400,2026-10-05T06:00:03.171110+00:00,2026-10-05T06:00:03.259098+00:00,
3,T004,SMILE_BOTH,task,110,15,12,14,13,R8,L7,L8,R7,10000,600.0,93.0,-177.0,199.9449924354196,-62.28149837181665,89.487395,89.5851258,457531070680000,457531168410800,2026-10-05T06:00:03.259098+00:00,2026-10-05T06:00:03.359241+00:00,
3,T004,SMILE_BOTH,task,111,15,11,9,13,R8,R6,R5,R7,10000,600.0,112.0,-200.0,229.22478051031044,-60.751173663453024,89.585358,89.6832051,457531168643000,457531266490100,2026-10-05T06:00:03.359241+00:00,2026-10-05T06:00:03.461728+00:00,
3,T004,SMILE_BOTH,task,112,15,9,7,13,R8,R5,R4,R7,10000,600.0,34.0,-66.0,74.24284477308234,-62.74467162505693,89.6834563,89.7913324,457531266741300,457531374617400,2026-10-05T06:00:03.461728+00:00,2026-10-05T06:00:03.571389+00:00,
3,T004,SMILE_BOTH,task,113,15,7,5,13,R8,R4,R3,R7,10000,600.0,-20.0,24.0,31.240998703626616,129.8055710922652,89.7915835,89.8912139,457531374868500,457531474498900,2026-10-05T06:00:03.571389+00:00,2026-10-05T06:00:03.670972+00:00,
3,T004,SMILE_BOTH,task,114,15,5,3,13,R8,R3,R2,R7,10000,600.0,6.0,-12.0,13.416407864998739,-63.43494882292201,89.8914519,89.9892949,457531474736900,457531572579900,2026-10-05T06:00:03.670972+00:00,2026-10-05T06:00:03.769546+00:00,
3,T004,SMILE_BOTH,task,115,15,3,1,13,R8,R2,R1,R7,10000,600.0,-13.0,21.0,24.698178070456937,121.75948008481281,89.9895251,90.087127,457531572810100,457531670412000,2026-10-05T06:00:03.769546+00:00,2026-10-05T06:00:03.861301+00:00,
3,T004,SMILE_BOTH,task,116,15,1,0,13,R8,R1,L1,R7,10000,600.0,30.0,-56.0,63.52952069707436,-61.82140989004083,90.0873773,90.1851257,457531670662300,457531768410700,2026-10-05T06:00:03.861301+00:00,2026-10-05T06:00:03.958970+00:00,
3,T004,SMILE_BOTH,task,117,13,0,2,11,R7,L1,L2,R6,10000,600.0,-14.0,20.0,24.413111231467404,124.99202019855868,90.1853826,90.2841989,457531768667600,457531867483900,2026-10-05T06:00:03.958970+00:00,2026-10-05T06:00:04.059311+00:00,
3,T004,SMILE_BOTH,task,118,13,2,4,11,R7,L2,L3,R6,10000,600.0,2.0,-15.0,15.132745950421556,-82.40535663140857,90.2844454,90.3841404,457531867730400,457531967425400,2026-10-05T06:00:04.059311+00:00,2026-10-05T06:00:04.162062+00:00,
3,T004,SMILE_BOTH,task,119,13,4,6,11,R7,L3,L4,R6,10000,600.0,-12.0,23.0,25.942243542145693,117.5528115767178,90.3843918,90.4840289,457531967676800,457532067313900,2026-10-05T06:00:04.162062+00:00,2026-10-05T06:00:04.259027+00:00,
3,T004,SMILE_BOTH,task,120,13,6,8,11,R7,L4,L5,R6,10000,600.0,16.0,-40.0,43.08131845707603,-68.19859051364818,90.4843517,90.5842296,457532067636700,457532167514600,2026-10-05T06:00:04.259027+00:00,2026-10-05T06:00:04.359028+00:00,
3,T004,SMILE_BOTH,task,121,13,8,10,11,R7,L5,L6,R6,10000,600.0,-3.0,-8.0,8.54400374531753,-110.55604521958347,90.584475,90.6820298,457532167760000,457532265314800,2026-10-05T06:00:04.359028+00:00,2026-10-05T06:00:04.459258+00:00,
3,T004,SMILE_BOTH,task,122,13,10,12,11,R7,L6,L7,R6,10000,600.0,22.0,-47.0,51.894122981316485,-64.91640599380908,90.6822914,90.7780114,457532265576400,457532361296400,2026-10-05T06:00:04.459258+00:00,2026-10-05T06:00:04.559242+00:00,
3,T004,SMILE_BOTH,task,123,13,12,14,11,R7,L7,L8,R6,10000,600.0,31.0,-78.0,83.93449827097318,-68.32535088097586,90.7782652,90.8790207,457532361550200,457532462305700,2026-10-05T06:00:04.559242+00:00,2026-10-05T06:00:04.659335+00:00,
3,T004,SMILE_BOTH,task,124,13,14,15,11,R7,L8,R8,R6,10000,600.0,156.0,-376.0,407.07738821997964,-67.46674992099574,90.8792523,90.9760241,457532462537300,457532559309100,2026-10-05T06:00:04.659335+00:00,2026-10-05T06:00:04.755213+00:00,
3,T004,SMILE_BOTH,task,125,13,9,7,11,R7,R5,R4,R6,10000,600.0,33.0,-79.0,85.61541917201598,-67.32865637801915,90.9762654,91.0749958,457532559550400,457532658280800,2026-10-05T06:00:04.755213+00:00,2026-10-05T06:00:04.856003+00:00,
3,T004,SMILE_BOTH,task,126,13,7,5,11,R7,R4,R3,R6,10000,600.0,-5.0,-1.0,5.0990195135927845,-168.6900675259798,91.07525,91.173098,457532658535000,457532756383000,2026-10-05T06:00:04.856003+00:00,2026-10-05T06:00:04.953903+00:00,
3,T004,SMILE_BOTH,task,127,13,5,3,11,R7,R3,R2,R6,10000,600.0,6.0,-18.0,18.973665961010276,-71.56505117707799,91.1733597,91.2750241,457532756644700,457532858309100,2026-10-05T06:00:04.953903+00:00,2026-10-05T06:00:05.055826+00:00,
3,T004,SMILE_BOTH,task,128,13,3,1,11,R7,R2,R1,R6,10000,600.0,-5.0,-9.0,10.295630140987,-119.05460409907714,91.2752724,91.370338,457532858557400,457532953623000,2026-10-05T06:00:05.055826+00:00,2026-10-05T06:00:05.149558+00:00,
3,T004,SMILE_BOTH,task,129,13,1,0,11,R7,R1,L1,R6,10000,600.0,32.0,-56.0,64.4980619863884,-60.25511870305778,91.3706343,91.4669906,457532953919300,457533050275600,2026-10-05T06:00:05.149558+00:00,2026-10-05T06:00:05.241323+00:00,
3,T004,SMILE_BOTH,task,130,11,0,2,9,R6,L1,L2,R5,10000,600.0,-2.0,-3.0,3.605551275463989,-123.69006752597979,91.4672663,91.5662291,457533050551300,457533149514100,2026-10-05T06:00:05.241323+00:00,2026-10-05T06:00:05.339364+00:00,
3,T004,SMILE_BOTH,task,131,11,2,4,9,R6,L2,L3,R5,10000,600.0,4.0,-20.0,20.396078054371138,-78.69006752597979,91.5664806,91.6631116,457533149765600,457533246396600,2026-10-05T06:00:05.339364+00:00,2026-10-05T06:00:05.442856+00:00,
3,T004,SMILE_BOTH,task,132,11,4,6,9,R6,L3,L4,R5,10000,600.0,2.0,-6.0,6.324555320336759,-71.56505117707799,91.6634638,91.7591216,457533246748800,457533342406600,2026-10-05T06:00:05.442856+00:00,2026-10-05T06:00:05.539335+00:00,
3,T004,SMILE_BOTH,task,133,11,6,8,9,R6,L4,L5,R5,10000,600.0,3.0,-15.0,15.297058540778355,-78.69006752597979,91.7593644,91.8680611,457533342649400,457533451346100,2026-10-05T06:00:05.539335+00:00,2026-10-05T06:00:05.649321+00:00,
3,T004,SMILE_BOTH,task,134,11,8,10,9,R6,L5,L6,R5,10000,600.0,4.0,-31.0,31.25699921617557,-82.64762064010765,91.8682868,91.9700648,457533451571800,457533553349800,2026-10-05T06:00:05.649321+00:00,2026-10-05T06:00:05.749399+00:00,
3,T004,SMILE_BOTH,task,135,11,10,12,9,R6,L6,L7,R5,10000,600.0,7.0,-21.0,22.135943621178654,-71.56505117707799,91.9703082,92.0679907,457533553593200,457533651275700,2026-10-05T06:00:05.749399+00:00,2026-10-05T06:00:05.849273+00:00,
3,T004,SMILE_BOTH,task,136,11,12,14,9,R6,L7,L8,R5,10000,600.0,9.0,-29.0,30.364452901377952,-72.75854060106002,92.0682169,92.1661357,457533651501900,457533749420700,2026-10-05T06:00:05.849273+00:00,2026-10-05T06:00:05.939687+00:00,
3,T004,SMILE_BOTH,task,137,11,14,15,9,R6,L8,R8,R5,10000,600.0,33.0,-92.0,97.73944955850733,-70.267310500339,92.1663898,92.2653198,457533749674800,457533848604800,2026-10-05T06:00:05.939687+00:00,2026-10-05T06:00:06.043769+00:00,
3,T004,SMILE_BOTH,task,138,11,15,13,9,R6,R8,R7,R5,10000,600.0,68.0,-186.0,198.04039991880444,-69.91802251581925,92.2655641,92.3731284,457533848849100,457533956413400,2026-10-05T06:00:06.043769+00:00,2026-10-05T06:00:06.149282+00:00,
3,T004,SMILE_BOTH,task,139,11,7,5,9,R6,R4,R3,R5,10000,600.0,-132.0,345.0,369.3900377649619,110.93728527427466,92.3733683,92.4711417,457533956653300,457534054426700,2026-10-05T06:00:06.149282+00:00,2026-10-05T06:00:06.249518+00:00,
3,T004,SMILE_BOTH,task,140,11,5,3,9,R6,R3,R2,R5,10000,600.0,70.0,-190.0,202.48456731316588,-69.77514056883192,92.4713897,92.5690243,457534054674700,457534152309300,2026-10-05T06:00:06.249518+00:00,2026-10-05T06:00:06.349164+00:00,
3,T004,SMILE_BOTH,task,141,11,3,1,9,R6,R2,R1,R5,10000,600.0,38.0,-134.0,139.2838827718412,-74.1676133795778,92.5692928,92.6671426,457534152577800,457534250427600,2026-10-05T06:00:06.349164+00:00,2026-10-05T06:00:06.444760+00:00,
3,T004,SMILE_BOTH,task,142,11,1,0,9,R6,R1,L1,R5,10000,600.0,37.0,-82.0,89.96110270555825,-65.71417484434872,92.6673939,92.7671329,457534250678900,457534350417900,2026-10-05T06:00:06.444760+00:00,2026-10-05T06:00:06.539419+00:00,
3,T004,SMILE_BOTH,task,143,9,0,2,7,R5,L1,L2,R4,10000,600.0,-23.0,58.0,62.39390995922599,111.63088683651792,92.767377,92.8702099,457534350662000,457534453494900,2026-10-05T06:00:06.539419+00:00,2026-10-05T06:00:06.649369+00:00,
3,T004,SMILE_BOTH,task,144,9,2,4,7,R5,L2,L3,R4,10000,600.0,0.0,-11.0,11.0,-90.0,92.8704592,92.9671319,457534453744200,457534550416900,2026-10-05T06:00:06.649369+00:00,2026-10-05T06:00:06.740218+00:00,
3,T004,SMILE_BOTH,task,145,9,4,6,7,R5,L3,L4,R4,10000,600.0,-20.0,56.0,59.464274989274024,109.6538240580533,92.9673745,93.0712123,457534550659500,457534654497300,2026-10-05T06:00:06.740218+00:00,2026-10-05T06:00:06.849291+00:00,
3,T004,SMILE_BOTH,task,146,9,6,8,7,R5,L4,L5,R4,10000,600.0,20.0,-66.0,68.96375859826666,-73.14160123226172,93.0714514,93.1690254,457534654736400,457534752310400,2026-10-05T06:00:06.849291+00:00,2026-10-05T06:00:06.949574+00:00,
3,T004,SMILE_BOTH,task,147,9,8,10,7,R5,L5,L6,R4,10000,600.0,-6.0,-4.0,7.211102550927978,-146.30993247402023,93.1693162,93.2700129,457534752601200,457534853297900,2026-10-05T06:00:06.950578+00:00,2026-10-05T06:00:07.049492+00:00,
3,T004,SMILE_BOTH,task,148,9,10,12,7,R5,L6,L7,R4,10000,600.0,7.0,-21.0,22.135943621178654,-71.56505117707799,93.2702619,93.3700278,457534853546900,457534953312800,2026-10-05T06:00:07.049492+00:00,2026-10-05T06:00:07.149101+00:00,
3,T004,SMILE_BOTH,task,149,9,12,14,7,R5,L7,L8,R4,10000,600.0,-1.0,-17.0,17.029386365926403,-93.3664606634298,93.3702612,93.4679981,457534953546200,457535051283100,2026-10-05T06:00:07.149101+00:00,2026-10-05T06:00:07.249271+00:00,
3,T004,SMILE_BOTH,task,150,9,14,15,7,R5,L8,R8,R4,10000,600.0,13.0,-52.0,53.600373133029585,-75.96375653207353,93.4682378,93.5671447,457535051522800,457535150429700,2026-10-05T06:00:07.249271+00:00,2026-10-05T06:00:07.347840+00:00,
3,T004,SMILE_BOTH,task,151,9,15,13,7,R5,R8,R7,R4,10000,600.0,14.0,-63.0,64.53681120105021,-77.47119229084849,93.5673819,93.6661994,457535150666900,457535249484400,2026-10-05T06:00:07.347840+00:00,2026-10-05T06:00:07.444814+00:00,
3,T004,SMILE_BOTH,task,152,9,13,11,7,R5,R7,R6,R4,10000,600.0,15.0,-72.0,73.54590403278758,-78.23171106797936,93.6664561,93.7680571,457535249741100,457535351342100,2026-10-05T06:00:07.444814+00:00,2026-10-05T06:00:07.549456+00:00,
3,T004,SMILE_BOTH,task,153,9,5,3,7,R5,R3,R2,R4,10000,600.0,-82.0,248.0,261.20490041344937,108.29621839303441,93.7682829,93.8679924,457535351567900,457535451277400,2026-10-05T06:00:07.549456+00:00,2026-10-05T06:00:07.649216+00:00,
3,T004,SMILE_BOTH,task,154,9,3,1,7,R5,R2,R1,R4,10000,600.0,-14.0,25.0,28.653097563788805,119.24882633654698,93.8682224,93.9679865,457535451507400,457535551271500,2026-10-05T06:00:07.649216+00:00,2026-10-05T06:00:07.749209+00:00,
3,T004,SMILE_BOTH,task,155,9,1,0,7,R5,R1,L1,R4,10000,600.0,16.0,-11.0,19.4164878389476,-34.5085229876684,93.9682434,94.0640018,457535551528400,457535647286800,2026-10-05T06:00:07.749209+00:00,2026-10-05T06:00:07.844747+00:00,
3,T004,SMILE_BOTH,task,156,7,0,2,5,R4,L1,L2,R3,10000,600.0,1.0,-32.0,32.01562118716424,-88.21008939175394,94.0642292,94.1630224,457535647514200,457535746307400,2026-10-05T06:00:07.844747+00:00,2026-10-05T06:00:07.944268+00:00,
3,T004,SMILE_BOTH,task,157,7,2,4,5,R4,L2,L3,R3,10000,600.0,-3.0,-6.0,6.708203932499369,-116.56505117707799,94.1632873,94.2610188,457535746572300,457535844303800,2026-10-05T06:00:07.944268+00:00,2026-10-05T06:00:08.040162+00:00,
3,T004,SMILE_BOTH,task,158,7,4,6,5,R4,L3,L4,R3,10000,600.0,3.0,-36.0,36.124783736376884,-85.23635830927383,94.26129,94.361021,457535844575000,457535944306000,2026-10-05T06:00:08.040162+00:00,2026-10-05T06:00:08.141745+00:00,
3,T004,SMILE_BOTH,task,159,7,6,8,5,R4,L4,L5,R3,10000,600.0,-1.0,15.0,15.033296378372908,93.81407483429037,94.3613487,94.4590204,457535944633700,457536042305400,2026-10-05T06:00:08.142745+00:00,2026-10-05T06:00:08.239098+00:00,
3,T004,SMILE_BOTH,task,160,7,8,10,5,R4,L5,L6,R3,10000,600.0,-5.0,-3.0,5.830951894845301,-149.03624346792648,94.4592797,94.5590665,457536042564700,457536142351500,2026-10-05T06:00:08.239098+00:00,2026-10-05T06:00:08.340074+00:00,
3,T004,SMILE_BOTH,task,161,7,10,12,5,R4,L6,L7,R3,10000,600.0,0.0,3.0,3.0,90.0,94.5593863,94.6561262,457536142671300,457536239411200,2026-10-05T06:00:08.340074+00:00,2026-10-05T06:00:08.429267+00:00,
3,T004,SMILE_BOTH,task,162,7,12,14,5,R4,L7,L8,R3,10000,600.0,-6.0,6.0,8.48528137423857,135.0,94.6563745,94.7541337,457536239659500,457536337418700,2026-10-05T06:00:08.429267+00:00,2026-10-05T06:00:08.529464+00:00,
3,T004,SMILE_BOTH,task,163,7,14,15,5,R4,L8,R8,R3,10000,600.0,-6.0,19.0,19.924858845171276,107.52556837372288,94.7543614,94.8531283,457536337646400,457536436413300,2026-10-05T06:00:08.529464+00:00,2026-10-05T06:00:08.629248+00:00,
3,T004,SMILE_BOTH,task,164,7,15,13,5,R4,R8,R7,R3,10000,600.0,-8.0,21.0,22.47220505424423,110.85445803957835,94.8533759,94.9531399,457536436660900,457536536424900,2026-10-05T06:00:08.629248+00:00,2026-10-05T06:00:08.729051+00:00,
3,T004,SMILE_BOTH,task,165,7,13,11,5,R4,R7,R6,R3,10000,600.0,-8.0,8.0,11.313708498984761,135.0,94.9533708,95.0500314,457536536655800,457536633316400,2026-10-05T06:00:08.729051+00:00,2026-10-05T06:00:08.829275+00:00,
3,T004,SMILE_BOTH,task,166,7,11,9,5,R4,R6,R5,R3,10000,600.0,-63.0,303.0,309.48020938341114,101.74563342528795,95.0502746,95.1532006,457536633559600,457536736485600,2026-10-05T06:00:08.829275+00:00,2026-10-05T06:00:08.929120+00:00,
3,T004,SMILE_BOTH,task,167,7,3,1,5,R4,R2,R1,R3,10000,600.0,55.0,-431.0,434.4951092935339,-82.72777814695692,95.153466,95.2490342,457536736751000,457536832319200,2026-10-05T06:00:08.929120+00:00,2026-10-05T06:00:09.029374+00:00,
3,T004,SMILE_BOTH,task,168,7,1,0,5,R4,R1,L1,R3,10000,600.0,42.0,-99.0,107.54068997360952,-67.01128319791937,95.2492885,95.3459965,457536832573500,457536929281500,2026-10-05T06:00:09.029374+00:00,2026-10-05T06:00:09.122163+00:00,
3,T004,SMILE_BOTH,task,169,5,0,2,3,R3,L1,L2,R2,10000,600.0,-13.0,28.0,30.870698080866262,114.90476880809518,95.3462296,95.4451417,457536929514600,457537028426700,2026-10-05T06:00:09.122163+00:00,2026-10-05T06:00:09.223103+00:00,
3,T004,SMILE_BOTH,task,170,5,2,4,3,R3,L2,L3,R2,10000,600.0,2.0,-19.0,19.1049731745428,-83.99099404250548,95.4453868,95.5410307,457537028671800,457537124315700,2026-10-05T06:00:09.223103+00:00,2026-10-05T06:00:09.320321+00:00,
3,T004,SMILE_BOTH,task,171,5,4,6,3,R3,L3,L4,R2,10000,600.0,0.0,-9.0,9.0,-90.0,95.5412753,95.6389963,457537124560300,457537222281300,2026-10-05T06:00:09.320321+00:00,2026-10-05T06:00:09.420436+00:00,
3,T004,SMILE_BOTH,task,172,5,6,8,3,R3,L4,L5,R2,10000,600.0,-2.0,-7.0,7.280109889280518,-105.94539590092286,95.6392694,95.7362269,457537222554400,457537319511900,2026-10-05T06:00:09.420436+00:00,2026-10-05T06:00:09.509159+00:00,
3,T004,SMILE_BOTH,task,173,5,8,10,3,R3,L5,L6,R2,10000,600.0,-6.0,-5.0,7.810249675906654,-140.19442890773482,95.7364608,95.8339884,457537319745800,457537417273400,2026-10-05T06:00:09.509159+00:00,2026-10-05T06:00:09.615248+00:00,
3,T004,SMILE_BOTH,task,174,5,10,12,3,R3,L6,L7,R2,10000,600.0,2.0,-9.0,9.219544457292887,-77.47119229084849,95.8342168,95.933302,457537417501800,457537516587000,2026-10-05T06:00:09.615248+00:00,2026-10-05T06:00:09.709369+00:00,
3,T004,SMILE_BOTH,task,175,5,12,14,3,R3,L7,L8,R2,10000,600.0,-6.0,-4.0,7.211102550927978,-146.30993247402023,95.9335341,96.0320681,457537516819100,457537615353100,2026-10-05T06:00:09.709369+00:00,2026-10-05T06:00:09.813133+00:00,
3,T004,SMILE_BOTH,task,176,5,14,15,3,R3,L8,R8,R2,10000,600.0,-1.0,-14.0,14.035668847618199,-94.08561677997488,96.0322927,96.1312693,457537615577700,457537714554300,2026-10-05T06:00:09.813133+00:00,2026-10-05T06:00:09.909463+00:00,
3,T004,SMILE_BOTH,task,177,5,15,13,3,R3,R8,R7,R2,10000,600.0,-3.0,-14.0,14.317821063276353,-102.0947570770121,96.1315059,96.2322194,457537714790900,457537815504400,2026-10-05T06:00:09.909463+00:00,2026-10-05T06:00:10.013644+00:00,
3,T004,SMILE_BOTH,task,178,5,13,11,3,R3,R7,R6,R2,10000,600.0,-8.0,-13.0,15.264337522473747,-121.60750224624891,96.232451,96.3312325,457537815736000,457537914517500,2026-10-05T06:00:10.013644+00:00,2026-10-05T06:00:10.109229+00:00,
3,T004,SMILE_BOTH,task,179,5,11,9,3,R3,R6,R5,R2,10000,600.0,21.0,-185.0,186.18807695446023,-83.52387546164881,96.3316182,96.4322051,457537914903200,457538015490100,2026-10-05T06:00:10.109229+00:00,2026-10-05T06:00:10.208964+00:00,
3,T004,SMILE_BOTH,task,180,5,9,7,3,R3,R5,R4,R2,10000,600.0,-46.0,256.0,260.0999807766237,100.18662975994478,96.4325138,96.5310286,457538015798800,457538114313600,2026-10-05T06:00:10.208964+00:00,2026-10-05T06:00:10.311275+00:00,
3,T004,SMILE_BOTH,task,181,5,1,0,3,R3,R1,L1,R2,10000,600.0,30.0,-54.0,61.773780845922005,-60.94539590092286,96.5312936,96.6289971,457538114578600,457538212282100,2026-10-05T06:00:10.311275+00:00,2026-10-05T06:00:10.409468+00:00,
3,T004,SMILE_BOTH,task,182,3,0,2,1,R2,L1,L2,R1,10000,600.0,5.0,-256.0,256.0488234692751,-88.88108406943282,96.6292722,96.7250234,457538212557200,457538308308400,2026-10-05T06:00:10.409468+00:00,2026-10-05T06:00:10.504720+00:00,
3,T004,SMILE_BOTH,task,183,3,2,4,1,R2,L2,L3,R1,10000,600.0,-2.0,-9.0,9.219544457292887,-102.52880770915151,96.7252853,96.8260758,457538308570300,457538409360800,2026-10-05T06:00:10.504720+00:00,2026-10-05T06:00:10.607083+00:00,
3,T004,SMILE_BOTH,task,184,3,4,6,1,R2,L3,L4,R1,10000,600.0,-5.0,-10.0,11.180339887498949,-116.56505117707799,96.8263169,96.9220564,457538409601900,457538505341400,2026-10-05T06:00:10.607083+00:00,2026-10-05T06:00:10.703343+00:00,
3,T004,SMILE_BOTH,task,185,3,6,8,1,R2,L4,L5,R1,10000,600.0,-1.0,12.0,12.041594578792296,94.76364169072617,96.922338,97.0200104,457538505623000,457538603295400,2026-10-05T06:00:10.703343+00:00,2026-10-05T06:00:10.799347+00:00,
3,T004,SMILE_BOTH,task,186,3,8,10,1,R2,L5,L6,R1,10000,600.0,-9.0,-6.0,10.816653826391969,-146.30993247402023,97.0202805,97.1171298,457538603565500,457538700414800,2026-10-05T06:00:10.799347+00:00,2026-10-05T06:00:10.889264+00:00,
3,T004,SMILE_BOTH,task,187,3,10,12,1,R2,L6,L7,R1,10000,600.0,1.0,-4.0,4.123105625617661,-75.96375653207353,97.1173883,97.2151391,457538700673300,457538798424100,2026-10-05T06:00:10.889264+00:00,2026-10-05T06:00:10.989308+00:00,
3,T004,SMILE_BOTH,task,188,3,12,14,1,R2,L7,L8,R1,10000,600.0,-9.0,-1.0,9.055385138137417,-173.6598082540901,97.2154063,97.3140354,457538798691300,457538897320400,2026-10-05T06:00:10.989308+00:00,2026-10-05T06:00:11.089244+00:00,
3,T004,SMILE_BOTH,task,189,3,14,15,1,R2,L8,R8,R1,10000,600.0,-5.0,-7.0,8.602325267042627,-125.53767779197437,97.3143482,97.4130449,457538897633200,457538996329900,2026-10-05T06:00:11.089244+00:00,2026-10-05T06:00:11.192631+00:00,
3,T004,SMILE_BOTH,task,190,3,15,13,1,R2,R8,R7,R1,10000,600.0,-8.0,-7.0,10.63014581273465,-138.81407483429035,97.4134049,97.5131695,457538996689900,457539096454500,2026-10-05T06:00:11.194634+00:00,2026-10-05T06:00:11.289603+00:00,
3,T004,SMILE_BOTH,task,191,3,13,11,1,R2,R7,R6,R1,10000,600.0,-12.0,-16.0,20.0,-126.86989764584402,97.5134283,97.6121698,457539096713300,457539195454800,2026-10-05T06:00:11.289603+00:00,2026-10-05T06:00:11.389498+00:00,
3,T004,SMILE_BOTH,task,192,3,11,9,1,R2,R6,R5,R1,10000,600.0,-4.0,-105.0,105.07616285342742,-92.18164140355147,97.6124321,97.7120255,457539195717100,457539295310500,2026-10-05T06:00:11.389498+00:00,2026-10-05T06:00:11.492708+00:00,
3,T004,SMILE_BOTH,task,193,3,9,7,1,R2,R5,R4,R1,10000,600.0,-9.0,-1.0,9.055385138137417,-173.6598082540901,97.7123588,97.8149007,457539295643800,457539398185700,2026-10-05T06:00:11.493700+00:00,2026-10-05T06:00:11.595640+00:00,
3,T004,SMILE_BOTH,task,194,3,7,5,1,R2,R4,R3,R1,10000,600.0,-10.0,-324.0,324.154284253656,-91.76782705585607,97.8151734,97.9210003,457539398458400,457539504285300,2026-10-05T06:00:11.595640+00:00,2026-10-05T06:00:11.702257+00:00,
3,T004,SMILE_BOTH,task,195,1,2,4,0,R1,L2,L3,L1,10000,600.0,-7.0,24.0,25.0,106.26020470831196,97.9212679,98.0171332,457539504552900,457539600418200,2026-10-05T06:00:11.702257+00:00,2026-10-05T06:00:11.789140+00:00,
3,T004,SMILE_BOTH,task,196,1,4,6,0,R1,L3,L4,L1,10000,600.0,2.0,-27.0,27.073972741361768,-85.76360520094116,98.0173832,98.1170692,457539600668200,457539700354200,2026-10-05T06:00:11.789140+00:00,2026-10-05T06:00:11.897854+00:00,
3,T004,SMILE_BOTH,task,197,1,6,8,0,R1,L4,L5,L1,10000,600.0,-4.0,25.0,25.317977802344327,99.09027692082232,98.1173181,98.2161951,457539700603100,457539799480100,2026-10-05T06:00:11.897854+00:00,2026-10-05T06:00:11.989084+00:00,
3,T004,SMILE_BOTH,task,198,1,8,10,0,R1,L5,L6,L1,10000,600.0,-2.0,-10.0,10.198039027185569,-101.30993247402021,98.216446,98.3152026,457539799731000,457539898487600,2026-10-05T06:00:11.989084+00:00,2026-10-05T06:00:12.091854+00:00,
3,T004,SMILE_BOTH,task,199,1,10,12,0,R1,L6,L7,L1,10000,600.0,0.0,-6.0,6.0,-90.0,98.315433,98.4170338,457539898718000,457540000318800,2026-10-05T06:00:12.091854+00:00,2026-10-05T06:00:12.193899+00:00,
3,T004,SMILE_BOTH,task,200,1,12,14,0,R1,L7,L8,L1,10000,600.0,-2.0,-9.0,9.219544457292887,-102.52880770915151,98.4172625,98.5151522,457540000547500,457540098437200,2026-10-05T06:00:12.193899+00:00,2026-10-05T06:00:12.292779+00:00,
3,T004,SMILE_BOTH,task,201,1,14,15,0,R1,L8,R8,L1,10000,600.0,0.0,-19.0,19.0,-90.0,98.5153754,98.6171448,457540098660400,457540200429800,2026-10-05T06:00:12.292779+00:00,2026-10-05T06:00:12.394065+00:00,
3,T004,SMILE_BOTH,task,202,1,15,13,0,R1,R8,R7,L1,10000,600.0,-1.0,-12.0,12.041594578792296,-94.76364169072617,98.6173777,98.7151371,457540200662700,457540298422100,2026-10-05T06:00:12.394065+00:00,2026-10-05T06:00:12.493852+00:00,
3,T004,SMILE_BOTH,task,203,1,13,11,0,R1,R7,R6,L1,10000,600.0,-4.0,0.0,4.0,180.0,98.7153568,98.8130619,457540298641800,457540396346900,2026-10-05T06:00:12.493852+00:00,2026-10-05T06:00:12.591177+00:00,
3,T004,SMILE_BOTH,task,204,1,11,9,0,R1,R6,R5,L1,10000,600.0,0.0,-25.0,25.0,-90.0,98.8133114,98.9090077,457540396596400,457540492292700,2026-10-05T06:00:12.591177+00:00,2026-10-05T06:00:12.689233+00:00,
3,T004,SMILE_BOTH,task,205,1,9,7,0,R1,R5,R4,L1,10000,600.0,-6.0,38.0,38.47076812334269,98.9726266148964,98.9092834,99.0073857,457540492568400,457540590670700,2026-10-05T06:00:12.689233+00:00,2026-10-05T06:00:12.788271+00:00,
3,T004,SMILE_BOTH,task,206,1,7,5,0,R1,R4,R3,L1,10000,600.0,-1.0,-37.0,37.013511046643494,-91.54815769897796,99.0076387,99.1090135,457540590923700,457540692298500,2026-10-05T06:00:12.788271+00:00,2026-10-05T06:00:12.889287+00:00,
3,T004,SMILE_BOTH,task,207,1,5,3,0,R1,R3,R2,L1,10000,600.0,-1.0,4.0,4.123105625617661,104.03624346792648,99.1093064,99.2071118,457540692591400,457540790396800,2026-10-05T06:00:12.889287+00:00,2026-10-05T06:00:12.986936+00:00,
4,T005,PUFF_LEFT,task,0,0,4,6,2,L1,L3,L4,L2,10000,600.0,73.0,-282.0,291.2953827303138,-75.48670028324179,101.3523329,101.4490422,457542935617900,457543032327200,2026-10-05T06:00:15.133171+00:00,2026-10-05T06:00:15.229914+00:00,
4,T005,PUFF_LEFT,task,1,0,6,8,2,L1,L4,L5,L2,10000,600.0,26.0,-98.0,101.39033484509261,-75.14138555207533,101.4494681,101.5461532,457543032753100,457543129438200,2026-10-05T06:00:15.230917+00:00,2026-10-05T06:00:15.322108+00:00,
4,T005,PUFF_LEFT,task,2,0,8,10,2,L1,L5,L6,L2,10000,600.0,16.0,-82.0,83.54639429682169,-78.95905981967627,101.546495,101.6430435,457543129780000,457543226328500,2026-10-05T06:00:15.322108+00:00,2026-10-05T06:00:15.423538+00:00,
4,T005,PUFF_LEFT,task,3,0,10,12,2,L1,L6,L7,L2,10000,600.0,17.0,-51.0,53.75872022286245,-71.56505117707799,101.6433006,101.7410533,457543226585600,457543324338300,2026-10-05T06:00:15.424759+00:00,2026-10-05T06:00:15.521036+00:00,
4,T005,PUFF_LEFT,task,4,0,12,14,2,L1,L7,L8,L2,10000,600.0,-3.0,-12.0,12.36931687685298,-104.03624346792648,101.7413166,101.8462135,457543324601600,457543429498500,2026-10-05T06:00:15.521036+00:00,2026-10-05T06:00:15.627648+00:00,
4,T005,PUFF_LEFT,task,5,0,14,15,2,L1,L8,R8,L2,10000,600.0,-1.0,-3.0,3.1622776601683795,-108.43494882292202,101.8464747,101.9451441,457543429759700,457543528429100,2026-10-05T06:00:15.627648+00:00,2026-10-05T06:00:15.720917+00:00,
4,T005,PUFF_LEFT,task,6,0,15,13,2,L1,R8,R7,L2,10000,600.0,-3.0,-1.0,3.1622776601683795,-161.565051177078,101.9453868,102.0431055,457543528671800,457543626390500,2026-10-05T06:00:15.720917+00:00,2026-10-05T06:00:15.824456+00:00,
4,T005,PUFF_LEFT,task,7,0,13,11,2,L1,R7,R6,L2,10000,600.0,-14.0,24.0,27.784887978899608,120.25643716352927,102.0434445,102.1411996,457543626729500,457543724484600,2026-10-05T06:00:15.824456+00:00,2026-10-05T06:00:15.922492+00:00,
4,T005,PUFF_LEFT,task,8,0,11,9,2,L1,R6,R5,L2,10000,600.0,-2.0,-8.0,8.246211251235321,-104.03624346792648,102.1414864,102.2400129,457543724771400,457543823297900,2026-10-05T06:00:15.922492+00:00,2026-10-05T06:00:16.018982+00:00,
4,T005,PUFF_LEFT,task,9,0,9,7,2,L1,R5,R4,L2,10000,600.0,-24.0,61.0,65.55150646628954,111.4767909795404,102.2402803,102.3390041,457543823565300,457543922289100,2026-10-05T06:00:16.018982+00:00,2026-10-05T06:00:16.119189+00:00,
4,T005,PUFF_LEFT,task,10,0,7,5,2,L1,R4,R3,L2,10000,600.0,2.0,-41.0,41.048751503547585,-87.20729763428672,102.3392514,102.4371311,457543922536400,457544020416100,2026-10-05T06:00:16.119189+00:00,2026-10-05T06:00:16.210721+00:00,
4,T005,PUFF_LEFT,task,11,0,5,3,2,L1,R3,R2,L2,10000,600.0,-13.0,25.0,28.178005607210743,117.47443162627712,102.4374084,102.5340037,457544020693400,457544117288700,2026-10-05T06:00:16.210721+00:00,2026-10-05T06:00:16.315263+00:00,
4,T005,PUFF_LEFT,task,12,0,3,1,2,L1,R2,R1,L2,10000,600.0,82.0,-359.0,368.2458417959394,-77.13366583000646,102.5342793,102.6341667,457544117564300,457544217451700,2026-10-05T06:00:16.315263+00:00,2026-10-05T06:00:16.412206+00:00,
4,T005,PUFF_LEFT,task,13,2,6,8,4,L2,L4,L5,L3,10000,600.0,-66.0,239.0,247.94555854057964,105.43752417653194,102.634369,102.7320936,457544217654000,457544315378600,2026-10-05T06:00:16.412206+00:00,2026-10-05T06:00:16.509242+00:00,
4,T005,PUFF_LEFT,task,14,2,8,10,4,L2,L5,L6,L3,10000,600.0,38.0,-156.0,160.5615146914104,-76.3099503825345,102.7323358,102.8280295,457544315620800,457544411314500,2026-10-05T06:00:16.509242+00:00,2026-10-05T06:00:16.609374+00:00,
4,T005,PUFF_LEFT,task,15,2,10,12,4,L2,L6,L7,L3,10000,600.0,14.0,-42.0,44.27188724235731,-71.56505117707799,102.8283072,102.9280041,457544411592200,457544511289100,2026-10-05T06:00:16.609374+00:00,2026-10-05T06:00:16.709076+00:00,
4,T005,PUFF_LEFT,task,16,2,12,14,4,L2,L7,L8,L3,10000,600.0,0.0,-18.0,18.0,-90.0,102.9282576,103.0241689,457544511542600,457544607453900,2026-10-05T06:00:16.709076+00:00,2026-10-05T06:00:16.803647+00:00,
4,T005,PUFF_LEFT,task,17,2,14,15,4,L2,L8,R8,L3,10000,600.0,2.0,-13.0,13.152946437965905,-81.2538377374448,103.0244038,103.1240749,457544607688800,457544707359900,2026-10-05T06:00:16.803647+00:00,2026-10-05T06:00:16.904639+00:00,
4,T005,PUFF_LEFT,task,18,2,15,13,4,L2,R8,R7,L3,10000,600.0,-1.0,-9.0,9.055385138137417,-96.3401917459099,103.1243426,103.2341327,457544707627600,457544817417700,2026-10-05T06:00:16.904639+00:00,2026-10-05T06:00:17.009179+00:00,
4,T005,PUFF_LEFT,task,19,2,13,11,4,L2,R7,R6,L3,10000,600.0,-6.0,-2.0,6.324555320336759,-161.565051177078,103.2343842,103.3321417,457544817669200,457544915426700,2026-10-05T06:00:17.009179+00:00,2026-10-05T06:00:17.109133+00:00,
4,T005,PUFF_LEFT,task,20,2,11,9,4,L2,R6,R5,L3,10000,600.0,1.0,-16.0,16.0312195418814,-86.42366562500266,103.332376,103.4290163,457544915661000,457545012301300,2026-10-05T06:00:17.109133+00:00,2026-10-05T06:00:17.209471+00:00,
4,T005,PUFF_LEFT,task,21,2,9,7,4,L2,R5,R4,L3,10000,600.0,-7.0,4.0,8.06225774829855,150.25511870305778,103.4292701,103.5260846,457545012555100,457545109369600,2026-10-05T06:00:17.209471+00:00,2026-10-05T06:00:17.305139+00:00,
4,T005,PUFF_LEFT,task,22,2,7,5,4,L2,R4,R3,L3,10000,600.0,-9.0,-4.0,9.848857801796104,-156.03751102542182,103.5263423,103.6240242,457545109627300,457545207309200,2026-10-05T06:00:17.305139+00:00,2026-10-05T06:00:17.404828+00:00,
4,T005,PUFF_LEFT,task,23,2,5,3,4,L2,R3,R2,L3,10000,600.0,1.0,-8.0,8.06225774829855,-82.8749836510982,103.6242946,103.7221355,457545207579600,457545305420500,2026-10-05T06:00:17.404828+00:00,2026-10-05T06:00:17.499379+00:00,
4,T005,PUFF_LEFT,task,24,2,3,1,4,L2,R2,R1,L3,10000,600.0,-20.0,42.0,46.51881339845203,115.46334506187162,103.7223886,103.8190505,457545305673600,457545402335500,2026-10-05T06:00:17.499379+00:00,2026-10-05T06:00:17.599515+00:00,
4,T005,PUFF_LEFT,task,25,2,1,0,4,L2,R1,L1,L3,10000,600.0,6.0,-7.0,9.219544457292887,-49.398705354995535,103.8193224,103.9179915,457545402607400,457545501276500,2026-10-05T06:00:17.599515+00:00,2026-10-05T06:00:17.699116+00:00,
4,T005,PUFF_LEFT,task,26,4,0,2,6,L3,L1,L2,L4,10000,600.0,67.0,-287.0,294.7168132292421,-76.85966689073096,103.9182488,104.0151991,457545501533800,457545598484100,2026-10-05T06:00:17.699116+00:00,2026-10-05T06:00:17.789440+00:00,
4,T005,PUFF_LEFT,task,27,4,8,10,6,L3,L5,L6,L4,10000,600.0,-74.0,240.0,251.14935795259362,107.13627450357599,104.0154503,104.1141242,457545598735300,457545697409200,2026-10-05T06:00:17.789440+00:00,2026-10-05T06:00:17.895610+00:00,
4,T005,PUFF_LEFT,task,28,4,10,12,6,L3,L6,L7,L4,10000,600.0,-2.0,21.0,21.095023109728988,95.44033203100551,104.1143715,104.210204,457545697656500,457545793489000,2026-10-05T06:00:17.895610+00:00,2026-10-05T06:00:17.989295+00:00,
4,T005,PUFF_LEFT,task,29,4,12,14,6,L3,L7,L8,L4,10000,600.0,-12.0,21.0,24.186773244895647,119.74488129694222,104.2104476,104.3051746,457545793732600,457545888459600,2026-10-05T06:00:17.989295+00:00,2026-10-05T06:00:18.086461+00:00,
4,T005,PUFF_LEFT,task,30,4,14,15,6,L3,L8,R8,L4,10000,600.0,-7.0,18.0,19.313207915827967,111.25050550713325,104.3054189,104.403142,457545888703900,457545986427000,2026-10-05T06:00:18.086461+00:00,2026-10-05T06:00:18.179039+00:00,
4,T005,PUFF_LEFT,task,31,4,15,13,6,L3,R8,R7,L4,10000,600.0,-6.0,4.0,7.211102550927978,146.30993247402023,104.4033912,104.5030305,457545986676200,457546086315500,2026-10-05T06:00:18.179039+00:00,2026-10-05T06:00:18.283246+00:00,
4,T005,PUFF_LEFT,task,32,4,13,11,6,L3,R7,R6,L4,10000,600.0,-14.0,22.0,26.076809620810597,122.47119229084849,104.5032869,104.6031329,457546086571900,457546186417900,2026-10-05T06:00:18.283246+00:00,2026-10-05T06:00:18.379176+00:00,
4,T005,PUFF_LEFT,task,33,4,11,9,6,L3,R6,R5,L4,10000,600.0,0.0,-12.0,12.0,-90.0,104.6033828,104.7000156,457546186667800,457546283300600,2026-10-05T06:00:18.379176+00:00,2026-10-05T06:00:18.479074+00:00,
4,T005,PUFF_LEFT,task,34,4,9,7,6,L3,R5,R4,L4,10000,600.0,-23.0,55.0,59.61543424315552,112.69379494509236,104.7002553,104.797133,457546283540300,457546380418000,2026-10-05T06:00:18.479074+00:00,2026-10-05T06:00:18.571103+00:00,
4,T005,PUFF_LEFT,task,35,4,7,5,6,L3,R4,R3,L4,10000,600.0,3.0,-47.0,47.095647357266465,-86.34777721969367,104.7974739,104.8930326,457546380758900,457546476317600,2026-10-05T06:00:18.571103+00:00,2026-10-05T06:00:18.671188+00:00,
4,T005,PUFF_LEFT,task,36,4,5,3,6,L3,R3,R2,L4,10000,600.0,3.0,-12.0,12.36931687685298,-75.96375653207353,104.8932695,104.9900387,457546476554500,457546573323700,2026-10-05T06:00:18.671188+00:00,2026-10-05T06:00:18.771097+00:00,
4,T005,PUFF_LEFT,task,37,4,3,1,6,L3,R2,R1,L4,10000,600.0,-16.0,16.0,22.627416997969522,135.0,104.9905785,105.0871392,457546573863500,457546670424200,2026-10-05T06:00:18.771097+00:00,2026-10-05T06:00:18.859334+00:00,
4,T005,PUFF_LEFT,task,38,4,1,0,6,L3,R1,L1,L4,10000,600.0,37.0,-109.0,115.10864433221339,-71.25024236968888,105.0873875,105.1869878,457546670672500,457546770272800,2026-10-05T06:00:18.859334+00:00,2026-10-05T06:00:18.968108+00:00,
4,T005,PUFF_LEFT,task,39,6,0,2,8,L4,L1,L2,L5,10000,600.0,27.0,-83.0,87.28115489611719,-71.98023071822286,105.1872386,105.2851357,457546770523600,457546868420700,2026-10-05T06:00:18.968108+00:00,2026-10-05T06:00:19.059158+00:00,
4,T005,PUFF_LEFT,task,40,6,2,4,8,L4,L2,L3,L5,10000,600.0,-91.0,243.0,259.4802497301095,110.53020138754586,105.2853951,105.3911169,457546868680100,457546974401900,2026-10-05T06:00:19.059158+00:00,2026-10-05T06:00:19.172458+00:00,
4,T005,PUFF_LEFT,task,41,6,10,12,8,L4,L6,L7,L5,10000,600.0,75.0,-190.0,204.26698215815497,-68.45902408146156,105.3913791,105.4880528,457546974664100,457547071337800,2026-10-05T06:00:19.172458+00:00,2026-10-05T06:00:19.269392+00:00,
4,T005,PUFF_LEFT,task,42,6,12,14,8,L4,L7,L8,L5,10000,600.0,23.0,-70.0,73.68174807915459,-71.81095430034868,105.4884404,105.5839927,457547071725400,457547167277700,2026-10-05T06:00:19.269392+00:00,2026-10-05T06:00:19.365456+00:00,
4,T005,PUFF_LEFT,task,43,6,14,15,8,L4,L8,R8,L5,10000,600.0,15.0,-43.0,45.5411901469428,-70.76932762433871,105.5842536,105.6821409,457547167538600,457547265425900,2026-10-05T06:00:19.365456+00:00,2026-10-05T06:00:19.459496+00:00,
4,T005,PUFF_LEFT,task,44,6,15,13,8,L4,R8,R7,L5,10000,600.0,3.0,-19.0,19.235384061671343,-81.02737338510362,105.6823907,105.7800205,457547265675700,457547363305500,2026-10-05T06:00:19.459496+00:00,2026-10-05T06:00:19.560661+00:00,
4,T005,PUFF_LEFT,task,45,6,13,11,8,L4,R7,R6,L5,10000,600.0,4.0,-20.0,20.396078054371138,-78.69006752597979,105.7802817,105.8779994,457547363566700,457547461284400,2026-10-05T06:00:19.561661+00:00,2026-10-05T06:00:19.659267+00:00,
4,T005,PUFF_LEFT,task,46,6,11,9,8,L4,R6,R5,L5,10000,600.0,-1.0,-5.0,5.0990195135927845,-101.30993247402021,105.8782428,105.9812397,457547461527800,457547564524700,2026-10-05T06:00:19.659267+00:00,2026-10-05T06:00:19.762661+00:00,
4,T005,PUFF_LEFT,task,47,6,9,7,8,L4,R5,R4,L5,10000,600.0,13.0,-41.0,43.01162633521314,-72.40757543781841,105.981505,106.0811561,457547564790000,457547664441100,2026-10-05T06:00:19.762661+00:00,2026-10-05T06:00:19.860309+00:00,
4,T005,PUFF_LEFT,task,48,6,7,5,8,L4,R4,R3,L5,10000,600.0,-15.0,28.0,31.76476034853718,118.17859010995917,106.0813867,106.1780999,457547664671700,457547761384900,2026-10-05T06:00:19.860309+00:00,2026-10-05T06:00:19.959423+00:00,
4,T005,PUFF_LEFT,task,49,6,5,3,8,L4,R3,R2,L5,10000,600.0,-9.0,12.0,15.0,126.86989764584402,106.1783391,106.2751671,457547761624100,457547858452100,2026-10-05T06:00:19.959423+00:00,2026-10-05T06:00:20.053301+00:00,
4,T005,PUFF_LEFT,task,50,6,3,1,8,L4,R2,R1,L5,10000,600.0,-35.0,93.0,99.36800289831733,110.62353138332523,106.2754426,106.3790981,457547858727600,457547962383100,2026-10-05T06:00:20.053301+00:00,2026-10-05T06:00:20.159342+00:00,
4,T005,PUFF_LEFT,task,51,6,1,0,8,L4,R1,L1,L5,10000,600.0,-4.0,13.0,13.601470508735444,107.10272896905236,106.3793222,106.4771366,457547962607200,457548060421600,2026-10-05T06:00:20.159342+00:00,2026-10-05T06:00:20.255316+00:00,
4,T005,PUFF_LEFT,task,52,8,0,2,10,L5,L1,L2,L6,10000,600.0,34.0,-98.0,103.73041983911952,-70.86635679409451,106.477385,106.5761442,457548060670000,457548159429200,2026-10-05T06:00:20.255316+00:00,2026-10-05T06:00:20.357441+00:00,
4,T005,PUFF_LEFT,task,53,8,2,4,10,L5,L2,L3,L6,10000,600.0,76.0,-190.0,204.63626267111115,-68.19859051364818,106.5763507,106.6800193,457548159635700,457548263304300,2026-10-05T06:00:20.357441+00:00,2026-10-05T06:00:20.461235+00:00,
4,T005,PUFF_LEFT,task,54,8,4,6,10,L5,L3,L4,L6,10000,600.0,-125.0,296.0,321.3113754600045,112.89420223155484,106.6802779,106.777187,457548263562900,457548360472000,2026-10-05T06:00:20.461235+00:00,2026-10-05T06:00:20.558394+00:00,
4,T005,PUFF_LEFT,task,55,8,12,14,10,L5,L7,L8,L6,10000,600.0,76.0,-188.0,202.78066969018522,-67.98871680208065,106.777453,106.8842105,457548360738000,457548467495500,2026-10-05T06:00:20.558394+00:00,2026-10-05T06:00:20.661944+00:00,
4,T005,PUFF_LEFT,task,56,8,14,15,10,L5,L8,R8,L6,10000,600.0,28.0,-69.0,74.46475676452586,-67.91282839677164,106.884467,106.98321,457548467752000,457548566495000,2026-10-05T06:00:20.661944+00:00,2026-10-05T06:00:20.761835+00:00,
4,T005,PUFF_LEFT,task,57,8,15,13,10,L5,R8,R7,L6,10000,600.0,7.0,-24.0,25.0,-73.73979529168804,106.9834593,107.0810169,457548566744300,457548664301900,2026-10-05T06:00:20.761835+00:00,2026-10-05T06:00:20.861901+00:00,
4,T005,PUFF_LEFT,task,58,8,13,11,10,L5,R7,R6,L6,10000,600.0,-4.0,-5.0,6.4031242374328485,-128.6598082540901,107.081247,107.1780065,457548664532000,457548761291500,2026-10-05T06:00:20.861901+00:00,2026-10-05T06:00:20.959187+00:00,
4,T005,PUFF_LEFT,task,59,8,11,9,10,L5,R6,R5,L6,10000,600.0,9.0,-35.0,36.138621999185304,-75.57922687248902,107.1782489,107.2760223,457548761533900,457548859307300,2026-10-05T06:00:20.959187+00:00,2026-10-05T06:00:21.054966+00:00,
4,T005,PUFF_LEFT,task,60,8,9,7,10,L5,R5,R4,L6,10000,600.0,-6.0,1.0,6.082762530298219,170.53767779197437,107.2762746,107.3740371,457548859559600,457548957322100,2026-10-05T06:00:21.054966+00:00,2026-10-05T06:00:21.153349+00:00,
4,T005,PUFF_LEFT,task,61,8,7,5,10,L5,R4,R3,L6,10000,600.0,-5.0,-6.0,7.810249675906654,-129.8055710922652,107.3742772,107.47005,457548957562200,457549053335000,2026-10-05T06:00:21.153349+00:00,2026-10-05T06:00:21.249197+00:00,
4,T005,PUFF_LEFT,task,62,8,5,3,10,L5,R3,R2,L6,10000,600.0,-1.0,-4.0,4.123105625617661,-104.03624346792648,107.4702941,107.5680244,457549053579100,457549151309400,2026-10-05T06:00:21.249197+00:00,2026-10-05T06:00:21.349150+00:00,
4,T005,PUFF_LEFT,task,63,8,3,1,10,L5,R2,R1,L6,10000,600.0,-18.0,23.0,29.206163733020468,128.04704253182607,107.5682801,107.6651479,457549151565100,457549248432900,2026-10-05T06:00:21.349150+00:00,2026-10-05T06:00:21.439500+00:00,
4,T005,PUFF_LEFT,task,64,8,1,0,10,L5,R1,L1,L6,10000,600.0,32.0,-63.0,70.66116330771806,-63.0723221489595,107.6653985,107.7640148,457549248683500,457549347299800,2026-10-05T06:00:21.439500+00:00,2026-10-05T06:00:21.545308+00:00,
4,T005,PUFF_LEFT,task,65,10,0,2,12,L6,L1,L2,L7,10000,600.0,26.0,-54.0,59.93329625508679,-64.29004621918874,107.764247,107.8631351,457549347532000,457549446420100,2026-10-05T06:00:21.545308+00:00,2026-10-05T06:00:21.644461+00:00,
4,T005,PUFF_LEFT,task,66,10,2,4,12,L6,L2,L3,L7,10000,600.0,22.0,-51.0,55.54277630799526,-66.66595872329023,107.8634047,107.9620124,457549446689700,457549545297400,2026-10-05T06:00:21.644461+00:00,2026-10-05T06:00:21.739297+00:00,
4,T005,PUFF_LEFT,task,67,10,4,6,12,L6,L3,L4,L7,10000,600.0,-12.0,38.0,39.84971769034255,107.52556837372288,107.9622673,108.0620593,457549545552300,457549645344300,2026-10-05T06:00:21.739297+00:00,2026-10-05T06:00:21.843208+00:00,
4,T005,PUFF_LEFT,task,68,10,6,8,12,L6,L4,L5,L7,10000,600.0,115.0,-237.0,263.4274093559742,-64.11585132794106,108.0623058,108.1621413,457549645590800,457549745426300,2026-10-05T06:00:21.843208+00:00,2026-10-05T06:00:21.939322+00:00,
4,T005,PUFF_LEFT,task,69,10,14,15,12,L6,L8,R8,L7,10000,600.0,166.0,-367.0,402.7964746618322,-65.66199579033558,108.1623701,108.2610277,457549745655100,457549844312700,2026-10-05T06:00:21.939322+00:00,2026-10-05T06:00:22.041633+00:00,
4,T005,PUFF_LEFT,task,70,10,15,13,12,L6,R8,R7,L7,10000,600.0,37.0,-72.0,80.95060222135473,-62.80187205149089,108.2612883,108.3580363,457549844573300,457549941321300,2026-10-05T06:00:22.042631+00:00,2026-10-05T06:00:22.139346+00:00,
4,T005,PUFF_LEFT,task,71,10,13,11,12,L6,R7,R6,L7,10000,600.0,24.0,-52.0,57.271284253105414,-65.22485943116808,108.3582995,108.4571679,457549941584500,457550040452900,2026-10-05T06:00:22.139346+00:00,2026-10-05T06:00:22.238624+00:00,
4,T005,PUFF_LEFT,task,72,10,11,9,12,L6,R6,R5,L7,10000,600.0,9.0,-23.0,24.698178070456937,-68.62937773065681,108.4574304,108.5551426,457550040715400,457550138427600,2026-10-05T06:00:22.238624+00:00,2026-10-05T06:00:22.329159+00:00,
4,T005,PUFF_LEFT,task,73,10,9,7,12,L6,R5,R4,L7,10000,600.0,7.0,-17.0,18.384776310850235,-67.61986494804043,108.5553857,108.6620321,457550138670700,457550245317100,2026-10-05T06:00:22.329159+00:00,2026-10-05T06:00:22.443349+00:00,
4,T005,PUFF_LEFT,task,74,10,7,5,12,L6,R4,R3,L7,10000,600.0,-11.0,9.0,14.212670403551895,140.71059313749967,108.6622855,108.7622103,457550245570500,457550345495300,2026-10-05T06:00:22.443349+00:00,2026-10-05T06:00:22.539360+00:00,
4,T005,PUFF_LEFT,task,75,10,5,3,12,L6,R3,R2,L7,10000,600.0,1.0,-4.0,4.123105625617661,-75.96375653207353,108.7624531,108.8573318,457550345738100,457550440616800,2026-10-05T06:00:22.539360+00:00,2026-10-05T06:00:22.638687+00:00,
4,T005,PUFF_LEFT,task,76,10,3,1,12,L6,R2,R1,L7,10000,600.0,-17.0,41.0,44.384682042344295,112.5205656028969,108.8576517,108.9631375,457550440936700,457550546422500,2026-10-05T06:00:22.638687+00:00,2026-10-05T06:00:22.739421+00:00,
4,T005,PUFF_LEFT,task,77,10,1,0,12,L6,R1,L1,L7,10000,600.0,18.0,-48.0,51.264022471905186,-69.44395478041653,108.9633817,109.0601018,457550546666700,457550643386800,2026-10-05T06:00:22.739421+00:00,2026-10-05T06:00:22.841201+00:00,
4,T005,PUFF_LEFT,task,78,12,0,2,14,L7,L1,L2,L8,10000,600.0,3.0,-14.0,14.317821063276353,-77.9052429229879,109.0603477,109.1642136,457550643632700,457550747498600,2026-10-05T06:00:22.841201+00:00,2026-10-05T06:00:22.942163+00:00,
4,T005,PUFF_LEFT,task,79,12,2,4,14,L7,L2,L3,L8,10000,600.0,12.0,-28.0,30.463092423455635,-66.80140948635182,109.1644625,109.262138,457550747747500,457550845423000,2026-10-05T06:00:22.942163+00:00,2026-10-05T06:00:23.040794+00:00,
4,T005,PUFF_LEFT,task,80,12,4,6,14,L7,L3,L4,L8,10000,600.0,-18.0,32.0,36.71511950137164,119.35775354279127,109.2623766,109.3600296,457550845661600,457550943314600,2026-10-05T06:00:23.040794+00:00,2026-10-05T06:00:23.139184+00:00,
4,T005,PUFF_LEFT,task,81,12,6,8,14,L7,L4,L5,L8,10000,600.0,51.0,-98.0,110.47624178980746,-62.50716304846034,109.3602874,109.4590584,457550943572400,457551042343400,2026-10-05T06:00:23.139184+00:00,2026-10-05T06:00:23.239001+00:00,
4,T005,PUFF_LEFT,task,82,12,8,10,14,L7,L5,L6,L8,10000,600.0,104.0,-202.0,227.2003521124032,-62.75825848264268,109.459323,109.5571063,457551042608000,457551140391300,2026-10-05T06:00:23.239001+00:00,2026-10-05T06:00:23.329077+00:00,
4,T005,PUFF_LEFT,task,83,12,15,13,14,L7,R8,R7,L8,10000,600.0,90.0,-158.0,181.8350901228913,-60.333284793053544,109.5573811,109.6551376,457551140666100,457551238422600,2026-10-05T06:00:23.329077+00:00,2026-10-05T06:00:23.429037+00:00,
4,T005,PUFF_LEFT,task,84,12,13,11,14,L7,R7,R6,L8,10000,600.0,43.0,-78.0,89.06739021662193,-61.13284053048539,109.655854,109.7540049,457551239139000,457551337289900,2026-10-05T06:00:23.436774+00:00,2026-10-05T06:00:23.534938+00:00,
4,T005,PUFF_LEFT,task,85,12,11,9,14,L7,R6,R5,L8,10000,600.0,19.0,-30.0,35.510561809129406,-57.652556500557964,109.7542418,109.8541712,457551337526800,457551437456200,2026-10-05T06:00:23.534938+00:00,2026-10-05T06:00:23.629126+00:00,
4,T005,PUFF_LEFT,task,86,12,9,7,14,L7,R5,R4,L8,10000,600.0,6.0,-17.0,18.027756377319946,-70.5599651718238,109.8544118,109.9519913,457551437696800,457551535276300,2026-10-05T06:00:23.629126+00:00,2026-10-05T06:00:23.733292+00:00,
4,T005,PUFF_LEFT,task,87,12,7,5,14,L7,R4,R3,L8,10000,600.0,-10.0,7.0,12.206555615733702,145.00797980144134,109.9522384,110.0490376,457551535523400,457551632322600,2026-10-05T06:00:23.733292+00:00,2026-10-05T06:00:23.829027+00:00,
4,T005,PUFF_LEFT,task,88,12,5,3,14,L7,R3,R2,L8,10000,600.0,1.0,-4.0,4.123105625617661,-75.96375653207353,110.0492692,110.1461269,457551632554200,457551729411900,2026-10-05T06:00:23.829027+00:00,2026-10-05T06:00:23.927464+00:00,
4,T005,PUFF_LEFT,task,89,12,3,1,14,L7,R2,R1,L8,10000,600.0,-18.0,30.0,34.9857113690718,120.96375653207352,110.1464491,110.2452858,457551729734100,457551828570800,2026-10-05T06:00:23.927464+00:00,2026-10-05T06:00:24.019330+00:00,
4,T005,PUFF_LEFT,task,90,12,1,0,14,L7,R1,L1,L8,10000,600.0,32.0,-55.0,63.631753079732135,-59.80837703904239,110.2455653,110.3440068,457551828850300,457551927291800,2026-10-05T06:00:24.019330+00:00,2026-10-05T06:00:24.125270+00:00,
4,T005,PUFF_LEFT,task,91,14,0,2,15,L8,L1,L2,R8,10000,600.0,0.0,-4.0,4.0,-90.0,110.3442541,110.4432124,457551927539100,457552026497400,2026-10-05T06:00:24.125270+00:00,2026-10-05T06:00:24.223094+00:00,
4,T005,PUFF_LEFT,task,92,14,2,4,15,L8,L2,L3,R8,10000,600.0,8.0,-22.0,23.40939982143925,-70.01689347810003,110.4434666,110.5410977,457552026751600,457552124382700,2026-10-05T06:00:24.223094+00:00,2026-10-05T06:00:24.321774+00:00,
4,T005,PUFF_LEFT,task,93,14,4,6,15,L8,L3,L4,R8,10000,600.0,-12.0,25.0,27.730849247724095,115.64100582430528,110.5413702,110.6390171,457552124655200,457552222302100,2026-10-05T06:00:24.322778+00:00,2026-10-05T06:00:24.419251+00:00,
4,T005,PUFF_LEFT,task,94,14,6,8,15,L8,L4,L5,R8,10000,600.0,30.0,-66.0,72.49827584156743,-65.55604521958347,110.6392759,110.7500674,457552222560900,457552333352400,2026-10-05T06:00:24.419251+00:00,2026-10-05T06:00:24.530835+00:00,
4,T005,PUFF_LEFT,task,95,14,8,10,15,L8,L5,L6,R8,10000,600.0,34.0,-74.0,81.43709228600933,-65.32313682966294,110.7502813,110.8471387,457552333566300,457552430423700,2026-10-05T06:00:24.530835+00:00,2026-10-05T06:00:24.622047+00:00,
4,T005,PUFF_LEFT,task,96,14,10,12,15,L8,L6,L7,R8,10000,600.0,185.0,-379.0,421.7416270656716,-63.981763626297045,110.8473831,110.9471656,457552430668100,457552530450600,2026-10-05T06:00:24.622047+00:00,2026-10-05T06:00:24.723743+00:00,
4,T005,PUFF_LEFT,task,97,14,13,11,15,L8,R7,R6,R8,10000,600.0,170.0,-330.0,371.2142238654117,-62.74467162505693,110.947392,111.0470638,457552530677000,457552630348800,2026-10-05T06:00:24.723743+00:00,2026-10-05T06:00:24.828446+00:00,
4,T005,PUFF_LEFT,task,98,14,11,9,15,L8,R6,R5,R8,10000,600.0,45.0,-82.0,93.53608929178085,-61.242879102697586,111.0473521,111.1461359,457552630637100,457552729420900,2026-10-05T06:00:24.828446+00:00,2026-10-05T06:00:24.919462+00:00,
4,T005,PUFF_LEFT,task,99,14,9,7,15,L8,R5,R4,R8,10000,600.0,21.0,-42.0,46.95742752749558,-63.43494882292201,111.1464524,111.249107,457552729737400,457552832392000,2026-10-05T06:00:24.919462+00:00,2026-10-05T06:00:25.029167+00:00,
4,T005,PUFF_LEFT,task,100,14,7,5,15,L8,R4,R3,R8,10000,600.0,-17.0,18.0,24.758836806279895,133.36342295838327,111.2493316,111.3471438,457552832616600,457552930428800,2026-10-05T06:00:25.029167+00:00,2026-10-05T06:00:25.120983+00:00,
4,T005,PUFF_LEFT,task,101,14,5,3,15,L8,R3,R2,R8,10000,600.0,4.0,-8.0,8.94427190999916,-63.43494882292201,111.347381,111.4460687,457552930666000,457553029353700,2026-10-05T06:00:25.120983+00:00,2026-10-05T06:00:25.226109+00:00,
4,T005,PUFF_LEFT,task,102,14,3,1,15,L8,R2,R1,R8,10000,600.0,-13.0,30.0,32.69556544854363,113.4286928087454,111.4463398,111.5450046,457553029624800,457553128289600,2026-10-05T06:00:25.226109+00:00,2026-10-05T06:00:25.320225+00:00,
4,T005,PUFF_LEFT,task,103,14,1,0,15,L8,R1,L1,R8,10000,600.0,33.0,-69.0,76.48529270389177,-64.4400348281762,111.5452738,111.6430135,457553128558800,457553226298500,2026-10-05T06:00:25.320225+00:00,2026-10-05T06:00:25.424461+00:00,
4,T005,PUFF_LEFT,task,104,15,0,2,13,R8,L1,L2,R7,10000,600.0,-3.0,5.0,5.830951894845301,120.96375653207352,111.643281,111.7400473,457553226566000,457553323332300,2026-10-05T06:00:25.424461+00:00,2026-10-05T06:00:25.521150+00:00,
4,T005,PUFF_LEFT,task,105,15,2,4,13,R8,L2,L3,R7,10000,600.0,4.0,-13.0,13.601470508735444,-72.89727103094764,111.740334,111.8379945,457553323619000,457553421279500,2026-10-05T06:00:25.521150+00:00,2026-10-05T06:00:25.619047+00:00,
4,T005,PUFF_LEFT,task,106,15,4,6,13,R8,L3,L4,R7,10000,600.0,-6.0,14.0,15.231546211727817,113.19859051364818,111.8382926,111.9350082,457553421577600,457553518293200,2026-10-05T06:00:25.619047+00:00,2026-10-05T06:00:25.709465+00:00,
4,T005,PUFF_LEFT,task,107,15,6,8,13,R8,L4,L5,R7,10000,600.0,13.0,-32.0,34.539832078341085,-67.89055165624833,111.9352814,112.0350043,457553518566400,457553618289300,2026-10-05T06:00:25.709465+00:00,2026-10-05T06:00:25.809420+00:00,
4,T005,PUFF_LEFT,task,108,15,8,10,13,R8,L5,L6,R7,10000,600.0,9.0,-23.0,24.698178070456937,-68.62937773065681,112.0352876,112.1310429,457553618572600,457553714327900,2026-10-05T06:00:25.809420+00:00,2026-10-05T06:00:25.909054+00:00,
4,T005,PUFF_LEFT,task,109,15,10,12,13,R8,L6,L7,R7,10000,600.0,44.0,-76.0,87.8179936004006,-59.93141717813756,112.1313022,112.2300563,457553714587200,457553813341300,2026-10-05T06:00:25.909054+00:00,2026-10-05T06:00:26.009257+00:00,
4,T005,PUFF_LEFT,task,110,15,12,14,13,R8,L7,L8,R7,10000,600.0,83.0,-153.0,174.06320691059327,-61.52089218900351,112.2303127,112.3270099,457553813597700,457553910294900,2026-10-05T06:00:26.009257+00:00,2026-10-05T06:00:26.103883+00:00,
4,T005,PUFF_LEFT,task,111,15,11,9,13,R8,R6,R5,R7,10000,600.0,112.0,-201.0,230.09780529157595,-60.87283902179396,112.3272764,112.4240093,457553910561400,457554007294300,2026-10-05T06:00:26.103883+00:00,2026-10-05T06:00:26.205132+00:00,
4,T005,PUFF_LEFT,task,112,15,9,7,13,R8,R5,R4,R7,10000,600.0,30.0,-57.0,64.41273166075166,-62.24145939893998,112.4242753,112.5210111,457554007560300,457554104296100,2026-10-05T06:00:26.205132+00:00,2026-10-05T06:00:26.299240+00:00,
4,T005,PUFF_LEFT,task,113,15,7,5,13,R8,R4,R3,R7,10000,600.0,-18.0,20.0,26.90724809414742,131.98721249581666,112.5212853,112.6200232,457554104570300,457554203308200,2026-10-05T06:00:26.299240+00:00,2026-10-05T06:00:26.400966+00:00,
4,T005,PUFF_LEFT,task,114,15,5,3,13,R8,R3,R2,R7,10000,600.0,5.0,-11.0,12.083045973594572,-65.55604521958347,112.6202961,112.7160068,457554203581100,457554299291800,2026-10-05T06:00:26.400966+00:00,2026-10-05T06:00:26.489331+00:00,
4,T005,PUFF_LEFT,task,115,15,3,1,13,R8,R2,R1,R7,10000,600.0,-9.0,14.0,16.64331697709324,122.7352262721076,112.7162705,112.8140009,457554299555500,457554397285900,2026-10-05T06:00:26.489331+00:00,2026-10-05T06:00:26.595368+00:00,
4,T005,PUFF_LEFT,task,116,15,1,0,13,R8,R1,L1,R7,10000,600.0,28.0,-53.0,59.941638282582836,-62.152421740211835,112.8142598,112.9119982,457554397544800,457554495283200,2026-10-05T06:00:26.595368+00:00,2026-10-05T06:00:26.689471+00:00,
4,T005,PUFF_LEFT,task,117,13,0,2,11,R7,L1,L2,R6,10000,600.0,-15.0,23.0,27.459060435491963,123.11134196037203,112.9122754,113.010051,457554495560400,457554593336000,2026-10-05T06:00:26.689471+00:00,2026-10-05T06:00:26.790862+00:00,
4,T005,PUFF_LEFT,task,118,13,2,4,11,R7,L2,L3,R6,10000,600.0,4.0,-16.0,16.492422502470642,-75.96375653207353,113.0103667,113.107011,457554593651700,457554690296000,2026-10-05T06:00:26.791870+00:00,2026-10-05T06:00:26.888460+00:00,
4,T005,PUFF_LEFT,task,119,13,4,6,11,R7,L3,L4,R6,10000,600.0,-13.0,24.0,27.294688127912362,118.44292862436335,113.1072921,113.2131422,457554690577100,457554796427200,2026-10-05T06:00:26.888460+00:00,2026-10-05T06:00:26.991459+00:00,
4,T005,PUFF_LEFT,task,120,13,6,8,11,R7,L4,L5,R6,10000,600.0,17.0,-43.0,46.238512086787566,-68.4286928087454,113.2133855,113.3120812,457554796670500,457554895366200,2026-10-05T06:00:26.991459+00:00,2026-10-05T06:00:27.090681+00:00,
4,T005,PUFF_LEFT,task,121,13,8,10,11,R7,L5,L6,R6,10000,600.0,-2.0,-10.0,10.198039027185569,-101.30993247402021,113.3123374,113.4100342,457554895622400,457554993319200,2026-10-05T06:00:27.090681+00:00,2026-10-05T06:00:27.190667+00:00,
4,T005,PUFF_LEFT,task,122,13,10,12,11,R7,L6,L7,R6,10000,600.0,28.0,-62.0,68.0294054067798,-65.69545073406329,113.4102741,113.5071762,457554993559100,457555090461200,2026-10-05T06:00:27.191670+00:00,2026-10-05T06:00:27.286082+00:00,
4,T005,PUFF_LEFT,task,123,13,12,14,11,R7,L7,L8,R6,10000,600.0,32.0,-80.0,86.16263691415206,-68.19859051364818,113.5074385,113.6050242,457555090723500,457555188309200,2026-10-05T06:00:27.286082+00:00,2026-10-05T06:00:27.381158+00:00,
4,T005,PUFF_LEFT,task,124,13,14,15,11,R7,L8,R8,R6,10000,600.0,139.0,-335.0,362.6927073984256,-67.46519765257985,113.6054522,113.712207,457555188737200,457555295492000,2026-10-05T06:00:27.381158+00:00,2026-10-05T06:00:27.489892+00:00,
4,T005,PUFF_LEFT,task,125,13,9,7,11,R7,R5,R4,R6,10000,600.0,39.0,-93.0,100.84641788382967,-67.24902365721238,113.7124582,113.8091425,457555295743200,457555392427500,2026-10-05T06:00:27.489892+00:00,2026-10-05T06:00:27.590179+00:00,
4,T005,PUFF_LEFT,task,126,13,7,5,11,R7,R4,R3,R6,10000,600.0,-7.0,4.0,8.06225774829855,150.25511870305778,113.8093691,113.906133,457555392654100,457555489418000,2026-10-05T06:00:27.590179+00:00,2026-10-05T06:00:27.687648+00:00,
4,T005,PUFF_LEFT,task,127,13,5,3,11,R7,R3,R2,R6,10000,600.0,7.0,-21.0,22.135943621178654,-71.56505117707799,113.906402,114.0010664,457555489687000,457555584351400,2026-10-05T06:00:27.687648+00:00,2026-10-05T06:00:27.779186+00:00,
4,T005,PUFF_LEFT,task,128,13,3,1,11,R7,R2,R1,R6,10000,600.0,-2.0,-15.0,15.132745950421556,-97.59464336859145,114.0013646,114.0970553,457555584649600,457555680340300,2026-10-05T06:00:27.779186+00:00,2026-10-05T06:00:27.874126+00:00,
4,T005,PUFF_LEFT,task,129,13,1,0,11,R7,R1,L1,R6,10000,600.0,34.0,-60.0,68.96375859826666,-60.4612177404419,114.0973368,114.1939971,457555680621800,457555777282100,2026-10-05T06:00:27.874126+00:00,2026-10-05T06:00:27.974058+00:00,
4,T005,PUFF_LEFT,task,130,11,0,2,9,R6,L1,L2,R5,10000,600.0,-3.0,-2.0,3.605551275463989,-146.30993247402023,114.1942547,114.2920616,457555777539700,457555875346600,2026-10-05T06:00:27.974058+00:00,2026-10-05T06:00:28.070778+00:00,
4,T005,PUFF_LEFT,task,131,11,2,4,9,R6,L2,L3,R5,10000,600.0,4.0,-20.0,20.396078054371138,-78.69006752597979,114.2924032,114.3880286,457555875688200,457555971313600,2026-10-05T06:00:28.070778+00:00,2026-10-05T06:00:28.169143+00:00,
4,T005,PUFF_LEFT,task,132,11,4,6,9,R6,L3,L4,R5,10000,600.0,1.0,-4.0,4.123105625617661,-75.96375653207353,114.3883107,114.4860179,457555971595700,457556069302900,2026-10-05T06:00:28.169143+00:00,2026-10-05T06:00:28.259393+00:00,
4,T005,PUFF_LEFT,task,133,11,6,8,9,R6,L4,L5,R5,10000,600.0,4.0,-17.0,17.46424919657298,-76.7594800848128,114.4862992,114.5841363,457556069584200,457556167421300,2026-10-05T06:00:28.259393+00:00,2026-10-05T06:00:28.359146+00:00,
4,T005,PUFF_LEFT,task,134,11,8,10,9,R6,L5,L6,R5,10000,600.0,4.0,-32.0,32.2490309931942,-82.8749836510982,114.5843756,114.6821505,457556167660600,457556265435500,2026-10-05T06:00:28.359146+00:00,2026-10-05T06:00:28.459156+00:00,
4,T005,PUFF_LEFT,task,135,11,10,12,9,R6,L6,L7,R5,10000,600.0,9.0,-25.0,26.570660511172846,-70.20112364547508,114.6824016,114.7851085,457556265686600,457556368393500,2026-10-05T06:00:28.459156+00:00,2026-10-05T06:00:28.565482+00:00,
4,T005,PUFF_LEFT,task,136,11,12,14,9,R6,L7,L8,R5,10000,600.0,9.0,-27.0,28.460498941515414,-71.56505117707799,114.7853499,114.8920066,457556368634900,457556475291600,2026-10-05T06:00:28.565482+00:00,2026-10-05T06:00:28.672869+00:00,
4,T005,PUFF_LEFT,task,137,11,14,15,9,R6,L8,R8,R5,10000,600.0,28.0,-76.0,80.99382692526635,-69.77514056883192,114.8922724,114.989039,457556475557400,457556572324000,2026-10-05T06:00:28.672869+00:00,2026-10-05T06:00:28.769151+00:00,
4,T005,PUFF_LEFT,task,138,11,15,13,9,R6,R8,R7,R5,10000,600.0,70.0,-192.0,204.3624231604235,-69.96898731910227,114.9892786,115.0929963,457556572563600,457556676281300,2026-10-05T06:00:28.769151+00:00,2026-10-05T06:00:28.874459+00:00,
4,T005,PUFF_LEFT,task,139,11,7,5,9,R6,R4,R3,R5,10000,600.0,-131.0,345.0,369.0338737839658,110.79227766900394,115.0933244,115.1911821,457556676609400,457556774467100,2026-10-05T06:00:28.874459+00:00,2026-10-05T06:00:28.970369+00:00,
4,T005,PUFF_LEFT,task,140,11,5,3,9,R6,R3,R2,R5,10000,600.0,70.0,-191.0,203.42320418280704,-69.87251130699204,115.1914185,115.2980308,457556774703500,457556881315800,2026-10-05T06:00:28.970369+00:00,2026-10-05T06:00:29.079286+00:00,
4,T005,PUFF_LEFT,task,141,11,3,1,9,R6,R2,R1,R5,10000,600.0,38.0,-133.0,138.32208789632983,-74.05460409907715,115.2983119,115.395001,457556881596900,457556978286000,2026-10-05T06:00:29.079286+00:00,2026-10-05T06:00:29.171100+00:00,
4,T005,PUFF_LEFT,task,142,11,1,0,9,R6,R1,L1,R5,10000,600.0,37.0,-81.0,89.05054744357274,-65.44954761079258,115.3952622,115.4951432,457556978547200,457557078428200,2026-10-05T06:00:29.171100+00:00,2026-10-05T06:00:29.272736+00:00,
4,T005,PUFF_LEFT,task,143,9,0,2,7,R5,L1,L2,R4,10000,600.0,-24.0,57.0,61.84658438426491,112.83365417791754,115.4954442,115.5990398,457557078729200,457557182324800,2026-10-05T06:00:29.272736+00:00,2026-10-05T06:00:29.379493+00:00,
4,T005,PUFF_LEFT,task,144,9,2,4,7,R5,L2,L3,R4,10000,600.0,0.0,-11.0,11.0,-90.0,115.5992726,115.6961422,457557182557600,457557279427200,2026-10-05T06:00:29.379493+00:00,2026-10-05T06:00:29.477466+00:00,
4,T005,PUFF_LEFT,task,145,9,4,6,7,R5,L3,L4,R4,10000,600.0,-21.0,56.0,59.80802621722272,110.55604521958347,115.6963496,115.7990068,457557279634600,457557382291800,2026-10-05T06:00:29.477466+00:00,2026-10-05T06:00:29.579614+00:00,
4,T005,PUFF_LEFT,task,146,9,6,8,7,R5,L4,L5,R4,10000,600.0,20.0,-66.0,68.96375859826666,-73.14160123226172,115.7992529,115.8970184,457557382537900,457557480303400,2026-10-05T06:00:29.579614+00:00,2026-10-05T06:00:29.677692+00:00,
4,T005,PUFF_LEFT,task,147,9,8,10,7,R5,L5,L6,R4,10000,600.0,-6.0,-5.0,7.810249675906654,-140.19442890773482,115.8972998,115.9930373,457557480584800,457557576322300,2026-10-05T06:00:29.677692+00:00,2026-10-05T06:00:29.773221+00:00,
4,T005,PUFF_LEFT,task,148,9,10,12,7,R5,L6,L7,R4,10000,600.0,9.0,-26.0,27.51363298439521,-70.90650799951439,115.993272,116.0896057,457557576557000,457557672890700,2026-10-05T06:00:29.773221+00:00,2026-10-05T06:00:29.869353+00:00,
4,T005,PUFF_LEFT,task,149,9,12,14,7,R5,L7,L8,R4,10000,600.0,0.0,-21.0,21.0,-90.0,116.0898582,116.2000071,457557673143200,457557783292100,2026-10-05T06:00:29.869353+00:00,2026-10-05T06:00:29.979263+00:00,
4,T005,PUFF_LEFT,task,150,9,14,15,7,R5,L8,R8,R4,10000,600.0,10.0,-41.0,42.20189569201838,-76.2930389959202,116.200278,116.2970034,457557783563000,457557880288400,2026-10-05T06:00:29.979263+00:00,2026-10-05T06:00:30.078228+00:00,
4,T005,PUFF_LEFT,task,151,9,15,13,7,R5,R8,R7,R4,10000,600.0,13.0,-59.0,60.41522986797286,-77.57405713457253,116.2972304,116.3961397,457557880515400,457557979424700,2026-10-05T06:00:30.078228+00:00,2026-10-05T06:00:30.171438+00:00,
4,T005,PUFF_LEFT,task,152,9,13,11,7,R5,R7,R6,R4,10000,600.0,19.0,-84.0,86.12200647918046,-77.25471052686716,116.3963848,116.4981343,457557979669800,457558081419300,2026-10-05T06:00:30.171438+00:00,2026-10-05T06:00:30.279590+00:00,
4,T005,PUFF_LEFT,task,153,9,5,3,7,R5,R3,R2,R4,10000,600.0,-82.0,251.0,264.0549185302179,108.09186442339849,116.4983664,116.5961622,457558081651400,457558179447200,2026-10-05T06:00:30.279590+00:00,2026-10-05T06:00:30.370838+00:00,
4,T005,PUFF_LEFT,task,154,9,3,1,7,R5,R2,R1,R4,10000,600.0,-17.0,34.0,38.01315561749642,116.56505117707799,116.5963955,116.6940035,457558179680500,457558277288500,2026-10-05T06:00:30.370838+00:00,2026-10-05T06:00:30.469577+00:00,
4,T005,PUFF_LEFT,task,155,9,1,0,7,R5,R1,L1,R4,10000,600.0,16.0,-12.0,20.0,-36.86989764584402,116.6942526,116.7951377,457558277537600,457558378422700,2026-10-05T06:00:30.469577+00:00,2026-10-05T06:00:30.571004+00:00,
4,T005,PUFF_LEFT,task,156,7,0,2,5,R4,L1,L2,R3,10000,600.0,1.0,-34.0,34.0147027033899,-88.31531568210372,116.795385,116.8980846,457558378670000,457558481369600,2026-10-05T06:00:30.571004+00:00,2026-10-05T06:00:30.678173+00:00,
4,T005,PUFF_LEFT,task,157,7,2,4,5,R4,L2,L3,R3,10000,600.0,-3.0,-6.0,6.708203932499369,-116.56505117707799,116.8983156,116.9961496,457558481600600,457558579434600,2026-10-05T06:00:30.678173+00:00,2026-10-05T06:00:30.769264+00:00,
4,T005,PUFF_LEFT,task,158,7,4,6,5,R4,L3,L4,R3,10000,600.0,3.0,-36.0,36.124783736376884,-85.23635830927383,116.9963811,117.0930238,457558579666100,457558676308800,2026-10-05T06:00:30.769264+00:00,2026-10-05T06:00:30.870222+00:00,
4,T005,PUFF_LEFT,task,159,7,6,8,5,R4,L4,L5,R3,10000,600.0,-1.0,16.0,16.0312195418814,93.57633437499736,117.0932783,117.1890466,457558676563300,457558772331600,2026-10-05T06:00:30.870222+00:00,2026-10-05T06:00:30.969377+00:00,
4,T005,PUFF_LEFT,task,160,7,8,10,5,R4,L5,L6,R3,10000,600.0,-5.0,-2.0,5.385164807134504,-158.19859051364818,117.1893211,117.287139,457558772606100,457558870424000,2026-10-05T06:00:30.969377+00:00,2026-10-05T06:00:31.059522+00:00,
4,T005,PUFF_LEFT,task,161,7,10,12,5,R4,L6,L7,R3,10000,600.0,0.0,5.0,5.0,90.0,117.28738,117.3859923,457558870665000,457558969277300,2026-10-05T06:00:31.059522+00:00,2026-10-05T06:00:31.167062+00:00,
4,T005,PUFF_LEFT,task,162,7,12,14,5,R4,L7,L8,R3,10000,600.0,-6.0,7.0,9.219544457292887,130.6012946450045,117.3862365,117.4872103,457558969521500,457559070495300,2026-10-05T06:00:31.167062+00:00,2026-10-05T06:00:31.259176+00:00,
4,T005,PUFF_LEFT,task,163,7,14,15,5,R4,L8,R8,R3,10000,600.0,-7.0,20.0,21.18962010041709,109.29004621918874,117.487447,117.5849931,457559070732000,457559168278100,2026-10-05T06:00:31.259176+00:00,2026-10-05T06:00:31.366172+00:00,
4,T005,PUFF_LEFT,task,164,7,15,13,5,R4,R8,R7,R3,10000,600.0,-8.0,16.0,17.88854381999832,116.56505117707799,117.5852452,117.6800168,457559168530200,457559263301800,2026-10-05T06:00:31.366172+00:00,2026-10-05T06:00:31.459407+00:00,
4,T005,PUFF_LEFT,task,165,7,13,11,5,R4,R7,R6,R3,10000,600.0,-9.0,12.0,15.0,126.86989764584402,117.6802728,117.7812995,457559263557800,457559364584500,2026-10-05T06:00:31.459407+00:00,2026-10-05T06:00:31.562650+00:00,
4,T005,PUFF_LEFT,task,166,7,11,9,5,R4,R6,R5,R3,10000,600.0,-62.0,304.0,310.2579571904643,101.52723527349575,117.7815391,117.8810509,457559364824100,457559464335900,2026-10-05T06:00:31.562650+00:00,2026-10-05T06:00:31.659342+00:00,
4,T005,PUFF_LEFT,task,167,7,3,1,5,R4,R2,R1,R3,10000,600.0,58.0,-444.0,447.7722635447622,-82.55755875734572,117.8813243,117.9769989,457559464609300,457559560283900,2026-10-05T06:00:31.659342+00:00,2026-10-05T06:00:31.757912+00:00,
4,T005,PUFF_LEFT,task,168,7,1,0,5,R4,R1,L1,R3,10000,600.0,42.0,-99.0,107.54068997360952,-67.01128319791937,117.9773353,118.0779963,457559560620300,457559661281300,2026-10-05T06:00:31.757912+00:00,2026-10-05T06:00:31.859229+00:00,
4,T005,PUFF_LEFT,task,169,5,0,2,3,R3,L1,L2,R2,10000,600.0,-13.0,27.0,29.966648127543394,115.70995378081126,118.0782464,118.1910467,457559661531400,457559774331700,2026-10-05T06:00:31.859229+00:00,2026-10-05T06:00:31.972111+00:00,
4,T005,PUFF_LEFT,task,170,5,2,4,3,R3,L2,L3,R2,10000,600.0,1.0,-19.0,19.026297590440446,-86.98721249581666,118.1912791,118.2880477,457559774564100,457559871332700,2026-10-05T06:00:31.972111+00:00,2026-10-05T06:00:32.069303+00:00,
4,T005,PUFF_LEFT,task,171,5,4,6,3,R3,L3,L4,R2,10000,600.0,0.0,-9.0,9.0,-90.0,118.2883065,118.3871321,457559871591500,457559970417100,2026-10-05T06:00:32.069303+00:00,2026-10-05T06:00:32.159115+00:00,
4,T005,PUFF_LEFT,task,172,5,6,8,3,R3,L4,L5,R2,10000,600.0,-1.0,-6.0,6.082762530298219,-99.46232220802563,118.3874249,118.4840608,457559970709900,457560067345800,2026-10-05T06:00:32.159115+00:00,2026-10-05T06:00:32.261058+00:00,
4,T005,PUFF_LEFT,task,173,5,8,10,3,R3,L5,L6,R2,10000,600.0,-6.0,-5.0,7.810249675906654,-140.19442890773482,118.4843142,118.5831503,457560067599200,457560166435300,2026-10-05T06:00:32.261058+00:00,2026-10-05T06:00:32.359581+00:00,
4,T005,PUFF_LEFT,task,174,5,10,12,3,R3,L6,L7,R2,10000,600.0,3.0,-11.0,11.40175425099138,-74.74488129694222,118.5833859,118.6811567,457560166670900,457560264441700,2026-10-05T06:00:32.359581+00:00,2026-10-05T06:00:32.459173+00:00,
4,T005,PUFF_LEFT,task,175,5,12,14,3,R3,L7,L8,R2,10000,600.0,-5.0,-6.0,7.810249675906654,-129.8055710922652,118.6814068,118.7932704,457560264691800,457560376555400,2026-10-05T06:00:32.459173+00:00,2026-10-05T06:00:32.573743+00:00,
4,T005,PUFF_LEFT,task,176,5,14,15,3,R3,L8,R8,R2,10000,600.0,-1.0,-8.0,8.06225774829855,-97.1250163489018,118.793547,118.8910249,457560376832000,457560474309900,2026-10-05T06:00:32.573743+00:00,2026-10-05T06:00:32.670926+00:00,
4,T005,PUFF_LEFT,task,177,5,15,13,3,R3,R8,R7,R2,10000,600.0,-3.0,-15.0,15.297058540778355,-101.30993247402021,118.891288,119.0000145,457560474573000,457560583299500,2026-10-05T06:00:32.670926+00:00,2026-10-05T06:00:32.780649+00:00,
4,T005,PUFF_LEFT,task,178,5,13,11,3,R3,R7,R6,R2,10000,600.0,-7.0,-15.0,16.55294535724685,-115.01689347810004,119.0002574,119.0979992,457560583542400,457560681284200,2026-10-05T06:00:32.780649+00:00,2026-10-05T06:00:32.879278+00:00,
4,T005,PUFF_LEFT,task,179,5,11,9,3,R3,R6,R5,R2,10000,600.0,20.0,-185.0,186.07794065928394,-83.8298249049704,119.0982392,119.1961527,457560681524200,457560779437700,2026-10-05T06:00:32.879278+00:00,2026-10-05T06:00:32.970033+00:00,
4,T005,PUFF_LEFT,task,180,5,9,7,3,R3,R5,R4,R2,10000,600.0,-45.0,258.0,261.895017134729,99.89392066973542,119.1965118,119.2950684,457560779796800,457560878353400,2026-10-05T06:00:32.970033+00:00,2026-10-05T06:00:33.071507+00:00,
4,T005,PUFF_LEFT,task,181,5,1,0,3,R3,R1,L1,R2,10000,600.0,30.0,-55.0,62.64982043070834,-61.38954033403479,119.295519,119.3941696,457560878804000,457560977454600,2026-10-05T06:00:33.071507+00:00,2026-10-05T06:00:33.172362+00:00,
4,T005,PUFF_LEFT,task,182,3,0,2,1,R2,L1,L2,R1,10000,600.0,5.0,-257.0,257.0486335306998,-88.8854367275153,119.3944248,119.4931731,457560977709800,457561076458100,2026-10-05T06:00:33.172362+00:00,2026-10-05T06:00:33.272236+00:00,
4,T005,PUFF_LEFT,task,183,3,2,4,1,R2,L2,L3,R1,10000,600.0,-2.0,-10.0,10.198039027185569,-101.30993247402021,119.4934153,119.5920271,457561076700300,457561175312100,2026-10-05T06:00:33.272236+00:00,2026-10-05T06:00:33.372175+00:00,
4,T005,PUFF_LEFT,task,184,3,4,6,1,R2,L3,L4,R1,10000,600.0,-5.0,-10.0,11.180339887498949,-116.56505117707799,119.5922856,119.6912008,457561175570600,457561274485800,2026-10-05T06:00:33.372175+00:00,2026-10-05T06:00:33.472461+00:00,
4,T005,PUFF_LEFT,task,185,3,6,8,1,R2,L4,L5,R1,10000,600.0,-1.0,12.0,12.041594578792296,94.76364169072617,119.691487,119.7890175,457561274772000,457561372302500,2026-10-05T06:00:33.472461+00:00,2026-10-05T06:00:33.569360+00:00,
4,T005,PUFF_LEFT,task,186,3,8,10,1,R2,L5,L6,R1,10000,600.0,-9.0,-5.0,10.295630140987,-150.94539590092285,119.7893484,119.8860081,457561372633400,457561469293100,2026-10-05T06:00:33.569360+00:00,2026-10-05T06:00:33.666678+00:00,
4,T005,PUFF_LEFT,task,187,3,10,12,1,R2,L6,L7,R1,10000,600.0,1.0,-3.0,3.1622776601683795,-71.56505117707799,119.8862943,119.9850098,457561469579300,457561568294800,2026-10-05T06:00:33.667680+00:00,2026-10-05T06:00:33.765041+00:00,
4,T005,PUFF_LEFT,task,188,3,12,14,1,R2,L7,L8,R1,10000,600.0,-9.0,0.0,9.0,180.0,119.9852725,120.0821672,457561568557500,457561665452200,2026-10-05T06:00:33.765041+00:00,2026-10-05T06:00:33.859230+00:00,
4,T005,PUFF_LEFT,task,189,3,14,15,1,R2,L8,R8,R1,10000,600.0,-4.0,0.0,4.0,180.0,120.0824097,120.1820938,457561665694700,457561765378800,2026-10-05T06:00:33.859230+00:00,2026-10-05T06:00:33.959227+00:00,
4,T005,PUFF_LEFT,task,190,3,15,13,1,R2,R8,R7,R1,10000,600.0,-8.0,-13.0,15.264337522473747,-121.60750224624891,120.1824008,120.2780808,457561765685800,457561861365800,2026-10-05T06:00:33.959227+00:00,2026-10-05T06:00:34.059397+00:00,
4,T005,PUFF_LEFT,task,191,3,13,11,1,R2,R7,R6,R1,10000,600.0,-12.0,-18.0,21.633307652783937,-123.69006752597979,120.2783343,120.3750358,457561861619300,457561958320800,2026-10-05T06:00:34.059397+00:00,2026-10-05T06:00:34.154692+00:00,
4,T005,PUFF_LEFT,task,192,3,11,9,1,R2,R6,R5,R1,10000,600.0,-4.0,-105.0,105.07616285342742,-92.18164140355147,120.3752886,120.4734817,457561958573600,457562056766700,2026-10-05T06:00:34.154692+00:00,2026-10-05T06:00:34.254689+00:00,
4,T005,PUFF_LEFT,task,193,3,9,7,1,R2,R5,R4,R1,10000,600.0,-10.0,4.0,10.770329614269007,158.19859051364818,120.4739958,120.5722131,457562057280800,457562155498100,2026-10-05T06:00:34.255088+00:00,2026-10-05T06:00:34.353418+00:00,
4,T005,PUFF_LEFT,task,194,3,7,5,1,R2,R4,R3,R1,10000,600.0,-9.0,-331.0,331.1223338888514,-91.55750753236643,120.572455,120.6700335,457562155740000,457562253318500,2026-10-05T06:00:34.353418+00:00,2026-10-05T06:00:34.449339+00:00,
4,T005,PUFF_LEFT,task,195,1,2,4,0,R1,L2,L3,L1,10000,600.0,-7.0,24.0,25.0,106.26020470831196,120.6702799,120.7680167,457562253564900,457562351301700,2026-10-05T06:00:34.449339+00:00,2026-10-05T06:00:34.549290+00:00,
4,T005,PUFF_LEFT,task,196,1,4,6,0,R1,L3,L4,L1,10000,600.0,2.0,-27.0,27.073972741361768,-85.76360520094116,120.768263,120.8671662,457562351548000,457562450451200,2026-10-05T06:00:34.549290+00:00,2026-10-05T06:00:34.641597+00:00,
4,T005,PUFF_LEFT,task,197,1,6,8,0,R1,L4,L5,L1,10000,600.0,-4.0,24.0,24.331050121192877,99.46232220802563,120.8674003,120.9651512,457562450685300,457562548436200,2026-10-05T06:00:34.641597+00:00,2026-10-05T06:00:34.739436+00:00,
4,T005,PUFF_LEFT,task,198,1,8,10,0,R1,L5,L6,L1,10000,600.0,-2.0,-10.0,10.198039027185569,-101.30993247402021,120.9653868,121.0630679,457562548671800,457562646352900,2026-10-05T06:00:34.739436+00:00,2026-10-05T06:00:34.843387+00:00,
4,T005,PUFF_LEFT,task,199,1,10,12,0,R1,L6,L7,L1,10000,600.0,1.0,-8.0,8.06225774829855,-82.8749836510982,121.0633338,121.1611939,457562646618800,457562744478900,2026-10-05T06:00:34.843387+00:00,2026-10-05T06:00:34.939236+00:00,
4,T005,PUFF_LEFT,task,200,1,12,14,0,R1,L7,L8,L1,10000,600.0,-2.0,-10.0,10.198039027185569,-101.30993247402021,121.1614739,121.2600081,457562744758900,457562843293100,2026-10-05T06:00:34.939236+00:00,2026-10-05T06:00:35.039432+00:00,
4,T005,PUFF_LEFT,task,201,1,14,15,0,R1,L8,R8,L1,10000,600.0,0.0,-13.0,13.0,-90.0,121.2602582,121.3560324,457562843543200,457562939317400,2026-10-05T06:00:35.039432+00:00,2026-10-05T06:00:35.136738+00:00,
4,T005,PUFF_LEFT,task,202,1,15,13,0,R1,R8,R7,L1,10000,600.0,-2.0,-11.0,11.180339887498949,-100.30484646876603,121.3565651,121.4541559,457562939850100,457563037440900,2026-10-05T06:00:35.137738+00:00,2026-10-05T06:00:35.229327+00:00,
4,T005,PUFF_LEFT,task,203,1,13,11,0,R1,R7,R6,L1,10000,600.0,-4.0,-1.0,4.123105625617661,-165.96375653207352,121.4544256,121.550012,457563037710600,457563133297000,2026-10-05T06:00:35.229327+00:00,2026-10-05T06:00:35.331456+00:00,
4,T005,PUFF_LEFT,task,204,1,11,9,0,R1,R6,R5,L1,10000,600.0,0.0,-24.0,24.0,-90.0,121.5503259,121.6461509,457563133610900,457563229435900,2026-10-05T06:00:35.331456+00:00,2026-10-05T06:00:35.419604+00:00,
4,T005,PUFF_LEFT,task,205,1,9,7,0,R1,R5,R4,L1,10000,600.0,-6.0,37.0,37.48332962798263,99.21102654081668,121.6463926,121.7451449,457563229677600,457563328429900,2026-10-05T06:00:35.419604+00:00,2026-10-05T06:00:35.522368+00:00,
4,T005,PUFF_LEFT,task,206,1,7,5,0,R1,R4,R3,L1,10000,600.0,-1.0,-37.0,37.013511046643494,-91.54815769897796,121.7454457,121.8475293,457563328730700,457563430814300,2026-10-05T06:00:35.522368+00:00,2026-10-05T06:00:35.627314+00:00,
4,T005,PUFF_LEFT,task,207,1,5,3,0,R1,R3,R2,L1,10000,600.0,-1.0,4.0,4.123105625617661,104.03624346792648,121.8478573,121.9540341,457563431142300,457563537319100,2026-10-05T06:00:35.629317+00:00,2026-10-05T06:00:35.734762+00:00,
5,T006,PUFF_RIGHT,task,0,0,4,6,2,L1,L3,L4,L2,10000,600.0,73.0,-282.0,291.2953827303138,-75.48670028324179,124.2383194,124.3361398,457565821604400,457565919424800,2026-10-05T06:00:38.019270+00:00,2026-10-05T06:00:38.109237+00:00,
5,T006,PUFF_RIGHT,task,1,0,6,8,2,L1,L4,L5,L2,10000,600.0,25.0,-95.0,98.2344135219425,-75.25643716352927,124.336425,124.4351377,457565919710000,457566018422700,2026-10-05T06:00:38.109237+00:00,2026-10-05T06:00:38.209461+00:00,
5,T006,PUFF_RIGHT,task,2,0,8,10,2,L1,L5,L6,L2,10000,600.0,16.0,-80.0,81.58431221748455,-78.69006752597979,124.4353657,124.5321132,457566018650700,457566115398200,2026-10-05T06:00:38.209461+00:00,2026-10-05T06:00:38.313409+00:00,
5,T006,PUFF_RIGHT,task,3,0,10,12,2,L1,L6,L7,L2,10000,600.0,17.0,-51.0,53.75872022286245,-71.56505117707799,124.5323681,124.6302681,457566115653100,457566213553100,2026-10-05T06:00:38.313409+00:00,2026-10-05T06:00:38.411599+00:00,
5,T006,PUFF_RIGHT,task,4,0,12,14,2,L1,L7,L8,L2,10000,600.0,-2.0,-15.0,15.132745950421556,-97.59464336859145,124.630504,124.7300388,457566213789000,457566313323800,2026-10-05T06:00:38.411599+00:00,2026-10-05T06:00:38.509455+00:00,
5,T006,PUFF_RIGHT,task,5,0,14,15,2,L1,L8,R8,L2,10000,600.0,-2.0,-2.0,2.8284271247461903,-135.0,124.7302794,124.8301663,457566313564400,457566413451300,2026-10-05T06:00:38.509455+00:00,2026-10-05T06:00:38.609033+00:00,
5,T006,PUFF_RIGHT,task,6,0,15,13,2,L1,R8,R7,L2,10000,600.0,-2.0,-4.0,4.47213595499958,-116.56505117707799,124.8304166,124.9281796,457566413701600,457566511464600,2026-10-05T06:00:38.609033+00:00,2026-10-05T06:00:38.709468+00:00,
5,T006,PUFF_RIGHT,task,7,0,13,11,2,L1,R7,R6,L2,10000,600.0,-14.0,23.0,26.92582403567252,121.32869286780416,124.9284321,125.027182,457566511717100,457566610467000,2026-10-05T06:00:38.709468+00:00,2026-10-05T06:00:38.804551+00:00,
5,T006,PUFF_RIGHT,task,8,0,11,9,2,L1,R6,R5,L2,10000,600.0,-2.0,-7.0,7.280109889280518,-105.94539590092286,125.027438,125.1240587,457566610723000,457566707343700,2026-10-05T06:00:38.804551+00:00,2026-10-05T06:00:38.904593+00:00,
5,T006,PUFF_RIGHT,task,9,0,9,7,2,L1,R5,R4,L2,10000,600.0,-24.0,62.0,66.48308055437865,111.16125981682828,125.12439,125.222009,457566707675000,457566805294000,2026-10-05T06:00:38.904593+00:00,2026-10-05T06:00:38.999234+00:00,
5,T006,PUFF_RIGHT,task,10,0,7,5,2,L1,R4,R3,L2,10000,600.0,2.0,-41.0,41.048751503547585,-87.20729763428672,125.2222779,125.3200182,457566805562900,457566903303200,2026-10-05T06:00:38.999234+00:00,2026-10-05T06:00:39.101409+00:00,
5,T006,PUFF_RIGHT,task,11,0,5,3,2,L1,R3,R2,L2,10000,600.0,-14.0,26.0,29.5296461204668,118.30075576600638,125.3203045,125.419036,457566903589500,457567002321000,2026-10-05T06:00:39.101409+00:00,2026-10-05T06:00:39.199430+00:00,
5,T006,PUFF_RIGHT,task,12,0,3,1,2,L1,R2,R1,L2,10000,600.0,82.0,-361.0,370.19589408852175,-77.20259406153788,125.419317,125.5171365,457567002602000,457567100421500,2026-10-05T06:00:39.199430+00:00,2026-10-05T06:00:39.289493+00:00,
5,T006,PUFF_RIGHT,task,13,2,6,8,4,L2,L4,L5,L3,10000,600.0,-65.0,237.0,245.75190741884384,105.33691133773591,125.5173893,125.616143,457567100674300,457567199428000,2026-10-05T06:00:39.289493+00:00,2026-10-05T06:00:39.391449+00:00,
5,T006,PUFF_RIGHT,task,14,2,8,10,4,L2,L5,L6,L3,10000,600.0,38.0,-156.0,160.5615146914104,-76.3099503825345,125.6163896,125.7141447,457567199674600,457567297429700,2026-10-05T06:00:39.391449+00:00,2026-10-05T06:00:39.492288+00:00,
5,T006,PUFF_RIGHT,task,15,2,10,12,4,L2,L6,L7,L3,10000,600.0,13.0,-43.0,44.9221548904324,-73.17859010995917,125.7144026,125.8120239,457567297687600,457567395308900,2026-10-05T06:00:39.492288+00:00,2026-10-05T06:00:39.592975+00:00,
5,T006,PUFF_RIGHT,task,16,2,12,14,4,L2,L7,L8,L3,10000,600.0,1.0,-18.0,18.027756377319946,-86.82016988013577,125.8122757,125.9161449,457567395560700,457567499429900,2026-10-05T06:00:39.592975+00:00,2026-10-05T06:00:39.689744+00:00,
5,T006,PUFF_RIGHT,task,17,2,14,15,4,L2,L8,R8,L3,10000,600.0,2.0,-12.0,12.165525060596439,-80.53767779197439,125.9164402,126.0151547,457567499725200,457567598439700,2026-10-05T06:00:39.689744+00:00,2026-10-05T06:00:39.794027+00:00,
5,T006,PUFF_RIGHT,task,18,2,15,13,4,L2,R8,R7,L3,10000,600.0,-1.0,-9.0,9.055385138137417,-96.3401917459099,126.0153814,126.1131824,457567598666400,457567696467400,2026-10-05T06:00:39.794027+00:00,2026-10-05T06:00:39.890928+00:00,
5,T006,PUFF_RIGHT,task,19,2,13,11,4,L2,R7,R6,L3,10000,600.0,-6.0,-3.0,6.708203932499369,-153.434948822922,126.113374,126.2151876,457567696659000,457567798472600,2026-10-05T06:00:39.890928+00:00,2026-10-05T06:00:39.994742+00:00,
5,T006,PUFF_RIGHT,task,20,2,11,9,4,L2,R6,R5,L3,10000,600.0,1.0,-16.0,16.0312195418814,-86.42366562500266,126.2154456,126.3141441,457567798730600,457567897429100,2026-10-05T06:00:39.994742+00:00,2026-10-05T06:00:40.089988+00:00,
5,T006,PUFF_RIGHT,task,21,2,9,7,4,L2,R5,R4,L3,10000,600.0,-7.0,4.0,8.06225774829855,150.25511870305778,126.3143873,126.4121748,457567897672300,457567995459800,2026-10-05T06:00:40.089988+00:00,2026-10-05T06:00:40.189831+00:00,
5,T006,PUFF_RIGHT,task,22,2,7,5,4,L2,R4,R3,L3,10000,600.0,-9.0,-4.0,9.848857801796104,-156.03751102542182,126.4124246,126.5100861,457567995709600,457568093371100,2026-10-05T06:00:40.189831+00:00,2026-10-05T06:00:40.289917+00:00,
5,T006,PUFF_RIGHT,task,23,2,5,3,4,L2,R3,R2,L3,10000,600.0,1.0,-9.0,9.055385138137417,-83.6598082540901,126.510327,126.6070347,457568093612000,457568190319700,2026-10-05T06:00:40.289917+00:00,2026-10-05T06:00:40.386704+00:00,
5,T006,PUFF_RIGHT,task,24,2,3,1,4,L2,R2,R1,L3,10000,600.0,-19.0,42.0,46.09772228646444,114.34108993669251,126.6072896,126.7060342,457568190574600,457568289319200,2026-10-05T06:00:40.386704+00:00,2026-10-05T06:00:40.486176+00:00,
5,T006,PUFF_RIGHT,task,25,2,1,0,4,L2,R1,L1,L3,10000,600.0,7.0,-8.0,10.63014581273465,-48.81407483429036,126.7062814,126.8041636,457568289566400,457568387448600,2026-10-05T06:00:40.486176+00:00,2026-10-05T06:00:40.579080+00:00,
5,T006,PUFF_RIGHT,task,26,4,0,2,6,L3,L1,L2,L4,10000,600.0,67.0,-289.0,296.66479400158016,-76.94747945870803,126.8044043,126.9011667,457568387689300,457568484451700,2026-10-05T06:00:40.579080+00:00,2026-10-05T06:00:40.679165+00:00,
5,T006,PUFF_RIGHT,task,27,4,8,10,6,L3,L5,L6,L4,10000,600.0,-74.0,240.0,251.14935795259362,107.13627450357599,126.9013958,127.0011955,457568484680800,457568584480500,2026-10-05T06:00:40.679165+00:00,2026-10-05T06:00:40.779318+00:00,
5,T006,PUFF_RIGHT,task,28,4,10,12,6,L3,L6,L7,L4,10000,600.0,-2.0,20.0,20.09975124224178,95.71059313749964,127.0014338,127.10117,457568584718800,457568684455000,2026-10-05T06:00:40.779318+00:00,2026-10-05T06:00:40.879511+00:00,
5,T006,PUFF_RIGHT,task,29,4,12,14,6,L3,L7,L8,L4,10000,600.0,-10.0,19.0,21.470910553583888,117.75854060106003,127.1014034,127.2070266,457568684688400,457568790311600,2026-10-05T06:00:40.879511+00:00,2026-10-05T06:00:40.987778+00:00,
5,T006,PUFF_RIGHT,task,30,4,14,15,6,L3,L8,R8,L4,10000,600.0,-7.0,19.0,20.248456731316587,110.22485943116808,127.2072788,127.3040253,457568790563800,457568887310300,2026-10-05T06:00:40.987778+00:00,2026-10-05T06:00:41.079168+00:00,
5,T006,PUFF_RIGHT,task,31,4,15,13,6,L3,R8,R7,L4,10000,600.0,-5.0,4.0,6.4031242374328485,141.34019174590992,127.304263,127.4092693,457568887548000,457568992554300,2026-10-05T06:00:41.079168+00:00,2026-10-05T06:00:41.189865+00:00,
5,T006,PUFF_RIGHT,task,32,4,13,11,6,L3,R7,R6,L4,10000,600.0,-14.0,23.0,26.92582403567252,121.32869286780416,127.4095964,127.5051536,457568992881400,457569088438600,2026-10-05T06:00:41.190868+00:00,2026-10-05T06:00:41.279454+00:00,
5,T006,PUFF_RIGHT,task,33,4,11,9,6,L3,R6,R5,L4,10000,600.0,0.0,-11.0,11.0,-90.0,127.5054628,127.6031432,457569088747800,457569186428200,2026-10-05T06:00:41.286770+00:00,2026-10-05T06:00:41.379329+00:00,
5,T006,PUFF_RIGHT,task,34,4,9,7,6,L3,R5,R4,L4,10000,600.0,-24.0,55.0,60.00833275470999,113.57470620191262,127.60338,127.7031484,457569186665000,457569286433400,2026-10-05T06:00:41.379329+00:00,2026-10-05T06:00:41.479276+00:00,
5,T006,PUFF_RIGHT,task,35,4,7,5,6,L3,R4,R3,L4,10000,600.0,3.0,-47.0,47.095647357266465,-86.34777721969367,127.7033831,127.8001045,457569286668100,457569383389500,2026-10-05T06:00:41.479276+00:00,2026-10-05T06:00:41.581202+00:00,
5,T006,PUFF_RIGHT,task,36,4,5,3,6,L3,R3,R2,L4,10000,600.0,3.0,-12.0,12.36931687685298,-75.96375653207353,127.8003958,127.8990442,457569383680800,457569482329200,2026-10-05T06:00:41.581202+00:00,2026-10-05T06:00:41.679357+00:00,
5,T006,PUFF_RIGHT,task,37,4,3,1,6,L3,R2,R1,L4,10000,600.0,-16.0,17.0,23.345235059857504,133.26429541107163,127.8993163,127.9971531,457569482601300,457569580438100,2026-10-05T06:00:41.679357+00:00,2026-10-05T06:00:41.769512+00:00,
5,T006,PUFF_RIGHT,task,38,4,1,0,6,L3,R1,L1,L4,10000,600.0,37.0,-108.0,114.16216536138407,-71.08891992543614,127.9973986,128.1000118,457569580683600,457569683296800,2026-10-05T06:00:41.769512+00:00,2026-10-05T06:00:41.879430+00:00,
5,T006,PUFF_RIGHT,task,39,6,0,2,8,L4,L1,L2,L5,10000,600.0,25.0,-78.0,81.9084855189009,-72.22867917709124,128.1002584,128.2030856,457569683543400,457569786370600,2026-10-05T06:00:41.879430+00:00,2026-10-05T06:00:41.984199+00:00,
5,T006,PUFF_RIGHT,task,40,6,2,4,8,L4,L2,L3,L5,10000,600.0,-90.0,242.0,258.1937257177254,110.40020939484253,128.2035728,128.3010464,457569786857800,457569884331400,2026-10-05T06:00:41.984199+00:00,2026-10-05T06:00:42.079096+00:00,
5,T006,PUFF_RIGHT,task,41,6,10,12,8,L4,L6,L7,L5,10000,600.0,74.0,-191.0,204.83407919582132,-68.82191075803873,128.3013019,128.4010182,457569884586900,457569984303200,2026-10-05T06:00:42.079096+00:00,2026-10-05T06:00:42.179262+00:00,
5,T006,PUFF_RIGHT,task,42,6,12,14,8,L4,L7,L8,L5,10000,600.0,22.0,-66.0,69.57010852370435,-71.56505117707799,128.4012617,128.4980035,457569984546700,457570081288500,2026-10-05T06:00:42.179262+00:00,2026-10-05T06:00:42.279279+00:00,
5,T006,PUFF_RIGHT,task,43,6,14,15,8,L4,L8,R8,L5,10000,600.0,15.0,-43.0,45.5411901469428,-70.76932762433871,128.4982719,128.6001245,457570081556900,457570183409500,2026-10-05T06:00:42.279279+00:00,2026-10-05T06:00:42.379163+00:00,
5,T006,PUFF_RIGHT,task,44,6,15,13,8,L4,R8,R7,L5,10000,600.0,4.0,-19.0,19.4164878389476,-78.11134196037202,128.6003651,128.6990729,457570183650100,457570282357900,2026-10-05T06:00:42.379163+00:00,2026-10-05T06:00:42.479366+00:00,
5,T006,PUFF_RIGHT,task,45,6,13,11,8,L4,R7,R6,L5,10000,600.0,4.0,-22.0,22.360679774997898,-79.69515353123397,128.6993358,128.7970244,457570282620800,457570380309400,2026-10-05T06:00:42.479366+00:00,2026-10-05T06:00:42.576098+00:00,
5,T006,PUFF_RIGHT,task,46,6,11,9,8,L4,R6,R5,L5,10000,600.0,0.0,-7.0,7.0,-90.0,128.7972676,128.8990255,457570380552600,457570482310500,2026-10-05T06:00:42.576098+00:00,2026-10-05T06:00:42.679017+00:00,
5,T006,PUFF_RIGHT,task,47,6,9,7,8,L4,R5,R4,L5,10000,600.0,12.0,-41.0,42.720018726587654,-73.68614757373945,128.8992821,128.998009,457570482567100,457570581294000,2026-10-05T06:00:42.679017+00:00,2026-10-05T06:00:42.779235+00:00,
5,T006,PUFF_RIGHT,task,48,6,7,5,8,L4,R4,R3,L5,10000,600.0,-15.0,27.0,30.886890422961002,119.05460409907714,128.9982425,129.095165,457570581527500,457570678450000,2026-10-05T06:00:42.779235+00:00,2026-10-05T06:00:42.872419+00:00,
5,T006,PUFF_RIGHT,task,49,6,5,3,8,L4,R3,R2,L5,10000,600.0,-9.0,12.0,15.0,126.86989764584402,129.0954106,129.1940062,457570678695600,457570777291200,2026-10-05T06:00:42.872419+00:00,2026-10-05T06:00:42.969170+00:00,
5,T006,PUFF_RIGHT,task,50,6,3,1,8,L4,R2,R1,L5,10000,600.0,-34.0,93.0,99.02019995940222,110.08197748418075,129.1942459,129.2920154,457570777530900,457570875300400,2026-10-05T06:00:42.969170+00:00,2026-10-05T06:00:43.072133+00:00,
5,T006,PUFF_RIGHT,task,51,6,1,0,8,L4,R1,L1,L5,10000,600.0,-3.0,11.0,11.40175425099138,105.25511870305779,129.2922952,129.3900507,457570875580200,457570973335700,2026-10-05T06:00:43.072133+00:00,2026-10-05T06:00:43.171250+00:00,
5,T006,PUFF_RIGHT,task,52,8,0,2,10,L5,L1,L2,L6,10000,600.0,34.0,-96.0,101.84301645179212,-70.49755149333778,129.3903005,129.4861446,457570973585500,457571069429600,2026-10-05T06:00:43.171250+00:00,2026-10-05T06:00:43.259093+00:00,
5,T006,PUFF_RIGHT,task,53,8,2,4,10,L5,L2,L3,L6,10000,600.0,75.0,-189.0,203.33715843396652,-68.355564859286,129.4864151,129.585148,457571069700100,457571168433000,2026-10-05T06:00:43.259093+00:00,2026-10-05T06:00:43.359095+00:00,
5,T006,PUFF_RIGHT,task,54,8,4,6,10,L5,L3,L4,L6,10000,600.0,-125.0,298.0,323.154761685481,112.756250740224,129.5853817,129.6940266,457571168666700,457571277311600,2026-10-05T06:00:43.359095+00:00,2026-10-05T06:00:43.474665+00:00,
5,T006,PUFF_RIGHT,task,55,8,12,14,10,L5,L7,L8,L6,10000,600.0,86.0,-205.0,222.3083444227859,-67.24135661865073,129.694256,129.7931575,457571277541000,457571376442500,2026-10-05T06:00:43.475666+00:00,2026-10-05T06:00:43.569044+00:00,
5,T006,PUFF_RIGHT,task,56,8,14,15,10,L5,L8,R8,L6,10000,600.0,23.0,-56.0,60.53924347066124,-67.67134362198085,129.7934094,129.8914447,457571376694400,457571474729700,2026-10-05T06:00:43.569044+00:00,2026-10-05T06:00:43.672066+00:00,
5,T006,PUFF_RIGHT,task,57,8,15,13,10,L5,R8,R7,L6,10000,600.0,7.0,-22.0,23.08679276123039,-72.34987578006988,129.8917,129.992117,457571474985000,457571575402000,2026-10-05T06:00:43.672066+00:00,2026-10-05T06:00:43.769125+00:00,
5,T006,PUFF_RIGHT,task,58,8,13,11,10,L5,R7,R6,L6,10000,600.0,-4.0,-5.0,6.4031242374328485,-128.6598082540901,129.9923461,130.0910627,457571575631100,457571674347700,2026-10-05T06:00:43.769125+00:00,2026-10-05T06:00:43.871879+00:00,
5,T006,PUFF_RIGHT,task,59,8,11,9,10,L5,R6,R5,L6,10000,600.0,9.0,-35.0,36.138621999185304,-75.57922687248902,130.0912793,130.1890449,457571674564300,457571772329900,2026-10-05T06:00:43.871879+00:00,2026-10-05T06:00:43.969209+00:00,
5,T006,PUFF_RIGHT,task,60,8,9,7,10,L5,R5,R4,L6,10000,600.0,-6.0,2.0,6.324555320336759,161.565051177078,130.1916179,130.2890286,457571774902900,457571872313600,2026-10-05T06:00:43.971364+00:00,2026-10-05T06:00:44.069512+00:00,
5,T006,PUFF_RIGHT,task,61,8,7,5,10,L5,R4,R3,L6,10000,600.0,-4.0,-7.0,8.06225774829855,-119.74488129694222,130.2892479,130.3921469,457571872532900,457571975431900,2026-10-05T06:00:44.069512+00:00,2026-10-05T06:00:44.169303+00:00,
5,T006,PUFF_RIGHT,task,62,8,5,3,10,L5,R3,R2,L6,10000,600.0,-1.0,-4.0,4.123105625617661,-104.03624346792648,130.3923784,130.5010622,457571975663400,457572084347200,2026-10-05T06:00:44.169303+00:00,2026-10-05T06:00:44.279801+00:00,
5,T006,PUFF_RIGHT,task,63,8,3,1,10,L5,R2,R1,L6,10000,600.0,-18.0,23.0,29.206163733020468,128.04704253182607,130.5013036,130.602148,457572084588600,457572185433000,2026-10-05T06:00:44.279801+00:00,2026-10-05T06:00:44.379125+00:00,
5,T006,PUFF_RIGHT,task,64,8,1,0,10,L5,R1,L1,L6,10000,600.0,32.0,-63.0,70.66116330771806,-63.0723221489595,130.6023847,130.7000293,457572185669700,457572283314300,2026-10-05T06:00:44.379125+00:00,2026-10-05T06:00:44.479342+00:00,
5,T006,PUFF_RIGHT,task,65,10,0,2,12,L6,L1,L2,L7,10000,600.0,27.0,-55.0,61.26989472816156,-63.853158764419106,130.7002723,130.7990155,457572283557300,457572382300500,2026-10-05T06:00:44.479342+00:00,2026-10-05T06:00:44.579286+00:00,
5,T006,PUFF_RIGHT,task,66,10,2,4,12,L6,L2,L3,L7,10000,600.0,23.0,-52.0,56.859475903318,-66.13982480865766,130.7992897,130.8971445,457572382574700,457572480429500,2026-10-05T06:00:44.579286+00:00,2026-10-05T06:00:44.670500+00:00,
5,T006,PUFF_RIGHT,task,67,10,4,6,12,L6,L3,L4,L7,10000,600.0,-12.0,37.0,38.897300677553446,107.96913974015703,130.8973744,130.9941547,457572480659400,457572577439700,2026-10-05T06:00:44.670500+00:00,2026-10-05T06:00:44.772466+00:00,
5,T006,PUFF_RIGHT,task,68,10,6,8,12,L6,L4,L5,L7,10000,600.0,116.0,-241.0,267.46401627134816,-64.29719478802414,130.994391,131.0930085,457572577676000,457572676293500,2026-10-05T06:00:44.772466+00:00,2026-10-05T06:00:44.869277+00:00,
5,T006,PUFF_RIGHT,task,69,10,14,15,12,L6,L8,R8,L7,10000,600.0,140.0,-296.0,327.438543852125,-64.68711619812586,131.0932505,131.1910467,457572676535500,457572774331700,2026-10-05T06:00:44.869277+00:00,2026-10-05T06:00:44.971415+00:00,
5,T006,PUFF_RIGHT,task,70,10,15,13,12,L6,R8,R7,L7,10000,600.0,32.0,-61.0,68.8839603971781,-62.31893843151474,131.1913161,131.2890197,457572774601100,457572872304700,2026-10-05T06:00:44.971415+00:00,2026-10-05T06:00:45.069228+00:00,
5,T006,PUFF_RIGHT,task,71,10,13,11,12,L6,R7,R6,L7,10000,600.0,23.0,-51.0,55.94640292279746,-65.72555886556054,131.2893012,131.3900501,457572872586200,457572973335100,2026-10-05T06:00:45.069228+00:00,2026-10-05T06:00:45.171406+00:00,
5,T006,PUFF_RIGHT,task,72,10,11,9,12,L6,R6,R5,L7,10000,600.0,10.0,-24.0,26.0,-67.38013505195957,131.3903262,131.4870113,457572973611200,457573070296300,2026-10-05T06:00:45.171406+00:00,2026-10-05T06:00:45.267444+00:00,
5,T006,PUFF_RIGHT,task,73,10,9,7,12,L6,R5,R4,L7,10000,600.0,6.0,-14.0,15.231546211727817,-66.80140948635182,131.4872469,131.5861503,457573070531900,457573169435300,2026-10-05T06:00:45.267444+00:00,2026-10-05T06:00:45.367482+00:00,
5,T006,PUFF_RIGHT,task,74,10,7,5,12,L6,R4,R3,L7,10000,600.0,-10.0,7.0,12.206555615733702,145.00797980144134,131.5863829,131.6841482,457573169667900,457573267433200,2026-10-05T06:00:45.367482+00:00,2026-10-05T06:00:45.459385+00:00,
5,T006,PUFF_RIGHT,task,75,10,5,3,12,L6,R3,R2,L7,10000,600.0,1.0,-3.0,3.1622776601683795,-71.56505117707799,131.6843753,131.782154,457573267660300,457573365439000,2026-10-05T06:00:45.459385+00:00,2026-10-05T06:00:45.559062+00:00,
5,T006,PUFF_RIGHT,task,76,10,3,1,12,L6,R2,R1,L7,10000,600.0,-17.0,40.0,43.46262762420146,113.02549200852803,131.7823962,131.8841546,457573365681200,457573467439600,2026-10-05T06:00:45.559062+00:00,2026-10-05T06:00:45.659215+00:00,
5,T006,PUFF_RIGHT,task,77,10,1,0,12,L6,R1,L1,L7,10000,600.0,17.0,-45.0,48.104053883222775,-69.30454926593673,131.8843989,131.9821126,457573467683900,457573565397600,2026-10-05T06:00:45.659215+00:00,2026-10-05T06:00:45.759053+00:00,
5,T006,PUFF_RIGHT,task,78,12,0,2,14,L7,L1,L2,L8,10000,600.0,5.0,-18.0,18.681541692269406,-74.47588900324574,131.982318,132.0841657,457573565603000,457573667450700,2026-10-05T06:00:45.759053+00:00,2026-10-05T06:00:45.859136+00:00,
5,T006,PUFF_RIGHT,task,79,12,2,4,14,L7,L2,L3,L8,10000,600.0,11.0,-27.0,29.154759474226502,-67.83365417791754,132.0843939,132.1811788,457573667678900,457573764463800,2026-10-05T06:00:45.859136+00:00,2026-10-05T06:00:45.959308+00:00,
5,T006,PUFF_RIGHT,task,80,12,4,6,14,L7,L3,L4,L8,10000,600.0,-15.0,28.0,31.76476034853718,118.17859010995917,132.181415,132.2790249,457573764700000,457573862309900,2026-10-05T06:00:45.959308+00:00,2026-10-05T06:00:46.059203+00:00,
5,T006,PUFF_RIGHT,task,81,12,6,8,14,L7,L4,L5,L8,10000,600.0,49.0,-94.0,106.00471687618433,-62.468023251277714,132.2792824,132.3869996,457573862567400,457573970284600,2026-10-05T06:00:46.059203+00:00,2026-10-05T06:00:46.159474+00:00,
5,T006,PUFF_RIGHT,task,82,12,8,10,14,L7,L5,L6,L8,10000,600.0,115.0,-217.0,245.58908770545975,-62.078471654873795,132.3873179,132.4860952,457573970602900,457574069380200,2026-10-05T06:00:46.159474+00:00,2026-10-05T06:00:46.259113+00:00,
5,T006,PUFF_RIGHT,task,83,12,15,13,14,L7,R8,R7,L8,10000,600.0,90.0,-158.0,181.8350901228913,-60.333284793053544,132.4863726,132.5841711,457574069657600,457574167456100,2026-10-05T06:00:46.259113+00:00,2026-10-05T06:00:46.363596+00:00,
5,T006,PUFF_RIGHT,task,84,12,13,11,14,L7,R7,R6,L8,10000,600.0,48.0,-91.0,102.88342918079665,-62.18958455615367,132.58444,132.6811792,457574167725000,457574264464200,2026-10-05T06:00:46.363596+00:00,2026-10-05T06:00:46.459167+00:00,
5,T006,PUFF_RIGHT,task,85,12,11,9,14,L7,R6,R5,L8,10000,600.0,20.0,-34.0,39.44616584663204,-59.53445508054013,132.6814113,132.784263,457574264696300,457574367548000,2026-10-05T06:00:46.459167+00:00,2026-10-05T06:00:46.559091+00:00,
5,T006,PUFF_RIGHT,task,86,12,9,7,14,L7,R5,R4,L8,10000,600.0,6.0,-16.0,17.08800749063506,-69.44395478041653,132.7844948,132.8811601,457574367779800,457574464445100,2026-10-05T06:00:46.559091+00:00,2026-10-05T06:00:46.660762+00:00,
5,T006,PUFF_RIGHT,task,87,12,7,5,14,L7,R4,R3,L8,10000,600.0,-10.0,7.0,12.206555615733702,145.00797980144134,132.8814458,132.9811877,457574464730800,457574564472700,2026-10-05T06:00:46.660762+00:00,2026-10-05T06:00:46.759480+00:00,
5,T006,PUFF_RIGHT,task,88,12,5,3,14,L7,R3,R2,L8,10000,600.0,1.0,-3.0,3.1622776601683795,-71.56505117707799,132.9814221,133.0790104,457574564707100,457574662295400,2026-10-05T06:00:46.759480+00:00,2026-10-05T06:00:46.859482+00:00,
5,T006,PUFF_RIGHT,task,89,12,3,1,14,L7,R2,R1,L8,10000,600.0,-19.0,35.0,39.824615503479755,118.49563861824498,133.0792934,133.1780928,457574662578400,457574761377800,2026-10-05T06:00:46.859482+00:00,2026-10-05T06:00:46.959354+00:00,
5,T006,PUFF_RIGHT,task,90,12,1,0,14,L7,R1,L1,L8,10000,600.0,30.0,-54.0,61.773780845922005,-60.94539590092286,133.1783281,133.2771482,457574761613100,457574860433200,2026-10-05T06:00:46.959354+00:00,2026-10-05T06:00:47.054052+00:00,
5,T006,PUFF_RIGHT,task,91,14,0,2,15,L8,L1,L2,R8,10000,600.0,-2.0,-1.0,2.23606797749979,-153.434948822922,133.2774005,133.3810452,457574860685500,457574964330200,2026-10-05T06:00:47.054052+00:00,2026-10-05T06:00:47.159274+00:00,
5,T006,PUFF_RIGHT,task,92,14,2,4,15,L8,L2,L3,R8,10000,600.0,8.0,-22.0,23.40939982143925,-70.01689347810003,133.3813232,133.4790505,457574964608200,457575062335500,2026-10-05T06:00:47.162778+00:00,2026-10-05T06:00:47.260515+00:00,
5,T006,PUFF_RIGHT,task,93,14,4,6,15,L8,L3,L4,R8,10000,600.0,-13.0,28.0,30.870698080866262,114.90476880809518,133.4793758,133.5761672,457575062660800,457575159452200,2026-10-05T06:00:47.260515+00:00,2026-10-05T06:00:47.353574+00:00,
5,T006,PUFF_RIGHT,task,94,14,6,8,15,L8,L4,L5,R8,10000,600.0,30.0,-66.0,72.49827584156743,-65.55604521958347,133.5764034,133.6750595,457575159688400,457575258344500,2026-10-05T06:00:47.353574+00:00,2026-10-05T06:00:47.456045+00:00,
5,T006,PUFF_RIGHT,task,95,14,8,10,15,L8,L5,L6,R8,10000,600.0,28.0,-60.0,66.2117814289874,-64.98310652189998,133.6754458,133.7720543,457575258730800,457575355339300,2026-10-05T06:00:47.456045+00:00,2026-10-05T06:00:47.552913+00:00,
5,T006,PUFF_RIGHT,task,96,14,10,12,15,L8,L6,L7,R8,10000,600.0,154.0,-303.0,339.8896879871468,-63.05800834332488,133.7722941,133.8810339,457575355579100,457575464318900,2026-10-05T06:00:47.552913+00:00,2026-10-05T06:00:47.662189+00:00,
5,T006,PUFF_RIGHT,task,97,14,13,11,15,L8,R7,R6,R8,10000,600.0,191.0,-392.0,436.05618903989887,-64.02257723916198,133.8812935,133.9790391,457575464578500,457575562324100,2026-10-05T06:00:47.662189+00:00,2026-10-05T06:00:47.759241+00:00,
5,T006,PUFF_RIGHT,task,98,14,11,9,15,L8,R6,R5,R8,10000,600.0,55.0,-104.0,117.64777940955791,-62.128047473596666,133.9793047,134.0761836,457575562589700,457575659468600,2026-10-05T06:00:47.759241+00:00,2026-10-05T06:00:47.855330+00:00,
5,T006,PUFF_RIGHT,task,99,14,9,7,15,L8,R5,R4,R8,10000,600.0,19.0,-39.0,43.382023926967726,-64.02560603756868,134.0764256,134.1777448,457575659710600,457575761029800,2026-10-05T06:00:47.855330+00:00,2026-10-05T06:00:47.959145+00:00,
5,T006,PUFF_RIGHT,task,100,14,7,5,15,L8,R4,R3,R8,10000,600.0,-15.0,14.0,20.518284528683193,136.97493401088198,134.1779847,134.2810318,457575761269700,457575864316800,2026-10-05T06:00:47.959145+00:00,2026-10-05T06:00:48.061566+00:00,
5,T006,PUFF_RIGHT,task,101,14,5,3,15,L8,R3,R2,R8,10000,600.0,4.0,-8.0,8.94427190999916,-63.43494882292201,134.2813145,134.3800524,457575864599500,457575963337400,2026-10-05T06:00:48.062566+00:00,2026-10-05T06:00:48.159233+00:00,
5,T006,PUFF_RIGHT,task,102,14,3,1,15,L8,R2,R1,R8,10000,600.0,-12.0,28.0,30.463092423455635,113.19859051364818,134.380296,134.4800291,457575963581000,457576063314100,2026-10-05T06:00:48.159233+00:00,2026-10-05T06:00:48.259131+00:00,
5,T006,PUFF_RIGHT,task,103,14,1,0,15,L8,R1,L1,R8,10000,600.0,33.0,-68.0,75.58438992278762,-64.11297373367331,134.4803302,134.5781309,457576063615200,457576161415900,2026-10-05T06:00:48.259131+00:00,2026-10-05T06:00:48.359560+00:00,
5,T006,PUFF_RIGHT,task,104,15,0,2,13,R8,L1,L2,R7,10000,600.0,-1.0,2.0,2.23606797749979,116.56505117707799,134.5783824,134.6761592,457576161667400,457576259444200,2026-10-05T06:00:48.359560+00:00,2026-10-05T06:00:48.451884+00:00,
5,T006,PUFF_RIGHT,task,105,15,2,4,13,R8,L2,L3,R7,10000,600.0,4.0,-13.0,13.601470508735444,-72.89727103094764,134.6764196,134.7723821,457576259704600,457576355667100,2026-10-05T06:00:48.451884+00:00,2026-10-05T06:00:48.553181+00:00,
5,T006,PUFF_RIGHT,task,106,15,4,6,13,R8,L3,L4,R7,10000,600.0,-6.0,13.0,14.317821063276353,114.77514056883193,134.7726942,134.868065,457576355979200,457576451350000,2026-10-05T06:00:48.553181+00:00,2026-10-05T06:00:48.649161+00:00,
5,T006,PUFF_RIGHT,task,107,15,6,8,13,R8,L4,L5,R7,10000,600.0,13.0,-32.0,34.539832078341085,-67.89055165624833,134.8684339,134.9651592,457576451718900,457576548444200,2026-10-05T06:00:48.649161+00:00,2026-10-05T06:00:48.739375+00:00,
5,T006,PUFF_RIGHT,task,108,15,8,10,13,R8,L5,L6,R7,10000,600.0,9.0,-21.0,22.847319317591726,-66.80140948635182,134.965384,135.0640443,457576548669000,457576647329300,2026-10-05T06:00:48.739375+00:00,2026-10-05T06:00:48.845135+00:00,
5,T006,PUFF_RIGHT,task,109,15,10,12,13,R8,L6,L7,R7,10000,600.0,38.0,-64.0,74.43117626371358,-59.30027744918559,135.0643112,135.1690271,457576647596200,457576752312100,2026-10-05T06:00:48.845135+00:00,2026-10-05T06:00:48.949305+00:00,
5,T006,PUFF_RIGHT,task,110,15,12,14,13,R8,L7,L8,R7,10000,600.0,84.0,-154.0,175.41949720598336,-61.38954033403479,135.169279,135.2651478,457576752564000,457576848432800,2026-10-05T06:00:48.949305+00:00,2026-10-05T06:00:49.039373+00:00,
5,T006,PUFF_RIGHT,task,111,15,11,9,13,R8,R6,R5,R7,10000,600.0,106.0,-195.0,221.94819215303377,-61.47195060372483,135.2653994,135.3621467,457576848684400,457576945431700,2026-10-05T06:00:49.039373+00:00,2026-10-05T06:00:49.139409+00:00,
5,T006,PUFF_RIGHT,task,112,15,9,7,13,R8,R5,R4,R7,10000,600.0,32.0,-61.0,68.8839603971781,-62.31893843151474,135.3623902,135.4579835,457576945675200,457577041268500,2026-10-05T06:00:49.139409+00:00,2026-10-05T06:00:49.239230+00:00,
5,T006,PUFF_RIGHT,task,113,15,7,5,13,R8,R4,R3,R7,10000,600.0,-19.0,23.0,29.832867780352597,129.5596679689945,135.4582297,135.5551199,457577041514700,457577138404900,2026-10-05T06:00:49.239230+00:00,2026-10-05T06:00:49.336375+00:00,
5,T006,PUFF_RIGHT,task,114,15,5,3,13,R8,R3,R2,R7,10000,600.0,5.0,-11.0,12.083045973594572,-65.55604521958347,135.5553828,135.6520562,457577138667800,457577235341200,2026-10-05T06:00:49.336375+00:00,2026-10-05T06:00:49.429270+00:00,
5,T006,PUFF_RIGHT,task,115,15,3,1,13,R8,R2,R1,R7,10000,600.0,-11.0,18.0,21.095023109728988,121.42956561483851,135.6522929,135.7510207,457577235577900,457577334305700,2026-10-05T06:00:49.429270+00:00,2026-10-05T06:00:49.532123+00:00,
5,T006,PUFF_RIGHT,task,116,15,1,0,13,R8,R1,L1,R7,10000,600.0,29.0,-56.0,63.06346010171025,-62.62229722866828,135.7513007,135.8500636,457577334585700,457577433348600,2026-10-05T06:00:49.532123+00:00,2026-10-05T06:00:49.629461+00:00,
5,T006,PUFF_RIGHT,task,117,13,0,2,11,R7,L1,L2,R6,10000,600.0,-15.0,23.0,27.459060435491963,123.11134196037203,135.8504699,135.9551839,457577433754900,457577538468900,2026-10-05T06:00:49.629461+00:00,2026-10-05T06:00:49.736462+00:00,
5,T006,PUFF_RIGHT,task,118,13,2,4,11,R7,L2,L3,R6,10000,600.0,4.0,-16.0,16.492422502470642,-75.96375653207353,135.955458,136.05444,457577538743000,457577637725000,2026-10-05T06:00:49.736462+00:00,2026-10-05T06:00:49.835319+00:00,
5,T006,PUFF_RIGHT,task,119,13,4,6,11,R7,L3,L4,R6,10000,600.0,-14.0,26.0,29.5296461204668,118.30075576600638,136.0547076,136.1520157,457577637992600,457577735300700,2026-10-05T06:00:49.835319+00:00,2026-10-05T06:00:49.932928+00:00,
5,T006,PUFF_RIGHT,task,120,13,6,8,11,R7,L4,L5,R6,10000,600.0,18.0,-46.0,49.39635614091387,-68.62937773065681,136.1522689,136.2500748,457577735553900,457577833359800,2026-10-05T06:00:49.932928+00:00,2026-10-05T06:00:50.029229+00:00,
5,T006,PUFF_RIGHT,task,121,13,8,10,11,R7,L5,L6,R6,10000,600.0,-2.0,-10.0,10.198039027185569,-101.30993247402021,136.2503361,136.3490673,457577833621100,457577932352300,2026-10-05T06:00:50.029229+00:00,2026-10-05T06:00:50.129282+00:00,
5,T006,PUFF_RIGHT,task,122,13,10,12,11,R7,L6,L7,R6,10000,600.0,28.0,-61.0,67.11929677819934,-65.34410125591839,136.3493112,136.4461316,457577932596200,457578029416600,2026-10-05T06:00:50.129282+00:00,2026-10-05T06:00:50.226625+00:00,
5,T006,PUFF_RIGHT,task,123,13,12,14,11,R7,L7,L8,R6,10000,600.0,37.0,-94.0,101.01980003939822,-68.51455668293659,136.4463963,136.5420281,457578029681300,457578125313100,2026-10-05T06:00:50.226625+00:00,2026-10-05T06:00:50.322906+00:00,
5,T006,PUFF_RIGHT,task,124,13,14,15,11,R7,L8,R8,R6,10000,600.0,157.0,-398.0,427.8469352467071,-68.47213599370204,136.5423491,136.6390688,457578125634100,457578222353800,2026-10-05T06:00:50.322906+00:00,2026-10-05T06:00:50.420468+00:00,
5,T006,PUFF_RIGHT,task,125,13,9,7,11,R7,R5,R4,R6,10000,600.0,41.0,-95.0,103.46980235798269,-66.65598903842249,136.6393523,136.7373164,457578222637300,457578320601400,2026-10-05T06:00:50.420468+00:00,2026-10-05T06:00:50.512175+00:00,
5,T006,PUFF_RIGHT,task,126,13,7,5,11,R7,R4,R3,R6,10000,600.0,-9.0,6.0,10.816653826391969,146.30993247402023,136.7375473,136.8341609,457578320832300,457578417445900,2026-10-05T06:00:50.512175+00:00,2026-10-05T06:00:50.612262+00:00,
5,T006,PUFF_RIGHT,task,127,13,5,3,11,R7,R3,R2,R6,10000,600.0,7.0,-21.0,22.135943621178654,-71.56505117707799,136.8344092,136.9331543,457578417694200,457578516439300,2026-10-05T06:00:50.612262+00:00,2026-10-05T06:00:50.712217+00:00,
5,T006,PUFF_RIGHT,task,128,13,3,1,11,R7,R2,R1,R6,10000,600.0,-3.0,-14.0,14.317821063276353,-102.0947570770121,136.9333896,137.0331676,457578516674600,457578616452600,2026-10-05T06:00:50.712217+00:00,2026-10-05T06:00:50.812102+00:00,
5,T006,PUFF_RIGHT,task,129,13,1,0,11,R7,R1,L1,R6,10000,600.0,35.0,-61.0,70.32780389006896,-60.1540680503126,137.0334024,137.1351571,457578616687400,457578718442100,2026-10-05T06:00:50.812102+00:00,2026-10-05T06:00:50.912168+00:00,
5,T006,PUFF_RIGHT,task,130,11,0,2,9,R6,L1,L2,R5,10000,600.0,-3.0,-2.0,3.605551275463989,-146.30993247402023,137.1353891,137.2310348,457578718674100,457578814319800,2026-10-05T06:00:50.912168+00:00,2026-10-05T06:00:51.012151+00:00,
5,T006,PUFF_RIGHT,task,131,11,2,4,9,R6,L2,L3,R5,10000,600.0,5.0,-21.0,21.587033144922902,-76.6075022462489,137.2312802,137.3341533,457578814565200,457578917438300,2026-10-05T06:00:51.012151+00:00,2026-10-05T06:00:51.112332+00:00,
5,T006,PUFF_RIGHT,task,132,11,4,6,9,R6,L3,L4,R5,10000,600.0,1.0,-3.0,3.1622776601683795,-71.56505117707799,137.3343868,137.4300481,457578917671800,457579013333100,2026-10-05T06:00:51.112332+00:00,2026-10-05T06:00:51.209287+00:00,
5,T006,PUFF_RIGHT,task,133,11,6,8,9,R6,L4,L5,R5,10000,600.0,5.0,-18.0,18.681541692269406,-74.47588900324574,137.4302918,137.5280245,457579013576800,457579111309500,2026-10-05T06:00:51.209287+00:00,2026-10-05T06:00:51.309327+00:00,
5,T006,PUFF_RIGHT,task,134,11,8,10,9,R6,L5,L6,R5,10000,600.0,4.0,-31.0,31.25699921617557,-82.64762064010765,137.5282601,137.6280788,457579111545100,457579211363800,2026-10-05T06:00:51.309327+00:00,2026-10-05T06:00:51.409297+00:00,
5,T006,PUFF_RIGHT,task,135,11,10,12,9,R6,L6,L7,R5,10000,600.0,9.0,-26.0,27.51363298439521,-70.90650799951439,137.6283377,137.7261467,457579211622700,457579309431700,2026-10-05T06:00:51.409297+00:00,2026-10-05T06:00:51.502651+00:00,
5,T006,PUFF_RIGHT,task,136,11,12,14,9,R6,L7,L8,R5,10000,600.0,10.0,-30.0,31.622776601683793,-71.56505117707799,137.7264045,137.8250412,457579309689500,457579408326200,2026-10-05T06:00:51.502651+00:00,2026-10-05T06:00:51.605968+00:00,
5,T006,PUFF_RIGHT,task,137,11,14,15,9,R6,L8,R8,R5,10000,600.0,35.0,-98.0,104.06248123122954,-70.3461759419467,137.8253508,137.9241759,457579408635800,457579507460900,2026-10-05T06:00:51.605968+00:00,2026-10-05T06:00:51.703270+00:00,
5,T006,PUFF_RIGHT,task,138,11,15,13,9,R6,R8,R7,R5,10000,600.0,66.0,-186.0,197.36261044078233,-70.4633450618716,137.9244119,138.0221708,457579507696900,457579605455800,2026-10-05T06:00:51.703270+00:00,2026-10-05T06:00:51.799276+00:00,
5,T006,PUFF_RIGHT,task,139,11,7,5,9,R6,R4,R3,R5,10000,600.0,-129.0,339.0,362.714763967501,110.83337015701453,138.0227439,138.1210511,457579606028900,457579704336100,2026-10-05T06:00:51.804026+00:00,2026-10-05T06:00:51.900912+00:00,
5,T006,PUFF_RIGHT,task,140,11,5,3,9,R6,R3,R2,R5,10000,600.0,69.0,-189.0,201.20139164528658,-69.94390526342458,138.1213186,138.2200732,457579704603600,457579803358200,2026-10-05T06:00:51.900912+00:00,2026-10-05T06:00:51.999267+00:00,
5,T006,PUFF_RIGHT,task,141,11,3,1,9,R6,R2,R1,R5,10000,600.0,38.0,-132.0,137.3608386695422,-73.94001269283936,138.2204356,138.3180131,457579803720600,457579901298100,2026-10-05T06:00:51.999267+00:00,2026-10-05T06:00:52.099301+00:00,
5,T006,PUFF_RIGHT,task,142,11,1,0,9,R6,R1,L1,R5,10000,600.0,37.0,-82.0,89.96110270555825,-65.71417484434872,138.3182362,138.4171514,457579901521200,457580000436400,2026-10-05T06:00:52.099301+00:00,2026-10-05T06:00:52.191121+00:00,
5,T006,PUFF_RIGHT,task,143,9,0,2,7,R5,L1,L2,R4,10000,600.0,-23.0,57.0,61.465437442517235,111.97450799147198,138.4173906,138.5150131,457580000675600,457580098298100,2026-10-05T06:00:52.191121+00:00,2026-10-05T06:00:52.289294+00:00,
5,T006,PUFF_RIGHT,task,144,9,2,4,7,R5,L2,L3,R4,10000,600.0,0.0,-11.0,11.0,-90.0,138.5152976,138.6141595,457580098582600,457580197444500,2026-10-05T06:00:52.289294+00:00,2026-10-05T06:00:52.389144+00:00,
5,T006,PUFF_RIGHT,task,145,9,4,6,7,R5,L3,L4,R4,10000,600.0,-21.0,56.0,59.80802621722272,110.55604521958347,138.614401,138.7121457,457580197686000,457580295430700,2026-10-05T06:00:52.389144+00:00,2026-10-05T06:00:52.489272+00:00,
5,T006,PUFF_RIGHT,task,146,9,6,8,7,R5,L4,L5,R4,10000,600.0,20.0,-65.0,68.00735254367721,-72.89727103094764,138.7124109,138.8080995,457580295695900,457580391384500,2026-10-05T06:00:52.489272+00:00,2026-10-05T06:00:52.589192+00:00,
5,T006,PUFF_RIGHT,task,147,9,8,10,7,R5,L5,L6,R4,10000,600.0,-6.0,-4.0,7.211102550927978,-146.30993247402023,138.8083454,138.9060472,457580391630400,457580489332200,2026-10-05T06:00:52.589192+00:00,2026-10-05T06:00:52.686642+00:00,
5,T006,PUFF_RIGHT,task,148,9,10,12,7,R5,L6,L7,R4,10000,600.0,8.0,-24.0,25.298221281347036,-71.56505117707799,138.906284,139.0041508,457580489569000,457580587435800,2026-10-05T06:00:52.686642+00:00,2026-10-05T06:00:52.779190+00:00,
5,T006,PUFF_RIGHT,task,149,9,12,14,7,R5,L7,L8,R4,10000,600.0,0.0,-19.0,19.0,-90.0,139.0048933,139.1010178,457580588178300,457580684302800,2026-10-05T06:00:52.785823+00:00,2026-10-05T06:00:52.879265+00:00,
5,T006,PUFF_RIGHT,task,150,9,14,15,7,R5,L8,R8,R4,10000,600.0,9.0,-39.0,40.024992192379,-77.0053832080835,139.101293,139.1971443,457580684578000,457580780429300,2026-10-05T06:00:52.879265+00:00,2026-10-05T06:00:52.969075+00:00,
5,T006,PUFF_RIGHT,task,151,9,15,13,7,R5,R8,R7,R4,10000,600.0,14.0,-61.0,62.5859409132754,-77.07400087529405,139.197372,139.3021644,457580780657000,457580885449400,2026-10-05T06:00:52.969075+00:00,2026-10-05T06:00:53.079213+00:00,
5,T006,PUFF_RIGHT,task,152,9,13,11,7,R5,R7,R6,R4,10000,600.0,20.0,-86.0,88.29496021857646,-76.90810693565317,139.3023994,139.40215,457580885684400,457580985435000,2026-10-05T06:00:53.079213+00:00,2026-10-05T06:00:53.179090+00:00,
5,T006,PUFF_RIGHT,task,153,9,5,3,7,R5,R3,R2,R4,10000,600.0,-81.0,248.0,260.8926982496827,108.08770592583625,139.4024092,139.5000196,457580985694200,457581083304600,2026-10-05T06:00:53.179090+00:00,2026-10-05T06:00:53.281257+00:00,
5,T006,PUFF_RIGHT,task,154,9,3,1,7,R5,R2,R1,R4,10000,600.0,-16.0,32.0,35.77708763999664,116.56505117707799,139.5002988,139.5990315,457581083583800,457581182316500,2026-10-05T06:00:53.281257+00:00,2026-10-05T06:00:53.379284+00:00,
5,T006,PUFF_RIGHT,task,155,9,1,0,7,R5,R1,L1,R4,10000,600.0,16.0,-12.0,20.0,-36.86989764584402,139.5993522,139.7060341,457581182637200,457581289319100,2026-10-05T06:00:53.379284+00:00,2026-10-05T06:00:53.486868+00:00,
5,T006,PUFF_RIGHT,task,156,7,0,2,5,R4,L1,L2,R3,10000,600.0,1.0,-33.0,33.015148038438355,-88.26429541107161,139.7062786,139.8021501,457581289563600,457581385435100,2026-10-05T06:00:53.486868+00:00,2026-10-05T06:00:53.579194+00:00,
5,T006,PUFF_RIGHT,task,157,7,2,4,5,R4,L2,L3,R3,10000,600.0,-3.0,-6.0,6.708203932499369,-116.56505117707799,139.8023803,139.8980057,457581385665300,457581481290700,2026-10-05T06:00:53.579194+00:00,2026-10-05T06:00:53.679236+00:00,
5,T006,PUFF_RIGHT,task,158,7,4,6,5,R4,L3,L4,R3,10000,600.0,3.0,-36.0,36.124783736376884,-85.23635830927383,139.8982578,139.9981223,457581481542800,457581581407300,2026-10-05T06:00:53.679236+00:00,2026-10-05T06:00:53.779409+00:00,
5,T006,PUFF_RIGHT,task,159,7,6,8,5,R4,L4,L5,R3,10000,600.0,-1.0,16.0,16.0312195418814,93.57633437499736,139.9983538,140.0980777,457581581638800,457581681362700,2026-10-05T06:00:53.779409+00:00,2026-10-05T06:00:53.879239+00:00,
5,T006,PUFF_RIGHT,task,160,7,8,10,5,R4,L5,L6,R3,10000,600.0,-5.0,-2.0,5.385164807134504,-158.19859051364818,140.0983276,140.1950091,457581681612600,457581778294100,2026-10-05T06:00:53.879239+00:00,2026-10-05T06:00:53.969283+00:00,
5,T006,PUFF_RIGHT,task,161,7,10,12,5,R4,L6,L7,R3,10000,600.0,0.0,4.0,4.0,90.0,140.195263,140.2971449,457581778548000,457581880429900,2026-10-05T06:00:53.969283+00:00,2026-10-05T06:00:54.078118+00:00,
5,T006,PUFF_RIGHT,task,162,7,12,14,5,R4,L7,L8,R3,10000,600.0,-6.0,8.0,10.0,126.86989764584402,140.2974196,140.3990409,457581880704600,457581982325900,2026-10-05T06:00:54.078118+00:00,2026-10-05T06:00:54.179054+00:00,
5,T006,PUFF_RIGHT,task,163,7,14,15,5,R4,L8,R8,R3,10000,600.0,-6.0,16.0,17.08800749063506,110.55604521958347,140.399271,140.4971492,457581982556000,457582080434200,2026-10-05T06:00:54.179054+00:00,2026-10-05T06:00:54.274906+00:00,
5,T006,PUFF_RIGHT,task,164,7,15,13,5,R4,R8,R7,R3,10000,600.0,-8.0,18.0,19.697715603592208,113.96248897457819,140.4974208,140.5991104,457582080705800,457582182395400,2026-10-05T06:00:54.274906+00:00,2026-10-05T06:00:54.379087+00:00,
5,T006,PUFF_RIGHT,task,165,7,13,11,5,R4,R7,R6,R3,10000,600.0,-10.0,13.0,16.401219466856727,127.56859202882748,140.59954,140.7040394,457582182825000,457582287324400,2026-10-05T06:00:54.379087+00:00,2026-10-05T06:00:54.484686+00:00,
5,T006,PUFF_RIGHT,task,166,7,11,9,5,R4,R6,R5,R3,10000,600.0,-62.0,299.0,305.3604427557702,101.71471287809376,140.7042116,140.8031553,457582287496600,457582386440300,2026-10-05T06:00:54.484686+00:00,2026-10-05T06:00:54.579249+00:00,
5,T006,PUFF_RIGHT,task,167,7,3,1,5,R4,R2,R1,R3,10000,600.0,57.0,-442.0,445.66018444550326,-82.65173376138651,140.8034023,140.9011713,457582386687300,457582484456300,2026-10-05T06:00:54.579249+00:00,2026-10-05T06:00:54.679437+00:00,
5,T006,PUFF_RIGHT,task,168,7,1,0,5,R4,R1,L1,R3,10000,600.0,42.0,-100.0,108.46197490364999,-67.21759426951832,140.9014035,140.9990312,457582484688500,457582582316200,2026-10-05T06:00:54.679437+00:00,2026-10-05T06:00:54.779274+00:00,
5,T006,PUFF_RIGHT,task,169,5,0,2,3,R3,L1,L2,R2,10000,600.0,-13.0,27.0,29.966648127543394,115.70995378081126,140.999294,141.0980244,457582582579000,457582681309400,2026-10-05T06:00:54.779274+00:00,2026-10-05T06:00:54.879020+00:00,
5,T006,PUFF_RIGHT,task,170,5,2,4,3,R3,L2,L3,R2,10000,600.0,2.0,-19.0,19.1049731745428,-83.99099404250548,141.0982773,141.2070515,457582681562300,457582790336500,2026-10-05T06:00:54.879020+00:00,2026-10-05T06:00:54.987361+00:00,
5,T006,PUFF_RIGHT,task,171,5,4,6,3,R3,L3,L4,R2,10000,600.0,0.0,-9.0,9.0,-90.0,141.2072874,141.3064521,457582790572400,457582889737100,2026-10-05T06:00:54.987361+00:00,2026-10-05T06:00:55.086183+00:00,
5,T006,PUFF_RIGHT,task,172,5,6,8,3,R3,L4,L5,R2,10000,600.0,-1.0,-6.0,6.082762530298219,-99.46232220802563,141.3066986,141.4052579,457582889983600,457582988542900,2026-10-05T06:00:55.088198+00:00,2026-10-05T06:00:55.186481+00:00,
5,T006,PUFF_RIGHT,task,173,5,8,10,3,R3,L5,L6,R2,10000,600.0,-6.0,-5.0,7.810249675906654,-140.19442890773482,141.4058231,141.5040912,457582989108100,457583087376200,2026-10-05T06:00:55.186481+00:00,2026-10-05T06:00:55.285298+00:00,
5,T006,PUFF_RIGHT,task,174,5,10,12,3,R3,L6,L7,R2,10000,600.0,2.0,-11.0,11.180339887498949,-79.69515353123397,141.5044371,141.6020516,457583087722100,457583185336600,2026-10-05T06:00:55.285298+00:00,2026-10-05T06:00:55.383261+00:00,
5,T006,PUFF_RIGHT,task,175,5,12,14,3,R3,L7,L8,R2,10000,600.0,-5.0,-5.0,7.0710678118654755,-135.0,141.6023038,141.699041,457583185588800,457583282326000,2026-10-05T06:00:55.383261+00:00,2026-10-05T06:00:55.479745+00:00,
5,T006,PUFF_RIGHT,task,176,5,14,15,3,R3,L8,R8,R2,10000,600.0,-2.0,-9.0,9.219544457292887,-102.52880770915151,141.6992771,141.7970159,457583282562100,457583380300900,2026-10-05T06:00:55.479745+00:00,2026-10-05T06:00:55.577655+00:00,
5,T006,PUFF_RIGHT,task,177,5,15,13,3,R3,R8,R7,R2,10000,600.0,-2.0,-15.0,15.132745950421556,-97.59464336859145,141.797302,141.8951837,457583380587000,457583478468700,2026-10-05T06:00:55.577655+00:00,2026-10-05T06:00:55.672408+00:00,
5,T006,PUFF_RIGHT,task,178,5,13,11,3,R3,R7,R6,R2,10000,600.0,-8.0,-16.0,17.88854381999832,-116.56505117707799,141.8954207,141.9930589,457583478705700,457583576343900,2026-10-05T06:00:55.672408+00:00,2026-10-05T06:00:55.774469+00:00,
5,T006,PUFF_RIGHT,task,179,5,11,9,3,R3,R6,R5,R2,10000,600.0,20.0,-184.0,185.0837648201484,-83.79655209830817,141.9933914,142.0921601,457583576676400,457583675445100,2026-10-05T06:00:55.774469+00:00,2026-10-05T06:00:55.869712+00:00,
5,T006,PUFF_RIGHT,task,180,5,9,7,3,R3,R5,R4,R2,10000,600.0,-45.0,255.0,258.940147524481,100.00797980144135,142.0925143,142.1920784,457583675799300,457583775363400,2026-10-05T06:00:55.869712+00:00,2026-10-05T06:00:55.973308+00:00,
5,T006,PUFF_RIGHT,task,181,5,1,0,3,R3,R1,L1,R2,10000,600.0,30.0,-56.0,63.52952069707436,-61.82140989004083,142.1927374,142.2941865,457583776022400,457583877471500,2026-10-05T06:00:55.973308+00:00,2026-10-05T06:00:56.075475+00:00,
5,T006,PUFF_RIGHT,task,182,3,0,2,1,R2,L1,L2,R1,10000,600.0,5.0,-258.0,258.0484450641003,-88.88975565677949,142.2944656,142.3912976,457583877750600,457583974582600,2026-10-05T06:00:56.075475+00:00,2026-10-05T06:00:56.172589+00:00,
5,T006,PUFF_RIGHT,task,183,3,2,4,1,R2,L2,L3,R1,10000,600.0,-2.0,-9.0,9.219544457292887,-102.52880770915151,142.3915371,142.4890453,457583974822100,457584072330300,2026-10-05T06:00:56.172589+00:00,2026-10-05T06:00:56.269270+00:00,
5,T006,PUFF_RIGHT,task,184,3,4,6,1,R2,L3,L4,R1,10000,600.0,-5.0,-10.0,11.180339887498949,-116.56505117707799,142.4893169,142.5880364,457584072601900,457584171321400,2026-10-05T06:00:56.269270+00:00,2026-10-05T06:00:56.369242+00:00,
5,T006,PUFF_RIGHT,task,185,3,6,8,1,R2,L4,L5,R1,10000,600.0,-1.0,11.0,11.045361017187261,95.1944289077348,142.5882186,142.6871542,457584171503600,457584270439200,2026-10-05T06:00:56.369242+00:00,2026-10-05T06:00:56.459243+00:00,
5,T006,PUFF_RIGHT,task,186,3,8,10,1,R2,L5,L6,R1,10000,600.0,-9.0,-5.0,10.295630140987,-150.94539590092285,142.6874002,142.7851477,457584270685200,457584368432700,2026-10-05T06:00:56.459243+00:00,2026-10-05T06:00:56.559493+00:00,
5,T006,PUFF_RIGHT,task,187,3,10,12,1,R2,L6,L7,R1,10000,600.0,0.0,-4.0,4.0,-90.0,142.785427,142.8840262,457584368712000,457584467311200,2026-10-05T06:00:56.559493+00:00,2026-10-05T06:00:56.665335+00:00,
5,T006,PUFF_RIGHT,task,188,3,12,14,1,R2,L7,L8,R1,10000,600.0,-8.0,3.0,8.54400374531753,159.44395478041653,142.8842794,142.985149,457584467564400,457584568434000,2026-10-05T06:00:56.665335+00:00,2026-10-05T06:00:56.759323+00:00,
5,T006,PUFF_RIGHT,task,189,3,14,15,1,R2,L8,R8,R1,10000,600.0,-5.0,-2.0,5.385164807134504,-158.19859051364818,142.9854383,143.083146,457584568723300,457584666431000,2026-10-05T06:00:56.759323+00:00,2026-10-05T06:00:56.859381+00:00,
5,T006,PUFF_RIGHT,task,190,3,15,13,1,R2,R8,R7,R1,10000,600.0,-8.0,-11.0,13.601470508735444,-126.02737338510362,143.0834292,143.1790324,457584666714200,457584762317400,2026-10-05T06:00:56.859381+00:00,2026-10-05T06:00:56.959333+00:00,
5,T006,PUFF_RIGHT,task,191,3,13,11,1,R2,R7,R6,R1,10000,600.0,-13.0,-19.0,23.021728866442675,-124.38034472384487,143.1793315,143.277038,457584762616500,457584860323000,2026-10-05T06:00:56.959333+00:00,2026-10-05T06:00:57.053826+00:00,
5,T006,PUFF_RIGHT,task,192,3,11,9,1,R2,R6,R5,R1,10000,600.0,-3.0,-104.0,104.04326023342406,-91.6523046776513,143.2773119,143.3761747,457584860596900,457584959459700,2026-10-05T06:00:57.053826+00:00,2026-10-05T06:00:57.153836+00:00,
5,T006,PUFF_RIGHT,task,193,3,9,7,1,R2,R5,R4,R1,10000,600.0,-10.0,2.0,10.198039027185569,168.6900675259798,143.3765031,143.4720292,457584959788100,457585055314200,2026-10-05T06:00:57.153836+00:00,2026-10-05T06:00:57.253413+00:00,
5,T006,PUFF_RIGHT,task,194,3,7,5,1,R2,R4,R3,R1,10000,600.0,-9.0,-329.0,329.1230772826482,-91.56697095704855,143.4723909,143.5700431,457585055675900,457585153328100,2026-10-05T06:00:57.253413+00:00,2026-10-05T06:00:57.349468+00:00,
5,T006,PUFF_RIGHT,task,195,1,2,4,0,R1,L2,L3,L1,10000,600.0,-7.0,23.0,24.041630560342615,106.92751306414705,143.5702922,143.6670035,457585153577200,457585250288500,2026-10-05T06:00:57.349468+00:00,2026-10-05T06:00:57.448239+00:00,
5,T006,PUFF_RIGHT,task,196,1,4,6,0,R1,L3,L4,L1,10000,600.0,2.0,-27.0,27.073972741361768,-85.76360520094116,143.667256,143.7661428,457585250541000,457585349427800,2026-10-05T06:00:57.448239+00:00,2026-10-05T06:00:57.539331+00:00,
5,T006,PUFF_RIGHT,task,197,1,6,8,0,R1,L4,L5,L1,10000,600.0,-4.0,23.0,23.345235059857504,99.86580694308438,143.7663966,143.8641941,457585349681600,457585447479100,2026-10-05T06:00:57.539331+00:00,2026-10-05T06:00:57.645477+00:00,
5,T006,PUFF_RIGHT,task,198,1,8,10,0,R1,L5,L6,L1,10000,600.0,-2.0,-10.0,10.198039027185569,-101.30993247402021,143.86442,143.9621567,457585447705000,457585545441700,2026-10-05T06:00:57.645477+00:00,2026-10-05T06:00:57.739381+00:00,
5,T006,PUFF_RIGHT,task,199,1,10,12,0,R1,L6,L7,L1,10000,600.0,1.0,-8.0,8.06225774829855,-82.8749836510982,143.9624166,144.0660356,457585545701600,457585649320600,2026-10-05T06:00:57.739381+00:00,2026-10-05T06:00:57.846850+00:00,
5,T006,PUFF_RIGHT,task,200,1,12,14,0,R1,L7,L8,L1,10000,600.0,-2.0,-8.0,8.246211251235321,-104.03624346792648,144.0663533,144.1690292,457585649638300,457585752314200,2026-10-05T06:00:57.847843+00:00,2026-10-05T06:00:57.949357+00:00,
5,T006,PUFF_RIGHT,task,201,1,14,15,0,R1,L8,R8,L1,10000,600.0,0.0,-13.0,13.0,-90.0,144.1692968,144.2661532,457585752581800,457585849438200,2026-10-05T06:00:57.949357+00:00,2026-10-05T06:00:58.039128+00:00,
5,T006,PUFF_RIGHT,task,202,1,15,13,0,R1,R8,R7,L1,10000,600.0,-1.0,-12.0,12.041594578792296,-94.76364169072617,144.2663828,144.3680184,457585849667800,457585951303400,2026-10-05T06:00:58.039128+00:00,2026-10-05T06:00:58.149292+00:00,
5,T006,PUFF_RIGHT,task,203,1,13,11,0,R1,R7,R6,L1,10000,600.0,-4.0,-3.0,5.0,-143.13010235415598,144.3682584,144.4661526,457585951543400,457586049437600,2026-10-05T06:00:58.149292+00:00,2026-10-05T06:00:58.239097+00:00,
5,T006,PUFF_RIGHT,task,204,1,11,9,0,R1,R6,R5,L1,10000,600.0,1.0,-24.0,24.020824298928627,-87.61405596961119,144.4663562,144.5660488,457586049641200,457586149333800,2026-10-05T06:00:58.239097+00:00,2026-10-05T06:00:58.340477+00:00,
5,T006,PUFF_RIGHT,task,205,1,9,7,0,R1,R5,R4,L1,10000,600.0,-6.0,37.0,37.48332962798263,99.21102654081668,144.5663059,144.6660384,457586149590900,457586249323400,2026-10-05T06:00:58.340477+00:00,2026-10-05T06:00:58.445393+00:00,
5,T006,PUFF_RIGHT,task,206,1,7,5,0,R1,R4,R3,L1,10000,600.0,-1.0,-37.0,37.013511046643494,-91.54815769897796,144.6663003,144.7621097,457586249585300,457586345394700,2026-10-05T06:00:58.445393+00:00,2026-10-05T06:00:58.541229+00:00,
5,T006,PUFF_RIGHT,task,207,1,5,3,0,R1,R3,R2,L1,10000,600.0,-1.0,4.0,4.123105625617661,104.03624346792648,144.7623734,144.8590518,457586345658400,457586442336800,2026-10-05T06:00:58.541229+00:00,2026-10-05T06:00:58.639472+00:00,
6,T007,PUFF_BOTH,task,0,0,4,6,2,L1,L3,L4,L2,10000,600.0,71.0,-275.0,284.0176050881353,-75.52340481346297,147.1194781,147.2170075,457588702763100,457588800292500,2026-10-05T06:01:00.899703+00:00,2026-10-05T06:01:00.997033+00:00,
6,T007,PUFF_BOTH,task,1,0,6,8,2,L1,L4,L5,L2,10000,600.0,27.0,-101.0,104.546640309481,-75.03328043599514,147.2173151,147.3142281,457588800600100,457588897513100,2026-10-05T06:01:00.998556+00:00,2026-10-05T06:01:01.089604+00:00,
6,T007,PUFF_BOTH,task,2,0,8,10,2,L1,L5,L6,L2,10000,600.0,16.0,-81.0,82.56512580987206,-78.82616175818528,147.3145133,147.4110452,457588897798300,457588994330200,2026-10-05T06:01:01.089604+00:00,2026-10-05T06:01:01.192224+00:00,
6,T007,PUFF_BOTH,task,3,0,10,12,2,L1,L6,L7,L2,10000,600.0,17.0,-52.0,54.70831746635972,-71.89623696549337,147.4113238,147.5072995,457588994608800,457589090584500,2026-10-05T06:01:01.192224+00:00,2026-10-05T06:01:01.286767+00:00,
6,T007,PUFF_BOTH,task,4,0,12,14,2,L1,L7,L8,L2,10000,600.0,-3.0,-13.0,13.341664064126334,-102.9946167919165,147.507572,147.6070631,457589090857000,457589190348100,2026-10-05T06:01:01.286767+00:00,2026-10-05T06:01:01.388026+00:00,
6,T007,PUFF_BOTH,task,5,0,14,15,2,L1,L8,R8,L2,10000,600.0,-2.0,-1.0,2.23606797749979,-153.434948822922,147.6073048,147.7050422,457589190589800,457589288327200,2026-10-05T06:01:01.388026+00:00,2026-10-05T06:01:01.485278+00:00,
6,T007,PUFF_BOTH,task,6,0,15,13,2,L1,R8,R7,L2,10000,600.0,-3.0,-3.0,4.242640687119285,-135.0,147.7052872,147.8041479,457589288572200,457589387432900,2026-10-05T06:01:01.485278+00:00,2026-10-05T06:01:01.579418+00:00,
6,T007,PUFF_BOTH,task,7,0,13,11,2,L1,R7,R6,L2,10000,600.0,-15.0,25.0,29.154759474226502,120.96375653207352,147.8044099,147.9000434,457589387694900,457589483328400,2026-10-05T06:01:01.579418+00:00,2026-10-05T06:01:01.679560+00:00,
6,T007,PUFF_BOTH,task,8,0,11,9,2,L1,R6,R5,L2,10000,600.0,-2.0,-7.0,7.280109889280518,-105.94539590092286,147.9003049,147.9990511,457589483589900,457589582336100,2026-10-05T06:01:01.679560+00:00,2026-10-05T06:01:01.779281+00:00,
6,T007,PUFF_BOTH,task,9,0,9,7,2,L1,R5,R4,L2,10000,600.0,-24.0,62.0,66.48308055437865,111.16125981682828,147.9993518,148.096022,457589582636800,457589679307000,2026-10-05T06:01:01.779281+00:00,2026-10-05T06:01:01.877224+00:00,
6,T007,PUFF_BOTH,task,10,0,7,5,2,L1,R4,R3,L2,10000,600.0,2.0,-41.0,41.048751503547585,-87.20729763428672,148.0962766,148.192197,457589679561600,457589775482000,2026-10-05T06:01:01.877224+00:00,2026-10-05T06:01:01.973687+00:00,
6,T007,PUFF_BOTH,task,11,0,5,3,2,L1,R3,R2,L2,10000,600.0,-13.0,26.0,29.068883707497267,116.56505117707799,148.1924949,148.2890987,457589775779900,457589872383700,2026-10-05T06:01:01.973687+00:00,2026-10-05T06:01:02.069371+00:00,
6,T007,PUFF_BOTH,task,12,0,3,1,2,L1,R2,R1,L2,10000,600.0,82.0,-361.0,370.19589408852175,-77.20259406153788,148.2893646,148.3871515,457589872649600,457589970436500,2026-10-05T06:01:02.069371+00:00,2026-10-05T06:01:02.160101+00:00,
6,T007,PUFF_BOTH,task,13,2,6,8,4,L2,L4,L5,L3,10000,600.0,-67.0,242.0,251.10356429170812,105.47525508916384,148.3874062,148.4850148,457589970691200,457590068299800,2026-10-05T06:01:02.160101+00:00,2026-10-05T06:01:02.259454+00:00,
6,T007,PUFF_BOTH,task,14,2,8,10,4,L2,L5,L6,L3,10000,600.0,39.0,-158.0,162.74212730574712,-76.13453331251938,148.4852673,148.5820109,457590068552300,457590165295900,2026-10-05T06:01:02.259454+00:00,2026-10-05T06:01:02.362896+00:00,
6,T007,PUFF_BOTH,task,15,2,10,12,4,L2,L6,L7,L3,10000,600.0,14.0,-43.0,45.221676218380054,-71.96571443287014,148.5822878,148.6841548,457590165572800,457590267439800,2026-10-05T06:01:02.362896+00:00,2026-10-05T06:01:02.459184+00:00,
6,T007,PUFF_BOTH,task,16,2,12,14,4,L2,L7,L8,L3,10000,600.0,1.0,-19.0,19.026297590440446,-86.98721249581666,148.6843817,148.7821642,457590267666700,457590365449200,2026-10-05T06:01:02.459184+00:00,2026-10-05T06:01:02.561644+00:00,
6,T007,PUFF_BOTH,task,17,2,14,15,4,L2,L8,R8,L3,10000,600.0,2.0,-12.0,12.165525060596439,-80.53767779197439,148.7824024,148.881165,457590365687400,457590464450000,2026-10-05T06:01:02.561644+00:00,2026-10-05T06:01:02.659218+00:00,
6,T007,PUFF_BOTH,task,18,2,15,13,4,L2,R8,R7,L3,10000,600.0,-1.0,-10.0,10.04987562112089,-95.71059313749964,148.8814372,148.9771531,457590464722200,457590560438100,2026-10-05T06:01:02.662865+00:00,2026-10-05T06:01:02.751710+00:00,
6,T007,PUFF_BOTH,task,19,2,13,11,4,L2,R7,R6,L3,10000,600.0,-6.0,-3.0,6.708203932499369,-153.434948822922,148.977414,149.07304,457590560699000,457590656325000,2026-10-05T06:01:02.751710+00:00,2026-10-05T06:01:02.853215+00:00,
6,T007,PUFF_BOTH,task,20,2,11,9,4,L2,R6,R5,L3,10000,600.0,1.0,-17.0,17.029386365926403,-86.63353933657021,149.0732831,149.1700782,457590656568100,457590753363200,2026-10-05T06:01:02.853215+00:00,2026-10-05T06:01:02.949293+00:00,
6,T007,PUFF_BOTH,task,21,2,9,7,4,L2,R5,R4,L3,10000,600.0,-7.0,4.0,8.06225774829855,150.25511870305778,149.1703067,149.2671618,457590753591700,457590850446800,2026-10-05T06:01:02.949293+00:00,2026-10-05T06:01:03.044596+00:00,
6,T007,PUFF_BOTH,task,22,2,7,5,4,L2,R4,R3,L3,10000,600.0,-9.0,-4.0,9.848857801796104,-156.03751102542182,149.2674048,149.3653384,457590850689800,457590948623400,2026-10-05T06:01:03.044596+00:00,2026-10-05T06:01:03.140473+00:00,
6,T007,PUFF_BOTH,task,23,2,5,3,4,L2,R3,R2,L3,10000,600.0,1.0,-9.0,9.055385138137417,-83.6598082540901,149.3655729,149.4651449,457590948857900,457591048429900,2026-10-05T06:01:03.140473+00:00,2026-10-05T06:01:03.239354+00:00,
6,T007,PUFF_BOTH,task,24,2,3,1,4,L2,R2,R1,L3,10000,600.0,-20.0,43.0,47.4236228055175,114.94390526342458,149.4654148,149.5641647,457591048699800,457591147449700,2026-10-05T06:01:03.239354+00:00,2026-10-05T06:01:03.341624+00:00,
6,T007,PUFF_BOTH,task,25,2,1,0,4,L2,R1,L1,L3,10000,600.0,7.0,-8.0,10.63014581273465,-48.81407483429036,149.5643982,149.6621597,457591147683200,457591245444700,2026-10-05T06:01:03.341624+00:00,2026-10-05T06:01:03.443478+00:00,
6,T007,PUFF_BOTH,task,26,4,0,2,6,L3,L1,L2,L4,10000,600.0,65.0,-281.0,288.41983288255335,-76.97560369958362,149.6624797,149.7581146,457591245764700,457591341399600,2026-10-05T06:01:03.443478+00:00,2026-10-05T06:01:03.539362+00:00,
6,T007,PUFF_BOTH,task,27,4,8,10,6,L3,L5,L6,L4,10000,600.0,-74.0,239.0,250.19392478635447,107.20374992727999,149.7584287,149.8590428,457591341713700,457591442327800,2026-10-05T06:01:03.539362+00:00,2026-10-05T06:01:03.640470+00:00,
6,T007,PUFF_BOTH,task,28,4,10,12,6,L3,L6,L7,L4,10000,600.0,-2.0,22.0,22.090722034374522,95.1944289077348,149.8593504,149.9590523,457591442635400,457591542337300,2026-10-05T06:01:03.640470+00:00,2026-10-05T06:01:03.739430+00:00,
6,T007,PUFF_BOTH,task,29,4,12,14,6,L3,L7,L8,L4,10000,600.0,-12.0,21.0,24.186773244895647,119.74488129694222,149.9594111,150.0611709,457591542696100,457591644455900,2026-10-05T06:01:03.739430+00:00,2026-10-05T06:01:03.842478+00:00,
6,T007,PUFF_BOTH,task,30,4,14,15,6,L3,L8,R8,L4,10000,600.0,-7.0,19.0,20.248456731316587,110.22485943116808,150.061535,150.1600473,457591644820000,457591743332300,2026-10-05T06:01:03.842478+00:00,2026-10-05T06:01:03.940332+00:00,
6,T007,PUFF_BOTH,task,31,4,15,13,6,L3,R8,R7,L4,10000,600.0,-5.0,3.0,5.830951894845301,149.03624346792648,150.160278,150.2590562,457591743563000,457591842341200,2026-10-05T06:01:03.940332+00:00,2026-10-05T06:01:04.039632+00:00,
6,T007,PUFF_BOTH,task,32,4,13,11,6,L3,R7,R6,L4,10000,600.0,-15.0,24.0,28.30194339616981,122.0053832080835,150.2593032,150.3590637,457591842588200,457591942348700,2026-10-05T06:01:04.039632+00:00,2026-10-05T06:01:04.139424+00:00,
6,T007,PUFF_BOTH,task,33,4,11,9,6,L3,R6,R5,L4,10000,600.0,0.0,-10.0,10.0,-90.0,150.3593222,150.4552451,457591942607200,457592038530100,2026-10-05T06:01:04.139424+00:00,2026-10-05T06:01:04.234805+00:00,
6,T007,PUFF_BOTH,task,34,4,9,7,6,L3,R5,R4,L4,10000,600.0,-23.0,55.0,59.61543424315552,112.69379494509236,150.4554376,150.5531466,457592038722600,457592136431600,2026-10-05T06:01:04.236915+00:00,2026-10-05T06:01:04.329357+00:00,
6,T007,PUFF_BOTH,task,35,4,7,5,6,L3,R4,R3,L4,10000,600.0,3.0,-47.0,47.095647357266465,-86.34777721969367,150.5534013,150.6500182,457592136686300,457592233303200,2026-10-05T06:01:04.329357+00:00,2026-10-05T06:01:04.429181+00:00,
6,T007,PUFF_BOTH,task,36,4,5,3,6,L3,R3,R2,L4,10000,600.0,3.0,-12.0,12.36931687685298,-75.96375653207353,150.6502813,150.7480562,457592233566300,457592331341200,2026-10-05T06:01:04.429181+00:00,2026-10-05T06:01:04.529256+00:00,
6,T007,PUFF_BOTH,task,37,4,3,1,6,L3,R2,R1,L4,10000,600.0,-16.0,17.0,23.345235059857504,133.26429541107163,150.7483011,150.844094,457592331586100,457592427379000,2026-10-05T06:01:04.529256+00:00,2026-10-05T06:01:04.623921+00:00,
6,T007,PUFF_BOTH,task,38,4,1,0,6,L3,R1,L1,L4,10000,600.0,37.0,-110.0,116.05602095539895,-71.40893227321969,150.8443413,150.9440201,457592427626300,457592527305100,2026-10-05T06:01:04.623921+00:00,2026-10-05T06:01:04.724356+00:00,
6,T007,PUFF_BOTH,task,39,6,0,2,8,L4,L1,L2,L5,10000,600.0,27.0,-84.0,88.23264701911646,-72.18111108547723,150.9442687,151.0421021,457592527553700,457592625387100,2026-10-05T06:01:04.724356+00:00,2026-10-05T06:01:04.822599+00:00,
6,T007,PUFF_BOTH,task,40,6,2,4,8,L4,L2,L3,L5,10000,600.0,-92.0,246.0,262.6404386228442,110.50497947596311,151.042345,151.139034,457592625630000,457592722319000,2026-10-05T06:01:04.822599+00:00,2026-10-05T06:01:04.920341+00:00,
6,T007,PUFF_BOTH,task,41,6,10,12,8,L4,L6,L7,L5,10000,600.0,75.0,-191.0,205.19746587129188,-68.56154534777103,151.1392896,151.2361533,457592722574600,457592819438300,2026-10-05T06:01:04.920341+00:00,2026-10-05T06:01:05.009084+00:00,
6,T007,PUFF_BOTH,task,42,6,12,14,8,L4,L7,L8,L5,10000,600.0,23.0,-70.0,73.68174807915459,-71.81095430034868,151.2363918,151.3451807,457592819676800,457592928465700,2026-10-05T06:01:05.009084+00:00,2026-10-05T06:01:05.122134+00:00,
6,T007,PUFF_BOTH,task,43,6,14,15,8,L4,L8,R8,L5,10000,600.0,14.0,-43.0,45.221676218380054,-71.96571443287014,151.3454341,151.442082,457592928719100,457593025367000,2026-10-05T06:01:05.122134+00:00,2026-10-05T06:01:05.219071+00:00,
6,T007,PUFF_BOTH,task,44,6,15,13,8,L4,R8,R7,L5,10000,600.0,4.0,-19.0,19.4164878389476,-78.11134196037202,151.4423287,151.5400616,457593025613700,457593123346600,2026-10-05T06:01:05.219071+00:00,2026-10-05T06:01:05.319184+00:00,
6,T007,PUFF_BOTH,task,45,6,13,11,8,L4,R7,R6,L5,10000,600.0,5.0,-23.0,23.53720459187964,-77.7352262721076,151.540311,151.6380527,457593123596000,457593221337700,2026-10-05T06:01:05.319184+00:00,2026-10-05T06:01:05.419435+00:00,
6,T007,PUFF_BOTH,task,46,6,11,9,8,L4,R6,R5,L5,10000,600.0,0.0,-7.0,7.0,-90.0,151.6382856,151.7360157,457593221570600,457593319300700,2026-10-05T06:01:05.419435+00:00,2026-10-05T06:01:05.516159+00:00,
6,T007,PUFF_BOTH,task,47,6,9,7,8,L4,R5,R4,L5,10000,600.0,13.0,-41.0,43.01162633521314,-72.40757543781841,151.7362672,151.8331672,457593319552200,457593416452200,2026-10-05T06:01:05.516159+00:00,2026-10-05T06:01:05.609178+00:00,
6,T007,PUFF_BOTH,task,48,6,7,5,8,L4,R4,R3,L5,10000,600.0,-15.0,27.0,30.886890422961002,119.05460409907714,151.8334047,151.9300216,457593416689700,457593513306600,2026-10-05T06:01:05.609178+00:00,2026-10-05T06:01:05.711212+00:00,
6,T007,PUFF_BOTH,task,49,6,5,3,8,L4,R3,R2,L5,10000,600.0,-9.0,12.0,15.0,126.86989764584402,151.9303598,152.0271472,457593513644800,457593610432200,2026-10-05T06:01:05.711212+00:00,2026-10-05T06:01:05.802007+00:00,
6,T007,PUFF_BOTH,task,50,6,3,1,8,L4,R2,R1,L5,10000,600.0,-35.0,94.0,100.30453628824571,110.42233302472343,152.0274044,152.1310851,457593610689400,457593714370100,2026-10-05T06:01:05.802007+00:00,2026-10-05T06:01:05.912135+00:00,
6,T007,PUFF_BOTH,task,51,6,1,0,8,L4,R1,L1,L5,10000,600.0,-4.0,13.0,13.601470508735444,107.10272896905236,152.1313696,152.2282359,457593714654600,457593811520900,2026-10-05T06:01:05.912135+00:00,2026-10-05T06:01:06.009554+00:00,
6,T007,PUFF_BOTH,task,52,8,0,2,10,L5,L1,L2,L6,10000,600.0,35.0,-98.0,104.06248123122954,-70.3461759419467,152.2284618,152.3262607,457593811746800,457593909545700,2026-10-05T06:01:06.009554+00:00,2026-10-05T06:01:06.105192+00:00,
6,T007,PUFF_BOTH,task,53,8,2,4,10,L5,L2,L3,L6,10000,600.0,77.0,-193.0,207.79316639389276,-68.24979316267464,152.3264884,152.4250736,457593909773400,457594008358600,2026-10-05T06:01:06.105192+00:00,2026-10-05T06:01:06.202698+00:00,
6,T007,PUFF_BOTH,task,54,8,4,6,10,L5,L3,L4,L6,10000,600.0,-125.0,296.0,321.3113754600045,112.89420223155484,152.4253239,152.5260076,457594008608900,457594109292600,2026-10-05T06:01:06.202698+00:00,2026-10-05T06:01:06.304748+00:00,
6,T007,PUFF_BOTH,task,55,8,12,14,10,L5,L7,L8,L6,10000,600.0,75.0,-186.0,200.55173896029922,-68.03943597990354,152.5263124,152.6250471,457594109597400,457594208332100,2026-10-05T06:01:06.304748+00:00,2026-10-05T06:01:06.405073+00:00,
6,T007,PUFF_BOTH,task,56,8,14,15,10,L5,L8,R8,L6,10000,600.0,27.0,-67.0,72.2357252334328,-68.05130091647302,152.6252992,152.7201087,457594208584200,457594303393700,2026-10-05T06:01:06.405073+00:00,2026-10-05T06:01:06.500907+00:00,
6,T007,PUFF_BOTH,task,57,8,15,13,10,L5,R8,R7,L6,10000,600.0,8.0,-25.0,26.248809496813376,-72.25532837494306,152.7202782,152.8190289,457594303563200,457594402313900,2026-10-05T06:01:06.500907+00:00,2026-10-05T06:01:06.599474+00:00,
6,T007,PUFF_BOTH,task,58,8,13,11,10,L5,R7,R6,L6,10000,600.0,-3.0,-7.0,7.615773105863909,-113.19859051364818,152.8192601,152.93002,457594402545100,457594513305000,2026-10-05T06:01:06.599474+00:00,2026-10-05T06:01:06.711026+00:00,
6,T007,PUFF_BOTH,task,59,8,11,9,10,L5,R6,R5,L6,10000,600.0,9.0,-35.0,36.138621999185304,-75.57922687248902,152.9303075,153.0280846,457594513592500,457594611369600,2026-10-05T06:01:06.711026+00:00,2026-10-05T06:01:06.809341+00:00,
6,T007,PUFF_BOTH,task,60,8,9,7,10,L5,R5,R4,L6,10000,600.0,-6.0,0.0,6.0,180.0,153.0283208,153.1290762,457594611605800,457594712361200,2026-10-05T06:01:06.809341+00:00,2026-10-05T06:01:06.909571+00:00,
6,T007,PUFF_BOTH,task,61,8,7,5,10,L5,R4,R3,L6,10000,600.0,-5.0,-6.0,7.810249675906654,-129.8055710922652,153.1293531,153.2310989,457594712638100,457594814383900,2026-10-05T06:01:06.909571+00:00,2026-10-05T06:01:07.009079+00:00,
6,T007,PUFF_BOTH,task,62,8,5,3,10,L5,R3,R2,L6,10000,600.0,-1.0,-4.0,4.123105625617661,-104.03624346792648,153.2313357,153.3300355,457594814620700,457594913320500,2026-10-05T06:01:07.009079+00:00,2026-10-05T06:01:07.109225+00:00,
6,T007,PUFF_BOTH,task,63,8,3,1,10,L5,R2,R1,L6,10000,600.0,-18.0,25.0,30.805843601498726,125.75388725443676,153.3302831,153.4280513,457594913568100,457595011336300,2026-10-05T06:01:07.109225+00:00,2026-10-05T06:01:07.209310+00:00,
6,T007,PUFF_BOTH,task,64,8,1,0,10,L5,R1,L1,L6,10000,600.0,32.0,-63.0,70.66116330771806,-63.0723221489595,153.428308,153.527159,457595011593000,457595110444000,2026-10-05T06:01:07.209310+00:00,2026-10-05T06:01:07.301698+00:00,
6,T007,PUFF_BOTH,task,65,10,0,2,12,L6,L1,L2,L7,10000,600.0,27.0,-55.0,61.26989472816156,-63.853158764419106,153.5274027,153.6261518,457595110687700,457595209436800,2026-10-05T06:01:07.301698+00:00,2026-10-05T06:01:07.403663+00:00,
6,T007,PUFF_BOTH,task,66,10,2,4,12,L6,L2,L3,L7,10000,600.0,23.0,-52.0,56.859475903318,-66.13982480865766,153.6264049,153.7251569,457595209689900,457595308441900,2026-10-05T06:01:07.403663+00:00,2026-10-05T06:01:07.501543+00:00,
6,T007,PUFF_BOTH,task,67,10,4,6,12,L6,L3,L4,L7,10000,600.0,-12.0,38.0,39.84971769034255,107.52556837372288,153.7253993,153.8220415,457595308684300,457595405326500,2026-10-05T06:01:07.501543+00:00,2026-10-05T06:01:07.603510+00:00,
6,T007,PUFF_BOTH,task,68,10,6,8,12,L6,L4,L5,L7,10000,600.0,117.0,-239.0,266.101484400219,-63.91641462876037,153.8222881,153.9215488,457595405573100,457595504833800,2026-10-05T06:01:07.603510+00:00,2026-10-05T06:01:07.701415+00:00,
6,T007,PUFF_BOTH,task,69,10,14,15,12,L6,L8,R8,L7,10000,600.0,165.0,-364.0,399.65109783409827,-65.61536988207877,153.9217916,154.0211017,457595505076600,457595604386700,2026-10-05T06:01:07.701415+00:00,2026-10-05T06:01:07.802545+00:00,
6,T007,PUFF_BOTH,task,70,10,15,13,12,L6,R8,R7,L7,10000,600.0,38.0,-74.0,83.18653737234169,-62.81888891452278,154.0213753,154.1201457,457595604660300,457595703430700,2026-10-05T06:01:07.802545+00:00,2026-10-05T06:01:07.901515+00:00,
6,T007,PUFF_BOTH,task,71,10,13,11,12,L6,R7,R6,L7,10000,600.0,28.0,-64.0,69.85699678629192,-66.37062226934319,154.1204478,154.2180251,457595703732800,457595801310100,2026-10-05T06:01:07.901515+00:00,2026-10-05T06:01:07.999328+00:00,
6,T007,PUFF_BOTH,task,72,10,11,9,12,L6,R6,R5,L7,10000,600.0,11.0,-27.0,29.154759474226502,-67.83365417791754,154.2182716,154.3151592,457595801556600,457595898444200,2026-10-05T06:01:07.999328+00:00,2026-10-05T06:01:08.089132+00:00,
6,T007,PUFF_BOTH,task,73,10,9,7,12,L6,R5,R4,L7,10000,600.0,8.0,-18.0,19.697715603592208,-66.03751102542182,154.3153992,154.4120257,457595898684200,457595995310700,2026-10-05T06:01:08.089132+00:00,2026-10-05T06:01:08.193479+00:00,
6,T007,PUFF_BOTH,task,74,10,7,5,12,L6,R4,R3,L7,10000,600.0,-11.0,9.0,14.212670403551895,140.71059313749967,154.4122887,154.5103083,457595995573700,457596093593300,2026-10-05T06:01:08.193479+00:00,2026-10-05T06:01:08.289588+00:00,
6,T007,PUFF_BOTH,task,75,10,5,3,12,L6,R3,R2,L7,10000,600.0,1.0,-4.0,4.123105625617661,-75.96375653207353,154.5105487,154.6080672,457596093833700,457596191352200,2026-10-05T06:01:08.289588+00:00,2026-10-05T06:01:08.389057+00:00,
6,T007,PUFF_BOTH,task,76,10,3,1,12,L6,R2,R1,L7,10000,600.0,-17.0,43.0,46.238512086787566,111.5713071912546,154.6083558,154.707176,457596191640800,457596290461000,2026-10-05T06:01:08.389057+00:00,2026-10-05T06:01:08.484939+00:00,
6,T007,PUFF_BOTH,task,77,10,1,0,12,L6,R1,L1,L7,10000,600.0,17.0,-47.0,49.9799959983992,-70.11483488614456,154.7075707,154.8052084,457596290855700,457596388493400,2026-10-05T06:01:08.484939+00:00,2026-10-05T06:01:08.585967+00:00,
6,T007,PUFF_BOTH,task,78,12,0,2,14,L7,L1,L2,L8,10000,600.0,4.0,-15.0,15.524174696260024,-75.06858282186245,154.8054973,154.904555,457596388782300,457596487840000,2026-10-05T06:01:08.586773+00:00,2026-10-05T06:01:08.685444+00:00,
6,T007,PUFF_BOTH,task,79,12,2,4,14,L7,L2,L3,L8,10000,600.0,12.0,-28.0,30.463092423455635,-66.80140948635182,154.9048374,155.0122375,457596488122400,457596595522500,2026-10-05T06:01:08.685444+00:00,2026-10-05T06:01:08.792106+00:00,
6,T007,PUFF_BOTH,task,80,12,4,6,14,L7,L3,L4,L8,10000,600.0,-18.0,33.0,37.589892258425,118.61045966596521,155.0125468,155.1120672,457596595831800,457596695352200,2026-10-05T06:01:08.792106+00:00,2026-10-05T06:01:08.889091+00:00,
6,T007,PUFF_BOTH,task,81,12,6,8,14,L7,L4,L5,L8,10000,600.0,51.0,-99.0,111.36426715962351,-62.74467162505693,155.1123147,155.2132223,457596695599700,457596796507300,2026-10-05T06:01:08.889091+00:00,2026-10-05T06:01:08.992175+00:00,
6,T007,PUFF_BOTH,task,82,12,8,10,14,L7,L5,L6,L8,10000,600.0,103.0,-200.0,224.96444163467257,-62.75153257335525,155.2134814,155.3151621,457596796766400,457596898447100,2026-10-05T06:01:08.992175+00:00,2026-10-05T06:01:09.093481+00:00,
6,T007,PUFF_BOTH,task,83,12,15,13,14,L7,R8,R7,L8,10000,600.0,90.0,-160.0,183.5755975068582,-60.64224645720873,155.31541,155.4142207,457596898695000,457596997505700,2026-10-05T06:01:09.093481+00:00,2026-10-05T06:01:09.192201+00:00,
6,T007,PUFF_BOTH,task,84,12,13,11,14,L7,R7,R6,L8,10000,600.0,50.0,-96.0,108.24047302187847,-62.487997376148556,155.4144621,155.512157,457596997747100,457597095442000,2026-10-05T06:01:09.192201+00:00,2026-10-05T06:01:09.289272+00:00,
6,T007,PUFF_BOTH,task,85,12,11,9,14,L7,R6,R5,L8,10000,600.0,21.0,-35.0,40.8166632639171,-59.03624346792648,155.5124535,155.6201056,457597095738500,457597203390600,2026-10-05T06:01:09.289272+00:00,2026-10-05T06:01:09.401033+00:00,
6,T007,PUFF_BOTH,task,86,12,9,7,14,L7,R5,R4,L8,10000,600.0,6.0,-18.0,18.973665961010276,-71.56505117707799,155.6203744,155.7160786,457597203659400,457597299363600,2026-10-05T06:01:09.401033+00:00,2026-10-05T06:01:09.489577+00:00,
6,T007,PUFF_BOTH,task,87,12,7,5,14,L7,R4,R3,L8,10000,600.0,-10.0,7.0,12.206555615733702,145.00797980144134,155.7163372,155.8140946,457597299622200,457597397379600,2026-10-05T06:01:09.489577+00:00,2026-10-05T06:01:09.594529+00:00,
6,T007,PUFF_BOTH,task,88,12,5,3,14,L7,R3,R2,L8,10000,600.0,1.0,-4.0,4.123105625617661,-75.96375653207353,155.8143461,155.9131498,457597397631100,457597496434800,2026-10-05T06:01:09.594529+00:00,2026-10-05T06:01:09.689165+00:00,
6,T007,PUFF_BOTH,task,89,12,3,1,14,L7,R2,R1,L8,10000,600.0,-19.0,32.0,37.21558813185679,120.69972255081441,155.9134321,156.0140257,457597496717100,457597597310700,2026-10-05T06:01:09.689165+00:00,2026-10-05T06:01:09.795053+00:00,
6,T007,PUFF_BOTH,task,90,12,1,0,14,L7,R1,L1,L8,10000,600.0,31.0,-56.0,64.00781202322104,-61.032339353935974,156.0142852,156.1131595,457597597570200,457597696444500,2026-10-05T06:01:09.795053+00:00,2026-10-05T06:01:09.889437+00:00,
6,T007,PUFF_BOTH,task,91,14,0,2,15,L8,L1,L2,R8,10000,600.0,-2.0,-1.0,2.23606797749979,-153.434948822922,156.1134012,156.2123027,457597696686200,457597795587700,2026-10-05T06:01:09.889437+00:00,2026-10-05T06:01:09.989200+00:00,
6,T007,PUFF_BOTH,task,92,14,2,4,15,L8,L2,L3,R8,10000,600.0,8.0,-22.0,23.40939982143925,-70.01689347810003,156.2125298,156.3111866,457597795814800,457597894471600,2026-10-05T06:01:09.989200+00:00,2026-10-05T06:01:10.089120+00:00,
6,T007,PUFF_BOTH,task,93,14,4,6,15,L8,L3,L4,R8,10000,600.0,-12.0,27.0,29.546573405388315,113.96248897457819,156.3114396,156.4062523,457597894724600,457597989537300,2026-10-05T06:01:10.089120+00:00,2026-10-05T06:01:10.185372+00:00,
6,T007,PUFF_BOTH,task,94,14,6,8,15,L8,L4,L5,R8,10000,600.0,30.0,-67.0,73.40980860893181,-65.87901688055742,156.4064981,156.5060476,457597989783100,457598089332600,2026-10-05T06:01:10.185372+00:00,2026-10-05T06:01:10.287480+00:00,
6,T007,PUFF_BOTH,task,95,14,8,10,15,L8,L5,L6,R8,10000,600.0,32.0,-71.0,77.87810988975015,-65.73870914752221,156.50628,156.603063,457598089565000,457598186348000,2026-10-05T06:01:10.287480+00:00,2026-10-05T06:01:10.379301+00:00,
6,T007,PUFF_BOTH,task,96,14,10,12,15,L8,L6,L7,R8,10000,600.0,182.0,-372.0,414.13524361010377,-63.92993244367933,156.6033661,156.699026,457598186651100,457598282311000,2026-10-05T06:01:10.379301+00:00,2026-10-05T06:01:10.480283+00:00,
6,T007,PUFF_BOTH,task,97,14,13,11,15,L8,R7,R6,R8,10000,600.0,194.0,-397.0,441.86536410992886,-63.95685950429047,156.6993081,156.7952651,457598282593100,457598378550100,2026-10-05T06:01:10.480283+00:00,2026-10-05T06:01:10.569323+00:00,
6,T007,PUFF_BOTH,task,98,14,11,9,15,L8,R6,R5,R8,10000,600.0,53.0,-102.0,114.94781424629178,-62.543257715400124,156.7956714,156.8951678,457598378956400,457598478452800,2026-10-05T06:01:10.569323+00:00,2026-10-05T06:01:10.673481+00:00,
6,T007,PUFF_BOTH,task,99,14,9,7,15,L8,R5,R4,R8,10000,600.0,18.0,-39.0,42.95346318982906,-65.22485943116808,156.8953893,156.9980231,457598478674300,457598581308100,2026-10-05T06:01:10.673481+00:00,2026-10-05T06:01:10.779457+00:00,
6,T007,PUFF_BOTH,task,100,14,7,5,15,L8,R4,R3,R8,10000,600.0,-16.0,15.0,21.93171219946131,136.8476102659946,156.9982791,157.0970364,457598581564100,457598680321400,2026-10-05T06:01:10.779457+00:00,2026-10-05T06:01:10.877759+00:00,
6,T007,PUFF_BOTH,task,101,14,5,3,15,L8,R3,R2,R8,10000,600.0,3.0,-8.0,8.54400374531753,-69.44395478041653,157.0972283,157.1950286,457598680513300,457598778313600,2026-10-05T06:01:10.877759+00:00,2026-10-05T06:01:10.969930+00:00,
6,T007,PUFF_BOTH,task,102,14,3,1,15,L8,R2,R1,R8,10000,600.0,-13.0,30.0,32.69556544854363,113.4286928087454,157.1952675,157.2942862,457598778552500,457598877571200,2026-10-05T06:01:10.969930+00:00,2026-10-05T06:01:11.071726+00:00,
6,T007,PUFF_BOTH,task,103,14,1,0,15,L8,R1,L1,R8,10000,600.0,32.0,-68.0,75.15317691222374,-64.79887635452492,157.2944894,157.3951578,457598877774400,457598978442800,2026-10-05T06:01:11.071726+00:00,2026-10-05T06:01:11.169330+00:00,
6,T007,PUFF_BOTH,task,104,15,0,2,13,R8,L1,L2,R7,10000,600.0,-2.0,3.0,3.605551275463989,123.69006752597979,157.3954022,157.4940476,457598978687200,457599077332600,2026-10-05T06:01:11.169330+00:00,2026-10-05T06:01:11.275512+00:00,
6,T007,PUFF_BOTH,task,105,15,2,4,13,R8,L2,L3,R7,10000,600.0,4.0,-13.0,13.601470508735444,-72.89727103094764,157.4942893,157.5920823,457599077574300,457599175367300,2026-10-05T06:01:11.275512+00:00,2026-10-05T06:01:11.369444+00:00,
6,T007,PUFF_BOTH,task,106,15,4,6,13,R8,L3,L4,R7,10000,600.0,-6.0,14.0,15.231546211727817,113.19859051364818,157.592495,157.6900421,457599175780000,457599273327100,2026-10-05T06:01:11.369444+00:00,2026-10-05T06:01:11.471376+00:00,
6,T007,PUFF_BOTH,task,107,15,6,8,13,R8,L4,L5,R7,10000,600.0,13.0,-32.0,34.539832078341085,-67.89055165624833,157.690316,157.7861532,457599273601000,457599369438200,2026-10-05T06:01:11.471376+00:00,2026-10-05T06:01:11.559528+00:00,
6,T007,PUFF_BOTH,task,108,15,8,10,13,R8,L5,L6,R7,10000,600.0,10.0,-23.0,25.079872407968907,-66.5014343240479,157.7864177,157.8831693,457599369702700,457599466454300,2026-10-05T06:01:11.559528+00:00,2026-10-05T06:01:11.659194+00:00,
6,T007,PUFF_BOTH,task,109,15,10,12,13,R8,L6,L7,R7,10000,600.0,45.0,-77.0,89.1852005660132,-59.697319279511916,157.8834275,157.9790369,457599466712500,457599562321900,2026-10-05T06:01:11.659194+00:00,2026-10-05T06:01:11.759136+00:00,
6,T007,PUFF_BOTH,task,110,15,12,14,13,R8,L7,L8,R7,10000,600.0,84.0,-156.0,177.17787672280082,-61.69924423399363,157.9792904,158.0761797,457599562575400,457599659464700,2026-10-05T06:01:11.759136+00:00,2026-10-05T06:01:11.852787+00:00,
6,T007,PUFF_BOTH,task,111,15,11,9,13,R8,R6,R5,R7,10000,600.0,102.0,-188.0,213.88782106515555,-61.517814252959575,158.0766115,158.1861549,457599659896500,457599769439900,2026-10-05T06:01:11.852787+00:00,2026-10-05T06:01:11.959071+00:00,
6,T007,PUFF_BOTH,task,112,15,9,7,13,R8,R5,R4,R7,10000,600.0,31.0,-59.0,66.64833081180653,-62.28149837181665,158.1863804,158.284162,457599769665400,457599867447000,2026-10-05T06:01:11.959071+00:00,2026-10-05T06:01:12.059248+00:00,
6,T007,PUFF_BOTH,task,113,15,7,5,13,R8,R4,R3,R7,10000,600.0,-19.0,22.0,29.068883707497267,130.8150838748816,158.2844043,158.3820208,457599867689300,457599965305800,2026-10-05T06:01:12.059248+00:00,2026-10-05T06:01:12.162838+00:00,
6,T007,PUFF_BOTH,task,114,15,5,3,13,R8,R3,R2,R7,10000,600.0,5.0,-11.0,12.083045973594572,-65.55604521958347,158.3822691,158.4780865,457599965554100,457600061371500,2026-10-05T06:01:12.162838+00:00,2026-10-05T06:01:12.259247+00:00,
6,T007,PUFF_BOTH,task,115,15,3,1,13,R8,R2,R1,R7,10000,600.0,-10.0,17.0,19.72308292331602,120.46554491945989,158.4783223,158.5771563,457600061607300,457600160441300,2026-10-05T06:01:12.259247+00:00,2026-10-05T06:01:12.358526+00:00,
6,T007,PUFF_BOTH,task,116,15,1,0,13,R8,R1,L1,R7,10000,600.0,28.0,-55.0,61.71709649683789,-63.019769281777144,158.5774777,158.676158,457600160762700,457600259443000,2026-10-05T06:01:12.358526+00:00,2026-10-05T06:01:12.451254+00:00,
6,T007,PUFF_BOTH,task,117,13,0,2,11,R7,L1,L2,R6,10000,600.0,-16.0,25.0,29.68164415931166,122.61924307119284,158.676436,158.7731681,457600259721000,457600356453100,2026-10-05T06:01:12.451254+00:00,2026-10-05T06:01:12.553078+00:00,
6,T007,PUFF_BOTH,task,118,13,2,4,11,R7,L2,L3,R6,10000,600.0,4.0,-16.0,16.492422502470642,-75.96375653207353,158.7734052,158.8861491,457600356690200,457600469434100,2026-10-05T06:01:12.553078+00:00,2026-10-05T06:01:12.667357+00:00,
6,T007,PUFF_BOTH,task,119,13,4,6,11,R7,L3,L4,R6,10000,600.0,-14.0,27.0,30.4138126514911,117.40757543781842,158.8864133,158.9830174,457600469698300,457600566302400,2026-10-05T06:01:12.667357+00:00,2026-10-05T06:01:12.763924+00:00,
6,T007,PUFF_BOTH,task,120,13,6,8,11,R7,L4,L5,R6,10000,600.0,19.0,-47.0,50.695167422546305,-67.98871680208065,158.9832789,159.08002,457600566563900,457600663305000,2026-10-05T06:01:12.763924+00:00,2026-10-05T06:01:12.859033+00:00,
6,T007,PUFF_BOTH,task,121,13,8,10,11,R7,L5,L6,R6,10000,600.0,-1.0,-13.0,13.038404810405298,-94.39870535499554,159.0802832,159.1771667,457600663568200,457600760451700,2026-10-05T06:01:12.859033+00:00,2026-10-05T06:01:12.956683+00:00,
6,T007,PUFF_BOTH,task,122,13,10,12,11,R7,L6,L7,R6,10000,600.0,32.0,-73.0,79.7057087039567,-66.32946151527955,159.1774486,159.2810724,457600760733600,457600864357400,2026-10-05T06:01:12.956683+00:00,2026-10-05T06:01:13.059335+00:00,
6,T007,PUFF_BOTH,task,123,13,12,14,11,R7,L7,L8,R6,10000,600.0,39.0,-98.0,105.47511554864494,-68.29946326068254,159.2813032,159.3802497,457600864588200,457600963534700,2026-10-05T06:01:13.059335+00:00,2026-10-05T06:01:13.161201+00:00,
6,T007,PUFF_BOTH,task,124,13,14,15,11,R7,L8,R8,R6,10000,600.0,158.0,-399.0,429.1444978093043,-68.39693080148422,159.38065,159.4811675,457600963935000,457601064452500,2026-10-05T06:01:13.161201+00:00,2026-10-05T06:01:13.259418+00:00,
6,T007,PUFF_BOTH,task,125,13,9,7,11,R7,R5,R4,R6,10000,600.0,40.0,-93.0,101.23734488813898,-66.72709593591802,159.4814397,159.5780187,457601064724700,457601161303700,2026-10-05T06:01:13.259418+00:00,2026-10-05T06:01:13.359306+00:00,
6,T007,PUFF_BOTH,task,126,13,7,5,11,R7,R4,R3,R6,10000,600.0,-8.0,5.0,9.433981132056603,147.9946167919165,159.5782596,159.676176,457601161544600,457601259461000,2026-10-05T06:01:13.359306+00:00,2026-10-05T06:01:13.452798+00:00,
6,T007,PUFF_BOTH,task,127,13,5,3,11,R7,R3,R2,R6,10000,600.0,7.0,-21.0,22.135943621178654,-71.56505117707799,159.6764249,159.7771585,457601259709900,457601360443500,2026-10-05T06:01:13.452798+00:00,2026-10-05T06:01:13.551480+00:00,
6,T007,PUFF_BOTH,task,128,13,3,1,11,R7,R2,R1,R6,10000,600.0,-3.0,-15.0,15.297058540778355,-101.30993247402021,159.7774012,159.8740379,457601360686200,457601457322900,2026-10-05T06:01:13.551480+00:00,2026-10-05T06:01:13.653555+00:00,
6,T007,PUFF_BOTH,task,129,13,1,0,11,R7,R1,L1,R6,10000,600.0,34.0,-60.0,68.96375859826666,-60.4612177404419,159.8743173,159.9730909,457601457602300,457601556375900,2026-10-05T06:01:13.653555+00:00,2026-10-05T06:01:13.753603+00:00,
6,T007,PUFF_BOTH,task,130,11,0,2,9,R6,L1,L2,R5,10000,600.0,-3.0,-1.0,3.1622776601683795,-161.565051177078,159.9733249,160.0711444,457601556609900,457601654429400,2026-10-05T06:01:13.753603+00:00,2026-10-05T06:01:13.852476+00:00,
6,T007,PUFF_BOTH,task,131,11,2,4,9,R6,L2,L3,R5,10000,600.0,5.0,-21.0,21.587033144922902,-76.6075022462489,160.0714172,160.1680144,457601654702200,457601751299400,2026-10-05T06:01:13.852476+00:00,2026-10-05T06:01:13.949157+00:00,
6,T007,PUFF_BOTH,task,132,11,4,6,9,R6,L3,L4,R5,10000,600.0,1.0,-3.0,3.1622776601683795,-71.56505117707799,160.1682487,160.2650139,457601751533700,457601848298900,2026-10-05T06:01:13.949157+00:00,2026-10-05T06:01:14.046268+00:00,
6,T007,PUFF_BOTH,task,133,11,6,8,9,R6,L4,L5,R5,10000,600.0,5.0,-19.0,19.6468827043885,-75.25643716352927,160.2652623,160.3631597,457601848547300,457601946444700,2026-10-05T06:01:14.046268+00:00,2026-10-05T06:01:14.139179+00:00,
6,T007,PUFF_BOTH,task,134,11,8,10,9,R6,L5,L6,R5,10000,600.0,4.0,-32.0,32.2490309931942,-82.8749836510982,160.3634107,160.4600592,457601946695700,457602043344200,2026-10-05T06:01:14.139179+00:00,2026-10-05T06:01:14.241238+00:00,
6,T007,PUFF_BOTH,task,135,11,10,12,9,R6,L6,L7,R5,10000,600.0,10.0,-28.0,29.732137494637012,-70.3461759419467,160.4603816,160.5581367,457602043666600,457602141421700,2026-10-05T06:01:14.241238+00:00,2026-10-05T06:01:14.339493+00:00,
6,T007,PUFF_BOTH,task,136,11,12,14,9,R6,L7,L8,R5,10000,600.0,10.0,-32.0,33.52610922848042,-72.64597536373867,160.5583894,160.6550829,457602141674400,457602238367900,2026-10-05T06:01:14.339493+00:00,2026-10-05T06:01:14.436466+00:00,
6,T007,PUFF_BOTH,task,137,11,14,15,9,R6,L8,R8,R5,10000,600.0,34.0,-94.0,99.9599919967984,-70.11483488614456,160.6553729,160.7520251,457602238657900,457602335310100,2026-10-05T06:01:14.436466+00:00,2026-10-05T06:01:14.532940+00:00,
6,T007,PUFF_BOTH,task,138,11,15,13,9,R6,R8,R7,R5,10000,600.0,64.0,-181.0,191.98176996788,-70.52685579699835,160.7522773,160.8500789,457602335562300,457602433363900,2026-10-05T06:01:14.532940+00:00,2026-10-05T06:01:14.629394+00:00,
6,T007,PUFF_BOTH,task,139,11,7,5,9,R6,R4,R3,R5,10000,600.0,-129.0,338.0,361.7803200838874,110.88969529190884,160.8503598,160.9512392,457602433644800,457602534524200,2026-10-05T06:01:14.629394+00:00,2026-10-05T06:01:14.729073+00:00,
6,T007,PUFF_BOTH,task,140,11,5,3,9,R6,R3,R2,R5,10000,600.0,70.0,-189.0,201.54652068443156,-69.67686317033707,160.9514698,161.0470273,457602534754800,457602630312300,2026-10-05T06:01:14.729073+00:00,2026-10-05T06:01:14.827646+00:00,
6,T007,PUFF_BOTH,task,141,11,3,1,9,R6,R2,R1,R5,10000,600.0,39.0,-133.0,138.6001443000692,-73.65711745655814,161.0473014,161.1461588,457602630586400,457602729443800,2026-10-05T06:01:14.827646+00:00,2026-10-05T06:01:14.922467+00:00,
6,T007,PUFF_BOTH,task,142,11,1,0,9,R6,R1,L1,R5,10000,600.0,36.0,-82.0,89.55445270895244,-66.29735404903377,161.1464099,161.2432079,457602729694900,457602826492900,2026-10-05T06:01:14.922467+00:00,2026-10-05T06:01:15.019430+00:00,
6,T007,PUFF_BOTH,task,143,9,0,2,7,R5,L1,L2,R4,10000,600.0,-23.0,58.0,62.39390995922599,111.63088683651792,161.2434472,161.3431673,457602826732200,457602926452300,2026-10-05T06:01:15.019430+00:00,2026-10-05T06:01:15.119408+00:00,
6,T007,PUFF_BOTH,task,144,9,2,4,7,R5,L2,L3,R4,10000,600.0,0.0,-11.0,11.0,-90.0,161.3434286,161.4430332,457602926713600,457603026318200,2026-10-05T06:01:15.119408+00:00,2026-10-05T06:01:15.222078+00:00,
6,T007,PUFF_BOTH,task,145,9,4,6,7,R5,L3,L4,R4,10000,600.0,-21.0,56.0,59.80802621722272,110.55604521958347,161.4432829,161.5401366,457603026567900,457603123421600,2026-10-05T06:01:15.222078+00:00,2026-10-05T06:01:15.321581+00:00,
6,T007,PUFF_BOTH,task,146,9,6,8,7,R5,L4,L5,R4,10000,600.0,20.0,-66.0,68.96375859826666,-73.14160123226172,161.5403823,161.6427918,457603123667300,457603226076800,2026-10-05T06:01:15.321581+00:00,2026-10-05T06:01:15.424122+00:00,
6,T007,PUFF_BOTH,task,147,9,8,10,7,R5,L5,L6,R4,10000,600.0,-5.0,-5.0,7.0710678118654755,-135.0,161.6430328,161.7410697,457603226317800,457603324354700,2026-10-05T06:01:15.424122+00:00,2026-10-05T06:01:15.522287+00:00,
6,T007,PUFF_BOTH,task,148,9,10,12,7,R5,L6,L7,R4,10000,600.0,9.0,-26.0,27.51363298439521,-70.90650799951439,161.7413173,161.8371592,457603324602300,457603420444200,2026-10-05T06:01:15.522287+00:00,2026-10-05T06:01:15.609226+00:00,
6,T007,PUFF_BOTH,task,149,9,12,14,7,R5,L7,L8,R4,10000,600.0,0.0,-21.0,21.0,-90.0,161.8374093,161.936011,457603420694300,457603519296000,2026-10-05T06:01:15.609226+00:00,2026-10-05T06:01:15.716561+00:00,
6,T007,PUFF_BOTH,task,150,9,14,15,7,R5,L8,R8,R4,10000,600.0,9.0,-38.0,39.05124837953327,-76.67546873810922,161.936272,162.0341639,457603519557000,457603617448900,2026-10-05T06:01:15.717561+00:00,2026-10-05T06:01:15.809193+00:00,
6,T007,PUFF_BOTH,task,151,9,15,13,7,R5,R8,R7,R4,10000,600.0,14.0,-62.0,63.56099432828282,-77.27564431457763,162.0344195,162.1320575,457603617704500,457603715342500,2026-10-05T06:01:15.809193+00:00,2026-10-05T06:01:15.913352+00:00,
6,T007,PUFF_BOTH,task,152,9,13,11,7,R5,R7,R6,R4,10000,600.0,19.0,-85.0,87.0976463516667,-77.39984017391933,162.1323097,162.229038,457603715594700,457603812323000,2026-10-05T06:01:15.913352+00:00,2026-10-05T06:01:16.009474+00:00,
6,T007,PUFF_BOTH,task,153,9,5,3,7,R5,R3,R2,R4,10000,600.0,-82.0,249.0,262.15453457836657,108.22760673823127,162.2292679,162.3310392,457603812552900,457603914324200,2026-10-05T06:01:16.009474+00:00,2026-10-05T06:01:16.112254+00:00,
6,T007,PUFF_BOTH,task,154,9,3,1,7,R5,R2,R1,R4,10000,600.0,-15.0,29.0,32.64965543462902,117.34987578006988,162.331283,162.4281542,457603914568000,457604011439200,2026-10-05T06:01:16.112254+00:00,2026-10-05T06:01:16.209212+00:00,
6,T007,PUFF_BOTH,task,155,9,1,0,7,R5,R1,L1,R4,10000,600.0,16.0,-12.0,20.0,-36.86989764584402,162.4284358,162.5281666,457604011720800,457604111451600,2026-10-05T06:01:16.209212+00:00,2026-10-05T06:01:16.309380+00:00,
6,T007,PUFF_BOTH,task,156,7,0,2,5,R4,L1,L2,R3,10000,600.0,1.0,-34.0,34.0147027033899,-88.31531568210372,162.5283804,162.6277438,457604111665400,457604211028800,2026-10-05T06:01:16.309380+00:00,2026-10-05T06:01:16.409167+00:00,
6,T007,PUFF_BOTH,task,157,7,2,4,5,R4,L2,L3,R3,10000,600.0,-3.0,-6.0,6.708203932499369,-116.56505117707799,162.6279854,162.729056,457604211270400,457604312341000,2026-10-05T06:01:16.409167+00:00,2026-10-05T06:01:16.509293+00:00,
6,T007,PUFF_BOTH,task,158,7,4,6,5,R4,L3,L4,R3,10000,600.0,4.0,-37.0,37.21558813185679,-83.8298249049704,162.729258,162.8270141,457604312543000,457604410299100,2026-10-05T06:01:16.509293+00:00,2026-10-05T06:01:16.606837+00:00,
6,T007,PUFF_BOTH,task,159,7,6,8,5,R4,L4,L5,R3,10000,600.0,-1.0,16.0,16.0312195418814,93.57633437499736,162.8272899,162.9290577,457604410574900,457604512342700,2026-10-05T06:01:16.606837+00:00,2026-10-05T06:01:16.709979+00:00,
6,T007,PUFF_BOTH,task,160,7,8,10,5,R4,L5,L6,R3,10000,600.0,-5.0,-1.0,5.0990195135927845,-168.6900675259798,162.9292311,163.0280592,457604512516100,457604611344200,2026-10-05T06:01:16.709979+00:00,2026-10-05T06:01:16.809309+00:00,
6,T007,PUFF_BOTH,task,161,7,10,12,5,R4,L6,L7,R3,10000,600.0,-1.0,6.0,6.082762530298219,99.46232220802563,163.028425,163.1314044,457604611710000,457604714689400,2026-10-05T06:01:16.809843+00:00,2026-10-05T06:01:16.909272+00:00,
6,T007,PUFF_BOTH,task,162,7,12,14,5,R4,L7,L8,R3,10000,600.0,-6.0,7.0,9.219544457292887,130.6012946450045,163.1316679,163.2272268,457604714952900,457604810511800,2026-10-05T06:01:16.909272+00:00,2026-10-05T06:01:17.002258+00:00,
6,T007,PUFF_BOTH,task,163,7,14,15,5,R4,L8,R8,R3,10000,600.0,-6.0,17.0,18.027756377319946,109.4400348281762,163.227476,163.3261111,457604810761000,457604909396100,2026-10-05T06:01:17.002258+00:00,2026-10-05T06:01:17.107421+00:00,
6,T007,PUFF_BOTH,task,164,7,15,13,5,R4,R8,R7,R3,10000,600.0,-8.0,18.0,19.697715603592208,113.96248897457819,163.3263692,163.4241545,457604909654200,457605007439500,2026-10-05T06:01:17.107421+00:00,2026-10-05T06:01:17.199519+00:00,
6,T007,PUFF_BOTH,task,165,7,13,11,5,R4,R7,R6,R3,10000,600.0,-9.0,12.0,15.0,126.86989764584402,163.4244107,163.5221193,457605007695700,457605105404300,2026-10-05T06:01:17.199519+00:00,2026-10-05T06:01:17.303184+00:00,
6,T007,PUFF_BOTH,task,166,7,11,9,5,R4,R6,R5,R3,10000,600.0,-62.0,297.0,303.40237309553135,101.79139827985857,163.5223889,163.6190197,457605105673900,457605202304700,2026-10-05T06:01:17.303184+00:00,2026-10-05T06:01:17.400334+00:00,
6,T007,PUFF_BOTH,task,167,7,3,1,5,R4,R2,R1,R3,10000,600.0,57.0,-441.0,444.6684157886638,-82.63525375501736,163.61927,163.7172086,457605202555000,457605300493600,2026-10-05T06:01:17.400334+00:00,2026-10-05T06:01:17.489551+00:00,
6,T007,PUFF_BOTH,task,168,7,1,0,5,R4,R1,L1,R3,10000,600.0,42.0,-100.0,108.46197490364999,-67.21759426951832,163.7174715,163.8150121,457605300756500,457605398297100,2026-10-05T06:01:17.489551+00:00,2026-10-05T06:01:17.596063+00:00,
6,T007,PUFF_BOTH,task,169,5,0,2,3,R3,L1,L2,R2,10000,600.0,-13.0,27.0,29.966648127543394,115.70995378081126,163.8152706,163.9122056,457605398555600,457605495490600,2026-10-05T06:01:17.596063+00:00,2026-10-05T06:01:17.689541+00:00,
6,T007,PUFF_BOTH,task,170,5,2,4,3,R3,L2,L3,R2,10000,600.0,2.0,-19.0,19.1049731745428,-83.99099404250548,163.9124586,164.0110535,457605495743600,457605594338500,2026-10-05T06:01:17.689541+00:00,2026-10-05T06:01:17.789312+00:00,
6,T007,PUFF_BOTH,task,171,5,4,6,3,R3,L3,L4,R2,10000,600.0,0.0,-9.0,9.0,-90.0,164.0113384,164.1110578,457605594623400,457605694342800,2026-10-05T06:01:17.789312+00:00,2026-10-05T06:01:17.889074+00:00,
6,T007,PUFF_BOTH,task,172,5,6,8,3,R3,L4,L5,R2,10000,600.0,-2.0,-7.0,7.280109889280518,-105.94539590092286,164.1113073,164.2080589,457605694592300,457605791343900,2026-10-05T06:01:17.889074+00:00,2026-10-05T06:01:17.989134+00:00,
6,T007,PUFF_BOTH,task,173,5,8,10,3,R3,L5,L6,R2,10000,600.0,-6.0,-6.0,8.48528137423857,-135.0,164.2082703,164.3072213,457605791555300,457605890506300,2026-10-05T06:01:17.989134+00:00,2026-10-05T06:01:18.085596+00:00,
6,T007,PUFF_BOTH,task,174,5,10,12,3,R3,L6,L7,R2,10000,600.0,3.0,-10.0,10.44030650891055,-73.30075576600639,164.3074775,164.4073697,457605890762500,457605990654700,2026-10-05T06:01:18.085596+00:00,2026-10-05T06:01:18.188170+00:00,
6,T007,PUFF_BOTH,task,175,5,12,14,3,R3,L7,L8,R2,10000,600.0,-5.0,-6.0,7.810249675906654,-129.8055710922652,164.4076131,164.5050681,457605990898100,457606088353100,2026-10-05T06:01:18.188170+00:00,2026-10-05T06:01:18.285206+00:00,
6,T007,PUFF_BOTH,task,176,5,14,15,3,R3,L8,R8,R2,10000,600.0,-2.0,-7.0,7.280109889280518,-105.94539590092286,164.5053102,164.6011818,457606088595200,457606184466800,2026-10-05T06:01:18.285206+00:00,2026-10-05T06:01:18.379358+00:00,
6,T007,PUFF_BOTH,task,177,5,15,13,3,R3,R8,R7,R2,10000,600.0,-2.0,-16.0,16.1245154965971,-97.1250163489018,164.6015941,164.700021,457606184879100,457606283306000,2026-10-05T06:01:18.379358+00:00,2026-10-05T06:01:18.479530+00:00,
6,T007,PUFF_BOTH,task,178,5,13,11,3,R3,R7,R6,R2,10000,600.0,-7.0,-16.0,17.46424919657298,-113.62937773065681,164.7002732,164.8012282,457606283558200,457606384513200,2026-10-05T06:01:18.479530+00:00,2026-10-05T06:01:18.579323+00:00,
6,T007,PUFF_BOTH,task,179,5,11,9,3,R3,R6,R5,R2,10000,600.0,21.0,-184.0,185.1944923587092,-83.48898055659936,164.8014933,164.9000511,457606384778300,457606483336100,2026-10-05T06:01:18.579323+00:00,2026-10-05T06:01:18.679247+00:00,
6,T007,PUFF_BOTH,task,180,5,9,7,3,R3,R5,R4,R2,10000,600.0,-46.0,255.0,259.11580422660444,100.22573601919363,164.9004311,164.9980156,457606483716100,457606581300600,2026-10-05T06:01:18.679247+00:00,2026-10-05T06:01:18.779266+00:00,
6,T007,PUFF_BOTH,task,181,5,1,0,3,R3,R1,L1,R2,10000,600.0,30.0,-55.0,62.64982043070834,-61.38954033403479,164.9983331,165.0981204,457606581618100,457606681405400,2026-10-05T06:01:18.779266+00:00,2026-10-05T06:01:18.879442+00:00,
6,T007,PUFF_BOTH,task,182,3,0,2,1,R2,L1,L2,R1,10000,600.0,5.0,-258.0,258.0484450641003,-88.88975565677949,165.0983687,165.1940581,457606681653700,457606777343100,2026-10-05T06:01:18.879442+00:00,2026-10-05T06:01:18.973770+00:00,
6,T007,PUFF_BOTH,task,183,3,2,4,1,R2,L2,L3,R1,10000,600.0,-2.0,-9.0,9.219544457292887,-102.52880770915151,165.1943176,165.2931758,457606777602600,457606876460800,2026-10-05T06:01:18.973770+00:00,2026-10-05T06:01:19.070409+00:00,
6,T007,PUFF_BOTH,task,184,3,4,6,1,R2,L3,L4,R1,10000,600.0,-5.0,-10.0,11.180339887498949,-116.56505117707799,165.2934191,165.391059,457606876704100,457606974344000,2026-10-05T06:01:19.070409+00:00,2026-10-05T06:01:19.169331+00:00,
6,T007,PUFF_BOTH,task,185,3,6,8,1,R2,L4,L5,R1,10000,600.0,-1.0,12.0,12.041594578792296,94.76364169072617,165.391332,165.4910683,457606974617000,457607074353300,2026-10-05T06:01:19.169331+00:00,2026-10-05T06:01:19.269420+00:00,
6,T007,PUFF_BOTH,task,186,3,8,10,1,R2,L5,L6,R1,10000,600.0,-9.0,-5.0,10.295630140987,-150.94539590092285,165.4913736,165.5892236,457607074658600,457607172508600,2026-10-05T06:01:19.269420+00:00,2026-10-05T06:01:19.370364+00:00,
6,T007,PUFF_BOTH,task,187,3,10,12,1,R2,L6,L7,R1,10000,600.0,1.0,-3.0,3.1622776601683795,-71.56505117707799,165.5894868,165.6871577,457607172771800,457607270442700,2026-10-05T06:01:19.370364+00:00,2026-10-05T06:01:19.467533+00:00,
6,T007,PUFF_BOTH,task,188,3,12,14,1,R2,L7,L8,R1,10000,600.0,-9.0,1.0,9.055385138137417,173.6598082540901,165.6874192,165.7861538,457607270704200,457607369438800,2026-10-05T06:01:19.467533+00:00,2026-10-05T06:01:19.559079+00:00,
6,T007,PUFF_BOTH,task,189,3,14,15,1,R2,L8,R8,R1,10000,600.0,-4.0,0.0,4.0,180.0,165.7864388,165.8830126,457607369723800,457607466297600,2026-10-05T06:01:19.559079+00:00,2026-10-05T06:01:19.663653+00:00,
6,T007,PUFF_BOTH,task,190,3,15,13,1,R2,R8,R7,R1,10000,600.0,-8.0,-12.0,14.422205101855956,-123.69006752597979,165.8832887,165.9831596,457607466573700,457607566444600,2026-10-05T06:01:19.664646+00:00,2026-10-05T06:01:19.759187+00:00,
6,T007,PUFF_BOTH,task,191,3,13,11,1,R2,R7,R6,R1,10000,600.0,-13.0,-19.0,23.021728866442675,-124.38034472384487,165.9834296,166.0800864,457607566714600,457607663371400,2026-10-05T06:01:19.759187+00:00,2026-10-05T06:01:19.859162+00:00,
6,T007,PUFF_BOTH,task,192,3,11,9,1,R2,R6,R5,R1,10000,600.0,-3.0,-104.0,104.04326023342406,-91.6523046776513,166.0803375,166.1801692,457607663622500,457607763454200,2026-10-05T06:01:19.859162+00:00,2026-10-05T06:01:19.959542+00:00,
6,T007,PUFF_BOTH,task,193,3,9,7,1,R2,R5,R4,R1,10000,600.0,-10.0,1.0,10.04987562112089,174.28940686250036,166.1804564,166.2780293,457607763741400,457607861314300,2026-10-05T06:01:19.959542+00:00,2026-10-05T06:01:20.059212+00:00,
6,T007,PUFF_BOTH,task,194,3,7,5,1,R2,R4,R3,R1,10000,600.0,-9.0,-329.0,329.1230772826482,-91.56697095704855,166.2783659,166.3762264,457607861650900,457607959511400,2026-10-05T06:01:20.059212+00:00,2026-10-05T06:01:20.155714+00:00,
6,T007,PUFF_BOTH,task,195,1,2,4,0,R1,L2,L3,L1,10000,600.0,-7.0,23.0,24.041630560342615,106.92751306414705,166.3764825,166.4741984,457607959767500,457608057483400,2026-10-05T06:01:20.155714+00:00,2026-10-05T06:01:20.255495+00:00,
6,T007,PUFF_BOTH,task,196,1,4,6,0,R1,L3,L4,L1,10000,600.0,2.0,-27.0,27.073972741361768,-85.76360520094116,166.4744262,166.5741725,457608057711200,457608157457500,2026-10-05T06:01:20.255495+00:00,2026-10-05T06:01:20.352909+00:00,
6,T007,PUFF_BOTH,task,197,1,6,8,0,R1,L4,L5,L1,10000,600.0,-4.0,25.0,25.317977802344327,99.09027692082232,166.5744466,166.6701216,457608157731600,457608253406600,2026-10-05T06:01:20.352909+00:00,2026-10-05T06:01:20.451141+00:00,
6,T007,PUFF_BOTH,task,198,1,8,10,0,R1,L5,L6,L1,10000,600.0,-2.0,-10.0,10.198039027185569,-101.30993247402021,166.6705435,166.7680189,457608253828500,457608351303900,2026-10-05T06:01:20.451141+00:00,2026-10-05T06:01:20.549301+00:00,
6,T007,PUFF_BOTH,task,199,1,10,12,0,R1,L6,L7,L1,10000,600.0,1.0,-8.0,8.06225774829855,-82.8749836510982,166.7682723,166.8780544,457608351557300,457608461339400,2026-10-05T06:01:20.549301+00:00,2026-10-05T06:01:20.659334+00:00,
6,T007,PUFF_BOTH,task,200,1,12,14,0,R1,L7,L8,L1,10000,600.0,-2.0,-10.0,10.198039027185569,-101.30993247402021,166.8784418,166.9760239,457608461726800,457608559308900,2026-10-05T06:01:20.659839+00:00,2026-10-05T06:01:20.756751+00:00,
6,T007,PUFF_BOTH,task,201,1,14,15,0,R1,L8,R8,L1,10000,600.0,0.0,-13.0,13.0,-90.0,166.9762592,167.0800291,457608559544200,457608663314100,2026-10-05T06:01:20.756751+00:00,2026-10-05T06:01:20.861279+00:00,
6,T007,PUFF_BOTH,task,202,1,15,13,0,R1,R8,R7,L1,10000,600.0,-1.0,-12.0,12.041594578792296,-94.76364169072617,167.0803283,167.1821662,457608663613300,457608765451200,2026-10-05T06:01:20.861279+00:00,2026-10-05T06:01:20.959204+00:00,
6,T007,PUFF_BOTH,task,203,1,13,11,0,R1,R7,R6,L1,10000,600.0,-4.0,-2.0,4.47213595499958,-153.434948822922,167.1824239,167.2810233,457608765708900,457608864308300,2026-10-05T06:01:20.959204+00:00,2026-10-05T06:01:21.061193+00:00,
6,T007,PUFF_BOTH,task,204,1,11,9,0,R1,R6,R5,L1,10000,600.0,1.0,-24.0,24.020824298928627,-87.61405596961119,167.2813379,167.382327,457608864622900,457608965612000,2026-10-05T06:01:21.062714+00:00,2026-10-05T06:01:21.159737+00:00,
6,T007,PUFF_BOTH,task,205,1,9,7,0,R1,R5,R4,L1,10000,600.0,-6.0,38.0,38.47076812334269,98.9726266148964,167.3825771,167.4800237,457608965862100,457609063308700,2026-10-05T06:01:21.159737+00:00,2026-10-05T06:01:21.259372+00:00,
6,T007,PUFF_BOTH,task,206,1,7,5,0,R1,R4,R3,L1,10000,600.0,-1.0,-37.0,37.013511046643494,-91.54815769897796,167.480276,167.5800303,457609063561000,457609163315300,2026-10-05T06:01:21.259372+00:00,2026-10-05T06:01:21.359361+00:00,
6,T007,PUFF_BOTH,task,207,1,5,3,0,R1,R3,R2,L1,10000,600.0,-1.0,4.0,4.123105625617661,104.03624346792648,167.5803031,167.6760252,457609163588100,457609259310200,2026-10-05T06:01:21.359361+00:00,2026-10-05T06:01:21.456656+00:00,
