frame_id,trial_id,task,state,pattern_id,f_plus,s_plus,s_minus,f_minus,f_plus_site,s_plus_site,s_minus_site,f_minus_site,configured_frequency_hz,configured_amplitude_mvpp,real_raw,imag_raw,magnitude_raw,phase_deg,start_s,end_s,start_perf_counter_ns,end_perf_counter_ns,start_utc,end_utc,error
0,T001,REST,task,0,0,4,6,2,L1,L3,L4,L2,50000,600.0,-108.0,326.0,343.42393626536864,108.3294318528685,10.032775,10.131158,458781841492400,458781939875400,2026-10-05T06:20:54.034851+00:00,2026-10-05T06:20:54.129537+00:00,
0,T001,REST,task,1,0,6,8,2,L1,L4,L5,L2,50000,600.0,-28.0,103.0,106.7379969832674,105.20803919063532,10.1314361,10.2310366,458781940153500,458782039754000,2026-10-05T06:20:54.129537+00:00,2026-10-05T06:20:54.237722+00:00,
0,T001,REST,task,2,0,8,10,2,L1,L5,L6,L2,50000,600.0,-27.0,93.0,96.84007434941384,106.18920625702695,10.2312915,10.3291618,458782040008900,458782137879200,2026-10-05T06:20:54.237722+00:00,2026-10-05T06:20:54.329528+00:00,
0,T001,REST,task,3,0,10,12,2,L1,L6,L7,L2,50000,600.0,-22.0,52.0,56.462376853972415,112.9321004375898,10.3294112,10.4260528,458782138128600,458782234770200,2026-10-05T06:20:54.329528+00:00,2026-10-05T06:20:54.429656+00:00,
0,T001,REST,task,4,0,12,14,2,L1,L7,L8,L2,50000,600.0,2.0,21.0,21.095023109728988,84.55966796899449,10.4263005,10.5210236,458782235017900,458782329741000,2026-10-05T06:20:54.429656+00:00,2026-10-05T06:20:54.526389+00:00,
0,T001,REST,task,5,0,14,15,2,L1,L8,R8,L2,50000,600.0,4.0,6.0,7.211102550927978,56.309932474020215,10.5212351,10.61904,458782329952500,458782427757400,2026-10-05T06:20:54.526389+00:00,2026-10-05T06:20:54.625035+00:00,
0,T001,REST,task,6,0,15,13,2,L1,R8,R7,L2,50000,600.0,4.0,0.0,4.0,0.0,10.6192729,10.7160572,458782427990300,458782524774600,2026-10-05T06:20:54.625035+00:00,2026-10-05T06:20:54.722704+00:00,
0,T001,REST,task,7,0,13,11,2,L1,R7,R6,L2,50000,600.0,15.0,-20.0,25.0,-53.13010235415598,10.7162659,10.8140392,458782524983300,458782622756600,2026-10-05T06:20:54.722704+00:00,2026-10-05T06:20:54.819685+00:00,
0,T001,REST,task,8,0,11,9,2,L1,R6,R5,L2,50000,600.0,3.0,11.0,11.40175425099138,74.74488129694222,10.8142507,10.9140334,458782622968100,458782722750800,2026-10-05T06:20:54.819685+00:00,2026-10-05T06:20:54.920911+00:00,
0,T001,REST,task,9,0,9,7,2,L1,R5,R4,L2,50000,600.0,24.0,-68.0,72.11102550927978,-70.5599651718238,10.9142246,11.009161,458782722942000,458782817878400,2026-10-05T06:20:54.920911+00:00,2026-10-05T06:20:55.011546+00:00,
0,T001,REST,task,10,0,7,5,2,L1,R4,R3,L2,50000,600.0,-4.0,52.0,52.15361924162119,94.39870535499554,11.0093622,11.109016,458782818079600,458782917733400,2026-10-05T06:20:55.011546+00:00,2026-10-05T06:20:55.115430+00:00,
0,T001,REST,task,11,0,5,3,2,L1,R3,R2,L2,50000,600.0,9.0,-28.0,29.410882339705484,-72.18111108547723,11.109203,11.2070298,458782917920400,458783015747200,2026-10-05T06:20:55.115430+00:00,2026-10-05T06:20:55.211398+00:00,
0,T001,REST,task,12,0,3,1,2,L1,R2,R1,L2,50000,600.0,-128.0,416.0,435.2470562795342,107.10272896905236,11.2073809,11.3050615,458783016098300,458783113778900,2026-10-05T06:20:55.211398+00:00,2026-10-05T06:20:55.311643+00:00,
0,T001,REST,task,13,2,6,8,4,L2,L4,L5,L3,50000,600.0,100.0,-273.0,290.73871431235295,-69.88219897568774,11.3052389,11.4033006,458783113956300,458783212018000,2026-10-05T06:20:55.311643+00:00,2026-10-05T06:20:55.409934+00:00,
0,T001,REST,task,14,2,8,10,4,L2,L5,L6,L3,50000,600.0,-62.0,183.0,193.2174940319846,108.71626790193356,11.4035384,11.5011901,458783212255800,458783309907500,2026-10-05T06:20:55.409934+00:00,2026-10-05T06:20:55.505412+00:00,
0,T001,REST,task,15,2,10,12,4,L2,L6,L7,L3,50000,600.0,-20.0,47.0,51.07837115648854,113.05130091647302,11.5014178,11.6001429,458783310135200,458783408860300,2026-10-05T06:20:55.505412+00:00,2026-10-05T06:20:55.605242+00:00,
0,T001,REST,task,16,2,12,14,4,L2,L7,L8,L3,50000,600.0,-1.0,22.0,22.02271554554524,92.6025622024998,11.6003588,11.6981614,458783409076200,458783506878800,2026-10-05T06:20:55.605242+00:00,2026-10-05T06:20:55.699969+00:00,
0,T001,REST,task,17,2,14,15,4,L2,L8,R8,L3,50000,600.0,-3.0,18.0,18.24828759089466,99.46232220802563,11.6984401,11.7960387,458783507157500,458783604756100,2026-10-05T06:20:55.705178+00:00,2026-10-05T06:20:55.799871+00:00,
0,T001,REST,task,18,2,15,13,4,L2,R8,R7,L3,50000,600.0,0.0,11.0,11.0,90.0,11.7963865,11.8930239,458783605103900,458783701741300,2026-10-05T06:20:55.799871+00:00,2026-10-05T06:20:55.899738+00:00,
0,T001,REST,task,19,2,13,11,4,L2,R7,R6,L3,50000,600.0,4.0,6.0,7.211102550927978,56.309932474020215,11.8932381,11.9921585,458783701955500,458783800875900,2026-10-05T06:20:55.899738+00:00,2026-10-05T06:20:55.990975+00:00,
0,T001,REST,task,20,2,11,9,4,L2,R6,R5,L3,50000,600.0,-2.0,21.0,21.095023109728988,95.44033203100551,11.9923617,12.0901621,458783801079100,458783898879500,2026-10-05T06:20:55.990975+00:00,2026-10-05T06:20:56.089768+00:00,
0,T001,REST,task,21,2,9,7,4,L2,R5,R4,L3,50000,600.0,0.0,-4.0,4.0,-90.0,12.0903799,12.1870336,458783899097300,458783995751000,2026-10-05T06:20:56.089768+00:00,2026-10-05T06:20:56.191049+00:00,
0,T001,REST,task,22,2,7,5,4,L2,R4,R3,L3,50000,600.0,9.0,12.0,15.0,53.13010235415598,12.1872619,12.2840609,458783995979300,458784092778300,2026-10-05T06:20:56.191049+00:00,2026-10-05T06:20:56.289883+00:00,
0,T001,REST,task,23,2,5,3,4,L2,R3,R2,L3,50000,600.0,-1.0,10.0,10.04987562112089,95.71059313749964,12.2842983,12.3841211,458784093015700,458784192838500,2026-10-05T06:20:56.289883+00:00,2026-10-05T06:20:56.390362+00:00,
0,T001,REST,task,24,2,3,1,4,L2,R2,R1,L3,50000,600.0,6.0,-59.0,59.30430001273095,-84.19327309446842,12.3843432,12.4811557,458784193060600,458784289873100,2026-10-05T06:20:56.390362+00:00,2026-10-05T06:20:56.479806+00:00,
0,T001,REST,task,25,2,1,0,4,L2,R1,L1,L3,50000,600.0,16.0,24.0,28.844410203711913,56.309932474020215,12.4813598,12.578165,458784290077200,458784386882400,2026-10-05T06:20:56.479806+00:00,2026-10-05T06:20:56.580519+00:00,
0,T001,REST,task,26,4,0,2,6,L3,L1,L2,L4,50000,600.0,-80.0,362.0,370.7344062802912,102.4617559205538,12.5783696,12.6790591,458784387087000,458784487776500,2026-10-05T06:20:56.580519+00:00,2026-10-05T06:20:56.679616+00:00,
0,T001,REST,task,27,4,8,10,6,L3,L5,L6,L4,50000,600.0,98.0,-281.0,297.5987231155403,-70.77355515915825,12.6793265,12.7761732,458784488043900,458784584890600,2026-10-05T06:20:56.679616+00:00,2026-10-05T06:20:56.782219+00:00,
0,T001,REST,task,28,4,10,12,6,L3,L6,L7,L4,50000,600.0,8.0,-28.0,29.120439557122072,-74.05460409907715,12.7763518,12.8750335,458784585069200,458784683750900,2026-10-05T06:20:56.783220+00:00,2026-10-05T06:20:56.879608+00:00,
0,T001,REST,task,29,4,12,14,6,L3,L7,L8,L4,50000,600.0,12.0,-19.0,22.47220505424423,-57.724355685422374,12.8752558,12.9740565,458784683973200,458784782773900,2026-10-05T06:20:56.879608+00:00,2026-10-05T06:20:56.979664+00:00,
0,T001,REST,task,30,4,14,15,6,L3,L8,R8,L4,50000,600.0,10.0,-19.0,21.470910553583888,-62.24145939893998,12.9742691,13.0701644,458784782986500,458784878881800,2026-10-05T06:20:56.979664+00:00,2026-10-05T06:20:57.072685+00:00,
0,T001,REST,task,31,4,15,13,6,L3,R8,R7,L4,50000,600.0,6.0,-6.0,8.48528137423857,-45.0,13.0703755,13.1681744,458784879092900,458784976891800,2026-10-05T06:20:57.072685+00:00,2026-10-05T06:20:57.171624+00:00,
0,T001,REST,task,32,4,13,11,6,L3,R7,R6,L4,50000,600.0,15.0,-21.0,25.80697580112788,-54.46232220802562,13.1683776,13.2670511,458784977095000,458785075768500,2026-10-05T06:20:57.171624+00:00,2026-10-05T06:20:57.273041+00:00,
0,T001,REST,task,33,4,11,9,6,L3,R6,R5,L4,50000,600.0,-1.0,16.0,16.0312195418814,93.57633437499736,13.2672678,13.3640318,458785075985200,458785172749200,2026-10-05T06:20:57.273041+00:00,2026-10-05T06:20:57.369664+00:00,
0,T001,REST,task,34,4,9,7,6,L3,R5,R4,L4,50000,600.0,19.0,-61.0,63.89053137985315,-72.69947280805499,13.3642529,13.4662983,458785172970300,458785275015700,2026-10-05T06:20:57.369664+00:00,2026-10-05T06:20:57.472745+00:00,
0,T001,REST,task,35,4,7,5,6,L3,R4,R3,L4,50000,600.0,0.0,63.0,63.0,90.0,13.4665192,13.5630275,458785275236600,458785371744900,2026-10-05T06:20:57.472745+00:00,2026-10-05T06:20:57.569703+00:00,
0,T001,REST,task,36,4,5,3,6,L3,R3,R2,L4,50000,600.0,6.0,15.0,16.15549442140351,68.19859051364818,13.5632447,13.6620221,458785371962100,458785470739500,2026-10-05T06:20:57.569703+00:00,2026-10-05T06:20:57.668926+00:00,
0,T001,REST,task,37,4,3,1,6,L3,R2,R1,L4,50000,600.0,-18.0,-28.0,33.28663395418648,-122.7352262721076,13.6622758,13.7590241,458785470993200,458785567741500,2026-10-05T06:20:57.668926+00:00,2026-10-05T06:20:57.765559+00:00,
0,T001,REST,task,38,4,1,0,6,L3,R1,L1,L4,50000,600.0,-19.0,138.0,139.30183056945089,97.83926333180543,13.7592762,13.857017,458785567993600,458785665734400,2026-10-05T06:20:57.765559+00:00,2026-10-05T06:20:57.863128+00:00,
0,T001,REST,task,39,6,0,2,8,L4,L1,L2,L5,50000,600.0,-17.0,86.0,87.66413177577246,101.18175421019669,13.8573159,13.9530279,458785666033300,458785761745300,2026-10-05T06:20:57.864135+00:00,2026-10-05T06:20:57.959642+00:00,
0,T001,REST,task,40,6,2,4,8,L4,L2,L3,L5,50000,600.0,110.0,-264.0,286.0,-67.38013505195957,13.9532265,14.0512829,458785761943900,458785860000300,2026-10-05T06:20:57.959642+00:00,2026-10-05T06:20:58.057710+00:00,
0,T001,REST,task,41,6,10,12,8,L4,L6,L7,L5,50000,600.0,-92.0,194.0,214.7091055358389,115.37156175309595,14.0514858,14.149053,458785860203200,458785957770400,2026-10-05T06:20:58.057710+00:00,2026-10-05T06:20:58.155737+00:00,
0,T001,REST,task,42,6,12,14,8,L4,L7,L8,L5,50000,600.0,-21.0,73.0,75.96051605933177,106.0490047925332,14.1492679,14.2461815,458785957985300,458786054898900,2026-10-05T06:20:58.155737+00:00,2026-10-05T06:20:58.249729+00:00,
0,T001,REST,task,43,6,14,15,8,L4,L8,R8,L5,50000,600.0,-16.0,51.0,53.45091205957107,107.41797079220284,14.2465617,14.3450263,458786055279100,458786153743700,2026-10-05T06:20:58.249729+00:00,2026-10-05T06:20:58.349559+00:00,
0,T001,REST,task,44,6,15,13,8,L4,R8,R7,L5,50000,600.0,-4.0,23.0,23.345235059857504,99.86580694308438,14.3452712,14.4411572,458786153988600,458786249874600,2026-10-05T06:20:58.349559+00:00,2026-10-05T06:20:58.443672+00:00,
0,T001,REST,task,45,6,13,11,8,L4,R7,R6,L5,50000,600.0,-4.0,22.0,22.360679774997898,100.30484646876603,14.4413976,14.5410231,458786250115000,458786349740500,2026-10-05T06:20:58.443672+00:00,2026-10-05T06:20:58.547220+00:00,
0,T001,REST,task,46,6,11,9,8,L4,R6,R5,L5,50000,600.0,-2.0,7.0,7.280109889280518,105.94539590092286,14.5412218,14.644042,458786349939200,458786452759400,2026-10-05T06:20:58.547220+00:00,2026-10-05T06:20:58.649496+00:00,
0,T001,REST,task,47,6,9,7,8,L4,R5,R4,L5,50000,600.0,-12.0,44.0,45.60701700396552,105.25511870305779,14.6442796,14.7420182,458786452997000,458786550735600,2026-10-05T06:20:58.649496+00:00,2026-10-05T06:20:58.748729+00:00,
0,T001,REST,task,48,6,7,5,8,L4,R4,R3,L5,50000,600.0,26.0,-25.0,36.069377593742864,-43.87669728592458,14.7422496,14.8391612,458786550967000,458786647878600,2026-10-05T06:20:58.748729+00:00,2026-10-05T06:20:58.839484+00:00,
0,T001,REST,task,49,6,5,3,8,L4,R3,R2,L5,50000,600.0,-2.0,-16.0,16.1245154965971,-97.1250163489018,14.8393803,14.9381608,458786648097700,458786746878200,2026-10-05T06:20:58.839484+00:00,2026-10-05T06:20:58.940579+00:00,
0,T001,REST,task,50,6,3,1,8,L4,R2,R1,L5,50000,600.0,7.0,-126.0,126.19429464123962,-86.82016988013577,14.938359,15.0350321,458786747076400,458786843749500,2026-10-05T06:20:58.940579+00:00,2026-10-05T06:20:59.039734+00:00,
0,T001,REST,task,51,6,1,0,8,L4,R1,L1,L5,50000,600.0,35.0,12.0,37.0,18.924644416051233,15.0352477,15.1330574,458786843965100,458786941774800,2026-10-05T06:20:59.039734+00:00,2026-10-05T06:20:59.139770+00:00,
0,T001,REST,task,52,8,0,2,10,L5,L1,L2,L6,50000,600.0,-32.0,101.0,105.94810050208545,107.57985142665528,15.1332851,15.2291694,458786942002500,458787037886800,2026-10-05T06:20:59.139770+00:00,2026-10-05T06:20:59.229753+00:00,
0,T001,REST,task,53,8,2,4,10,L5,L2,L3,L6,50000,600.0,-76.0,197.0,211.15160430363773,111.09595620696606,15.2293917,15.3280354,458787038109100,458787136752800,2026-10-05T06:20:59.229753+00:00,2026-10-05T06:20:59.334422+00:00,
0,T001,REST,task,54,8,4,6,10,L5,L3,L4,L6,50000,600.0,127.0,-302.0,327.6171546180084,-67.19179552999407,15.3282413,15.4250379,458787136958700,458787233755300,2026-10-05T06:20:59.334422+00:00,2026-10-05T06:20:59.429644+00:00,
0,T001,REST,task,55,8,12,14,10,L5,L7,L8,L6,50000,600.0,-86.0,193.0,211.29363454680788,114.01755457945309,15.4252556,15.5221698,458787233973000,458787330887200,2026-10-05T06:20:59.429644+00:00,2026-10-05T06:20:59.526064+00:00,
0,T001,REST,task,56,8,14,15,10,L5,L8,R8,L6,50000,600.0,-23.0,58.0,62.39390995922599,111.63088683651792,15.5223715,15.6200254,458787331088900,458787428742800,2026-10-05T06:20:59.526064+00:00,2026-10-05T06:20:59.626265+00:00,
0,T001,REST,task,57,8,15,13,10,L5,R8,R7,L6,50000,600.0,-5.0,19.0,19.6468827043885,104.74356283647074,15.6202594,15.7150744,458787428976800,458787523791800,2026-10-05T06:20:59.626265+00:00,2026-10-05T06:20:59.721291+00:00,
0,T001,REST,task,58,8,13,11,10,L5,R7,R6,L6,50000,600.0,1.0,3.0,3.1622776601683795,71.56505117707799,15.7152568,15.8140408,458787523974200,458787622758200,2026-10-05T06:20:59.721291+00:00,2026-10-05T06:20:59.819894+00:00,
0,T001,REST,task,59,8,11,9,10,L5,R6,R5,L6,50000,600.0,12.0,41.0,42.720018726587654,73.68614757373945,15.8142732,15.9101618,458787622990600,458787718879200,2026-10-05T06:20:59.819894+00:00,2026-10-05T06:20:59.909577+00:00,
0,T001,REST,task,60,8,9,7,10,L5,R5,R4,L6,50000,600.0,6.0,0.0,6.0,0.0,15.9103962,16.0090627,458787719113600,458787817780100,2026-10-05T06:20:59.909577+00:00,2026-10-05T06:21:00.015792+00:00,
0,T001,REST,task,61,8,7,5,10,L5,R4,R3,L6,50000,600.0,0.0,8.0,8.0,90.0,16.009295,16.107163,458787818012400,458787915880400,2026-10-05T06:21:00.015792+00:00,2026-10-05T06:21:00.109573+00:00,
0,T001,REST,task,62,8,5,3,10,L5,R3,R2,L6,50000,600.0,-1.0,3.0,3.1622776601683795,108.43494882292202,16.1074098,16.2040367,458787916127200,458788012754100,2026-10-05T06:21:00.109573+00:00,2026-10-05T06:21:00.209557+00:00,
0,T001,REST,task,63,8,3,1,10,L5,R2,R1,L6,50000,600.0,-8.0,-38.0,38.8329756778952,-101.88865803962798,16.2042798,16.3011692,458788012997200,458788109886600,2026-10-05T06:21:00.209557+00:00,2026-10-05T06:21:00.304021+00:00,
0,T001,REST,task,64,8,1,0,10,L5,R1,L1,L6,50000,600.0,-8.0,79.0,79.40403012442127,95.78239232236405,16.3014064,16.3980472,458788110123800,458788206764600,2026-10-05T06:21:00.304021+00:00,2026-10-05T06:21:00.404919+00:00,
0,T001,REST,task,65,10,0,2,12,L6,L1,L2,L7,50000,600.0,-20.0,48.0,52.0,112.61986494804043,16.3982488,16.4951726,458788206966200,458788303890000,2026-10-05T06:21:00.404919+00:00,2026-10-05T06:21:00.499779+00:00,
0,T001,REST,task,66,10,2,4,12,L6,L2,L3,L7,50000,600.0,-19.0,52.0,55.362442142665635,110.07152586453873,16.4953851,16.5940293,458788304102500,458788402746700,2026-10-05T06:21:00.499779+00:00,2026-10-05T06:21:00.600548+00:00,
0,T001,REST,task,67,10,4,6,12,L6,L3,L4,L7,50000,600.0,14.0,-43.0,45.221676218380054,-71.96571443287014,16.5942519,16.691026,458788402969300,458788499743400,2026-10-05T06:21:00.600548+00:00,2026-10-05T06:21:00.689766+00:00,
0,T001,REST,task,68,10,6,8,12,L6,L4,L5,L7,50000,600.0,-107.0,223.0,247.34186867572583,115.63265245222377,16.6912983,16.7890287,458788500015700,458788597746100,2026-10-05T06:21:00.689766+00:00,2026-10-05T06:21:00.795861+00:00,
0,T001,REST,task,69,10,14,15,12,L6,L8,R8,L7,50000,600.0,-139.0,315.0,344.30509726113553,113.81042150043477,16.789382,16.8851915,458788598099400,458788693908900,2026-10-05T06:21:00.795861+00:00,2026-10-05T06:21:00.890615+00:00,
0,T001,REST,task,70,10,15,13,12,L6,R8,R7,L7,50000,600.0,-29.0,53.0,60.41522986797286,118.68614757373945,16.8854314,16.9811761,458788694148800,458788789893500,2026-10-05T06:21:00.890615+00:00,2026-10-05T06:21:00.980433+00:00,
0,T001,REST,task,71,10,13,11,12,L6,R7,R6,L7,50000,600.0,-13.0,44.0,45.880278987817846,106.46001481204003,16.9814177,17.0810636,458788790135100,458788889781000,2026-10-05T06:21:00.980433+00:00,2026-10-05T06:21:01.087026+00:00,
0,T001,REST,task,72,10,11,9,12,L6,R6,R5,L7,50000,600.0,-9.0,22.0,23.769728648009426,112.24902365721238,17.0813039,17.1770272,458788890021300,458788985744600,2026-10-05T06:21:01.087026+00:00,2026-10-05T06:21:01.183470+00:00,
0,T001,REST,task,73,10,9,7,12,L6,R5,R4,L7,50000,600.0,-9.0,14.0,16.64331697709324,122.7352262721076,17.1773151,17.2781653,458788986032500,458789086882700,2026-10-05T06:21:01.183470+00:00,2026-10-05T06:21:01.279657+00:00,
0,T001,REST,task,74,10,7,5,12,L6,R4,R3,L7,50000,600.0,13.0,-4.0,13.601470508735444,-17.102728969052375,17.2784771,17.3760453,458789087194500,458789184762700,2026-10-05T06:21:01.279657+00:00,2026-10-05T06:21:01.382297+00:00,
0,T001,REST,task,75,10,5,3,12,L6,R3,R2,L7,50000,600.0,-3.0,1.0,3.1622776601683795,161.565051177078,17.3762384,17.4740398,458789184955800,458789282757200,2026-10-05T06:21:01.382297+00:00,2026-10-05T06:21:01.479792+00:00,
0,T001,REST,task,76,10,3,1,12,L6,R2,R1,L7,50000,600.0,-8.0,-61.0,61.5223536610881,-97.47155917659238,17.4742795,17.5730215,458789282996900,458789381738900,2026-10-05T06:21:01.479792+00:00,2026-10-05T06:21:01.579747+00:00,
0,T001,REST,task,77,10,1,0,12,L6,R1,L1,L7,50000,600.0,6.0,69.0,69.26037828369117,85.0302592718897,17.5732347,17.6721575,458789381952100,458789480874900,2026-10-05T06:21:01.579747+00:00,2026-10-05T06:21:01.672114+00:00,
0,T001,REST,task,78,12,0,2,14,L7,L1,L2,L8,50000,600.0,1.0,19.0,19.026297590440446,86.98721249581666,17.6723762,17.7680589,458789481093600,458789576776300,2026-10-05T06:21:01.672114+00:00,2026-10-05T06:21:01.772270+00:00,
0,T001,REST,task,79,12,2,4,14,L7,L2,L3,L8,50000,600.0,-5.0,29.0,29.427877939124322,99.7824070318073,17.768304,17.8651877,458789577021400,458789673905100,2026-10-05T06:21:01.772270+00:00,2026-10-05T06:21:01.869801+00:00,
0,T001,REST,task,80,12,4,6,14,L7,L3,L4,L8,50000,600.0,10.0,-30.0,31.622776601683793,-71.56505117707799,17.8654137,17.9611604,458789674131100,458789769877800,2026-10-05T06:21:01.869801+00:00,2026-10-05T06:21:01.959911+00:00,
0,T001,REST,task,81,12,6,8,14,L7,L4,L5,L8,50000,600.0,-33.0,95.0,100.56838469419701,109.15561244543967,17.9613818,18.0581618,458789770099200,458789866879200,2026-10-05T06:21:01.959911+00:00,2026-10-05T06:21:02.059461+00:00,
0,T001,REST,task,82,12,8,10,14,L7,L5,L6,L8,50000,600.0,-89.0,203.0,221.65288177689007,113.67378158085742,18.058369,18.157164,458789867086400,458789965881400,2026-10-05T06:21:02.059461+00:00,2026-10-05T06:21:02.159545+00:00,
0,T001,REST,task,83,12,15,13,14,L7,R8,R7,L8,50000,600.0,-60.0,135.0,147.73286702694156,113.96248897457819,18.1573748,18.2540774,458789966092200,458790062794800,2026-10-05T06:21:02.159545+00:00,2026-10-05T06:21:02.259814+00:00,
0,T001,REST,task,84,12,13,11,14,L7,R7,R6,L8,50000,600.0,-32.0,68.0,75.15317691222374,115.20112364547508,18.2542952,18.352088,458790063012600,458790160805400,2026-10-05T06:21:02.259814+00:00,2026-10-05T06:21:02.355972+00:00,
0,T001,REST,task,85,12,11,9,14,L7,R6,R5,L8,50000,600.0,-16.0,23.0,28.0178514522438,124.8244891569568,18.3523513,18.4523056,458790161068700,458790261023000,2026-10-05T06:21:02.355972+00:00,2026-10-05T06:21:02.456308+00:00,
0,T001,REST,task,86,12,9,7,14,L7,R5,R4,L8,50000,600.0,-8.0,16.0,17.88854381999832,116.56505117707799,18.4526386,18.5520899,458790261356000,458790360807300,2026-10-05T06:21:02.456308+00:00,2026-10-05T06:21:02.556379+00:00,
0,T001,REST,task,87,12,7,5,14,L7,R4,R3,L8,50000,600.0,12.0,-5.0,13.0,-22.619864948040426,18.5523441,18.6512302,458790361061500,458790459947600,2026-10-05T06:21:02.556379+00:00,2026-10-05T06:21:02.657987+00:00,
0,T001,REST,task,88,12,5,3,14,L7,R3,R2,L8,50000,600.0,-2.0,1.0,2.23606797749979,153.434948822922,18.6514632,18.7502605,458790460180600,458790558977900,2026-10-05T06:21:02.657987+00:00,2026-10-05T06:21:02.754398+00:00,
0,T001,REST,task,89,12,3,1,14,L7,R2,R1,L8,50000,600.0,-6.0,-56.0,56.32051136131489,-96.11550356628541,18.7506516,18.8451032,458790559369000,458790653820600,2026-10-05T06:21:02.754398+00:00,2026-10-05T06:21:02.849606+00:00,
0,T001,REST,task,90,12,1,0,14,L7,R1,L1,L8,50000,600.0,-2.0,74.0,74.02702209328699,91.54815769897796,18.8452817,18.9422174,458790653999100,458790750934800,2026-10-05T06:21:02.849606+00:00,2026-10-05T06:21:02.940318+00:00,
0,T001,REST,task,91,14,0,2,15,L8,L1,L2,R8,50000,600.0,8.0,3.0,8.54400374531753,20.556045219583467,18.9424165,19.0393907,458790751133900,458790848108100,2026-10-05T06:21:02.940318+00:00,2026-10-05T06:21:03.039707+00:00,
0,T001,REST,task,92,14,2,4,15,L8,L2,L3,R8,50000,600.0,-4.0,26.0,26.30589287593181,98.74616226255522,19.0396059,19.1391105,458790848323300,458790947827900,2026-10-05T06:21:03.039707+00:00,2026-10-05T06:21:03.145866+00:00,
0,T001,REST,task,93,14,4,6,15,L8,L3,L4,R8,50000,600.0,11.0,-29.0,31.016124838541646,-69.22774531795417,19.1393441,19.2392361,458790948061500,458791047953500,2026-10-05T06:21:03.145866+00:00,2026-10-05T06:21:03.239820+00:00,
0,T001,REST,task,94,14,6,8,15,L8,L4,L5,R8,50000,600.0,-23.0,71.0,74.63243262818116,107.94940299291389,19.2394901,19.3372282,458791048207500,458791145945600,2026-10-05T06:21:03.239820+00:00,2026-10-05T06:21:03.339793+00:00,
0,T001,REST,task,95,14,8,10,15,L8,L5,L6,R8,50000,600.0,-20.0,62.0,65.14598989960932,107.87869659584133,19.3374426,19.4362724,458791146160000,458791244989800,2026-10-05T06:21:03.339793+00:00,2026-10-05T06:21:03.439622+00:00,
0,T001,REST,task,96,14,10,12,15,L8,L6,L7,R8,50000,600.0,-135.0,332.0,358.39782365410645,112.12796220675158,19.4364891,19.5490882,458791245206500,458791357805600,2026-10-05T06:21:03.439622+00:00,2026-10-05T06:21:03.555362+00:00,
0,T001,REST,task,97,14,13,11,15,L8,R7,R6,R8,50000,600.0,-159.0,348.0,382.602927328059,114.55549736405685,19.5493548,19.6491205,458791358072200,458791457837900,2026-10-05T06:21:03.555362+00:00,2026-10-05T06:21:03.654501+00:00,
0,T001,REST,task,98,14,11,9,15,L8,R6,R5,R8,50000,600.0,-43.0,76.0,87.32124598286491,119.50072462349915,19.6493824,19.7480754,458791458099800,458791556792800,2026-10-05T06:21:03.654501+00:00,2026-10-05T06:21:03.754222+00:00,
0,T001,REST,task,99,14,9,7,15,L8,R5,R4,R8,50000,600.0,-21.0,42.0,46.95742752749558,116.56505117707799,19.7482931,19.8483277,458791557010500,458791657045100,2026-10-05T06:21:03.754222+00:00,2026-10-05T06:21:03.855104+00:00,
0,T001,REST,task,100,14,7,5,15,L8,R4,R3,R8,50000,600.0,18.0,-14.0,22.80350850198276,-37.874983651098205,19.8486796,19.9482282,458791657397000,458791756945600,2026-10-05T06:21:03.855104+00:00,2026-10-05T06:21:03.953480+00:00,
0,T001,REST,task,101,14,5,3,15,L8,R3,R2,R8,50000,600.0,-5.0,7.0,8.602325267042627,125.53767779197437,19.9484601,20.0462417,458791757177500,458791854959100,2026-10-05T06:21:03.953480+00:00,2026-10-05T06:21:04.049786+00:00,
0,T001,REST,task,102,14,3,1,15,L8,R2,R1,R8,50000,600.0,-13.0,-46.0,47.80167361086848,-105.78075330951539,20.0464553,20.1471089,458791855172700,458791955826300,2026-10-05T06:21:04.049786+00:00,2026-10-05T06:21:04.149719+00:00,
0,T001,REST,task,103,14,1,0,15,L8,R1,L1,R8,50000,600.0,-8.0,88.0,88.36288813749809,95.1944289077348,20.1474027,20.24643,458791956120100,458792055147400,2026-10-05T06:21:04.154320+00:00,2026-10-05T06:21:04.249815+00:00,
0,T001,REST,task,104,15,0,2,13,R8,L1,L2,R7,50000,600.0,9.0,-6.0,10.816653826391969,-33.690067525979785,20.2466781,20.3440712,458792055395500,458792152788600,2026-10-05T06:21:04.249815+00:00,2026-10-05T06:21:04.350479+00:00,
0,T001,REST,task,105,15,2,4,13,R8,L2,L3,R7,50000,600.0,0.0,16.0,16.0,90.0,20.3442788,20.4412286,458792152996200,458792249946000,2026-10-05T06:21:04.350479+00:00,2026-10-05T06:21:04.440056+00:00,
0,T001,REST,task,106,15,4,6,13,R8,L3,L4,R7,50000,600.0,5.0,-17.0,17.72004514666935,-73.61045966596522,20.4414367,20.5380848,458792250154100,458792346802200,2026-10-05T06:21:04.440056+00:00,2026-10-05T06:21:04.544385+00:00,
0,T001,REST,task,107,15,6,8,13,R8,L4,L5,R7,50000,600.0,-8.0,37.0,37.8549864614954,102.2004687273808,20.5383169,20.6381209,458792347034300,458792446838300,2026-10-05T06:21:04.544385+00:00,2026-10-05T06:21:04.643698+00:00,
0,T001,REST,task,108,15,8,10,13,R8,L5,L6,R7,50000,600.0,-2.0,19.0,19.1049731745428,96.00900595749452,20.6384094,20.7362587,458792447126800,458792544976100,2026-10-05T06:21:04.643698+00:00,2026-10-05T06:21:04.742996+00:00,
0,T001,REST,task,109,15,10,12,13,R8,L6,L7,R7,50000,600.0,-30.0,59.0,66.18912297349165,116.95217893122894,20.7364741,20.8340859,458792545191500,458792642803300,2026-10-05T06:21:04.742996+00:00,2026-10-05T06:21:04.839648+00:00,
0,T001,REST,task,110,15,12,14,13,R8,L7,L8,R7,50000,600.0,-51.0,141.0,149.9399879951976,109.88516511385545,20.8343761,20.9331861,458792643093500,458792741903500,2026-10-05T06:21:04.839648+00:00,2026-10-05T06:21:04.939686+00:00,
0,T001,REST,task,111,15,11,9,13,R8,R6,R5,R7,50000,600.0,-102.0,183.0,209.50656314301946,119.13429219722619,20.9334006,21.0312143,458792742118000,458792839931700,2026-10-05T06:21:04.939686+00:00,2026-10-05T06:21:05.029684+00:00,
0,T001,REST,task,112,15,9,7,13,R8,R5,R4,R7,50000,600.0,-28.0,54.0,60.8276253029822,117.40757543781842,21.0314513,21.1292324,458792840168700,458792937949800,2026-10-05T06:21:05.029684+00:00,2026-10-05T06:21:05.129758+00:00,
0,T001,REST,task,113,15,7,5,13,R8,R4,R3,R7,50000,600.0,18.0,-16.0,24.08318915758459,-41.6335393365702,21.1294153,21.2302201,458792938132700,458793038937500,2026-10-05T06:21:05.129758+00:00,2026-10-05T06:21:05.229814+00:00,
0,T001,REST,task,114,15,5,3,13,R8,R3,R2,R7,50000,600.0,-5.0,9.0,10.295630140987,119.05460409907714,21.2304713,21.3282165,458793039188700,458793136933900,2026-10-05T06:21:05.229814+00:00,2026-10-05T06:21:05.329756+00:00,
0,T001,REST,task,115,15,3,1,13,R8,R2,R1,R7,50000,600.0,-16.0,-33.0,36.6742416417845,-115.86635679409451,21.3284812,21.4271583,458793137198600,458793235875700,2026-10-05T06:21:05.329756+00:00,2026-10-05T06:21:05.429974+00:00,
0,T001,REST,task,116,15,1,0,13,R8,R1,L1,R7,50000,600.0,-1.0,74.0,74.00675644831355,90.77422016492807,21.4274327,21.5230661,458793236150100,458793331783500,2026-10-05T06:21:05.429974+00:00,2026-10-05T06:21:05.529728+00:00,
0,T001,REST,task,117,13,0,2,11,R7,L1,L2,R6,50000,600.0,18.0,-18.0,25.45584412271571,-45.0,21.5233036,21.6221027,458793332021000,458793430820100,2026-10-05T06:21:05.529728+00:00,2026-10-05T06:21:05.628497+00:00,
0,T001,REST,task,118,13,2,4,11,R7,L2,L3,R6,50000,600.0,-1.0,20.0,20.024984394500787,92.86240522611175,21.6223358,21.7212351,458793431053200,458793529952500,2026-10-05T06:21:05.628497+00:00,2026-10-05T06:21:05.721401+00:00,
0,T001,REST,task,119,13,4,6,11,R7,L3,L4,R6,50000,600.0,11.0,-24.0,26.40075756488817,-65.37643521383639,21.7214708,21.8203493,458793530188200,458793629066700,2026-10-05T06:21:05.721401+00:00,2026-10-05T06:21:05.823953+00:00,
0,T001,REST,task,120,13,6,8,11,R7,L4,L5,R6,50000,600.0,-13.0,45.0,46.84015371452148,106.11341823308929,21.8205601,21.918235,458793629277500,458793726952400,2026-10-05T06:21:05.823953+00:00,2026-10-05T06:21:05.921958+00:00,
0,T001,REST,task,121,13,8,10,11,R7,L5,L6,R6,50000,600.0,1.0,11.0,11.045361017187261,84.8055710922652,21.9184636,22.0160508,458793727181000,458793824768200,2026-10-05T06:21:05.921958+00:00,2026-10-05T06:21:06.022726+00:00,
0,T001,REST,task,122,13,10,12,11,R7,L6,L7,R6,50000,600.0,-15.0,57.0,58.9406481131655,104.74356283647074,22.0162517,22.1130808,458793824969100,458793921798200,2026-10-05T06:21:06.022726+00:00,2026-10-05T06:21:06.119936+00:00,
0,T001,REST,task,123,13,12,14,11,R7,L7,L8,R6,50000,600.0,-25.0,77.0,80.95677859203639,107.98733465206146,22.1132873,22.2120688,458793922004700,458794020786200,2026-10-05T06:21:06.119936+00:00,2026-10-05T06:21:06.218201+00:00,
0,T001,REST,task,124,13,14,15,11,R7,L8,R8,R6,50000,600.0,-140.0,366.0,391.86222068477076,110.93253536510312,22.212282,22.3122165,458794020999400,458794120933900,2026-10-05T06:21:06.218201+00:00,2026-10-05T06:21:06.312595+00:00,
0,T001,REST,task,125,13,9,7,11,R7,R5,R4,R6,50000,600.0,-51.0,93.0,106.06601717798213,118.73979529168805,22.3124376,22.4100768,458794121155000,458794218794200,2026-10-05T06:21:06.312595+00:00,2026-10-05T06:21:06.416360+00:00,
0,T001,REST,task,126,13,7,5,11,R7,R4,R3,R6,50000,600.0,13.0,-8.0,15.264337522473747,-31.6075022462489,22.4103357,22.5092213,458794219053100,458794317938700,2026-10-05T06:21:06.416360+00:00,2026-10-05T06:21:06.509926+00:00,
0,T001,REST,task,127,13,5,3,11,R7,R3,R2,R6,50000,600.0,-11.0,20.0,22.825424421026653,118.81079374297306,22.5094377,22.6093317,458794318155100,458794418049100,2026-10-05T06:21:06.509926+00:00,2026-10-05T06:21:06.616036+00:00,
0,T001,REST,task,128,13,3,1,11,R7,R2,R1,R6,50000,600.0,-28.0,-5.0,28.442925306655784,-169.8753283446022,22.6095533,22.7092222,458794418270700,458794517939600,2026-10-05T06:21:06.616036+00:00,2026-10-05T06:21:06.709691+00:00,
0,T001,REST,task,129,13,1,0,11,R7,R1,L1,R6,50000,600.0,-8.0,79.0,79.40403012442127,95.78239232236405,22.7094341,22.8081913,458794518151500,458794616908700,2026-10-05T06:21:06.709691+00:00,2026-10-05T06:21:06.814529+00:00,
0,T001,REST,task,130,11,0,2,9,R6,L1,L2,R5,50000,600.0,9.0,5.0,10.295630140987,29.054604099077146,22.8084644,22.9051,458794617181800,458794713817400,2026-10-05T06:21:06.814529+00:00,2026-10-05T06:21:06.909948+00:00,
0,T001,REST,task,131,11,2,4,9,R6,L2,L3,R5,50000,600.0,-2.0,26.0,26.076809620810597,94.39870535499554,22.9053611,23.0011277,458794714078500,458794809845100,2026-10-05T06:21:06.909948+00:00,2026-10-05T06:21:07.007956+00:00,
0,T001,REST,task,132,11,4,6,9,R6,L3,L4,R5,50000,600.0,-3.0,5.0,5.830951894845301,120.96375653207352,23.0013737,23.0982249,458794810091100,458794906942300,2026-10-05T06:21:07.007956+00:00,2026-10-05T06:21:07.099582+00:00,
0,T001,REST,task,133,11,6,8,9,R6,L4,L5,R5,50000,600.0,-4.0,19.0,19.4164878389476,101.88865803962798,23.0984276,23.1992184,458794907145000,458795007935800,2026-10-05T06:21:07.099582+00:00,2026-10-05T06:21:07.204438+00:00,
0,T001,REST,task,134,11,8,10,9,R6,L5,L6,R5,50000,600.0,17.0,40.0,43.46262762420146,66.97450799147197,23.1994548,23.3000951,458795008172200,458795108812500,2026-10-05T06:21:07.206384+00:00,2026-10-05T06:21:07.304864+00:00,
0,T001,REST,task,135,11,10,12,9,R6,L6,L7,R5,50000,600.0,-8.0,25.0,26.248809496813376,107.74467162505692,23.300353,23.4002688,458795109070400,458795208986200,2026-10-05T06:21:07.304864+00:00,2026-10-05T06:21:07.404226+00:00,
0,T001,REST,task,136,11,12,14,9,R6,L7,L8,R5,50000,600.0,-8.0,24.0,25.298221281347036,108.43494882292202,23.4005137,23.4972218,458795209231100,458795305939200,2026-10-05T06:21:07.404226+00:00,2026-10-05T06:21:07.499986+00:00,
0,T001,REST,task,137,11,14,15,9,R6,L8,R8,R5,50000,600.0,-32.0,78.0,84.30895563343196,112.30620505490764,23.4974187,23.5973604,458795306136100,458795406077800,2026-10-05T06:21:07.499986+00:00,2026-10-05T06:21:07.599699+00:00,
0,T001,REST,task,138,11,15,13,9,R6,R8,R7,R5,50000,600.0,-77.0,187.0,202.2325394193526,112.38013505195958,23.5975798,23.6981578,458795406297200,458795506875200,2026-10-05T06:21:07.599699+00:00,2026-10-05T06:21:07.699897+00:00,
0,T001,REST,task,139,11,7,5,9,R6,R4,R3,R5,50000,600.0,150.0,-365.0,394.62007044751283,-67.65935204000587,23.6983942,23.7972174,458795507111600,458795605934800,2026-10-05T06:21:07.699897+00:00,2026-10-05T06:21:07.799708+00:00,
0,T001,REST,task,140,11,5,3,9,R6,R3,R2,R5,50000,600.0,-80.0,198.0,213.55093069335942,112.0006983505406,23.79744,23.8951013,458795606157400,458795703818700,2026-10-05T06:21:07.799708+00:00,2026-10-05T06:21:07.899684+00:00,
0,T001,REST,task,141,11,3,1,9,R6,R2,R1,R5,50000,600.0,-84.0,119.0,145.6605643267937,125.21759296819272,23.8953612,23.9922214,458795704078600,458795800938800,2026-10-05T06:21:07.899684+00:00,2026-10-05T06:21:07.989642+00:00,
0,T001,REST,task,142,11,1,0,9,R6,R1,L1,R5,50000,600.0,-12.0,107.0,107.67079455451233,96.39895662736892,23.9924511,24.0913106,458795801168500,458795900028000,2026-10-05T06:21:07.989642+00:00,2026-10-05T06:21:08.097457+00:00,
0,T001,REST,task,143,9,0,2,7,R5,L1,L2,R4,50000,600.0,34.0,-61.0,69.83552104767315,-60.86570780277382,24.0915208,24.1922177,458795900238200,458796000935100,2026-10-05T06:21:08.098320+00:00,2026-10-05T06:21:08.192993+00:00,
0,T001,REST,task,144,9,2,4,7,R5,L2,L3,R4,50000,600.0,-1.0,14.0,14.035668847618199,94.08561677997488,24.1924332,24.2901095,458796001150600,458796098826900,2026-10-05T06:21:08.192993+00:00,2026-10-05T06:21:08.296870+00:00,
0,T001,REST,task,145,9,4,6,7,R5,L3,L4,R4,50000,600.0,18.0,-60.0,62.6418390534633,-73.30075576600639,24.290412,24.3872411,458796099129400,458796195958500,2026-10-05T06:21:08.296870+00:00,2026-10-05T06:21:08.390069+00:00,
0,T001,REST,task,146,9,6,8,7,R5,L4,L5,R4,50000,600.0,-17.0,72.0,73.97972695272672,103.2848664849022,24.3874878,24.4871301,458796196205200,458796295847500,2026-10-05T06:21:08.390069+00:00,2026-10-05T06:21:08.490902+00:00,
0,T001,REST,task,147,9,8,10,7,R5,L5,L6,R4,50000,600.0,9.0,10.0,13.45362404707371,48.01278750418334,24.4873366,24.5841049,458796296054000,458796392822300,2026-10-05T06:21:08.494164+00:00,2026-10-05T06:21:08.589760+00:00,
0,T001,REST,task,148,9,10,12,7,R5,L6,L7,R4,50000,600.0,-7.0,28.0,28.861739379323623,104.03624346792648,24.5843654,24.6832393,458796393082800,458796491956700,2026-10-05T06:21:08.589760+00:00,2026-10-05T06:21:08.690057+00:00,
0,T001,REST,task,149,9,12,14,7,R5,L7,L8,R4,50000,600.0,1.0,26.0,26.019223662515376,87.7974018382342,24.6834897,24.7812193,458796492207100,458796589936700,2026-10-05T06:21:08.690057+00:00,2026-10-05T06:21:08.779783+00:00,
0,T001,REST,task,150,9,14,15,7,R5,L8,R8,R4,50000,600.0,-11.0,51.0,52.172789842982326,102.17145820858748,24.7814253,24.8802169,458796590142700,458796688934300,2026-10-05T06:21:08.779783+00:00,2026-10-05T06:21:08.880256+00:00,
0,T001,REST,task,151,9,15,13,7,R5,R8,R7,R4,50000,600.0,-14.0,65.0,66.49060083951716,102.15494169722223,24.880434,24.9782307,458796689151400,458796786948100,2026-10-05T06:21:08.880256+00:00,2026-10-05T06:21:08.979742+00:00,
0,T001,REST,task,152,9,13,11,7,R5,R7,R6,R4,50000,600.0,-30.0,97.0,101.53324578678651,107.18570614422478,24.9784328,25.0772249,458796787150200,458796885942300,2026-10-05T06:21:08.979742+00:00,2026-10-05T06:21:09.079731+00:00,
0,T001,REST,task,153,9,5,3,7,R5,R3,R2,R4,50000,600.0,91.0,-278.0,292.5149568825499,-71.87475507703684,25.077447,25.1772238,458796886164400,458796985941200,2026-10-05T06:21:09.079731+00:00,2026-10-05T06:21:09.179832+00:00,
0,T001,REST,task,154,9,3,1,7,R5,R2,R1,R4,50000,600.0,-15.0,-66.0,67.68308503607086,-102.80426606528675,25.1774361,25.2772471,458796986153500,458797085964500,2026-10-05T06:21:09.179832+00:00,2026-10-05T06:21:09.280144+00:00,
0,T001,REST,task,155,9,1,0,7,R5,R1,L1,R4,50000,600.0,14.0,28.0,31.304951684997057,63.43494882292201,25.2774881,25.3750857,458797086205500,458797183803100,2026-10-05T06:21:09.280144+00:00,2026-10-05T06:21:09.381813+00:00,
0,T001,REST,task,156,7,0,2,5,R4,L1,L2,R3,50000,600.0,-4.0,44.0,44.181444068749045,95.1944289077348,25.3753035,25.4722425,458797184020900,458797280959900,2026-10-05T06:21:09.381813+00:00,2026-10-05T06:21:09.471571+00:00,
0,T001,REST,task,157,7,2,4,5,R4,L2,L3,R3,50000,600.0,3.0,11.0,11.40175425099138,74.74488129694222,25.4724745,25.5702612,458797281191900,458797378978600,2026-10-05T06:21:09.471571+00:00,2026-10-05T06:21:09.572865+00:00,
0,T001,REST,task,158,7,4,6,5,R4,L3,L4,R3,50000,600.0,-7.0,47.0,47.51841748206689,98.47114463301483,25.5705765,25.6692278,458797379293900,458797477945200,2026-10-05T06:21:09.572865+00:00,2026-10-05T06:21:09.671913+00:00,
0,T001,REST,task,159,7,6,8,5,R4,L4,L5,R3,50000,600.0,15.0,-20.0,25.0,-53.13010235415598,25.6694515,25.7710915,458797478168900,458797579808900,2026-10-05T06:21:09.671913+00:00,2026-10-05T06:21:09.773830+00:00,
0,T001,REST,task,160,7,8,10,5,R4,L5,L6,R3,50000,600.0,-2.0,3.0,3.605551275463989,123.69006752597979,25.7712849,25.870241,458797580002300,458797678958400,2026-10-05T06:21:09.773830+00:00,2026-10-05T06:21:09.872733+00:00,
0,T001,REST,task,161,7,10,12,5,R4,L6,L7,R3,50000,600.0,3.0,-5.0,5.830951894845301,-59.03624346792648,25.8704632,25.9711369,458797679180600,458797779854300,2026-10-05T06:21:09.872733+00:00,2026-10-05T06:21:09.974791+00:00,
0,T001,REST,task,162,7,12,14,5,R4,L7,L8,R3,50000,600.0,8.0,-9.0,12.041594578792296,-48.366460663429805,25.9713324,26.069237,458797780049800,458797877954400,2026-10-05T06:21:09.974791+00:00,2026-10-05T06:21:10.072208+00:00,
0,T001,REST,task,163,7,14,15,5,R4,L8,R8,R3,50000,600.0,10.0,-19.0,21.470910553583888,-62.24145939893998,26.069455,26.1682335,458797878172400,458797976950900,2026-10-05T06:21:10.072208+00:00,2026-10-05T06:21:10.171112+00:00,
0,T001,REST,task,164,7,15,13,5,R4,R8,R7,R3,50000,600.0,10.0,-18.0,20.591260281974,-60.94539590092286,26.16844,26.2692373,458797977157400,458798077954700,2026-10-05T06:21:10.171112+00:00,2026-10-05T06:21:10.271593+00:00,
0,T001,REST,task,165,7,13,11,5,R4,R7,R6,R3,50000,600.0,10.0,-19.0,21.470910553583888,-62.24145939893998,26.2694455,26.369229,458798078162900,458798177946400,2026-10-05T06:21:10.271593+00:00,2026-10-05T06:21:10.371761+00:00,
0,T001,REST,task,166,7,11,9,5,R4,R6,R5,R3,50000,600.0,113.0,-359.0,376.36418533117626,-72.5279148027142,26.3694438,26.471231,458798178161200,458798279948400,2026-10-05T06:21:10.371761+00:00,2026-10-05T06:21:10.471778+00:00,
0,T001,REST,task,167,7,3,1,5,R4,R2,R1,R3,50000,600.0,-181.0,533.0,562.8943062422998,108.75683183832074,26.4714511,26.5712257,458798280168500,458798379943100,2026-10-05T06:21:10.471778+00:00,2026-10-05T06:21:10.571146+00:00,
0,T001,REST,task,168,7,1,0,5,R4,R1,L1,R3,50000,600.0,-21.0,122.0,123.79418403139947,99.7666793957727,26.5714398,26.671231,458798380157200,458798479948400,2026-10-05T06:21:10.571146+00:00,2026-10-05T06:21:10.673178+00:00,
0,T001,REST,task,169,5,0,2,3,R3,L1,L2,R2,50000,600.0,18.0,-25.0,30.805843601498726,-54.24611274556325,26.6714519,26.7692364,458798480169300,458798577953800,2026-10-05T06:21:10.673178+00:00,2026-10-05T06:21:10.771093+00:00,
0,T001,REST,task,170,5,2,4,3,R3,L2,L3,R2,50000,600.0,-1.0,25.0,25.019992006393608,92.29061004263853,26.7694305,26.8680857,458798578147900,458798676803100,2026-10-05T06:21:10.771093+00:00,2026-10-05T06:21:10.873028+00:00,
0,T001,REST,task,171,5,4,6,3,R3,L3,L4,R2,50000,600.0,8.0,14.0,16.1245154965971,60.25511870305778,26.8683024,26.9672392,458798677019800,458798775956600,2026-10-05T06:21:10.873028+00:00,2026-10-05T06:21:10.970799+00:00,
0,T001,REST,task,172,5,6,8,3,R3,L4,L5,R2,50000,600.0,-6.0,6.0,8.48528137423857,135.0,26.967457,27.064148,458798776174400,458798872865400,2026-10-05T06:21:10.970799+00:00,2026-10-05T06:21:11.071029+00:00,
0,T001,REST,task,173,5,8,10,3,R3,L5,L6,R2,50000,600.0,4.0,10.0,10.770329614269007,68.19859051364818,27.0643564,27.1641104,458798873073800,458798972827800,2026-10-05T06:21:11.071029+00:00,2026-10-05T06:21:11.170872+00:00,
0,T001,REST,task,174,5,10,12,3,R3,L6,L7,R2,50000,600.0,-3.0,13.0,13.341664064126334,102.9946167919165,27.1643164,27.2642021,458798973033800,458799072919500,2026-10-05T06:21:11.170872+00:00,2026-10-05T06:21:11.270944+00:00,
0,T001,REST,task,175,5,12,14,3,R3,L7,L8,R2,50000,600.0,5.0,9.0,10.295630140987,60.94539590092286,27.2644043,27.3630865,458799073121700,458799171803900,2026-10-05T06:21:11.270944+00:00,2026-10-05T06:21:11.369735+00:00,
0,T001,REST,task,176,5,14,15,3,R3,L8,R8,R2,50000,600.0,1.0,15.0,15.033296378372908,86.18592516570965,27.3633214,27.4612174,458799172038800,458799269934800,2026-10-05T06:21:11.369735+00:00,2026-10-05T06:21:11.460050+00:00,
0,T001,REST,task,177,5,15,13,3,R3,R8,R7,R2,50000,600.0,1.0,19.0,19.026297590440446,86.98721249581666,27.461381,27.5620768,458799270098400,458799370794200,2026-10-05T06:21:11.460050+00:00,2026-10-05T06:21:11.568277+00:00,
0,T001,REST,task,178,5,13,11,3,R3,R7,R6,R2,50000,600.0,1.0,25.0,25.019992006393608,87.70938995736148,27.5622644,27.6621656,458799370981800,458799470883000,2026-10-05T06:21:11.568277+00:00,2026-10-05T06:21:11.659959+00:00,
0,T001,REST,task,179,5,11,9,3,R3,R6,R5,R2,50000,600.0,-52.0,228.0,233.85465571589546,102.84770485871768,27.6625134,27.7590735,458799471230800,458799567790900,2026-10-05T06:21:11.659959+00:00,2026-10-05T06:21:11.765874+00:00,
0,T001,REST,task,180,5,9,7,3,R3,R5,R4,R2,50000,600.0,85.0,-308.0,319.513692977312,-74.57187782199101,27.7594082,27.8581711,458799568125600,458799666888500,2026-10-05T06:21:11.765874+00:00,2026-10-05T06:21:11.859691+00:00,
0,T001,REST,task,181,5,1,0,3,R3,R1,L1,R2,50000,600.0,-5.0,74.0,74.16872656315464,93.86546116985176,27.8584087,27.9571725,458799667126100,458799765889900,2026-10-05T06:21:11.859691+00:00,2026-10-05T06:21:11.960626+00:00,
0,T001,REST,task,182,3,0,2,1,R2,L1,L2,R1,50000,600.0,-22.0,381.0,381.63464203345063,93.30474804587402,27.9574707,28.0550328,458799766188100,458799863750200,2026-10-05T06:21:11.960626+00:00,2026-10-05T06:21:12.059715+00:00,
0,T001,REST,task,183,3,2,4,1,R2,L2,L3,R1,50000,600.0,12.0,17.0,20.808652046684813,54.78240703180729,28.0552612,28.1531038,458799863978600,458799961821200,2026-10-05T06:21:12.059715+00:00,2026-10-05T06:21:12.159803+00:00,
0,T001,REST,task,184,3,4,6,1,R2,L3,L4,R1,50000,600.0,0.0,22.0,22.0,90.0,28.1533115,28.2503804,458799962028900,458800059097800,2026-10-05T06:21:12.159803+00:00,2026-10-05T06:21:12.255244+00:00,
0,T001,REST,task,185,3,6,8,1,R2,L4,L5,R1,50000,600.0,5.0,-20.0,20.615528128088304,-75.96375653207353,28.2505986,28.3482162,458800059316000,458800156933600,2026-10-05T06:21:12.255244+00:00,2026-10-05T06:21:12.349540+00:00,
0,T001,REST,task,186,3,8,10,1,R2,L5,L6,R1,50000,600.0,14.0,16.0,21.2602916254693,48.81407483429036,28.3485367,28.4472233,458800157254100,458800255940700,2026-10-05T06:21:12.355195+00:00,2026-10-05T06:21:12.449757+00:00,
0,T001,REST,task,187,3,10,12,1,R2,L6,L7,R1,50000,600.0,3.0,7.0,7.615773105863909,66.80140948635182,28.4474966,28.5460844,458800256214000,458800354801800,2026-10-05T06:21:12.454194+00:00,2026-10-05T06:21:12.549796+00:00,
0,T001,REST,task,188,3,12,14,1,R2,L7,L8,R1,50000,600.0,14.0,3.0,14.317821063276353,12.094757077012101,28.5462923,28.6443453,458800355009700,458800453062700,2026-10-05T06:21:12.549796+00:00,2026-10-05T06:21:12.650133+00:00,
0,T001,REST,task,189,3,14,15,1,R2,L8,R8,R1,50000,600.0,8.0,12.0,14.422205101855956,56.309932474020215,28.6446039,28.7441024,458800453321300,458800552819800,2026-10-05T06:21:12.650133+00:00,2026-10-05T06:21:12.750130+00:00,
0,T001,REST,task,190,3,15,13,1,R2,R8,R7,R1,50000,600.0,8.0,22.0,23.40939982143925,70.01689347810003,28.7443443,28.8440843,458800553061700,458800652801700,2026-10-05T06:21:12.751131+00:00,2026-10-05T06:21:12.849703+00:00,
0,T001,REST,task,191,3,13,11,1,R2,R7,R6,R1,50000,600.0,11.0,36.0,37.64306044943742,73.00917670801384,28.8443041,28.9430802,458800653021500,458800751797600,2026-10-05T06:21:12.849703+00:00,2026-10-05T06:21:12.949934+00:00,
0,T001,REST,task,192,3,11,9,1,R2,R6,R5,R1,50000,600.0,-12.0,153.0,153.46986674914396,94.48460600954462,28.9433302,29.0411612,458800752047600,458800849878600,2026-10-05T06:21:12.949934+00:00,2026-10-05T06:21:13.048066+00:00,
0,T001,REST,task,193,3,9,7,1,R2,R5,R4,R1,50000,600.0,5.0,-7.0,8.602325267042627,-54.46232220802562,29.0414296,29.1412459,458800850147000,458800949963300,2026-10-05T06:21:13.048066+00:00,2026-10-05T06:21:13.140188+00:00,
0,T001,REST,task,194,3,7,5,1,R2,R4,R3,R1,50000,600.0,-27.0,502.0,502.7255712612996,93.07867911911222,29.1414791,29.2392256,458800950196500,458801047943000,2026-10-05T06:21:13.140188+00:00,2026-10-05T06:21:13.239859+00:00,
0,T001,REST,task,195,1,2,4,0,R1,L2,L3,L1,50000,600.0,11.0,-25.0,27.313000567495326,-66.25050550713324,29.2394684,29.3362452,458801048185800,458801144962600,2026-10-05T06:21:13.239859+00:00,2026-10-05T06:21:13.339650+00:00,
0,T001,REST,task,196,1,4,6,0,R1,L3,L4,L1,50000,600.0,-11.0,33.0,34.785054261852174,108.43494882292202,29.3364261,29.4341491,458801145143500,458801242866500,2026-10-05T06:21:13.339650+00:00,2026-10-05T06:21:13.439692+00:00,
0,T001,REST,task,197,1,6,8,0,R1,L4,L5,L1,50000,600.0,16.0,-27.0,31.38470965295043,-59.34933204294713,29.4343437,29.5340899,458801243061100,458801342807300,2026-10-05T06:21:13.439692+00:00,2026-10-05T06:21:13.539666+00:00,
0,T001,REST,task,198,1,8,10,0,R1,L5,L6,L1,50000,600.0,-2.0,11.0,11.180339887498949,100.30484646876603,29.5343328,29.6341088,458801343050200,458801442826200,2026-10-05T06:21:13.539666+00:00,2026-10-05T06:21:13.640557+00:00,
0,T001,REST,task,199,1,10,12,0,R1,L6,L7,L1,50000,600.0,0.0,12.0,12.0,90.0,29.6343406,29.7321046,458801443058000,458801540822000,2026-10-05T06:21:13.640557+00:00,2026-10-05T06:21:13.738321+00:00,
0,T001,REST,task,200,1,12,14,0,R1,L7,L8,L1,50000,600.0,3.0,12.0,12.36931687685298,75.96375653207353,29.7323235,29.8321012,458801541040900,458801640818600,2026-10-05T06:21:13.738321+00:00,2026-10-05T06:21:13.837442+00:00,
0,T001,REST,task,201,1,14,15,0,R1,L8,R8,L1,50000,600.0,-1.0,21.0,21.02379604162864,92.72631099390628,29.8323177,29.9311099,458801641035100,458801739827300,2026-10-05T06:21:13.837442+00:00,2026-10-05T06:21:13.937330+00:00,
0,T001,REST,task,202,1,15,13,0,R1,R8,R7,L1,50000,600.0,1.0,15.0,15.033296378372908,86.18592516570965,29.9313734,30.0290757,458801740090800,458801837793100,2026-10-05T06:21:13.937330+00:00,2026-10-05T06:21:14.035957+00:00,
0,T001,REST,task,203,1,13,11,0,R1,R7,R6,L1,50000,600.0,3.0,4.0,5.0,53.13010235415598,30.0293538,30.1284063,458801838071200,458801937123700,2026-10-05T06:21:14.035957+00:00,2026-10-05T06:21:14.129708+00:00,
0,T001,REST,task,204,1,11,9,0,R1,R6,R5,L1,50000,600.0,0.0,35.0,35.0,90.0,30.1286126,30.2280911,458801937330000,458802036808500,2026-10-05T06:21:14.129708+00:00,2026-10-05T06:21:14.234637+00:00,
0,T001,REST,task,205,1,9,7,0,R1,R5,R4,L1,50000,600.0,7.0,-51.0,51.478150704935004,-82.18470645323312,30.2283316,30.327236,458802037049000,458802135953400,2026-10-05T06:21:14.234637+00:00,2026-10-05T06:21:14.329839+00:00,
0,T001,REST,task,206,1,7,5,0,R1,R4,R3,L1,50000,600.0,5.0,53.0,53.23532661682466,84.61068824002659,30.3274582,30.425081,458802136175600,458802233798400,2026-10-05T06:21:14.329839+00:00,2026-10-05T06:21:14.431324+00:00,
0,T001,REST,task,207,1,5,3,0,R1,R3,R2,L1,50000,600.0,3.0,-5.0,5.830951894845301,-59.03624346792648,30.4253023,30.5252383,458802234019700,458802333955700,2026-10-05T06:21:14.431324+00:00,2026-10-05T06:21:14.530009+00:00,
1,T002,SMILE_LEFT,task,0,0,4,6,2,L1,L3,L4,L2,50000,600.0,-115.0,338.0,357.02801010564986,108.79018825371652,32.6966075,32.797229,458804505324900,458804605946400,2026-10-05T06:21:16.700050+00:00,2026-10-05T06:21:16.799727+00:00,
1,T002,SMILE_LEFT,task,1,0,6,8,2,L1,L4,L5,L2,50000,600.0,-28.0,107.0,110.60289327137876,104.6644614884111,32.7974936,32.8971086,458804606211000,458804705826000,2026-10-05T06:21:16.799727+00:00,2026-10-05T06:21:16.903447+00:00,
1,T002,SMILE_LEFT,task,2,0,8,10,2,L1,L5,L6,L2,50000,600.0,-27.0,92.0,95.88013350011565,106.35581710101725,32.8973722,32.9970998,458804706089600,458804805817200,2026-10-05T06:21:16.903447+00:00,2026-10-05T06:21:16.999854+00:00,
1,T002,SMILE_LEFT,task,3,0,10,12,2,L1,L6,L7,L2,50000,600.0,-22.0,49.0,53.71219600798314,114.17910714668918,32.9973426,33.095084,458804806060000,458804903801400,2026-10-05T06:21:16.999854+00:00,2026-10-05T06:21:17.099905+00:00,
1,T002,SMILE_LEFT,task,4,0,12,14,2,L1,L7,L8,L2,50000,600.0,3.0,16.0,16.278820596099706,79.38034472384487,33.0953297,33.1930998,458804904047100,458805001817200,2026-10-05T06:21:17.099905+00:00,2026-10-05T06:21:17.199800+00:00,
1,T002,SMILE_LEFT,task,5,0,14,15,2,L1,L8,R8,L2,50000,600.0,3.0,10.0,10.44030650891055,73.30075576600639,33.1932949,33.2920773,458805002012300,458805100794700,2026-10-05T06:21:17.199800+00:00,2026-10-05T06:21:17.298640+00:00,
1,T002,SMILE_LEFT,task,6,0,15,13,2,L1,R8,R7,L2,50000,600.0,2.0,4.0,4.47213595499958,63.43494882292201,33.2923323,33.3902371,458805101049700,458805198954500,2026-10-05T06:21:17.299149+00:00,2026-10-05T06:21:17.390808+00:00,
1,T002,SMILE_LEFT,task,7,0,13,11,2,L1,R7,R6,L2,50000,600.0,15.0,-19.0,24.20743687382041,-51.70983680775693,33.3904438,33.4892284,458805199161200,458805297945800,2026-10-05T06:21:17.390808+00:00,2026-10-05T06:21:17.489725+00:00,
1,T002,SMILE_LEFT,task,8,0,11,9,2,L1,R6,R5,L2,50000,600.0,3.0,11.0,11.40175425099138,74.74488129694222,33.4894322,33.5894158,458805298149600,458805398133200,2026-10-05T06:21:17.489725+00:00,2026-10-05T06:21:17.590238+00:00,
1,T002,SMILE_LEFT,task,9,0,9,7,2,L1,R5,R4,L2,50000,600.0,25.0,-68.0,72.44998274671983,-69.81419699053515,33.5896166,33.6892376,458805398334000,458805497955000,2026-10-05T06:21:17.590238+00:00,2026-10-05T06:21:17.689725+00:00,
1,T002,SMILE_LEFT,task,10,0,7,5,2,L1,R4,R3,L2,50000,600.0,-4.0,52.0,52.15361924162119,94.39870535499554,33.6894749,33.7881759,458805498192300,458805596893300,2026-10-05T06:21:17.689725+00:00,2026-10-05T06:21:17.794747+00:00,
1,T002,SMILE_LEFT,task,11,0,5,3,2,L1,R3,R2,L2,50000,600.0,9.0,-28.0,29.410882339705484,-72.18111108547723,33.7884218,33.8872242,458805597139200,458805695941600,2026-10-05T06:21:17.794747+00:00,2026-10-05T06:21:17.890045+00:00,
1,T002,SMILE_LEFT,task,12,0,3,1,2,L1,R2,R1,L2,50000,600.0,-128.0,415.0,434.2913768427828,107.1415275272074,33.8874332,33.986414,458805696150600,458805795131400,2026-10-05T06:21:17.890045+00:00,2026-10-05T06:21:17.990189+00:00,
1,T002,SMILE_LEFT,task,13,2,6,8,4,L2,L4,L5,L3,50000,600.0,96.0,-264.0,280.912797857271,-70.01689347810003,33.9866319,34.0862587,458805795349300,458805894976100,2026-10-05T06:21:17.990189+00:00,2026-10-05T06:21:18.089770+00:00,
1,T002,SMILE_LEFT,task,14,2,8,10,4,L2,L5,L6,L3,50000,600.0,-59.0,174.0,183.73078130786905,108.73079359220314,34.0864795,34.1860949,458805895196900,458805994812300,2026-10-05T06:21:18.089770+00:00,2026-10-05T06:21:18.192246+00:00,
1,T002,SMILE_LEFT,task,15,2,10,12,4,L2,L6,L7,L3,50000,600.0,-17.0,40.0,43.46262762420146,113.02549200852803,34.1863236,34.284098,458805995041000,458806092815400,2026-10-05T06:21:18.192246+00:00,2026-10-05T06:21:18.289900+00:00,
1,T002,SMILE_LEFT,task,16,2,12,14,4,L2,L7,L8,L3,50000,600.0,-2.0,23.0,23.08679276123039,94.96974072811031,34.2843105,34.3840789,458806093027900,458806192796300,2026-10-05T06:21:18.289900+00:00,2026-10-05T06:21:18.389622+00:00,
1,T002,SMILE_LEFT,task,17,2,14,15,4,L2,L8,R8,L3,50000,600.0,-3.0,22.0,22.20360331117452,97.76516601842535,34.384303,34.4832182,458806193020400,458806291935600,2026-10-05T06:21:18.389622+00:00,2026-10-05T06:21:18.489940+00:00,
1,T002,SMILE_LEFT,task,18,2,15,13,4,L2,R8,R7,L3,50000,600.0,0.0,11.0,11.0,90.0,34.4834133,34.584154,458806292130700,458806392871400,2026-10-05T06:21:18.489940+00:00,2026-10-05T06:21:18.589867+00:00,
1,T002,SMILE_LEFT,task,19,2,13,11,4,L2,R7,R6,L3,50000,600.0,4.0,6.0,7.211102550927978,56.309932474020215,34.5843666,34.6830993,458806393084000,458806491816700,2026-10-05T06:21:18.589867+00:00,2026-10-05T06:21:18.689734+00:00,
1,T002,SMILE_LEFT,task,20,2,11,9,4,L2,R6,R5,L3,50000,600.0,-2.0,20.0,20.09975124224178,95.71059313749964,34.6832994,34.7822234,458806492016800,458806590940800,2026-10-05T06:21:18.689734+00:00,2026-10-05T06:21:18.787274+00:00,
1,T002,SMILE_LEFT,task,21,2,9,7,4,L2,R5,R4,L3,50000,600.0,0.0,-4.0,4.0,-90.0,34.7824322,34.8811927,458806591149600,458806689910100,2026-10-05T06:21:18.787274+00:00,2026-10-05T06:21:18.887865+00:00,
1,T002,SMILE_LEFT,task,22,2,7,5,4,L2,R4,R3,L3,50000,600.0,9.0,12.0,15.0,53.13010235415598,34.8814129,34.9792412,458806690130300,458806787958600,2026-10-05T06:21:18.887865+00:00,2026-10-05T06:21:18.982807+00:00,
1,T002,SMILE_LEFT,task,23,2,5,3,4,L2,R3,R2,L3,50000,600.0,-1.0,10.0,10.04987562112089,95.71059313749964,34.9794444,35.0770752,458806788161800,458806885792600,2026-10-05T06:21:18.982807+00:00,2026-10-05T06:21:19.083103+00:00,
1,T002,SMILE_LEFT,task,24,2,3,1,4,L2,R2,R1,L3,50000,600.0,6.0,-59.0,59.30430001273095,-84.19327309446842,35.0772818,35.1750841,458806885999200,458806983801500,2026-10-05T06:21:19.084111+00:00,2026-10-05T06:21:19.179888+00:00,
1,T002,SMILE_LEFT,task,25,2,1,0,4,L2,R1,L1,L3,50000,600.0,16.0,22.0,27.202941017470888,53.97262661489639,35.1752913,35.273079,458806984008700,458807081796400,2026-10-05T06:21:19.179888+00:00,2026-10-05T06:21:19.279550+00:00,
1,T002,SMILE_LEFT,task,26,4,0,2,6,L3,L1,L2,L4,50000,600.0,-87.0,375.0,384.9597381545244,103.06155108332811,35.2733042,35.3692294,458807082021600,458807177946800,2026-10-05T06:21:19.279550+00:00,2026-10-05T06:21:19.370789+00:00,
1,T002,SMILE_LEFT,task,27,4,8,10,6,L3,L5,L6,L4,50000,600.0,97.0,-275.0,291.6058984314275,-70.5708641215712,35.3694529,35.4680996,458807178170300,458807276817000,2026-10-05T06:21:19.370789+00:00,2026-10-05T06:21:19.474889+00:00,
1,T002,SMILE_LEFT,task,28,4,10,12,6,L3,L6,L7,L4,50000,600.0,5.0,-20.0,20.615528128088304,-75.96375653207353,35.4683029,35.5662677,458807277020300,458807374985100,2026-10-05T06:21:19.474889+00:00,2026-10-05T06:21:19.571559+00:00,
1,T002,SMILE_LEFT,task,29,4,12,14,6,L3,L7,L8,L4,50000,600.0,13.0,-24.0,27.294688127912362,-61.55707137563666,35.5664725,35.6683899,458807375189900,458807477107300,2026-10-05T06:21:19.571559+00:00,2026-10-05T06:21:19.675042+00:00,
1,T002,SMILE_LEFT,task,30,4,14,15,6,L3,L8,R8,L4,50000,600.0,12.0,-22.0,25.059928172283335,-61.38954033403479,35.6686273,35.7672603,458807477344700,458807575977700,2026-10-05T06:21:19.675042+00:00,2026-10-05T06:21:19.771689+00:00,
1,T002,SMILE_LEFT,task,31,4,15,13,6,L3,R8,R7,L4,50000,600.0,6.0,-4.0,7.211102550927978,-33.690067525979785,35.7674763,35.8671165,458807576193700,458807675833900,2026-10-05T06:21:19.771689+00:00,2026-10-05T06:21:19.873697+00:00,
1,T002,SMILE_LEFT,task,32,4,13,11,6,L3,R7,R6,L4,50000,600.0,15.0,-20.0,25.0,-53.13010235415598,35.867289,35.9661236,458807676006400,458807774841000,2026-10-05T06:21:19.873697+00:00,2026-10-05T06:21:19.971915+00:00,
1,T002,SMILE_LEFT,task,33,4,11,9,6,L3,R6,R5,L4,50000,600.0,-1.0,16.0,16.0312195418814,93.57633437499736,35.9663825,36.0653525,458807775099900,458807874069900,2026-10-05T06:21:19.971915+00:00,2026-10-05T06:21:20.070277+00:00,
1,T002,SMILE_LEFT,task,34,4,9,7,6,L3,R5,R4,L4,50000,600.0,19.0,-60.0,62.93647591023825,-72.42874122167758,36.0656118,36.1630781,458807874329200,458807971795500,2026-10-05T06:21:20.070277+00:00,2026-10-05T06:21:20.169738+00:00,
1,T002,SMILE_LEFT,task,35,4,7,5,6,L3,R4,R3,L4,50000,600.0,0.0,63.0,63.0,90.0,36.1632998,36.2630908,458807972017200,458808071808200,2026-10-05T06:21:20.169738+00:00,2026-10-05T06:21:20.269713+00:00,
1,T002,SMILE_LEFT,task,36,4,5,3,6,L3,R3,R2,L4,50000,600.0,6.0,15.0,16.15549442140351,68.19859051364818,36.2633252,36.3622241,458808072042600,458808170941500,2026-10-05T06:21:20.269713+00:00,2026-10-05T06:21:20.359995+00:00,
1,T002,SMILE_LEFT,task,37,4,3,1,6,L3,R2,R1,L4,50000,600.0,-17.0,-27.0,31.906112267087632,-122.19573393471325,36.3624356,36.4602301,458808171153000,458808268947500,2026-10-05T06:21:20.359995+00:00,2026-10-05T06:21:20.459777+00:00,
1,T002,SMILE_LEFT,task,38,4,1,0,6,L3,R1,L1,L4,50000,600.0,-19.0,138.0,139.30183056945089,97.83926333180543,36.4604491,36.5572206,458808269166500,458808365938000,2026-10-05T06:21:20.459777+00:00,2026-10-05T06:21:20.559610+00:00,
1,T002,SMILE_LEFT,task,39,6,0,2,8,L4,L1,L2,L5,50000,600.0,-17.0,91.0,92.57429448826494,100.58163552094379,36.5574892,36.6551034,458808366206600,458808463820800,2026-10-05T06:21:20.559610+00:00,2026-10-05T06:21:20.659752+00:00,
1,T002,SMILE_LEFT,task,40,6,2,4,8,L4,L2,L3,L5,50000,600.0,106.0,-255.0,276.1539425755135,-67.4280145223018,36.6553483,36.756325,458808464065700,458808565042400,2026-10-05T06:21:20.659752+00:00,2026-10-05T06:21:20.759905+00:00,
1,T002,SMILE_LEFT,task,41,6,10,12,8,L4,L6,L7,L5,50000,600.0,-84.0,178.0,196.82479518597245,115.26309850449911,36.7565336,36.8560292,458808565251000,458808664746600,2026-10-05T06:21:20.759905+00:00,2026-10-05T06:21:20.862002+00:00,
1,T002,SMILE_LEFT,task,42,6,12,14,8,L4,L7,L8,L5,50000,600.0,-26.0,83.0,86.97700845625813,107.39332214691204,36.8562961,36.9541011,458808665013500,458808762818500,2026-10-05T06:21:20.862002+00:00,2026-10-05T06:21:20.959591+00:00,
1,T002,SMILE_LEFT,task,43,6,14,15,8,L4,L8,R8,L5,50000,600.0,-19.0,64.0,66.76076692189807,106.53483785734517,36.9543671,37.0522445,458808763084500,458808860961900,2026-10-05T06:21:20.959591+00:00,2026-10-05T06:21:21.054989+00:00,
1,T002,SMILE_LEFT,task,44,6,15,13,8,L4,R8,R7,L5,50000,600.0,-4.0,23.0,23.345235059857504,99.86580694308438,37.0525013,37.1522632,458808861218700,458808960980600,2026-10-05T06:21:21.054989+00:00,2026-10-05T06:21:21.155634+00:00,
1,T002,SMILE_LEFT,task,45,6,13,11,8,L4,R7,R6,L5,50000,600.0,-4.0,22.0,22.360679774997898,100.30484646876603,37.1524671,37.2491194,458808961184500,458809057836800,2026-10-05T06:21:21.155634+00:00,2026-10-05T06:21:21.254711+00:00,
1,T002,SMILE_LEFT,task,46,6,11,9,8,L4,R6,R5,L5,50000,600.0,-1.0,7.0,7.0710678118654755,98.13010235415598,37.249365,37.3482353,458809058082400,458809156952700,2026-10-05T06:21:21.254711+00:00,2026-10-05T06:21:21.349754+00:00,
1,T002,SMILE_LEFT,task,47,6,9,7,8,L4,R5,R4,L5,50000,600.0,-12.0,44.0,45.60701700396552,105.25511870305779,37.3485067,37.4473732,458809157224100,458809256090600,2026-10-05T06:21:21.355278+00:00,2026-10-05T06:21:21.454211+00:00,
1,T002,SMILE_LEFT,task,48,6,7,5,8,L4,R4,R3,L5,50000,600.0,26.0,-25.0,36.069377593742864,-43.87669728592458,37.4475912,37.5511102,458809256308600,458809359827600,2026-10-05T06:21:21.454211+00:00,2026-10-05T06:21:21.557901+00:00,
1,T002,SMILE_LEFT,task,49,6,5,3,8,L4,R3,R2,L5,50000,600.0,-2.0,-16.0,16.1245154965971,-97.1250163489018,37.5513324,37.6502656,458809360049800,458809458983000,2026-10-05T06:21:21.557901+00:00,2026-10-05T06:21:21.655930+00:00,
1,T002,SMILE_LEFT,task,50,6,3,1,8,L4,R2,R1,L5,50000,600.0,7.0,-126.0,126.19429464123962,-86.82016988013577,37.6504818,37.7491379,458809459199200,458809557855300,2026-10-05T06:21:21.655930+00:00,2026-10-05T06:21:21.755590+00:00,
1,T002,SMILE_LEFT,task,51,6,1,0,8,L4,R1,L1,L5,50000,600.0,36.0,10.0,37.36308338453881,15.524110996754258,37.7493434,37.8473311,458809558060800,458809656048500,2026-10-05T06:21:21.755590+00:00,2026-10-05T06:21:21.854105+00:00,
1,T002,SMILE_LEFT,task,52,8,0,2,10,L5,L1,L2,L6,50000,600.0,-32.0,102.0,106.90182411914213,107.41797079220284,37.8475914,37.9451013,458809656308800,458809753818700,2026-10-05T06:21:21.854105+00:00,2026-10-05T06:21:21.950998+00:00,
1,T002,SMILE_LEFT,task,53,8,2,4,10,L5,L2,L3,L6,50000,600.0,-72.0,188.0,201.3156725145859,110.95577673063218,37.9452999,38.0422224,458809754017300,458809850939800,2026-10-05T06:21:21.950998+00:00,2026-10-05T06:21:22.039927+00:00,
1,T002,SMILE_LEFT,task,54,8,4,6,10,L5,L3,L4,L6,50000,600.0,125.0,-294.0,319.4698733840172,-66.9662550884663,38.0424823,38.1382426,458809851199700,458809946960000,2026-10-05T06:21:22.039927+00:00,2026-10-05T06:21:22.139879+00:00,
1,T002,SMILE_LEFT,task,55,8,12,14,10,L5,L7,L8,L6,50000,600.0,-95.0,209.0,229.57787349829687,114.44395478041653,38.1384667,38.2370885,458809947184100,458810045805900,2026-10-05T06:21:22.139879+00:00,2026-10-05T06:21:22.239800+00:00,
1,T002,SMILE_LEFT,task,56,8,14,15,10,L5,L8,R8,L6,50000,600.0,-27.0,68.0,73.16419889536138,111.6559890384225,38.2373555,38.3360941,458810046072900,458810144811500,2026-10-05T06:21:22.239800+00:00,2026-10-05T06:21:22.339738+00:00,
1,T002,SMILE_LEFT,task,57,8,15,13,10,L5,R8,R7,L6,50000,600.0,-5.0,20.0,20.615528128088304,104.03624346792648,38.3363648,38.4360952,458810145082200,458810244812600,2026-10-05T06:21:22.339738+00:00,2026-10-05T06:21:22.442506+00:00,
1,T002,SMILE_LEFT,task,58,8,13,11,10,L5,R7,R6,L6,50000,600.0,1.0,3.0,3.1622776601683795,71.56505117707799,38.4363579,38.534232,458810245075300,458810342949400,2026-10-05T06:21:22.442506+00:00,2026-10-05T06:21:22.539562+00:00,
1,T002,SMILE_LEFT,task,59,8,11,9,10,L5,R6,R5,L6,50000,600.0,12.0,41.0,42.720018726587654,73.68614757373945,38.5344741,38.6332468,458810343191500,458810441964200,2026-10-05T06:21:22.539562+00:00,2026-10-05T06:21:22.639978+00:00,
1,T002,SMILE_LEFT,task,60,8,9,7,10,L5,R5,R4,L6,50000,600.0,6.0,-1.0,6.082762530298219,-9.462322208025617,38.6334779,38.7311877,458810442195300,458810539905100,2026-10-05T06:21:22.639978+00:00,2026-10-05T06:21:22.736749+00:00,
1,T002,SMILE_LEFT,task,61,8,7,5,10,L5,R4,R3,L6,50000,600.0,0.0,8.0,8.0,90.0,38.7314169,38.8511805,458810540134300,458810659897900,2026-10-05T06:21:22.736749+00:00,2026-10-05T06:21:22.854961+00:00,
1,T002,SMILE_LEFT,task,62,8,5,3,10,L5,R3,R2,L6,50000,600.0,-2.0,2.0,2.8284271247461903,135.0,38.8514023,38.9503213,458810660119700,458810759038700,2026-10-05T06:21:22.854961+00:00,2026-10-05T06:21:22.953702+00:00,
1,T002,SMILE_LEFT,task,63,8,3,1,10,L5,R2,R1,L6,50000,600.0,-8.0,-38.0,38.8329756778952,-101.88865803962798,38.9505318,39.0508322,458810759249200,458810859549600,2026-10-05T06:21:22.953702+00:00,2026-10-05T06:21:23.055238+00:00,
1,T002,SMILE_LEFT,task,64,8,1,0,10,L5,R1,L1,L6,50000,600.0,-8.0,77.0,77.41446893184762,95.93152692491977,39.0510391,39.1511213,458810859756500,458810959838700,2026-10-05T06:21:23.055238+00:00,2026-10-05T06:21:23.155727+00:00,
1,T002,SMILE_LEFT,task,65,10,0,2,12,L6,L1,L2,L7,50000,600.0,-19.0,45.0,48.84669896727925,112.89055165624833,39.1513404,39.2500717,458810960057800,458811058789100,2026-10-05T06:21:23.155727+00:00,2026-10-05T06:21:23.255765+00:00,
1,T002,SMILE_LEFT,task,66,10,2,4,12,L6,L2,L3,L7,50000,600.0,-15.0,46.0,48.38388161361178,108.06047193619918,39.250311,39.3471528,458811059028400,458811155870200,2026-10-05T06:21:23.255765+00:00,2026-10-05T06:21:23.353846+00:00,
1,T002,SMILE_LEFT,task,67,10,4,6,12,L6,L3,L4,L7,50000,600.0,10.0,-35.0,36.40054944640259,-74.05460409907715,39.3473822,39.4450856,458811156099600,458811253803000,2026-10-05T06:21:23.353846+00:00,2026-10-05T06:21:23.451746+00:00,
1,T002,SMILE_LEFT,task,68,10,6,8,12,L6,L4,L5,L7,50000,600.0,-97.0,206.0,227.69497139814047,115.21451676807197,39.4453179,39.5441118,458811254035300,458811352829200,2026-10-05T06:21:23.451746+00:00,2026-10-05T06:21:23.549963+00:00,
1,T002,SMILE_LEFT,task,69,10,14,15,12,L6,L8,R8,L7,50000,600.0,-145.0,322.0,353.1416146533852,114.24254087075973,39.5443596,39.6432532,458811353077000,458811451970600,2026-10-05T06:21:23.551126+00:00,2026-10-05T06:21:23.650053+00:00,
1,T002,SMILE_LEFT,task,70,10,15,13,12,L6,R8,R7,L7,50000,600.0,-29.0,51.0,58.66856057549052,119.6237487511738,39.6436176,39.7441081,458811452335000,458811552825500,2026-10-05T06:21:23.650053+00:00,2026-10-05T06:21:23.749698+00:00,
1,T002,SMILE_LEFT,task,71,10,13,11,12,L6,R7,R6,L7,50000,600.0,-11.0,39.0,40.52159917870962,105.75117366345303,39.7443123,39.8431171,458811553029700,458811651834500,2026-10-05T06:21:23.749698+00:00,2026-10-05T06:21:23.849794+00:00,
1,T002,SMILE_LEFT,task,72,10,11,9,12,L6,R6,R5,L7,50000,600.0,-7.0,19.0,20.248456731316587,110.22485943116808,39.843348,39.9423526,458811652065400,458811751070000,2026-10-05T06:21:23.849794+00:00,2026-10-05T06:21:23.939832+00:00,
1,T002,SMILE_LEFT,task,73,10,9,7,12,L6,R5,R4,L7,50000,600.0,-7.0,10.0,12.206555615733702,124.99202019855868,39.9425513,40.041112,458811751268700,458811849829400,2026-10-05T06:21:23.939832+00:00,2026-10-05T06:21:24.046338+00:00,
1,T002,SMILE_LEFT,task,74,10,7,5,12,L6,R4,R3,L7,50000,600.0,13.0,-2.0,13.152946437965905,-8.74616226255521,40.0413217,40.1412317,458811850039100,458811949949100,2026-10-05T06:21:24.046338+00:00,2026-10-05T06:21:24.140722+00:00,
1,T002,SMILE_LEFT,task,75,10,5,3,12,L6,R3,R2,L7,50000,600.0,-2.0,0.0,2.0,180.0,40.1414744,40.2382702,458811950191800,458812046987600,2026-10-05T06:21:24.140722+00:00,2026-10-05T06:21:24.240996+00:00,
1,T002,SMILE_LEFT,task,76,10,3,1,12,L6,R2,R1,L7,50000,600.0,-8.0,-60.0,60.530983801686226,-97.59464336859145,40.2386631,40.33824,458812047380500,458812146957400,2026-10-05T06:21:24.240996+00:00,2026-10-05T06:21:24.339834+00:00,
1,T002,SMILE_LEFT,task,77,10,1,0,12,L6,R1,L1,L7,50000,600.0,8.0,65.0,65.49045732013177,82.9834982552771,40.3384522,40.4360906,458812147169600,458812244808000,2026-10-05T06:21:24.339834+00:00,2026-10-05T06:21:24.442051+00:00,
1,T002,SMILE_LEFT,task,78,12,0,2,14,L7,L1,L2,L8,50000,600.0,3.0,14.0,14.317821063276353,77.9052429229879,40.4363172,40.5352539,458812245034600,458812343971300,2026-10-05T06:21:24.442051+00:00,2026-10-05T06:21:24.540059+00:00,
1,T002,SMILE_LEFT,task,79,12,2,4,14,L7,L2,L3,L8,50000,600.0,-6.0,31.0,31.575306807693888,100.95406264339833,40.5354696,40.6311719,458812344187000,458812439889300,2026-10-05T06:21:24.540059+00:00,2026-10-05T06:21:24.637278+00:00,
1,T002,SMILE_LEFT,task,80,12,4,6,14,L7,L3,L4,L8,50000,600.0,12.0,-34.0,36.05551275463989,-70.5599651718238,40.6315476,40.7292328,458812440265000,458812537950200,2026-10-05T06:21:24.637278+00:00,2026-10-05T06:21:24.730028+00:00,
1,T002,SMILE_LEFT,task,81,12,6,8,14,L7,L4,L5,L8,50000,600.0,-38.0,106.0,112.60550608207397,109.72227776444706,40.7294383,40.8285636,458812538155700,458812637281000,2026-10-05T06:21:24.730028+00:00,2026-10-05T06:21:24.829829+00:00,
1,T002,SMILE_LEFT,task,82,12,8,10,14,L7,L5,L6,L8,50000,600.0,-97.0,220.0,240.4350224073024,113.79311849807581,40.8287606,40.9293243,458812637478000,458812738041700,2026-10-05T06:21:24.829829+00:00,2026-10-05T06:21:24.936011+00:00,
1,T002,SMILE_LEFT,task,83,12,15,13,14,L7,R8,R7,L8,50000,600.0,-66.0,153.0,166.6283289239858,113.33404127670978,40.9295274,41.0271722,458812738244800,458812835889600,2026-10-05T06:21:24.936011+00:00,2026-10-05T06:21:25.029746+00:00,
1,T002,SMILE_LEFT,task,84,12,13,11,14,L7,R7,R6,L8,50000,600.0,-34.0,75.0,82.34682750416071,114.38637110180139,41.027446,41.1240508,458812836163400,458812932768200,2026-10-05T06:21:25.029746+00:00,2026-10-05T06:21:25.130983+00:00,
1,T002,SMILE_LEFT,task,85,12,11,9,14,L7,R6,R5,L8,50000,600.0,-17.0,27.0,31.906112267087632,122.19573393471325,41.1242781,41.2201703,458812932995500,458813028887700,2026-10-05T06:21:25.130983+00:00,2026-10-05T06:21:25.219876+00:00,
1,T002,SMILE_LEFT,task,86,12,9,7,14,L7,R5,R4,L8,50000,600.0,-7.0,14.0,15.652475842498529,116.56505117707799,41.2203783,41.3190347,458813029095700,458813127752100,2026-10-05T06:21:25.219876+00:00,2026-10-05T06:21:25.324793+00:00,
1,T002,SMILE_LEFT,task,87,12,7,5,14,L7,R4,R3,L8,50000,600.0,12.0,-3.0,12.36931687685298,-14.036243467926479,41.3192368,41.4140777,458813127954200,458813222795100,2026-10-05T06:21:25.324793+00:00,2026-10-05T06:21:25.419547+00:00,
1,T002,SMILE_LEFT,task,88,12,5,3,14,L7,R3,R2,L8,50000,600.0,-2.0,2.0,2.8284271247461903,135.0,41.4142793,41.512032,458813222996700,458813320749400,2026-10-05T06:21:25.419547+00:00,2026-10-05T06:21:25.517731+00:00,
1,T002,SMILE_LEFT,task,89,12,3,1,14,L7,R2,R1,L8,50000,600.0,-9.0,-52.0,52.773099207835045,-99.8193006387579,41.5122391,41.6102237,458813320956500,458813418941100,2026-10-05T06:21:25.517731+00:00,2026-10-05T06:21:25.609651+00:00,
1,T002,SMILE_LEFT,task,90,12,1,0,14,L7,R1,L1,L8,50000,600.0,-3.0,76.0,76.05918747922567,92.26050191114128,41.6104464,41.7093697,458813419163800,458813518087100,2026-10-05T06:21:25.609651+00:00,2026-10-05T06:21:25.710213+00:00,
1,T002,SMILE_LEFT,task,91,14,0,2,15,L8,L1,L2,R8,50000,600.0,6.0,6.0,8.48528137423857,45.0,41.7095767,41.8092327,458813518294100,458813617950100,2026-10-05T06:21:25.710213+00:00,2026-10-05T06:21:25.812825+00:00,
1,T002,SMILE_LEFT,task,92,14,2,4,15,L8,L2,L3,R8,50000,600.0,-5.0,29.0,29.427877939124322,99.7824070318073,41.8094341,41.9082295,458813618151500,458813716946900,2026-10-05T06:21:25.812825+00:00,2026-10-05T06:21:25.909875+00:00,
1,T002,SMILE_LEFT,task,93,14,4,6,15,L8,L3,L4,R8,50000,600.0,12.0,-33.0,35.11409973215888,-70.01689347810003,41.9084432,42.0072522,458813717160600,458813815969600,2026-10-05T06:21:25.909875+00:00,2026-10-05T06:21:26.010038+00:00,
1,T002,SMILE_LEFT,task,94,14,6,8,15,L8,L4,L5,R8,50000,600.0,-27.0,84.0,88.23264701911646,107.81888891452277,42.007456,42.1041163,458813816173400,458813912833700,2026-10-05T06:21:26.010038+00:00,2026-10-05T06:21:26.109908+00:00,
1,T002,SMILE_LEFT,task,95,14,8,10,15,L8,L5,L6,R8,50000,600.0,-24.0,72.0,75.8946638440411,108.43494882292202,42.104351,42.2022446,458813913068400,458814010962000,2026-10-05T06:21:26.109908+00:00,2026-10-05T06:21:26.206222+00:00,
1,T002,SMILE_LEFT,task,96,14,10,12,15,L8,L6,L7,R8,50000,600.0,-140.0,337.0,364.9232796081938,112.55947734443835,42.2024458,42.3012494,458814011163200,458814109966800,2026-10-05T06:21:26.206222+00:00,2026-10-05T06:21:26.305479+00:00,
1,T002,SMILE_LEFT,task,97,14,13,11,15,L8,R7,R6,R8,50000,600.0,-164.0,367.0,401.9763674645563,114.078267103456,42.3014629,42.3990904,458814110180300,458814207807800,2026-10-05T06:21:26.305479+00:00,2026-10-05T06:21:26.405389+00:00,
1,T002,SMILE_LEFT,task,98,14,11,9,15,L8,R6,R5,R8,50000,600.0,-45.0,81.0,92.66067126888301,119.05460409907714,42.3992807,42.4962428,458814207998100,458814304960200,2026-10-05T06:21:26.405389+00:00,2026-10-05T06:21:26.499803+00:00,
1,T002,SMILE_LEFT,task,99,14,9,7,15,L8,R5,R4,R8,50000,600.0,-23.0,46.0,51.42956348249516,116.56505117707799,42.4964436,42.5973384,458814305161000,458814406055800,2026-10-05T06:21:26.499803+00:00,2026-10-05T06:21:26.600020+00:00,
1,T002,SMILE_LEFT,task,100,14,7,5,15,L8,R4,R3,R8,50000,600.0,18.0,-15.0,23.430749027719962,-39.80557109226519,42.5975422,42.6970922,458814406259600,458814505809600,2026-10-05T06:21:26.600020+00:00,2026-10-05T06:21:26.703776+00:00,
1,T002,SMILE_LEFT,task,101,14,5,3,15,L8,R3,R2,R8,50000,600.0,-5.0,8.0,9.433981132056603,122.0053832080835,42.6973181,42.7941564,458814506035500,458814602873800,2026-10-05T06:21:26.703776+00:00,2026-10-05T06:21:26.799738+00:00,
1,T002,SMILE_LEFT,task,102,14,3,1,15,L8,R2,R1,R8,50000,600.0,-13.0,-45.0,46.84015371452148,-106.11341823308929,42.7943649,42.8932694,458814603082300,458814701986800,2026-10-05T06:21:26.799738+00:00,2026-10-05T06:21:26.900002+00:00,
1,T002,SMILE_LEFT,task,103,14,1,0,15,L8,R1,L1,R8,50000,600.0,-9.0,91.0,91.44397191723465,95.64824737373527,42.8934814,42.9931428,458814702198800,458814801860200,2026-10-05T06:21:26.900002+00:00,2026-10-05T06:21:26.999805+00:00,
1,T002,SMILE_LEFT,task,104,15,0,2,13,R8,L1,L2,R7,50000,600.0,7.0,-3.0,7.615773105863909,-23.19859051364819,42.9933366,43.0922514,458814802054000,458814900968800,2026-10-05T06:21:26.999805+00:00,2026-10-05T06:21:27.089638+00:00,
1,T002,SMILE_LEFT,task,105,15,2,4,13,R8,L2,L3,R7,50000,600.0,0.0,16.0,16.0,90.0,43.0924789,43.1902448,458814901196300,458814998962200,2026-10-05T06:21:27.089638+00:00,2026-10-05T06:21:27.189622+00:00,
1,T002,SMILE_LEFT,task,106,15,4,6,13,R8,L3,L4,R7,50000,600.0,4.0,-16.0,16.492422502470642,-75.96375653207353,43.1904229,43.2903399,458814999140300,458815099057300,2026-10-05T06:21:27.189622+00:00,2026-10-05T06:21:27.290028+00:00,
1,T002,SMILE_LEFT,task,107,15,6,8,13,R8,L4,L5,R7,50000,600.0,-8.0,37.0,37.8549864614954,102.2004687273808,43.2905862,43.3892344,458815099303600,458815197951800,2026-10-05T06:21:27.290028+00:00,2026-10-05T06:21:27.389613+00:00,
1,T002,SMILE_LEFT,task,108,15,8,10,13,R8,L5,L6,R7,50000,600.0,-2.0,20.0,20.09975124224178,95.71059313749964,43.3894539,43.4871903,458815198171300,458815295907700,2026-10-05T06:21:27.389613+00:00,2026-10-05T06:21:27.493915+00:00,
1,T002,SMILE_LEFT,task,109,15,10,12,13,R8,L6,L7,R7,50000,600.0,-30.0,57.0,64.41273166075166,117.75854060106003,43.4874068,43.5872119,458815296124200,458815395929300,2026-10-05T06:21:27.493915+00:00,2026-10-05T06:21:27.591564+00:00,
1,T002,SMILE_LEFT,task,110,15,12,14,13,R8,L7,L8,R7,50000,600.0,-58.0,159.0,169.24833824885843,110.04095181220426,43.5875114,43.6871902,458815396228800,458815495907600,2026-10-05T06:21:27.591564+00:00,2026-10-05T06:21:27.689773+00:00,
1,T002,SMILE_LEFT,task,111,15,11,9,13,R8,R6,R5,R7,50000,600.0,-98.0,175.0,200.57168294652163,119.24882633654698,43.6874022,43.7840478,458815496119600,458815592765200,2026-10-05T06:21:27.689773+00:00,2026-10-05T06:21:27.789957+00:00,
1,T002,SMILE_LEFT,task,112,15,9,7,13,R8,R5,R4,R7,50000,600.0,-27.0,53.0,59.481089431852205,116.99583839408663,43.7842619,43.8892637,458815592979300,458815697981100,2026-10-05T06:21:27.789957+00:00,2026-10-05T06:21:27.889554+00:00,
1,T002,SMILE_LEFT,task,113,15,7,5,13,R8,R4,R3,R7,50000,600.0,19.0,-17.0,25.495097567963924,-41.82016988013577,43.8894783,43.9872312,458815698195700,458815795948600,2026-10-05T06:21:27.889554+00:00,2026-10-05T06:21:27.989643+00:00,
1,T002,SMILE_LEFT,task,114,15,5,3,13,R8,R3,R2,R7,50000,600.0,-5.0,8.0,9.433981132056603,122.0053832080835,43.9874414,44.0841199,458815796158800,458815892837300,2026-10-05T06:21:27.989643+00:00,2026-10-05T06:21:28.089909+00:00,
1,T002,SMILE_LEFT,task,115,15,3,1,13,R8,R2,R1,R7,50000,600.0,-15.0,-35.0,38.07886552931954,-113.19859051364818,44.0843431,44.1821848,458815893060500,458815990902200,2026-10-05T06:21:28.089909+00:00,2026-10-05T06:21:28.186835+00:00,
1,T002,SMILE_LEFT,task,116,15,1,0,13,R8,R1,L1,R7,50000,600.0,-2.0,73.0,73.02739212103907,91.569354804749,44.1824246,44.2820879,458815991142000,458816090805300,2026-10-05T06:21:28.186835+00:00,2026-10-05T06:21:28.288543+00:00,
1,T002,SMILE_LEFT,task,117,13,0,2,11,R7,L1,L2,R6,50000,600.0,18.0,-18.0,25.45584412271571,-45.0,44.2823645,44.3811099,458816091081900,458816189827300,2026-10-05T06:21:28.288543+00:00,2026-10-05T06:21:28.387961+00:00,
1,T002,SMILE_LEFT,task,118,13,2,4,11,R7,L2,L3,R6,50000,600.0,-1.0,19.0,19.026297590440446,93.01278750418334,44.3813787,44.4792452,458816190096100,458816287962600,2026-10-05T06:21:28.387961+00:00,2026-10-05T06:21:28.485674+00:00,
1,T002,SMILE_LEFT,task,119,13,4,6,11,R7,L3,L4,R6,50000,600.0,11.0,-24.0,26.40075756488817,-65.37643521383639,44.4794539,44.5780895,458816288171300,458816386806900,2026-10-05T06:21:28.485674+00:00,2026-10-05T06:21:28.579678+00:00,
1,T002,SMILE_LEFT,task,120,13,6,8,11,R7,L4,L5,R6,50000,600.0,-14.0,45.0,47.12748667179272,107.28149837181665,44.5783291,44.6780831,458816387046500,458816486800500,2026-10-05T06:21:28.579678+00:00,2026-10-05T06:21:28.684713+00:00,
1,T002,SMILE_LEFT,task,121,13,8,10,11,R7,L5,L6,R6,50000,600.0,1.0,10.0,10.04987562112089,84.28940686250037,44.6783303,44.7751109,458816487047700,458816583828300,2026-10-05T06:21:28.684713+00:00,2026-10-05T06:21:28.779895+00:00,
1,T002,SMILE_LEFT,task,122,13,10,12,11,R7,L6,L7,R6,50000,600.0,-14.0,51.0,52.88667128870941,105.35013649242443,44.7753697,44.8730973,458816584087100,458816681814700,2026-10-05T06:21:28.779895+00:00,2026-10-05T06:21:28.879734+00:00,
1,T002,SMILE_LEFT,task,123,13,12,14,11,R7,L7,L8,R6,50000,600.0,-27.0,85.0,89.1852005660132,107.62229722866827,44.873321,44.9723449,458816682038400,458816781062300,2026-10-05T06:21:28.879734+00:00,2026-10-05T06:21:28.972136+00:00,
1,T002,SMILE_LEFT,task,124,13,14,15,11,R7,L8,R8,R6,50000,600.0,-144.0,387.0,412.9225108903606,110.40988283380399,44.9725825,45.0711076,458816781299900,458816879825000,2026-10-05T06:21:28.972136+00:00,2026-10-05T06:21:29.077643+00:00,
1,T002,SMILE_LEFT,task,125,13,9,7,11,R7,R5,R4,R6,50000,600.0,-50.0,91.0,103.83159442096611,118.78661831001403,45.0713081,45.1702237,458816880025500,458816978941100,2026-10-05T06:21:29.077643+00:00,2026-10-05T06:21:29.170125+00:00,
1,T002,SMILE_LEFT,task,126,13,7,5,11,R7,R4,R3,R6,50000,600.0,12.0,-7.0,13.892443989449804,-30.256437163529263,45.1704254,45.2701745,458816979142800,458817078891900,2026-10-05T06:21:29.170125+00:00,2026-10-05T06:21:29.277016+00:00,
1,T002,SMILE_LEFT,task,127,13,5,3,11,R7,R3,R2,R6,50000,600.0,-11.0,19.0,21.95449840010015,120.06858282186246,45.270435,45.3702306,458817079152400,458817178948000,2026-10-05T06:21:29.277016+00:00,2026-10-05T06:21:29.369931+00:00,
1,T002,SMILE_LEFT,task,128,13,3,1,11,R7,R2,R1,R6,50000,600.0,-27.0,-5.0,27.459060435491963,-169.5085229876684,45.3704816,45.4703418,458817179199000,458817279059200,2026-10-05T06:21:29.369931+00:00,2026-10-05T06:21:29.477047+00:00,
1,T002,SMILE_LEFT,task,129,13,1,0,11,R7,R1,L1,R6,50000,600.0,-8.0,77.0,77.41446893184762,95.93152692491977,45.4705117,45.5722302,458817279229100,458817380947600,2026-10-05T06:21:29.477047+00:00,2026-10-05T06:21:29.572179+00:00,
1,T002,SMILE_LEFT,task,130,11,0,2,9,R6,L1,L2,R5,50000,600.0,8.0,5.0,9.433981132056603,32.005383208083494,45.5724529,45.6713433,458817381170300,458817480060700,2026-10-05T06:21:29.572179+00:00,2026-10-05T06:21:29.669790+00:00,
1,T002,SMILE_LEFT,task,131,11,2,4,9,R6,L2,L3,R5,50000,600.0,-2.0,25.0,25.079872407968907,94.57392125990086,45.6715622,45.7712337,458817480279600,458817579951100,2026-10-05T06:21:29.669790+00:00,2026-10-05T06:21:29.770895+00:00,
1,T002,SMILE_LEFT,task,132,11,4,6,9,R6,L3,L4,R5,50000,600.0,-3.0,5.0,5.830951894845301,120.96375653207352,45.7714473,45.8693489,458817580164700,458817678066300,2026-10-05T06:21:29.770895+00:00,2026-10-05T06:21:29.873046+00:00,
1,T002,SMILE_LEFT,task,133,11,6,8,9,R6,L4,L5,R5,50000,600.0,-4.0,19.0,19.4164878389476,101.88865803962798,45.869556,45.9672848,458817678273400,458817776002200,2026-10-05T06:21:29.873046+00:00,2026-10-05T06:21:29.971824+00:00,
1,T002,SMILE_LEFT,task,134,11,8,10,9,R6,L5,L6,R5,50000,600.0,17.0,39.0,42.5440947723653,66.44773632710535,45.9675095,46.067239,458817776226900,458817875956400,2026-10-05T06:21:29.971824+00:00,2026-10-05T06:21:30.070670+00:00,
1,T002,SMILE_LEFT,task,135,11,10,12,9,R6,L6,L7,R5,50000,600.0,-7.0,22.0,23.08679276123039,107.65012421993013,46.0674608,46.1660568,458817876178200,458817974774200,2026-10-05T06:21:30.070670+00:00,2026-10-05T06:21:30.171264+00:00,
1,T002,SMILE_LEFT,task,136,11,12,14,9,R6,L7,L8,R5,50000,600.0,-9.0,27.0,28.460498941515414,108.43494882292202,46.1663173,46.2640554,458817975034700,458818072772800,2026-10-05T06:21:30.171264+00:00,2026-10-05T06:21:30.270810+00:00,
1,T002,SMILE_LEFT,task,137,11,14,15,9,R6,L8,R8,R5,50000,600.0,-33.0,83.0,89.31965069345043,111.68229161324494,46.264298,46.3631433,458818073015400,458818171860700,2026-10-05T06:21:30.270810+00:00,2026-10-05T06:21:30.369853+00:00,
1,T002,SMILE_LEFT,task,138,11,15,13,9,R6,R8,R7,R5,50000,600.0,-74.0,178.0,192.76929216034384,112.57413807864822,46.3635092,46.4590436,458818172226600,458818267761000,2026-10-05T06:21:30.369853+00:00,2026-10-05T06:21:30.459568+00:00,
1,T002,SMILE_LEFT,task,139,11,7,5,9,R6,R4,R3,R5,50000,600.0,149.0,-365.0,394.2410430181008,-67.79377544448374,46.4593944,46.5580938,458818268111800,458818366811200,2026-10-05T06:21:30.459568+00:00,2026-10-05T06:21:30.564820+00:00,
1,T002,SMILE_LEFT,task,140,11,5,3,9,R6,R3,R2,R5,50000,600.0,-79.0,197.0,212.24985276791125,111.85153701469336,46.5583859,46.6550976,458818367103300,458818463815000,2026-10-05T06:21:30.564820+00:00,2026-10-05T06:21:30.659906+00:00,
1,T002,SMILE_LEFT,task,141,11,3,1,9,R6,R2,R1,R5,50000,600.0,-84.0,121.0,147.29901561110313,124.76895655548178,46.6553774,46.7520932,458818464094800,458818560810600,2026-10-05T06:21:30.659906+00:00,2026-10-05T06:21:30.758270+00:00,
1,T002,SMILE_LEFT,task,142,11,1,0,9,R6,R1,L1,R5,50000,600.0,-12.0,105.0,105.68348972285122,96.519801751657,46.7524948,46.8511079,458818561212200,458818659825300,2026-10-05T06:21:30.758270+00:00,2026-10-05T06:21:30.854150+00:00,
1,T002,SMILE_LEFT,task,143,9,0,2,7,R5,L1,L2,R4,50000,600.0,33.0,-61.0,69.35416353759881,-61.58733855692742,46.8513785,46.9501444,458818660095900,458818758861800,2026-10-05T06:21:30.854150+00:00,2026-10-05T06:21:30.956999+00:00,
1,T002,SMILE_LEFT,task,144,9,2,4,7,R5,L2,L3,R4,50000,600.0,-1.0,15.0,15.033296378372908,93.81407483429037,46.9505312,47.0480962,458818759248600,458818856813600,2026-10-05T06:21:30.956999+00:00,2026-10-05T06:21:31.049566+00:00,
1,T002,SMILE_LEFT,task,145,9,4,6,7,R5,L3,L4,R4,50000,600.0,17.0,-59.0,61.40032573203501,-73.92642583525361,47.0483799,47.1470965,458818857097300,458818955813900,2026-10-05T06:21:31.055199+00:00,2026-10-05T06:21:31.153252+00:00,
1,T002,SMILE_LEFT,task,146,9,6,8,7,R5,L4,L5,R4,50000,600.0,-17.0,71.0,73.00684899377592,103.46520809481171,47.1473829,47.2460975,458818956100300,458819054814900,2026-10-05T06:21:31.154252+00:00,2026-10-05T06:21:31.249794+00:00,
1,T002,SMILE_LEFT,task,147,9,8,10,7,R5,L5,L6,R4,50000,600.0,9.0,9.0,12.727922061357855,45.0,47.2463665,47.3440353,458819055083900,458819152752700,2026-10-05T06:21:31.249794+00:00,2026-10-05T06:21:31.349666+00:00,
1,T002,SMILE_LEFT,task,148,9,10,12,7,R5,L6,L7,R4,50000,600.0,-7.0,24.0,25.0,106.26020470831196,47.3442716,47.4410896,458819152989000,458819249807000,2026-10-05T06:21:31.349666+00:00,2026-10-05T06:21:31.444750+00:00,
1,T002,SMILE_LEFT,task,149,9,12,14,7,R5,L7,L8,R4,50000,600.0,1.0,24.0,24.020824298928627,87.61405596961119,47.441366,47.539085,458819250083400,458819347802400,2026-10-05T06:21:31.444750+00:00,2026-10-05T06:21:31.539735+00:00,
1,T002,SMILE_LEFT,task,150,9,14,15,7,R5,L8,R8,R4,50000,600.0,-11.0,56.0,57.0701322935211,101.1130405359483,47.5393471,47.6380823,458819348064500,458819446799700,2026-10-05T06:21:31.539735+00:00,2026-10-05T06:21:31.644524+00:00,
1,T002,SMILE_LEFT,task,151,9,15,13,7,R5,R8,R7,R4,50000,600.0,-14.0,63.0,64.53681120105021,102.52880770915151,47.6383658,47.7340901,458819447083200,458819542807500,2026-10-05T06:21:31.644524+00:00,2026-10-05T06:21:31.739723+00:00,
1,T002,SMILE_LEFT,task,152,9,13,11,7,R5,R7,R6,R4,50000,600.0,-29.0,95.0,99.32774033471213,106.97549946792975,47.7344226,47.8330488,458819543140000,458819641766200,2026-10-05T06:21:31.739723+00:00,2026-10-05T06:21:31.839585+00:00,
1,T002,SMILE_LEFT,task,153,9,5,3,7,R5,R3,R2,R4,50000,600.0,90.0,-275.0,289.35272592460575,-71.87813975209865,47.8333257,47.9301874,458819642043100,458819738904800,2026-10-05T06:21:31.839585+00:00,2026-10-05T06:21:31.934503+00:00,
1,T002,SMILE_LEFT,task,154,9,3,1,7,R5,R2,R1,R4,50000,600.0,-15.0,-64.0,65.73431371817918,-103.19061071220685,47.930447,48.0271873,458819739164400,458819835904700,2026-10-05T06:21:31.934503+00:00,2026-10-05T06:21:32.029919+00:00,
1,T002,SMILE_LEFT,task,155,9,1,0,7,R5,R1,L1,R4,50000,600.0,14.0,27.0,30.4138126514911,62.59242456218159,48.0274442,48.124167,458819836161600,458819932884400,2026-10-05T06:21:32.029919+00:00,2026-10-05T06:21:32.129614+00:00,
1,T002,SMILE_LEFT,task,156,7,0,2,5,R4,L1,L2,R3,50000,600.0,-4.0,42.0,42.190046219457976,95.44033203100551,48.1244571,48.2220401,458819933174500,458820030757500,2026-10-05T06:21:32.129614+00:00,2026-10-05T06:21:32.228524+00:00,
1,T002,SMILE_LEFT,task,157,7,2,4,5,R4,L2,L3,R3,50000,600.0,3.0,11.0,11.40175425099138,74.74488129694222,48.2223754,48.3191129,458820031092800,458820127830300,2026-10-05T06:21:32.228524+00:00,2026-10-05T06:21:32.325696+00:00,
1,T002,SMILE_LEFT,task,158,7,4,6,5,R4,L3,L4,R3,50000,600.0,-7.0,45.0,45.5411901469428,98.84181456019168,48.3193829,48.4160533,458820128100300,458820224770700,2026-10-05T06:21:32.325696+00:00,2026-10-05T06:21:32.422011+00:00,
1,T002,SMILE_LEFT,task,159,7,6,8,5,R4,L4,L5,R3,50000,600.0,14.0,-18.0,22.80350850198276,-52.1250163489018,48.4163207,48.5120414,458820225038100,458820320758800,2026-10-05T06:21:32.423011+00:00,2026-10-05T06:21:32.517754+00:00,
1,T002,SMILE_LEFT,task,160,7,8,10,5,R4,L5,L6,R3,50000,600.0,-2.0,3.0,3.605551275463989,123.69006752597979,48.512303,48.6080803,458820321020400,458820416797700,2026-10-05T06:21:32.517754+00:00,2026-10-05T06:21:32.613982+00:00,
1,T002,SMILE_LEFT,task,161,7,10,12,5,R4,L6,L7,R3,50000,600.0,3.0,-3.0,4.242640687119285,-45.0,48.6083697,48.7061047,458820417087100,458820514822100,2026-10-05T06:21:32.613982+00:00,2026-10-05T06:21:32.712200+00:00,
1,T002,SMILE_LEFT,task,162,7,12,14,5,R4,L7,L8,R3,50000,600.0,8.0,-7.0,10.63014581273465,-41.18592516570965,48.7063681,48.8041625,458820515085500,458820612879900,2026-10-05T06:21:32.712200+00:00,2026-10-05T06:21:32.809885+00:00,
1,T002,SMILE_LEFT,task,163,7,14,15,5,R4,L8,R8,R3,50000,600.0,11.0,-19.0,21.95449840010015,-59.93141717813756,48.8043562,48.9023336,458820613073600,458820711051000,2026-10-05T06:21:32.809885+00:00,2026-10-05T06:21:32.907975+00:00,
1,T002,SMILE_LEFT,task,164,7,15,13,5,R4,R8,R7,R3,50000,600.0,10.0,-19.0,21.470910553583888,-62.24145939893998,48.902551,49.0000918,458820711268400,458820808809200,2026-10-05T06:21:32.909483+00:00,2026-10-05T06:21:33.005635+00:00,
1,T002,SMILE_LEFT,task,165,7,13,11,5,R4,R7,R6,R3,50000,600.0,10.0,-18.0,20.591260281974,-60.94539590092286,49.0003398,49.0990776,458820809057200,458820907795000,2026-10-05T06:21:33.005635+00:00,2026-10-05T06:21:33.104983+00:00,
1,T002,SMILE_LEFT,task,166,7,11,9,5,R4,R6,R5,R3,50000,600.0,112.0,-359.0,376.06515392947534,-72.67324175421513,49.0993209,49.1980657,458820908038300,458821006783100,2026-10-05T06:21:33.104983+00:00,2026-10-05T06:21:33.204036+00:00,
1,T002,SMILE_LEFT,task,167,7,3,1,5,R4,R2,R1,R3,50000,600.0,-182.0,539.0,568.8980576518081,108.65788847411955,49.1983612,49.2950444,458821007078600,458821103761800,2026-10-05T06:21:33.204036+00:00,2026-10-05T06:21:33.299659+00:00,
1,T002,SMILE_LEFT,task,168,7,1,0,5,R4,R1,L1,R3,50000,600.0,-21.0,120.0,121.82364302548172,99.92624550665171,49.2953083,49.3910489,458821104025700,458821199766300,2026-10-05T06:21:33.299659+00:00,2026-10-05T06:21:33.389524+00:00,
1,T002,SMILE_LEFT,task,169,5,0,2,3,R3,L1,L2,R2,50000,600.0,17.0,-26.0,31.064449134018133,-56.82148834060726,49.3914049,49.4890337,458821200122300,458821297751100,2026-10-05T06:21:33.389524+00:00,2026-10-05T06:21:33.489601+00:00,
1,T002,SMILE_LEFT,task,170,5,2,4,3,R3,L2,L3,R2,50000,600.0,0.0,25.0,25.0,90.0,49.4893618,49.5893722,458821298079200,458821398089600,2026-10-05T06:21:33.489601+00:00,2026-10-05T06:21:33.590079+00:00,
1,T002,SMILE_LEFT,task,171,5,4,6,3,R3,L3,L4,R2,50000,600.0,8.0,14.0,16.1245154965971,60.25511870305778,49.5895933,49.6872341,458821398310700,458821495951500,2026-10-05T06:21:33.590079+00:00,2026-10-05T06:21:33.689598+00:00,
1,T002,SMILE_LEFT,task,172,5,6,8,3,R3,L4,L5,R2,50000,600.0,-6.0,6.0,8.48528137423857,135.0,49.6874416,49.7841457,458821496159000,458821592863100,2026-10-05T06:21:33.689598+00:00,2026-10-05T06:21:33.789553+00:00,
1,T002,SMILE_LEFT,task,173,5,8,10,3,R3,L5,L6,R2,50000,600.0,4.0,10.0,10.770329614269007,68.19859051364818,49.7843595,49.8840902,458821593076900,458821692807600,2026-10-05T06:21:33.789553+00:00,2026-10-05T06:21:33.890512+00:00,
1,T002,SMILE_LEFT,task,174,5,10,12,3,R3,L6,L7,R2,50000,600.0,-2.0,11.0,11.180339887498949,100.30484646876603,49.8843044,49.9841132,458821693021800,458821792830600,2026-10-05T06:21:33.890512+00:00,2026-10-05T06:21:33.990098+00:00,
1,T002,SMILE_LEFT,task,175,5,12,14,3,R3,L7,L8,R2,50000,600.0,5.0,9.0,10.295630140987,60.94539590092286,49.984365,50.0831233,458821793082400,458821891840700,2026-10-05T06:21:33.990098+00:00,2026-10-05T06:21:34.089860+00:00,
1,T002,SMILE_LEFT,task,176,5,14,15,3,R3,L8,R8,R2,50000,600.0,1.0,17.0,17.029386365926403,86.63353933657021,50.0833343,50.181108,458821892051700,458821989825400,2026-10-05T06:21:34.089860+00:00,2026-10-05T06:21:34.187297+00:00,
1,T002,SMILE_LEFT,task,177,5,15,13,3,R3,R8,R7,R2,50000,600.0,1.0,18.0,18.027756377319946,86.82016988013577,50.1813791,50.279103,458821990096500,458822087820400,2026-10-05T06:21:34.187297+00:00,2026-10-05T06:21:34.285150+00:00,
1,T002,SMILE_LEFT,task,178,5,13,11,3,R3,R7,R6,R2,50000,600.0,2.0,24.0,24.08318915758459,85.23635830927383,50.2793573,50.3792726,458822088074700,458822187990000,2026-10-05T06:21:34.286158+00:00,2026-10-05T06:21:34.383872+00:00,
1,T002,SMILE_LEFT,task,179,5,11,9,3,R3,R6,R5,R2,50000,600.0,-51.0,227.0,232.65854809140367,102.66236406285743,50.379611,50.4811183,458822188328400,458822289835700,2026-10-05T06:21:34.383872+00:00,2026-10-05T06:21:34.487434+00:00,
1,T002,SMILE_LEFT,task,180,5,9,7,3,R3,R5,R4,R2,50000,600.0,84.0,-304.0,315.3918198051433,-74.55368363230745,50.4813523,50.5771757,458822290069700,458822385893100,2026-10-05T06:21:34.487434+00:00,2026-10-05T06:21:34.579797+00:00,
1,T002,SMILE_LEFT,task,181,5,1,0,3,R3,R1,L1,R2,50000,600.0,-5.0,73.0,73.17103251970687,93.91824886406738,50.5774142,50.6761991,458822386131600,458822484916500,2026-10-05T06:21:34.579797+00:00,2026-10-05T06:21:34.679571+00:00,
1,T002,SMILE_LEFT,task,182,3,0,2,1,R2,L1,L2,R1,50000,600.0,-24.0,380.0,380.7571404451924,93.61388075200365,50.6765891,50.7760884,458822485306500,458822584805800,2026-10-05T06:21:34.679571+00:00,2026-10-05T06:21:34.779725+00:00,
1,T002,SMILE_LEFT,task,183,3,2,4,1,R2,L2,L3,R1,50000,600.0,12.0,18.0,21.633307652783937,56.309932474020215,50.7763025,50.8740931,458822585019900,458822682810500,2026-10-05T06:21:34.779725+00:00,2026-10-05T06:21:34.879919+00:00,
1,T002,SMILE_LEFT,task,184,3,4,6,1,R2,L3,L4,R1,50000,600.0,0.0,22.0,22.0,90.0,50.8743098,50.9722287,458822683027200,458822780946100,2026-10-05T06:21:34.879919+00:00,2026-10-05T06:21:34.969988+00:00,
1,T002,SMILE_LEFT,task,185,3,6,8,1,R2,L4,L5,R1,50000,600.0,5.0,-21.0,21.587033144922902,-76.6075022462489,50.9724332,51.0712325,458822781150600,458822879949900,2026-10-05T06:21:34.969988+00:00,2026-10-05T06:21:35.071055+00:00,
1,T002,SMILE_LEFT,task,186,3,8,10,1,R2,L5,L6,R1,50000,600.0,14.0,17.0,22.02271554554524,50.527540151656176,51.0714462,51.1682444,458822880163600,458822976961800,2026-10-05T06:21:35.071055+00:00,2026-10-05T06:21:35.171342+00:00,
1,T002,SMILE_LEFT,task,187,3,10,12,1,R2,L6,L7,R1,50000,600.0,2.0,6.0,6.324555320336759,71.56505117707799,51.1684412,51.2672575,458822977158600,458823075974900,2026-10-05T06:21:35.171342+00:00,2026-10-05T06:21:35.269885+00:00,
1,T002,SMILE_LEFT,task,188,3,12,14,1,R2,L7,L8,R1,50000,600.0,12.0,6.0,13.416407864998739,26.56505117707799,51.2674854,51.3672445,458823076202800,458823175961900,2026-10-05T06:21:35.269885+00:00,2026-10-05T06:21:35.370913+00:00,
1,T002,SMILE_LEFT,task,189,3,14,15,1,R2,L8,R8,R1,50000,600.0,9.0,14.0,16.64331697709324,57.264773727892404,51.3674684,51.469309,458823176185800,458823278026400,2026-10-05T06:21:35.370913+00:00,2026-10-05T06:21:35.469960+00:00,
1,T002,SMILE_LEFT,task,190,3,15,13,1,R2,R8,R7,R1,50000,600.0,8.0,20.0,21.540659228538015,68.19859051364818,51.4695406,51.567179,458823278258000,458823375896400,2026-10-05T06:21:35.469960+00:00,2026-10-05T06:21:35.571982+00:00,
1,T002,SMILE_LEFT,task,191,3,13,11,1,R2,R7,R6,R1,50000,600.0,11.0,35.0,36.68787265568828,72.5528115767178,51.5674992,51.6644083,458823376216600,458823473125700,2026-10-05T06:21:35.571982+00:00,2026-10-05T06:21:35.669788+00:00,
1,T002,SMILE_LEFT,task,192,3,11,9,1,R2,R6,R5,R1,50000,600.0,-12.0,153.0,153.46986674914396,94.48460600954462,51.6646567,51.7641095,458823473374100,458823572826900,2026-10-05T06:21:35.669788+00:00,2026-10-05T06:21:35.769908+00:00,
1,T002,SMILE_LEFT,task,193,3,9,7,1,R2,R5,R4,R1,50000,600.0,5.0,-6.0,7.810249675906654,-50.19442890773481,51.764335,51.8631003,458823573052400,458823671817700,2026-10-05T06:21:35.771057+00:00,2026-10-05T06:21:35.869744+00:00,
1,T002,SMILE_LEFT,task,194,3,7,5,1,R2,R4,R3,R1,50000,600.0,-28.0,507.0,507.7725868929909,93.16105282770938,51.8633242,51.9622854,458823672041600,458823771002800,2026-10-05T06:21:35.869744+00:00,2026-10-05T06:21:35.969027+00:00,
1,T002,SMILE_LEFT,task,195,1,2,4,0,R1,L2,L3,L1,50000,600.0,11.0,-26.0,28.231188426986208,-67.06789956241022,51.9624612,52.0622274,458823771178600,458823870944800,2026-10-05T06:21:35.969027+00:00,2026-10-05T06:21:36.059566+00:00,
1,T002,SMILE_LEFT,task,196,1,4,6,0,R1,L3,L4,L1,50000,600.0,-11.0,33.0,34.785054261852174,108.43494882292202,52.0624279,52.1623061,458823871145300,458823971023500,2026-10-05T06:21:36.059566+00:00,2026-10-05T06:21:36.169128+00:00,
1,T002,SMILE_LEFT,task,197,1,6,8,0,R1,L4,L5,L1,50000,600.0,17.0,-28.0,32.7566787083184,-58.73626830562258,52.1625101,52.2600966,458823971227500,458824068814000,2026-10-05T06:21:36.169128+00:00,2026-10-05T06:21:36.259961+00:00,
1,T002,SMILE_LEFT,task,198,1,8,10,0,R1,L5,L6,L1,50000,600.0,-2.0,11.0,11.180339887498949,100.30484646876603,52.2603338,52.3602354,458824069051200,458824168952800,2026-10-05T06:21:36.259961+00:00,2026-10-05T06:21:36.359938+00:00,
1,T002,SMILE_LEFT,task,199,1,10,12,0,R1,L6,L7,L1,50000,600.0,0.0,9.0,9.0,90.0,52.3604595,52.4583109,458824169176900,458824267028300,2026-10-05T06:21:36.359938+00:00,2026-10-05T06:21:36.459665+00:00,
1,T002,SMILE_LEFT,task,200,1,12,14,0,R1,L7,L8,L1,50000,600.0,2.0,14.0,14.142135623730951,81.86989764584403,52.4585259,52.5573264,458824267243300,458824366043800,2026-10-05T06:21:36.459665+00:00,2026-10-05T06:21:36.560001+00:00,
1,T002,SMILE_LEFT,task,201,1,14,15,0,R1,L8,R8,L1,50000,600.0,-1.0,25.0,25.019992006393608,92.29061004263853,52.5575481,52.6553228,458824366265500,458824464040200,2026-10-05T06:21:36.560001+00:00,2026-10-05T06:21:36.660129+00:00,
1,T002,SMILE_LEFT,task,202,1,15,13,0,R1,R8,R7,L1,50000,600.0,1.0,15.0,15.033296378372908,86.18592516570965,52.6555403,52.7540975,458824464257700,458824562814900,2026-10-05T06:21:36.660129+00:00,2026-10-05T06:21:36.759743+00:00,
1,T002,SMILE_LEFT,task,203,1,13,11,0,R1,R7,R6,L1,50000,600.0,3.0,5.0,5.830951894845301,59.03624346792648,52.7543213,52.852244,458824563038700,458824660961400,2026-10-05T06:21:36.759743+00:00,2026-10-05T06:21:36.854758+00:00,
1,T002,SMILE_LEFT,task,204,1,11,9,0,R1,R6,R5,L1,50000,600.0,0.0,35.0,35.0,90.0,52.852468,52.950245,458824661185400,458824758962400,2026-10-05T06:21:36.854758+00:00,2026-10-05T06:21:36.953249+00:00,
1,T002,SMILE_LEFT,task,205,1,9,7,0,R1,R5,R4,L1,50000,600.0,7.0,-50.0,50.48762224545735,-82.03038960567865,52.9504511,53.0481559,458824759168500,458824856873300,2026-10-05T06:21:36.953249+00:00,2026-10-05T06:21:37.054417+00:00,
1,T002,SMILE_LEFT,task,206,1,7,5,0,R1,R4,R3,L1,50000,600.0,5.0,52.0,52.23983154643591,84.50767544287257,53.0483704,53.1460904,458824857087800,458824954807800,2026-10-05T06:21:37.054417+00:00,2026-10-05T06:21:37.149799+00:00,
1,T002,SMILE_LEFT,task,207,1,5,3,0,R1,R3,R2,L1,50000,600.0,3.0,-5.0,5.830951894845301,-59.03624346792648,53.1463205,53.2461133,458824955037900,458825054830700,2026-10-05T06:21:37.153201+00:00,2026-10-05T06:21:37.252968+00:00,
2,T003,SMILE_RIGHT,task,0,0,4,6,2,L1,L3,L4,L2,50000,600.0,-109.0,329.0,346.5862086119412,108.33039459679851,55.4105269,55.5101267,458827219244300,458827318844100,2026-10-05T06:21:39.415766+00:00,2026-10-05T06:21:39.516479+00:00,
2,T003,SMILE_RIGHT,task,1,0,6,8,2,L1,L4,L5,L2,50000,600.0,-28.0,103.0,106.7379969832674,105.20803919063532,55.5104104,55.6083001,458827319127800,458827417017500,2026-10-05T06:21:39.516479+00:00,2026-10-05T06:21:39.610096+00:00,
2,T003,SMILE_RIGHT,task,2,0,8,10,2,L1,L5,L6,L2,50000,600.0,-27.0,95.0,98.76234100101111,105.86570780277383,55.6085414,55.7064128,458827417258800,458827515130200,2026-10-05T06:21:39.610096+00:00,2026-10-05T06:21:39.709827+00:00,
2,T003,SMILE_RIGHT,task,3,0,10,12,2,L1,L6,L7,L2,50000,600.0,-22.0,52.0,56.462376853972415,112.9321004375898,55.7066337,55.8062582,458827515351100,458827614975600,2026-10-05T06:21:39.709827+00:00,2026-10-05T06:21:39.809816+00:00,
2,T003,SMILE_RIGHT,task,4,0,12,14,2,L1,L7,L8,L2,50000,600.0,3.0,17.0,17.26267650163207,79.99202019855866,55.806474,55.9051651,458827615191400,458827713882500,2026-10-05T06:21:39.809816+00:00,2026-10-05T06:21:39.909915+00:00,
2,T003,SMILE_RIGHT,task,5,0,14,15,2,L1,L8,R8,L2,50000,600.0,3.0,4.0,5.0,53.13010235415598,55.9054054,56.0040918,458827714122800,458827812809200,2026-10-05T06:21:39.909915+00:00,2026-10-05T06:21:40.009941+00:00,
2,T003,SMILE_RIGHT,task,6,0,15,13,2,L1,R8,R7,L2,50000,600.0,1.0,6.0,6.082762530298219,80.53767779197439,56.0043088,56.1031876,458827813026200,458827911905000,2026-10-05T06:21:40.009941+00:00,2026-10-05T06:21:40.109875+00:00,
2,T003,SMILE_RIGHT,task,7,0,13,11,2,L1,R7,R6,L2,50000,600.0,15.0,-19.0,24.20743687382041,-51.70983680775693,56.1033942,56.2042566,458827912111600,458828012974000,2026-10-05T06:21:40.109875+00:00,2026-10-05T06:21:40.209778+00:00,
2,T003,SMILE_RIGHT,task,8,0,11,9,2,L1,R6,R5,L2,50000,600.0,2.0,15.0,15.132745950421556,82.40535663140857,56.2044585,56.3030792,458828013175900,458828111796600,2026-10-05T06:21:40.209778+00:00,2026-10-05T06:21:40.308548+00:00,
2,T003,SMILE_RIGHT,task,9,0,9,7,2,L1,R5,R4,L2,50000,600.0,25.0,-70.0,74.33034373659252,-70.3461759419467,56.3033302,56.4030909,458828112047600,458828211808300,2026-10-05T06:21:40.310050+00:00,2026-10-05T06:21:40.409773+00:00,
2,T003,SMILE_RIGHT,task,10,0,7,5,2,L1,R4,R3,L2,50000,600.0,-4.0,53.0,53.150729063673246,94.31602751986563,56.4033287,56.511316,458828212046100,458828320033400,2026-10-05T06:21:40.409773+00:00,2026-10-05T06:21:40.509791+00:00,
2,T003,SMILE_RIGHT,task,11,0,5,3,2,L1,R3,R2,L2,50000,600.0,9.0,-28.0,29.410882339705484,-72.18111108547723,56.5115575,56.6102504,458828320274900,458828418967800,2026-10-05T06:21:40.509791+00:00,2026-10-05T06:21:40.617011+00:00,
2,T003,SMILE_RIGHT,task,12,0,3,1,2,L1,R2,R1,L2,50000,600.0,-127.0,416.0,434.95402055849536,106.97682566702478,56.6104771,56.7092373,458828419194500,458828517954700,2026-10-05T06:21:40.617011+00:00,2026-10-05T06:21:40.709613+00:00,
2,T003,SMILE_RIGHT,task,13,2,6,8,4,L2,L4,L5,L3,50000,600.0,98.0,-266.0,283.4783942384322,-69.77514056883192,56.7094484,56.8070324,458828518165800,458828615749800,2026-10-05T06:21:40.709613+00:00,2026-10-05T06:21:40.813693+00:00,
2,T003,SMILE_RIGHT,task,14,2,8,10,4,L2,L5,L6,L3,50000,600.0,-61.0,181.0,191.0026177831079,108.62466925374733,56.807273,56.9040567,458828615990400,458828712774100,2026-10-05T06:21:40.813693+00:00,2026-10-05T06:21:40.909797+00:00,
2,T003,SMILE_RIGHT,task,15,2,10,12,4,L2,L6,L7,L3,50000,600.0,-19.0,46.0,49.76946855251722,112.44275336529435,56.9042606,57.0032367,458828712978000,458828811954100,2026-10-05T06:21:40.909797+00:00,2026-10-05T06:21:41.009952+00:00,
2,T003,SMILE_RIGHT,task,16,2,12,14,4,L2,L7,L8,L3,50000,600.0,-1.0,21.0,21.02379604162864,92.72631099390628,57.0034458,57.0981275,458828812163200,458828906844900,2026-10-05T06:21:41.009952+00:00,2026-10-05T06:21:41.105069+00:00,
2,T003,SMILE_RIGHT,task,17,2,14,15,4,L2,L8,R8,L3,50000,600.0,-3.0,19.0,19.235384061671343,98.9726266148964,57.0983899,57.1970402,458828907107300,458829005757600,2026-10-05T06:21:41.105069+00:00,2026-10-05T06:21:41.203642+00:00,
2,T003,SMILE_RIGHT,task,18,2,15,13,4,L2,R8,R7,L3,50000,600.0,-1.0,11.0,11.045361017187261,95.1944289077348,57.1974039,57.2941744,458829006121300,458829102891800,2026-10-05T06:21:41.203642+00:00,2026-10-05T06:21:41.300913+00:00,
2,T003,SMILE_RIGHT,task,19,2,13,11,4,L2,R7,R6,L3,50000,600.0,5.0,4.0,6.4031242374328485,38.65980825409009,57.2944195,57.3921186,458829103136900,458829200836000,2026-10-05T06:21:41.300913+00:00,2026-10-05T06:21:41.398426+00:00,
2,T003,SMILE_RIGHT,task,20,2,11,9,4,L2,R6,R5,L3,50000,600.0,-1.0,21.0,21.02379604162864,92.72631099390628,57.3923245,57.4912291,458829201041900,458829299946500,2026-10-05T06:21:41.398426+00:00,2026-10-05T06:21:41.489798+00:00,
2,T003,SMILE_RIGHT,task,21,2,9,7,4,L2,R5,R4,L3,50000,600.0,0.0,-5.0,5.0,-90.0,57.4914221,57.5916639,458829300139500,458829400381300,2026-10-05T06:21:41.489798+00:00,2026-10-05T06:21:41.597164+00:00,
2,T003,SMILE_RIGHT,task,22,2,7,5,4,L2,R4,R3,L3,50000,600.0,10.0,12.0,15.620499351813308,50.19442890773481,57.5918649,57.6910998,458829400582300,458829499817200,2026-10-05T06:21:41.597164+00:00,2026-10-05T06:21:41.689837+00:00,
2,T003,SMILE_RIGHT,task,23,2,5,3,4,L2,R3,R2,L3,50000,600.0,0.0,10.0,10.0,90.0,57.6913174,57.7892355,458829500034800,458829597952900,2026-10-05T06:21:41.689837+00:00,2026-10-05T06:21:41.789561+00:00,
2,T003,SMILE_RIGHT,task,24,2,3,1,4,L2,R2,R1,L3,50000,600.0,7.0,-57.0,57.42821606144492,-82.99873244250466,57.7894392,57.8882351,458829598156600,458829696952500,2026-10-05T06:21:41.789561+00:00,2026-10-05T06:21:41.889924+00:00,
2,T003,SMILE_RIGHT,task,25,2,1,0,4,L2,R1,L1,L3,50000,600.0,15.0,22.0,26.627053911388696,55.71312302279104,57.8884348,57.987353,458829697152200,458829796070400,2026-10-05T06:21:41.889924+00:00,2026-10-05T06:21:41.989905+00:00,
2,T003,SMILE_RIGHT,task,26,4,0,2,6,L3,L1,L2,L4,50000,600.0,-82.0,369.0,378.00132274900835,102.52880770915151,57.9875531,58.086365,458829796270500,458829895082400,2026-10-05T06:21:41.989905+00:00,2026-10-05T06:21:42.089992+00:00,
2,T003,SMILE_RIGHT,task,27,4,8,10,6,L3,L5,L6,L4,50000,600.0,97.0,-279.0,295.3811097548386,-70.82895746552029,58.0865646,58.1863639,458829895282000,458829995081300,2026-10-05T06:21:42.089992+00:00,2026-10-05T06:21:42.190029+00:00,
2,T003,SMILE_RIGHT,task,28,4,10,12,6,L3,L6,L7,L4,50000,600.0,8.0,-28.0,29.120439557122072,-74.05460409907715,58.1865782,58.2880724,458829995295600,458830096789800,2026-10-05T06:21:42.190029+00:00,2026-10-05T06:21:42.291615+00:00,
2,T003,SMILE_RIGHT,task,29,4,12,14,6,L3,L7,L8,L4,50000,600.0,13.0,-21.0,24.698178070456937,-58.240519915187214,58.288314,58.3853272,458830097031400,458830194044600,2026-10-05T06:21:42.291615+00:00,2026-10-05T06:21:42.390111+00:00,
2,T003,SMILE_RIGHT,task,30,4,14,15,6,L3,L8,R8,L4,50000,600.0,11.0,-21.0,23.706539182259394,-62.35402463626132,58.3855756,58.4862504,458830194293000,458830294967800,2026-10-05T06:21:42.390111+00:00,2026-10-05T06:21:42.493015+00:00,
2,T003,SMILE_RIGHT,task,31,4,15,13,6,L3,R8,R7,L4,50000,600.0,5.0,-4.0,6.4031242374328485,-38.65980825409009,58.4864457,58.5850946,458830295163100,458830393812000,2026-10-05T06:21:42.493015+00:00,2026-10-05T06:21:42.589654+00:00,
2,T003,SMILE_RIGHT,task,32,4,13,11,6,L3,R7,R6,L4,50000,600.0,15.0,-18.0,23.430749027719962,-50.19442890773481,58.5853139,58.6832359,458830394031300,458830491953300,2026-10-05T06:21:42.589654+00:00,2026-10-05T06:21:42.689966+00:00,
2,T003,SMILE_RIGHT,task,33,4,11,9,6,L3,R6,R5,L4,50000,600.0,-1.0,19.0,19.026297590440446,93.01278750418334,58.6834389,58.7810871,458830492156300,458830589804500,2026-10-05T06:21:42.689966+00:00,2026-10-05T06:21:42.786067+00:00,
2,T003,SMILE_RIGHT,task,34,4,9,7,6,L3,R5,R4,L4,50000,600.0,18.0,-60.0,62.6418390534633,-73.30075576600639,58.7813179,58.881189,458830590035300,458830689906400,2026-10-05T06:21:42.788070+00:00,2026-10-05T06:21:42.880013+00:00,
2,T003,SMILE_RIGHT,task,35,4,7,5,6,L3,R4,R3,L4,50000,600.0,0.0,60.0,60.0,90.0,58.8813967,58.9782351,458830690114100,458830786952500,2026-10-05T06:21:42.880013+00:00,2026-10-05T06:21:42.980015+00:00,
2,T003,SMILE_RIGHT,task,36,4,5,3,6,L3,R3,R2,L4,50000,600.0,6.0,14.0,15.231546211727817,66.80140948635182,58.9784327,59.0762547,458830787150100,458830884972100,2026-10-05T06:21:42.980015+00:00,2026-10-05T06:21:43.083016+00:00,
2,T003,SMILE_RIGHT,task,37,4,3,1,6,L3,R2,R1,L4,50000,600.0,-17.0,-27.0,31.906112267087632,-122.19573393471325,59.0764583,59.190143,458830885175700,458830998860400,2026-10-05T06:21:43.083016+00:00,2026-10-05T06:21:43.196452+00:00,
2,T003,SMILE_RIGHT,task,38,4,1,0,6,L3,R1,L1,L4,50000,600.0,-19.0,134.0,135.34031180694095,98.07023217791809,59.1903665,59.2881519,458830999083900,458831096869300,2026-10-05T06:21:43.196452+00:00,2026-10-05T06:21:43.295101+00:00,
2,T003,SMILE_RIGHT,task,39,6,0,2,8,L4,L1,L2,L5,50000,600.0,-17.0,85.0,86.68333173107735,101.30993247402021,59.2883892,59.3880687,458831097106600,458831196786100,2026-10-05T06:21:43.295101+00:00,2026-10-05T06:21:43.390331+00:00,
2,T003,SMILE_RIGHT,task,40,6,2,4,8,L4,L2,L3,L5,50000,600.0,108.0,-256.0,277.8488797889961,-67.12633480937329,59.3883051,59.4871779,458831197022500,458831295895300,2026-10-05T06:21:43.390331+00:00,2026-10-05T06:21:43.490146+00:00,
2,T003,SMILE_RIGHT,task,41,6,10,12,8,L4,L6,L7,L5,50000,600.0,-91.0,193.0,213.37759957408838,115.24399900253543,59.4873895,59.5851132,458831296106900,458831393830600,2026-10-05T06:21:43.490146+00:00,2026-10-05T06:21:43.590119+00:00,
2,T003,SMILE_RIGHT,task,42,6,12,14,8,L4,L7,L8,L5,50000,600.0,-21.0,71.0,74.04052944165107,106.47688139368798,59.585336,59.6841239,458831394053400,458831492841300,2026-10-05T06:21:43.590119+00:00,2026-10-05T06:21:43.690139+00:00,
2,T003,SMILE_RIGHT,task,43,6,14,15,8,L4,L8,R8,L5,50000,600.0,-17.0,54.0,56.61271941887264,107.47477425625567,59.6844668,59.7822516,458831493184200,458831590969000,2026-10-05T06:21:43.691335+00:00,2026-10-05T06:21:43.787062+00:00,
2,T003,SMILE_RIGHT,task,44,6,15,13,8,L4,R8,R7,L5,50000,600.0,-4.0,22.0,22.360679774997898,100.30484646876603,59.7824945,59.8812074,458831591211900,458831689924800,2026-10-05T06:21:43.787062+00:00,2026-10-05T06:21:43.887981+00:00,
2,T003,SMILE_RIGHT,task,45,6,13,11,8,L4,R7,R6,L5,50000,600.0,-2.0,17.0,17.11724276862369,96.70983680775694,59.8815104,59.977256,458831690227800,458831785973400,2026-10-05T06:21:43.887981+00:00,2026-10-05T06:21:43.980131+00:00,
2,T003,SMILE_RIGHT,task,46,6,11,9,8,L4,R6,R5,L5,50000,600.0,1.0,3.0,3.1622776601683795,71.56505117707799,59.9774542,60.0782315,458831786171600,458831886948900,2026-10-05T06:21:43.980131+00:00,2026-10-05T06:21:44.079950+00:00,
2,T003,SMILE_RIGHT,task,47,6,9,7,8,L4,R5,R4,L5,50000,600.0,-12.0,42.0,43.68065933568311,105.94539590092286,60.078395,60.1762416,458831887112400,458831984959000,2026-10-05T06:21:44.079950+00:00,2026-10-05T06:21:44.179817+00:00,
2,T003,SMILE_RIGHT,task,48,6,7,5,8,L4,R4,R3,L5,50000,600.0,25.0,-22.0,33.301651610693426,-41.34777721969367,60.1764696,60.2751325,458831985187000,458832083849900,2026-10-05T06:21:44.179817+00:00,2026-10-05T06:21:44.281704+00:00,
2,T003,SMILE_RIGHT,task,49,6,5,3,8,L4,R3,R2,L5,50000,600.0,-2.0,-16.0,16.1245154965971,-97.1250163489018,60.2753987,60.37312,458832084116100,458832181837400,2026-10-05T06:21:44.281704+00:00,2026-10-05T06:21:44.379818+00:00,
2,T003,SMILE_RIGHT,task,50,6,3,1,8,L4,R2,R1,L5,50000,600.0,7.0,-122.0,122.20065466273084,-86.71613771209364,60.373352,60.4740971,458832182069400,458832282814500,2026-10-05T06:21:44.379818+00:00,2026-10-05T06:21:44.479718+00:00,
2,T003,SMILE_RIGHT,task,51,6,1,0,8,L4,R1,L1,L5,50000,600.0,34.0,10.0,35.4400902933387,16.389540334034784,60.4743251,60.57283,458832283042500,458832381547400,2026-10-05T06:21:44.479718+00:00,2026-10-05T06:21:44.579684+00:00,
2,T003,SMILE_RIGHT,task,52,8,0,2,10,L5,L1,L2,L6,50000,600.0,-32.0,103.0,107.8563859954523,107.25895429290408,60.5730283,60.6692484,458832381745700,458832477965800,2026-10-05T06:21:44.579684+00:00,2026-10-05T06:21:44.670031+00:00,
2,T003,SMILE_RIGHT,task,53,8,2,4,10,L5,L2,L3,L6,50000,600.0,-74.0,196.0,209.5041765693467,110.68408026794681,60.6694761,60.7692373,458832478193500,458832577954700,2026-10-05T06:21:44.670031+00:00,2026-10-05T06:21:44.771529+00:00,
2,T003,SMILE_RIGHT,task,54,8,4,6,10,L5,L3,L4,L6,50000,600.0,126.0,-298.0,323.5428874198906,-67.08044516753337,60.7694778,60.8682448,458832578195200,458832676962200,2026-10-05T06:21:44.771529+00:00,2026-10-05T06:21:44.871054+00:00,
2,T003,SMILE_RIGHT,task,55,8,12,14,10,L5,L7,L8,L6,50000,600.0,-79.0,178.0,194.74342094150447,113.93261630809151,60.8684546,60.9692389,458832677172000,458832777956300,2026-10-05T06:21:44.871054+00:00,2026-10-05T06:21:44.972002+00:00,
2,T003,SMILE_RIGHT,task,56,8,14,15,10,L5,L8,R8,L6,50000,600.0,-24.0,59.0,63.694583757176716,112.13549187810035,60.9694289,61.0672451,458832778146300,458832875962500,2026-10-05T06:21:44.972002+00:00,2026-10-05T06:21:45.071872+00:00,
2,T003,SMILE_RIGHT,task,57,8,15,13,10,L5,R8,R7,L6,50000,600.0,-7.0,22.0,23.08679276123039,107.65012421993013,61.0674526,61.166108,458832876170000,458832974825400,2026-10-05T06:21:45.071872+00:00,2026-10-05T06:21:45.172355+00:00,
2,T003,SMILE_RIGHT,task,58,8,13,11,10,L5,R7,R6,L6,50000,600.0,2.0,1.0,2.23606797749979,26.56505117707799,61.1663388,61.2663384,458832975056200,458833075055800,2026-10-05T06:21:45.172355+00:00,2026-10-05T06:21:45.271520+00:00,
2,T003,SMILE_RIGHT,task,59,8,11,9,10,L5,R6,R5,L6,50000,600.0,13.0,42.0,43.965895873961216,72.80145877993414,61.2665814,61.3651173,458833075298800,458833173834700,2026-10-05T06:21:45.271520+00:00,2026-10-05T06:21:45.371611+00:00,
2,T003,SMILE_RIGHT,task,60,8,9,7,10,L5,R5,R4,L6,50000,600.0,5.0,-1.0,5.0990195135927845,-11.309932474020213,61.3653253,61.462231,458833174042700,458833270948400,2026-10-05T06:21:45.371611+00:00,2026-10-05T06:21:45.465983+00:00,
2,T003,SMILE_RIGHT,task,61,8,7,5,10,L5,R4,R3,L6,50000,600.0,1.0,8.0,8.06225774829855,82.8749836510982,61.4624413,61.5601973,458833271158700,458833368914700,2026-10-05T06:21:45.465983+00:00,2026-10-05T06:21:45.566245+00:00,
2,T003,SMILE_RIGHT,task,62,8,5,3,10,L5,R3,R2,L6,50000,600.0,-1.0,3.0,3.1622776601683795,108.43494882292202,61.5604646,61.6592367,458833369182000,458833467954100,2026-10-05T06:21:45.566245+00:00,2026-10-05T06:21:45.659537+00:00,
2,T003,SMILE_RIGHT,task,63,8,3,1,10,L5,R2,R1,L6,50000,600.0,-7.0,-37.0,37.656340767525464,-100.71312302279104,61.6595041,61.758132,458833468221500,458833566849400,2026-10-05T06:21:45.666365+00:00,2026-10-05T06:21:45.763827+00:00,
2,T003,SMILE_RIGHT,task,64,8,1,0,10,L5,R1,L1,L6,50000,600.0,-8.0,76.0,76.4198926981712,96.00900595749452,61.7583803,61.8581179,458833567097700,458833666835300,2026-10-05T06:21:45.763827+00:00,2026-10-05T06:21:45.863746+00:00,
2,T003,SMILE_RIGHT,task,65,10,0,2,12,L6,L1,L2,L7,50000,600.0,-20.0,48.0,52.0,112.61986494804043,61.858362,61.9571882,458833667079400,458833765905600,2026-10-05T06:21:45.863746+00:00,2026-10-05T06:21:45.960930+00:00,
2,T003,SMILE_RIGHT,task,66,10,2,4,12,L6,L2,L3,L7,50000,600.0,-18.0,51.0,54.08326913195984,109.4400348281762,61.9573911,62.0562503,458833766108500,458833864967700,2026-10-05T06:21:45.960930+00:00,2026-10-05T06:21:46.059716+00:00,
2,T003,SMILE_RIGHT,task,67,10,4,6,12,L6,L3,L4,L7,50000,600.0,14.0,-43.0,45.221676218380054,-71.96571443287014,62.0564628,62.1540906,458833865180200,458833962808000,2026-10-05T06:21:46.059716+00:00,2026-10-05T06:21:46.160031+00:00,
2,T003,SMILE_RIGHT,task,68,10,6,8,12,L6,L4,L5,L7,50000,600.0,-106.0,221.0,245.10609947530887,115.62414668708018,62.1542964,62.2540891,458833963013800,458834062806500,2026-10-05T06:21:46.160031+00:00,2026-10-05T06:21:46.259735+00:00,
2,T003,SMILE_RIGHT,task,69,10,14,15,12,L6,L8,R8,L7,50000,600.0,-142.0,327.0,356.50105189185626,113.47293284933738,62.2542974,62.3523324,458834063014800,458834161049800,2026-10-05T06:21:46.259735+00:00,2026-10-05T06:21:46.356760+00:00,
2,T003,SMILE_RIGHT,task,70,10,15,13,12,L6,R8,R7,L7,50000,600.0,-34.0,62.0,70.71067811865476,118.73979529168805,62.3525653,62.4522446,458834161282700,458834260962000,2026-10-05T06:21:46.356760+00:00,2026-10-05T06:21:46.453739+00:00,
2,T003,SMILE_RIGHT,task,71,10,13,11,12,L6,R7,R6,L7,50000,600.0,-10.0,39.0,40.26164427839479,104.3813945910906,62.4524472,62.5511765,458834261164600,458834359893900,2026-10-05T06:21:46.453739+00:00,2026-10-05T06:21:46.557794+00:00,
2,T003,SMILE_RIGHT,task,72,10,11,9,12,L6,R6,R5,L7,50000,600.0,-7.0,20.0,21.18962010041709,109.29004621918874,62.5514216,62.6541412,458834360139000,458834462858600,2026-10-05T06:21:46.557794+00:00,2026-10-05T06:21:46.659602+00:00,
2,T003,SMILE_RIGHT,task,73,10,9,7,12,L6,R5,R4,L7,50000,600.0,-9.0,12.0,15.0,126.86989764584402,62.6543583,62.7530935,458834463075700,458834561810900,2026-10-05T06:21:46.659602+00:00,2026-10-05T06:21:46.759915+00:00,
2,T003,SMILE_RIGHT,task,74,10,7,5,12,L6,R4,R3,L7,50000,600.0,13.0,-2.0,13.152946437965905,-8.74616226255521,62.7533052,62.8512554,458834562022600,458834659972800,2026-10-05T06:21:46.759915+00:00,2026-10-05T06:21:46.855507+00:00,
2,T003,SMILE_RIGHT,task,75,10,5,3,12,L6,R3,R2,L7,50000,600.0,-2.0,1.0,2.23606797749979,153.434948822922,62.8514735,62.9502578,458834660190900,458834758975200,2026-10-05T06:21:46.855507+00:00,2026-10-05T06:21:46.952808+00:00,
2,T003,SMILE_RIGHT,task,76,10,3,1,12,L6,R2,R1,L7,50000,600.0,-7.0,-57.0,57.42821606144492,-97.00126755749534,62.9504698,63.0490917,458834759187200,458834857809100,2026-10-05T06:21:46.952808+00:00,2026-10-05T06:21:47.055451+00:00,
2,T003,SMILE_RIGHT,task,77,10,1,0,12,L6,R1,L1,L7,50000,600.0,5.0,67.0,67.1863081289633,85.73210669970919,63.0493107,63.1482692,458834858028100,458834956986600,2026-10-05T06:21:47.055451+00:00,2026-10-05T06:21:47.152887+00:00,
2,T003,SMILE_RIGHT,task,78,12,0,2,14,L7,L1,L2,L8,50000,600.0,3.0,14.0,14.317821063276353,77.9052429229879,63.148486,63.2470468,458834957203400,458835055764200,2026-10-05T06:21:47.152887+00:00,2026-10-05T06:21:47.253987+00:00,
2,T003,SMILE_RIGHT,task,79,12,2,4,14,L7,L2,L3,L8,50000,600.0,-5.0,29.0,29.427877939124322,99.7824070318073,63.2473435,63.3440941,458835056060900,458835152811500,2026-10-05T06:21:47.253987+00:00,2026-10-05T06:21:47.349730+00:00,
2,T003,SMILE_RIGHT,task,80,12,4,6,14,L7,L3,L4,L8,50000,600.0,11.0,-31.0,32.89376840679705,-70.4633450618716,63.344318,63.4410825,458835153035400,458835249799900,2026-10-05T06:21:47.349730+00:00,2026-10-05T06:21:47.447506+00:00,
2,T003,SMILE_RIGHT,task,81,12,6,8,14,L7,L4,L5,L8,50000,600.0,-33.0,93.0,98.68130522039117,109.5366549381284,63.4413034,63.5402372,458835250020800,458835348954600,2026-10-05T06:21:47.447506+00:00,2026-10-05T06:21:47.539648+00:00,
2,T003,SMILE_RIGHT,task,82,12,8,10,14,L7,L5,L6,L8,50000,600.0,-83.0,188.0,205.50669088864237,113.8209483052073,63.5404546,63.6381882,458835349172000,458835446905600,2026-10-05T06:21:47.539648+00:00,2026-10-05T06:21:47.645005+00:00,
2,T003,SMILE_RIGHT,task,83,12,15,13,14,L7,R8,R7,L8,50000,600.0,-71.0,159.0,174.13213373757299,114.06271472572534,63.6384895,63.7372505,458835447206900,458835545967900,2026-10-05T06:21:47.645005+00:00,2026-10-05T06:21:47.739594+00:00,
2,T003,SMILE_RIGHT,task,84,12,13,11,14,L7,R7,R6,L8,50000,600.0,-30.0,65.0,71.58910531638176,114.77514056883193,63.737473,63.8360625,458835546190400,458835644779900,2026-10-05T06:21:47.739594+00:00,2026-10-05T06:21:47.841977+00:00,
2,T003,SMILE_RIGHT,task,85,12,11,9,14,L7,R6,R5,L8,50000,600.0,-16.0,24.0,28.844410203711913,123.69006752597979,63.8363268,63.9483563,458835645044200,458835757073700,2026-10-05T06:21:47.841977+00:00,2026-10-05T06:21:47.952239+00:00,
2,T003,SMILE_RIGHT,task,86,12,9,7,14,L7,R5,R4,L8,50000,600.0,-8.0,13.0,15.264337522473747,121.60750224624891,63.9485639,64.0472615,458835757281300,458835855978900,2026-10-05T06:21:47.952239+00:00,2026-10-05T06:21:48.049751+00:00,
2,T003,SMILE_RIGHT,task,87,12,7,5,14,L7,R4,R3,L8,50000,600.0,12.0,-2.0,12.165525060596439,-9.462322208025617,64.0474501,64.1452369,458835856167500,458835953954300,2026-10-05T06:21:48.049751+00:00,2026-10-05T06:21:48.149586+00:00,
2,T003,SMILE_RIGHT,task,88,12,5,3,14,L7,R3,R2,L8,50000,600.0,-2.0,1.0,2.23606797749979,153.434948822922,64.1454626,64.245101,458835954180000,458836053818400,2026-10-05T06:21:48.149586+00:00,2026-10-05T06:21:48.249700+00:00,
2,T003,SMILE_RIGHT,task,89,12,3,1,14,L7,R2,R1,L8,50000,600.0,-7.0,-50.0,50.48762224545735,-97.96961039432136,64.2453232,64.3441286,458836054040600,458836152846000,2026-10-05T06:21:48.249700+00:00,2026-10-05T06:21:48.349898+00:00,
2,T003,SMILE_RIGHT,task,90,12,1,0,14,L7,R1,L1,L8,50000,600.0,-4.0,71.0,71.11258679024411,93.22452260651991,64.3444103,64.4422461,458836153127700,458836250963500,2026-10-05T06:21:48.349898+00:00,2026-10-05T06:21:48.444370+00:00,
2,T003,SMILE_RIGHT,task,91,14,0,2,15,L8,L1,L2,R8,50000,600.0,9.0,1.0,9.055385138137417,6.34019174590991,64.4424771,64.5402376,458836251194500,458836348955000,2026-10-05T06:21:48.444370+00:00,2026-10-05T06:21:48.539747+00:00,
2,T003,SMILE_RIGHT,task,92,14,2,4,15,L8,L2,L3,R8,50000,600.0,-5.0,27.0,27.459060435491963,100.4914770123316,64.540428,64.6391136,458836349145400,458836447831000,2026-10-05T06:21:48.539747+00:00,2026-10-05T06:21:48.645570+00:00,
2,T003,SMILE_RIGHT,task,93,14,4,6,15,L8,L3,L4,R8,50000,600.0,12.0,-31.0,33.24154027718932,-68.83874018317172,64.6393381,64.738166,458836448055500,458836546883400,2026-10-05T06:21:48.645570+00:00,2026-10-05T06:21:48.744860+00:00,
2,T003,SMILE_RIGHT,task,94,14,6,8,15,L8,L4,L5,R8,50000,600.0,-24.0,74.0,77.79460135510689,107.96913974015703,64.7383655,64.8390947,458836547082900,458836647812100,2026-10-05T06:21:48.744860+00:00,2026-10-05T06:21:48.845654+00:00,
2,T003,SMILE_RIGHT,task,95,14,8,10,15,L8,L5,L6,R8,50000,600.0,-20.0,64.0,67.05221845696084,107.35402463626133,64.8393392,64.9350426,458836648056600,458836743760000,2026-10-05T06:21:48.845654+00:00,2026-10-05T06:21:48.941938+00:00,
2,T003,SMILE_RIGHT,task,96,14,10,12,15,L8,L6,L7,R8,50000,600.0,-138.0,345.0,371.57637169228076,111.80140948635182,64.9353056,65.0301646,458836744023000,458836838882000,2026-10-05T06:21:48.941938+00:00,2026-10-05T06:21:49.035808+00:00,
2,T003,SMILE_RIGHT,task,97,14,13,11,15,L8,R7,R6,R8,50000,600.0,-161.0,356.0,390.713449986048,114.33472762707311,65.0303932,65.1272759,458836839110600,458836935993300,2026-10-05T06:21:49.035808+00:00,2026-10-05T06:21:49.129780+00:00,
2,T003,SMILE_RIGHT,task,98,14,11,9,15,L8,R6,R5,R8,50000,600.0,-46.0,88.0,99.29753269845128,117.59729586864374,65.1274885,65.2272529,458836936205900,458837035970300,2026-10-05T06:21:49.129780+00:00,2026-10-05T06:21:49.230074+00:00,
2,T003,SMILE_RIGHT,task,99,14,9,7,15,L8,R5,R4,R8,50000,600.0,-25.0,50.0,55.90169943749474,116.56505117707799,65.2274702,65.3262848,458837036187600,458837135002200,2026-10-05T06:21:49.230074+00:00,2026-10-05T06:21:49.330016+00:00,
2,T003,SMILE_RIGHT,task,100,14,7,5,15,L8,R4,R3,R8,50000,600.0,18.0,-15.0,23.430749027719962,-39.80557109226519,65.3265131,65.4240913,458837135230500,458837232808700,2026-10-05T06:21:49.330016+00:00,2026-10-05T06:21:49.429929+00:00,
2,T003,SMILE_RIGHT,task,101,14,5,3,15,L8,R3,R2,R8,50000,600.0,-6.0,9.0,10.816653826391969,123.69006752597979,65.4242897,65.52237,458837233007100,458837331087400,2026-10-05T06:21:49.429929+00:00,2026-10-05T06:21:49.526148+00:00,
2,T003,SMILE_RIGHT,task,102,14,3,1,15,L8,R2,R1,R8,50000,600.0,-15.0,-39.0,41.78516483155236,-111.03751102542182,65.5225619,65.6231208,458837331279300,458837431838200,2026-10-05T06:21:49.526148+00:00,2026-10-05T06:21:49.629764+00:00,
2,T003,SMILE_RIGHT,task,103,14,1,0,15,L8,R1,L1,R8,50000,600.0,-10.0,90.0,90.55385138137417,96.3401917459099,65.6235151,65.7212451,458837432232500,458837529962500,2026-10-05T06:21:49.629764+00:00,2026-10-05T06:21:49.719857+00:00,
2,T003,SMILE_RIGHT,task,104,15,0,2,13,R8,L1,L2,R7,50000,600.0,6.0,0.0,6.0,0.0,65.7214624,65.8200475,458837530179800,458837628764900,2026-10-05T06:21:49.719857+00:00,2026-10-05T06:21:49.825971+00:00,
2,T003,SMILE_RIGHT,task,105,15,2,4,13,R8,L2,L3,R7,50000,600.0,-1.0,17.0,17.029386365926403,93.3664606634298,65.8203015,65.9182414,458837629018900,458837726958800,2026-10-05T06:21:49.825971+00:00,2026-10-05T06:21:49.919862+00:00,
2,T003,SMILE_RIGHT,task,106,15,4,6,13,R8,L3,L4,R7,50000,600.0,4.0,-14.0,14.560219778561036,-74.05460409907715,65.9184783,66.0182461,458837727195700,458837826963500,2026-10-05T06:21:49.919862+00:00,2026-10-05T06:21:50.021973+00:00,
2,T003,SMILE_RIGHT,task,107,15,6,8,13,R8,L4,L5,R7,50000,600.0,-7.0,35.0,35.6931365951495,101.30993247402021,66.0184737,66.119353,458837827191100,458837928070400,2026-10-05T06:21:50.021973+00:00,2026-10-05T06:21:50.119706+00:00,
2,T003,SMILE_RIGHT,task,108,15,8,10,13,R8,L5,L6,R7,50000,600.0,-3.0,22.0,22.20360331117452,97.76516601842535,66.1195561,66.2203459,458837928273500,458838029063300,2026-10-05T06:21:50.119706+00:00,2026-10-05T06:21:50.222128+00:00,
2,T003,SMILE_RIGHT,task,109,15,10,12,13,R8,L6,L7,R7,50000,600.0,-34.0,69.0,76.92203845452875,116.23193993315664,66.2205788,66.3201231,458838029296200,458838128840500,2026-10-05T06:21:50.222128+00:00,2026-10-05T06:21:50.325860+00:00,
2,T003,SMILE_RIGHT,task,110,15,12,14,13,R8,L7,L8,R7,50000,600.0,-60.0,164.0,174.63103962354458,110.09523119190482,66.3203548,66.4182562,458838129072200,458838226973600,2026-10-05T06:21:50.325860+00:00,2026-10-05T06:21:50.421972+00:00,
2,T003,SMILE_RIGHT,task,111,15,11,9,13,R8,R6,R5,R7,50000,600.0,-104.0,183.0,210.48752932181043,119.60982962127197,66.4184715,66.5171158,458838227188900,458838325833200,2026-10-05T06:21:50.421972+00:00,2026-10-05T06:21:50.519921+00:00,
2,T003,SMILE_RIGHT,task,112,15,9,7,13,R8,R5,R4,R7,50000,600.0,-33.0,64.0,72.00694410957877,117.27676338311369,66.5173586,66.6141704,458838326076000,458838422887800,2026-10-05T06:21:50.519921+00:00,2026-10-05T06:21:50.619553+00:00,
2,T003,SMILE_RIGHT,task,113,15,7,5,13,R8,R4,R3,R7,50000,600.0,21.0,-21.0,29.698484809834994,-45.0,66.6144193,66.7112365,458838423136700,458838519953900,2026-10-05T06:21:50.621305+00:00,2026-10-05T06:21:50.709825+00:00,
2,T003,SMILE_RIGHT,task,114,15,5,3,13,R8,R3,R2,R7,50000,600.0,-6.0,10.0,11.661903789690601,120.96375653207352,66.7114576,66.8110902,458838520175000,458838619807600,2026-10-05T06:21:50.709825+00:00,2026-10-05T06:21:50.817477+00:00,
2,T003,SMILE_RIGHT,task,115,15,3,1,13,R8,R2,R1,R7,50000,600.0,-14.0,-37.0,39.56008088970496,-110.72555886556054,66.8113056,66.9092337,458838620023000,458838717951100,2026-10-05T06:21:50.817477+00:00,2026-10-05T06:21:50.909569+00:00,
2,T003,SMILE_RIGHT,task,116,15,1,0,13,R8,R1,L1,R7,50000,600.0,-3.0,77.0,77.05841939723393,92.23117460803125,66.9094307,67.0082565,458838718148100,458838816973900,2026-10-05T06:21:50.909569+00:00,2026-10-05T06:21:51.014994+00:00,
2,T003,SMILE_RIGHT,task,117,13,0,2,11,R7,L1,L2,R6,50000,600.0,18.0,-18.0,25.45584412271571,-45.0,67.0084508,67.10824,458838817168200,458838916957400,2026-10-05T06:21:51.014994+00:00,2026-10-05T06:21:51.110002+00:00,
2,T003,SMILE_RIGHT,task,118,13,2,4,11,R7,L2,L3,R6,50000,600.0,0.0,17.0,17.0,90.0,67.1084405,67.2062632,458838917157900,458839014980600,2026-10-05T06:21:51.110002+00:00,2026-10-05T06:21:51.213021+00:00,
2,T003,SMILE_RIGHT,task,119,13,4,6,11,R7,L3,L4,R6,50000,600.0,10.0,-22.0,24.166091947189145,-65.55604521958347,67.2064792,67.305099,458839015196600,458839113816400,2026-10-05T06:21:51.213021+00:00,2026-10-05T06:21:51.309917+00:00,
2,T003,SMILE_RIGHT,task,120,13,6,8,11,R7,L4,L5,R6,50000,600.0,-12.0,40.0,41.7612260356422,106.69924423399362,67.3053195,67.4032364,458839114036900,458839211953800,2026-10-05T06:21:51.309917+00:00,2026-10-05T06:21:51.409992+00:00,
2,T003,SMILE_RIGHT,task,121,13,8,10,11,R7,L5,L6,R6,50000,600.0,2.0,8.0,8.246211251235321,75.96375653207353,67.4034428,67.5012509,458839212160200,458839309968300,2026-10-05T06:21:51.409992+00:00,2026-10-05T06:21:51.503891+00:00,
2,T003,SMILE_RIGHT,task,122,13,10,12,11,R7,L6,L7,R6,50000,600.0,-13.0,52.0,53.600373133029585,104.03624346792648,67.5014658,67.5981137,458839310183200,458839406831100,2026-10-05T06:21:51.503891+00:00,2026-10-05T06:21:51.604412+00:00,
2,T003,SMILE_RIGHT,task,123,13,12,14,11,R7,L7,L8,R6,50000,600.0,-24.0,74.0,77.79460135510689,107.96913974015703,67.5983269,67.6980967,458839407044300,458839506814100,2026-10-05T06:21:51.604412+00:00,2026-10-05T06:21:51.704787+00:00,
2,T003,SMILE_RIGHT,task,124,13,14,15,11,R7,L8,R8,R6,50000,600.0,-142.0,371.0,397.24677468797654,110.94431356277371,67.6983191,67.7972378,458839507036500,458839605955200,2026-10-05T06:21:51.704787+00:00,2026-10-05T06:21:51.799875+00:00,
2,T003,SMILE_RIGHT,task,125,13,9,7,11,R7,R5,R4,R6,50000,600.0,-40.0,62.0,73.78346698278686,122.82854179141253,67.79756,67.8950916,458839606277400,458839703809000,2026-10-05T06:21:51.804354+00:00,2026-10-05T06:21:51.899717+00:00,
2,T003,SMILE_RIGHT,task,126,13,7,5,11,R7,R4,R3,R6,50000,600.0,9.0,5.0,10.295630140987,29.054604099077146,67.8953133,67.9930965,458839704030700,458839801813900,2026-10-05T06:21:51.899717+00:00,2026-10-05T06:21:51.999780+00:00,
2,T003,SMILE_RIGHT,task,127,13,5,3,11,R7,R3,R2,R6,50000,600.0,-9.0,14.0,16.64331697709324,122.7352262721076,67.9933119,68.0922454,458839802029300,458839900962800,2026-10-05T06:21:51.999780+00:00,2026-10-05T06:21:52.089923+00:00,
2,T003,SMILE_RIGHT,task,128,13,3,1,11,R7,R2,R1,R6,50000,600.0,-26.0,-5.0,26.476404589747453,-169.11447294534128,68.0924441,68.1912468,458839901161500,458839999964200,2026-10-05T06:21:52.089923+00:00,2026-10-05T06:21:52.193280+00:00,
2,T003,SMILE_RIGHT,task,129,13,1,0,11,R7,R1,L1,R6,50000,600.0,-6.0,68.0,68.26419266350405,95.04245106917092,68.1914629,68.2912626,458840000180300,458840099980000,2026-10-05T06:21:52.193280+00:00,2026-10-05T06:21:52.289585+00:00,
2,T003,SMILE_RIGHT,task,130,11,0,2,9,R6,L1,L2,R5,50000,600.0,7.0,9.0,11.40175425099138,52.1250163489018,68.2914921,68.3880384,458840100209500,458840196755800,2026-10-05T06:21:52.289585+00:00,2026-10-05T06:21:52.394325+00:00,
2,T003,SMILE_RIGHT,task,131,11,2,4,9,R6,L2,L3,R5,50000,600.0,-2.0,26.0,26.076809620810597,94.39870535499554,68.3882956,68.4840419,458840197013000,458840292759300,2026-10-05T06:21:52.394325+00:00,2026-10-05T06:21:52.490014+00:00,
2,T003,SMILE_RIGHT,task,132,11,4,6,9,R6,L3,L4,R5,50000,600.0,-4.0,7.0,8.06225774829855,119.74488129694222,68.4843294,68.5824068,458840293046800,458840391124200,2026-10-05T06:21:52.490014+00:00,2026-10-05T06:21:52.585417+00:00,
2,T003,SMILE_RIGHT,task,133,11,6,8,9,R6,L4,L5,R5,50000,600.0,-2.0,16.0,16.1245154965971,97.1250163489018,68.5826217,68.6800893,458840391339100,458840488806700,2026-10-05T06:21:52.585417+00:00,2026-10-05T06:21:52.681627+00:00,
2,T003,SMILE_RIGHT,task,134,11,8,10,9,R6,L5,L6,R5,50000,600.0,18.0,40.0,43.86342439892262,65.77225468204583,68.6803162,68.7782507,458840489033600,458840586968100,2026-10-05T06:21:52.681627+00:00,2026-10-05T06:21:52.781891+00:00,
2,T003,SMILE_RIGHT,task,135,11,10,12,9,R6,L6,L7,R5,50000,600.0,-7.0,24.0,25.0,106.26020470831196,68.7784804,68.8761887,458840587197800,458840684906100,2026-10-05T06:21:52.785209+00:00,2026-10-05T06:21:52.882879+00:00,
2,T003,SMILE_RIGHT,task,136,11,12,14,9,R6,L7,L8,R5,50000,600.0,-8.0,24.0,25.298221281347036,108.43494882292202,68.8764015,68.9730887,458840685118900,458840781806100,2026-10-05T06:21:52.882879+00:00,2026-10-05T06:21:52.979765+00:00,
2,T003,SMILE_RIGHT,task,137,11,14,15,9,R6,L8,R8,R5,50000,600.0,-35.0,89.0,95.63472172804185,111.467651439099,68.9732987,69.0702482,458840782016100,458840878965600,2026-10-05T06:21:52.979765+00:00,2026-10-05T06:21:53.077010+00:00,
2,T003,SMILE_RIGHT,task,138,11,15,13,9,R6,R8,R7,R5,50000,600.0,-81.0,188.0,204.70710783946902,113.30884524512679,69.0704721,69.1692357,458840879189500,458840977953100,2026-10-05T06:21:53.077010+00:00,2026-10-05T06:21:53.169974+00:00,
2,T003,SMILE_RIGHT,task,139,11,7,5,9,R6,R4,R3,R5,50000,600.0,153.0,-369.0,399.46213838109867,-67.47943439710312,69.169445,69.2670726,458840978162400,458841075790000,2026-10-05T06:21:53.169974+00:00,2026-10-05T06:21:53.271907+00:00,
2,T003,SMILE_RIGHT,task,140,11,5,3,9,R6,R3,R2,R5,50000,600.0,-78.0,195.0,210.02142747824567,111.80140948635182,69.2673631,69.3651772,458841076080500,458841173894600,2026-10-05T06:21:53.271907+00:00,2026-10-05T06:21:53.369696+00:00,
2,T003,SMILE_RIGHT,task,141,11,3,1,9,R6,R2,R1,R5,50000,600.0,-83.0,125.0,150.04665940966495,123.58416047559298,69.3654052,69.4642413,458841174122600,458841272958700,2026-10-05T06:21:53.369696+00:00,2026-10-05T06:21:53.469621+00:00,
2,T003,SMILE_RIGHT,task,142,11,1,0,9,R6,R1,L1,R5,50000,600.0,-14.0,104.0,104.93807697875924,97.66680426181418,69.4644728,69.5684439,458841273190200,458841377161300,2026-10-05T06:21:53.469621+00:00,2026-10-05T06:21:53.570079+00:00,
2,T003,SMILE_RIGHT,task,143,9,0,2,7,R5,L1,L2,R4,50000,600.0,34.0,-62.0,70.71067811865476,-61.26020470831195,69.5686851,69.6666701,458841377402500,458841475387500,2026-10-05T06:21:53.570079+00:00,2026-10-05T06:21:53.673565+00:00,
2,T003,SMILE_RIGHT,task,144,9,2,4,7,R5,L2,L3,R4,50000,600.0,-1.0,14.0,14.035668847618199,94.08561677997488,69.6670187,69.7674181,458841475736100,458841576135500,2026-10-05T06:21:53.673565+00:00,2026-10-05T06:21:53.769988+00:00,
2,T003,SMILE_RIGHT,task,145,9,4,6,7,R5,L3,L4,R4,50000,600.0,17.0,-58.0,60.440052945046304,-73.66395711028154,69.7676416,69.8681255,458841576359000,458841676842900,2026-10-05T06:21:53.769988+00:00,2026-10-05T06:21:53.873632+00:00,
2,T003,SMILE_RIGHT,task,146,9,6,8,7,R5,L4,L5,R4,50000,600.0,-16.0,70.0,71.80529228406496,102.87500155961249,69.8683105,69.9684241,458841677027900,458841777141500,2026-10-05T06:21:53.873632+00:00,2026-10-05T06:21:53.970045+00:00,
2,T003,SMILE_RIGHT,task,147,9,8,10,7,R5,L5,L6,R4,50000,600.0,9.0,9.0,12.727922061357855,45.0,69.9686224,70.0672425,458841777339800,458841875959900,2026-10-05T06:21:53.970045+00:00,2026-10-05T06:21:54.071089+00:00,
2,T003,SMILE_RIGHT,task,148,9,10,12,7,R5,L6,L7,R4,50000,600.0,-7.0,28.0,28.861739379323623,104.03624346792648,70.0674498,70.1655453,458841876167200,458841974262700,2026-10-05T06:21:54.071089+00:00,2026-10-05T06:21:54.172153+00:00,
2,T003,SMILE_RIGHT,task,149,9,12,14,7,R5,L7,L8,R4,50000,600.0,1.0,24.0,24.020824298928627,87.61405596961119,70.1657712,70.2651305,458841974488600,458842073847900,2026-10-05T06:21:54.172153+00:00,2026-10-05T06:21:54.270723+00:00,
2,T003,SMILE_RIGHT,task,150,9,14,15,7,R5,L8,R8,R4,50000,600.0,-13.0,59.0,60.41522986797286,102.42594286542749,70.2653782,70.363103,458842074095600,458842171820400,2026-10-05T06:21:54.270723+00:00,2026-10-05T06:21:54.369763+00:00,
2,T003,SMILE_RIGHT,task,151,9,15,13,7,R5,R8,R7,R4,50000,600.0,-19.0,75.0,77.3692445355388,104.21585347367355,70.3633359,70.4622359,458842172053300,458842270953300,2026-10-05T06:21:54.369763+00:00,2026-10-05T06:21:54.459764+00:00,
2,T003,SMILE_RIGHT,task,152,9,13,11,7,R5,R7,R6,R4,50000,600.0,-21.0,70.0,73.08214556237385,106.69924423399362,70.4624598,70.5622392,458842271177200,458842370956600,2026-10-05T06:21:54.459764+00:00,2026-10-05T06:21:54.559724+00:00,
2,T003,SMILE_RIGHT,task,153,9,5,3,7,R5,R3,R2,R4,50000,600.0,90.0,-275.0,289.35272592460575,-71.87813975209865,70.5624817,70.6581926,458842371199100,458842466910000,2026-10-05T06:21:54.559724+00:00,2026-10-05T06:21:54.659990+00:00,
2,T003,SMILE_RIGHT,task,154,9,3,1,7,R5,R2,R1,R4,50000,600.0,-20.0,-41.0,45.617978911828175,-116.00334584451144,70.6584237,70.7592395,458842467141100,458842567956900,2026-10-05T06:21:54.659990+00:00,2026-10-05T06:21:54.759844+00:00,
2,T003,SMILE_RIGHT,task,155,9,1,0,7,R5,R1,L1,R4,50000,600.0,14.0,21.0,25.238858928247925,56.309932474020215,70.7594377,70.8572512,458842568155100,458842665968600,2026-10-05T06:21:54.759844+00:00,2026-10-05T06:21:54.859808+00:00,
2,T003,SMILE_RIGHT,task,156,7,0,2,5,R4,L1,L2,R3,50000,600.0,-4.0,43.0,43.18564576337837,95.31454566994475,70.8574533,70.9551003,458842666170700,458842763817700,2026-10-05T06:21:54.859808+00:00,2026-10-05T06:21:54.961482+00:00,
2,T003,SMILE_RIGHT,task,157,7,2,4,5,R4,L2,L3,R3,50000,600.0,3.0,12.0,12.36931687685298,75.96375653207353,70.9553064,71.053127,458842764023800,458842861844400,2026-10-05T06:21:54.961482+00:00,2026-10-05T06:21:55.059615+00:00,
2,T003,SMILE_RIGHT,task,158,7,4,6,5,R4,L3,L4,R3,50000,600.0,-6.0,43.0,43.41658669218482,97.94347181059041,71.0533598,71.1541194,458842862077200,458842962836800,2026-10-05T06:21:55.059615+00:00,2026-10-05T06:21:55.160730+00:00,
2,T003,SMILE_RIGHT,task,159,7,6,8,5,R4,L4,L5,R3,50000,600.0,13.0,-16.0,20.615528128088304,-50.906141113770495,71.1543495,71.2530911,458842963066900,458843061808500,2026-10-05T06:21:55.160730+00:00,2026-10-05T06:21:55.259759+00:00,
2,T003,SMILE_RIGHT,task,160,7,8,10,5,R4,L5,L6,R3,50000,600.0,-2.0,2.0,2.8284271247461903,135.0,71.2532947,71.35411,458843062012100,458843162827400,2026-10-05T06:21:55.259759+00:00,2026-10-05T06:21:55.360904+00:00,
2,T003,SMILE_RIGHT,task,161,7,10,12,5,R4,L6,L7,R3,50000,600.0,3.0,-3.0,4.242640687119285,-45.0,71.3543266,71.4531187,458843163044000,458843261836100,2026-10-05T06:21:55.360904+00:00,2026-10-05T06:21:55.459795+00:00,
2,T003,SMILE_RIGHT,task,162,7,12,14,5,R4,L7,L8,R3,50000,600.0,8.0,-6.0,10.0,-36.86989764584402,71.4533513,71.567352,458843262068700,458843376069400,2026-10-05T06:21:55.459795+00:00,2026-10-05T06:21:55.574072+00:00,
2,T003,SMILE_RIGHT,task,163,7,14,15,5,R4,L8,R8,R3,50000,600.0,10.0,-20.0,22.360679774997898,-63.43494882292201,71.5675515,71.6673531,458843376268900,458843476070500,2026-10-05T06:21:55.574072+00:00,2026-10-05T06:21:55.670056+00:00,
2,T003,SMILE_RIGHT,task,164,7,15,13,5,R4,R8,R7,R3,50000,600.0,11.0,-23.0,25.495097567963924,-64.4400348281762,71.6675622,71.7683557,458843476279600,458843577073100,2026-10-05T06:21:55.670056+00:00,2026-10-05T06:21:55.772340+00:00,
2,T003,SMILE_RIGHT,task,165,7,13,11,5,R4,R7,R6,R3,50000,600.0,7.0,-6.0,9.219544457292887,-40.60129464500447,71.7685665,71.8702479,458843577283900,458843678965300,2026-10-05T06:21:55.772340+00:00,2026-10-05T06:21:55.871088+00:00,
2,T003,SMILE_RIGHT,task,166,7,11,9,5,R4,R6,R5,R3,50000,600.0,116.0,-363.0,381.08398024582453,-72.27823981209559,71.8704647,71.9693799,458843679182100,458843778097300,2026-10-05T06:21:55.871088+00:00,2026-10-05T06:21:55.972146+00:00,
2,T003,SMILE_RIGHT,task,167,7,3,1,5,R4,R2,R1,R3,50000,600.0,-177.0,515.0,544.5677184703478,108.96729847004531,71.9695721,72.0702771,458843778289500,458843878994500,2026-10-05T06:21:55.972146+00:00,2026-10-05T06:21:56.073096+00:00,
2,T003,SMILE_RIGHT,task,168,7,1,0,5,R4,R1,L1,R3,50000,600.0,-21.0,117.0,118.86967653695369,100.17551084304321,72.0704911,72.1693548,458843879208500,458843978072200,2026-10-05T06:21:56.073096+00:00,2026-10-05T06:21:56.171974+00:00,
2,T003,SMILE_RIGHT,task,169,5,0,2,3,R3,L1,L2,R2,50000,600.0,18.0,-26.0,31.622776601683793,-55.30484646876604,72.1695406,72.2702459,458843978258000,458844078963300,2026-10-05T06:21:56.171974+00:00,2026-10-05T06:21:56.270897+00:00,
2,T003,SMILE_RIGHT,task,170,5,2,4,3,R3,L2,L3,R2,50000,600.0,-1.0,25.0,25.019992006393608,92.29061004263853,72.2704587,72.3664059,458844079176100,458844175123300,2026-10-05T06:21:56.270897+00:00,2026-10-05T06:21:56.373145+00:00,
2,T003,SMILE_RIGHT,task,171,5,4,6,3,R3,L3,L4,R2,50000,600.0,8.0,13.0,15.264337522473747,58.3924977537511,72.3666581,72.4663395,458844175375500,458844275056900,2026-10-05T06:21:56.373465+00:00,2026-10-05T06:21:56.470015+00:00,
2,T003,SMILE_RIGHT,task,172,5,6,8,3,R3,L4,L5,R2,50000,600.0,-6.0,6.0,8.48528137423857,135.0,72.4666346,72.5662672,458844275352000,458844374984600,2026-10-05T06:21:56.470015+00:00,2026-10-05T06:21:56.569741+00:00,
2,T003,SMILE_RIGHT,task,173,5,8,10,3,R3,L5,L6,R2,50000,600.0,5.0,10.0,11.180339887498949,63.43494882292201,72.5664906,72.6660755,458844375208000,458844474792900,2026-10-05T06:21:56.569741+00:00,2026-10-05T06:21:56.669655+00:00,
2,T003,SMILE_RIGHT,task,174,5,10,12,3,R3,L6,L7,R2,50000,600.0,-2.0,13.0,13.152946437965905,98.74616226255522,72.6663299,72.7630718,458844475047300,458844571789200,2026-10-05T06:21:56.669655+00:00,2026-10-05T06:21:56.769701+00:00,
2,T003,SMILE_RIGHT,task,175,5,12,14,3,R3,L7,L8,R2,50000,600.0,5.0,9.0,10.295630140987,60.94539590092286,72.7633291,72.8590869,458844572046500,458844667804300,2026-10-05T06:21:56.769701+00:00,2026-10-05T06:21:56.864898+00:00,
2,T003,SMILE_RIGHT,task,176,5,14,15,3,R3,L8,R8,R2,50000,600.0,0.0,17.0,17.0,90.0,72.8593777,72.9560635,458844668095100,458844764780900,2026-10-05T06:21:56.864898+00:00,2026-10-05T06:21:56.961779+00:00,
2,T003,SMILE_RIGHT,task,177,5,15,13,3,R3,R8,R7,R2,50000,600.0,0.0,20.0,20.0,90.0,72.9563503,73.0532435,458844765067700,458844861960900,2026-10-05T06:21:56.961779+00:00,2026-10-05T06:21:57.060011+00:00,
2,T003,SMILE_RIGHT,task,178,5,13,11,3,R3,R7,R6,R2,50000,600.0,3.0,19.0,19.235384061671343,81.02737338510362,73.0535669,73.1522391,458844862284300,458844960956500,2026-10-05T06:21:57.060011+00:00,2026-10-05T06:21:57.152610+00:00,
2,T003,SMILE_RIGHT,task,179,5,11,9,3,R3,R6,R5,R2,50000,600.0,-50.0,226.0,231.46490014686893,102.47510971220896,73.1525385,73.2522037,458844961255900,458845060921100,2026-10-05T06:21:57.152610+00:00,2026-10-05T06:21:57.259042+00:00,
2,T003,SMILE_RIGHT,task,180,5,9,7,3,R3,R5,R4,R2,50000,600.0,84.0,-307.0,318.28446396266344,-74.69751637564602,73.2524649,73.3512398,458845061182300,458845159957200,2026-10-05T06:21:57.259042+00:00,2026-10-05T06:21:57.352864+00:00,
2,T003,SMILE_RIGHT,task,181,5,1,0,3,R3,R1,L1,R2,50000,600.0,-5.0,67.0,67.1863081289633,94.26789330029081,73.3514866,73.4522695,458845160204000,458845260986900,2026-10-05T06:21:57.352864+00:00,2026-10-05T06:21:57.459005+00:00,
2,T003,SMILE_RIGHT,task,182,3,0,2,1,R2,L1,L2,R1,50000,600.0,-25.0,384.0,384.81294157031675,93.72493713341038,73.4524918,73.5511839,458845261209200,458845359901300,2026-10-05T06:21:57.459005+00:00,2026-10-05T06:21:57.552467+00:00,
2,T003,SMILE_RIGHT,task,183,3,2,4,1,R2,L2,L3,R1,50000,600.0,12.0,17.0,20.808652046684813,54.78240703180729,73.5514213,73.6513402,458845360138700,458845460057600,2026-10-05T06:21:57.552467+00:00,2026-10-05T06:21:57.655278+00:00,
2,T003,SMILE_RIGHT,task,184,3,4,6,1,R2,L3,L4,R1,50000,600.0,0.0,21.0,21.0,90.0,73.6515415,73.7482327,458845460258900,458845556950100,2026-10-05T06:21:57.655278+00:00,2026-10-05T06:21:57.753726+00:00,
2,T003,SMILE_RIGHT,task,185,3,6,8,1,R2,L4,L5,R1,50000,600.0,5.0,-20.0,20.615528128088304,-75.96375653207353,73.7484838,73.847818,458845557201200,458845656535400,2026-10-05T06:21:57.753726+00:00,2026-10-05T06:21:57.854719+00:00,
2,T003,SMILE_RIGHT,task,186,3,8,10,1,R2,L5,L6,R1,50000,600.0,14.0,16.0,21.2602916254693,48.81407483429036,73.8480028,73.9462502,458845656720200,458845754967600,2026-10-05T06:21:57.854719+00:00,2026-10-05T06:21:57.949816+00:00,
2,T003,SMILE_RIGHT,task,187,3,10,12,1,R2,L6,L7,R1,50000,600.0,3.0,7.0,7.615773105863909,66.80140948635182,73.9464571,74.0440973,458845755174500,458845852814700,2026-10-05T06:21:57.949816+00:00,2026-10-05T06:21:58.049768+00:00,
2,T003,SMILE_RIGHT,task,188,3,12,14,1,R2,L7,L8,R1,50000,600.0,13.0,5.0,13.92838827718412,21.037511025421818,74.0443309,74.1422417,458845853048300,458845950959100,2026-10-05T06:21:58.049768+00:00,2026-10-05T06:21:58.139890+00:00,
2,T003,SMILE_RIGHT,task,189,3,14,15,1,R2,L8,R8,R1,50000,600.0,7.0,14.0,15.652475842498529,63.43494882292201,74.1424629,74.2392329,458845951180300,458846047950300,2026-10-05T06:21:58.139890+00:00,2026-10-05T06:21:58.239957+00:00,
2,T003,SMILE_RIGHT,task,190,3,15,13,1,R2,R8,R7,R1,50000,600.0,7.0,18.0,19.313207915827967,68.74949449286676,74.2394667,74.338774,458846048184100,458846147491400,2026-10-05T06:21:58.239957+00:00,2026-10-05T06:21:58.339913+00:00,
2,T003,SMILE_RIGHT,task,191,3,13,11,1,R2,R7,R6,R1,50000,600.0,11.0,35.0,36.68787265568828,72.5528115767178,74.3389929,74.436331,458846147710300,458846245048400,2026-10-05T06:21:58.339913+00:00,2026-10-05T06:21:58.439985+00:00,
2,T003,SMILE_RIGHT,task,192,3,11,9,1,R2,R6,R5,R1,50000,600.0,-11.0,157.0,157.3848785620779,94.00780454237234,74.4365966,74.5351204,458846245314000,458846343837800,2026-10-05T06:21:58.439985+00:00,2026-10-05T06:21:58.539617+00:00,
2,T003,SMILE_RIGHT,task,193,3,9,7,1,R2,R5,R4,R1,50000,600.0,3.0,9.0,9.486832980505138,71.56505117707799,74.5353432,74.6341005,458846344060600,458846442817900,2026-10-05T06:21:58.539617+00:00,2026-10-05T06:21:58.639684+00:00,
2,T003,SMILE_RIGHT,task,194,3,7,5,1,R2,R4,R3,R1,50000,600.0,-30.0,492.0,492.9137855649809,93.4893249057964,74.6343217,74.7302417,458846443039100,458846538959100,2026-10-05T06:21:58.639684+00:00,2026-10-05T06:21:58.730007+00:00,
2,T003,SMILE_RIGHT,task,195,1,2,4,0,R1,L2,L3,L1,50000,600.0,11.0,-24.0,26.40075756488817,-65.37643521383639,74.7304816,74.826263,458846539199000,458846634980400,2026-10-05T06:21:58.730007+00:00,2026-10-05T06:21:58.830046+00:00,
2,T003,SMILE_RIGHT,task,196,1,4,6,0,R1,L3,L4,L1,50000,600.0,-11.0,33.0,34.785054261852174,108.43494882292202,74.826469,74.9241142,458846635186400,458846732831600,2026-10-05T06:21:58.830046+00:00,2026-10-05T06:21:58.930728+00:00,
2,T003,SMILE_RIGHT,task,197,1,6,8,0,R1,L4,L5,L1,50000,600.0,17.0,-27.0,31.906112267087632,-57.804266065286754,74.9243344,75.0212464,458846733051800,458846829963800,2026-10-05T06:21:58.930728+00:00,2026-10-05T06:21:59.019576+00:00,
2,T003,SMILE_RIGHT,task,198,1,8,10,0,R1,L5,L6,L1,50000,600.0,-1.0,12.0,12.041594578792296,94.76364169072617,75.0214668,75.1212748,458846830184200,458846929992200,2026-10-05T06:21:59.019576+00:00,2026-10-05T06:21:59.125127+00:00,
2,T003,SMILE_RIGHT,task,199,1,10,12,0,R1,L6,L7,L1,50000,600.0,0.0,12.0,12.0,90.0,75.1214965,75.2182513,458846930213900,458847026968700,2026-10-05T06:21:59.125127+00:00,2026-10-05T06:21:59.219588+00:00,
2,T003,SMILE_RIGHT,task,200,1,12,14,0,R1,L7,L8,L1,50000,600.0,3.0,13.0,13.341664064126334,77.0053832080835,75.2184824,75.3193542,458847027199800,458847128071600,2026-10-05T06:21:59.219588+00:00,2026-10-05T06:21:59.321710+00:00,
2,T003,SMILE_RIGHT,task,201,1,14,15,0,R1,L8,R8,L1,50000,600.0,-2.0,25.0,25.079872407968907,94.57392125990086,75.3195304,75.417255,458847128247800,458847225972400,2026-10-05T06:21:59.321710+00:00,2026-10-05T06:21:59.420070+00:00,
2,T003,SMILE_RIGHT,task,202,1,15,13,0,R1,R8,R7,L1,50000,600.0,1.0,18.0,18.027756377319946,86.82016988013577,75.4174655,75.5162608,458847226182900,458847324978200,2026-10-05T06:21:59.420070+00:00,2026-10-05T06:21:59.519619+00:00,
2,T003,SMILE_RIGHT,task,203,1,13,11,0,R1,R7,R6,L1,50000,600.0,4.0,0.0,4.0,0.0,75.5164832,75.6132128,458847325200600,458847421930200,2026-10-05T06:21:59.519619+00:00,2026-10-05T06:21:59.619757+00:00,
2,T003,SMILE_RIGHT,task,204,1,11,9,0,R1,R6,R5,L1,50000,600.0,0.0,37.0,37.0,90.0,75.6134687,75.7162473,458847422186100,458847524964700,2026-10-05T06:21:59.619757+00:00,2026-10-05T06:21:59.719645+00:00,
2,T003,SMILE_RIGHT,task,205,1,9,7,0,R1,R5,R4,L1,50000,600.0,7.0,-54.0,54.45181356024793,-82.61395684873273,75.716463,75.8162725,458847525180400,458847624989900,2026-10-05T06:21:59.719645+00:00,2026-10-05T06:21:59.819795+00:00,
2,T003,SMILE_RIGHT,task,206,1,7,5,0,R1,R4,R3,L1,50000,600.0,5.0,54.0,54.230987451824994,84.70991879462873,75.8165076,75.9142612,458847625225000,458847722978600,2026-10-05T06:21:59.819795+00:00,2026-10-05T06:21:59.919900+00:00,
2,T003,SMILE_RIGHT,task,207,1,5,3,0,R1,R3,R2,L1,50000,600.0,4.0,-7.0,8.06225774829855,-60.25511870305778,75.914477,76.011181,458847723194400,458847819898400,2026-10-05T06:21:59.919900+00:00,2026-10-05T06:22:00.017710+00:00,
3,T004,SMILE_BOTH,task,0,0,4,6,2,L1,L3,L4,L2,50000,600.0,-113.0,343.0,361.13432404023854,108.2342639010106,78.0775311,78.1741486,458849886248500,458849982866000,2026-10-05T06:22:02.079933+00:00,2026-10-05T06:22:02.179636+00:00,
3,T004,SMILE_BOTH,task,1,0,6,8,2,L1,L4,L5,L2,50000,600.0,-29.0,108.0,111.8257573191436,105.03043052343328,78.1744185,78.2751436,458849983135900,458850083861000,2026-10-05T06:22:02.179636+00:00,2026-10-05T06:22:02.279814+00:00,
3,T004,SMILE_BOTH,task,2,0,8,10,2,L1,L5,L6,L2,50000,600.0,-28.0,93.0,97.12363255150623,106.75574892919899,78.2753895,78.3751185,458850084106900,458850183835900,2026-10-05T06:22:02.279814+00:00,2026-10-05T06:22:02.380309+00:00,
3,T004,SMILE_BOTH,task,3,0,10,12,2,L1,L6,L7,L2,50000,600.0,-21.0,47.0,51.478150704935004,114.07549825507883,78.3753456,78.4741064,458850184063000,458850282823800,2026-10-05T06:22:02.380309+00:00,2026-10-05T06:22:02.479757+00:00,
3,T004,SMILE_BOTH,task,4,0,12,14,2,L1,L7,L8,L2,50000,600.0,4.0,12.0,12.649110640673518,71.56505117707799,78.4743857,78.5721836,458850283103100,458850380901000,2026-10-05T06:22:02.479757+00:00,2026-10-05T06:22:02.570066+00:00,
3,T004,SMILE_BOTH,task,5,0,14,15,2,L1,L8,R8,L2,50000,600.0,4.0,9.0,9.848857801796104,66.03751102542182,78.5724113,78.6701802,458850381128700,458850478897600,2026-10-05T06:22:02.570066+00:00,2026-10-05T06:22:02.669898+00:00,
3,T004,SMILE_BOTH,task,6,0,15,13,2,L1,R8,R7,L2,50000,600.0,1.0,8.0,8.06225774829855,82.8749836510982,78.6705037,78.7713163,458850479221100,458850580033700,2026-10-05T06:22:02.669898+00:00,2026-10-05T06:22:02.771882+00:00,
3,T004,SMILE_BOTH,task,7,0,13,11,2,L1,R7,R6,L2,50000,600.0,15.0,-18.0,23.430749027719962,-50.19442890773481,78.7715367,78.8701841,458850580254100,458850678901500,2026-10-05T06:22:02.771882+00:00,2026-10-05T06:22:02.870658+00:00,
3,T004,SMILE_BOTH,task,8,0,11,9,2,L1,R6,R5,L2,50000,600.0,3.0,14.0,14.317821063276353,77.9052429229879,78.8703966,78.9813708,458850679114000,458850790088200,2026-10-05T06:22:02.870658+00:00,2026-10-05T06:22:02.988080+00:00,
3,T004,SMILE_BOTH,task,9,0,9,7,2,L1,R5,R4,L2,50000,600.0,25.0,-70.0,74.33034373659252,-70.3461759419467,78.9815975,79.0781855,458850790314900,458850886902900,2026-10-05T06:22:02.988080+00:00,2026-10-05T06:22:03.079754+00:00,
3,T004,SMILE_BOTH,task,10,0,7,5,2,L1,R4,R3,L2,50000,600.0,-4.0,52.0,52.15361924162119,94.39870535499554,79.0783834,79.1783166,458850887100800,458850987034000,2026-10-05T06:22:03.079754+00:00,2026-10-05T06:22:03.180157+00:00,
3,T004,SMILE_BOTH,task,11,0,5,3,2,L1,R3,R2,L2,50000,600.0,10.0,-28.0,29.732137494637012,-70.3461759419467,79.1785095,79.2771874,458850987226900,458851085904800,2026-10-05T06:22:03.180157+00:00,2026-10-05T06:22:03.279661+00:00,
3,T004,SMILE_BOTH,task,12,0,3,1,2,L1,R2,R1,L2,50000,600.0,-127.0,420.0,438.7812666921869,106.82431668216016,79.2774174,79.3771864,458851086134800,458851185903800,2026-10-05T06:22:03.279661+00:00,2026-10-05T06:22:03.379785+00:00,
3,T004,SMILE_BOTH,task,13,2,6,8,4,L2,L4,L5,L3,50000,600.0,96.0,-262.0,279.03404810166086,-69.87654892225704,79.3773797,79.4740734,458851186097100,458851282790800,2026-10-05T06:22:03.379785+00:00,2026-10-05T06:22:03.479679+00:00,
3,T004,SMILE_BOTH,task,14,2,8,10,4,L2,L5,L6,L3,50000,600.0,-59.0,173.0,182.7840255602223,108.83145307805513,79.4742852,79.5701872,458851283002600,458851378904600,2026-10-05T06:22:03.479679+00:00,2026-10-05T06:22:03.571965+00:00,
3,T004,SMILE_BOTH,task,15,2,10,12,4,L2,L6,L7,L3,50000,600.0,-17.0,39.0,42.5440947723653,113.55226367289465,79.5703797,79.6681917,458851379097100,458851476909100,2026-10-05T06:22:03.571965+00:00,2026-10-05T06:22:03.669551+00:00,
3,T004,SMILE_BOTH,task,16,2,12,14,4,L2,L7,L8,L3,50000,600.0,-2.0,22.0,22.090722034374522,95.1944289077348,79.668394,79.7672508,458851477111400,458851575968200,2026-10-05T06:22:03.669551+00:00,2026-10-05T06:22:03.770865+00:00,
3,T004,SMILE_BOTH,task,17,2,14,15,4,L2,L8,R8,L3,50000,600.0,-3.0,23.0,23.194827009486403,97.4314079711725,79.7674702,79.8650881,458851576187600,458851673805500,2026-10-05T06:22:03.770865+00:00,2026-10-05T06:22:03.871060+00:00,
3,T004,SMILE_BOTH,task,18,2,15,13,4,L2,R8,R7,L3,50000,600.0,-1.0,10.0,10.04987562112089,95.71059313749964,79.8653134,79.9610474,458851674030800,458851769764800,2026-10-05T06:22:03.871060+00:00,2026-10-05T06:22:03.967162+00:00,
3,T004,SMILE_BOTH,task,19,2,13,11,4,L2,R7,R6,L3,50000,600.0,5.0,4.0,6.4031242374328485,38.65980825409009,79.9612562,80.0591853,458851769973600,458851867902700,2026-10-05T06:22:03.968164+00:00,2026-10-05T06:22:04.059765+00:00,
3,T004,SMILE_BOTH,task,20,2,11,9,4,L2,R6,R5,L3,50000,600.0,-1.0,20.0,20.024984394500787,92.86240522611175,80.0593893,80.1562089,458851868106700,458851964926300,2026-10-05T06:22:04.059765+00:00,2026-10-05T06:22:04.159824+00:00,
3,T004,SMILE_BOTH,task,21,2,9,7,4,L2,R5,R4,L3,50000,600.0,0.0,-5.0,5.0,-90.0,80.1564261,80.2540592,458851965143500,458852062776600,2026-10-05T06:22:04.159824+00:00,2026-10-05T06:22:04.259560+00:00,
3,T004,SMILE_BOTH,task,22,2,7,5,4,L2,R4,R3,L3,50000,600.0,10.0,12.0,15.620499351813308,50.19442890773481,80.2542748,80.3522207,458852062992200,458852160938100,2026-10-05T06:22:04.259560+00:00,2026-10-05T06:22:04.357071+00:00,
3,T004,SMILE_BOTH,task,23,2,5,3,4,L2,R3,R2,L3,50000,600.0,-1.0,9.0,9.055385138137417,96.3401917459099,80.3524062,80.4501044,458852161123600,458852258821800,2026-10-05T06:22:04.357071+00:00,2026-10-05T06:22:04.453719+00:00,
3,T004,SMILE_BOTH,task,24,2,3,1,4,L2,R2,R1,L3,50000,600.0,7.0,-55.0,55.44366510251645,-82.74680538727468,80.4503445,80.5472197,458852259061900,458852355937100,2026-10-05T06:22:04.453719+00:00,2026-10-05T06:22:04.551520+00:00,
3,T004,SMILE_BOTH,task,25,2,1,0,4,L2,R1,L1,L3,50000,600.0,14.0,19.0,23.600847442411894,53.615648184164115,80.5474559,80.6440952,458852356173300,458852452812600,2026-10-05T06:22:04.551520+00:00,2026-10-05T06:22:04.649813+00:00,
3,T004,SMILE_BOTH,task,26,4,0,2,6,L3,L1,L2,L4,50000,600.0,-90.0,384.0,394.4058823090751,103.19061071220685,80.6443288,80.7421894,458852453046200,458852550906800,2026-10-05T06:22:04.649813+00:00,2026-10-05T06:22:04.739550+00:00,
3,T004,SMILE_BOTH,task,27,4,8,10,6,L3,L5,L6,L4,50000,600.0,97.0,-276.0,292.5491411711885,-70.63601185765593,80.7424236,80.8410936,458852551141000,458852649811000,2026-10-05T06:22:04.739550+00:00,2026-10-05T06:22:04.847415+00:00,
3,T004,SMILE_BOTH,task,28,4,10,12,6,L3,L6,L7,L4,50000,600.0,6.0,-22.0,22.80350850198276,-74.74488129694222,80.8413063,80.9381866,458852650023700,458852746904000,2026-10-05T06:22:04.847415+00:00,2026-10-05T06:22:04.939569+00:00,
3,T004,SMILE_BOTH,task,29,4,12,14,6,L3,L7,L8,L4,50000,600.0,14.0,-26.0,29.5296461204668,-61.69924423399363,80.9383925,81.0362023,458852747109900,458852844919700,2026-10-05T06:22:04.939569+00:00,2026-10-05T06:22:05.039499+00:00,
3,T004,SMILE_BOTH,task,30,4,14,15,6,L3,L8,R8,L4,50000,600.0,12.0,-22.0,25.059928172283335,-61.38954033403479,81.0364205,81.1330522,458852845137900,458852941769600,2026-10-05T06:22:05.039499+00:00,2026-10-05T06:22:05.139700+00:00,
3,T004,SMILE_BOTH,task,31,4,15,13,6,L3,R8,R7,L4,50000,600.0,4.0,-3.0,5.0,-36.86989764584402,81.133268,81.2303535,458852941985400,458853039070900,2026-10-05T06:22:05.139700+00:00,2026-10-05T06:22:05.237277+00:00,
3,T004,SMILE_BOTH,task,32,4,13,11,6,L3,R7,R6,L4,50000,600.0,15.0,-18.0,23.430749027719962,-50.19442890773481,81.2306651,81.3291497,458853039382500,458853137867100,2026-10-05T06:22:05.237277+00:00,2026-10-05T06:22:05.335778+00:00,
3,T004,SMILE_BOTH,task,33,4,11,9,6,L3,R6,R5,L4,50000,600.0,-1.0,19.0,19.026297590440446,93.01278750418334,81.3294005,81.4281764,458853138117900,458853236893800,2026-10-05T06:22:05.336284+00:00,2026-10-05T06:22:05.434920+00:00,
3,T004,SMILE_BOTH,task,34,4,9,7,6,L3,R5,R4,L4,50000,600.0,18.0,-60.0,62.6418390534633,-73.30075576600639,81.4284991,81.5272878,458853237216500,458853336005200,2026-10-05T06:22:05.434920+00:00,2026-10-05T06:22:05.529825+00:00,
3,T004,SMILE_BOTH,task,35,4,7,5,6,L3,R4,R3,L4,50000,600.0,0.0,62.0,62.0,90.0,81.5275714,81.6282523,458853336288800,458853436969700,2026-10-05T06:22:05.529825+00:00,2026-10-05T06:22:05.629853+00:00,
3,T004,SMILE_BOTH,task,36,4,5,3,6,L3,R3,R2,L4,50000,600.0,6.0,14.0,15.231546211727817,66.80140948635182,81.6284551,81.7241175,458853437172500,458853532834900,2026-10-05T06:22:05.629853+00:00,2026-10-05T06:22:05.719876+00:00,
3,T004,SMILE_BOTH,task,37,4,3,1,6,L3,R2,R1,L4,50000,600.0,-16.0,-22.0,27.202941017470888,-126.02737338510362,81.7243474,81.8230432,458853533064800,458853631760600,2026-10-05T06:22:05.719876+00:00,2026-10-05T06:22:05.829621+00:00,
3,T004,SMILE_BOTH,task,38,4,1,0,6,L3,R1,L1,L4,50000,600.0,-20.0,132.0,133.5065541462291,98.61564818416412,81.8233109,81.9201873,458853632028300,458853728904700,2026-10-05T06:22:05.829621+00:00,2026-10-05T06:22:05.920751+00:00,
3,T004,SMILE_BOTH,task,39,6,0,2,8,L4,L1,L2,L5,50000,600.0,-18.0,93.0,94.72592042308166,100.95406264339833,81.9204019,82.0171875,458853729119300,458853825904900,2026-10-05T06:22:05.920751+00:00,2026-10-05T06:22:06.019600+00:00,
3,T004,SMILE_BOTH,task,40,6,2,4,8,L4,L2,L3,L5,50000,600.0,106.0,-253.0,274.3082208028042,-67.2676645131363,82.0174028,82.1162104,458853826120200,458853924927800,2026-10-05T06:22:06.019600+00:00,2026-10-05T06:22:06.119776+00:00,
3,T004,SMILE_BOTH,task,41,6,10,12,8,L4,L6,L7,L5,50000,600.0,-83.0,177.0,195.49424543960367,115.1231278053967,82.1164178,82.2151349,458853925135200,458854023852300,2026-10-05T06:22:06.119776+00:00,2026-10-05T06:22:06.219722+00:00,
3,T004,SMILE_BOTH,task,42,6,12,14,8,L4,L7,L8,L5,50000,600.0,-25.0,83.0,86.68333173107735,106.76255446183275,82.2153446,82.313141,458854024062000,458854121858400,2026-10-05T06:22:06.219722+00:00,2026-10-05T06:22:06.319835+00:00,
3,T004,SMILE_BOTH,task,43,6,14,15,8,L4,L8,R8,L5,50000,600.0,-19.0,66.0,68.6804193347711,106.05998730716065,82.3133313,82.4131991,458854122048700,458854221916500,2026-10-05T06:22:06.319835+00:00,2026-10-05T06:22:06.419773+00:00,
3,T004,SMILE_BOTH,task,44,6,15,13,8,L4,R8,R7,L5,50000,600.0,-4.0,21.0,21.37755832643195,100.78429786756261,82.4134646,82.5090847,458854222182000,458854317802100,2026-10-05T06:22:06.419773+00:00,2026-10-05T06:22:06.513162+00:00,
3,T004,SMILE_BOTH,task,45,6,13,11,8,L4,R7,R6,L5,50000,600.0,-3.0,17.0,17.26267650163207,100.00797980144135,82.509421,82.6081958,458854318138400,458854416913200,2026-10-05T06:22:06.513162+00:00,2026-10-05T06:22:06.613158+00:00,
3,T004,SMILE_BOTH,task,46,6,11,9,8,L4,R6,R5,L5,50000,600.0,0.0,5.0,5.0,90.0,82.6084332,82.7061974,458854417150600,458854514914800,2026-10-05T06:22:06.613158+00:00,2026-10-05T06:22:06.709684+00:00,
3,T004,SMILE_BOTH,task,47,6,9,7,8,L4,R5,R4,L5,50000,600.0,-12.0,43.0,44.64302857109943,105.59281093926634,82.7064178,82.8050637,458854515135200,458854613781100,2026-10-05T06:22:06.713188+00:00,2026-10-05T06:22:06.809844+00:00,
3,T004,SMILE_BOTH,task,48,6,7,5,8,L4,R4,R3,L5,50000,600.0,26.0,-23.0,34.713109915419565,-41.49646835521554,82.8052863,82.9040601,458854614003700,458854712777500,2026-10-05T06:22:06.809844+00:00,2026-10-05T06:22:06.910652+00:00,
3,T004,SMILE_BOTH,task,49,6,5,3,8,L4,R3,R2,L5,50000,600.0,-2.0,-16.0,16.1245154965971,-97.1250163489018,82.9042862,83.003048,458854713003600,458854811765400,2026-10-05T06:22:06.910652+00:00,2026-10-05T06:22:07.009743+00:00,
3,T004,SMILE_BOTH,task,50,6,3,1,8,L4,R2,R1,L5,50000,600.0,9.0,-121.0,121.33424908079334,-85.74616356388081,83.0032617,83.1023394,458854811979100,458854911056800,2026-10-05T06:22:07.009743+00:00,2026-10-05T06:22:07.109075+00:00,
3,T004,SMILE_BOTH,task,51,6,1,0,8,L4,R1,L1,L5,50000,600.0,34.0,5.0,34.36568055487916,8.36588612403259,83.1025375,83.2013304,458854911254900,458855010047800,2026-10-05T06:22:07.109075+00:00,2026-10-05T06:22:07.203372+00:00,
3,T004,SMILE_BOTH,task,52,8,0,2,10,L5,L1,L2,L6,50000,600.0,-34.0,104.0,109.41663493271945,108.10376303450663,83.2015573,83.3023195,458855010274700,458855111036900,2026-10-05T06:22:07.203372+00:00,2026-10-05T06:22:07.304927+00:00,
3,T004,SMILE_BOTH,task,53,8,2,4,10,L5,L2,L3,L6,50000,600.0,-72.0,189.0,202.24984548819808,110.85445803957835,83.3025164,83.4020895,458855111233800,458855210806900,2026-10-05T06:22:07.304927+00:00,2026-10-05T06:22:07.407950+00:00,
3,T004,SMILE_BOTH,task,54,8,4,6,10,L5,L3,L4,L6,50000,600.0,126.0,-296.0,321.70172520519685,-66.94172540056323,83.4023327,83.5021917,458855211050100,458855310909100,2026-10-05T06:22:07.407950+00:00,2026-10-05T06:22:07.504926+00:00,
3,T004,SMILE_BOTH,task,55,8,12,14,10,L5,L7,L8,L6,50000,600.0,-92.0,201.0,221.05429197371402,114.5941118520651,83.5023841,83.600189,458855311101500,458855408906400,2026-10-05T06:22:07.504926+00:00,2026-10-05T06:22:07.603159+00:00,
3,T004,SMILE_BOTH,task,56,8,14,15,10,L5,L8,R8,L6,50000,600.0,-29.0,72.0,77.62087348130012,111.93848046770647,83.6004079,83.701146,458855409125300,458855509863400,2026-10-05T06:22:07.603159+00:00,2026-10-05T06:22:07.705129+00:00,
3,T004,SMILE_BOTH,task,57,8,15,13,10,L5,R8,R7,L6,50000,600.0,-8.0,24.0,25.298221281347036,108.43494882292202,83.7013866,83.7992201,458855510104000,458855607937500,2026-10-05T06:22:07.705129+00:00,2026-10-05T06:22:07.803604+00:00,
3,T004,SMILE_BOTH,task,58,8,13,11,10,L5,R7,R6,L6,50000,600.0,1.0,2.0,2.23606797749979,63.43494882292201,83.7994811,83.8970836,458855608198500,458855705801000,2026-10-05T06:22:07.803604+00:00,2026-10-05T06:22:07.901431+00:00,
3,T004,SMILE_BOTH,task,59,8,11,9,10,L5,R6,R5,L6,50000,600.0,12.0,42.0,43.68065933568311,74.05460409907715,83.8973116,83.9960782,458855706029000,458855804795600,2026-10-05T06:22:07.901431+00:00,2026-10-05T06:22:08.002088+00:00,
3,T004,SMILE_BOTH,task,60,8,9,7,10,L5,R5,R4,L6,50000,600.0,5.0,-2.0,5.385164807134504,-21.80140948635181,83.9963136,84.0930504,458855805031000,458855901767800,2026-10-05T06:22:08.002088+00:00,2026-10-05T06:22:08.099649+00:00,
3,T004,SMILE_BOTH,task,61,8,7,5,10,L5,R4,R3,L6,50000,600.0,1.0,9.0,9.055385138137417,83.6598082540901,84.0932588,84.1921845,458855901976200,458856000901900,2026-10-05T06:22:08.099649+00:00,2026-10-05T06:22:08.189740+00:00,
3,T004,SMILE_BOTH,task,62,8,5,3,10,L5,R3,R2,L6,50000,600.0,-1.0,2.0,2.23606797749979,116.56505117707799,84.1923818,84.2911837,458856001099200,458856099901100,2026-10-05T06:22:08.189740+00:00,2026-10-05T06:22:08.289701+00:00,
3,T004,SMILE_BOTH,task,63,8,3,1,10,L5,R2,R1,L6,50000,600.0,-7.0,-33.0,33.734255586866,-101.97613244420336,84.2913883,84.389189,458856100105700,458856197906400,2026-10-05T06:22:08.289701+00:00,2026-10-05T06:22:08.390038+00:00,
3,T004,SMILE_BOTH,task,64,8,1,0,10,L5,R1,L1,L6,50000,600.0,-9.0,73.0,73.55270219373317,97.0283962389496,84.3893946,84.4901835,458856198112000,458856298900900,2026-10-05T06:22:08.390038+00:00,2026-10-05T06:22:08.489732+00:00,
3,T004,SMILE_BOTH,task,65,10,0,2,12,L6,L1,L2,L7,50000,600.0,-19.0,44.0,47.92702786528704,113.355564859286,84.490392,84.5900765,458856299109400,458856398793900,2026-10-05T06:22:08.489732+00:00,2026-10-05T06:22:08.596448+00:00,
3,T004,SMILE_BOTH,task,66,10,2,4,12,L6,L2,L3,L7,50000,600.0,-15.0,45.0,47.43416490252569,108.43494882292202,84.5903243,84.6883236,458856399041700,458856497041000,2026-10-05T06:22:08.596448+00:00,2026-10-05T06:22:08.689908+00:00,
3,T004,SMILE_BOTH,task,67,10,4,6,12,L6,L3,L4,L7,50000,600.0,11.0,-36.0,37.64306044943742,-73.00917670801384,84.6885837,84.7881396,458856497301100,458856596857000,2026-10-05T06:22:08.689908+00:00,2026-10-05T06:22:08.794891+00:00,
3,T004,SMILE_BOTH,task,68,10,6,8,12,L6,L4,L5,L7,50000,600.0,-96.0,205.0,226.3647499059869,115.09334896983432,84.7883566,84.8840602,458856597074000,458856692777600,2026-10-05T06:22:08.794891+00:00,2026-10-05T06:22:08.889702+00:00,
3,T004,SMILE_BOTH,task,69,10,14,15,12,L6,L8,R8,L7,50000,600.0,-147.0,330.0,361.26029397098154,114.01079906389961,84.8843287,84.9803602,458856693046100,458856789077600,2026-10-05T06:22:08.891253+00:00,2026-10-05T06:22:08.987132+00:00,
3,T004,SMILE_BOTH,task,70,10,15,13,12,L6,R8,R7,L7,50000,600.0,-33.0,58.0,66.73080248281148,119.63838368815135,84.9806019,85.0781911,458856789319300,458856886908500,2026-10-05T06:22:08.987132+00:00,2026-10-05T06:22:09.082593+00:00,
3,T004,SMILE_BOTH,task,71,10,13,11,12,L6,R7,R6,L7,50000,600.0,-9.0,35.0,36.138621999185304,104.42077312751098,85.0784398,85.1750596,458856887157200,458856983777000,2026-10-05T06:22:09.085184+00:00,2026-10-05T06:22:09.179909+00:00,
3,T004,SMILE_BOTH,task,72,10,11,9,12,L6,R6,R5,L7,50000,600.0,-6.0,19.0,19.924858845171276,107.52556837372288,85.1752711,85.2721862,458856983988500,458857080903600,2026-10-05T06:22:09.179909+00:00,2026-10-05T06:22:09.272947+00:00,
3,T004,SMILE_BOTH,task,73,10,9,7,12,L6,R5,R4,L7,50000,600.0,-7.0,8.0,10.63014581273465,131.18592516570965,85.2723989,85.3711852,458857081116300,458857179902600,2026-10-05T06:22:09.272947+00:00,2026-10-05T06:22:09.369759+00:00,
3,T004,SMILE_BOTH,task,74,10,7,5,12,L6,R4,R3,L7,50000,600.0,13.0,-1.0,13.038404810405298,-4.398705354995532,85.3714009,85.4703287,458857180118300,458857279046100,2026-10-05T06:22:09.369759+00:00,2026-10-05T06:22:09.474049+00:00,
3,T004,SMILE_BOTH,task,75,10,5,3,12,L6,R3,R2,L7,50000,600.0,-2.0,0.0,2.0,180.0,85.4705614,85.5691992,458857279278800,458857377916600,2026-10-05T06:22:09.474049+00:00,2026-10-05T06:22:09.569667+00:00,
3,T004,SMILE_BOTH,task,76,10,3,1,12,L6,R2,R1,L7,50000,600.0,-7.0,-54.0,54.45181356024793,-97.38604315126727,85.5694247,85.6673403,458857378142100,458857476057700,2026-10-05T06:22:09.569667+00:00,2026-10-05T06:22:09.672028+00:00,
3,T004,SMILE_BOTH,task,77,10,1,0,12,L6,R1,L1,L7,50000,600.0,6.0,61.0,61.29437168288782,84.38241940987318,85.6675465,85.7681913,458857476263900,458857576908700,2026-10-05T06:22:09.672028+00:00,2026-10-05T06:22:09.770182+00:00,
3,T004,SMILE_BOTH,task,78,12,0,2,14,L7,L1,L2,L8,50000,600.0,5.0,9.0,10.295630140987,60.94539590092286,85.7683939,85.8672575,458857577111300,458857675974900,2026-10-05T06:22:09.770182+00:00,2026-10-05T06:22:09.869809+00:00,
3,T004,SMILE_BOTH,task,79,12,2,4,14,L7,L2,L3,L8,50000,600.0,-5.0,30.0,30.4138126514911,99.46232220802563,85.8675131,85.9640834,458857676230500,458857772800800,2026-10-05T06:22:09.869809+00:00,2026-10-05T06:22:09.969623+00:00,
3,T004,SMILE_BOTH,task,80,12,4,6,14,L7,L3,L4,L8,50000,600.0,13.0,-37.0,39.21734310225516,-70.64100582430528,85.9643345,86.0600445,458857773051900,458857868761900,2026-10-05T06:22:09.971190+00:00,2026-10-05T06:22:10.066738+00:00,
3,T004,SMILE_BOTH,task,81,12,6,8,14,L7,L4,L5,L8,50000,600.0,-37.0,105.0,111.32834320154055,109.41148685868359,86.0602477,86.1571912,458857868965100,458857965908600,2026-10-05T06:22:10.066738+00:00,2026-10-05T06:22:10.159680+00:00,
3,T004,SMILE_BOTH,task,82,12,8,10,14,L7,L5,L6,L8,50000,600.0,-95.0,212.0,232.31228981696168,114.13778145938377,86.1573924,86.2561079,458857966109800,458858064825300,2026-10-05T06:22:10.159680+00:00,2026-10-05T06:22:10.262263+00:00,
3,T004,SMILE_BOTH,task,83,12,15,13,14,L7,R8,R7,L8,50000,600.0,-73.0,170.0,185.0108104949546,113.23925465125855,86.2563104,86.3552002,458858065027800,458858163917600,2026-10-05T06:22:10.262263+00:00,2026-10-05T06:22:10.359668+00:00,
3,T004,SMILE_BOTH,task,84,12,13,11,14,L7,R7,R6,L8,50000,600.0,-31.0,69.0,75.64390259630977,114.19320898728877,86.3554084,86.454123,458858164125800,458858262840400,2026-10-05T06:22:10.359668+00:00,2026-10-05T06:22:10.460151+00:00,
3,T004,SMILE_BOTH,task,85,12,11,9,14,L7,R6,R5,L8,50000,600.0,-17.0,28.0,32.7566787083184,121.26373169437744,86.4543364,86.5521322,458858263053800,458858360849600,2026-10-05T06:22:10.460151+00:00,2026-10-05T06:22:10.556990+00:00,
3,T004,SMILE_BOTH,task,86,12,9,7,14,L7,R5,R4,L8,50000,600.0,-6.0,11.0,12.529964086141668,118.61045966596521,86.5524506,86.6490765,458858361168000,458858457793900,2026-10-05T06:22:10.556990+00:00,2026-10-05T06:22:10.655775+00:00,
3,T004,SMILE_BOTH,task,87,12,7,5,14,L7,R4,R3,L8,50000,600.0,11.0,1.0,11.045361017187261,5.194428907734806,86.6493519,86.7460728,458858458069300,458858554790200,2026-10-05T06:22:10.655775+00:00,2026-10-05T06:22:10.752695+00:00,
3,T004,SMILE_BOTH,task,88,12,5,3,14,L7,R3,R2,L8,50000,600.0,-2.0,1.0,2.23606797749979,153.434948822922,86.7462847,86.8430445,458858555002100,458858651761900,2026-10-05T06:22:10.752695+00:00,2026-10-05T06:22:10.849767+00:00,
3,T004,SMILE_BOTH,task,89,12,3,1,14,L7,R2,R1,L8,50000,600.0,-9.0,-44.0,44.91102314577124,-101.56013079421777,86.8432508,86.944076,458858651968200,458858752793400,2026-10-05T06:22:10.849767+00:00,2026-10-05T06:22:10.950591+00:00,
3,T004,SMILE_BOTH,task,90,12,1,0,14,L7,R1,L1,L8,50000,600.0,-5.0,73.0,73.17103251970687,93.91824886406738,86.9443138,87.042188,458858753031200,458858850905400,2026-10-05T06:22:10.950591+00:00,2026-10-05T06:22:11.039919+00:00,
3,T004,SMILE_BOTH,task,91,14,0,2,15,L8,L1,L2,R8,50000,600.0,7.0,4.0,8.06225774829855,29.74488129694222,87.0424165,87.1401845,458858851133900,458858948901900,2026-10-05T06:22:11.039919+00:00,2026-10-05T06:22:11.139892+00:00,
3,T004,SMILE_BOTH,task,92,14,2,4,15,L8,L2,L3,R8,50000,600.0,-5.0,30.0,30.4138126514911,99.46232220802563,87.1403865,87.2401868,458858949103900,458859048904200,2026-10-05T06:22:11.139892+00:00,2026-10-05T06:22:11.239636+00:00,
3,T004,SMILE_BOTH,task,93,14,4,6,15,L8,L3,L4,R8,50000,600.0,12.0,-33.0,35.11409973215888,-70.01689347810003,87.2404033,87.337193,458859049120700,458859145910400,2026-10-05T06:22:11.239636+00:00,2026-10-05T06:22:11.339867+00:00,
3,T004,SMILE_BOTH,task,94,14,6,8,15,L8,L4,L5,R8,50000,600.0,-28.0,85.0,89.49301648732151,108.23249108070381,87.337429,87.4350612,458859146146400,458859243778600,2026-10-05T06:22:11.339867+00:00,2026-10-05T06:22:11.439657+00:00,
3,T004,SMILE_BOTH,task,95,14,8,10,15,L8,L5,L6,R8,50000,600.0,-26.0,76.0,80.32434251209281,108.8860873697093,87.4353062,87.5330759,458859244023600,458859341793300,2026-10-05T06:22:11.439657+00:00,2026-10-05T06:22:11.539859+00:00,
3,T004,SMILE_BOTH,task,96,14,10,12,15,L8,L6,L7,R8,50000,600.0,-143.0,346.0,374.3861642742691,112.45505321580322,87.5333038,87.6312263,458859342021200,458859439943700,2026-10-05T06:22:11.539859+00:00,2026-10-05T06:22:11.637944+00:00,
3,T004,SMILE_BOTH,task,97,14,13,11,15,L8,R7,R6,R8,50000,600.0,-168.0,368.0,404.534300152657,114.5377284765778,87.6314397,87.7286957,458859440157100,458859537413100,2026-10-05T06:22:11.637944+00:00,2026-10-05T06:22:11.734826+00:00,
3,T004,SMILE_BOTH,task,98,14,11,9,15,L8,R6,R5,R8,50000,600.0,-50.0,92.0,104.70912090166739,118.52311860631204,87.7289687,87.8262582,458859537686100,458859634975600,2026-10-05T06:22:11.735822+00:00,2026-10-05T06:22:11.829884+00:00,
3,T004,SMILE_BOTH,task,99,14,9,7,15,L8,R5,R4,R8,50000,600.0,-26.0,52.0,58.137767414994535,116.56505117707799,87.8264812,87.9222068,458859635198600,458859730924200,2026-10-05T06:22:11.829884+00:00,2026-10-05T06:22:11.929077+00:00,
3,T004,SMILE_BOTH,task,100,14,7,5,15,L8,R4,R3,R8,50000,600.0,19.0,-16.0,24.839484696748443,-40.10090754621224,87.9224764,88.0212643,458859731193800,458859829981700,2026-10-05T06:22:11.929077+00:00,2026-10-05T06:22:12.019831+00:00,
3,T004,SMILE_BOTH,task,101,14,5,3,15,L8,R3,R2,R8,50000,600.0,-6.0,9.0,10.816653826391969,123.69006752597979,88.0215076,88.1172618,458859830225000,458859925979200,2026-10-05T06:22:12.019831+00:00,2026-10-05T06:22:12.124001+00:00,
3,T004,SMILE_BOTH,task,102,14,3,1,15,L8,R2,R1,R8,50000,600.0,-13.0,-35.0,37.33630940518894,-110.37643521383639,88.1174635,88.2171929,458859926180900,458860025910300,2026-10-05T06:22:12.124001+00:00,2026-10-05T06:22:12.219684+00:00,
3,T004,SMILE_BOTH,task,103,14,1,0,15,L8,R1,L1,R8,50000,600.0,-11.0,89.0,89.67719888578144,97.04576912486749,88.2174203,88.3161413,458860026137700,458860124858700,2026-10-05T06:22:12.219684+00:00,2026-10-05T06:22:12.322939+00:00,
3,T004,SMILE_BOTH,task,104,15,0,2,13,R8,L1,L2,R7,50000,600.0,5.0,3.0,5.830951894845301,30.96375653207352,88.3164138,88.4141254,458860125131200,458860222842800,2026-10-05T06:22:12.322939+00:00,2026-10-05T06:22:12.420939+00:00,
3,T004,SMILE_BOTH,task,105,15,2,4,13,R8,L2,L3,R7,50000,600.0,0.0,16.0,16.0,90.0,88.4143381,88.5111847,458860223055500,458860319902100,2026-10-05T06:22:12.420939+00:00,2026-10-05T06:22:12.509987+00:00,
3,T004,SMILE_BOTH,task,106,15,4,6,13,R8,L3,L4,R7,50000,600.0,3.0,-13.0,13.341664064126334,-77.0053832080835,88.5113817,88.6102103,458860320099100,458860418927700,2026-10-05T06:22:12.509987+00:00,2026-10-05T06:22:12.609991+00:00,
3,T004,SMILE_BOTH,task,107,15,6,8,13,R8,L4,L5,R7,50000,600.0,-7.0,35.0,35.6931365951495,101.30993247402021,88.6104647,88.709191,458860419182100,458860517908400,2026-10-05T06:22:12.609991+00:00,2026-10-05T06:22:12.710013+00:00,
3,T004,SMILE_BOTH,task,108,15,8,10,13,R8,L5,L6,R7,50000,600.0,-4.0,24.0,24.331050121192877,99.46232220802563,88.709413,88.8071898,458860518130400,458860615907200,2026-10-05T06:22:12.710013+00:00,2026-10-05T06:22:12.809680+00:00,
3,T004,SMILE_BOTH,task,109,15,10,12,13,R8,L6,L7,R7,50000,600.0,-33.0,65.0,72.89718787443039,116.91655461695134,88.8074061,88.9050763,458860616123500,458860713793700,2026-10-05T06:22:12.809680+00:00,2026-10-05T06:22:12.911630+00:00,
3,T004,SMILE_BOTH,task,110,15,12,14,13,R8,L7,L8,R7,50000,600.0,-64.0,178.0,189.15602025840997,109.77607660263921,88.9053089,89.0153994,458860714026300,458860824116800,2026-10-05T06:22:12.911630+00:00,2026-10-05T06:22:13.020055+00:00,
3,T004,SMILE_BOTH,task,111,15,11,9,13,R8,R6,R5,R7,50000,600.0,-103.0,182.0,209.124364912365,119.50699983069309,89.0156478,89.1120596,458860824365200,458860920777000,2026-10-05T06:22:13.020055+00:00,2026-10-05T06:22:13.118765+00:00,
3,T004,SMILE_BOTH,task,112,15,9,7,13,R8,R5,R4,R7,50000,600.0,-33.0,64.0,72.00694410957877,117.27676338311369,89.1122544,89.2120776,458860920971800,458861020795000,2026-10-05T06:22:13.118765+00:00,2026-10-05T06:22:13.218239+00:00,
3,T004,SMILE_BOTH,task,113,15,7,5,13,R8,R4,R3,R7,50000,600.0,21.0,-22.0,30.4138126514911,-46.33221985386964,89.212286,89.3103274,458861021003400,458861119044800,2026-10-05T06:22:13.218239+00:00,2026-10-05T06:22:13.313977+00:00,
3,T004,SMILE_BOTH,task,114,15,5,3,13,R8,R3,R2,R7,50000,600.0,-6.0,10.0,11.661903789690601,120.96375653207352,89.3105517,89.4080712,458861119269100,458861216788600,2026-10-05T06:22:13.313977+00:00,2026-10-05T06:22:13.414291+00:00,
3,T004,SMILE_BOTH,task,115,15,3,1,13,R8,R2,R1,R7,50000,600.0,-12.0,-35.0,37.0,-108.92464441605124,89.4082879,89.5060716,458861217005300,458861314789000,2026-10-05T06:22:13.414291+00:00,2026-10-05T06:22:13.509707+00:00,
3,T004,SMILE_BOTH,task,116,15,1,0,13,R8,R1,L1,R7,50000,600.0,-4.0,73.0,73.10950690573696,93.1363583683326,89.5063142,89.604145,458861315031600,458861412862400,2026-10-05T06:22:13.509707+00:00,2026-10-05T06:22:13.609893+00:00,
3,T004,SMILE_BOTH,task,117,13,0,2,11,R7,L1,L2,R6,50000,600.0,17.0,-17.0,24.041630560342615,-45.0,89.6044233,89.7021244,458861413140700,458861510841800,2026-10-05T06:22:13.609893+00:00,2026-10-05T06:22:13.703238+00:00,
3,T004,SMILE_BOTH,task,118,13,2,4,11,R7,L2,L3,R6,50000,600.0,0.0,17.0,17.0,90.0,89.7023762,89.7991919,458861511093600,458861607909300,2026-10-05T06:22:13.703238+00:00,2026-10-05T06:22:13.805875+00:00,
3,T004,SMILE_BOTH,task,119,13,4,6,11,R7,L3,L4,R6,50000,600.0,10.0,-21.0,23.259406699226016,-64.5366549381284,89.7995717,89.8970804,458861608289100,458861705797800,2026-10-05T06:22:13.805875+00:00,2026-10-05T06:22:13.902566+00:00,
3,T004,SMILE_BOTH,task,120,13,6,8,11,R7,L4,L5,R6,50000,600.0,-11.0,40.0,41.48493702538308,105.3762512488262,89.8973142,89.995323,458861706031600,458861804040400,2026-10-05T06:22:13.902566+00:00,2026-10-05T06:22:13.999590+00:00,
3,T004,SMILE_BOTH,task,121,13,8,10,11,R7,L5,L6,R6,50000,600.0,1.0,8.0,8.06225774829855,82.8749836510982,89.9955173,90.0943825,458861804234700,458861903099900,2026-10-05T06:22:13.999590+00:00,2026-10-05T06:22:14.101219+00:00,
3,T004,SMILE_BOTH,task,122,13,10,12,11,R7,L6,L7,R6,50000,600.0,-12.0,47.0,48.507731342539614,104.32271997820357,90.0946153,90.1951645,458861903332700,458862003881900,2026-10-05T06:22:14.101219+00:00,2026-10-05T06:22:14.201648+00:00,
3,T004,SMILE_BOTH,task,123,13,12,14,11,R7,L7,L8,R6,50000,600.0,-25.0,78.0,81.9084855189009,107.77132082290876,90.1954483,90.2950945,458862004165700,458862103811900,2026-10-05T06:22:14.201648+00:00,2026-10-05T06:22:14.301408+00:00,
3,T004,SMILE_BOTH,task,124,13,14,15,11,R7,L8,R8,R6,50000,600.0,-147.0,385.0,412.1092088269807,110.89776549883887,90.2953488,90.394325,458862104066200,458862203042400,2026-10-05T06:22:14.302154+00:00,2026-10-05T06:22:14.401166+00:00,
3,T004,SMILE_BOTH,task,125,13,9,7,11,R7,R5,R4,R6,50000,600.0,-41.0,66.0,77.69813382572325,121.84905131905529,90.3945754,90.4921842,458862203292800,458862300901600,2026-10-05T06:22:14.401166+00:00,2026-10-05T06:22:14.489611+00:00,
3,T004,SMILE_BOTH,task,126,13,7,5,11,R7,R4,R3,R6,50000,600.0,9.0,3.0,9.486832980505138,18.43494882292201,90.4923911,90.5897973,458862301108500,458862398514700,2026-10-05T06:22:14.489611+00:00,2026-10-05T06:22:14.595650+00:00,
3,T004,SMILE_BOTH,task,127,13,5,3,11,R7,R3,R2,R6,50000,600.0,-9.0,14.0,16.64331697709324,122.7352262721076,90.5900291,90.6892131,458862398746500,458862497930500,2026-10-05T06:22:14.595650+00:00,2026-10-05T06:22:14.689901+00:00,
3,T004,SMILE_BOTH,task,128,13,3,1,11,R7,R2,R1,R6,50000,600.0,-25.0,-6.0,25.709920264364882,-166.5042667192042,90.6894491,90.7891908,458862498166500,458862597908200,2026-10-05T06:22:14.689901+00:00,2026-10-05T06:22:14.789908+00:00,
3,T004,SMILE_BOTH,task,129,13,1,0,11,R7,R1,L1,R6,50000,600.0,-7.0,67.0,67.36467917239716,95.96448710125313,90.7894025,90.8882535,458862598119900,458862696970900,2026-10-05T06:22:14.789908+00:00,2026-10-05T06:22:14.889705+00:00,
3,T004,SMILE_BOTH,task,130,11,0,2,9,R6,L1,L2,R5,50000,600.0,7.0,7.0,9.899494936611665,45.0,90.8884729,90.9861962,458862697190300,458862794913600,2026-10-05T06:22:14.889705+00:00,2026-10-05T06:22:14.989677+00:00,
3,T004,SMILE_BOTH,task,131,11,2,4,9,R6,L2,L3,R5,50000,600.0,-1.0,25.0,25.019992006393608,92.29061004263853,90.9864018,91.0843697,458862795119200,458862893087100,2026-10-05T06:22:14.989677+00:00,2026-10-05T06:22:15.091063+00:00,
3,T004,SMILE_BOTH,task,132,11,4,6,9,R6,L3,L4,R5,50000,600.0,-4.0,7.0,8.06225774829855,119.74488129694222,91.0845931,91.1853582,458862893310500,458862994075600,2026-10-05T06:22:15.091063+00:00,2026-10-05T06:22:15.190055+00:00,
3,T004,SMILE_BOTH,task,133,11,6,8,9,R6,L4,L5,R5,50000,600.0,-3.0,17.0,17.26267650163207,100.00797980144135,91.1856187,91.2853602,458862994336100,458863094077600,2026-10-05T06:22:15.190055+00:00,2026-10-05T06:22:15.292141+00:00,
3,T004,SMILE_BOTH,task,134,11,8,10,9,R6,L5,L6,R5,50000,600.0,17.0,40.0,43.46262762420146,66.97450799147197,91.2856054,91.3853626,458863094322800,458863194080000,2026-10-05T06:22:15.292141+00:00,2026-10-05T06:22:15.389497+00:00,
3,T004,SMILE_BOTH,task,135,11,10,12,9,R6,L6,L7,R5,50000,600.0,-7.0,22.0,23.08679276123039,107.65012421993013,91.3856046,91.4851958,458863194322000,458863293913200,2026-10-05T06:22:15.389497+00:00,2026-10-05T06:22:15.489612+00:00,
3,T004,SMILE_BOTH,task,136,11,12,14,9,R6,L7,L8,R5,50000,600.0,-10.0,28.0,29.732137494637012,109.6538240580533,91.4854753,91.5810782,458863294192700,458863389795600,2026-10-05T06:22:15.489612+00:00,2026-10-05T06:22:15.585379+00:00,
3,T004,SMILE_BOTH,task,137,11,14,15,9,R6,L8,R8,R5,50000,600.0,-37.0,95.0,101.95096860746347,111.2796044276954,91.5813955,91.6772326,458863390112900,458863485950000,2026-10-05T06:22:15.585379+00:00,2026-10-05T06:22:15.684120+00:00,
3,T004,SMILE_BOTH,task,138,11,15,13,9,R6,R8,R7,R5,50000,600.0,-80.0,186.0,202.47468977627796,113.27290406408198,91.6774963,91.7761984,458863486213700,458863584915800,2026-10-05T06:22:15.684120+00:00,2026-10-05T06:22:15.779779+00:00,
3,T004,SMILE_BOTH,task,139,11,7,5,9,R6,R4,R3,R5,50000,600.0,152.0,-364.0,394.4616584663204,-67.33544256530391,91.7764206,91.8740607,458863585138000,458863682778100,2026-10-05T06:22:15.779779+00:00,2026-10-05T06:22:15.879624+00:00,
3,T004,SMILE_BOTH,task,140,11,5,3,9,R6,R3,R2,R5,50000,600.0,-79.0,194.0,209.46837470128995,112.15696383763822,91.8742621,91.9730514,458863682979500,458863781768800,2026-10-05T06:22:15.879624+00:00,2026-10-05T06:22:15.979739+00:00,
3,T004,SMILE_BOTH,task,141,11,3,1,9,R6,R2,R1,R5,50000,600.0,-83.0,129.0,153.39491516996253,122.75766880112556,91.9732693,92.0711836,458863781986700,458863879901000,2026-10-05T06:22:15.979739+00:00,2026-10-05T06:22:16.069601+00:00,
3,T004,SMILE_BOTH,task,142,11,1,0,9,R6,R1,L1,R5,50000,600.0,-14.0,100.0,100.9752444909147,97.96961039432136,92.0714228,92.1691917,458863880140200,458863977909100,2026-10-05T06:22:16.069601+00:00,2026-10-05T06:22:16.169636+00:00,
3,T004,SMILE_BOTH,task,143,9,0,2,7,R5,L1,L2,R4,50000,600.0,33.0,-62.0,70.2353187506115,-61.975499467929744,92.1694034,92.2662046,458863978120800,458864074922000,2026-10-05T06:22:16.169636+00:00,2026-10-05T06:22:16.269941+00:00,
3,T004,SMILE_BOTH,task,144,9,2,4,7,R5,L2,L3,R4,50000,600.0,0.0,15.0,15.0,90.0,92.2664222,92.365081,458864075139600,458864173798400,2026-10-05T06:22:16.269941+00:00,2026-10-05T06:22:16.370675+00:00,
3,T004,SMILE_BOTH,task,145,9,4,6,7,R5,L3,L4,R4,50000,600.0,17.0,-58.0,60.440052945046304,-73.66395711028154,92.3652832,92.4630951,458864174000600,458864271812500,2026-10-05T06:22:16.370675+00:00,2026-10-05T06:22:16.469941+00:00,
3,T004,SMILE_BOTH,task,146,9,6,8,7,R5,L4,L5,R4,50000,600.0,-16.0,70.0,71.80529228406496,102.87500155961249,92.4633105,92.5631456,458864272027900,458864371863000,2026-10-05T06:22:16.469941+00:00,2026-10-05T06:22:16.569840+00:00,
3,T004,SMILE_BOTH,task,147,9,8,10,7,R5,L5,L6,R4,50000,600.0,9.0,9.0,12.727922061357855,45.0,92.5634086,92.6601305,458864372126000,458864468847900,2026-10-05T06:22:16.570342+00:00,2026-10-05T06:22:16.666873+00:00,
3,T004,SMILE_BOTH,task,148,9,10,12,7,R5,L6,L7,R4,50000,600.0,-6.0,23.0,23.769728648009426,104.62087398863166,92.6603646,92.7570579,458864469082000,458864565775300,2026-10-05T06:22:16.666873+00:00,2026-10-05T06:22:16.763646+00:00,
3,T004,SMILE_BOTH,task,149,9,12,14,7,R5,L7,L8,R4,50000,600.0,1.0,21.0,21.02379604162864,87.27368900609373,92.7572792,92.855069,458864565996600,458864663786400,2026-10-05T06:22:16.763646+00:00,2026-10-05T06:22:16.859831+00:00,
3,T004,SMILE_BOTH,task,150,9,14,15,7,R5,L8,R8,R4,50000,600.0,-13.0,63.0,64.32728814430156,101.659292653523,92.8552831,92.9551185,458864664000500,458864763835900,2026-10-05T06:22:16.859831+00:00,2026-10-05T06:22:16.961151+00:00,
3,T004,SMILE_BOTH,task,151,9,15,13,7,R5,R8,R7,R4,50000,600.0,-18.0,73.0,75.18643494673756,103.851419013805,92.9553567,93.0521914,458864764074100,458864860908800,2026-10-05T06:22:16.962152+00:00,2026-10-05T06:22:17.052912+00:00,
3,T004,SMILE_BOTH,task,152,9,13,11,7,R5,R7,R6,R4,50000,600.0,-22.0,73.0,76.24303246854758,106.77122381863043,93.0524046,93.1520884,458864861122000,458864960805800,2026-10-05T06:22:17.052912+00:00,2026-10-05T06:22:17.158898+00:00,
3,T004,SMILE_BOTH,task,153,9,5,3,7,R5,R3,R2,R4,50000,600.0,89.0,-269.0,283.3407842157567,-71.69294332965691,93.1522868,93.2521897,458864961004200,458865060907100,2026-10-05T06:22:17.158898+00:00,2026-10-05T06:22:17.251509+00:00,
3,T004,SMILE_BOTH,task,154,9,3,1,7,R5,R2,R1,R4,50000,600.0,-18.0,-45.0,48.46648326421054,-111.80140948635182,93.2525001,93.3491783,458865061217500,458865157895700,2026-10-05T06:22:17.251509+00:00,2026-10-05T06:22:17.355099+00:00,
3,T004,SMILE_BOTH,task,155,9,1,0,7,R5,R1,L1,R4,50000,600.0,13.0,20.0,23.853720883753127,56.97613244420336,93.3494866,93.4451101,458865158204000,458865253827500,2026-10-05T06:22:17.355099+00:00,2026-10-05T06:22:17.449786+00:00,
3,T004,SMILE_BOTH,task,156,7,0,2,5,R4,L1,L2,R3,50000,600.0,-4.0,42.0,42.190046219457976,95.44033203100551,93.4453288,93.5421943,458865254046200,458865350911700,2026-10-05T06:22:17.449786+00:00,2026-10-05T06:22:17.539789+00:00,
3,T004,SMILE_BOTH,task,157,7,2,4,5,R4,L2,L3,R3,50000,600.0,3.0,11.0,11.40175425099138,74.74488129694222,93.5424302,93.6381928,458865351147600,458865446910200,2026-10-05T06:22:17.539789+00:00,2026-10-05T06:22:17.640414+00:00,
3,T004,SMILE_BOTH,task,158,7,4,6,5,R4,L3,L4,R3,50000,600.0,-6.0,44.0,44.40720662234904,97.76516601842535,93.6384319,93.7371907,458865447149300,458865545908100,2026-10-05T06:22:17.640414+00:00,2026-10-05T06:22:17.740012+00:00,
3,T004,SMILE_BOTH,task,159,7,6,8,5,R4,L4,L5,R3,50000,600.0,14.0,-17.0,22.02271554554524,-50.527540151656176,93.7374047,93.8381896,458865546122100,458865646907000,2026-10-05T06:22:17.740012+00:00,2026-10-05T06:22:17.839846+00:00,
3,T004,SMILE_BOTH,task,160,7,8,10,5,R4,L5,L6,R3,50000,600.0,-2.0,3.0,3.605551275463989,123.69006752597979,93.8384115,93.935352,458865647128900,458865744069400,2026-10-05T06:22:17.839846+00:00,2026-10-05T06:22:17.939728+00:00,
3,T004,SMILE_BOTH,task,161,7,10,12,5,R4,L6,L7,R3,50000,600.0,3.0,-2.0,3.605551275463989,-33.690067525979785,93.9355844,94.0333844,458865744301800,458865842101800,2026-10-05T06:22:17.939728+00:00,2026-10-05T06:22:18.040102+00:00,
3,T004,SMILE_BOTH,task,162,7,12,14,5,R4,L7,L8,R3,50000,600.0,7.0,-4.0,8.06225774829855,-29.74488129694222,94.0335822,94.1302337,458865842299600,458865938951100,2026-10-05T06:22:18.040102+00:00,2026-10-05T06:22:18.136950+00:00,
3,T004,SMILE_BOTH,task,163,7,14,15,5,R4,L8,R8,R3,50000,600.0,11.0,-19.0,21.95449840010015,-59.93141717813756,94.1304397,94.2291079,458865939157100,458866037825300,2026-10-05T06:22:18.136950+00:00,2026-10-05T06:22:18.235662+00:00,
3,T004,SMILE_BOTH,task,164,7,15,13,5,R4,R8,R7,R3,50000,600.0,11.0,-25.0,27.313000567495326,-66.25050550713324,94.229383,94.3280906,458866038100400,458866136808000,2026-10-05T06:22:18.235662+00:00,2026-10-05T06:22:18.334578+00:00,
3,T004,SMILE_BOTH,task,165,7,13,11,5,R4,R7,R6,R3,50000,600.0,7.0,-8.0,10.63014581273465,-48.81407483429036,94.328352,94.4251268,458866137069400,458866233844200,2026-10-05T06:22:18.334578+00:00,2026-10-05T06:22:18.430179+00:00,
3,T004,SMILE_BOTH,task,166,7,11,9,5,R4,R6,R5,R3,50000,600.0,114.0,-359.0,376.6656342168741,-72.3828195319093,94.4253166,94.5230481,458866234034000,458866331765500,2026-10-05T06:22:18.430179+00:00,2026-10-05T06:22:18.529759+00:00,
3,T004,SMILE_BOTH,task,167,7,3,1,5,R4,R2,R1,R3,50000,600.0,-176.0,528.0,556.5608681896348,108.43494882292202,94.5232552,94.6201184,458866331972600,458866428835800,2026-10-05T06:22:18.529759+00:00,2026-10-05T06:22:18.627035+00:00,
3,T004,SMILE_BOTH,task,168,7,1,0,5,R4,R1,L1,R3,50000,600.0,-21.0,114.0,115.91807451816995,100.4374753511182,94.620365,94.7211872,458866429082400,458866529904600,2026-10-05T06:22:18.627035+00:00,2026-10-05T06:22:18.719691+00:00,
3,T004,SMILE_BOTH,task,169,5,0,2,3,R3,L1,L2,R2,50000,600.0,18.0,-26.0,31.622776601683793,-55.30484646876604,94.7214271,94.8202938,458866530144500,458866629011200,2026-10-05T06:22:18.719691+00:00,2026-10-05T06:22:18.821604+00:00,
3,T004,SMILE_BOTH,task,170,5,2,4,3,R3,L2,L3,R2,50000,600.0,0.0,24.0,24.0,90.0,94.8205428,94.9223335,458866629260200,458866731050900,2026-10-05T06:22:18.821604+00:00,2026-10-05T06:22:18.922205+00:00,
3,T004,SMILE_BOTH,task,171,5,4,6,3,R3,L3,L4,R2,50000,600.0,8.0,14.0,16.1245154965971,60.25511870305778,94.9225463,95.020192,458866731263700,458866828909400,2026-10-05T06:22:18.922205+00:00,2026-10-05T06:22:19.020228+00:00,
3,T004,SMILE_BOTH,task,172,5,6,8,3,R3,L4,L5,R2,50000,600.0,-6.0,6.0,8.48528137423857,135.0,95.020416,95.1192,458866829133400,458866927917400,2026-10-05T06:22:19.020228+00:00,2026-10-05T06:22:19.120994+00:00,
3,T004,SMILE_BOTH,task,173,5,8,10,3,R3,L5,L6,R2,50000,600.0,4.0,10.0,10.770329614269007,68.19859051364818,95.1194069,95.2160618,458866928124300,458867024779200,2026-10-05T06:22:19.120994+00:00,2026-10-05T06:22:19.221684+00:00,
3,T004,SMILE_BOTH,task,174,5,10,12,3,R3,L6,L7,R2,50000,600.0,-2.0,11.0,11.180339887498949,100.30484646876603,95.2162846,95.3140813,458867025002000,458867122798700,2026-10-05T06:22:19.221684+00:00,2026-10-05T06:22:19.320655+00:00,
3,T004,SMILE_BOTH,task,175,5,12,14,3,R3,L7,L8,R2,50000,600.0,5.0,9.0,10.295630140987,60.94539590092286,95.3143018,95.4130887,458867123019200,458867221806100,2026-10-05T06:22:19.320655+00:00,2026-10-05T06:22:19.419706+00:00,
3,T004,SMILE_BOTH,task,176,5,14,15,3,R3,L8,R8,R2,50000,600.0,1.0,20.0,20.024984394500787,87.13759477388825,95.4133024,95.509264,458867222019800,458867317981400,2026-10-05T06:22:19.419706+00:00,2026-10-05T06:22:19.515618+00:00,
3,T004,SMILE_BOTH,task,177,5,15,13,3,R3,R8,R7,R2,50000,600.0,0.0,20.0,20.0,90.0,95.5094669,95.6082182,458867318184300,458867416935600,2026-10-05T06:22:19.515618+00:00,2026-10-05T06:22:19.609470+00:00,
3,T004,SMILE_BOTH,task,178,5,13,11,3,R3,R7,R6,R2,50000,600.0,3.0,19.0,19.235384061671343,81.02737338510362,95.6084581,95.707109,458867417175500,458867515826400,2026-10-05T06:22:19.609470+00:00,2026-10-05T06:22:19.713848+00:00,
3,T004,SMILE_BOTH,task,179,5,11,9,3,R3,R6,R5,R2,50000,600.0,-51.0,225.0,230.70760715676457,102.77124256490144,95.7074594,95.8081945,458867516176800,458867616911900,2026-10-05T06:22:19.713848+00:00,2026-10-05T06:22:19.809777+00:00,
3,T004,SMILE_BOTH,task,180,5,9,7,3,R3,R5,R4,R2,50000,600.0,83.0,-299.0,310.3063002905355,-74.48577269807838,95.8084945,95.9061493,458867617211900,458867714866700,2026-10-05T06:22:19.809777+00:00,2026-10-05T06:22:19.909936+00:00,
3,T004,SMILE_BOTH,task,181,5,1,0,3,R3,R1,L1,R2,50000,600.0,-6.0,66.0,66.27216610312357,95.1944289077348,95.9064537,96.0040573,458867715171100,458867812774700,2026-10-05T06:22:19.909936+00:00,2026-10-05T06:22:20.009724+00:00,
3,T004,SMILE_BOTH,task,182,3,0,2,1,R2,L1,L2,R1,50000,600.0,-27.0,389.0,389.9358921669048,93.97046006044334,96.0043156,96.1022659,458867813033000,458867910983300,2026-10-05T06:22:20.009724+00:00,2026-10-05T06:22:20.104176+00:00,
3,T004,SMILE_BOTH,task,183,3,2,4,1,R2,L2,L3,R1,50000,600.0,12.0,17.0,20.808652046684813,54.78240703180729,96.1024741,96.2001997,458867911191500,458868008917100,2026-10-05T06:22:20.104176+00:00,2026-10-05T06:22:20.202852+00:00,
3,T004,SMILE_BOTH,task,184,3,4,6,1,R2,L3,L4,R1,50000,600.0,-1.0,22.0,22.02271554554524,92.6025622024998,96.2004074,96.3000898,458868009124800,458868108807200,2026-10-05T06:22:20.202852+00:00,2026-10-05T06:22:20.306876+00:00,
3,T004,SMILE_BOTH,task,185,3,6,8,1,R2,L4,L5,R1,50000,600.0,5.0,-23.0,23.53720459187964,-77.7352262721076,96.300279,96.3992174,458868108996400,458868207934800,2026-10-05T06:22:20.306876+00:00,2026-10-05T06:22:20.403815+00:00,
3,T004,SMILE_BOTH,task,186,3,8,10,1,R2,L5,L6,R1,50000,600.0,13.0,16.0,20.615528128088304,50.906141113770495,96.3994284,96.4983339,458868208145800,458868307051300,2026-10-05T06:22:20.403815+00:00,2026-10-05T06:22:20.502135+00:00,
3,T004,SMILE_BOTH,task,187,3,10,12,1,R2,L6,L7,R1,50000,600.0,2.0,7.0,7.280109889280518,74.05460409907715,96.498564,96.5981433,458868307281400,458868406860700,2026-10-05T06:22:20.502135+00:00,2026-10-05T06:22:20.601989+00:00,
3,T004,SMILE_BOTH,task,188,3,12,14,1,R2,L7,L8,R1,50000,600.0,12.0,8.0,14.422205101855956,33.690067525979785,96.5983957,96.696076,458868407113100,458868504793400,2026-10-05T06:22:20.601989+00:00,2026-10-05T06:22:20.701433+00:00,
3,T004,SMILE_BOTH,task,189,3,14,15,1,R2,L8,R8,R1,50000,600.0,9.0,18.0,20.12461179749811,63.43494882292201,96.6963365,96.7950866,458868505053900,458868603804000,2026-10-05T06:22:20.701433+00:00,2026-10-05T06:22:20.800184+00:00,
3,T004,SMILE_BOTH,task,190,3,15,13,1,R2,R8,R7,R1,50000,600.0,7.0,16.0,17.46424919657298,66.37062226934319,96.7954049,96.8923222,458868604122300,458868701039600,2026-10-05T06:22:20.802237+00:00,2026-10-05T06:22:20.889943+00:00,
3,T004,SMILE_BOTH,task,191,3,13,11,1,R2,R7,R6,R1,50000,600.0,10.0,33.0,34.48187929913333,73.14160123226172,96.8925415,96.9911905,458868701258900,458868799907900,2026-10-05T06:22:20.889943+00:00,2026-10-05T06:22:20.989678+00:00,
3,T004,SMILE_BOTH,task,192,3,11,9,1,R2,R6,R5,R1,50000,600.0,-12.0,160.0,160.44936896105264,94.28915332881903,96.9914065,97.0930084,458868800123900,458868901725800,2026-10-05T06:22:20.989678+00:00,2026-10-05T06:22:21.099703+00:00,
3,T004,SMILE_BOTH,task,193,3,9,7,1,R2,R5,R4,R1,50000,600.0,3.0,4.0,5.0,53.13010235415598,97.093277,97.1911324,458868901994400,458868999849800,2026-10-05T06:22:21.099703+00:00,2026-10-05T06:22:21.197799+00:00,
3,T004,SMILE_BOTH,task,194,3,7,5,1,R2,R4,R3,R1,50000,600.0,-31.0,503.0,503.95436301316016,93.52669081066674,97.1913817,97.2871951,458869000099100,458869095912500,2026-10-05T06:22:21.197799+00:00,2026-10-05T06:22:21.289663+00:00,
3,T004,SMILE_BOTH,task,195,1,2,4,0,R1,L2,L3,L1,50000,600.0,11.0,-25.0,27.313000567495326,-66.25050550713324,97.2874289,97.3863558,458869096146300,458869195073200,2026-10-05T06:22:21.289663+00:00,2026-10-05T06:22:21.393082+00:00,
3,T004,SMILE_BOTH,task,196,1,4,6,0,R1,L3,L4,L1,50000,600.0,-11.0,34.0,35.73513677041127,107.92791976200724,97.3865654,97.4873265,458869195282800,458869296043900,2026-10-05T06:22:21.393082+00:00,2026-10-05T06:22:21.489923+00:00,
3,T004,SMILE_BOTH,task,197,1,6,8,0,R1,L4,L5,L1,50000,600.0,17.0,-29.0,33.61547262794322,-59.62087398863166,97.4875472,97.5863889,458869296264600,458869395106300,2026-10-05T06:22:21.489923+00:00,2026-10-05T06:22:21.593240+00:00,
3,T004,SMILE_BOTH,task,198,1,8,10,0,R1,L5,L6,L1,50000,600.0,-1.0,12.0,12.041594578792296,94.76364169072617,97.586626,97.6873348,458869395343400,458869496052200,2026-10-05T06:22:21.593240+00:00,2026-10-05T06:22:21.690101+00:00,
3,T004,SMILE_BOTH,task,199,1,10,12,0,R1,L6,L7,L1,50000,600.0,0.0,10.0,10.0,90.0,97.6875543,97.7862651,458869496271700,458869594982500,2026-10-05T06:22:21.690101+00:00,2026-10-05T06:22:21.789949+00:00,
3,T004,SMILE_BOTH,task,200,1,12,14,0,R1,L7,L8,L1,50000,600.0,2.0,14.0,14.142135623730951,81.86989764584403,97.7864996,97.8833426,458869595217000,458869692060000,2026-10-05T06:22:21.789949+00:00,2026-10-05T06:22:21.879557+00:00,
3,T004,SMILE_BOTH,task,201,1,14,15,0,R1,L8,R8,L1,50000,600.0,-1.0,28.0,28.0178514522438,92.04540848888723,97.8835651,97.9831223,458869692282500,458869791839700,2026-10-05T06:22:21.879557+00:00,2026-10-05T06:22:21.989542+00:00,
3,T004,SMILE_BOTH,task,202,1,15,13,0,R1,R8,R7,L1,50000,600.0,0.0,17.0,17.0,90.0,97.9833563,98.0810802,458869792073700,458869889797600,2026-10-05T06:22:21.989542+00:00,2026-10-05T06:22:22.085690+00:00,
3,T004,SMILE_BOTH,task,203,1,13,11,0,R1,R7,R6,L1,50000,600.0,4.0,1.0,4.123105625617661,14.036243467926479,98.0813314,98.1820806,458869890048800,458869990798000,2026-10-05T06:22:22.085690+00:00,2026-10-05T06:22:22.187297+00:00,
3,T004,SMILE_BOTH,task,204,1,11,9,0,R1,R6,R5,L1,50000,600.0,0.0,36.0,36.0,90.0,98.1823465,98.2781911,458869991063900,458870086908500,2026-10-05T06:22:22.187297+00:00,2026-10-05T06:22:22.279903+00:00,
3,T004,SMILE_BOTH,task,205,1,9,7,0,R1,R5,R4,L1,50000,600.0,7.0,-53.0,53.46026561849464,-82.47617956136138,98.2784155,98.3750653,458870087132900,458870183782700,2026-10-05T06:22:22.279903+00:00,2026-10-05T06:22:22.379676+00:00,
3,T004,SMILE_BOTH,task,206,1,7,5,0,R1,R4,R3,L1,50000,600.0,5.0,53.0,53.23532661682466,84.61068824002659,98.3752811,98.4730602,458870183998500,458870281777600,2026-10-05T06:22:22.379676+00:00,2026-10-05T06:22:22.479776+00:00,
3,T004,SMILE_BOTH,task,207,1,5,3,0,R1,R3,R2,L1,50000,600.0,3.0,-6.0,6.708203932499369,-63.43494882292201,98.4732555,98.5720449,458870281972900,458870380762300,2026-10-05T06:22:22.479776+00:00,2026-10-05T06:22:22.570023+00:00,
4,T005,PUFF_LEFT,task,0,0,4,6,2,L1,L3,L4,L2,50000,600.0,-113.0,341.0,359.23529893372114,108.33407607588767,100.7265699,100.8252057,458872535287300,458872633923100,2026-10-05T06:22:24.733420+00:00,2026-10-05T06:22:24.829838+00:00,
4,T005,PUFF_LEFT,task,1,0,6,8,2,L1,L4,L5,L2,50000,600.0,-28.0,107.0,110.60289327137876,104.6644614884111,100.8254952,100.9230443,458872634212600,458872731761700,2026-10-05T06:22:24.829838+00:00,2026-10-05T06:22:24.929759+00:00,
4,T005,PUFF_LEFT,task,2,0,8,10,2,L1,L5,L6,L2,50000,600.0,-30.0,96.0,100.57832768544127,107.35402463626133,100.9233049,101.0202043,458872732022300,458872828921700,2026-10-05T06:22:24.929759+00:00,2026-10-05T06:22:25.019771+00:00,
4,T005,PUFF_LEFT,task,3,0,10,12,2,L1,L6,L7,L2,50000,600.0,-23.0,52.0,56.859475903318,113.86017519134235,101.0204508,101.1183323,458872829168200,458872927049700,2026-10-05T06:22:25.019771+00:00,2026-10-05T06:22:25.120701+00:00,
4,T005,PUFF_LEFT,task,4,0,12,14,2,L1,L7,L8,L2,50000,600.0,4.0,18.0,18.439088914585774,77.47119229084849,101.1185064,101.2181968,458872927223800,458873026914200,2026-10-05T06:22:25.120701+00:00,2026-10-05T06:22:25.219605+00:00,
4,T005,PUFF_LEFT,task,5,0,14,15,2,L1,L8,R8,L2,50000,600.0,2.0,5.0,5.385164807134504,68.19859051364818,101.2184101,101.3163356,458873027127500,458873125053000,2026-10-05T06:22:25.219605+00:00,2026-10-05T06:22:25.320083+00:00,
4,T005,PUFF_LEFT,task,6,0,15,13,2,L1,R8,R7,L2,50000,600.0,4.0,4.0,5.656854249492381,45.0,101.3165602,101.4140804,458873125277600,458873222797800,2026-10-05T06:22:25.320083+00:00,2026-10-05T06:22:25.419641+00:00,
4,T005,PUFF_LEFT,task,7,0,13,11,2,L1,R7,R6,L2,50000,600.0,14.0,-21.0,25.238858928247925,-56.309932474020215,101.4143181,101.5092014,458873223035500,458873317918800,2026-10-05T06:22:25.419641+00:00,2026-10-05T06:22:25.509795+00:00,
4,T005,PUFF_LEFT,task,8,0,11,9,2,L1,R6,R5,L2,50000,600.0,3.0,13.0,13.341664064126334,77.0053832080835,101.5094477,101.615378,458873318165100,458873424095400,2026-10-05T06:22:25.509795+00:00,2026-10-05T06:22:25.619754+00:00,
4,T005,PUFF_LEFT,task,9,0,9,7,2,L1,R5,R4,L2,50000,600.0,25.0,-68.0,72.44998274671983,-69.81419699053515,101.6156289,101.7120886,458873424346300,458873520806000,2026-10-05T06:22:25.619754+00:00,2026-10-05T06:22:25.718211+00:00,
4,T005,PUFF_LEFT,task,10,0,7,5,2,L1,R4,R3,L2,50000,600.0,-4.0,53.0,53.150729063673246,94.31602751986563,101.7123134,101.812445,458873521030800,458873621162400,2026-10-05T06:22:25.718211+00:00,2026-10-05T06:22:25.819125+00:00,
4,T005,PUFF_LEFT,task,11,0,5,3,2,L1,R3,R2,L2,50000,600.0,9.0,-27.0,28.460498941515414,-71.56505117707799,101.8126741,101.9110884,458873621391500,458873719805800,2026-10-05T06:22:25.819125+00:00,2026-10-05T06:22:25.917763+00:00,
4,T005,PUFF_LEFT,task,12,0,3,1,2,L1,R2,R1,L2,50000,600.0,-127.0,423.0,441.65371050179124,106.71167012395563,101.9113313,102.0082589,458873720048700,458873816976300,2026-10-05T06:22:25.917763+00:00,2026-10-05T06:22:26.009701+00:00,
4,T005,PUFF_LEFT,task,13,2,6,8,4,L2,L4,L5,L3,50000,600.0,97.0,-263.0,280.3176769310134,-69.75495178196024,102.0084859,102.1041344,458873817203300,458873912851800,2026-10-05T06:22:26.009701+00:00,2026-10-05T06:22:26.109582+00:00,
4,T005,PUFF_LEFT,task,14,2,8,10,4,L2,L5,L6,L3,50000,600.0,-59.0,175.0,184.67809832245945,108.63116647881593,102.1043912,102.2033437,458873913108600,458874012061100,2026-10-05T06:22:26.109582+00:00,2026-10-05T06:22:26.210079+00:00,
4,T005,PUFF_LEFT,task,15,2,10,12,4,L2,L6,L7,L3,50000,600.0,-19.0,44.0,47.92702786528704,113.355564859286,102.2035727,102.3040913,458874012290100,458874112808700,2026-10-05T06:22:26.210079+00:00,2026-10-05T06:22:26.310797+00:00,
4,T005,PUFF_LEFT,task,16,2,12,14,4,L2,L7,L8,L3,50000,600.0,-1.0,23.0,23.021728866442675,92.48955292199916,102.3043235,102.4032271,458874113040900,458874211944500,2026-10-05T06:22:26.310797+00:00,2026-10-05T06:22:26.409962+00:00,
4,T005,PUFF_LEFT,task,17,2,14,15,4,L2,L8,R8,L3,50000,600.0,-3.0,15.0,15.297058540778355,101.30993247402021,102.4034411,102.5030508,458874212158500,458874311768200,2026-10-05T06:22:26.409962+00:00,2026-10-05T06:22:26.509759+00:00,
4,T005,PUFF_LEFT,task,18,2,15,13,4,L2,R8,R7,L3,50000,600.0,1.0,12.0,12.041594578792296,85.23635830927383,102.5032517,102.601056,458874311969100,458874409773400,2026-10-05T06:22:26.509759+00:00,2026-10-05T06:22:26.607598+00:00,
4,T005,PUFF_LEFT,task,19,2,13,11,4,L2,R7,R6,L3,50000,600.0,4.0,5.0,6.4031242374328485,51.34019174590991,102.6012545,102.698096,458874409971900,458874506813400,2026-10-05T06:22:26.607598+00:00,2026-10-05T06:22:26.703156+00:00,
4,T005,PUFF_LEFT,task,20,2,11,9,4,L2,R6,R5,L3,50000,600.0,-1.0,20.0,20.024984394500787,92.86240522611175,102.698343,102.7953798,458874507060400,458874604097200,2026-10-05T06:22:26.705160+00:00,2026-10-05T06:22:26.799941+00:00,
4,T005,PUFF_LEFT,task,21,2,9,7,4,L2,R5,R4,L3,50000,600.0,0.0,-5.0,5.0,-90.0,102.7956143,102.8940606,458874604331700,458874702778000,2026-10-05T06:22:26.799941+00:00,2026-10-05T06:22:26.899978+00:00,
4,T005,PUFF_LEFT,task,22,2,7,5,4,L2,R4,R3,L3,50000,600.0,10.0,12.0,15.620499351813308,50.19442890773481,102.8942871,102.9920558,458874703004500,458874800773200,2026-10-05T06:22:26.899978+00:00,2026-10-05T06:22:26.995705+00:00,
4,T005,PUFF_LEFT,task,23,2,5,3,4,L2,R3,R2,L3,50000,600.0,-1.0,9.0,9.055385138137417,96.3401917459099,102.9922743,103.0901958,458874800991700,458874898913200,2026-10-05T06:22:26.995705+00:00,2026-10-05T06:22:27.090060+00:00,
4,T005,PUFF_LEFT,task,24,2,3,1,4,L2,R2,R1,L3,50000,600.0,7.0,-54.0,54.45181356024793,-82.61395684873273,103.0904047,103.1871937,458874899122100,458874995911100,2026-10-05T06:22:27.090060+00:00,2026-10-05T06:22:27.190075+00:00,
4,T005,PUFF_LEFT,task,25,2,1,0,4,L2,R1,L1,L3,50000,600.0,15.0,20.0,25.0,53.13010235415598,103.1874049,103.2850661,458874996122300,458875093783500,2026-10-05T06:22:27.190075+00:00,2026-10-05T06:22:27.289599+00:00,
4,T005,PUFF_LEFT,task,26,4,0,2,6,L3,L1,L2,L4,50000,600.0,-86.0,381.0,390.58545799863055,102.71973989718511,103.285295,103.385336,458875094012400,458875194053400,2026-10-05T06:22:27.289599+00:00,2026-10-05T06:22:27.390208+00:00,
4,T005,PUFF_LEFT,task,27,4,8,10,6,L3,L5,L6,L4,50000,600.0,96.0,-276.0,292.2190958852621,-70.82099197418928,103.3855791,103.4850855,458875194296500,458875293802900,2026-10-05T06:22:27.390208+00:00,2026-10-05T06:22:27.489892+00:00,
4,T005,PUFF_LEFT,task,28,4,10,12,6,L3,L6,L7,L4,50000,600.0,7.0,-30.0,30.805843601498726,-76.86597769360368,103.485288,103.5840655,458875294005400,458875392782900,2026-10-05T06:22:27.489892+00:00,2026-10-05T06:22:27.589903+00:00,
4,T005,PUFF_LEFT,task,29,4,12,14,6,L3,L7,L8,L4,50000,600.0,16.0,-22.0,27.202941017470888,-53.97262661489639,103.5842888,103.6841026,458875393006200,458875492820000,2026-10-05T06:22:27.589903+00:00,2026-10-05T06:22:27.689825+00:00,
4,T005,PUFF_LEFT,task,30,4,14,15,6,L3,L8,R8,L4,50000,600.0,8.0,-20.0,21.540659228538015,-68.19859051364818,103.684373,103.7821339,458875493090400,458875590851300,2026-10-05T06:22:27.689825+00:00,2026-10-05T06:22:27.788926+00:00,
4,T005,PUFF_LEFT,task,31,4,15,13,6,L3,R8,R7,L4,50000,600.0,7.0,-2.0,7.280109889280518,-15.945395900922854,103.7824046,103.8803099,458875591122000,458875689027300,2026-10-05T06:22:27.788926+00:00,2026-10-05T06:22:27.886452+00:00,
4,T005,PUFF_LEFT,task,32,4,13,11,6,L3,R7,R6,L4,50000,600.0,15.0,-20.0,25.0,-53.13010235415598,103.8805313,103.9822568,458875689248700,458875790974200,2026-10-05T06:22:27.887452+00:00,2026-10-05T06:22:27.986000+00:00,
4,T005,PUFF_LEFT,task,33,4,11,9,6,L3,R6,R5,L4,50000,600.0,-1.0,18.0,18.027756377319946,93.17983011986423,103.9824935,104.0821406,458875791210900,458875890858000,2026-10-05T06:22:27.986000+00:00,2026-10-05T06:22:28.087328+00:00,
4,T005,PUFF_LEFT,task,34,4,9,7,6,L3,R5,R4,L4,50000,600.0,18.0,-59.0,61.68468205316454,-73.03385189146381,104.0823766,104.1800971,458875891094000,458875988814500,2026-10-05T06:22:28.087328+00:00,2026-10-05T06:22:28.185047+00:00,
4,T005,PUFF_LEFT,task,35,4,7,5,6,L3,R4,R3,L4,50000,600.0,0.0,61.0,61.0,90.0,104.1803048,104.2790884,458875989022200,458876087805800,2026-10-05T06:22:28.185047+00:00,2026-10-05T06:22:28.285526+00:00,
4,T005,PUFF_LEFT,task,36,4,5,3,6,L3,R3,R2,L4,50000,600.0,6.0,15.0,16.15549442140351,68.19859051364818,104.279562,104.3750654,458876088279400,458876183782800,2026-10-05T06:22:28.285526+00:00,2026-10-05T06:22:28.379637+00:00,
4,T005,PUFF_LEFT,task,37,4,3,1,6,L3,R2,R1,L4,50000,600.0,-17.0,-21.0,27.018512172212592,-128.99099404250546,104.3762421,104.4741005,458876184959500,458876282817900,2026-10-05T06:22:28.379637+00:00,2026-10-05T06:22:28.480547+00:00,
4,T005,PUFF_LEFT,task,38,4,1,0,6,L3,R1,L1,L4,50000,600.0,-20.0,132.0,133.5065541462291,98.61564818416412,104.4743217,104.5721901,458876283039100,458876380907500,2026-10-05T06:22:28.480547+00:00,2026-10-05T06:22:28.575545+00:00,
4,T005,PUFF_LEFT,task,39,6,0,2,8,L4,L1,L2,L5,50000,600.0,-17.0,89.0,90.60905032059435,100.81387751362496,104.5723878,104.6690825,458876381105200,458876477799900,2026-10-05T06:22:28.575545+00:00,2026-10-05T06:22:28.675453+00:00,
4,T005,PUFF_LEFT,task,40,6,2,4,8,L4,L2,L3,L5,50000,600.0,106.0,-254.0,275.230812228573,-67.34810834790942,104.6693736,104.7680567,458876478091000,458876576774100,2026-10-05T06:22:28.675453+00:00,2026-10-05T06:22:28.769597+00:00,
4,T005,PUFF_LEFT,task,41,6,10,12,8,L4,L6,L7,L5,50000,600.0,-92.0,192.0,212.90373411474022,115.60218755144177,104.7683184,104.8660948,458876577035800,458876674812200,2026-10-05T06:22:28.769597+00:00,2026-10-05T06:22:28.872345+00:00,
4,T005,PUFF_LEFT,task,42,6,12,14,8,L4,L7,L8,L5,50000,600.0,-22.0,77.0,80.0812087820857,105.94539590092286,104.8663325,104.9640834,458876675049900,458876772800800,2026-10-05T06:22:28.872345+00:00,2026-10-05T06:22:28.969866+00:00,
4,T005,PUFF_LEFT,task,43,6,14,15,8,L4,L8,R8,L5,50000,600.0,-16.0,49.0,51.54609587543949,108.08344538304866,104.9643173,105.0612015,458876773034700,458876869918900,2026-10-05T06:22:28.969866+00:00,2026-10-05T06:22:29.059776+00:00,
4,T005,PUFF_LEFT,task,44,6,15,13,8,L4,R8,R7,L5,50000,600.0,-2.0,24.0,24.08318915758459,94.76364169072617,105.0613852,105.1620877,458876870102600,458876970805100,2026-10-05T06:22:29.059776+00:00,2026-10-05T06:22:29.167957+00:00,
4,T005,PUFF_LEFT,task,45,6,13,11,8,L4,R7,R6,L5,50000,600.0,-4.0,20.0,20.396078054371138,101.30993247402021,105.1623003,105.2593799,458876971017700,458877068097300,2026-10-05T06:22:29.167957+00:00,2026-10-05T06:22:29.261843+00:00,
4,T005,PUFF_LEFT,task,46,6,11,9,8,L4,R6,R5,L5,50000,600.0,0.0,5.0,5.0,90.0,105.2595706,105.3562179,458877068288000,458877164935300,2026-10-05T06:22:29.261843+00:00,2026-10-05T06:22:29.359776+00:00,
4,T005,PUFF_LEFT,task,47,6,9,7,8,L4,R5,R4,L5,50000,600.0,-11.0,42.0,43.41658669218482,104.67639313745002,105.356421,105.4530879,458877165138400,458877261805300,2026-10-05T06:22:29.359776+00:00,2026-10-05T06:22:29.459887+00:00,
4,T005,PUFF_LEFT,task,48,6,7,5,8,L4,R4,R3,L5,50000,600.0,25.0,-24.0,34.655446902326915,-43.830860672092584,105.4532909,105.553087,458877262008300,458877361804400,2026-10-05T06:22:29.459887+00:00,2026-10-05T06:22:29.559795+00:00,
4,T005,PUFF_LEFT,task,49,6,5,3,8,L4,R3,R2,L5,50000,600.0,-1.0,-16.0,16.0312195418814,-93.57633437499736,105.5533224,105.6511995,458877362039800,458877459916900,2026-10-05T06:22:29.559795+00:00,2026-10-05T06:22:29.651128+00:00,
4,T005,PUFF_LEFT,task,50,6,3,1,8,L4,R2,R1,L5,50000,600.0,9.0,-122.0,122.3315167894194,-85.78090465075155,105.6514291,105.7481286,458877460146500,458877556846000,2026-10-05T06:22:29.651128+00:00,2026-10-05T06:22:29.752203+00:00,
4,T005,PUFF_LEFT,task,51,6,1,0,8,L4,R1,L1,L5,50000,600.0,34.0,6.0,34.52535300326414,10.007979801441337,105.7483584,105.8486818,458877557075800,458877657399200,2026-10-05T06:22:29.752203+00:00,2026-10-05T06:22:29.851453+00:00,
4,T005,PUFF_LEFT,task,52,8,0,2,10,L5,L1,L2,L6,50000,600.0,-34.0,105.0,110.3675676999362,107.94244708915868,105.8489346,105.9450981,458877657652000,458877753815500,2026-10-05T06:22:29.855701+00:00,2026-10-05T06:22:29.951868+00:00,
4,T005,PUFF_LEFT,task,53,8,2,4,10,L5,L2,L3,L6,50000,600.0,-73.0,190.0,203.54115063052976,111.01730087475627,105.9453327,106.0430573,458877754050100,458877851774700,2026-10-05T06:22:29.951868+00:00,2026-10-05T06:22:30.049740+00:00,
4,T005,PUFF_LEFT,task,54,8,4,6,10,L5,L3,L4,L6,50000,600.0,125.0,-296.0,321.3113754600045,-67.10579776844517,106.043268,106.1411914,458877851985400,458877949908800,2026-10-05T06:22:30.049740+00:00,2026-10-05T06:22:30.139855+00:00,
4,T005,PUFF_LEFT,task,55,8,12,14,10,L5,L7,L8,L6,50000,600.0,-79.0,181.0,197.48924021323288,113.5795408807901,106.141497,106.2403331,458877950214400,458878049050500,2026-10-05T06:22:30.139855+00:00,2026-10-05T06:22:30.240031+00:00,
4,T005,PUFF_LEFT,task,56,8,14,15,10,L5,L8,R8,L6,50000,600.0,-30.0,69.0,75.23961722390672,113.49856567595211,106.2405566,106.3381967,458878049274000,458878146914100,2026-10-05T06:22:30.240031+00:00,2026-10-05T06:22:30.339676+00:00,
4,T005,PUFF_LEFT,task,57,8,15,13,10,L5,R8,R7,L6,50000,600.0,-6.0,25.0,25.709920264364882,103.49573328079582,106.3384026,106.4360578,458878147120000,458878244775200,2026-10-05T06:22:30.339676+00:00,2026-10-05T06:22:30.439778+00:00,
4,T005,PUFF_LEFT,task,58,8,13,11,10,L5,R7,R6,L6,50000,600.0,-1.0,4.0,4.123105625617661,104.03624346792648,106.4363675,106.5330645,458878245084900,458878341781900,2026-10-05T06:22:30.439778+00:00,2026-10-05T06:22:30.539825+00:00,
4,T005,PUFF_LEFT,task,59,8,11,9,10,L5,R6,R5,L6,50000,600.0,12.0,43.0,44.64302857109943,74.40718906073366,106.5332888,106.6313846,458878342006200,458878440102000,2026-10-05T06:22:30.539825+00:00,2026-10-05T06:22:30.635150+00:00,
4,T005,PUFF_LEFT,task,60,8,9,7,10,L5,R5,R4,L6,50000,600.0,5.0,-1.0,5.0990195135927845,-11.309932474020213,106.6316525,106.7293386,458878440369900,458878538056000,2026-10-05T06:22:30.635150+00:00,2026-10-05T06:22:30.736215+00:00,
4,T005,PUFF_LEFT,task,61,8,7,5,10,L5,R4,R3,L6,50000,600.0,1.0,8.0,8.06225774829855,82.8749836510982,106.7296532,106.8281411,458878538370600,458878636858500,2026-10-05T06:22:30.736215+00:00,2026-10-05T06:22:30.834664+00:00,
4,T005,PUFF_LEFT,task,62,8,5,3,10,L5,R3,R2,L6,50000,600.0,-1.0,3.0,3.1622776601683795,108.43494882292202,106.8284053,106.9281319,458878637122700,458878736849300,2026-10-05T06:22:30.834664+00:00,2026-10-05T06:22:30.929799+00:00,
4,T005,PUFF_LEFT,task,63,8,3,1,10,L5,R2,R1,L6,50000,600.0,-7.0,-34.0,34.713109915419565,-101.63363399894044,106.9284214,107.0272119,458878737138800,458878835929300,2026-10-05T06:22:30.929799+00:00,2026-10-05T06:22:31.029965+00:00,
4,T005,PUFF_LEFT,task,64,8,1,0,10,L5,R1,L1,L6,50000,600.0,-8.0,74.0,74.43117626371358,96.1701750950296,107.0274367,107.1262156,458878836154100,458878934933000,2026-10-05T06:22:31.029965+00:00,2026-10-05T06:22:31.129671+00:00,
4,T005,PUFF_LEFT,task,65,10,0,2,12,L6,L1,L2,L7,50000,600.0,-19.0,48.0,51.62363799656123,111.5953104489677,107.1264265,107.222256,458878935143900,458879030973400,2026-10-05T06:22:31.129671+00:00,2026-10-05T06:22:31.219523+00:00,
4,T005,PUFF_LEFT,task,66,10,2,4,12,L6,L2,L3,L7,50000,600.0,-17.0,50.0,52.81098370604357,108.77803322244554,107.2224885,107.3202073,458879031205900,458879128924700,2026-10-05T06:22:31.219523+00:00,2026-10-05T06:22:31.319708+00:00,
4,T005,PUFF_LEFT,task,67,10,4,6,12,L6,L3,L4,L7,50000,600.0,14.0,-43.0,45.221676218380054,-71.96571443287014,107.3204241,107.4162302,458879129141500,458879224947600,2026-10-05T06:22:31.319708+00:00,2026-10-05T06:22:31.419723+00:00,
4,T005,PUFF_LEFT,task,68,10,6,8,12,L6,L4,L5,L7,50000,600.0,-104.0,220.0,243.34337878808208,115.30137862541973,107.4164438,107.5152096,458879225161200,458879323927000,2026-10-05T06:22:31.419723+00:00,2026-10-05T06:22:31.519698+00:00,
4,T005,PUFF_LEFT,task,69,10,14,15,12,L6,L8,R8,L7,50000,600.0,-154.0,381.0,410.94646853331153,112.00853295650099,107.5154251,107.6151972,458879324142500,458879423914600,2026-10-05T06:22:31.519698+00:00,2026-10-05T06:22:31.619978+00:00,
4,T005,PUFF_LEFT,task,70,10,15,13,12,L6,R8,R7,L7,50000,600.0,-34.0,73.0,80.52949770115296,114.97391090588341,107.6154012,107.7121182,458879424118600,458879520835600,2026-10-05T06:22:31.619978+00:00,2026-10-05T06:22:31.718146+00:00,
4,T005,PUFF_LEFT,task,71,10,13,11,12,L6,R7,R6,L7,50000,600.0,-15.0,52.0,54.120236510939236,106.09081634885217,107.7123209,107.8100788,458879521038300,458879618796200,2026-10-05T06:22:31.718146+00:00,2026-10-05T06:22:31.816965+00:00,
4,T005,PUFF_LEFT,task,72,10,11,9,12,L6,R6,R5,L7,50000,600.0,-9.0,23.0,24.698178070456937,111.37062226934319,107.8104113,107.9090729,458879619128700,458879717790300,2026-10-05T06:22:31.816965+00:00,2026-10-05T06:22:31.909557+00:00,
4,T005,PUFF_LEFT,task,73,10,9,7,12,L6,R5,R4,L7,50000,600.0,-8.0,14.0,16.1245154965971,119.74488129694222,107.909297,108.0072678,458879718014400,458879815985200,2026-10-05T06:22:31.909557+00:00,2026-10-05T06:22:32.013977+00:00,
4,T005,PUFF_LEFT,task,74,10,7,5,12,L6,R4,R3,L7,50000,600.0,14.0,-3.0,14.317821063276353,-12.094757077012101,108.0074684,108.1050688,458879816185800,458879913786200,2026-10-05T06:22:32.013977+00:00,2026-10-05T06:22:32.109639+00:00,
4,T005,PUFF_LEFT,task,75,10,5,3,12,L6,R3,R2,L7,50000,600.0,-2.0,1.0,2.23606797749979,153.434948822922,108.1052933,108.2031259,458879914010700,458880011843300,2026-10-05T06:22:32.109639+00:00,2026-10-05T06:22:32.209828+00:00,
4,T005,PUFF_LEFT,task,76,10,3,1,12,L6,R2,R1,L7,50000,600.0,-8.0,-57.0,57.55866572463264,-97.9893267663969,108.203383,108.3030562,458880012100400,458880111773600,2026-10-05T06:22:32.209828+00:00,2026-10-05T06:22:32.309608+00:00,
4,T005,PUFF_LEFT,task,77,10,1,0,12,L6,R1,L1,L7,50000,600.0,4.0,68.0,68.11754546370561,86.63353933657021,108.3033236,108.4011268,458880112041000,458880209844200,2026-10-05T06:22:32.310120+00:00,2026-10-05T06:22:32.407946+00:00,
4,T005,PUFF_LEFT,task,78,12,0,2,14,L7,L1,L2,L8,50000,600.0,3.0,14.0,14.317821063276353,77.9052429229879,108.4014219,108.4990587,458880210139300,458880307776100,2026-10-05T06:22:32.407946+00:00,2026-10-05T06:22:32.505340+00:00,
4,T005,PUFF_LEFT,task,79,12,2,4,14,L7,L2,L3,L8,50000,600.0,-6.0,29.0,29.614185789921695,101.6893691754392,108.4993284,108.5971461,458880308045800,458880405863500,2026-10-05T06:22:32.505340+00:00,2026-10-05T06:22:32.603665+00:00,
4,T005,PUFF_LEFT,task,80,12,4,6,14,L7,L3,L4,L8,50000,600.0,14.0,-35.0,37.69615364994153,-68.19859051364818,108.5974352,108.6961086,458880406152600,458880504826000,2026-10-05T06:22:32.604183+00:00,2026-10-05T06:22:32.701711+00:00,
4,T005,PUFF_LEFT,task,81,12,6,8,14,L7,L4,L5,L8,50000,600.0,-36.0,99.0,105.34229919647663,109.98310652189998,108.6963791,108.7930486,458880505096500,458880601766000,2026-10-05T06:22:32.701711+00:00,2026-10-05T06:22:32.799709+00:00,
4,T005,PUFF_LEFT,task,82,12,8,10,14,L7,L5,L6,L8,50000,600.0,-84.0,192.0,209.57099035887578,113.62937773065681,108.7932975,108.8892022,458880602014900,458880697919600,2026-10-05T06:22:32.799709+00:00,2026-10-05T06:22:32.889625+00:00,
4,T005,PUFF_LEFT,task,83,12,15,13,14,L7,R8,R7,L8,50000,600.0,-66.0,156.0,169.38713056191725,112.9321004375898,108.8894185,108.9872056,458880698135900,458880795923000,2026-10-05T06:22:32.889625+00:00,2026-10-05T06:22:32.989704+00:00,
4,T005,PUFF_LEFT,task,84,12,13,11,14,L7,R7,R6,L8,50000,600.0,-35.0,75.0,82.76472678623425,115.01689347810004,108.9874174,109.086212,458880796134800,458880894929400,2026-10-05T06:22:32.989704+00:00,2026-10-05T06:22:33.089487+00:00,
4,T005,PUFF_LEFT,task,85,12,11,9,14,L7,R6,R5,L8,50000,600.0,-18.0,26.0,31.622776601683793,124.69515353123397,109.0864259,109.1840951,458880895143300,458880992812500,2026-10-05T06:22:33.089487+00:00,2026-10-05T06:22:33.189690+00:00,
4,T005,PUFF_LEFT,task,86,12,9,7,14,L7,R5,R4,L8,50000,600.0,-8.0,15.0,17.0,118.07248693585296,109.1843486,109.2810917,458880993066000,458881089809100,2026-10-05T06:22:33.189690+00:00,2026-10-05T06:22:33.287479+00:00,
4,T005,PUFF_LEFT,task,87,12,7,5,14,L7,R4,R3,L8,50000,600.0,11.0,-3.0,11.40175425099138,-15.255118703057777,109.2813299,109.3811801,458881090047300,458881189897500,2026-10-05T06:22:33.287479+00:00,2026-10-05T06:22:33.385645+00:00,
4,T005,PUFF_LEFT,task,88,12,5,3,14,L7,R3,R2,L8,50000,600.0,-2.0,2.0,2.8284271247461903,135.0,109.381467,109.479215,458881190184400,458881287932400,2026-10-05T06:22:33.385645+00:00,2026-10-05T06:22:33.485706+00:00,
4,T005,PUFF_LEFT,task,89,12,3,1,14,L7,R2,R1,L8,50000,600.0,-8.0,-46.0,46.69047011971501,-99.86580694308438,109.4794215,109.5750775,458881288138900,458881383794900,2026-10-05T06:22:33.485706+00:00,2026-10-05T06:22:33.579526+00:00,
4,T005,PUFF_LEFT,task,90,12,1,0,14,L7,R1,L1,L8,50000,600.0,-6.0,71.0,71.25307010929424,94.83041995828995,109.5752861,109.6750737,458881384003500,458881483791100,2026-10-05T06:22:33.579526+00:00,2026-10-05T06:22:33.681811+00:00,
4,T005,PUFF_LEFT,task,91,14,0,2,15,L8,L1,L2,R8,50000,600.0,8.0,4.0,8.94427190999916,26.56505117707799,109.6752862,109.7720737,458881484003600,458881580791100,2026-10-05T06:22:33.681811+00:00,2026-10-05T06:22:33.771712+00:00,
4,T005,PUFF_LEFT,task,92,14,2,4,15,L8,L2,L3,R8,50000,600.0,-3.0,26.0,26.1725046566048,96.58194465517802,109.772418,109.8700575,458881581135400,458881678774900,2026-10-05T06:22:33.771712+00:00,2026-10-05T06:22:33.876938+00:00,
4,T005,PUFF_LEFT,task,93,14,4,6,15,L8,L3,L4,R8,50000,600.0,10.0,-27.0,28.792360097775937,-69.67686317033707,109.8702838,109.9660753,458881679001200,458881774792700,2026-10-05T06:22:33.876938+00:00,2026-10-05T06:22:33.969622+00:00,
4,T005,PUFF_LEFT,task,94,14,6,8,15,L8,L4,L5,R8,50000,600.0,-21.0,70.0,73.08214556237385,106.69924423399362,109.9663252,110.0641284,458881775042600,458881872845800,2026-10-05T06:22:33.969622+00:00,2026-10-05T06:22:34.070516+00:00,
4,T005,PUFF_LEFT,task,95,14,8,10,15,L8,L5,L6,R8,50000,600.0,-24.0,75.0,78.74642849044012,107.74467162505692,110.064544,110.1611977,458881873261400,458881969915100,2026-10-05T06:22:34.070516+00:00,2026-10-05T06:22:34.159491+00:00,
4,T005,PUFF_LEFT,task,96,14,10,12,15,L8,L6,L7,R8,50000,600.0,-148.0,400.0,426.5020515777152,110.30447370996043,110.1614232,110.2601968,458881970140600,458882068914200,2026-10-05T06:22:34.159491+00:00,2026-10-05T06:22:34.259734+00:00,
4,T005,PUFF_LEFT,task,97,14,13,11,15,L8,R7,R6,R8,50000,600.0,-150.0,330.0,362.49137920783716,114.44395478041653,110.2604733,110.3591986,458882069190700,458882167916000,2026-10-05T06:22:34.267264+00:00,2026-10-05T06:22:34.359558+00:00,
4,T005,PUFF_LEFT,task,98,14,11,9,15,L8,R6,R5,R8,50000,600.0,-41.0,76.0,86.35392289873113,118.34569362307667,110.359412,110.457194,458882168129400,458882265911400,2026-10-05T06:22:34.359558+00:00,2026-10-05T06:22:34.459724+00:00,
4,T005,PUFF_LEFT,task,99,14,9,7,15,L8,R5,R4,R8,50000,600.0,-20.0,39.0,43.829214001622255,117.14968169778317,110.4573944,110.5563368,458882266111800,458882365054200,2026-10-05T06:22:34.459724+00:00,2026-10-05T06:22:34.559913+00:00,
4,T005,PUFF_LEFT,task,100,14,7,5,15,L8,R4,R3,R8,50000,600.0,18.0,-13.0,22.20360331117452,-35.83765295427829,110.5565849,110.6550804,458882365302300,458882463797800,2026-10-05T06:22:34.559913+00:00,2026-10-05T06:22:34.659642+00:00,
4,T005,PUFF_LEFT,task,101,14,5,3,15,L8,R3,R2,R8,50000,600.0,-4.0,6.0,7.211102550927978,123.69006752597979,110.6552983,110.7522,458882464015700,458882560917400,2026-10-05T06:22:34.659642+00:00,2026-10-05T06:22:34.753011+00:00,
4,T005,PUFF_LEFT,task,102,14,3,1,15,L8,R2,R1,R8,50000,600.0,-12.0,-45.0,46.57252408878007,-104.93141717813755,110.7524332,110.8530669,458882561150600,458882661784300,2026-10-05T06:22:34.753011+00:00,2026-10-05T06:22:34.859783+00:00,
4,T005,PUFF_LEFT,task,103,14,1,0,15,L8,R1,L1,R8,50000,600.0,-8.0,86.0,86.37129152675674,95.31454566994475,110.8533053,110.951203,458882662022700,458882759920400,2026-10-05T06:22:34.859783+00:00,2026-10-05T06:22:34.953487+00:00,
4,T005,PUFF_LEFT,task,104,15,0,2,13,R8,L1,L2,R7,50000,600.0,7.0,-5.0,8.602325267042627,-35.53767779197438,110.9514078,111.0502159,458882760125200,458882858933300,2026-10-05T06:22:34.953487+00:00,2026-10-05T06:22:35.051512+00:00,
4,T005,PUFF_LEFT,task,105,15,2,4,13,R8,L2,L3,R7,50000,600.0,0.0,15.0,15.0,90.0,111.0504314,111.1480917,458882859148800,458882956809100,2026-10-05T06:22:35.051512+00:00,2026-10-05T06:22:35.154789+00:00,
4,T005,PUFF_LEFT,task,106,15,4,6,13,R8,L3,L4,R7,50000,600.0,4.0,-15.0,15.524174696260024,-75.06858282186245,111.1482986,111.2460867,458882957016000,458883054804100,2026-10-05T06:22:35.154789+00:00,2026-10-05T06:22:35.252017+00:00,
4,T005,PUFF_LEFT,task,107,15,6,8,13,R8,L4,L5,R7,50000,600.0,-6.0,36.0,36.49657518178932,99.46232220802563,111.246387,111.3421948,458883055104400,458883150912200,2026-10-05T06:22:35.252017+00:00,2026-10-05T06:22:35.339810+00:00,
4,T005,PUFF_LEFT,task,108,15,8,10,13,R8,L5,L6,R7,50000,600.0,-4.0,23.0,23.345235059857504,99.86580694308438,111.3423932,111.4401975,458883151110600,458883248914900,2026-10-05T06:22:35.339810+00:00,2026-10-05T06:22:35.439934+00:00,
4,T005,PUFF_LEFT,task,109,15,10,12,13,R8,L6,L7,R7,50000,600.0,-36.0,78.0,85.90692637965812,114.77514056883193,111.4403953,111.5380766,458883249112700,458883346794000,2026-10-05T06:22:35.439934+00:00,2026-10-05T06:22:35.544570+00:00,
4,T005,PUFF_LEFT,task,110,15,12,14,13,R8,L7,L8,R7,50000,600.0,-55.0,160.0,169.1892431568863,108.97040780848656,111.5383214,111.6390703,458883347038800,458883447787700,2026-10-05T06:22:35.544570+00:00,2026-10-05T06:22:35.640767+00:00,
4,T005,PUFF_LEFT,task,111,15,11,9,13,R8,R6,R5,R7,50000,600.0,-100.0,181.0,206.7873303662485,118.92004403760644,111.6393323,111.7392961,458883448049700,458883548013500,2026-10-05T06:22:35.640767+00:00,2026-10-05T06:22:35.739576+00:00,
4,T005,PUFF_LEFT,task,112,15,9,7,13,R8,R5,R4,R7,50000,600.0,-27.0,53.0,59.481089431852205,116.99583839408663,111.7394865,111.8382009,458883548203900,458883646918300,2026-10-05T06:22:35.739576+00:00,2026-10-05T06:22:35.839995+00:00,
4,T005,PUFF_LEFT,task,113,15,7,5,13,R8,R4,R3,R7,50000,600.0,19.0,-17.0,25.495097567963924,-41.82016988013577,111.8384224,111.9360767,458883647139800,458883744794100,2026-10-05T06:22:35.839995+00:00,2026-10-05T06:22:35.939686+00:00,
4,T005,PUFF_LEFT,task,114,15,5,3,13,R8,R3,R2,R7,50000,600.0,-5.0,9.0,10.295630140987,119.05460409907714,111.9362602,112.0320642,458883744977600,458883840781600,2026-10-05T06:22:35.939686+00:00,2026-10-05T06:22:36.037691+00:00,
4,T005,PUFF_LEFT,task,115,15,3,1,13,R8,R2,R1,R7,50000,600.0,-15.0,-29.0,32.64965543462902,-117.34987578006988,112.0322789,112.1272017,458883840996300,458883935919100,2026-10-05T06:22:36.037691+00:00,2026-10-05T06:22:36.129554+00:00,
4,T005,PUFF_LEFT,task,116,15,1,0,13,R8,R1,L1,R7,50000,600.0,-2.0,69.0,69.02897942168927,91.6602823689828,112.1274933,112.2230555,458883936210700,458884031772900,2026-10-05T06:22:36.134334+00:00,2026-10-05T06:22:36.229764+00:00,
4,T005,PUFF_LEFT,task,117,13,0,2,11,R7,L1,L2,R6,50000,600.0,17.0,-20.0,26.248809496813376,-49.635463426902646,112.2232744,112.3211949,458884031991800,458884129912300,2026-10-05T06:22:36.229764+00:00,2026-10-05T06:22:36.319862+00:00,
4,T005,PUFF_LEFT,task,118,13,2,4,11,R7,L2,L3,R6,50000,600.0,-1.0,19.0,19.026297590440446,93.01278750418334,112.3214224,112.4201968,458884130139800,458884228914200,2026-10-05T06:22:36.319862+00:00,2026-10-05T06:22:36.419753+00:00,
4,T005,PUFF_LEFT,task,119,13,4,6,11,R7,L3,L4,R6,50000,600.0,11.0,-23.0,25.495097567963924,-64.4400348281762,112.4204054,112.5181955,458884229122800,458884326912900,2026-10-05T06:22:36.419753+00:00,2026-10-05T06:22:36.519531+00:00,
4,T005,PUFF_LEFT,task,120,13,6,8,11,R7,L4,L5,R6,50000,600.0,-13.0,43.0,44.9221548904324,106.82140989004083,112.5183965,112.6181018,458884327113900,458884426819200,2026-10-05T06:22:36.519531+00:00,2026-10-05T06:22:36.620033+00:00,
4,T005,PUFF_LEFT,task,121,13,8,10,11,R7,L5,L6,R6,50000,600.0,0.0,11.0,11.0,90.0,112.6183517,112.7170795,458884427069100,458884525796900,2026-10-05T06:22:36.620033+00:00,2026-10-05T06:22:36.719842+00:00,
4,T005,PUFF_LEFT,task,122,13,10,12,11,R7,L6,L7,R6,50000,600.0,-18.0,65.0,67.446274915669,105.47863816541836,112.7173389,112.814087,458884526056300,458884622804400,2026-10-05T06:22:36.719842+00:00,2026-10-05T06:22:36.820003+00:00,
4,T005,PUFF_LEFT,task,123,13,12,14,11,R7,L7,L8,R6,50000,600.0,-26.0,86.0,89.8443097808648,106.82140989004083,112.8143773,112.9100556,458884623094700,458884718773000,2026-10-05T06:22:36.820003+00:00,2026-10-05T06:22:36.909630+00:00,
4,T005,PUFF_LEFT,task,124,13,14,15,11,R7,L8,R8,R6,50000,600.0,-134.0,351.0,375.7086637276282,110.89517515662293,112.9102982,113.0050675,458884719015600,458884813784900,2026-10-05T06:22:36.909630+00:00,2026-10-05T06:22:37.012011+00:00,
4,T005,PUFF_LEFT,task,125,13,9,7,11,R7,R5,R4,R6,50000,600.0,-48.0,85.0,97.6165969494942,119.45367272692096,113.0052997,113.1040693,458884814017100,458884912786700,2026-10-05T06:22:37.012011+00:00,2026-10-05T06:22:37.109859+00:00,
4,T005,PUFF_LEFT,task,126,13,7,5,11,R7,R4,R3,R6,50000,600.0,12.0,-4.0,12.649110640673518,-18.43494882292201,113.1042865,113.2031985,458884913003900,458885011915900,2026-10-05T06:22:37.109859+00:00,2026-10-05T06:22:37.209954+00:00,
4,T005,PUFF_LEFT,task,127,13,5,3,11,R7,R3,R2,R6,50000,600.0,-11.0,18.0,21.095023109728988,121.42956561483851,113.2034003,113.3012171,458885012117700,458885109934500,2026-10-05T06:22:37.209954+00:00,2026-10-05T06:22:37.301613+00:00,
4,T005,PUFF_LEFT,task,128,13,3,1,11,R7,R2,R1,R6,50000,600.0,-27.0,1.0,27.018512172212592,177.87890360333856,113.3014306,113.4020551,458885110148000,458885210772500,2026-10-05T06:22:37.301613+00:00,2026-10-05T06:22:37.408137+00:00,
4,T005,PUFF_LEFT,task,129,13,1,0,11,R7,R1,L1,R6,50000,600.0,-8.0,72.0,72.44308110509934,96.3401917459099,113.4022492,113.4992151,458885210966600,458885307932500,2026-10-05T06:22:37.408137+00:00,2026-10-05T06:22:37.501352+00:00,
4,T005,PUFF_LEFT,task,130,11,0,2,9,R6,L1,L2,R5,50000,600.0,8.0,6.0,10.0,36.86989764584402,113.4994112,113.5970881,458885308128600,458885405805500,2026-10-05T06:22:37.501352+00:00,2026-10-05T06:22:37.603707+00:00,
4,T005,PUFF_LEFT,task,131,11,2,4,9,R6,L2,L3,R5,50000,600.0,-2.0,25.0,25.079872407968907,94.57392125990086,113.5973003,113.6962336,458885406017700,458885504951000,2026-10-05T06:22:37.603707+00:00,2026-10-05T06:22:37.701314+00:00,
4,T005,PUFF_LEFT,task,132,11,4,6,9,R6,L3,L4,R5,50000,600.0,-3.0,7.0,7.615773105863909,113.19859051364818,113.6964335,113.7921947,458885505150900,458885600912100,2026-10-05T06:22:37.701314+00:00,2026-10-05T06:22:37.791217+00:00,
4,T005,PUFF_LEFT,task,133,11,6,8,9,R6,L4,L5,R5,50000,600.0,-3.0,17.0,17.26267650163207,100.00797980144135,113.7924028,113.8912194,458885601120200,458885699936800,2026-10-05T06:22:37.791217+00:00,2026-10-05T06:22:37.891429+00:00,
4,T005,PUFF_LEFT,task,134,11,8,10,9,R6,L5,L6,R5,50000,600.0,17.0,41.0,44.384682042344295,67.47943439710312,113.8914594,113.9882005,458885700176800,458885796917900,2026-10-05T06:22:37.891429+00:00,2026-10-05T06:22:37.991676+00:00,
4,T005,PUFF_LEFT,task,135,11,10,12,9,R6,L6,L7,R5,50000,600.0,-9.0,27.0,28.460498941515414,108.43494882292202,113.9886345,114.0890612,458885797351900,458885897778600,2026-10-05T06:22:37.991676+00:00,2026-10-05T06:22:38.091915+00:00,
4,T005,PUFF_LEFT,task,136,11,12,14,9,R6,L7,L8,R5,50000,600.0,-9.0,28.0,29.410882339705484,107.81888891452277,114.0892847,114.1872087,458885898002100,458885995926100,2026-10-05T06:22:38.091915+00:00,2026-10-05T06:22:38.191994+00:00,
4,T005,PUFF_LEFT,task,137,11,14,15,9,R6,L8,R8,R5,50000,600.0,-32.0,76.0,82.46211251235322,112.83365417791754,114.1874157,114.2830682,458885996133100,458886091785600,2026-10-05T06:22:38.191994+00:00,2026-10-05T06:22:38.289699+00:00,
4,T005,PUFF_LEFT,task,138,11,15,13,9,R6,R8,R7,R5,50000,600.0,-77.0,189.0,204.08331631958552,112.16634582208246,114.2832771,114.3792373,458886091994500,458886187954700,2026-10-05T06:22:38.289699+00:00,2026-10-05T06:22:38.383950+00:00,
4,T005,PUFF_LEFT,task,139,11,7,5,9,R6,R4,R3,R5,50000,600.0,151.0,-367.0,396.8500976439341,-67.6355710275574,114.3794507,114.4771119,458886188168100,458886285829300,2026-10-05T06:22:38.383950+00:00,2026-10-05T06:22:38.483088+00:00,
4,T005,PUFF_LEFT,task,140,11,5,3,9,R6,R3,R2,R5,50000,600.0,-78.0,196.0,210.95023109728987,111.70053673931747,114.4773996,114.5730622,458886286117000,458886381779600,2026-10-05T06:22:38.484082+00:00,2026-10-05T06:22:38.579764+00:00,
4,T005,PUFF_LEFT,task,141,11,3,1,9,R6,R2,R1,R5,50000,600.0,-84.0,129.0,153.93829932800998,123.07067782276167,114.5732653,114.6701183,458886381982700,458886478835700,2026-10-05T06:22:38.579764+00:00,2026-10-05T06:22:38.676377+00:00,
4,T005,PUFF_LEFT,task,142,11,1,0,9,R6,R1,L1,R5,50000,600.0,-12.0,99.0,99.72462083156798,96.91122711902469,114.6703587,114.7681424,458886479076100,458886576859800,2026-10-05T06:22:38.677183+00:00,2026-10-05T06:22:38.769822+00:00,
4,T005,PUFF_LEFT,task,143,9,0,2,7,R5,L1,L2,R4,50000,600.0,33.0,-61.0,69.35416353759881,-61.58733855692742,114.7684119,114.8672386,458886577129300,458886675956000,2026-10-05T06:22:38.769822+00:00,2026-10-05T06:22:38.870509+00:00,
4,T005,PUFF_LEFT,task,144,9,2,4,7,R5,L2,L3,R4,50000,600.0,-1.0,14.0,14.035668847618199,94.08561677997488,114.8674497,114.9672041,458886676167100,458886775921500,2026-10-05T06:22:38.870509+00:00,2026-10-05T06:22:38.969684+00:00,
4,T005,PUFF_LEFT,task,145,9,4,6,7,R5,L3,L4,R4,50000,600.0,17.0,-58.0,60.440052945046304,-73.66395711028154,114.9674104,115.0641358,458886776127800,458886872853200,2026-10-05T06:22:38.969684+00:00,2026-10-05T06:22:39.069685+00:00,
4,T005,PUFF_LEFT,task,146,9,6,8,7,R5,L4,L5,R4,50000,600.0,-16.0,70.0,71.80529228406496,102.87500155961249,115.0642991,115.16309,458886873016500,458886971807400,2026-10-05T06:22:39.069685+00:00,2026-10-05T06:22:39.169660+00:00,
4,T005,PUFF_LEFT,task,147,9,8,10,7,R5,L5,L6,R4,50000,600.0,9.0,9.0,12.727922061357855,45.0,115.1633035,115.2621439,458886972020900,458887070861300,2026-10-05T06:22:39.169660+00:00,2026-10-05T06:22:39.267489+00:00,
4,T005,PUFF_LEFT,task,148,9,10,12,7,R5,L6,L7,R4,50000,600.0,-8.0,28.0,29.120439557122072,105.94539590092286,115.2624103,115.3611968,458887071127700,458887169914200,2026-10-05T06:22:39.267489+00:00,2026-10-05T06:22:39.359871+00:00,
4,T005,PUFF_LEFT,task,149,9,12,14,7,R5,L7,L8,R4,50000,600.0,2.0,26.0,26.076809620810597,85.60129464500447,115.3614536,115.4601935,458887170171000,458887268910900,2026-10-05T06:22:39.368277+00:00,2026-10-05T06:22:39.459513+00:00,
4,T005,PUFF_LEFT,task,150,9,14,15,7,R5,L8,R8,R4,50000,600.0,-12.0,48.0,49.47726750741192,104.03624346792648,115.4604136,115.5653651,458887269131000,458887374082500,2026-10-05T06:22:39.467269+00:00,2026-10-05T06:22:39.572088+00:00,
4,T005,PUFF_LEFT,task,151,9,15,13,7,R5,R8,R7,R4,50000,600.0,-13.0,66.0,67.26812023536856,101.14288985833933,115.5655953,115.6662128,458887374312700,458887474930200,2026-10-05T06:22:39.572088+00:00,2026-10-05T06:22:39.669600+00:00,
4,T005,PUFF_LEFT,task,152,9,13,11,7,R5,R7,R6,R4,50000,600.0,-28.0,89.0,93.30058949438637,107.46392689184285,115.6664237,115.7630825,458887475141100,458887571799900,2026-10-05T06:22:39.669600+00:00,2026-10-05T06:22:39.769949+00:00,
4,T005,PUFF_LEFT,task,153,9,5,3,7,R5,R3,R2,R4,50000,600.0,89.0,-274.0,288.0919991947017,-72.00529548395916,115.7632922,115.8610867,458887572009600,458887669804100,2026-10-05T06:22:39.769949+00:00,2026-10-05T06:22:39.867212+00:00,
4,T005,PUFF_LEFT,task,154,9,3,1,7,R5,R2,R1,R4,50000,600.0,-14.0,-58.0,59.665735560705194,-103.57043438516149,115.861314,115.9581998,458887670031400,458887766917200,2026-10-05T06:22:39.867212+00:00,2026-10-05T06:22:39.959596+00:00,
4,T005,PUFF_LEFT,task,155,9,1,0,7,R5,R1,L1,R4,50000,600.0,13.0,23.0,26.419689627245813,60.52411099675425,115.9584057,116.056204,458887767123100,458887864921400,2026-10-05T06:22:39.959596+00:00,2026-10-05T06:22:40.059791+00:00,
4,T005,PUFF_LEFT,task,156,7,0,2,5,R4,L1,L2,R3,50000,600.0,-4.0,43.0,43.18564576337837,95.31454566994475,116.0564101,116.1550668,458887865127500,458887963784200,2026-10-05T06:22:40.059791+00:00,2026-10-05T06:22:40.159822+00:00,
4,T005,PUFF_LEFT,task,157,7,2,4,5,R4,L2,L3,R3,50000,600.0,3.0,11.0,11.40175425099138,74.74488129694222,116.1552823,116.2521993,458887963999700,458888060916700,2026-10-05T06:22:40.159822+00:00,2026-10-05T06:22:40.252243+00:00,
4,T005,PUFF_LEFT,task,158,7,4,6,5,R4,L3,L4,R3,50000,600.0,-6.0,45.0,45.39823785126467,97.59464336859145,116.2524051,116.3490857,458888061122500,458888157803100,2026-10-05T06:22:40.252243+00:00,2026-10-05T06:22:40.355059+00:00,
4,T005,PUFF_LEFT,task,159,7,6,8,5,R4,L4,L5,R3,50000,600.0,14.0,-18.0,22.80350850198276,-52.1250163489018,116.3493265,116.4470838,458888158043900,458888255801200,2026-10-05T06:22:40.356060+00:00,2026-10-05T06:22:40.451358+00:00,
4,T005,PUFF_LEFT,task,160,7,8,10,5,R4,L5,L6,R3,50000,600.0,-2.0,3.0,3.605551275463989,123.69006752597979,116.4473268,116.5422004,458888256044200,458888350917800,2026-10-05T06:22:40.451358+00:00,2026-10-05T06:22:40.539660+00:00,
4,T005,PUFF_LEFT,task,161,7,10,12,5,R4,L6,L7,R3,50000,600.0,2.0,-5.0,5.385164807134504,-68.19859051364818,116.5424218,116.6443035,458888351139200,458888453020900,2026-10-05T06:22:40.539660+00:00,2026-10-05T06:22:40.651046+00:00,
4,T005,PUFF_LEFT,task,162,7,12,14,5,R4,L7,L8,R3,50000,600.0,9.0,-6.0,10.816653826391969,-33.690067525979785,116.644556,116.7440952,458888453273400,458888552812600,2026-10-05T06:22:40.651046+00:00,2026-10-05T06:22:40.749684+00:00,
4,T005,PUFF_LEFT,task,163,7,14,15,5,R4,L8,R8,R3,50000,600.0,9.0,-21.0,22.847319317591726,-66.80140948635182,116.7443066,116.8410886,458888553024000,458888649806000,2026-10-05T06:22:40.749684+00:00,2026-10-05T06:22:40.847773+00:00,
4,T005,PUFF_LEFT,task,164,7,15,13,5,R4,R8,R7,R3,50000,600.0,11.0,-17.0,20.248456731316587,-57.094757077012105,116.8413447,116.9392036,458888650062100,458888747921000,2026-10-05T06:22:40.847773+00:00,2026-10-05T06:22:40.939857+00:00,
4,T005,PUFF_LEFT,task,165,7,13,11,5,R4,R7,R6,R3,50000,600.0,10.0,-16.0,18.867962264113206,-57.9946167919165,116.9393889,117.0362139,458888748106300,458888844931300,2026-10-05T06:22:40.939857+00:00,2026-10-05T06:22:41.039729+00:00,
4,T005,PUFF_LEFT,task,166,7,11,9,5,R4,R6,R5,R3,50000,600.0,113.0,-361.0,378.27238863020386,-72.61886807376636,117.0364263,117.1352221,458888845143700,458888943939500,2026-10-05T06:22:41.039729+00:00,2026-10-05T06:22:41.140711+00:00,
4,T005,PUFF_LEFT,task,167,7,3,1,5,R4,R2,R1,R3,50000,600.0,-180.0,541.0,570.15874982324,108.40317080093752,117.1354342,117.2341157,458888944151600,458889042833100,2026-10-05T06:22:41.140711+00:00,2026-10-05T06:22:41.240715+00:00,
4,T005,PUFF_LEFT,task,168,7,1,0,5,R4,R1,L1,R3,50000,600.0,-21.0,114.0,115.91807451816995,100.4374753511182,117.234326,117.3350782,458889043043400,458889143795600,2026-10-05T06:22:41.240715+00:00,2026-10-05T06:22:41.341381+00:00,
4,T005,PUFF_LEFT,task,169,5,0,2,3,R3,L1,L2,R2,50000,600.0,17.0,-25.0,30.23243291566195,-55.7842978675626,117.3353331,117.4322168,458889144050500,458889240934200,2026-10-05T06:22:41.341381+00:00,2026-10-05T06:22:41.435828+00:00,
4,T005,PUFF_LEFT,task,170,5,2,4,3,R3,L2,L3,R2,50000,600.0,-1.0,24.0,24.020824298928627,92.38594403038883,117.4324228,117.5332847,458889241140200,458889342002100,2026-10-05T06:22:41.435828+00:00,2026-10-05T06:22:41.540027+00:00,
4,T005,PUFF_LEFT,task,171,5,4,6,3,R3,L3,L4,R2,50000,600.0,8.0,15.0,17.0,61.92751306414704,117.5334989,117.633316,458889342216300,458889442033400,2026-10-05T06:22:41.540027+00:00,2026-10-05T06:22:41.640047+00:00,
4,T005,PUFF_LEFT,task,172,5,6,8,3,R3,L4,L5,R2,50000,600.0,-6.0,6.0,8.48528137423857,135.0,117.6335569,117.7323629,458889442274300,458889541080300,2026-10-05T06:22:41.640047+00:00,2026-10-05T06:22:41.733991+00:00,
4,T005,PUFF_LEFT,task,173,5,8,10,3,R3,L5,L6,R2,50000,600.0,4.0,10.0,10.770329614269007,68.19859051364818,117.7326257,117.8343988,458889541343100,458889643116200,2026-10-05T06:22:41.733991+00:00,2026-10-05T06:22:41.840292+00:00,
4,T005,PUFF_LEFT,task,174,5,10,12,3,R3,L6,L7,R2,50000,600.0,-3.0,13.0,13.341664064126334,102.9946167919165,117.8346438,117.9340688,458889643361200,458889742786200,2026-10-05T06:22:41.840292+00:00,2026-10-05T06:22:41.939977+00:00,
4,T005,PUFF_LEFT,task,175,5,12,14,3,R3,L7,L8,R2,50000,600.0,6.0,11.0,12.529964086141668,61.38954033403479,117.9343056,118.0322021,458889743023000,458889840919500,2026-10-05T06:22:41.939977+00:00,2026-10-05T06:22:42.036198+00:00,
4,T005,PUFF_LEFT,task,176,5,14,15,3,R3,L8,R8,R2,50000,600.0,0.0,13.0,13.0,90.0,118.0324184,118.130579,458889841135800,458889939296400,2026-10-05T06:22:42.036198+00:00,2026-10-05T06:22:42.136249+00:00,
4,T005,PUFF_LEFT,task,177,5,15,13,3,R3,R8,R7,R2,50000,600.0,2.0,21.0,21.095023109728988,84.55966796899449,118.1308171,118.2312485,458889939534500,458890039965900,2026-10-05T06:22:42.136249+00:00,2026-10-05T06:22:42.235555+00:00,
4,T005,PUFF_LEFT,task,178,5,13,11,3,R3,R7,R6,R2,50000,600.0,1.0,23.0,23.021728866442675,87.51044707800085,118.2314885,118.3292323,458890040205900,458890137949700,2026-10-05T06:22:42.235555+00:00,2026-10-05T06:22:42.333963+00:00,
4,T005,PUFF_LEFT,task,179,5,11,9,3,R3,R6,R5,R2,50000,600.0,-50.0,227.0,232.44139046219803,102.4218628412577,118.3294674,118.4272037,458890138184800,458890235921100,2026-10-05T06:22:42.333963+00:00,2026-10-05T06:22:42.429698+00:00,
4,T005,PUFF_LEFT,task,180,5,9,7,3,R3,R5,R4,R2,50000,600.0,83.0,-303.0,314.1623783969048,-74.68089943686738,118.4275238,118.5272092,458890236241200,458890335926600,2026-10-05T06:22:42.429698+00:00,2026-10-05T06:22:42.530030+00:00,
4,T005,PUFF_LEFT,task,181,5,1,0,3,R3,R1,L1,R2,50000,600.0,-6.0,68.0,68.26419266350405,95.04245106917092,118.5275024,118.629083,458890336219800,458890437800400,2026-10-05T06:22:42.530030+00:00,2026-10-05T06:22:42.635773+00:00,
4,T005,PUFF_LEFT,task,182,3,0,2,1,R2,L1,L2,R1,50000,600.0,-26.0,389.0,389.8679263545541,93.82385060275257,118.6294707,118.7250756,458890438188100,458890533793000,2026-10-05T06:22:42.635773+00:00,2026-10-05T06:22:42.729955+00:00,
4,T005,PUFF_LEFT,task,183,3,2,4,1,R2,L2,L3,R1,50000,600.0,12.0,18.0,21.633307652783937,56.309932474020215,118.7252883,118.8232902,458890534005700,458890632007600,2026-10-05T06:22:42.729955+00:00,2026-10-05T06:22:42.829911+00:00,
4,T005,PUFF_LEFT,task,184,3,4,6,1,R2,L3,L4,R1,50000,600.0,-1.0,24.0,24.020824298928627,92.38594403038883,118.8235085,118.9212029,458890632225900,458890729920300,2026-10-05T06:22:42.829911+00:00,2026-10-05T06:22:42.919808+00:00,
4,T005,PUFF_LEFT,task,185,3,6,8,1,R2,L4,L5,R1,50000,600.0,5.0,-22.0,22.561028345356956,-77.19573393471325,118.9214379,119.0180618,458890730155300,458890826779200,2026-10-05T06:22:42.919808+00:00,2026-10-05T06:22:43.024287+00:00,
4,T005,PUFF_LEFT,task,186,3,8,10,1,R2,L5,L6,R1,50000,600.0,13.0,16.0,20.615528128088304,50.906141113770495,119.0182709,119.1152049,458890826988300,458890923922300,2026-10-05T06:22:43.024287+00:00,2026-10-05T06:22:43.119517+00:00,
4,T005,PUFF_LEFT,task,187,3,10,12,1,R2,L6,L7,R1,50000,600.0,1.0,6.0,6.082762530298219,80.53767779197439,119.115411,119.2112057,458890924128400,458891019923100,2026-10-05T06:22:43.119517+00:00,2026-10-05T06:22:43.209739+00:00,
4,T005,PUFF_LEFT,task,188,3,12,14,1,R2,L7,L8,R1,50000,600.0,14.0,8.0,16.1245154965971,29.74488129694222,119.2114056,119.3072106,458891020123000,458891115928000,2026-10-05T06:22:43.209739+00:00,2026-10-05T06:22:43.309686+00:00,
4,T005,PUFF_LEFT,task,189,3,14,15,1,R2,L8,R8,R1,50000,600.0,5.0,6.0,7.810249675906654,50.19442890773481,119.307422,119.4023779,458891116139400,458891211095300,2026-10-05T06:22:43.309686+00:00,2026-10-05T06:22:43.406729+00:00,
4,T005,PUFF_LEFT,task,190,3,15,13,1,R2,R8,R7,R1,50000,600.0,10.0,26.0,27.85677655436824,68.96248897457819,119.4026232,119.5012036,458891211340600,458891309921000,2026-10-05T06:22:43.406729+00:00,2026-10-05T06:22:43.504873+00:00,
4,T005,PUFF_LEFT,task,191,3,13,11,1,R2,R7,R6,R1,50000,600.0,10.0,37.0,38.3275357934736,74.87599269168945,119.5014202,119.5990713,458891310137600,458891407788700,2026-10-05T06:22:43.504873+00:00,2026-10-05T06:22:43.605032+00:00,
4,T005,PUFF_LEFT,task,192,3,11,9,1,R2,R6,R5,R1,50000,600.0,-12.0,159.0,159.45218719101973,94.31602751986563,119.5993046,119.6979214,458891408022000,458891506638800,2026-10-05T06:22:43.605032+00:00,2026-10-05T06:22:43.701743+00:00,
4,T005,PUFF_LEFT,task,193,3,9,7,1,R2,R5,R4,R1,50000,600.0,5.0,-5.0,7.0710678118654755,-45.0,119.6981954,119.7940737,458891506912800,458891602791100,2026-10-05T06:22:43.704943+00:00,2026-10-05T06:22:43.799864+00:00,
4,T005,PUFF_LEFT,task,194,3,7,5,1,R2,R4,R3,R1,50000,600.0,-30.0,511.0,511.87986871921424,93.35988778523068,119.794306,119.8940711,458891603023400,458891702788500,2026-10-05T06:22:43.799864+00:00,2026-10-05T06:22:43.899541+00:00,
4,T005,PUFF_LEFT,task,195,1,2,4,0,R1,L2,L3,L1,50000,600.0,11.0,-24.0,26.40075756488817,-65.37643521383639,119.8943191,119.9910574,458891703036500,458891799774800,2026-10-05T06:22:43.899541+00:00,2026-10-05T06:22:43.993390+00:00,
4,T005,PUFF_LEFT,task,196,1,4,6,0,R1,L3,L4,L1,50000,600.0,-11.0,34.0,35.73513677041127,107.92791976200724,119.9912881,120.087228,458891800005500,458891895945400,2026-10-05T06:22:43.993390+00:00,2026-10-05T06:22:44.089701+00:00,
4,T005,PUFF_LEFT,task,197,1,6,8,0,R1,L4,L5,L1,50000,600.0,17.0,-28.0,32.7566787083184,-58.73626830562258,120.0875299,120.1850775,458891896247300,458891993794900,2026-10-05T06:22:44.089701+00:00,2026-10-05T06:22:44.189647+00:00,
4,T005,PUFF_LEFT,task,198,1,8,10,0,R1,L5,L6,L1,50000,600.0,-2.0,11.0,11.180339887498949,100.30484646876603,120.1853033,120.2840793,458891994020700,458892092796700,2026-10-05T06:22:44.189647+00:00,2026-10-05T06:22:44.290265+00:00,
4,T005,PUFF_LEFT,task,199,1,10,12,0,R1,L6,L7,L1,50000,600.0,-1.0,13.0,13.038404810405298,94.39870535499554,120.2843119,120.3830607,458892093029300,458892191778100,2026-10-05T06:22:44.290265+00:00,2026-10-05T06:22:44.389748+00:00,
4,T005,PUFF_LEFT,task,200,1,12,14,0,R1,L7,L8,L1,50000,600.0,3.0,15.0,15.297058540778355,78.69006752597979,120.3832739,120.4812222,458892191991300,458892289939600,2026-10-05T06:22:44.389748+00:00,2026-10-05T06:22:44.487959+00:00,
4,T005,PUFF_LEFT,task,201,1,14,15,0,R1,L8,R8,L1,50000,600.0,-2.0,20.0,20.09975124224178,95.71059313749964,120.4814251,120.5893635,458892290142500,458892398080900,2026-10-05T06:22:44.487959+00:00,2026-10-05T06:22:44.593088+00:00,
4,T005,PUFF_LEFT,task,202,1,15,13,0,R1,R8,R7,L1,50000,600.0,3.0,17.0,17.26267650163207,79.99202019855866,120.5895767,120.6860699,458892398294100,458892494787300,2026-10-05T06:22:44.593088+00:00,2026-10-05T06:22:44.692708+00:00,
4,T005,PUFF_LEFT,task,203,1,13,11,0,R1,R7,R6,L1,50000,600.0,3.0,3.0,4.242640687119285,45.0,120.6863548,120.7830816,458892495072200,458892591799000,2026-10-05T06:22:44.692708+00:00,2026-10-05T06:22:44.789722+00:00,
4,T005,PUFF_LEFT,task,204,1,11,9,0,R1,R6,R5,L1,50000,600.0,0.0,34.0,34.0,90.0,120.7833536,120.8791561,458892592071000,458892687873500,2026-10-05T06:22:44.789722+00:00,2026-10-05T06:22:44.885639+00:00,
4,T005,PUFF_LEFT,task,205,1,9,7,0,R1,R5,R4,L1,50000,600.0,7.0,-51.0,51.478150704935004,-82.18470645323312,120.8794628,120.976209,458892688180200,458892784926400,2026-10-05T06:22:44.885639+00:00,2026-10-05T06:22:44.979787+00:00,
4,T005,PUFF_LEFT,task,206,1,7,5,0,R1,R4,R3,L1,50000,600.0,5.0,52.0,52.23983154643591,84.50767544287257,120.9764482,121.0730674,458892785165600,458892881784800,2026-10-05T06:22:44.979787+00:00,2026-10-05T06:22:45.079744+00:00,
4,T005,PUFF_LEFT,task,207,1,5,3,0,R1,R3,R2,L1,50000,600.0,3.0,-5.0,5.830951894845301,-59.03624346792648,121.0732596,121.1702031,458892881977000,458892978920500,2026-10-05T06:22:45.079744+00:00,2026-10-05T06:22:45.170959+00:00,
5,T006,PUFF_RIGHT,task,0,0,4,6,2,L1,L3,L4,L2,50000,600.0,-114.0,347.0,365.24649211183396,108.18691669476551,123.4564803,123.5562131,458895265197700,458895364930500,2026-10-05T06:22:47.459782+00:00,2026-10-05T06:22:47.559664+00:00,
5,T006,PUFF_RIGHT,task,1,0,6,8,2,L1,L4,L5,L2,50000,600.0,-27.0,101.0,104.546640309481,104.96671956400486,123.5564772,123.6550873,458895365194600,458895463804700,2026-10-05T06:22:47.559664+00:00,2026-10-05T06:22:47.659759+00:00,
5,T006,PUFF_RIGHT,task,2,0,8,10,2,L1,L5,L6,L2,50000,600.0,-28.0,95.0,99.04039579888602,106.4221874983153,123.6553495,123.7521995,458895464066900,458895560916900,2026-10-05T06:22:47.659759+00:00,2026-10-05T06:22:47.751952+00:00,
5,T006,PUFF_RIGHT,task,3,0,10,12,2,L1,L6,L7,L2,50000,600.0,-22.0,53.0,57.38466694161429,112.54306100005789,123.7524256,123.8482112,458895561143000,458895656928600,2026-10-05T06:22:47.751952+00:00,2026-10-05T06:22:47.853215+00:00,
5,T006,PUFF_RIGHT,task,4,0,12,14,2,L1,L7,L8,L2,50000,600.0,2.0,20.0,20.09975124224178,84.28940686250037,123.848413,123.9460983,458895657130400,458895754815700,2026-10-05T06:22:47.853215+00:00,2026-10-05T06:22:47.950802+00:00,
5,T006,PUFF_RIGHT,task,5,0,14,15,2,L1,L8,R8,L2,50000,600.0,2.0,5.0,5.385164807134504,68.19859051364818,123.9462984,124.0440937,458895755015800,458895852811100,2026-10-05T06:22:47.950802+00:00,2026-10-05T06:22:48.050986+00:00,
5,T006,PUFF_RIGHT,task,6,0,15,13,2,L1,R8,R7,L2,50000,600.0,2.0,5.0,5.385164807134504,68.19859051364818,124.0442933,124.1542967,458895853010700,458895963014100,2026-10-05T06:22:48.050986+00:00,2026-10-05T06:22:48.160195+00:00,
5,T006,PUFF_RIGHT,task,7,0,13,11,2,L1,R7,R6,L2,50000,600.0,15.0,-21.0,25.80697580112788,-54.46232220802562,124.1545229,124.2511985,458895963240300,458896059915900,2026-10-05T06:22:48.160195+00:00,2026-10-05T06:22:48.251493+00:00,
5,T006,PUFF_RIGHT,task,8,0,11,9,2,L1,R6,R5,L2,50000,600.0,3.0,12.0,12.36931687685298,75.96375653207353,124.2514576,124.3492056,458896060175000,458896157923000,2026-10-05T06:22:48.251493+00:00,2026-10-05T06:22:48.351799+00:00,
5,T006,PUFF_RIGHT,task,9,0,9,7,2,L1,R5,R4,L2,50000,600.0,24.0,-68.0,72.11102550927978,-70.5599651718238,124.3494005,124.4522091,458896158117900,458896260926500,2026-10-05T06:22:48.351799+00:00,2026-10-05T06:22:48.453248+00:00,
5,T006,PUFF_RIGHT,task,10,0,7,5,2,L1,R4,R3,L2,50000,600.0,-4.0,53.0,53.150729063673246,94.31602751986563,124.4524035,124.5512162,458896261120900,458896359933600,2026-10-05T06:22:48.453248+00:00,2026-10-05T06:22:48.551328+00:00,
5,T006,PUFF_RIGHT,task,11,0,5,3,2,L1,R3,R2,L2,50000,600.0,9.0,-27.0,28.460498941515414,-71.56505117707799,124.5514224,124.6512187,458896360139800,458896459936100,2026-10-05T06:22:48.551328+00:00,2026-10-05T06:22:48.655788+00:00,
5,T006,PUFF_RIGHT,task,12,0,3,1,2,L1,R2,R1,L2,50000,600.0,-127.0,422.0,440.69604037249985,106.74905580980592,124.6515439,124.7472388,458896460261300,458896555956200,2026-10-05T06:22:48.655788+00:00,2026-10-05T06:22:48.751301+00:00,
5,T006,PUFF_RIGHT,task,13,2,6,8,4,L2,L4,L5,L3,50000,600.0,96.0,-262.0,279.03404810166086,-69.87654892225704,124.7474549,124.8458464,458896556172300,458896654563800,2026-10-05T06:22:48.751301+00:00,2026-10-05T06:22:48.852096+00:00,
5,T006,PUFF_RIGHT,task,14,2,8,10,4,L2,L5,L6,L3,50000,600.0,-59.0,176.0,185.62596801094398,108.53255653005266,124.8460294,124.9422001,458896654746800,458896750917500,2026-10-05T06:22:48.852096+00:00,2026-10-05T06:22:48.939770+00:00,
5,T006,PUFF_RIGHT,task,15,2,10,12,4,L2,L6,L7,L3,50000,600.0,-18.0,46.0,49.39635614091387,111.37062226934319,124.9424511,125.0382022,458896751168500,458896846919600,2026-10-05T06:22:48.939770+00:00,2026-10-05T06:22:49.039607+00:00,
5,T006,PUFF_RIGHT,task,16,2,12,14,4,L2,L7,L8,L3,50000,600.0,-2.0,20.0,20.09975124224178,95.71059313749964,125.0384203,125.1362094,458896847137700,458896944926800,2026-10-05T06:22:49.039607+00:00,2026-10-05T06:22:49.139658+00:00,
5,T006,PUFF_RIGHT,task,17,2,14,15,4,L2,L8,R8,L3,50000,600.0,-3.0,15.0,15.297058540778355,101.30993247402021,125.1364088,125.2382028,458896945126200,458897046920200,2026-10-05T06:22:49.139658+00:00,2026-10-05T06:22:49.239841+00:00,
5,T006,PUFF_RIGHT,task,18,2,15,13,4,L2,R8,R7,L3,50000,600.0,0.0,11.0,11.0,90.0,125.2384377,125.3372328,458897047155100,458897145950200,2026-10-05T06:22:49.239841+00:00,2026-10-05T06:22:49.339702+00:00,
5,T006,PUFF_RIGHT,task,19,2,13,11,4,L2,R7,R6,L3,50000,600.0,5.0,7.0,8.602325267042627,54.46232220802562,125.3374582,125.4340748,458897146175600,458897242792200,2026-10-05T06:22:49.339702+00:00,2026-10-05T06:22:49.439686+00:00,
5,T006,PUFF_RIGHT,task,20,2,11,9,4,L2,R6,R5,L3,50000,600.0,-1.0,21.0,21.02379604162864,92.72631099390628,125.4342739,125.5312023,458897242991300,458897339919700,2026-10-05T06:22:49.439686+00:00,2026-10-05T06:22:49.535517+00:00,
5,T006,PUFF_RIGHT,task,21,2,9,7,4,L2,R5,R4,L3,50000,600.0,0.0,-5.0,5.0,-90.0,125.5313963,125.6301063,458897340113700,458897438823700,2026-10-05T06:22:49.535517+00:00,2026-10-05T06:22:49.636225+00:00,
5,T006,PUFF_RIGHT,task,22,2,7,5,4,L2,R4,R3,L3,50000,600.0,10.0,12.0,15.620499351813308,50.19442890773481,125.630344,125.7270968,458897439061400,458897535814200,2026-10-05T06:22:49.636225+00:00,2026-10-05T06:22:49.733956+00:00,
5,T006,PUFF_RIGHT,task,23,2,5,3,4,L2,R3,R2,L3,50000,600.0,-1.0,9.0,9.055385138137417,96.3401917459099,125.7273017,125.8230681,458897536019100,458897631785500,2026-10-05T06:22:49.733956+00:00,2026-10-05T06:22:49.829718+00:00,
5,T006,PUFF_RIGHT,task,24,2,3,1,4,L2,R2,R1,L3,50000,600.0,6.0,-54.0,54.3323108288245,-83.6598082540901,125.8232811,125.9202158,458897631998500,458897728933200,2026-10-05T06:22:49.829718+00:00,2026-10-05T06:22:49.927091+00:00,
5,T006,PUFF_RIGHT,task,25,2,1,0,4,L2,R1,L1,L3,50000,600.0,15.0,21.0,25.80697580112788,54.46232220802562,125.9205489,126.0182061,458897729266300,458897826923500,2026-10-05T06:22:49.927091+00:00,2026-10-05T06:22:50.019838+00:00,
5,T006,PUFF_RIGHT,task,26,4,0,2,6,L3,L1,L2,L4,50000,600.0,-86.0,383.0,392.5366224952775,102.65546299776611,126.0184412,126.1150879,458897827158600,458897923805300,2026-10-05T06:22:50.019838+00:00,2026-10-05T06:22:50.121636+00:00,
5,T006,PUFF_RIGHT,task,27,4,8,10,6,L3,L5,L6,L4,50000,600.0,96.0,-278.0,294.10882339705483,-70.94899126867877,126.1152883,126.2125721,458897924005700,458898021289500,2026-10-05T06:22:50.121636+00:00,2026-10-05T06:22:50.219485+00:00,
5,T006,PUFF_RIGHT,task,28,4,10,12,6,L3,L6,L7,L4,50000,600.0,8.0,-27.0,28.160255680657446,-73.49563861824498,126.2127952,126.3090729,458898021512600,458898117790300,2026-10-05T06:22:50.219485+00:00,2026-10-05T06:22:50.315756+00:00,
5,T006,PUFF_RIGHT,task,29,4,12,14,6,L3,L7,L8,L4,50000,600.0,12.0,-20.0,23.323807579381203,-59.03624346792648,126.3092618,126.4062091,458898117979200,458898214926500,2026-10-05T06:22:50.315756+00:00,2026-10-05T06:22:50.409649+00:00,
5,T006,PUFF_RIGHT,task,30,4,14,15,6,L3,L8,R8,L4,50000,600.0,9.0,-20.0,21.93171219946131,-65.77225468204583,126.4064089,126.5040683,458898215126300,458898312785700,2026-10-05T06:22:50.409649+00:00,2026-10-05T06:22:50.509953+00:00,
5,T006,PUFF_RIGHT,task,31,4,15,13,6,L3,R8,R7,L4,50000,600.0,5.0,-3.0,5.830951894845301,-30.96375653207352,126.5042821,126.6022068,458898312999500,458898410924200,2026-10-05T06:22:50.509953+00:00,2026-10-05T06:22:50.603545+00:00,
5,T006,PUFF_RIGHT,task,32,4,13,11,6,L3,R7,R6,L4,50000,600.0,17.0,-21.0,27.018512172212592,-51.00900595749453,126.6024373,126.7012116,458898411154700,458898509929000,2026-10-05T06:22:50.603545+00:00,2026-10-05T06:22:50.701110+00:00,
5,T006,PUFF_RIGHT,task,33,4,11,9,6,L3,R6,R5,L4,50000,600.0,-1.0,17.0,17.029386365926403,93.3664606634298,126.7014455,126.7992037,458898510162900,458898607921100,2026-10-05T06:22:50.701110+00:00,2026-10-05T06:22:50.801476+00:00,
5,T006,PUFF_RIGHT,task,34,4,9,7,6,L3,R5,R4,L4,50000,600.0,18.0,-59.0,61.68468205316454,-73.03385189146381,126.7994071,126.8960949,458898608124500,458898704812300,2026-10-05T06:22:50.801476+00:00,2026-10-05T06:22:50.902263+00:00,
5,T006,PUFF_RIGHT,task,35,4,7,5,6,L3,R4,R3,L4,50000,600.0,0.0,61.0,61.0,90.0,126.8962948,126.9940704,458898705012200,458898802787800,2026-10-05T06:22:50.902263+00:00,2026-10-05T06:22:50.999719+00:00,
5,T006,PUFF_RIGHT,task,36,4,5,3,6,L3,R3,R2,L4,50000,600.0,6.0,15.0,16.15549442140351,68.19859051364818,126.994308,127.0911989,458898803025400,458898899916300,2026-10-05T06:22:50.999719+00:00,2026-10-05T06:22:51.089943+00:00,
5,T006,PUFF_RIGHT,task,37,4,3,1,6,L3,R2,R1,L4,50000,600.0,-17.0,-22.0,27.80287754891569,-127.69424046668917,127.0914103,127.1880666,458898900127700,458898996784000,2026-10-05T06:22:51.089943+00:00,2026-10-05T06:22:51.193903+00:00,
5,T006,PUFF_RIGHT,task,38,4,1,0,6,L3,R1,L1,L4,50000,600.0,-19.0,131.0,132.3706916201619,98.25252904713608,127.1882698,127.2882052,458898996987200,458899096922600,2026-10-05T06:22:51.193903+00:00,2026-10-05T06:22:51.290033+00:00,
5,T006,PUFF_RIGHT,task,39,6,0,2,8,L4,L1,L2,L5,50000,600.0,-16.0,85.0,86.49277426467485,100.66034829453534,127.2884269,127.3840721,458899097144300,458899192789500,2026-10-05T06:22:51.290033+00:00,2026-10-05T06:22:51.390954+00:00,
5,T006,PUFF_RIGHT,task,40,6,2,4,8,L4,L2,L3,L5,50000,600.0,106.0,-254.0,275.230812228573,-67.34810834790942,127.3843047,127.4820967,458899193022100,458899290814100,2026-10-05T06:22:51.390954+00:00,2026-10-05T06:22:51.488367+00:00,
5,T006,PUFF_RIGHT,task,41,6,10,12,8,L4,L6,L7,L5,50000,600.0,-92.0,195.0,215.61307938063499,115.25769808229794,127.4823258,127.5813619,458899291043200,458899390079300,2026-10-05T06:22:51.488367+00:00,2026-10-05T06:22:51.588092+00:00,
5,T006,PUFF_RIGHT,task,42,6,12,14,8,L4,L7,L8,L5,50000,600.0,-22.0,71.0,74.33034373659252,107.21607358779072,127.5815577,127.6813417,458899390275100,458899490059100,2026-10-05T06:22:51.588092+00:00,2026-10-05T06:22:51.688074+00:00,
5,T006,PUFF_RIGHT,task,43,6,14,15,8,L4,L8,R8,L5,50000,600.0,-16.0,47.0,49.64876634922564,108.79988515865266,127.6815621,127.7821038,458899490279500,458899590821200,2026-10-05T06:22:51.688074+00:00,2026-10-05T06:22:51.788047+00:00,
5,T006,PUFF_RIGHT,task,44,6,15,13,8,L4,R8,R7,L5,50000,600.0,-3.0,22.0,22.20360331117452,97.76516601842535,127.7823709,127.8781089,458899591088300,458899686826300,2026-10-05T06:22:51.789096+00:00,2026-10-05T06:22:51.883518+00:00,
5,T006,PUFF_RIGHT,task,45,6,13,11,8,L4,R7,R6,L5,50000,600.0,-4.0,24.0,24.331050121192877,99.46232220802563,127.8783114,127.9761061,458899687028800,458899784823500,2026-10-05T06:22:51.883518+00:00,2026-10-05T06:22:51.979699+00:00,
5,T006,PUFF_RIGHT,task,46,6,11,9,8,L4,R6,R5,L5,50000,600.0,-1.0,6.0,6.082762530298219,99.46232220802563,127.9764247,128.0740728,458899785142100,458899882790200,2026-10-05T06:22:51.979699+00:00,2026-10-05T06:22:52.079846+00:00,
5,T006,PUFF_RIGHT,task,47,6,9,7,8,L4,R5,R4,L5,50000,600.0,-12.0,42.0,43.68065933568311,105.94539590092286,128.0743198,128.1720581,458899883037200,458899980775500,2026-10-05T06:22:52.079846+00:00,2026-10-05T06:22:52.178609+00:00,
5,T006,PUFF_RIGHT,task,48,6,7,5,8,L4,R4,R3,L5,50000,600.0,25.0,-23.0,33.97057550292606,-42.61405596961119,128.1722419,128.2672067,458899980959300,458900075924100,2026-10-05T06:22:52.178609+00:00,2026-10-05T06:22:52.269592+00:00,
5,T006,PUFF_RIGHT,task,49,6,5,3,8,L4,R3,R2,L5,50000,600.0,-1.0,-16.0,16.0312195418814,-93.57633437499736,128.2674343,128.3651037,458900076151700,458900173821100,2026-10-05T06:22:52.269592+00:00,2026-10-05T06:22:52.371954+00:00,
5,T006,PUFF_RIGHT,task,50,6,3,1,8,L4,R2,R1,L5,50000,600.0,8.0,-122.0,122.2620137246234,-86.24827092947402,128.3652793,128.46309,458900173996700,458900271807400,2026-10-05T06:22:52.371954+00:00,2026-10-05T06:22:52.469651+00:00,
5,T006,PUFF_RIGHT,task,51,6,1,0,8,L4,R1,L1,L5,50000,600.0,34.0,8.0,34.92849839314596,13.240519915187205,128.4632889,128.5610945,458900272006300,458900369811900,2026-10-05T06:22:52.469651+00:00,2026-10-05T06:22:52.567320+00:00,
5,T006,PUFF_RIGHT,task,52,8,0,2,10,L5,L1,L2,L6,50000,600.0,-33.0,103.0,108.15729286552988,107.76485330069748,128.5613217,128.6571013,458900370039100,458900465818700,2026-10-05T06:22:52.567320+00:00,2026-10-05T06:22:52.662116+00:00,
5,T006,PUFF_RIGHT,task,53,8,2,4,10,L5,L2,L3,L6,50000,600.0,-73.0,192.0,205.4093474017188,110.81722075310994,128.6573664,128.7520962,458900466083800,458900560813600,2026-10-05T06:22:52.662116+00:00,2026-10-05T06:22:52.755082+00:00,
5,T006,PUFF_RIGHT,task,54,8,4,6,10,L5,L3,L4,L6,50000,600.0,126.0,-298.0,323.5428874198906,-67.08044516753337,128.7523613,128.8500986,458900561078700,458900658816000,2026-10-05T06:22:52.755082+00:00,2026-10-05T06:22:52.856508+00:00,
5,T006,PUFF_RIGHT,task,55,8,12,14,10,L5,L7,L8,L6,50000,600.0,-87.0,190.0,208.9712898940905,114.60279415828498,128.8503583,128.946114,458900659075700,458900754831400,2026-10-05T06:22:52.856508+00:00,2026-10-05T06:22:52.952014+00:00,
5,T006,PUFF_RIGHT,task,56,8,14,15,10,L5,L8,R8,L6,50000,600.0,-24.0,55.0,60.00833275470999,113.57470620191262,128.9463739,129.0451208,458900755091300,458900853838200,2026-10-05T06:22:52.952014+00:00,2026-10-05T06:22:53.051950+00:00,
5,T006,PUFF_RIGHT,task,57,8,15,13,10,L5,R8,R7,L6,50000,600.0,-6.0,21.0,21.840329667841555,105.94539590092286,129.0453327,129.1492084,458900854050100,458900957925800,2026-10-05T06:22:53.051950+00:00,2026-10-05T06:22:53.150007+00:00,
5,T006,PUFF_RIGHT,task,58,8,13,11,10,L5,R7,R6,L6,50000,600.0,1.0,5.0,5.0990195135927845,78.69006752597979,129.1494191,129.2451708,458900958136500,458901053888200,2026-10-05T06:22:53.150007+00:00,2026-10-05T06:22:53.251767+00:00,
5,T006,PUFF_RIGHT,task,59,8,11,9,10,L5,R6,R5,L6,50000,600.0,11.0,43.0,44.384682042344295,75.65066795705286,129.2453828,129.3402012,458901054100200,458901148918600,2026-10-05T06:22:53.251767+00:00,2026-10-05T06:22:53.339614+00:00,
5,T006,PUFF_RIGHT,task,60,8,9,7,10,L5,R5,R4,L6,50000,600.0,5.0,-2.0,5.385164807134504,-21.80140948635181,129.3404486,129.4372072,458901149166000,458901245924600,2026-10-05T06:22:53.339614+00:00,2026-10-05T06:22:53.443966+00:00,
5,T006,PUFF_RIGHT,task,61,8,7,5,10,L5,R4,R3,L6,50000,600.0,1.0,9.0,9.055385138137417,83.6598082540901,129.4374095,129.5362158,458901246126900,458901344933200,2026-10-05T06:22:53.443966+00:00,2026-10-05T06:22:53.539659+00:00,
5,T006,PUFF_RIGHT,task,62,8,5,3,10,L5,R3,R2,L6,50000,600.0,-2.0,2.0,2.8284271247461903,135.0,129.5364254,129.6341053,458901345142800,458901442822700,2026-10-05T06:22:53.539659+00:00,2026-10-05T06:22:53.640777+00:00,
5,T006,PUFF_RIGHT,task,63,8,3,1,10,L5,R2,R1,L6,50000,600.0,-8.0,-34.0,34.92849839314596,-103.2405199151872,129.6343017,129.7312544,458901443019100,458901539971800,2026-10-05T06:22:53.640777+00:00,2026-10-05T06:22:53.736608+00:00,
5,T006,PUFF_RIGHT,task,64,8,1,0,10,L5,R1,L1,L6,50000,600.0,-8.0,74.0,74.43117626371358,96.1701750950296,129.7314676,129.8281968,458901540185000,458901636914200,2026-10-05T06:22:53.736608+00:00,2026-10-05T06:22:53.833665+00:00,
5,T006,PUFF_RIGHT,task,65,10,0,2,12,L6,L1,L2,L7,50000,600.0,-20.0,49.0,52.92447448959697,112.2034785320574,129.8283564,129.9240766,458901637073800,458901732794000,2026-10-05T06:22:53.833665+00:00,2026-10-05T06:22:53.929673+00:00,
5,T006,PUFF_RIGHT,task,66,10,2,4,12,L6,L2,L3,L7,50000,600.0,-18.0,51.0,54.08326913195984,109.4400348281762,129.9242866,130.0202051,458901733004000,458901828922500,2026-10-05T06:22:53.929673+00:00,2026-10-05T06:22:54.019677+00:00,
5,T006,PUFF_RIGHT,task,67,10,4,6,12,L6,L3,L4,L7,50000,600.0,14.0,-42.0,44.27188724235731,-71.56505117707799,130.0204118,130.1172094,458901829129200,458901925926800,2026-10-05T06:22:54.019677+00:00,2026-10-05T06:22:54.120104+00:00,
5,T006,PUFF_RIGHT,task,68,10,6,8,12,L6,L4,L5,L7,50000,600.0,-107.0,223.0,247.34186867572583,115.63265245222377,130.1173943,130.2174712,458901926111700,458902026188600,2026-10-05T06:22:54.120104+00:00,2026-10-05T06:22:54.223707+00:00,
5,T006,PUFF_RIGHT,task,69,10,14,15,12,L6,L8,R8,L7,50000,600.0,-133.0,303.0,330.9048201522607,113.69877905622197,130.2176854,130.3160784,458902026402800,458902124795800,2026-10-05T06:22:54.223707+00:00,2026-10-05T06:22:54.322281+00:00,
5,T006,PUFF_RIGHT,task,70,10,15,13,12,L6,R8,R7,L7,50000,600.0,-31.0,57.0,64.88451279003334,118.53998518795997,130.3163353,130.4152432,458902125052700,458902223960600,2026-10-05T06:22:54.322281+00:00,2026-10-05T06:22:54.419932+00:00,
5,T006,PUFF_RIGHT,task,71,10,13,11,12,L6,R7,R6,L7,50000,600.0,-13.0,51.0,52.630789467763066,104.30027744918559,130.4154782,130.5162165,458902224195600,458902324933900,2026-10-05T06:22:54.419932+00:00,2026-10-05T06:22:54.519665+00:00,
5,T006,PUFF_RIGHT,task,72,10,11,9,12,L6,R6,R5,L7,50000,600.0,-10.0,23.0,25.079872407968907,113.49856567595211,130.5165263,130.6140858,458902325243700,458902422803200,2026-10-05T06:22:54.519665+00:00,2026-10-05T06:22:54.619932+00:00,
5,T006,PUFF_RIGHT,task,73,10,9,7,12,L6,R5,R4,L7,50000,600.0,-8.0,11.0,13.601470508735444,126.02737338510362,130.6142995,130.711092,458902423016900,458902519809400,2026-10-05T06:22:54.619932+00:00,2026-10-05T06:22:54.717779+00:00,
5,T006,PUFF_RIGHT,task,74,10,7,5,12,L6,R4,R3,L7,50000,600.0,13.0,-2.0,13.152946437965905,-8.74616226255521,130.7113178,130.80821,458902520035200,458902616927400,2026-10-05T06:22:54.717779+00:00,2026-10-05T06:22:54.812367+00:00,
5,T006,PUFF_RIGHT,task,75,10,5,3,12,L6,R3,R2,L7,50000,600.0,-2.0,1.0,2.23606797749979,153.434948822922,130.8084677,130.9060759,458902617185100,458902714793300,2026-10-05T06:22:54.812367+00:00,2026-10-05T06:22:54.912746+00:00,
5,T006,PUFF_RIGHT,task,76,10,3,1,12,L6,R2,R1,L7,50000,600.0,-7.0,-56.0,56.43580423808985,-97.1250163489018,130.9062482,131.0040719,458902714965600,458902812789300,2026-10-05T06:22:54.912746+00:00,2026-10-05T06:22:55.009686+00:00,
5,T006,PUFF_RIGHT,task,77,10,1,0,12,L6,R1,L1,L7,50000,600.0,5.0,65.0,65.19202405202648,85.60129464500447,131.0043272,131.1012041,458902813044600,458902909921500,2026-10-05T06:22:55.009686+00:00,2026-10-05T06:22:55.100010+00:00,
5,T006,PUFF_RIGHT,task,78,12,0,2,14,L7,L1,L2,L8,50000,600.0,2.0,18.0,18.110770276274835,83.6598082540901,131.1014259,131.199206,458902910143300,458903007923400,2026-10-05T06:22:55.100010+00:00,2026-10-05T06:22:55.201052+00:00,
5,T006,PUFF_RIGHT,task,79,12,2,4,14,L7,L2,L3,L8,50000,600.0,-5.0,29.0,29.427877939124322,99.7824070318073,131.1994192,131.2960958,458903008136600,458903104813200,2026-10-05T06:22:55.201052+00:00,2026-10-05T06:22:55.301528+00:00,
5,T006,PUFF_RIGHT,task,80,12,4,6,14,L7,L3,L4,L8,50000,600.0,11.0,-29.0,31.016124838541646,-69.22774531795417,131.296333,131.3951051,458903105050400,458903203822500,2026-10-05T06:22:55.301528+00:00,2026-10-05T06:22:55.401971+00:00,
5,T006,PUFF_RIGHT,task,81,12,6,8,14,L7,L4,L5,L8,50000,600.0,-33.0,93.0,98.68130522039117,109.5366549381284,131.3953193,131.4912065,458903204036700,458903299923900,2026-10-05T06:22:55.401971+00:00,2026-10-05T06:22:55.489723+00:00,
5,T006,PUFF_RIGHT,task,82,12,8,10,14,L7,L5,L6,L8,50000,600.0,-90.0,200.0,219.31712199461307,114.22774531795417,131.4914326,131.5910981,458903300150000,458903399815500,2026-10-05T06:22:55.489723+00:00,2026-10-05T06:22:55.598030+00:00,
5,T006,PUFF_RIGHT,task,83,12,15,13,14,L7,R8,R7,L8,50000,600.0,-65.0,152.0,165.3148511174964,113.15308156411355,131.5914206,131.6892111,458903400138000,458903497928500,2026-10-05T06:22:55.598030+00:00,2026-10-05T06:22:55.689612+00:00,
5,T006,PUFF_RIGHT,task,84,12,13,11,14,L7,R7,R6,L8,50000,600.0,-37.0,90.0,97.30878685915265,112.34810834790942,131.6894265,131.7870585,458903498143900,458903595775900,2026-10-05T06:22:55.689612+00:00,2026-10-05T06:22:55.793724+00:00,
5,T006,PUFF_RIGHT,task,85,12,11,9,14,L7,R6,R5,L8,50000,600.0,-18.0,28.0,33.28663395418648,122.7352262721076,131.7873132,131.8862126,458903596030600,458903694930000,2026-10-05T06:22:55.793724+00:00,2026-10-05T06:22:55.889781+00:00,
5,T006,PUFF_RIGHT,task,86,12,9,7,14,L7,R5,R4,L8,50000,600.0,-8.0,15.0,17.0,118.07248693585296,131.8864205,131.9863722,458903695137900,458903795089600,2026-10-05T06:22:55.889781+00:00,2026-10-05T06:22:55.993093+00:00,
5,T006,PUFF_RIGHT,task,87,12,7,5,14,L7,R4,R3,L8,50000,600.0,12.0,-4.0,12.649110640673518,-18.43494882292201,131.9866161,132.0840699,458903795333500,458903892787300,2026-10-05T06:22:55.993093+00:00,2026-10-05T06:22:56.089907+00:00,
5,T006,PUFF_RIGHT,task,88,12,5,3,14,L7,R3,R2,L8,50000,600.0,-2.0,1.0,2.23606797749979,153.434948822922,132.0842873,132.1821044,458903893004700,458903990821800,2026-10-05T06:22:56.089907+00:00,2026-10-05T06:22:56.188956+00:00,
5,T006,PUFF_RIGHT,task,89,12,3,1,14,L7,R2,R1,L8,50000,600.0,-7.0,-52.0,52.46903848937962,-97.66680426181418,132.1823028,132.2822098,458903991020200,458904090927200,2026-10-05T06:22:56.188956+00:00,2026-10-05T06:22:56.284581+00:00,
5,T006,PUFF_RIGHT,task,90,12,1,0,14,L7,R1,L1,L8,50000,600.0,-3.0,70.0,70.06425622241343,92.45403167452707,132.2824438,132.3811147,458904091161200,458904189832100,2026-10-05T06:22:56.284581+00:00,2026-10-05T06:22:56.387665+00:00,
5,T006,PUFF_RIGHT,task,91,14,0,2,15,L8,L1,L2,R8,50000,600.0,8.0,2.0,8.246211251235321,14.036243467926479,132.3813158,132.4781094,458904190033200,458904286826800,2026-10-05T06:22:56.387665+00:00,2026-10-05T06:22:56.484957+00:00,
5,T006,PUFF_RIGHT,task,92,14,2,4,15,L8,L2,L3,R8,50000,600.0,-3.0,25.0,25.179356624028344,96.84277341263095,132.4783448,132.5760703,458904287062200,458904384787700,2026-10-05T06:22:56.484957+00:00,2026-10-05T06:22:56.582293+00:00,
5,T006,PUFF_RIGHT,task,93,14,4,6,15,L8,L3,L4,R8,50000,600.0,11.0,-29.0,31.016124838541646,-69.22774531795417,132.5762786,132.6740765,458904384996000,458904482793900,2026-10-05T06:22:56.582293+00:00,2026-10-05T06:22:56.679658+00:00,
5,T006,PUFF_RIGHT,task,94,14,6,8,15,L8,L4,L5,R8,50000,600.0,-21.0,68.0,71.16881339463234,107.16191880286532,132.6743049,132.7722041,458904483022300,458904580921500,2026-10-05T06:22:56.679658+00:00,2026-10-05T06:22:56.769943+00:00,
5,T006,PUFF_RIGHT,task,95,14,8,10,15,L8,L5,L6,R8,50000,600.0,-19.0,60.0,62.93647591023825,107.57125877832243,132.7724298,132.8712035,458904581147200,458904679920900,2026-10-05T06:22:56.769943+00:00,2026-10-05T06:22:56.869545+00:00,
5,T006,PUFF_RIGHT,task,96,14,10,12,15,L8,L6,L7,R8,50000,600.0,-126.0,320.0,343.9127796404199,111.49204003334457,132.8714118,132.9682037,458904680129200,458904776921100,2026-10-05T06:22:56.869545+00:00,2026-10-05T06:22:56.969831+00:00,
5,T006,PUFF_RIGHT,task,97,14,13,11,15,L8,R7,R6,R8,50000,600.0,-168.0,406.0,439.38593514130605,112.47943439710312,132.9684079,133.068209,458904777125300,458904876926400,2026-10-05T06:22:56.969831+00:00,2026-10-05T06:22:57.069802+00:00,
5,T006,PUFF_RIGHT,task,98,14,11,9,15,L8,R6,R5,R8,50000,600.0,-50.0,94.0,106.47065323364932,118.00917670801385,133.0684067,133.1652154,458904877124100,458904973932800,2026-10-05T06:22:57.069802+00:00,2026-10-05T06:22:57.169610+00:00,
5,T006,PUFF_RIGHT,task,99,14,9,7,15,L8,R5,R4,R8,50000,600.0,-20.0,39.0,43.829214001622255,117.14968169778317,133.165404,133.2620849,458904974121400,458905070802300,2026-10-05T06:22:57.169610+00:00,2026-10-05T06:22:57.268033+00:00,
5,T006,PUFF_RIGHT,task,100,14,7,5,15,L8,R4,R3,R8,50000,600.0,17.0,-11.0,20.248456731316587,-32.9052429229879,133.2624476,133.3592148,458905071165000,458905167932200,2026-10-05T06:22:57.268033+00:00,2026-10-05T06:22:57.359867+00:00,
5,T006,PUFF_RIGHT,task,101,14,5,3,15,L8,R3,R2,R8,50000,600.0,-4.0,6.0,7.211102550927978,123.69006752597979,133.3594468,133.456224,458905168164200,458905264941400,2026-10-05T06:22:57.359867+00:00,2026-10-05T06:22:57.459758+00:00,
5,T006,PUFF_RIGHT,task,102,14,3,1,15,L8,R2,R1,R8,50000,600.0,-13.0,-45.0,46.84015371452148,-106.11341823308929,133.4564181,133.5530572,458905265135500,458905361774600,2026-10-05T06:22:57.459758+00:00,2026-10-05T06:22:57.559724+00:00,
5,T006,PUFF_RIGHT,task,103,14,1,0,15,L8,R1,L1,R8,50000,600.0,-7.0,86.0,86.28441342444185,94.65335158726839,133.5532855,133.6530812,458905362002900,458905461798600,2026-10-05T06:22:57.559724+00:00,2026-10-05T06:22:57.659779+00:00,
5,T006,PUFF_RIGHT,task,104,15,0,2,13,R8,L1,L2,R7,50000,600.0,7.0,-3.0,7.615773105863909,-23.19859051364819,133.6532605,133.7522067,458905461977900,458905560924100,2026-10-05T06:22:57.659779+00:00,2026-10-05T06:22:57.751364+00:00,
5,T006,PUFF_RIGHT,task,105,15,2,4,13,R8,L2,L3,R7,50000,600.0,-1.0,16.0,16.0312195418814,93.57633437499736,133.7524113,133.8512059,458905561128700,458905659923300,2026-10-05T06:22:57.751364+00:00,2026-10-05T06:22:57.849972+00:00,
5,T006,PUFF_RIGHT,task,106,15,4,6,13,R8,L3,L4,R7,50000,600.0,4.0,-15.0,15.524174696260024,-75.06858282186245,133.8514406,133.9482054,458905660158000,458905756922800,2026-10-05T06:22:57.849972+00:00,2026-10-05T06:22:57.951417+00:00,
5,T006,PUFF_RIGHT,task,107,15,6,8,13,R8,L4,L5,R7,50000,600.0,-7.0,36.0,36.6742416417845,101.0035408517495,133.9484405,134.0441192,458905757157900,458905852836600,2026-10-05T06:22:57.951417+00:00,2026-10-05T06:22:58.050767+00:00,
5,T006,PUFF_RIGHT,task,108,15,8,10,13,R8,L5,L6,R7,50000,600.0,-3.0,20.0,20.223748416156685,98.53076560994813,134.0444054,134.1620953,458905853122800,458905970812700,2026-10-05T06:22:58.050767+00:00,2026-10-05T06:22:58.167298+00:00,
5,T006,PUFF_RIGHT,task,109,15,10,12,13,R8,L6,L7,R7,50000,600.0,-31.0,64.0,71.11258679024411,115.84438755456033,134.1622884,134.2602196,458905971005800,458906068937000,2026-10-05T06:22:58.167298+00:00,2026-10-05T06:22:58.259737+00:00,
5,T006,PUFF_RIGHT,task,110,15,12,14,13,R8,L7,L8,R7,50000,600.0,-54.0,154.0,163.19313711060278,109.3231843181618,134.2605299,134.3582236,458906069247300,458906166941000,2026-10-05T06:22:58.267288+00:00,2026-10-05T06:22:58.359684+00:00,
5,T006,PUFF_RIGHT,task,111,15,11,9,13,R8,R6,R5,R7,50000,600.0,-98.0,178.0,203.19448811422026,118.83550084774309,134.3584256,134.4550708,458906167143000,458906263788200,2026-10-05T06:22:58.359684+00:00,2026-10-05T06:22:58.459564+00:00,
5,T006,PUFF_RIGHT,task,112,15,9,7,13,R8,R5,R4,R7,50000,600.0,-30.0,57.0,64.41273166075166,117.75854060106003,134.4552807,134.5550817,458906263998100,458906363799100,2026-10-05T06:22:58.459564+00:00,2026-10-05T06:22:58.559763+00:00,
5,T006,PUFF_RIGHT,task,113,15,7,5,13,R8,R4,R3,R7,50000,600.0,21.0,-19.0,28.319604517012593,-42.13759477388825,134.5552736,134.6540796,458906363991000,458906462797000,2026-10-05T06:22:58.559763+00:00,2026-10-05T06:22:58.659825+00:00,
5,T006,PUFF_RIGHT,task,114,15,5,3,13,R8,R3,R2,R7,50000,600.0,-5.0,9.0,10.295630140987,119.05460409907714,134.6542901,134.7562113,458906463007500,458906564928700,2026-10-05T06:22:58.659825+00:00,2026-10-05T06:22:58.759812+00:00,
5,T006,PUFF_RIGHT,task,115,15,3,1,13,R8,R2,R1,R7,50000,600.0,-15.0,-34.0,37.16180835212409,-113.80594351845772,134.7564496,134.8530735,458906565167000,458906661790900,2026-10-05T06:22:58.759812+00:00,2026-10-05T06:22:58.859739+00:00,
5,T006,PUFF_RIGHT,task,116,15,1,0,13,R8,R1,L1,R7,50000,600.0,-2.0,74.0,74.02702209328699,91.54815769897796,134.8533059,134.9500826,458906662023300,458906758800000,2026-10-05T06:22:58.859739+00:00,2026-10-05T06:22:58.956281+00:00,
5,T006,PUFF_RIGHT,task,117,13,0,2,11,R7,L1,L2,R6,50000,600.0,18.0,-21.0,27.65863337187866,-49.398705354995535,134.9503324,135.0472372,458906759049800,458906855954600,2026-10-05T06:22:58.956281+00:00,2026-10-05T06:22:59.051552+00:00,
5,T006,PUFF_RIGHT,task,118,13,2,4,11,R7,L2,L3,R6,50000,600.0,-1.0,19.0,19.026297590440446,93.01278750418334,135.0474985,135.1461475,458906856215900,458906954864900,2026-10-05T06:22:59.051552+00:00,2026-10-05T06:22:59.152660+00:00,
5,T006,PUFF_RIGHT,task,119,13,4,6,11,R7,L3,L4,R6,50000,600.0,11.0,-25.0,27.313000567495326,-66.25050550713324,135.1463531,135.2431087,458906955070500,458907051826100,2026-10-05T06:22:59.152660+00:00,2026-10-05T06:22:59.249766+00:00,
5,T006,PUFF_RIGHT,task,120,13,6,8,11,R7,L4,L5,R6,50000,600.0,-14.0,46.0,48.08326112068523,106.92751306414705,135.2433237,135.3431061,458907052041100,458907151823500,2026-10-05T06:22:59.249766+00:00,2026-10-05T06:22:59.349963+00:00,
5,T006,PUFF_RIGHT,task,121,13,8,10,11,R7,L5,L6,R6,50000,600.0,1.0,11.0,11.045361017187261,84.8055710922652,135.3433446,135.4412168,458907152062000,458907249934200,2026-10-05T06:22:59.349963+00:00,2026-10-05T06:22:59.439661+00:00,
5,T006,PUFF_RIGHT,task,122,13,10,12,11,R7,L6,L7,R6,50000,600.0,-16.0,64.0,65.96969000988257,104.03624346792648,135.4414197,135.5392069,458907250137100,458907347924300,2026-10-05T06:22:59.439661+00:00,2026-10-05T06:22:59.539590+00:00,
5,T006,PUFF_RIGHT,task,123,13,12,14,11,R7,L7,L8,R6,50000,600.0,-30.0,97.0,101.53324578678651,107.18570614422478,135.5394218,135.6351097,458907348139200,458907443827100,2026-10-05T06:22:59.539590+00:00,2026-10-05T06:22:59.640800+00:00,
5,T006,PUFF_RIGHT,task,124,13,14,15,11,R7,L8,R8,R6,50000,600.0,-150.0,427.0,452.58037960123727,109.35576606259244,135.6353314,135.7320845,458907444048800,458907540801900,2026-10-05T06:22:59.640800+00:00,2026-10-05T06:22:59.733206+00:00,
5,T006,PUFF_RIGHT,task,125,13,9,7,11,R7,R5,R4,R6,50000,600.0,-47.0,85.0,97.12878049270464,118.94001269283936,135.7322917,135.8291278,458907541009100,458907637845200,2026-10-05T06:22:59.733206+00:00,2026-10-05T06:22:59.835807+00:00,
5,T006,PUFF_RIGHT,task,126,13,7,5,11,R7,R4,R3,R6,50000,600.0,11.0,-5.0,12.083045973594572,-24.443954780416536,135.8293334,135.9281011,458907638050800,458907736818500,2026-10-05T06:22:59.835807+00:00,2026-10-05T06:22:59.934821+00:00,
5,T006,PUFF_RIGHT,task,127,13,5,3,11,R7,R3,R2,R6,50000,600.0,-10.0,18.0,20.591260281974,119.05460409907714,135.9283147,136.0240922,458907737032100,458907832809600,2026-10-05T06:22:59.934821+00:00,2026-10-05T06:23:00.030615+00:00,
5,T006,PUFF_RIGHT,task,128,13,3,1,11,R7,R2,R1,R6,50000,600.0,-26.0,1.0,26.019223662515376,177.7974018382342,136.0243685,136.1212063,458907833085900,458907929923700,2026-10-05T06:23:00.030615+00:00,2026-10-05T06:23:00.123636+00:00,
5,T006,PUFF_RIGHT,task,129,13,1,0,11,R7,R1,L1,R6,50000,600.0,-9.0,73.0,73.55270219373317,97.0283962389496,136.1214406,136.2192179,458907930158000,458908027935300,2026-10-05T06:23:00.123636+00:00,2026-10-05T06:23:00.225620+00:00,
5,T006,PUFF_RIGHT,task,130,11,0,2,9,R6,L1,L2,R5,50000,600.0,8.0,6.0,10.0,36.86989764584402,136.2195829,136.3150749,458908028300300,458908123792300,2026-10-05T06:23:00.225620+00:00,2026-10-05T06:23:00.319773+00:00,
5,T006,PUFF_RIGHT,task,131,11,2,4,9,R6,L2,L3,R5,50000,600.0,-2.0,26.0,26.076809620810597,94.39870535499554,136.3153073,136.410208,458908124024700,458908218925400,2026-10-05T06:23:00.319773+00:00,2026-10-05T06:23:00.409800+00:00,
5,T006,PUFF_RIGHT,task,132,11,4,6,9,R6,L3,L4,R5,50000,600.0,-3.0,5.0,5.830951894845301,120.96375653207352,136.4104093,136.5072041,458908219126700,458908315921500,2026-10-05T06:23:00.409800+00:00,2026-10-05T06:23:00.509694+00:00,
5,T006,PUFF_RIGHT,task,133,11,6,8,9,R6,L4,L5,R5,50000,600.0,-4.0,19.0,19.4164878389476,101.88865803962798,136.5074196,136.6050818,458908316137000,458908413799200,2026-10-05T06:23:00.509694+00:00,2026-10-05T06:23:00.609985+00:00,
5,T006,PUFF_RIGHT,task,134,11,8,10,9,R6,L5,L6,R5,50000,600.0,17.0,40.0,43.46262762420146,66.97450799147197,136.6052516,136.7141173,458908413969000,458908522834700,2026-10-05T06:23:00.609985+00:00,2026-10-05T06:23:00.719564+00:00,
5,T006,PUFF_RIGHT,task,135,11,10,12,9,R6,L6,L7,R5,50000,600.0,-9.0,26.0,27.51363298439521,109.09349200048563,136.7144271,136.8110999,458908523144500,458908619817300,2026-10-05T06:23:00.719564+00:00,2026-10-05T06:23:00.817218+00:00,
5,T006,PUFF_RIGHT,task,136,11,12,14,9,R6,L7,L8,R5,50000,600.0,-11.0,28.0,30.083217912982647,111.44773632710536,136.811267,136.9082051,458908619984400,458908716922500,2026-10-05T06:23:00.817218+00:00,2026-10-05T06:23:00.909940+00:00,
5,T006,PUFF_RIGHT,task,137,11,14,15,9,R6,L8,R8,R5,50000,600.0,-39.0,96.0,103.61949623502326,112.10944834375168,136.9084309,137.0070755,458908717148300,458908815792900,2026-10-05T06:23:00.909940+00:00,2026-10-05T06:23:01.012825+00:00,
5,T006,PUFF_RIGHT,task,138,11,15,13,9,R6,R8,R7,R5,50000,600.0,-75.0,185.0,199.6246477767713,112.06789956241022,137.0073227,137.1022118,458908816040100,458908910929200,2026-10-05T06:23:01.012825+00:00,2026-10-05T06:23:01.102401+00:00,
5,T006,PUFF_RIGHT,task,139,11,7,5,9,R6,R4,R3,R5,50000,600.0,150.0,-363.0,392.77092560422545,-67.54845354399613,137.1024457,137.2012175,458908911163100,458909009934900,2026-10-05T06:23:01.102401+00:00,2026-10-05T06:23:01.201447+00:00,
5,T006,PUFF_RIGHT,task,140,11,5,3,9,R6,R3,R2,R5,50000,600.0,-79.0,196.0,211.322029140362,111.95245249194042,137.2014361,137.2992235,458909010153500,458909107940900,2026-10-05T06:23:01.201447+00:00,2026-10-05T06:23:01.301813+00:00,
5,T006,PUFF_RIGHT,task,141,11,3,1,9,R6,R2,R1,R5,50000,600.0,-85.0,126.0,151.99013125857877,124.00372741911258,137.2994655,137.399205,458909108182900,458909207922400,2026-10-05T06:23:01.301813+00:00,2026-10-05T06:23:01.399758+00:00,
5,T006,PUFF_RIGHT,task,142,11,1,0,9,R6,R1,L1,R5,50000,600.0,-13.0,102.0,102.82509421342633,97.26324474058455,137.3994428,137.4982181,458909208160200,458909306935500,2026-10-05T06:23:01.399758+00:00,2026-10-05T06:23:01.502386+00:00,
5,T006,PUFF_RIGHT,task,143,9,0,2,7,R5,L1,L2,R4,50000,600.0,33.0,-61.0,69.35416353759881,-61.58733855692742,137.4984419,137.5982104,458909307159300,458909406927800,2026-10-05T06:23:01.502386+00:00,2026-10-05T06:23:01.599739+00:00,
5,T006,PUFF_RIGHT,task,144,9,2,4,7,R5,L2,L3,R4,50000,600.0,-1.0,14.0,14.035668847618199,94.08561677997488,137.5984341,137.69708,458909407151500,458909505797400,2026-10-05T06:23:01.599739+00:00,2026-10-05T06:23:01.702991+00:00,
5,T006,PUFF_RIGHT,task,145,9,4,6,7,R5,L3,L4,R4,50000,600.0,18.0,-58.0,60.728905802755904,-72.75854060106002,137.6972867,137.7951203,458909506004100,458909603837700,2026-10-05T06:23:01.702991+00:00,2026-10-05T06:23:01.799633+00:00,
5,T006,PUFF_RIGHT,task,146,9,6,8,7,R5,L4,L5,R4,50000,600.0,-16.0,69.0,70.83078426785913,103.05524722379661,137.7953295,137.8922032,458909604046900,458909700920600,2026-10-05T06:23:01.799633+00:00,2026-10-05T06:23:01.889611+00:00,
5,T006,PUFF_RIGHT,task,147,9,8,10,7,R5,L5,L6,R4,50000,600.0,9.0,8.0,12.041594578792296,41.6335393365702,137.8924866,137.9890862,458909701204000,458909797803600,2026-10-05T06:23:01.889611+00:00,2026-10-05T06:23:01.989995+00:00,
5,T006,PUFF_RIGHT,task,148,9,10,12,7,R5,L6,L7,R4,50000,600.0,-6.0,27.0,27.65863337187866,102.52880770915151,137.9892845,138.0882094,458909798001900,458909896926800,2026-10-05T06:23:01.989995+00:00,2026-10-05T06:23:02.089750+00:00,
5,T006,PUFF_RIGHT,task,149,9,12,14,7,R5,L7,L8,R4,50000,600.0,0.0,24.0,24.0,90.0,138.0883937,138.1840766,458909897111100,458909992794000,2026-10-05T06:23:02.089750+00:00,2026-10-05T06:23:02.189911+00:00,
5,T006,PUFF_RIGHT,task,150,9,14,15,7,R5,L8,R8,R4,50000,600.0,-11.0,48.0,49.24428900898052,102.90740867126584,138.1842924,138.282159,458909993009800,458910090876400,2026-10-05T06:23:02.189911+00:00,2026-10-05T06:23:02.288040+00:00,
5,T006,PUFF_RIGHT,task,151,9,15,13,7,R5,R8,R7,R4,50000,600.0,-16.0,69.0,70.83078426785913,103.05524722379661,138.2823459,138.3781063,458910091063300,458910186823700,2026-10-05T06:23:02.288040+00:00,2026-10-05T06:23:02.383751+00:00,
5,T006,PUFF_RIGHT,task,152,9,13,11,7,R5,R7,R6,R4,50000,600.0,-25.0,92.0,95.33624704172071,105.20240870917615,138.3783682,138.4793982,458910187085600,458910288115600,2026-10-05T06:23:02.383751+00:00,2026-10-05T06:23:02.483235+00:00,
5,T006,PUFF_RIGHT,task,153,9,5,3,7,R5,R3,R2,R4,50000,600.0,89.0,-273.0,287.14108030722457,-71.94365213919232,138.479682,138.5791471,458910288399400,458910387864500,2026-10-05T06:23:02.483235+00:00,2026-10-05T06:23:02.584028+00:00,
5,T006,PUFF_RIGHT,task,154,9,3,1,7,R5,R2,R1,R4,50000,600.0,-15.0,-56.0,57.97413216254298,-104.99507912917599,138.5793779,138.6812593,458910388095300,458910489976700,2026-10-05T06:23:02.584028+00:00,2026-10-05T06:23:02.684078+00:00,
5,T006,PUFF_RIGHT,task,155,9,1,0,7,R5,R1,L1,R4,50000,600.0,13.0,24.0,27.294688127912362,61.55707137563666,138.6815329,138.7802965,458910490250300,458910589013900,2026-10-05T06:23:02.684078+00:00,2026-10-05T06:23:02.784237+00:00,
5,T006,PUFF_RIGHT,task,156,7,0,2,5,R4,L1,L2,R3,50000,600.0,-4.0,43.0,43.18564576337837,95.31454566994475,138.7805337,138.8791532,458910589251100,458910687870600,2026-10-05T06:23:02.784237+00:00,2026-10-05T06:23:02.885612+00:00,
5,T006,PUFF_RIGHT,task,157,7,2,4,5,R4,L2,L3,R3,50000,600.0,3.0,12.0,12.36931687685298,75.96375653207353,138.8793881,138.9802991,458910688105500,458910789016500,2026-10-05T06:23:02.885612+00:00,2026-10-05T06:23:02.984784+00:00,
5,T006,PUFF_RIGHT,task,158,7,4,6,5,R4,L3,L4,R3,50000,600.0,-6.0,44.0,44.40720662234904,97.76516601842535,138.9805206,139.0781624,458910789238000,458910886879800,2026-10-05T06:23:02.984784+00:00,2026-10-05T06:23:03.083315+00:00,
5,T006,PUFF_RIGHT,task,159,7,6,8,5,R4,L4,L5,R3,50000,600.0,14.0,-17.0,22.02271554554524,-50.527540151656176,139.0784274,139.178141,458910887144800,458910986858400,2026-10-05T06:23:03.083315+00:00,2026-10-05T06:23:03.184632+00:00,
5,T006,PUFF_RIGHT,task,160,7,8,10,5,R4,L5,L6,R3,50000,600.0,-2.0,3.0,3.605551275463989,123.69006752597979,139.1783459,139.2751263,458910987063300,458911083843700,2026-10-05T06:23:03.184632+00:00,2026-10-05T06:23:03.279924+00:00,
5,T006,PUFF_RIGHT,task,161,7,10,12,5,R4,L6,L7,R3,50000,600.0,3.0,-3.0,4.242640687119285,-45.0,139.2753328,139.3731096,458911084050200,458911181827000,2026-10-05T06:23:03.279924+00:00,2026-10-05T06:23:03.379780+00:00,
5,T006,PUFF_RIGHT,task,162,7,12,14,5,R4,L7,L8,R3,50000,600.0,7.0,-8.0,10.63014581273465,-48.81407483429036,139.3734071,139.4702662,458911182124500,458911278983600,2026-10-05T06:23:03.379780+00:00,2026-10-05T06:23:03.470027+00:00,
5,T006,PUFF_RIGHT,task,163,7,14,15,5,R4,L8,R8,R3,50000,600.0,9.0,-18.0,20.12461179749811,-63.43494882292201,139.470482,139.5691136,458911279199400,458911377831000,2026-10-05T06:23:03.470027+00:00,2026-10-05T06:23:03.576002+00:00,
5,T006,PUFF_RIGHT,task,164,7,15,13,5,R4,R8,R7,R3,50000,600.0,11.0,-21.0,23.706539182259394,-62.35402463626132,139.5693145,139.6682691,458911378031900,458911476986500,2026-10-05T06:23:03.576002+00:00,2026-10-05T06:23:03.669817+00:00,
5,T006,PUFF_RIGHT,task,165,7,13,11,5,R4,R7,R6,R3,50000,600.0,11.0,-15.0,18.601075237738275,-53.74616226255522,139.6685105,139.7693713,458911477227900,458911578088700,2026-10-05T06:23:03.669817+00:00,2026-10-05T06:23:03.771902+00:00,
5,T006,PUFF_RIGHT,task,166,7,11,9,5,R4,R6,R5,R3,50000,600.0,113.0,-357.0,374.4569401146145,-72.43603478206333,139.7695871,139.8692664,458911578304500,458911677983800,2026-10-05T06:23:03.771902+00:00,2026-10-05T06:23:03.870094+00:00,
5,T006,PUFF_RIGHT,task,167,7,3,1,5,R4,R2,R1,R3,50000,600.0,-180.0,536.0,565.4166605256694,108.56312708674555,139.869486,139.9651547,458911678203400,458911773872100,2026-10-05T06:23:03.870094+00:00,2026-10-05T06:23:03.969650+00:00,
5,T006,PUFF_RIGHT,task,168,7,1,0,5,R4,R1,L1,R3,50000,600.0,-21.0,116.0,117.88553770501282,100.26137471723439,139.9653874,140.0631575,458911774104800,458911871874900,2026-10-05T06:23:03.972277+00:00,2026-10-05T06:23:04.069682+00:00,
5,T006,PUFF_RIGHT,task,169,5,0,2,3,R3,L1,L2,R2,50000,600.0,18.0,-25.0,30.805843601498726,-54.24611274556325,140.063404,140.1611782,458911872121400,458911969895600,2026-10-05T06:23:04.069682+00:00,2026-10-05T06:23:04.167273+00:00,
5,T006,PUFF_RIGHT,task,170,5,2,4,3,R3,L2,L3,R2,50000,600.0,-1.0,25.0,25.019992006393608,92.29061004263853,140.1613523,140.2592783,458911970069700,458912067995700,2026-10-05T06:23:04.167273+00:00,2026-10-05T06:23:04.259816+00:00,
5,T006,PUFF_RIGHT,task,171,5,4,6,3,R3,L3,L4,R2,50000,600.0,8.0,14.0,16.1245154965971,60.25511870305778,140.2594951,140.358279,458912068212500,458912166996400,2026-10-05T06:23:04.259816+00:00,2026-10-05T06:23:04.360058+00:00,
5,T006,PUFF_RIGHT,task,172,5,6,8,3,R3,L4,L5,R2,50000,600.0,-6.0,6.0,8.48528137423857,135.0,140.358537,140.4553458,458912167254400,458912264063200,2026-10-05T06:23:04.360058+00:00,2026-10-05T06:23:04.459781+00:00,
5,T006,PUFF_RIGHT,task,173,5,8,10,3,R3,L5,L6,R2,50000,600.0,4.0,9.0,9.848857801796104,66.03751102542182,140.4555518,140.5541304,458912264269200,458912362847800,2026-10-05T06:23:04.459781+00:00,2026-10-05T06:23:04.559939+00:00,
5,T006,PUFF_RIGHT,task,174,5,10,12,3,R3,L6,L7,R2,50000,600.0,-2.0,13.0,13.152946437965905,98.74616226255522,140.5543324,140.6531305,458912363049800,458912461847900,2026-10-05T06:23:04.559939+00:00,2026-10-05T06:23:04.659897+00:00,
5,T006,PUFF_RIGHT,task,175,5,12,14,3,R3,L7,L8,R2,50000,600.0,4.0,8.0,8.94427190999916,63.43494882292201,140.6533615,140.7562999,458912462078900,458912565017300,2026-10-05T06:23:04.659897+00:00,2026-10-05T06:23:04.759765+00:00,
5,T006,PUFF_RIGHT,task,176,5,14,15,3,R3,L8,R8,R2,50000,600.0,0.0,13.0,13.0,90.0,140.7565256,140.8542483,458912565243000,458912662965700,2026-10-05T06:23:04.759765+00:00,2026-10-05T06:23:04.860817+00:00,
5,T006,PUFF_RIGHT,task,177,5,15,13,3,R3,R8,R7,R2,50000,600.0,0.0,20.0,20.0,90.0,140.8545085,140.9522618,458912663225900,458912760979200,2026-10-05T06:23:04.860817+00:00,2026-10-05T06:23:04.950006+00:00,
5,T006,PUFF_RIGHT,task,178,5,13,11,3,R3,R7,R6,R2,50000,600.0,3.0,25.0,25.179356624028344,83.15722658736907,140.9524727,141.0512644,458912761190100,458912859981800,2026-10-05T06:23:04.950006+00:00,2026-10-05T06:23:05.052874+00:00,
5,T006,PUFF_RIGHT,task,179,5,11,9,3,R3,R6,R5,R2,50000,600.0,-51.0,227.0,232.65854809140367,102.66236406285743,141.0515113,141.1491386,458912860228700,458912957856000,2026-10-05T06:23:05.052874+00:00,2026-10-05T06:23:05.150007+00:00,
5,T006,PUFF_RIGHT,task,180,5,9,7,3,R3,R5,R4,R2,50000,600.0,83.0,-303.0,314.1623783969048,-74.68089943686738,141.1494907,141.2452194,458912958208100,458913053936800,2026-10-05T06:23:05.150007+00:00,2026-10-05T06:23:05.251567+00:00,
5,T006,PUFF_RIGHT,task,181,5,1,0,3,R3,R1,L1,R2,50000,600.0,-6.0,70.0,70.25667228100119,94.89909245378777,141.2455342,141.3441368,458913054251600,458913152854200,2026-10-05T06:23:05.251567+00:00,2026-10-05T06:23:05.349797+00:00,
5,T006,PUFF_RIGHT,task,182,3,0,2,1,R2,L1,L2,R1,50000,600.0,-25.0,387.0,387.806652856807,93.69614200698597,141.3443754,141.4432081,458913153092800,458913251925500,2026-10-05T06:23:05.349797+00:00,2026-10-05T06:23:05.450022+00:00,
5,T006,PUFF_RIGHT,task,183,3,2,4,1,R2,L2,L3,R1,50000,600.0,12.0,18.0,21.633307652783937,56.309932474020215,141.44342,141.5412587,458913252137400,458913349976100,2026-10-05T06:23:05.450022+00:00,2026-10-05T06:23:05.539657+00:00,
5,T006,PUFF_RIGHT,task,184,3,4,6,1,R2,L3,L4,R1,50000,600.0,0.0,23.0,23.0,90.0,141.5414668,141.6393482,458913350184200,458913448065600,2026-10-05T06:23:05.539657+00:00,2026-10-05T06:23:05.645410+00:00,
5,T006,PUFF_RIGHT,task,185,3,6,8,1,R2,L4,L5,R1,50000,600.0,5.0,-21.0,21.587033144922902,-76.6075022462489,141.6395696,141.7393853,458913448287000,458913548102700,2026-10-05T06:23:05.645410+00:00,2026-10-05T06:23:05.739897+00:00,
5,T006,PUFF_RIGHT,task,186,3,8,10,1,R2,L5,L6,R1,50000,600.0,14.0,16.0,21.2602916254693,48.81407483429036,141.7396542,141.8372801,458913548371600,458913645997500,2026-10-05T06:23:05.739897+00:00,2026-10-05T06:23:05.840022+00:00,
5,T006,PUFF_RIGHT,task,187,3,10,12,1,R2,L6,L7,R1,50000,600.0,3.0,7.0,7.615773105863909,66.80140948635182,141.8374928,141.9362711,458913646210200,458913744988500,2026-10-05T06:23:05.840022+00:00,2026-10-05T06:23:05.940837+00:00,
5,T006,PUFF_RIGHT,task,188,3,12,14,1,R2,L7,L8,R1,50000,600.0,11.0,2.0,11.180339887498949,10.304846468766033,141.9365039,142.0351376,458913745221300,458913843855000,2026-10-05T06:23:05.940837+00:00,2026-10-05T06:23:06.039707+00:00,
5,T006,PUFF_RIGHT,task,189,3,14,15,1,R2,L8,R8,R1,50000,600.0,6.0,8.0,10.0,53.13010235415598,142.0353274,142.1331189,458913844044800,458913941836300,2026-10-05T06:23:06.039707+00:00,2026-10-05T06:23:06.139770+00:00,
5,T006,PUFF_RIGHT,task,190,3,15,13,1,R2,R8,R7,R1,50000,600.0,7.0,21.0,22.135943621178654,71.56505117707799,142.1333388,142.2312043,458913942056200,458914039921700,2026-10-05T06:23:06.139770+00:00,2026-10-05T06:23:06.236678+00:00,
5,T006,PUFF_RIGHT,task,191,3,13,11,1,R2,R7,R6,R1,50000,600.0,14.0,40.0,42.37924020083418,70.70995378081128,142.2313878,142.3314051,458914040105200,458914140122500,2026-10-05T06:23:06.236678+00:00,2026-10-05T06:23:06.336162+00:00,
5,T006,PUFF_RIGHT,task,192,3,11,9,1,R2,R6,R5,R1,50000,600.0,-12.0,156.0,156.46085772486356,94.39870535499554,142.3316708,142.4322812,458914140388200,458914240998600,2026-10-05T06:23:06.336162+00:00,2026-10-05T06:23:06.436332+00:00,
5,T006,PUFF_RIGHT,task,193,3,9,7,1,R2,R5,R4,R1,50000,600.0,5.0,0.0,5.0,0.0,142.4325145,142.5313637,458914241231900,458914340081100,2026-10-05T06:23:06.436332+00:00,2026-10-05T06:23:06.536451+00:00,
5,T006,PUFF_RIGHT,task,194,3,7,5,1,R2,R4,R3,R1,50000,600.0,-29.0,503.0,503.8352905464245,93.29968239586604,142.5316472,142.630133,458914340364600,458914438850400,2026-10-05T06:23:06.536451+00:00,2026-10-05T06:23:06.636392+00:00,
5,T006,PUFF_RIGHT,task,195,1,2,4,0,R1,L2,L3,L1,50000,600.0,10.0,-24.0,26.0,-67.38013505195957,142.6304657,142.7262919,458914439183100,458914535009300,2026-10-05T06:23:06.636392+00:00,2026-10-05T06:23:06.730039+00:00,
5,T006,PUFF_RIGHT,task,196,1,4,6,0,R1,L3,L4,L1,50000,600.0,-11.0,33.0,34.785054261852174,108.43494882292202,142.7265327,142.8261981,458914535250100,458914634915500,2026-10-05T06:23:06.730039+00:00,2026-10-05T06:23:06.829955+00:00,
5,T006,PUFF_RIGHT,task,197,1,6,8,0,R1,L4,L5,L1,50000,600.0,17.0,-27.0,31.906112267087632,-57.804266065286754,142.8264714,142.9251495,458914635188800,458914733866900,2026-10-05T06:23:06.829955+00:00,2026-10-05T06:23:06.929925+00:00,
5,T006,PUFF_RIGHT,task,198,1,8,10,0,R1,L5,L6,L1,50000,600.0,-2.0,11.0,11.180339887498949,100.30484646876603,142.925395,143.028146,458914734112400,458914836863400,2026-10-05T06:23:06.929925+00:00,2026-10-05T06:23:07.033114+00:00,
5,T006,PUFF_RIGHT,task,199,1,10,12,0,R1,L6,L7,L1,50000,600.0,0.0,12.0,12.0,90.0,143.0283965,143.1261179,458914837113900,458914934835300,2026-10-05T06:23:07.035129+00:00,2026-10-05T06:23:07.132730+00:00,
5,T006,PUFF_RIGHT,task,200,1,12,14,0,R1,L7,L8,L1,50000,600.0,2.0,12.0,12.165525060596439,80.53767779197439,143.1264408,143.2251423,458914935158200,458915033859700,2026-10-05T06:23:07.132730+00:00,2026-10-05T06:23:07.229947+00:00,
5,T006,PUFF_RIGHT,task,201,1,14,15,0,R1,L8,R8,L1,50000,600.0,-2.0,20.0,20.09975124224178,95.71059313749964,143.2253651,143.3241258,458915034082500,458915132843200,2026-10-05T06:23:07.229947+00:00,2026-10-05T06:23:07.330998+00:00,
5,T006,PUFF_RIGHT,task,202,1,15,13,0,R1,R8,R7,L1,50000,600.0,1.0,17.0,17.029386365926403,86.63353933657021,143.3243374,143.4231126,458915133054800,458915231830000,2026-10-05T06:23:07.330998+00:00,2026-10-05T06:23:07.429777+00:00,
5,T006,PUFF_RIGHT,task,203,1,13,11,0,R1,R7,R6,L1,50000,600.0,4.0,5.0,6.4031242374328485,51.34019174590991,143.4233573,143.5201288,458915232074700,458915328846200,2026-10-05T06:23:07.429777+00:00,2026-10-05T06:23:07.526311+00:00,
5,T006,PUFF_RIGHT,task,204,1,11,9,0,R1,R6,R5,L1,50000,600.0,0.0,35.0,35.0,90.0,143.5204376,143.6202776,458915329155000,458915428995000,2026-10-05T06:23:07.527311+00:00,2026-10-05T06:23:07.619808+00:00,
5,T006,PUFF_RIGHT,task,205,1,9,7,0,R1,R5,R4,L1,50000,600.0,7.0,-51.0,51.478150704935004,-82.18470645323312,143.6205195,143.7182294,458915429236900,458915526946800,2026-10-05T06:23:07.619808+00:00,2026-10-05T06:23:07.724814+00:00,
5,T006,PUFF_RIGHT,task,206,1,7,5,0,R1,R4,R3,L1,50000,600.0,5.0,52.0,52.23983154643591,84.50767544287257,143.7184553,143.8153688,458915527172700,458915624086200,2026-10-05T06:23:07.724814+00:00,2026-10-05T06:23:07.819702+00:00,
5,T006,PUFF_RIGHT,task,207,1,5,3,0,R1,R3,R2,L1,50000,600.0,3.0,-5.0,5.830951894845301,-59.03624346792648,143.8156068,143.9131574,458915624324200,458915721874800,2026-10-05T06:23:07.819702+00:00,2026-10-05T06:23:07.919738+00:00,
6,T007,PUFF_BOTH,task,0,0,4,6,2,L1,L3,L4,L2,50000,600.0,-112.0,340.0,357.97206594928605,108.23249108070381,146.1906474,146.2902688,458917999364800,458918098986200,2026-10-05T06:23:10.190173+00:00,2026-10-05T06:23:10.296377+00:00,
6,T007,PUFF_BOTH,task,1,0,6,8,2,L1,L4,L5,L2,50000,600.0,-28.0,103.0,106.7379969832674,105.20803919063532,146.2905462,146.3892246,458918099263600,458918197942000,2026-10-05T06:23:10.297378+00:00,2026-10-05T06:23:10.389715+00:00,
6,T007,PUFF_BOTH,task,2,0,8,10,2,L1,L5,L6,L2,50000,600.0,-29.0,96.0,100.2845950283492,106.80869162620687,146.3894729,146.486136,458918198190300,458918294853400,2026-10-05T06:23:10.389715+00:00,2026-10-05T06:23:10.492139+00:00,
6,T007,PUFF_BOTH,task,3,0,10,12,2,L1,L6,L7,L2,50000,600.0,-23.0,54.0,58.69412236331676,113.07041224982466,146.4863459,146.5862765,458918295063300,458918394993900,2026-10-05T06:23:10.493131+00:00,2026-10-05T06:23:10.589760+00:00,
6,T007,PUFF_BOTH,task,4,0,12,14,2,L1,L7,L8,L2,50000,600.0,3.0,19.0,19.235384061671343,81.02737338510362,146.586513,146.6841453,458918395230400,458918492862700,2026-10-05T06:23:10.589760+00:00,2026-10-05T06:23:10.689906+00:00,
6,T007,PUFF_BOTH,task,5,0,14,15,2,L1,L8,R8,L2,50000,600.0,2.0,4.0,4.47213595499958,63.43494882292201,146.6843474,146.7932528,458918493064800,458918601970200,2026-10-05T06:23:10.689906+00:00,2026-10-05T06:23:10.799909+00:00,
6,T007,PUFF_BOTH,task,6,0,15,13,2,L1,R8,R7,L2,50000,600.0,3.0,5.0,5.830951894845301,59.03624346792648,146.7934678,146.8912654,458918602185200,458918699982800,2026-10-05T06:23:10.799909+00:00,2026-10-05T06:23:10.892333+00:00,
6,T007,PUFF_BOTH,task,7,0,13,11,2,L1,R7,R6,L2,50000,600.0,16.0,-22.0,27.202941017470888,-53.97262661489639,146.8915721,146.9903044,458918700289500,458918799021800,2026-10-05T06:23:10.892333+00:00,2026-10-05T06:23:10.989656+00:00,
6,T007,PUFF_BOTH,task,8,0,11,9,2,L1,R6,R5,L2,50000,600.0,3.0,11.0,11.40175425099138,74.74488129694222,146.9905086,147.0912694,458918799226000,458918899986800,2026-10-05T06:23:10.989656+00:00,2026-10-05T06:23:11.093777+00:00,
6,T007,PUFF_BOTH,task,9,0,9,7,2,L1,R5,R4,L2,50000,600.0,25.0,-68.0,72.44998274671983,-69.81419699053515,147.091447,147.1902735,458918900164400,458918998990900,2026-10-05T06:23:11.093777+00:00,2026-10-05T06:23:11.189775+00:00,
6,T007,PUFF_BOTH,task,10,0,7,5,2,L1,R4,R3,L2,50000,600.0,-4.0,52.0,52.15361924162119,94.39870535499554,147.1905028,147.2901456,458918999220200,458919098863000,2026-10-05T06:23:11.189775+00:00,2026-10-05T06:23:11.294840+00:00,
6,T007,PUFF_BOTH,task,11,0,5,3,2,L1,R3,R2,L2,50000,600.0,9.0,-27.0,28.460498941515414,-71.56505117707799,147.2903509,147.3892836,458919099068300,458919198001000,2026-10-05T06:23:11.294840+00:00,2026-10-05T06:23:11.389750+00:00,
6,T007,PUFF_BOTH,task,12,0,3,1,2,L1,R2,R1,L2,50000,600.0,-128.0,420.0,439.0717481232424,106.94922423382144,147.389521,147.4863819,458919198238400,458919295099300,2026-10-05T06:23:11.389750+00:00,2026-10-05T06:23:11.489758+00:00,
6,T007,PUFF_BOTH,task,13,2,6,8,4,L2,L4,L5,L3,50000,600.0,97.0,-265.0,282.19496806286253,-69.89546754526893,147.4866173,147.5851341,458919295334700,458919393851500,2026-10-05T06:23:11.489758+00:00,2026-10-05T06:23:11.590077+00:00,
6,T007,PUFF_BOTH,task,14,2,8,10,4,L2,L5,L6,L3,50000,600.0,-60.0,178.0,187.84035775093702,108.62786317645505,147.5853538,147.6840768,458919394071200,458919492794200,2026-10-05T06:23:11.590077+00:00,2026-10-05T06:23:11.689816+00:00,
6,T007,PUFF_BOTH,task,15,2,10,12,4,L2,L6,L7,L3,50000,600.0,-19.0,45.0,48.84669896727925,112.89055165624833,147.684298,147.780154,458919493015400,458919588871400,2026-10-05T06:23:11.689816+00:00,2026-10-05T06:23:11.785593+00:00,
6,T007,PUFF_BOTH,task,16,2,12,14,4,L2,L7,L8,L3,50000,600.0,-2.0,22.0,22.090722034374522,95.1944289077348,147.7803978,147.8781004,458919589115200,458919686817800,2026-10-05T06:23:11.785593+00:00,2026-10-05T06:23:11.883166+00:00,
6,T007,PUFF_BOTH,task,17,2,14,15,4,L2,L8,R8,L3,50000,600.0,-3.0,14.0,14.317821063276353,102.0947570770121,147.8783276,147.9750786,458919687045000,458919783796000,2026-10-05T06:23:11.883166+00:00,2026-10-05T06:23:11.979615+00:00,
6,T007,PUFF_BOTH,task,18,2,15,13,4,L2,R8,R7,L3,50000,600.0,0.0,12.0,12.0,90.0,147.9752848,148.0742197,458919784002200,458919882937100,2026-10-05T06:23:11.979615+00:00,2026-10-05T06:23:12.079806+00:00,
6,T007,PUFF_BOTH,task,19,2,13,11,4,L2,R7,R6,L3,50000,600.0,5.0,7.0,8.602325267042627,54.46232220802562,148.0744195,148.1722887,458919883136900,458919981006100,2026-10-05T06:23:12.079806+00:00,2026-10-05T06:23:12.178108+00:00,
6,T007,PUFF_BOTH,task,20,2,11,9,4,L2,R6,R5,L3,50000,600.0,-1.0,21.0,21.02379604162864,92.72631099390628,148.1724907,148.2702629,458919981208100,458920078980300,2026-10-05T06:23:12.178108+00:00,2026-10-05T06:23:12.269869+00:00,
6,T007,PUFF_BOTH,task,21,2,9,7,4,L2,R5,R4,L3,50000,600.0,0.0,-5.0,5.0,-90.0,148.2704735,148.369395,458920079190900,458920178112400,2026-10-05T06:23:12.269869+00:00,2026-10-05T06:23:12.375927+00:00,
6,T007,PUFF_BOTH,task,22,2,7,5,4,L2,R4,R3,L3,50000,600.0,10.0,12.0,15.620499351813308,50.19442890773481,148.3696046,148.4682713,458920178322000,458920276988700,2026-10-05T06:23:12.375927+00:00,2026-10-05T06:23:12.469870+00:00,
6,T007,PUFF_BOTH,task,23,2,5,3,4,L2,R3,R2,L3,50000,600.0,-1.0,9.0,9.055385138137417,96.3401917459099,148.4684784,148.568401,458920277195800,458920377118400,2026-10-05T06:23:12.469870+00:00,2026-10-05T06:23:12.575106+00:00,
6,T007,PUFF_BOTH,task,24,2,3,1,4,L2,R2,R1,L3,50000,600.0,6.0,-56.0,56.32051136131489,-83.8844964337146,148.5686035,148.6692738,458920377320900,458920477991200,2026-10-05T06:23:12.575106+00:00,2026-10-05T06:23:12.671900+00:00,
6,T007,PUFF_BOTH,task,25,2,1,0,4,L2,R1,L1,L3,50000,600.0,15.0,22.0,26.627053911388696,55.71312302279104,148.669487,148.7662897,458920478204400,458920575007100,2026-10-05T06:23:12.671900+00:00,2026-10-05T06:23:12.773045+00:00,
6,T007,PUFF_BOTH,task,26,4,0,2,6,L3,L1,L2,L4,50000,600.0,-84.0,375.0,384.29285707647495,102.62583687890732,148.7664882,148.8662941,458920575205600,458920675011500,2026-10-05T06:23:12.773045+00:00,2026-10-05T06:23:12.869927+00:00,
6,T007,PUFF_BOTH,task,27,4,8,10,6,L3,L5,L6,L4,50000,600.0,96.0,-277.0,293.1637767528587,-70.8851978915782,148.8665148,148.9661804,458920675232200,458920774897800,2026-10-05T06:23:12.869927+00:00,2026-10-05T06:23:12.970166+00:00,
6,T007,PUFF_BOTH,task,28,4,10,12,6,L3,L6,L7,L4,50000,600.0,7.0,-30.0,30.805843601498726,-76.86597769360368,148.9663989,149.0651363,458920775116300,458920873853700,2026-10-05T06:23:12.970166+00:00,2026-10-05T06:23:13.069657+00:00,
6,T007,PUFF_BOTH,task,29,4,12,14,6,L3,L7,L8,L4,50000,600.0,15.0,-23.0,27.459060435491963,-56.88865803962798,149.0653776,149.1662195,458920874095000,458920974936900,2026-10-05T06:23:13.069657+00:00,2026-10-05T06:23:13.170455+00:00,
6,T007,PUFF_BOTH,task,30,4,14,15,6,L3,L8,R8,L4,50000,600.0,8.0,-20.0,21.540659228538015,-68.19859051364818,149.1664375,149.2642193,458920975154900,458921072936700,2026-10-05T06:23:13.170455+00:00,2026-10-05T06:23:13.269637+00:00,
6,T007,PUFF_BOTH,task,31,4,15,13,6,L3,R8,R7,L4,50000,600.0,5.0,-2.0,5.385164807134504,-21.80140948635181,149.2644535,149.3631264,458921073170900,458921171843800,2026-10-05T06:23:13.269637+00:00,2026-10-05T06:23:13.369721+00:00,
6,T007,PUFF_BOTH,task,32,4,13,11,6,L3,R7,R6,L4,50000,600.0,17.0,-21.0,27.018512172212592,-51.00900595749453,149.3633392,149.4611329,458921172056600,458921269850300,2026-10-05T06:23:13.369721+00:00,2026-10-05T06:23:13.466776+00:00,
6,T007,PUFF_BOTH,task,33,4,11,9,6,L3,R6,R5,L4,50000,600.0,-1.0,16.0,16.0312195418814,93.57633437499736,149.461412,149.5601564,458921270129400,458921368873800,2026-10-05T06:23:13.466776+00:00,2026-10-05T06:23:13.566031+00:00,
6,T007,PUFF_BOTH,task,34,4,9,7,6,L3,R5,R4,L4,50000,600.0,18.0,-60.0,62.6418390534633,-73.30075576600639,149.5605327,149.6591595,458921369250100,458921467876900,2026-10-05T06:23:13.566031+00:00,2026-10-05T06:23:13.666046+00:00,
6,T007,PUFF_BOTH,task,35,4,7,5,6,L3,R4,R3,L4,50000,600.0,0.0,62.0,62.0,90.0,149.6594888,149.7572643,458921468206200,458921565981700,2026-10-05T06:23:13.666046+00:00,2026-10-05T06:23:13.759983+00:00,
6,T007,PUFF_BOTH,task,36,4,5,3,6,L3,R3,R2,L4,50000,600.0,6.0,15.0,16.15549442140351,68.19859051364818,149.7574843,149.8561831,458921566201700,458921664900500,2026-10-05T06:23:13.759983+00:00,2026-10-05T06:23:13.859762+00:00,
6,T007,PUFF_BOTH,task,37,4,3,1,6,L3,R2,R1,L4,50000,600.0,-17.0,-23.0,28.600699292150182,-126.46923439005187,149.8563959,149.9552935,458921665113300,458921764010900,2026-10-05T06:23:13.859762+00:00,2026-10-05T06:23:13.960074+00:00,
6,T007,PUFF_BOTH,task,38,4,1,0,6,L3,R1,L1,L4,50000,600.0,-19.0,133.0,134.35028842544403,98.13010235415598,149.9555001,150.0532505,458921764217500,458921861967900,2026-10-05T06:23:13.960074+00:00,2026-10-05T06:23:14.059996+00:00,
6,T007,PUFF_BOTH,task,39,6,0,2,8,L4,L1,L2,L5,50000,600.0,-17.0,86.0,87.66413177577246,101.18175421019669,150.0534436,150.1591262,458921862161000,458921967843600,2026-10-05T06:23:14.059996+00:00,2026-10-05T06:23:14.165113+00:00,
6,T007,PUFF_BOTH,task,40,6,2,4,8,L4,L2,L3,L5,50000,600.0,108.0,-257.0,278.7705149401565,-67.20622455551626,150.1593793,150.2591246,458921968096700,458922067842000,2026-10-05T06:23:14.165113+00:00,2026-10-05T06:23:14.265188+00:00,
6,T007,PUFF_BOTH,task,41,6,10,12,8,L4,L6,L7,L5,50000,600.0,-93.0,194.0,215.13948963405113,115.61219467377703,150.2593781,150.3582665,458922068095500,458922166983900,2026-10-05T06:23:14.266191+00:00,2026-10-05T06:23:14.360069+00:00,
6,T007,PUFF_BOTH,task,42,6,12,14,8,L4,L7,L8,L5,50000,600.0,-23.0,77.0,80.36168241145776,106.63095370672143,150.3585423,150.4581658,458922167259700,458922266883200,2026-10-05T06:23:14.365250+00:00,2026-10-05T06:23:14.464017+00:00,
6,T007,PUFF_BOTH,task,43,6,14,15,8,L4,L8,R8,L5,50000,600.0,-16.0,47.0,49.64876634922564,108.79988515865266,150.4583662,150.5592687,458922267083600,458922367986100,2026-10-05T06:23:14.464017+00:00,2026-10-05T06:23:14.559834+00:00,
6,T007,PUFF_BOTH,task,44,6,15,13,8,L4,R8,R7,L5,50000,600.0,-3.0,23.0,23.194827009486403,97.4314079711725,150.5594864,150.6571242,458922368203800,458922465841600,2026-10-05T06:23:14.559834+00:00,2026-10-05T06:23:14.659729+00:00,
6,T007,PUFF_BOTH,task,45,6,13,11,8,L4,R7,R6,L5,50000,600.0,-4.0,26.0,26.30589287593181,98.74616226255522,150.6573397,150.7571235,458922466057100,458922565840900,2026-10-05T06:23:14.659729+00:00,2026-10-05T06:23:14.759658+00:00,
6,T007,PUFF_BOTH,task,46,6,11,9,8,L4,R6,R5,L5,50000,600.0,-1.0,6.0,6.082762530298219,99.46232220802563,150.7573708,150.8552902,458922566088200,458922664007600,2026-10-05T06:23:14.759658+00:00,2026-10-05T06:23:14.859719+00:00,
6,T007,PUFF_BOTH,task,47,6,9,7,8,L4,R5,R4,L5,50000,600.0,-11.0,43.0,44.384682042344295,104.34933204294714,150.8555121,150.9541332,458922664229500,458922762850600,2026-10-05T06:23:14.859719+00:00,2026-10-05T06:23:14.960106+00:00,
6,T007,PUFF_BOTH,task,48,6,7,5,8,L4,R4,R3,L5,50000,600.0,25.0,-24.0,34.655446902326915,-43.830860672092584,150.9543337,151.0511349,458922763051100,458922859852300,2026-10-05T06:23:14.960106+00:00,2026-10-05T06:23:15.049597+00:00,
6,T007,PUFF_BOTH,task,49,6,5,3,8,L4,R3,R2,L5,50000,600.0,-2.0,-16.0,16.1245154965971,-97.1250163489018,151.0513414,151.1501641,458922860058800,458922958881500,2026-10-05T06:23:15.049597+00:00,2026-10-05T06:23:15.151634+00:00,
6,T007,PUFF_BOTH,task,50,6,3,1,8,L4,R2,R1,L5,50000,600.0,8.0,-123.0,123.25988804148737,-86.27868673525025,151.1504272,151.24931,458922959144600,458923058027400,2026-10-05T06:23:15.151634+00:00,2026-10-05T06:23:15.249787+00:00,
6,T007,PUFF_BOTH,task,51,6,1,0,8,L4,R1,L1,L5,50000,600.0,34.0,8.0,34.92849839314596,13.240519915187205,151.2495462,151.3473813,458923058263600,458923156098700,2026-10-05T06:23:15.249787+00:00,2026-10-05T06:23:15.350224+00:00,
6,T007,PUFF_BOTH,task,52,8,0,2,10,L5,L1,L2,L6,50000,600.0,-34.0,105.0,110.3675676999362,107.94244708915868,151.3475936,151.4483753,458923156311000,458923257092700,2026-10-05T06:23:15.350224+00:00,2026-10-05T06:23:15.450395+00:00,
6,T007,PUFF_BOTH,task,53,8,2,4,10,L5,L2,L3,L6,50000,600.0,-74.0,194.0,207.63429389192913,110.87901688055743,151.4485968,151.5473159,458923257314200,458923356033300,2026-10-05T06:23:15.450395+00:00,2026-10-05T06:23:15.551449+00:00,
6,T007,PUFF_BOTH,task,54,8,4,6,10,L5,L3,L4,L6,50000,600.0,125.0,-297.0,322.23283507426737,-67.17497080764323,151.5475332,151.6472693,458923356250600,458923455986700,2026-10-05T06:23:15.551449+00:00,2026-10-05T06:23:15.649862+00:00,
6,T007,PUFF_BOTH,task,55,8,12,14,10,L5,L7,L8,L6,50000,600.0,-80.0,182.0,198.80643852752857,113.72839107595254,151.6475085,151.7461459,458923456225900,458923554863300,2026-10-05T06:23:15.649862+00:00,2026-10-05T06:23:15.752243+00:00,
6,T007,PUFF_BOTH,task,56,8,14,15,10,L5,L8,R8,L6,50000,600.0,-28.0,67.0,72.61542535852834,112.68055960702492,151.7463538,151.8462938,458923555071200,458923655011200,2026-10-05T06:23:15.753234+00:00,2026-10-05T06:23:15.849919+00:00,
6,T007,PUFF_BOTH,task,57,8,15,13,10,L5,R8,R7,L6,50000,600.0,-7.0,25.0,25.96150997149434,105.64224645720874,151.8464977,151.9471505,458923655215100,458923755867900,2026-10-05T06:23:15.849919+00:00,2026-10-05T06:23:15.953263+00:00,
6,T007,PUFF_BOTH,task,58,8,13,11,10,L5,R7,R6,L6,50000,600.0,0.0,8.0,8.0,90.0,151.9474079,152.0451567,458923756125300,458923853874100,2026-10-05T06:23:15.954276+00:00,2026-10-05T06:23:16.052006+00:00,
6,T007,PUFF_BOTH,task,59,8,11,9,10,L5,R6,R5,L6,50000,600.0,11.0,43.0,44.384682042344295,75.65066795705286,152.0453622,152.1431266,458923854079600,458923951844000,2026-10-05T06:23:16.052006+00:00,2026-10-05T06:23:16.149816+00:00,
6,T007,PUFF_BOTH,task,60,8,9,7,10,L5,R5,R4,L6,50000,600.0,5.0,0.0,5.0,0.0,152.1433487,152.239276,458923952066100,458924047993400,2026-10-05T06:23:16.149816+00:00,2026-10-05T06:23:16.239908+00:00,
6,T007,PUFF_BOTH,task,61,8,7,5,10,L5,R4,R3,L6,50000,600.0,1.0,8.0,8.06225774829855,82.8749836510982,152.2394965,152.3362886,458924048213900,458924145006000,2026-10-05T06:23:16.239908+00:00,2026-10-05T06:23:16.339808+00:00,
6,T007,PUFF_BOTH,task,62,8,5,3,10,L5,R3,R2,L6,50000,600.0,-1.0,3.0,3.1622776601683795,108.43494882292202,152.336495,152.4350914,458924145212400,458924243808800,2026-10-05T06:23:16.339808+00:00,2026-10-05T06:23:16.441756+00:00,
6,T007,PUFF_BOTH,task,63,8,3,1,10,L5,R2,R1,L6,50000,600.0,-7.0,-36.0,36.6742416417845,-101.0035408517495,152.4353301,152.5323785,458924244047500,458924341095900,2026-10-05T06:23:16.441756+00:00,2026-10-05T06:23:16.537498+00:00,
6,T007,PUFF_BOTH,task,64,8,1,0,10,L5,R1,L1,L6,50000,600.0,-8.0,75.0,75.4254598925323,96.08852815419519,152.5325655,152.6322879,458924341282900,458924441005300,2026-10-05T06:23:16.537498+00:00,2026-10-05T06:23:16.636037+00:00,
6,T007,PUFF_BOTH,task,65,10,0,2,12,L6,L1,L2,L7,50000,600.0,-20.0,50.0,53.85164807134504,111.80140948635182,152.6325239,152.7312719,458924441241300,458924539989300,2026-10-05T06:23:16.636037+00:00,2026-10-05T06:23:16.732302+00:00,
6,T007,PUFF_BOTH,task,66,10,2,4,12,L6,L2,L3,L7,50000,600.0,-18.0,51.0,54.08326913195984,109.4400348281762,152.7314812,152.8313015,458924540198600,458924640018900,2026-10-05T06:23:16.732302+00:00,2026-10-05T06:23:16.833133+00:00,
6,T007,PUFF_BOTH,task,67,10,4,6,12,L6,L3,L4,L7,50000,600.0,14.0,-44.0,46.17358552246078,-72.34987578006988,152.8315277,152.9312647,458924640245100,458924739982100,2026-10-05T06:23:16.833133+00:00,2026-10-05T06:23:16.932044+00:00,
6,T007,PUFF_BOTH,task,68,10,6,8,12,L6,L4,L5,L7,50000,600.0,-106.0,222.0,246.0081299469593,115.523424501068,152.9314779,153.0293117,458924740195300,458924838029100,2026-10-05T06:23:16.932044+00:00,2026-10-05T06:23:17.033680+00:00,
6,T007,PUFF_BOTH,task,69,10,14,15,12,L6,L8,R8,L7,50000,600.0,-152.0,374.0,403.7078151336682,112.1176663269875,153.0295332,153.1302845,458924838250600,458924939001900,2026-10-05T06:23:17.033680+00:00,2026-10-05T06:23:17.133157+00:00,
6,T007,PUFF_BOTH,task,70,10,15,13,12,L6,R8,R7,L7,50000,600.0,-35.0,73.0,80.95677859203639,115.61548432064217,153.1305118,153.2262816,458924939229200,458925034999000,2026-10-05T06:23:17.133157+00:00,2026-10-05T06:23:17.229860+00:00,
6,T007,PUFF_BOTH,task,71,10,13,11,12,L6,R7,R6,L7,50000,600.0,-17.0,66.0,68.15423684555495,104.44403572449224,153.2265345,153.3241352,458925035251900,458925132852600,2026-10-05T06:23:17.229860+00:00,2026-10-05T06:23:17.330894+00:00,
6,T007,PUFF_BOTH,task,72,10,11,9,12,L6,R6,R5,L7,50000,600.0,-10.0,26.0,27.85677655436824,111.03751102542182,153.3243878,153.4232265,458925133105200,458925231943900,2026-10-05T06:23:17.330894+00:00,2026-10-05T06:23:17.429778+00:00,
6,T007,PUFF_BOTH,task,73,10,9,7,12,L6,R5,R4,L7,50000,600.0,-9.0,15.0,17.4928556845359,120.96375653207352,153.4234365,153.5222673,458925232153900,458925330984700,2026-10-05T06:23:17.429778+00:00,2026-10-05T06:23:17.522157+00:00,
6,T007,PUFF_BOTH,task,74,10,7,5,12,L6,R4,R3,L7,50000,600.0,14.0,-4.0,14.560219778561036,-15.945395900922854,153.5224778,153.6202277,458925331195200,458925428945100,2026-10-05T06:23:17.522157+00:00,2026-10-05T06:23:17.626826+00:00,
6,T007,PUFF_BOTH,task,75,10,5,3,12,L6,R3,R2,L7,50000,600.0,-3.0,1.0,3.1622776601683795,161.565051177078,153.6204379,153.7202711,458925429155300,458925528988500,2026-10-05T06:23:17.626826+00:00,2026-10-05T06:23:17.723104+00:00,
6,T007,PUFF_BOTH,task,76,10,3,1,12,L6,R2,R1,L7,50000,600.0,-8.0,-60.0,60.530983801686226,-97.59464336859145,153.7204852,153.8191786,458925529202600,458925627896000,2026-10-05T06:23:17.723104+00:00,2026-10-05T06:23:17.825885+00:00,
6,T007,PUFF_BOTH,task,77,10,1,0,12,L6,R1,L1,L7,50000,600.0,5.0,68.0,68.18357573492314,85.79464299829141,153.8194067,153.9193869,458925628124100,458925728104300,2026-10-05T06:23:17.825885+00:00,2026-10-05T06:23:17.924554+00:00,
6,T007,PUFF_BOTH,task,78,12,0,2,14,L7,L1,L2,L8,50000,600.0,2.0,16.0,16.1245154965971,82.8749836510982,153.9196037,154.0194113,458925728321100,458925828128700,2026-10-05T06:23:17.924554+00:00,2026-10-05T06:23:18.026080+00:00,
6,T007,PUFF_BOTH,task,79,12,2,4,14,L7,L2,L3,L8,50000,600.0,-6.0,30.0,30.59411708155671,101.30993247402021,154.0196005,154.1192091,458925828317900,458925927926500,2026-10-05T06:23:18.026080+00:00,2026-10-05T06:23:18.124611+00:00,
6,T007,PUFF_BOTH,task,80,12,4,6,14,L7,L3,L4,L8,50000,600.0,13.0,-34.0,36.40054944640259,-69.07549825507883,154.1194171,154.217269,458925928134500,458926025986400,2026-10-05T06:23:18.124611+00:00,2026-10-05T06:23:18.220047+00:00,
6,T007,PUFF_BOTH,task,81,12,6,8,14,L7,L4,L5,L8,50000,600.0,-36.0,99.0,105.34229919647663,109.98310652189998,154.2175508,154.3164583,458926026268200,458926125175700,2026-10-05T06:23:18.220047+00:00,2026-10-05T06:23:18.319757+00:00,
6,T007,PUFF_BOTH,task,82,12,8,10,14,L7,L5,L6,L8,50000,600.0,-83.0,192.0,209.1721778822413,113.37842601698078,154.3166643,154.4163829,458926125381700,458926225100300,2026-10-05T06:23:18.319757+00:00,2026-10-05T06:23:18.423041+00:00,
6,T007,PUFF_BOTH,task,83,12,15,13,14,L7,R8,R7,L8,50000,600.0,-66.0,155.0,168.46661390317072,113.06461777376097,154.4165451,154.5172877,458926225262500,458926326005100,2026-10-05T06:23:18.423041+00:00,2026-10-05T06:23:18.519872+00:00,
6,T007,PUFF_BOTH,task,84,12,13,11,14,L7,R7,R6,L8,50000,600.0,-39.0,94.0,101.76934705499491,112.53325007900426,154.5174984,154.6162773,458926326215800,458926424994700,2026-10-05T06:23:18.519872+00:00,2026-10-05T06:23:18.622441+00:00,
6,T007,PUFF_BOTH,task,85,12,11,9,14,L7,R6,R5,L8,50000,600.0,-20.0,30.0,36.05551275463989,123.69006752597979,154.6164623,154.7163903,458926425179700,458926525107700,2026-10-05T06:23:18.622441+00:00,2026-10-05T06:23:18.719965+00:00,
6,T007,PUFF_BOTH,task,86,12,9,7,14,L7,R5,R4,L8,50000,600.0,-8.0,15.0,17.0,118.07248693585296,154.7165937,154.8163919,458926525311100,458926625109300,2026-10-05T06:23:18.719965+00:00,2026-10-05T06:23:18.819972+00:00,
6,T007,PUFF_BOTH,task,87,12,7,5,14,L7,R4,R3,L8,50000,600.0,12.0,-3.0,12.36931687685298,-14.036243467926479,154.816587,154.9164438,458926625304400,458926725161200,2026-10-05T06:23:18.819972+00:00,2026-10-05T06:23:18.919939+00:00,
6,T007,PUFF_BOTH,task,88,12,5,3,14,L7,R3,R2,L8,50000,600.0,-2.0,1.0,2.23606797749979,153.434948822922,154.9166876,155.0154341,458926725405000,458926824151500,2026-10-05T06:23:18.919939+00:00,2026-10-05T06:23:19.020087+00:00,
6,T007,PUFF_BOTH,task,89,12,3,1,14,L7,R2,R1,L8,50000,600.0,-8.0,-50.0,50.635955604688654,-99.09027692082232,155.015637,155.1133028,458926824354400,458926922020200,2026-10-05T06:23:19.020087+00:00,2026-10-05T06:23:19.120026+00:00,
6,T007,PUFF_BOTH,task,90,12,1,0,14,L7,R1,L1,L8,50000,600.0,-5.0,73.0,73.17103251970687,93.91824886406738,155.1135327,155.2132465,458926922250100,458927021963900,2026-10-05T06:23:19.120026+00:00,2026-10-05T06:23:19.219929+00:00,
6,T007,PUFF_BOTH,task,91,14,0,2,15,L8,L1,L2,R8,50000,600.0,8.0,3.0,8.54400374531753,20.556045219583467,155.2134851,155.3131819,458927022202500,458927121899300,2026-10-05T06:23:19.219929+00:00,2026-10-05T06:23:19.320068+00:00,
6,T007,PUFF_BOTH,task,92,14,2,4,15,L8,L2,L3,R8,50000,600.0,-3.0,25.0,25.179356624028344,96.84277341263095,155.3134032,155.4122801,458927122120600,458927220997500,2026-10-05T06:23:19.320068+00:00,2026-10-05T06:23:19.415964+00:00,
6,T007,PUFF_BOTH,task,93,14,4,6,15,L8,L3,L4,R8,50000,600.0,10.0,-27.0,28.792360097775937,-69.67686317033707,155.4125206,155.5111367,458927221238000,458927319854100,2026-10-05T06:23:19.415964+00:00,2026-10-05T06:23:19.518003+00:00,
6,T007,PUFF_BOTH,task,94,14,6,8,15,L8,L4,L5,R8,50000,600.0,-20.0,68.0,70.8801805866774,106.38954033403479,155.5113553,155.6072718,458927320072700,458927415989200,2026-10-05T06:23:19.518003+00:00,2026-10-05T06:23:19.609731+00:00,
6,T007,PUFF_BOTH,task,95,14,8,10,15,L8,L5,L6,R8,50000,600.0,-23.0,73.0,76.53757247260981,107.48799737614856,155.6074966,155.7071219,458927416214000,458927515839300,2026-10-05T06:23:19.609731+00:00,2026-10-05T06:23:19.713781+00:00,
6,T007,PUFF_BOTH,task,96,14,10,12,15,L8,L6,L7,R8,50000,600.0,-145.0,392.0,417.95813187447374,110.29933103931225,155.7073346,155.8031742,458927516052000,458927611891600,2026-10-05T06:23:19.713781+00:00,2026-10-05T06:23:19.809876+00:00,
6,T007,PUFF_BOTH,task,97,14,13,11,15,L8,R7,R6,R8,50000,600.0,-167.0,403.0,436.23158986941786,112.50872885489608,155.8033797,155.904145,458927612097100,458927712862400,2026-10-05T06:23:19.809876+00:00,2026-10-05T06:23:19.911031+00:00,
6,T007,PUFF_BOTH,task,98,14,11,9,15,L8,R6,R5,R8,50000,600.0,-49.0,92.0,104.23531071570709,118.04015297793497,155.9043825,156.0031416,458927713099900,458927811859000,2026-10-05T06:23:19.911031+00:00,2026-10-05T06:23:20.009794+00:00,
6,T007,PUFF_BOTH,task,99,14,9,7,15,L8,R5,R4,R8,50000,600.0,-19.0,36.0,40.70626487409524,117.82409638425325,156.0033604,156.104144,458927812077800,458927912861400,2026-10-05T06:23:20.009794+00:00,2026-10-05T06:23:20.109768+00:00,
6,T007,PUFF_BOTH,task,100,14,7,5,15,L8,R4,R3,R8,50000,600.0,17.0,-11.0,20.248456731316587,-32.9052429229879,156.104354,156.2012706,458927913071400,458928009988000,2026-10-05T06:23:20.109768+00:00,2026-10-05T06:23:20.199789+00:00,
6,T007,PUFF_BOTH,task,101,14,5,3,15,L8,R3,R2,R8,50000,600.0,-4.0,5.0,6.4031242374328485,128.6598082540901,156.2014872,156.3023879,458928010204600,458928111105300,2026-10-05T06:23:20.199789+00:00,2026-10-05T06:23:20.304416+00:00,
6,T007,PUFF_BOTH,task,102,14,3,1,15,L8,R2,R1,R8,50000,600.0,-13.0,-48.0,49.72926703662542,-105.1540680503126,156.3025953,156.4022717,458928111312700,458928210989100,2026-10-05T06:23:20.304416+00:00,2026-10-05T06:23:20.401787+00:00,
6,T007,PUFF_BOTH,task,103,14,1,0,15,L8,R1,L1,R8,50000,600.0,-6.0,85.0,85.21150157109074,94.03771062097712,156.4024694,156.5002972,458928211186800,458928309014600,2026-10-05T06:23:20.401787+00:00,2026-10-05T06:23:20.503169+00:00,
6,T007,PUFF_BOTH,task,104,15,0,2,13,R8,L1,L2,R7,50000,600.0,7.0,-3.0,7.615773105863909,-23.19859051364819,156.5004821,156.5983029,458928309199500,458928407020300,2026-10-05T06:23:20.503169+00:00,2026-10-05T06:23:20.599968+00:00,
6,T007,PUFF_BOTH,task,105,15,2,4,13,R8,L2,L3,R7,50000,600.0,0.0,16.0,16.0,90.0,156.5985242,156.6981918,458928407241600,458928506909200,2026-10-05T06:23:20.599968+00:00,2026-10-05T06:23:20.699760+00:00,
6,T007,PUFF_BOTH,task,106,15,4,6,13,R8,L3,L4,R7,50000,600.0,4.0,-15.0,15.524174696260024,-75.06858282186245,156.6984946,156.8172239,458928507212000,458928625941300,2026-10-05T06:23:20.699760+00:00,2026-10-05T06:23:20.820147+00:00,
6,T007,PUFF_BOTH,task,107,15,6,8,13,R8,L4,L5,R7,50000,600.0,-7.0,36.0,36.6742416417845,101.0035408517495,156.8175048,156.9141226,458928626222200,458928722840000,2026-10-05T06:23:20.820147+00:00,2026-10-05T06:23:20.920209+00:00,
6,T007,PUFF_BOTH,task,108,15,8,10,13,R8,L5,L6,R7,50000,600.0,-4.0,23.0,23.345235059857504,99.86580694308438,156.9144073,157.0122981,458928723124700,458928821015500,2026-10-05T06:23:20.920209+00:00,2026-10-05T06:23:21.017243+00:00,
6,T007,PUFF_BOTH,task,109,15,10,12,13,R8,L6,L7,R7,50000,600.0,-36.0,78.0,85.90692637965812,114.77514056883193,157.012518,157.1101587,458928821235400,458928918876100,2026-10-05T06:23:21.017243+00:00,2026-10-05T06:23:21.115786+00:00,
6,T007,PUFF_BOTH,task,110,15,12,14,13,R8,L7,L8,R7,50000,600.0,-55.0,160.0,169.1892431568863,108.97040780848656,157.1103919,157.2111352,458928919109300,458929019852600,2026-10-05T06:23:21.115786+00:00,2026-10-05T06:23:21.216782+00:00,
6,T007,PUFF_BOTH,task,111,15,11,9,13,R8,R6,R5,R7,50000,600.0,-97.0,177.0,201.83656754909404,118.72373705794006,157.2113901,157.3093782,458929020107500,458929118095600,2026-10-05T06:23:21.216782+00:00,2026-10-05T06:23:21.316105+00:00,
6,T007,PUFF_BOTH,task,112,15,9,7,13,R8,R5,R4,R7,50000,600.0,-29.0,56.0,63.06346010171025,117.37770277133174,157.3096323,157.4082706,458929118349700,458929216988000,2026-10-05T06:23:21.316105+00:00,2026-10-05T06:23:21.409909+00:00,
6,T007,PUFF_BOTH,task,113,15,7,5,13,R8,R4,R3,R7,50000,600.0,20.0,-19.0,27.586228448267445,-43.53119928561418,157.408482,157.5064111,458929217199400,458929315128500,2026-10-05T06:23:21.409909+00:00,2026-10-05T06:23:21.509759+00:00,
6,T007,PUFF_BOTH,task,114,15,5,3,13,R8,R3,R2,R7,50000,600.0,-5.0,9.0,10.295630140987,119.05460409907714,157.5066492,157.605146,458929315366600,458929413863400,2026-10-05T06:23:21.509759+00:00,2026-10-05T06:23:21.609936+00:00,
6,T007,PUFF_BOTH,task,115,15,3,1,13,R8,R2,R1,R7,50000,600.0,-15.0,-34.0,37.16180835212409,-113.80594351845772,157.605357,157.7031172,458929414074400,458929511834600,2026-10-05T06:23:21.609936+00:00,2026-10-05T06:23:21.709786+00:00,
6,T007,PUFF_BOTH,task,116,15,1,0,13,R8,R1,L1,R7,50000,600.0,-2.0,73.0,73.02739212103907,91.569354804749,157.7033608,157.8002913,458929512078200,458929609008700,2026-10-05T06:23:21.709786+00:00,2026-10-05T06:23:21.801870+00:00,
6,T007,PUFF_BOTH,task,117,13,0,2,11,R7,L1,L2,R6,50000,600.0,18.0,-22.0,28.42534080710379,-50.71059313749964,157.8005054,157.9003787,458929609222800,458929709096100,2026-10-05T06:23:21.801870+00:00,2026-10-05T06:23:21.900124+00:00,
6,T007,PUFF_BOTH,task,118,13,2,4,11,R7,L2,L3,R6,50000,600.0,-1.0,19.0,19.026297590440446,93.01278750418334,157.9005808,157.9992058,458929709298200,458929807923200,2026-10-05T06:23:21.900124+00:00,2026-10-05T06:23:22.006140+00:00,
6,T007,PUFF_BOTH,task,119,13,4,6,11,R7,L3,L4,R6,50000,600.0,11.0,-26.0,28.231188426986208,-67.06789956241022,157.9994152,158.0982795,458929808132600,458929906996900,2026-10-05T06:23:22.006140+00:00,2026-10-05T06:23:22.100269+00:00,
6,T007,PUFF_BOTH,task,120,13,6,8,11,R7,L4,L5,R6,50000,600.0,-14.0,47.0,49.040799340956916,106.58733855692742,158.0984749,158.1961946,458929907192300,458930004912000,2026-10-05T06:23:22.100269+00:00,2026-10-05T06:23:22.201808+00:00,
6,T007,PUFF_BOTH,task,121,13,8,10,11,R7,L5,L6,R6,50000,600.0,0.0,14.0,14.0,90.0,158.1964224,158.2941819,458930005139800,458930102899300,2026-10-05T06:23:22.201808+00:00,2026-10-05T06:23:22.300059+00:00,
6,T007,PUFF_BOTH,task,122,13,10,12,11,R7,L6,L7,R6,50000,600.0,-21.0,78.0,80.77747210701756,105.06848815949222,158.2943996,158.3947031,458930103117000,458930203420500,2026-10-05T06:23:22.300059+00:00,2026-10-05T06:23:22.400796+00:00,
6,T007,PUFF_BOTH,task,123,13,12,14,11,R7,L7,L8,R6,50000,600.0,-31.0,105.0,109.48059188732951,106.44860812703982,158.3949033,158.4931856,458930203620700,458930301903000,2026-10-05T06:23:22.401802+00:00,2026-10-05T06:23:22.499888+00:00,
6,T007,PUFF_BOTH,task,124,13,14,15,11,R7,L8,R8,R6,50000,600.0,-148.0,422.0,447.2001788908408,109.32632467329775,158.4934035,158.5912643,458930302120900,458930399981700,2026-10-05T06:23:22.499888+00:00,2026-10-05T06:23:22.590125+00:00,
6,T007,PUFF_BOTH,task,125,13,9,7,11,R7,R5,R4,R6,50000,600.0,-47.0,85.0,97.12878049270464,118.94001269283936,158.5931303,158.6912667,458930401847700,458930499984100,2026-10-05T06:23:22.599889+00:00,2026-10-05T06:23:22.689684+00:00,
6,T007,PUFF_BOTH,task,126,13,7,5,11,R7,R4,R3,R6,50000,600.0,12.0,-5.0,13.0,-22.619864948040426,158.6914739,158.7902702,458930500191300,458930598987600,2026-10-05T06:23:22.689684+00:00,2026-10-05T06:23:22.789749+00:00,
6,T007,PUFF_BOTH,task,127,13,5,3,11,R7,R3,R2,R6,50000,600.0,-10.0,18.0,20.591260281974,119.05460409907714,158.7904875,158.8882688,458930599204900,458930696986200,2026-10-05T06:23:22.789749+00:00,2026-10-05T06:23:22.889646+00:00,
6,T007,PUFF_BOTH,task,128,13,3,1,11,R7,R2,R1,R6,50000,600.0,-26.0,3.0,26.1725046566048,173.418055344822,158.8884665,158.9862879,458930697183900,458930795005300,2026-10-05T06:23:22.889646+00:00,2026-10-05T06:23:22.989762+00:00,
6,T007,PUFF_BOTH,task,129,13,1,0,11,R7,R1,L1,R6,50000,600.0,-9.0,74.0,74.54528824815154,96.93434890126956,158.9864919,159.0841281,458930795209300,458930892845500,2026-10-05T06:23:22.989762+00:00,2026-10-05T06:23:23.089818+00:00,
6,T007,PUFF_BOTH,task,130,11,0,2,9,R6,L1,L2,R5,50000,600.0,9.0,5.0,10.295630140987,29.054604099077146,159.0843297,159.1812802,458930893047100,458930989997600,2026-10-05T06:23:23.089818+00:00,2026-10-05T06:23:23.182750+00:00,
6,T007,PUFF_BOTH,task,131,11,2,4,9,R6,L2,L3,R5,50000,600.0,-2.0,26.0,26.076809620810597,94.39870535499554,159.1814812,159.2802717,458930990198600,458931088989100,2026-10-05T06:23:23.182750+00:00,2026-10-05T06:23:23.284811+00:00,
6,T007,PUFF_BOTH,task,132,11,4,6,9,R6,L3,L4,R5,50000,600.0,-2.0,5.0,5.385164807134504,111.80140948635182,159.2805466,159.3773483,458931089264000,458931186065700,2026-10-05T06:23:23.284811+00:00,2026-10-05T06:23:23.380846+00:00,
6,T007,PUFF_BOTH,task,133,11,6,8,9,R6,L4,L5,R5,50000,600.0,-4.0,19.0,19.4164878389476,101.88865803962798,159.3775717,159.4781441,458931186289100,458931286861500,2026-10-05T06:23:23.380846+00:00,2026-10-05T06:23:23.484786+00:00,
6,T007,PUFF_BOTH,task,134,11,8,10,9,R6,L5,L6,R5,50000,600.0,16.0,41.0,44.01136216933077,68.68208772453845,159.4783603,159.5771628,458931287077700,458931385880200,2026-10-05T06:23:23.484786+00:00,2026-10-05T06:23:23.582184+00:00,
6,T007,PUFF_BOTH,task,135,11,10,12,9,R6,L6,L7,R5,50000,600.0,-10.0,29.0,30.675723300355934,109.02560603756869,159.5773892,159.6751397,458931386106600,458931483857100,2026-10-05T06:23:23.582184+00:00,2026-10-05T06:23:23.681373+00:00,
6,T007,PUFF_BOTH,task,136,11,12,14,9,R6,L7,L8,R5,50000,600.0,-11.0,31.0,32.89376840679705,109.5366549381284,159.675356,159.7731208,458931484073400,458931581838200,2026-10-05T06:23:23.681373+00:00,2026-10-05T06:23:23.779828+00:00,
6,T007,PUFF_BOTH,task,137,11,14,15,9,R6,L8,R8,R5,50000,600.0,-38.0,93.0,100.46392387319938,112.22503045111357,159.7733353,159.8721423,458931582052700,458931680859700,2026-10-05T06:23:23.779828+00:00,2026-10-05T06:23:23.878147+00:00,
6,T007,PUFF_BOTH,task,138,11,15,13,9,R6,R8,R7,R5,50000,600.0,-75.0,186.0,200.55173896029922,111.96056402009647,159.8724177,159.9701294,458931681135100,458931778846800,2026-10-05T06:23:23.878147+00:00,2026-10-05T06:23:23.976961+00:00,
6,T007,PUFF_BOTH,task,139,11,7,5,9,R6,R4,R3,R5,50000,600.0,149.0,-360.0,389.61647809095547,-67.51587998142278,159.970462,160.0691188,458931779179400,458931877836200,2026-10-05T06:23:23.976961+00:00,2026-10-05T06:23:24.075935+00:00,
6,T007,PUFF_BOTH,task,140,11,5,3,9,R6,R3,R2,R5,50000,600.0,-78.0,194.0,209.093280618962,111.90317808183917,160.0693145,160.1691101,458931878031900,458931977827500,2026-10-05T06:23:24.075935+00:00,2026-10-05T06:23:24.169797+00:00,
6,T007,PUFF_BOTH,task,141,11,3,1,9,R6,R2,R1,R5,50000,600.0,-85.0,126.0,151.99013125857877,124.00372741911258,160.1693234,160.2681472,458931978040800,458932076864600,2026-10-05T06:23:24.169797+00:00,2026-10-05T06:23:24.274236+00:00,
6,T007,PUFF_BOTH,task,142,11,1,0,9,R6,R1,L1,R5,50000,600.0,-12.0,102.0,102.70345661174214,96.70983680775694,160.2684029,160.3672834,458932077120300,458932176000800,2026-10-05T06:23:24.275238+00:00,2026-10-05T06:23:24.369638+00:00,
6,T007,PUFF_BOTH,task,143,9,0,2,7,R5,L1,L2,R4,50000,600.0,33.0,-61.0,69.35416353759881,-61.58733855692742,160.3675192,160.4652103,458932176236600,458932273927700,2026-10-05T06:23:24.369638+00:00,2026-10-05T06:23:24.469978+00:00,
6,T007,PUFF_BOTH,task,144,9,2,4,7,R5,L2,L3,R4,50000,600.0,-1.0,14.0,14.035668847618199,94.08561677997488,160.4654317,160.5631288,458932274149100,458932371846200,2026-10-05T06:23:24.469978+00:00,2026-10-05T06:23:24.569787+00:00,
6,T007,PUFF_BOTH,task,145,9,4,6,7,R5,L3,L4,R4,50000,600.0,18.0,-58.0,60.728905802755904,-72.75854060106002,160.5633844,160.6682701,458932372101800,458932476987500,2026-10-05T06:23:24.569787+00:00,2026-10-05T06:23:24.669918+00:00,
6,T007,PUFF_BOTH,task,146,9,6,8,7,R5,L4,L5,R4,50000,600.0,-16.0,70.0,71.80529228406496,102.87500155961249,160.6684942,160.764352,458932477211600,458932573069400,2026-10-05T06:23:24.669918+00:00,2026-10-05T06:23:24.771158+00:00,
6,T007,PUFF_BOTH,task,147,9,8,10,7,R5,L5,L6,R4,50000,600.0,9.0,10.0,13.45362404707371,48.01278750418334,160.7645825,160.8643256,458932573299900,458932673043000,2026-10-05T06:23:24.771158+00:00,2026-10-05T06:23:24.869776+00:00,
6,T007,PUFF_BOTH,task,148,9,10,12,7,R5,L6,L7,R4,50000,600.0,-9.0,29.0,30.364452901377952,107.24145939893998,160.8645548,160.9622021,458932673272200,458932770919500,2026-10-05T06:23:24.869776+00:00,2026-10-05T06:23:24.968099+00:00,
6,T007,PUFF_BOTH,task,149,9,12,14,7,R5,L7,L8,R4,50000,600.0,1.0,26.0,26.019223662515376,87.7974018382342,160.9624131,161.0622874,458932771130500,458932871004800,2026-10-05T06:23:24.968099+00:00,2026-10-05T06:23:25.069049+00:00,
6,T007,PUFF_BOTH,task,150,9,14,15,7,R5,L8,R8,R4,50000,600.0,-11.0,44.0,45.35416188179427,104.03624346792648,161.0624975,161.1601435,458932871214900,458932968860900,2026-10-05T06:23:25.069049+00:00,2026-10-05T06:23:25.166754+00:00,
6,T007,PUFF_BOTH,task,151,9,15,13,7,R5,R8,R7,R4,50000,600.0,-16.0,70.0,71.80529228406496,102.87500155961249,161.1603593,161.2592481,458932969076700,458933067965500,2026-10-05T06:23:25.166754+00:00,2026-10-05T06:23:25.265930+00:00,
6,T007,PUFF_BOTH,task,152,9,13,11,7,R5,R7,R6,R4,50000,600.0,-25.0,93.0,96.30160954002794,105.04639183219851,161.2594895,161.3574207,458933068206900,458933166138100,2026-10-05T06:23:25.265930+00:00,2026-10-05T06:23:25.364211+00:00,
6,T007,PUFF_BOTH,task,153,9,5,3,7,R5,R3,R2,R4,50000,600.0,88.0,-271.0,284.92981591964013,-72.01018146275723,161.3576608,161.4561546,458933166378200,458933264872000,2026-10-05T06:23:25.364211+00:00,2026-10-05T06:23:25.459758+00:00,
6,T007,PUFF_BOTH,task,154,9,3,1,7,R5,R2,R1,R4,50000,600.0,-15.0,-57.0,58.9406481131655,-104.74356283647074,161.4563977,161.5562222,458933265115100,458933364939600,2026-10-05T06:23:25.459758+00:00,2026-10-05T06:23:25.562296+00:00,
6,T007,PUFF_BOTH,task,155,9,1,0,7,R5,R1,L1,R4,50000,600.0,13.0,24.0,27.294688127912362,61.55707137563666,161.5564761,161.65515,458933365193500,458933463867400,2026-10-05T06:23:25.563296+00:00,2026-10-05T06:23:25.659966+00:00,
6,T007,PUFF_BOTH,task,156,7,0,2,5,R4,L1,L2,R3,50000,600.0,-4.0,42.0,42.190046219457976,95.44033203100551,161.6553849,161.7541752,458933464102300,458933562892600,2026-10-05T06:23:25.659966+00:00,2026-10-05T06:23:25.759926+00:00,
6,T007,PUFF_BOTH,task,157,7,2,4,5,R4,L2,L3,R3,50000,600.0,3.0,11.0,11.40175425099138,74.74488129694222,161.754377,161.8634227,458933563094400,458933672140100,2026-10-05T06:23:25.759926+00:00,2026-10-05T06:23:25.869768+00:00,
6,T007,PUFF_BOTH,task,158,7,4,6,5,R4,L3,L4,R3,50000,600.0,-6.0,44.0,44.40720662234904,97.76516601842535,161.8636635,161.9612901,458933672380900,458933770007500,2026-10-05T06:23:25.869768+00:00,2026-10-05T06:23:25.967526+00:00,
6,T007,PUFF_BOTH,task,159,7,6,8,5,R4,L4,L5,R3,50000,600.0,14.0,-18.0,22.80350850198276,-52.1250163489018,161.9615079,162.0613052,458933770225300,458933870022600,2026-10-05T06:23:25.967526+00:00,2026-10-05T06:23:26.068044+00:00,
6,T007,PUFF_BOTH,task,160,7,8,10,5,R4,L5,L6,R3,50000,600.0,-2.0,2.0,2.8284271247461903,135.0,162.0615079,162.161157,458933870225300,458933969874400,2026-10-05T06:23:26.068044+00:00,2026-10-05T06:23:26.167529+00:00,
6,T007,PUFF_BOTH,task,161,7,10,12,5,R4,L6,L7,R3,50000,600.0,3.0,-6.0,6.708203932499369,-63.43494882292201,162.1613643,162.2621552,458933970081700,458934070872600,2026-10-05T06:23:26.167529+00:00,2026-10-05T06:23:26.268403+00:00,
6,T007,PUFF_BOTH,task,162,7,12,14,5,R4,L7,L8,R3,50000,600.0,8.0,-7.0,10.63014581273465,-41.18592516570965,162.2623749,162.3639172,458934071092300,458934172634600,2026-10-05T06:23:26.268403+00:00,2026-10-05T06:23:26.369899+00:00,
6,T007,PUFF_BOTH,task,163,7,14,15,5,R4,L8,R8,R3,50000,600.0,8.0,-18.0,19.697715603592208,-66.03751102542182,162.3641072,162.4611496,458934172824600,458934269867000,2026-10-05T06:23:26.369899+00:00,2026-10-05T06:23:26.467031+00:00,
6,T007,PUFF_BOTH,task,164,7,15,13,5,R4,R8,R7,R3,50000,600.0,11.0,-20.0,22.825424421026653,-61.189206257026946,162.4613782,162.5592236,458934270095600,458934367941000,2026-10-05T06:23:26.467031+00:00,2026-10-05T06:23:26.565772+00:00,
6,T007,PUFF_BOTH,task,165,7,13,11,5,R4,R7,R6,R3,50000,600.0,11.0,-15.0,18.601075237738275,-53.74616226255522,162.5594881,162.6582765,458934368205500,458934466993900,2026-10-05T06:23:26.565772+00:00,2026-10-05T06:23:26.659667+00:00,
6,T007,PUFF_BOTH,task,166,7,11,9,5,R4,R6,R5,R3,50000,600.0,112.0,-355.0,372.24857286496075,-72.48988147881168,162.6584926,162.7563853,458934467210000,458934565102700,2026-10-05T06:23:26.659667+00:00,2026-10-05T06:23:26.760594+00:00,
6,T007,PUFF_BOTH,task,167,7,3,1,5,R4,R2,R1,R3,50000,600.0,-181.0,539.0,568.5789303166272,108.56241419553467,162.7565998,162.8541345,458934565317200,458934662851900,2026-10-05T06:23:26.760594+00:00,2026-10-05T06:23:26.860036+00:00,
6,T007,PUFF_BOTH,task,168,7,1,0,5,R4,R1,L1,R3,50000,600.0,-21.0,117.0,118.86967653695369,100.17551084304321,162.8543421,162.9542986,458934663059500,458934763016000,2026-10-05T06:23:26.860036+00:00,2026-10-05T06:23:26.959764+00:00,
6,T007,PUFF_BOTH,task,169,5,0,2,3,R3,L1,L2,R2,50000,600.0,17.0,-25.0,30.23243291566195,-55.7842978675626,162.9544963,163.0522746,458934763213700,458934860992000,2026-10-05T06:23:26.959764+00:00,2026-10-05T06:23:27.051050+00:00,
6,T007,PUFF_BOTH,task,170,5,2,4,3,R3,L2,L3,R2,50000,600.0,-1.0,25.0,25.019992006393608,92.29061004263853,163.0524659,163.150274,458934861183300,458934958991400,2026-10-05T06:23:27.051050+00:00,2026-10-05T06:23:27.149713+00:00,
6,T007,PUFF_BOTH,task,171,5,4,6,3,R3,L3,L4,R2,50000,600.0,8.0,14.0,16.1245154965971,60.25511870305778,163.1504759,163.2492734,458934959193300,458935057990800,2026-10-05T06:23:27.149713+00:00,2026-10-05T06:23:27.251192+00:00,
6,T007,PUFF_BOTH,task,172,5,6,8,3,R3,L4,L5,R2,50000,600.0,-6.0,6.0,8.48528137423857,135.0,163.2494635,163.3494453,458935058180900,458935158162700,2026-10-05T06:23:27.251192+00:00,2026-10-05T06:23:27.349792+00:00,
6,T007,PUFF_BOTH,task,173,5,8,10,3,R3,L5,L6,R2,50000,600.0,4.0,10.0,10.770329614269007,68.19859051364818,163.3496848,163.4481413,458935158402200,458935256858700,2026-10-05T06:23:27.349792+00:00,2026-10-05T06:23:27.454265+00:00,
6,T007,PUFF_BOTH,task,174,5,10,12,3,R3,L6,L7,R2,50000,600.0,-3.0,12.0,12.36931687685298,104.03624346792648,163.4483914,163.5481554,458935257108800,458935356872800,2026-10-05T06:23:27.455258+00:00,2026-10-05T06:23:27.552590+00:00,
6,T007,PUFF_BOTH,task,175,5,12,14,3,R3,L7,L8,R2,50000,600.0,5.0,10.0,11.180339887498949,63.43494882292201,163.5483897,163.6461664,458935357107100,458935454883800,2026-10-05T06:23:27.552590+00:00,2026-10-05T06:23:27.650907+00:00,
6,T007,PUFF_BOTH,task,176,5,14,15,3,R3,L8,R8,R2,50000,600.0,0.0,11.0,11.0,90.0,163.6463613,163.7451543,458935455078700,458935553871700,2026-10-05T06:23:27.650907+00:00,2026-10-05T06:23:27.752009+00:00,
6,T007,PUFF_BOTH,task,177,5,15,13,3,R3,R8,R7,R2,50000,600.0,1.0,21.0,21.02379604162864,87.27368900609373,163.7453809,163.8441445,458935554098300,458935652861900,2026-10-05T06:23:27.752009+00:00,2026-10-05T06:23:27.849758+00:00,
6,T007,PUFF_BOTH,task,178,5,13,11,3,R3,R7,R6,R2,50000,600.0,3.0,25.0,25.179356624028344,83.15722658736907,163.8444209,163.9422094,458935653138300,458935750926800,2026-10-05T06:23:27.849758+00:00,2026-10-05T06:23:27.948915+00:00,
6,T007,PUFF_BOTH,task,179,5,11,9,3,R3,R6,R5,R2,50000,600.0,-51.0,224.0,229.73245308401684,102.82637518227277,163.9425157,164.0422692,458935751233100,458935850986600,2026-10-05T06:23:27.948915+00:00,2026-10-05T06:23:28.040102+00:00,
6,T007,PUFF_BOTH,task,180,5,9,7,3,R3,R5,R4,R2,50000,600.0,82.0,-300.0,311.004823113726,-74.71256557588325,164.0424982,164.1412806,458935851215600,458935949998000,2026-10-05T06:23:28.040102+00:00,2026-10-05T06:23:28.140069+00:00,
6,T007,PUFF_BOTH,task,181,5,1,0,3,R3,R1,L1,R2,50000,600.0,-5.0,70.0,70.178344238091,94.08561677997488,164.1415295,164.2382726,458935950246900,458936046990000,2026-10-05T06:23:28.140069+00:00,2026-10-05T06:23:28.239855+00:00,
6,T007,PUFF_BOTH,task,182,3,0,2,1,R2,L1,L2,R1,50000,600.0,-25.0,385.0,385.8108344772085,93.71528910542877,164.2385131,164.3363751,458936047230500,458936145092500,2026-10-05T06:23:28.239855+00:00,2026-10-05T06:23:28.339856+00:00,
6,T007,PUFF_BOTH,task,183,3,2,4,1,R2,L2,L3,R1,50000,600.0,12.0,18.0,21.633307652783937,56.309932474020215,164.3365931,164.4353923,458936145310500,458936244109700,2026-10-05T06:23:28.339856+00:00,2026-10-05T06:23:28.439686+00:00,
6,T007,PUFF_BOTH,task,184,3,4,6,1,R2,L3,L4,R1,50000,600.0,0.0,23.0,23.0,90.0,164.4356013,164.5362792,458936244318700,458936344996600,2026-10-05T06:23:28.439686+00:00,2026-10-05T06:23:28.539849+00:00,
6,T007,PUFF_BOTH,task,185,3,6,8,1,R2,L4,L5,R1,50000,600.0,5.0,-21.0,21.587033144922902,-76.6075022462489,164.5365059,164.6362847,458936345223300,458936445002100,2026-10-05T06:23:28.539849+00:00,2026-10-05T06:23:28.639766+00:00,
6,T007,PUFF_BOTH,task,186,3,8,10,1,R2,L5,L6,R1,50000,600.0,13.0,15.0,19.849433241279208,49.08561677997488,164.6365318,164.7331231,458936445249200,458936541840500,2026-10-05T06:23:28.639766+00:00,2026-10-05T06:23:28.739786+00:00,
6,T007,PUFF_BOTH,task,187,3,10,12,1,R2,L6,L7,R1,50000,600.0,1.0,4.0,4.123105625617661,75.96375653207353,164.7333313,164.8314091,458936542048700,458936640126500,2026-10-05T06:23:28.739786+00:00,2026-10-05T06:23:28.832280+00:00,
6,T007,PUFF_BOTH,task,188,3,12,14,1,R2,L7,L8,R1,50000,600.0,13.0,6.0,14.317821063276353,24.77514056883192,164.8316247,164.9311408,458936640342100,458936739858200,2026-10-05T06:23:28.832280+00:00,2026-10-05T06:23:28.936746+00:00,
6,T007,PUFF_BOTH,task,189,3,14,15,1,R2,L8,R8,R1,50000,600.0,6.0,6.0,8.48528137423857,45.0,164.9313353,165.0302811,458936740052700,458936838998500,2026-10-05T06:23:28.936746+00:00,2026-10-05T06:23:29.034848+00:00,
6,T007,PUFF_BOTH,task,190,3,15,13,1,R2,R8,R7,R1,50000,600.0,8.0,22.0,23.40939982143925,70.01689347810003,165.0304927,165.1312019,458936839210100,458936939919300,2026-10-05T06:23:29.034848+00:00,2026-10-05T06:23:29.138015+00:00,
6,T007,PUFF_BOTH,task,191,3,13,11,1,R2,R7,R6,R1,50000,600.0,14.0,41.0,43.32435804486894,71.1468412355809,165.1315272,165.2302857,458936940244600,458937039003100,2026-10-05T06:23:29.138015+00:00,2026-10-05T06:23:29.233189+00:00,
6,T007,PUFF_BOTH,task,192,3,11,9,1,R2,R6,R5,R1,50000,600.0,-13.0,157.0,157.53729717117784,94.73343833057548,165.2305023,165.3302,458937039219700,458937138917400,2026-10-05T06:23:29.233189+00:00,2026-10-05T06:23:29.334953+00:00,
6,T007,PUFF_BOTH,task,193,3,9,7,1,R2,R5,R4,R1,50000,600.0,5.0,-3.0,5.830951894845301,-30.96375653207352,165.3305412,165.4261382,458937139258600,458937234855600,2026-10-05T06:23:29.334953+00:00,2026-10-05T06:23:29.432724+00:00,
6,T007,PUFF_BOTH,task,194,3,7,5,1,R2,R4,R3,R1,50000,600.0,-30.0,509.0,509.88331998605327,93.37305927903037,165.4264201,165.5241335,458937235137500,458937332850900,2026-10-05T06:23:29.432724+00:00,2026-10-05T06:23:29.529800+00:00,
6,T007,PUFF_BOTH,task,195,1,2,4,0,R1,L2,L3,L1,50000,600.0,11.0,-24.0,26.40075756488817,-65.37643521383639,165.5244333,165.6211991,458937333150700,458937429916500,2026-10-05T06:23:29.529800+00:00,2026-10-05T06:23:29.620016+00:00,
6,T007,PUFF_BOTH,task,196,1,4,6,0,R1,L3,L4,L1,50000,600.0,-11.0,33.0,34.785054261852174,108.43494882292202,165.6215587,165.7201367,458937430276100,458937528854100,2026-10-05T06:23:29.620016+00:00,2026-10-05T06:23:29.719659+00:00,
6,T007,PUFF_BOTH,task,197,1,6,8,0,R1,L4,L5,L1,50000,600.0,17.0,-28.0,32.7566787083184,-58.73626830562258,165.720434,165.8171576,458937529151400,458937625875000,2026-10-05T06:23:29.719659+00:00,2026-10-05T06:23:29.819738+00:00,
6,T007,PUFF_BOTH,task,198,1,8,10,0,R1,L5,L6,L1,50000,600.0,-2.0,11.0,11.180339887498949,100.30484646876603,165.8175351,165.9151298,458937626252500,458937723847200,2026-10-05T06:23:29.819738+00:00,2026-10-05T06:23:29.919808+00:00,
6,T007,PUFF_BOTH,task,199,1,10,12,0,R1,L6,L7,L1,50000,600.0,-1.0,13.0,13.038404810405298,94.39870535499554,165.9154057,166.0121455,458937724123100,458937820862900,2026-10-05T06:23:29.919808+00:00,2026-10-05T06:23:30.017578+00:00,
6,T007,PUFF_BOTH,task,200,1,12,14,0,R1,L7,L8,L1,50000,600.0,3.0,14.0,14.317821063276353,77.9052429229879,166.0124051,166.1101435,458937821122500,458937918860900,2026-10-05T06:23:30.017578+00:00,2026-10-05T06:23:30.115312+00:00,
6,T007,PUFF_BOTH,task,201,1,14,15,0,R1,L8,R8,L1,50000,600.0,-2.0,18.0,18.110770276274835,96.3401917459099,166.1104917,166.2071256,458937919209100,458938015843000,2026-10-05T06:23:30.115312+00:00,2026-10-05T06:23:30.213508+00:00,
6,T007,PUFF_BOTH,task,202,1,15,13,0,R1,R8,R7,L1,50000,600.0,1.0,18.0,18.027756377319946,86.82016988013577,166.2073989,166.3030766,458938016116300,458938111794000,2026-10-05T06:23:30.213508+00:00,2026-10-05T06:23:30.309654+00:00,
6,T007,PUFF_BOTH,task,203,1,13,11,0,R1,R7,R6,L1,50000,600.0,4.0,5.0,6.4031242374328485,51.34019174590991,166.3033408,166.3991399,458938112058200,458938207857300,2026-10-05T06:23:30.309654+00:00,2026-10-05T06:23:30.405989+00:00,
6,T007,PUFF_BOTH,task,204,1,11,9,0,R1,R6,R5,L1,50000,600.0,0.0,35.0,35.0,90.0,166.3995072,166.4995423,458938208224600,458938308259700,2026-10-05T06:23:30.405989+00:00,2026-10-05T06:23:30.502678+00:00,
6,T007,PUFF_BOTH,task,205,1,9,7,0,R1,R5,R4,L1,50000,600.0,7.0,-51.0,51.478150704935004,-82.18470645323312,166.4997998,166.5971363,458938308517200,458938405853700,2026-10-05T06:23:30.502678+00:00,2026-10-05T06:23:30.603966+00:00,
6,T007,PUFF_BOTH,task,206,1,7,5,0,R1,R4,R3,L1,50000,600.0,5.0,52.0,52.23983154643591,84.50767544287257,166.5974663,166.695154,458938406183700,458938503871400,2026-10-05T06:23:30.603966+00:00,2026-10-05T06:23:30.699668+00:00,
6,T007,PUFF_BOTH,task,207,1,5,3,0,R1,R3,R2,L1,50000,600.0,3.0,-5.0,5.830951894845301,-59.03624346792648,166.6953711,166.7963036,458938504088500,458938605021000,2026-10-05T06:23:30.699668+00:00,2026-10-05T06:23:30.803051+00:00,
