frame_id,trial_id,task,state,pattern_id,f_plus,s_plus,s_minus,f_minus,f_plus_site,s_plus_site,s_minus_site,f_minus_site,configured_frequency_hz,configured_amplitude_mvpp,real_raw,imag_raw,magnitude_raw,phase_deg,start_s,end_s,start_perf_counter_ns,end_perf_counter_ns,start_utc,end_utc,error
0,T001,REST,task,0,0,4,6,2,L1,L3,L4,L2,80000,600.0,-166.0,-249.0,299.2607558635111,-123.69006752597979,10.0264534,10.1239972,459142843461700,459142941005500,2026-10-05T06:26:55.040053+00:00,2026-10-05T06:26:55.129738+00:00,
0,T001,REST,task,1,0,6,8,2,L1,L4,L5,L2,80000,600.0,-64.0,-68.0,93.38094023943002,-133.26429541107163,10.1242887,10.2220013,459142941297000,459143039009600,2026-10-05T06:26:55.129738+00:00,2026-10-05T06:26:55.230007+00:00,
0,T001,REST,task,2,0,8,10,2,L1,L5,L6,L2,80000,600.0,-51.0,-66.0,83.40863264674707,-127.69424046668917,10.2222563,10.3200029,459143039264600,459143137011200,2026-10-05T06:26:55.230007+00:00,2026-10-05T06:26:55.329979+00:00,
0,T001,REST,task,3,0,10,12,2,L1,L6,L7,L2,80000,600.0,-24.0,-39.0,45.79301256742124,-121.60750224624891,10.3202677,10.4200005,459143137276000,459143237008800,2026-10-05T06:26:55.329979+00:00,2026-10-05T06:26:55.430025+00:00,
0,T001,REST,task,4,0,12,14,2,L1,L7,L8,L2,80000,600.0,-18.0,-7.0,19.313207915827967,-158.74949449286677,10.4202443,10.5170175,459143237252600,459143334025800,2026-10-05T06:26:55.430025+00:00,2026-10-05T06:26:55.530007+00:00,
0,T001,REST,task,5,0,14,15,2,L1,L8,R8,L2,80000,600.0,-7.0,1.0,7.0710678118654755,171.86989764584402,10.5172397,10.6190046,459143334248000,459143436012900,2026-10-05T06:26:55.530007+00:00,2026-10-05T06:26:55.629689+00:00,
0,T001,REST,task,6,0,15,13,2,L1,R8,R7,L2,80000,600.0,-3.0,3.0,4.242640687119285,135.0,10.6192157,10.7168692,459143436224000,459143533877500,2026-10-05T06:26:55.629689+00:00,2026-10-05T06:26:55.730019+00:00,
0,T001,REST,task,7,0,13,11,2,L1,R7,R6,L2,80000,600.0,5.0,22.0,22.561028345356956,77.19573393471325,10.7170767,10.8140034,459143534085000,459143631011700,2026-10-05T06:26:55.730019+00:00,2026-10-05T06:26:55.829050+00:00,
0,T001,REST,task,8,0,11,9,2,L1,R6,R5,L2,80000,600.0,-10.0,-3.0,10.44030650891055,-163.3007557660064,10.8142086,10.9130294,459143631216900,459143730037700,2026-10-05T06:26:55.829050+00:00,2026-10-05T06:26:55.926062+00:00,
0,T001,REST,task,9,0,9,7,2,L1,R5,R4,L2,80000,600.0,34.0,50.0,60.4648658313239,55.7842978675626,10.9132166,11.0110414,459143730224900,459143828049700,2026-10-05T06:26:55.926062+00:00,2026-10-05T06:26:56.024319+00:00,
0,T001,REST,task,10,0,7,5,2,L1,R4,R3,L2,80000,600.0,-37.0,-27.0,45.803929962395145,-143.88065915052024,11.0112461,11.1078682,459143828254400,459143924876500,2026-10-05T06:26:56.024319+00:00,2026-10-05T06:26:56.122766+00:00,
0,T001,REST,task,11,0,5,3,2,L1,R3,R2,L2,80000,600.0,16.0,20.0,25.612496949731394,51.34019174590991,11.1080691,11.2049056,459143925077400,459144021913900,2026-10-05T06:26:56.122766+00:00,2026-10-05T06:26:56.219911+00:00,
0,T001,REST,task,12,0,3,1,2,L1,R2,R1,L2,80000,600.0,-222.0,-300.0,373.2077169620157,-126.50144112050633,11.2051379,11.3028511,459144022146200,459144119859400,2026-10-05T06:26:56.219911+00:00,2026-10-05T06:26:56.317457+00:00,
0,T001,REST,task,13,2,6,8,4,L2,L4,L5,L3,80000,600.0,138.0,206.0,247.95160818191923,56.18175421019668,11.3031217,11.4110056,459144120130000,459144228013900,2026-10-05T06:26:56.317457+00:00,2026-10-05T06:26:56.422794+00:00,
0,T001,REST,task,14,2,8,10,4,L2,L5,L6,L3,80000,600.0,-95.0,-131.0,161.82088863926066,-125.94927832281627,11.4112294,11.509138,459144228237700,459144326146300,2026-10-05T06:26:56.422794+00:00,2026-10-05T06:26:56.520070+00:00,
0,T001,REST,task,15,2,10,12,4,L2,L6,L7,L3,80000,600.0,-21.0,-35.0,40.8166632639171,-120.96375653207352,11.5093302,11.6091361,459144326338500,459144426144400,2026-10-05T06:26:56.520070+00:00,2026-10-05T06:26:56.620249+00:00,
0,T001,REST,task,16,2,12,14,4,L2,L7,L8,L3,80000,600.0,-16.0,-10.0,18.867962264113206,-147.9946167919165,11.6093609,11.7099148,459144426369200,459144526923100,2026-10-05T06:26:56.620249+00:00,2026-10-05T06:26:56.724815+00:00,
0,T001,REST,task,17,2,14,15,4,L2,L8,R8,L3,80000,600.0,-12.0,-10.0,15.620499351813308,-140.19442890773482,11.7101461,11.8110309,459144527154400,459144628039200,2026-10-05T06:26:56.724815+00:00,2026-10-05T06:26:56.823973+00:00,
0,T001,REST,task,18,2,15,13,4,L2,R8,R7,L3,80000,600.0,-9.0,-4.0,9.848857801796104,-156.03751102542182,11.8112702,11.9110015,459144628278500,459144728009800,2026-10-05T06:26:56.823973+00:00,2026-10-05T06:26:56.925804+00:00,
0,T001,REST,task,19,2,13,11,4,L2,R7,R6,L3,80000,600.0,-7.0,2.0,7.280109889280518,164.05460409907712,11.9112156,12.0080122,459144728223900,459144825020500,2026-10-05T06:26:56.925804+00:00,2026-10-05T06:26:57.019743+00:00,
0,T001,REST,task,20,2,11,9,4,L2,R6,R5,L3,80000,600.0,-15.0,-10.0,18.027756377319946,-146.30993247402023,12.0082241,12.1048777,459144825232400,459144921886000,2026-10-05T06:26:57.019743+00:00,2026-10-05T06:26:57.119857+00:00,
0,T001,REST,task,21,2,9,7,4,L2,R5,R4,L3,80000,600.0,5.0,2.0,5.385164807134504,21.80140948635181,12.1050866,12.2020047,459144922094900,459145019013000,2026-10-05T06:26:57.119857+00:00,2026-10-05T06:26:57.210213+00:00,
0,T001,REST,task,22,2,7,5,4,L2,R4,R3,L3,80000,600.0,-16.0,3.0,16.278820596099706,169.38034472384487,12.2022065,12.2989028,459145019214800,459145115911100,2026-10-05T06:26:57.210213+00:00,2026-10-05T06:26:57.313875+00:00,
0,T001,REST,task,23,2,5,3,4,L2,R3,R2,L3,80000,600.0,-6.0,-4.0,7.211102550927978,-146.30993247402023,12.299129,12.3960512,459145116137300,459145213059500,2026-10-05T06:26:57.313875+00:00,2026-10-05T06:26:57.409886+00:00,
0,T001,REST,task,24,2,3,1,4,L2,R2,R1,L3,80000,600.0,42.0,30.0,51.61395160225576,35.53767779197438,12.3962947,12.4958809,459145213303000,459145312889200,2026-10-05T06:26:57.409886+00:00,2026-10-05T06:26:57.509839+00:00,
0,T001,REST,task,25,2,1,0,4,L2,R1,L1,L3,80000,600.0,-33.0,4.0,33.24154027718932,173.08877288097534,12.4961452,12.5949444,459145313153500,459145411952700,2026-10-05T06:26:57.509839+00:00,2026-10-05T06:26:57.609980+00:00,
0,T001,REST,task,26,4,0,2,6,L3,L1,L2,L4,80000,600.0,-218.0,-245.0,327.9466420014085,-131.66255720165722,12.5952194,12.6928835,459145412227700,459145509891800,2026-10-05T06:26:57.609980+00:00,2026-10-05T06:26:57.707096+00:00,
0,T001,REST,task,27,4,8,10,6,L3,L5,L6,L4,80000,600.0,144.0,207.0,252.1606630701942,55.175510843043206,12.6932835,12.7944648,459145510291800,459145611473100,2026-10-05T06:26:57.707096+00:00,2026-10-05T06:26:57.809582+00:00,
0,T001,REST,task,28,4,10,12,6,L3,L6,L7,L4,80000,600.0,14.0,23.0,26.92582403567252,58.67130713219584,12.7946908,12.8909997,459145611699100,459145708008000,2026-10-05T06:26:57.809582+00:00,2026-10-05T06:26:57.899619+00:00,
0,T001,REST,task,29,4,12,14,6,L3,L7,L8,L4,80000,600.0,7.0,22.0,23.08679276123039,72.34987578006988,12.8912138,12.9878725,459145708222100,459145804880800,2026-10-05T06:26:57.899619+00:00,2026-10-05T06:26:58.002175+00:00,
0,T001,REST,task,30,4,14,15,6,L3,L8,R8,L4,80000,600.0,9.0,20.0,21.93171219946131,65.77225468204583,12.9880715,13.0880161,459145805079800,459145905024400,2026-10-05T06:26:58.003176+00:00,2026-10-05T06:26:58.099743+00:00,
0,T001,REST,task,31,4,15,13,6,L3,R8,R7,L4,80000,600.0,0.0,9.0,9.0,90.0,13.0882268,13.1880191,459145905235100,459146005027400,2026-10-05T06:26:58.099743+00:00,2026-10-05T06:26:58.203062+00:00,
0,T001,REST,task,32,4,13,11,6,L3,R7,R6,L4,80000,600.0,6.0,23.0,23.769728648009426,75.37912601136834,13.1882065,13.2880106,459146005214800,459146105018900,2026-10-05T06:26:58.203062+00:00,2026-10-05T06:26:58.299741+00:00,
0,T001,REST,task,33,4,11,9,6,L3,R6,R5,L4,80000,600.0,-11.0,-8.0,13.601470508735444,-143.9726266148964,13.2882223,13.3848573,459146105230600,459146201865600,2026-10-05T06:26:58.299741+00:00,2026-10-05T06:26:58.399826+00:00,
0,T001,REST,task,34,4,9,7,6,L3,R5,R4,L4,80000,600.0,38.0,43.0,57.38466694161429,48.53229458389089,13.3850781,13.483002,459146202086400,459146300010300,2026-10-05T06:26:58.399826+00:00,2026-10-05T06:26:58.491671+00:00,
0,T001,REST,task,35,4,7,5,6,L3,R4,R3,L4,80000,600.0,-51.0,-28.0,58.180752831155424,-151.2323506611562,13.4832269,13.5848844,459146300235200,459146401892700,2026-10-05T06:26:58.491671+00:00,2026-10-05T06:26:58.599983+00:00,
0,T001,REST,task,36,4,5,3,6,L3,R3,R2,L4,80000,600.0,-18.0,1.0,18.027756377319946,176.82016988013575,13.5851012,13.683021,459146402109500,459146500029300,2026-10-05T06:26:58.599983+00:00,2026-10-05T06:26:58.691770+00:00,
0,T001,REST,task,37,4,3,1,6,L3,R2,R1,L4,80000,600.0,39.0,-6.0,39.45883931389772,-8.74616226255521,13.6832283,13.7809073,459146500236600,459146597915600,2026-10-05T06:26:58.691770+00:00,2026-10-05T06:26:58.794774+00:00,
0,T001,REST,task,38,4,1,0,6,L3,R1,L1,L4,80000,600.0,-97.0,-77.0,123.84667940643382,-141.5569464981634,13.7810789,13.8810107,459146598087200,459146698019000,2026-10-05T06:26:58.794774+00:00,2026-10-05T06:26:58.892243+00:00,
0,T001,REST,task,39,6,0,2,8,L4,L1,L2,L5,80000,600.0,-59.0,-48.0,76.05918747922567,-140.86960044301472,13.8812225,13.9768968,459146698230800,459146793905100,2026-10-05T06:26:58.892243+00:00,2026-10-05T06:26:58.990954+00:00,
0,T001,REST,task,40,6,2,4,8,L4,L2,L3,L5,80000,600.0,126.0,205.0,240.62626623043462,58.42369610597023,13.9770668,14.0758725,459146794075100,459146892880800,2026-10-05T06:26:58.990954+00:00,2026-10-05T06:26:59.089738+00:00,
0,T001,REST,task,41,6,10,12,8,L4,L6,L7,L5,80000,600.0,-84.0,-154.0,175.41949720598336,-118.61045966596521,14.0760926,14.1719986,459146893100900,459146989006900,2026-10-05T06:26:59.089738+00:00,2026-10-05T06:26:59.179916+00:00,
0,T001,REST,task,42,6,12,14,8,L4,L7,L8,L5,80000,600.0,-44.0,-50.0,66.60330322138685,-131.34777721969368,14.1721936,14.2698827,459146989201900,459147086891000,2026-10-05T06:26:59.179916+00:00,2026-10-05T06:26:59.279699+00:00,
0,T001,REST,task,43,6,14,15,8,L4,L8,R8,L5,80000,600.0,-30.0,-37.0,47.634021455258214,-129.0355128987469,14.270099,14.3680059,459147087107300,459147185014200,2026-10-05T06:26:59.279699+00:00,2026-10-05T06:26:59.379785+00:00,
0,T001,REST,task,44,6,15,13,8,L4,R8,R7,L5,80000,600.0,-17.0,-14.0,22.02271554554524,-140.52754015165618,14.368254,14.4648662,459147185262300,459147281874500,2026-10-05T06:26:59.379785+00:00,2026-10-05T06:26:59.479849+00:00,
0,T001,REST,task,45,6,13,11,8,L4,R7,R6,L5,80000,600.0,-15.0,-12.0,19.209372712298546,-141.34019174590992,14.4650815,14.5638778,459147282089800,459147380886100,2026-10-05T06:26:59.479849+00:00,2026-10-05T06:26:59.577786+00:00,
0,T001,REST,task,46,6,11,9,8,L4,R6,R5,L5,80000,600.0,-4.0,-3.0,5.0,-143.13010235415598,14.564092,14.6630187,459147381100300,459147480027000,2026-10-05T06:26:59.577786+00:00,2026-10-05T06:26:59.676324+00:00,
0,T001,REST,task,47,6,9,7,8,L4,R5,R4,L5,80000,600.0,-27.0,-29.0,39.6232255123179,-132.9545915111128,14.6632157,14.7609198,459147480224000,459147577928100,2026-10-05T06:26:59.676324+00:00,2026-10-05T06:26:59.774304+00:00,
0,T001,REST,task,48,6,7,5,8,L4,R4,R3,L5,80000,600.0,-1.0,35.0,35.014282800023196,91.63657704161672,14.7611351,14.856868,459147578143400,459147673876300,2026-10-05T06:26:59.774304+00:00,2026-10-05T06:26:59.871453+00:00,
0,T001,REST,task,49,6,5,3,8,L4,R3,R2,L5,80000,600.0,18.0,6.0,18.973665961010276,18.43494882292201,14.8570641,14.9529995,459147674072400,459147770007800,2026-10-05T06:26:59.871453+00:00,2026-10-05T06:26:59.959676+00:00,
0,T001,REST,task,50,6,3,1,8,L4,R2,R1,L5,80000,600.0,97.0,62.0,115.12167476196652,32.585707353914415,14.9532055,15.0558624,459147770213800,459147872870700,2026-10-05T06:26:59.959676+00:00,2026-10-05T06:27:00.070958+00:00,
0,T001,REST,task,51,6,1,0,8,L4,R1,L1,L5,80000,600.0,-38.0,25.0,45.48626166217664,146.659292653523,15.0561344,15.1548854,459147873142700,459147971893700,2026-10-05T06:27:00.070958+00:00,2026-10-05T06:27:00.169856+00:00,
0,T001,REST,task,52,8,0,2,10,L5,L1,L2,L6,80000,600.0,-57.0,-68.0,88.72992730753249,-129.97092641821456,15.155106,15.2518561,459147972114300,459148068864400,2026-10-05T06:27:00.169856+00:00,2026-10-05T06:27:00.266668+00:00,
0,T001,REST,task,53,8,2,4,10,L5,L2,L3,L6,80000,600.0,-104.0,-142.0,176.0113632695344,-126.21883726561455,15.2521625,15.3490351,459148069170800,459148166043400,2026-10-05T06:27:00.266668+00:00,2026-10-05T06:27:00.359640+00:00,
0,T001,REST,task,54,8,4,6,10,L5,L3,L4,L6,80000,600.0,149.0,228.0,272.3692346796899,56.835031841008146,15.3492502,15.4469093,459148166258500,459148263917600,2026-10-05T06:27:00.359640+00:00,2026-10-05T06:27:00.461936+00:00,
0,T001,REST,task,55,8,12,14,10,L5,L7,L8,L6,80000,600.0,-97.0,-150.0,178.63090438107287,-122.88940223234559,15.4471863,15.5458731,459148264194600,459148362881400,2026-10-05T06:27:00.461936+00:00,2026-10-05T06:27:00.559870+00:00,
0,T001,REST,task,56,8,14,15,10,L5,L8,R8,L6,80000,600.0,-29.0,-44.0,52.69724850502159,-123.3885135761115,15.5461327,15.6459382,459148363141000,459148462946500,2026-10-05T06:27:00.559870+00:00,2026-10-05T06:27:00.659730+00:00,
0,T001,REST,task,57,8,15,13,10,L5,R8,R7,L6,80000,600.0,-13.0,-11.0,17.029386365926403,-139.7636416907262,15.646181,15.7449135,459148463189300,459148561921800,2026-10-05T06:27:00.659730+00:00,2026-10-05T06:27:00.759928+00:00,
0,T001,REST,task,58,8,13,11,10,L5,R7,R6,L6,80000,600.0,-3.0,0.0,3.0,180.0,15.7451083,15.8408684,459148562116600,459148657876700,2026-10-05T06:27:00.759928+00:00,2026-10-05T06:27:00.849715+00:00,
0,T001,REST,task,59,8,11,9,10,L5,R6,R5,L6,80000,600.0,-45.0,-3.0,45.09988913511872,-176.18592516570965,15.8410793,15.9390001,459148658087600,459148756008400,2026-10-05T06:27:00.849715+00:00,2026-10-05T06:27:00.949922+00:00,
0,T001,REST,task,60,8,9,7,10,L5,R5,R4,L6,80000,600.0,-4.0,5.0,6.4031242374328485,128.6598082540901,15.9392444,16.0380317,459148756252700,459148855040000,2026-10-05T06:27:00.949922+00:00,2026-10-05T06:27:01.049871+00:00,
0,T001,REST,task,61,8,7,5,10,L5,R4,R3,L6,80000,600.0,-5.0,-3.0,5.830951894845301,-149.03624346792648,16.0382592,16.1368702,459148855267500,459148953878500,2026-10-05T06:27:01.049871+00:00,2026-10-05T06:27:01.149740+00:00,
0,T001,REST,task,62,8,5,3,10,L5,R3,R2,L6,80000,600.0,-2.0,-2.0,2.8284271247461903,-135.0,16.137098,16.2328684,459148954106300,459149049876700,2026-10-05T06:27:01.149740+00:00,2026-10-05T06:27:01.247289+00:00,
0,T001,REST,task,63,8,3,1,10,L5,R2,R1,L6,80000,600.0,39.0,10.0,40.26164427839479,14.381394591090604,16.2330922,16.3309057,459149050100500,459149147914000,2026-10-05T06:27:01.247289+00:00,2026-10-05T06:27:01.345936+00:00,
0,T001,REST,task,64,8,1,0,10,L5,R1,L1,L6,80000,600.0,-58.0,-39.0,69.8927750200262,-146.08256946302967,16.3311384,16.430884,459149148146700,459149247892300,2026-10-05T06:27:01.345936+00:00,2026-10-05T06:27:01.440749+00:00,
0,T001,REST,task,65,10,0,2,12,L6,L1,L2,L7,80000,600.0,-25.0,-31.0,39.824615503479755,-128.8844964337146,16.4311512,16.5310076,459149248159500,459149348015900,2026-10-05T06:27:01.440749+00:00,2026-10-05T06:27:01.541425+00:00,
0,T001,REST,task,66,10,2,4,12,L6,L2,L3,L7,80000,600.0,-29.0,-34.0,44.68780594300866,-130.46222749209338,16.5312312,16.630011,459149348239500,459149447019300,2026-10-05T06:27:01.541425+00:00,2026-10-05T06:27:01.640825+00:00,
0,T001,REST,task,67,10,4,6,12,L6,L3,L4,L7,80000,600.0,23.0,33.0,40.22437072223753,55.12467165539782,16.6302277,16.7300126,459149447236000,459149547020900,2026-10-05T06:27:01.640825+00:00,2026-10-05T06:27:01.743081+00:00,
0,T001,REST,task,68,10,6,8,12,L6,L4,L5,L7,80000,600.0,-104.0,-172.0,200.9975124224178,-121.15930450834438,16.7302137,16.8269032,459149547222000,459149643911500,2026-10-05T06:27:01.743081+00:00,2026-10-05T06:27:01.841951+00:00,
0,T001,REST,task,69,10,14,15,12,L6,L8,R8,L7,80000,600.0,-155.0,-252.0,295.8530040408581,-121.59481496135595,16.8271096,16.9258837,459149644117900,459149742892000,2026-10-05T06:27:01.841951+00:00,2026-10-05T06:27:01.940966+00:00,
0,T001,REST,task,70,10,15,13,12,L6,R8,R7,L7,80000,600.0,-21.0,-46.0,50.566787519082126,-114.5377284765778,16.9261244,17.0220032,459149743132700,459149839011500,2026-10-05T06:27:01.940966+00:00,2026-10-05T06:27:02.029698+00:00,
0,T001,REST,task,71,10,13,11,12,L6,R7,R6,L7,80000,600.0,-27.0,-25.0,36.796738985948195,-137.20259816176582,17.0222148,17.12101,459149839223100,459149938018300,2026-10-05T06:27:02.029698+00:00,2026-10-05T06:27:02.129758+00:00,
0,T001,REST,task,72,10,11,9,12,L6,R6,R5,L7,80000,600.0,-10.0,-14.0,17.204650534085253,-125.53767779197437,17.1213956,17.2190606,459149938403900,459150036068900,2026-10-05T06:27:02.129758+00:00,2026-10-05T06:27:02.229957+00:00,
0,T001,REST,task,73,10,9,7,12,L6,R5,R4,L7,80000,600.0,-4.0,-11.0,11.704699910719626,-109.98310652189998,17.2192822,17.3180024,459150036290500,459150135010700,2026-10-05T06:27:02.229957+00:00,2026-10-05T06:27:02.333120+00:00,
0,T001,REST,task,74,10,7,5,12,L6,R4,R3,L7,80000,600.0,-7.0,14.0,15.652475842498529,116.56505117707799,17.3182493,17.4138708,459150135257600,459150230879100,2026-10-05T06:27:02.333120+00:00,2026-10-05T06:27:02.427153+00:00,
0,T001,REST,task,75,10,5,3,12,L6,R3,R2,L7,80000,600.0,1.0,-1.0,1.4142135623730951,-45.0,17.4141304,17.5109048,459150231138700,459150327913100,2026-10-05T06:27:02.429155+00:00,2026-10-05T06:27:02.525349+00:00,
0,T001,REST,task,76,10,3,1,12,L6,R2,R1,L7,80000,600.0,56.0,20.0,59.464274989274024,19.65382405805331,17.5111606,17.6090809,459150328168900,459150426089200,2026-10-05T06:27:02.526363+00:00,2026-10-05T06:27:02.620042+00:00,
0,T001,REST,task,77,10,1,0,12,L6,R1,L1,L7,80000,600.0,-61.0,-26.0,66.30987860040162,-156.91486632719173,17.6093318,17.7090555,459150426340100,459150526063800,2026-10-05T06:27:02.620042+00:00,2026-10-05T06:27:02.720152+00:00,
0,T001,REST,task,78,12,0,2,14,L7,L1,L2,L8,80000,600.0,-17.0,-5.0,17.72004514666935,-163.61045966596524,17.7093298,17.8069202,459150526338100,459150623928500,2026-10-05T06:27:02.720152+00:00,2026-10-05T06:27:02.820027+00:00,
0,T001,REST,task,79,12,2,4,14,L7,L2,L3,L8,80000,600.0,-21.0,-16.0,26.40075756488817,-142.6960517220166,17.8071351,17.9059363,459150624143400,459150722944600,2026-10-05T06:27:02.820027+00:00,2026-10-05T06:27:02.919891+00:00,
0,T001,REST,task,80,12,4,6,14,L7,L3,L4,L8,80000,600.0,18.0,24.0,30.0,53.13010235415598,17.9061582,18.0040613,459150723166500,459150821069600,2026-10-05T06:27:02.919891+00:00,2026-10-05T06:27:03.014810+00:00,
0,T001,REST,task,81,12,6,8,14,L7,L4,L5,L8,80000,600.0,-57.0,-68.0,88.72992730753249,-129.97092641821456,18.0042846,18.100912,459150821292900,459150917920300,2026-10-05T06:27:03.014810+00:00,2026-10-05T06:27:03.114637+00:00,
0,T001,REST,task,82,12,8,10,14,L7,L5,L6,L8,80000,600.0,-108.0,-153.0,187.27786842016332,-125.21759296819272,18.1011187,18.2020011,459150918127000,459151019009400,2026-10-05T06:27:03.114637+00:00,2026-10-05T06:27:03.214511+00:00,
0,T001,REST,task,83,12,15,13,14,L7,R8,R7,L8,80000,600.0,-69.0,-101.0,122.31925441237777,-124.33965170546468,18.202322,18.3009182,459151019330300,459151117926500,2026-10-05T06:27:03.214511+00:00,2026-10-05T06:27:03.314682+00:00,
0,T001,REST,task,84,12,13,11,14,L7,R7,R6,L8,80000,600.0,-33.0,-51.0,60.74537019394976,-122.90524292298791,18.3011457,18.4020643,459151118154000,459151219072600,2026-10-05T06:27:03.314682+00:00,2026-10-05T06:27:03.414549+00:00,
0,T001,REST,task,85,12,11,9,14,L7,R6,R5,L8,80000,600.0,-7.0,-20.0,21.18962010041709,-109.29004621918874,18.4022927,18.5009909,459151219301000,459151317999200,2026-10-05T06:27:03.414549+00:00,2026-10-05T06:27:03.514686+00:00,
0,T001,REST,task,86,12,9,7,14,L7,R5,R4,L8,80000,600.0,-6.0,-12.0,13.416407864998739,-116.56505117707799,18.5012206,18.5980879,459151318228900,459151415096200,2026-10-05T06:27:03.514686+00:00,2026-10-05T06:27:03.611615+00:00,
0,T001,REST,task,87,12,7,5,14,L7,R4,R3,L8,80000,600.0,-5.0,13.0,13.92838827718412,111.03751102542182,18.5983062,18.6971914,459151415314500,459151514199700,2026-10-05T06:27:03.611615+00:00,2026-10-05T06:27:03.709681+00:00,
0,T001,REST,task,88,12,5,3,14,L7,R3,R2,L8,80000,600.0,1.0,0.0,1.0,0.0,18.6974337,18.7949552,459151514442000,459151611963500,2026-10-05T06:27:03.709681+00:00,2026-10-05T06:27:03.810126+00:00,
0,T001,REST,task,89,12,3,1,14,L7,R2,R1,L8,80000,600.0,52.0,19.0,55.362442142665635,20.07152586453873,18.7951789,18.900917,459151612187200,459151717925300,2026-10-05T06:27:03.810126+00:00,2026-10-05T06:27:03.915222+00:00,
0,T001,REST,task,90,12,1,0,14,L7,R1,L1,L8,80000,600.0,-59.0,-33.0,67.60177512462228,-150.78075330951538,18.9011296,18.9988722,459151718137900,459151815880500,2026-10-05T06:27:03.915222+00:00,2026-10-05T06:27:04.013741+00:00,
0,T001,REST,task,91,14,0,2,15,L8,L1,L2,R8,80000,600.0,-9.0,9.0,12.727922061357855,135.0,18.9990972,19.0959179,459151816105500,459151912926200,2026-10-05T06:27:04.013741+00:00,2026-10-05T06:27:04.109871+00:00,
0,T001,REST,task,92,14,2,4,15,L8,L2,L3,R8,80000,600.0,-20.0,-14.0,24.413111231467404,-145.00797980144134,19.0962019,19.1939294,459151913210200,459152010937700,2026-10-05T06:27:04.109871+00:00,2026-10-05T06:27:04.208242+00:00,
0,T001,REST,task,93,14,4,6,15,L8,L3,L4,R8,80000,600.0,18.0,24.0,30.0,53.13010235415598,19.1941535,19.2922541,459152011161800,459152109262400,2026-10-05T06:27:04.208242+00:00,2026-10-05T06:27:04.307341+00:00,
0,T001,REST,task,94,14,6,8,15,L8,L4,L5,R8,80000,600.0,-45.0,-50.0,67.26812023536856,-131.98721249581666,19.2924724,19.3929568,459152109480700,459152209965100,2026-10-05T06:27:04.307341+00:00,2026-10-05T06:27:04.408096+00:00,
0,T001,REST,task,95,14,8,10,15,L8,L5,L6,R8,80000,600.0,-37.0,-41.0,55.226805085936306,-132.06432655357884,19.3931899,19.4890734,459152210198200,459152306081700,2026-10-05T06:27:04.408096+00:00,2026-10-05T06:27:04.500270+00:00,
0,T001,REST,task,96,14,10,12,15,L8,L6,L7,R8,80000,600.0,-175.0,-254.0,308.4493475434824,-124.5659239831711,19.4892866,19.5880045,459152306294900,459152405012800,2026-10-05T06:27:04.500270+00:00,2026-10-05T06:27:04.602966+00:00,
0,T001,REST,task,97,14,13,11,15,L8,R7,R6,R8,80000,600.0,-167.0,-276.0,322.59107241211746,-121.17697748110689,19.5882214,19.6890842,459152405229700,459152506092500,2026-10-05T06:27:04.602966+00:00,2026-10-05T06:27:04.699839+00:00,
0,T001,REST,task,98,14,11,9,15,L8,R6,R5,R8,80000,600.0,-32.0,-63.0,70.66116330771806,-116.92767785104051,19.6892903,19.7911025,459152506298600,459152608110800,2026-10-05T06:27:04.699839+00:00,2026-10-05T06:27:04.804280+00:00,
0,T001,REST,task,99,14,9,7,15,L8,R5,R4,R8,80000,600.0,-18.0,-34.0,38.47076812334269,-117.89727103094764,19.791296,19.8879791,459152608304300,459152704987400,2026-10-05T06:27:04.804280+00:00,2026-10-05T06:27:04.899938+00:00,
0,T001,REST,task,100,14,7,5,15,L8,R4,R3,R8,80000,600.0,-2.0,22.0,22.090722034374522,95.1944289077348,19.8881921,19.9869608,459152705200400,459152803969100,2026-10-05T06:27:04.899938+00:00,2026-10-05T06:27:04.999717+00:00,
0,T001,REST,task,101,14,5,3,15,L8,R3,R2,R8,80000,600.0,-2.0,-5.0,5.385164807134504,-111.80140948635182,19.9871803,20.084166,459152804188600,459152901174300,2026-10-05T06:27:04.999717+00:00,2026-10-05T06:27:05.091267+00:00,
0,T001,REST,task,102,14,3,1,15,L8,R2,R1,R8,80000,600.0,50.0,9.0,50.80354318352215,10.203973721731684,20.0844046,20.1859216,459152901412900,459153002929900,2026-10-05T06:27:05.091267+00:00,2026-10-05T06:27:05.200163+00:00,
0,T001,REST,task,103,14,1,0,15,L8,R1,L1,R8,80000,600.0,-69.0,-45.0,82.37718130647589,-146.88865803962798,20.1861565,20.2840674,459153003164800,459153101075700,2026-10-05T06:27:05.200163+00:00,2026-10-05T06:27:05.290982+00:00,
0,T001,REST,task,104,15,0,2,13,R8,L1,L2,R7,80000,600.0,-1.0,13.0,13.038404810405298,94.39870535499554,20.2843181,20.3821792,459153101326400,459153199187500,2026-10-05T06:27:05.290982+00:00,2026-10-05T06:27:05.395321+00:00,
0,T001,REST,task,105,15,2,4,13,R8,L2,L3,R7,80000,600.0,-14.0,-7.0,15.652475842498529,-153.434948822922,20.3824307,20.4820649,459153199439000,459153299073200,2026-10-05T06:27:05.395321+00:00,2026-10-05T06:27:05.492059+00:00,
0,T001,REST,task,106,15,4,6,13,R8,L3,L4,R7,80000,600.0,12.0,14.0,18.439088914585774,49.398705354995535,20.4822666,20.5799234,459153299274900,459153396931700,2026-10-05T06:27:05.492059+00:00,2026-10-05T06:27:05.590069+00:00,
0,T001,REST,task,107,15,6,8,13,R8,L4,L5,R7,80000,600.0,-26.0,-22.0,34.058772731852805,-139.7636416907262,20.580159,20.6779184,459153397167300,459153494926700,2026-10-05T06:27:05.590069+00:00,2026-10-05T06:27:05.692962+00:00,
0,T001,REST,task,108,15,8,10,13,R8,L5,L6,R7,80000,600.0,-16.0,-7.0,17.46424919657298,-156.3706222693432,20.678248,20.7769539,459153495256300,459153593962200,2026-10-05T06:27:05.692962+00:00,2026-10-05T06:27:05.790387+00:00,
0,T001,REST,task,109,15,10,12,13,R8,L6,L7,R7,80000,600.0,-26.0,-49.0,55.47071299343465,-117.95096902789018,20.7771832,20.8769198,459153594191500,459153693928100,2026-10-05T06:27:05.790387+00:00,2026-10-05T06:27:05.891387+00:00,
0,T001,REST,task,110,15,12,14,13,R8,L7,L8,R7,80000,600.0,-80.0,-95.0,124.19742348374221,-130.10090754621226,20.8771304,20.9749156,459153694138700,459153791923900,2026-10-05T06:27:05.891387+00:00,2026-10-05T06:27:05.989879+00:00,
0,T001,REST,task,111,15,11,9,13,R8,R6,R5,R7,80000,600.0,-76.0,-151.0,169.04733065032408,-116.7166269597463,20.9751342,21.0759271,459153792142500,459153892935400,2026-10-05T06:27:05.989879+00:00,2026-10-05T06:27:06.090104+00:00,
0,T001,REST,task,112,15,9,7,13,R8,R5,R4,R7,80000,600.0,-23.0,-44.0,49.64876634922564,-117.59729586864374,21.076127,21.1749077,459153893135300,459153991916000,2026-10-05T06:27:06.090104+00:00,2026-10-05T06:27:06.189863+00:00,
0,T001,REST,task,113,15,7,5,13,R8,R4,R3,R7,80000,600.0,-1.0,23.0,23.021728866442675,92.48955292199916,21.1751204,21.2749533,459153992128700,459154091961600,2026-10-05T06:27:06.189863+00:00,2026-10-05T06:27:06.289930+00:00,
0,T001,REST,task,114,15,5,3,13,R8,R3,R2,R7,80000,600.0,-3.0,-7.0,7.615773105863909,-113.19859051364818,21.2751651,21.3740771,459154092173400,459154191085400,2026-10-05T06:27:06.289930+00:00,2026-10-05T06:27:06.379902+00:00,
0,T001,REST,task,115,15,3,1,13,R8,R2,R1,R7,80000,600.0,39.0,0.0,39.0,0.0,21.3743105,21.4719371,459154191318800,459154288945400,2026-10-05T06:27:06.379902+00:00,2026-10-05T06:27:06.486836+00:00,
0,T001,REST,task,116,15,1,0,13,R8,R1,L1,R7,80000,600.0,-60.0,-33.0,68.47627326307996,-151.18920625702694,21.4721349,21.5700636,459154289143200,459154387071900,2026-10-05T06:27:06.486836+00:00,2026-10-05T06:27:06.579646+00:00,
0,T001,REST,task,117,13,0,2,11,R7,L1,L2,R6,80000,600.0,1.0,24.0,24.020824298928627,87.61405596961119,21.5702586,21.6710304,459154387266900,459154488038700,2026-10-05T06:27:06.579646+00:00,2026-10-05T06:27:06.681127+00:00,
0,T001,REST,task,118,13,2,4,11,R7,L2,L3,R6,80000,600.0,-16.0,-9.0,18.35755975068582,-150.64224645720873,21.6712163,21.7691742,459154488224600,459154586182500,2026-10-05T06:27:06.681127+00:00,2026-10-05T06:27:06.780124+00:00,
0,T001,REST,task,119,13,4,6,11,R7,L3,L4,R6,80000,600.0,13.0,20.0,23.853720883753127,56.97613244420336,21.7694116,21.8680807,459154586419900,459154685089000,2026-10-05T06:27:06.780124+00:00,2026-10-05T06:27:06.879935+00:00,
0,T001,REST,task,120,13,6,8,11,R7,L4,L5,R6,80000,600.0,-28.0,-30.0,41.036569057366385,-133.02506598911802,21.8683111,21.9669343,459154685319400,459154783942600,2026-10-05T06:27:06.879935+00:00,2026-10-05T06:27:06.979756+00:00,
0,T001,REST,task,121,13,8,10,11,R7,L5,L6,R6,80000,600.0,-9.0,-3.0,9.486832980505138,-161.565051177078,21.9671693,22.0649474,459154784177600,459154881955700,2026-10-05T06:27:06.979756+00:00,2026-10-05T06:27:07.080087+00:00,
0,T001,REST,task,122,13,10,12,11,R7,L6,L7,R6,80000,600.0,-36.0,-34.0,49.51767361255979,-136.63657704161673,22.0651769,22.1649101,459154882185200,459154981918400,2026-10-05T06:27:07.080087+00:00,2026-10-05T06:27:07.179855+00:00,
0,T001,REST,task,123,13,12,14,11,R7,L7,L8,R6,80000,600.0,-45.0,-51.0,68.01470429252781,-131.42366562500266,22.1651178,22.2630661,459154982126100,459155080074400,2026-10-05T06:27:07.179855+00:00,2026-10-05T06:27:07.272631+00:00,
0,T001,REST,task,124,13,14,15,11,R7,L8,R8,R6,80000,600.0,-192.0,-273.0,333.75589882427545,-125.11859387964981,22.263296,22.3621056,459155080304300,459155179113900,2026-10-05T06:27:07.272631+00:00,2026-10-05T06:27:07.374420+00:00,
0,T001,REST,task,125,13,9,7,11,R7,R5,R4,R6,80000,600.0,-34.0,-77.0,84.17244204607586,-113.82426058289543,22.3623192,22.4589462,459155179327500,459155275954500,2026-10-05T06:27:07.374420+00:00,2026-10-05T06:27:07.473191+00:00,
0,T001,REST,task,126,13,7,5,11,R7,R4,R3,R6,80000,600.0,-5.0,15.0,15.811388300841896,108.43494882292202,22.4592178,22.5580749,459155276226100,459155375083200,2026-10-05T06:27:07.473191+00:00,2026-10-05T06:27:07.569881+00:00,
0,T001,REST,task,127,13,5,3,11,R7,R3,R2,R6,80000,600.0,-6.0,-16.0,17.08800749063506,-110.55604521958347,22.5582919,22.6580774,459155375300200,459155475085700,2026-10-05T06:27:07.569881+00:00,2026-10-05T06:27:07.669977+00:00,
0,T001,REST,task,128,13,3,1,11,R7,R2,R1,R6,80000,600.0,27.0,-20.0,33.60059523282288,-36.52885536698517,22.6583096,22.7569204,459155475317900,459155573928700,2026-10-05T06:27:07.669977+00:00,2026-10-05T06:27:07.769801+00:00,
0,T001,REST,task,129,13,1,0,11,R7,R1,L1,R6,80000,600.0,-59.0,-39.0,70.7248188403477,-146.5346206536447,22.7571297,22.8559602,459155574138000,459155672968500,2026-10-05T06:27:07.769801+00:00,2026-10-05T06:27:07.869829+00:00,
0,T001,REST,task,130,11,0,2,9,R6,L1,L2,R5,80000,600.0,-10.0,7.0,12.206555615733702,145.00797980144134,22.8561603,22.9550708,459155673168600,459155772079100,2026-10-05T06:27:07.869829+00:00,2026-10-05T06:27:07.970122+00:00,
0,T001,REST,task,131,11,2,4,9,R6,L2,L3,R5,80000,600.0,-20.0,-13.0,23.853720883753127,-146.97613244420336,22.9553903,23.0549145,459155772398600,459155871922800,2026-10-05T06:27:07.970122+00:00,2026-10-05T06:27:08.069874+00:00,
0,T001,REST,task,132,11,4,6,9,R6,L3,L4,R5,80000,600.0,0.0,-3.0,3.0,-90.0,23.0551429,23.1541691,459155872151200,459155971177400,2026-10-05T06:27:08.069874+00:00,2026-10-05T06:27:08.159982+00:00,
0,T001,REST,task,133,11,6,8,9,R6,L4,L5,R5,80000,600.0,-13.0,-11.0,17.029386365926403,-139.7636416907262,23.1543816,23.2540621,459155971389900,459156071070400,2026-10-05T06:27:08.159982+00:00,2026-10-05T06:27:08.262041+00:00,
0,T001,REST,task,134,11,8,10,9,R6,L5,L6,R5,80000,600.0,-48.0,3.0,48.093658625644196,176.42366562500266,23.2542805,23.3540828,459156071288800,459156171091100,2026-10-05T06:27:08.262041+00:00,2026-10-05T06:27:08.369130+00:00,
0,T001,REST,task,135,11,10,12,9,R6,L6,L7,R5,80000,600.0,-14.0,-15.0,20.518284528683193,-133.02506598911802,23.3542865,23.4530653,459156171294800,459156270073600,2026-10-05T06:27:08.369130+00:00,2026-10-05T06:27:08.459762+00:00,
0,T001,REST,task,136,11,12,14,9,R6,L7,L8,R5,80000,600.0,-13.0,-14.0,19.1049731745428,-132.87890360333856,23.453293,23.5510725,459156270301300,459156368080800,2026-10-05T06:27:08.459762+00:00,2026-10-05T06:27:08.559672+00:00,
0,T001,REST,task,137,11,14,15,9,R6,L8,R8,R5,80000,600.0,-39.0,-56.0,68.24221567329127,-124.85445556610367,23.551283,23.6499275,459156368291300,459156466935800,2026-10-05T06:27:08.559672+00:00,2026-10-05T06:27:08.659989+00:00,
0,T001,REST,task,138,11,15,13,9,R6,R8,R7,R5,80000,600.0,-93.0,-138.0,166.41213898030395,-123.97654403625687,23.6501873,23.7489226,459156467195600,459156565930900,2026-10-05T06:27:08.659989+00:00,2026-10-05T06:27:08.759914+00:00,
0,T001,REST,task,139,11,7,5,9,R6,R4,R3,R5,80000,600.0,177.0,289.0,338.89526405661087,58.51433278655802,23.7492145,23.8479637,459156566222800,459156664972000,2026-10-05T06:27:08.759914+00:00,2026-10-05T06:27:08.859661+00:00,
0,T001,REST,task,140,11,5,3,9,R6,R3,R2,R5,80000,600.0,-99.0,-151.0,180.5602392554906,-123.25001642822332,23.8482295,23.9479646,459156665237800,459156764972900,2026-10-05T06:27:08.859661+00:00,2026-10-05T06:27:08.962010+00:00,
0,T001,REST,task,141,11,3,1,9,R6,R2,R1,R5,80000,600.0,-25.0,-123.0,125.51493934986385,-101.4889812021592,23.9481452,24.0489344,459156765153500,459156865942700,2026-10-05T06:27:08.962010+00:00,2026-10-05T06:27:09.063720+00:00,
0,T001,REST,task,142,11,1,0,9,R6,R1,L1,R5,80000,600.0,-79.0,-56.0,96.83491106000976,-144.66866866108364,24.0491627,24.1472387,459156866171000,459156964247000,2026-10-05T06:27:09.063720+00:00,2026-10-05T06:27:09.160177+00:00,
0,T001,REST,task,143,9,0,2,7,R5,L1,L2,R4,80000,600.0,21.0,57.0,60.74537019394976,69.77514056883192,24.1474748,24.2479219,459156964483100,459157064930200,2026-10-05T06:27:09.160177+00:00,2026-10-05T06:27:09.262268+00:00,
0,T001,REST,task,144,9,2,4,7,R5,L2,L3,R4,80000,600.0,-11.0,-7.0,13.038404810405298,-147.52880770915152,24.2481633,24.3469248,459157065171600,459157163933100,2026-10-05T06:27:09.262268+00:00,2026-10-05T06:27:09.359898+00:00,
0,T001,REST,task,145,9,4,6,7,R5,L3,L4,R4,80000,600.0,38.0,42.0,56.639209034025185,47.862405226111754,24.3471437,24.4480856,459157164152000,459157265093900,2026-10-05T06:27:09.359898+00:00,2026-10-05T06:27:09.459822+00:00,
0,T001,REST,task,146,9,6,8,7,R5,L4,L5,R4,80000,600.0,-47.0,-45.0,65.06919393998976,-136.24536426676835,24.4483218,24.5480746,459157265330100,459157365082900,2026-10-05T06:27:09.459822+00:00,2026-10-05T06:27:09.559987+00:00,
0,T001,REST,task,147,9,8,10,7,R5,L5,L6,R4,80000,600.0,-16.0,4.0,16.492422502470642,165.96375653207352,24.5483125,24.6469428,459157365320800,459157463951100,2026-10-05T06:27:09.559987+00:00,2026-10-05T06:27:09.661956+00:00,
0,T001,REST,task,148,9,10,12,7,R5,L6,L7,R4,80000,600.0,-17.0,-17.0,24.041630560342615,-135.0,24.6471873,24.7469227,459157464195600,459157563931000,2026-10-05T06:27:09.661956+00:00,2026-10-05T06:27:09.760096+00:00,
0,T001,REST,task,149,9,12,14,7,R5,L7,L8,R4,80000,600.0,-21.0,-10.0,23.259406699226016,-154.5366549381284,24.7471629,24.8449541,459157564171200,459157661962400,2026-10-05T06:27:09.760096+00:00,2026-10-05T06:27:09.859739+00:00,
0,T001,REST,task,150,9,14,15,7,R5,L8,R8,R4,80000,600.0,-31.0,-31.0,43.840620433565945,-135.0,24.8451882,24.9429527,459157662196500,459157759961000,2026-10-05T06:27:09.859739+00:00,2026-10-05T06:27:09.957114+00:00,
0,T001,REST,task,151,9,15,13,7,R5,R8,R7,R4,80000,600.0,-40.0,-40.0,56.568542494923804,-135.0,24.9431589,25.0481043,459157760167200,459157865112600,2026-10-05T06:27:09.957114+00:00,2026-10-05T06:27:10.059828+00:00,
0,T001,REST,task,152,9,13,11,7,R5,R7,R6,R4,80000,600.0,-53.0,-63.0,82.3286098510111,-130.072890052351,25.0483376,25.1469282,459157865345900,459157963936500,2026-10-05T06:27:10.059828+00:00,2026-10-05T06:27:10.160009+00:00,
0,T001,REST,task,153,9,5,3,7,R5,R3,R2,R4,80000,600.0,155.0,200.0,253.03161857759991,52.224315694045345,25.1471466,25.246925,459157964154900,459158063933300,2026-10-05T06:27:10.160009+00:00,2026-10-05T06:27:10.261602+00:00,
0,T001,REST,task,154,9,3,1,7,R5,R2,R1,R4,80000,600.0,61.0,17.0,63.324560795950255,15.572543596810263,25.2471498,25.3479322,459158064158100,459158164940500,2026-10-05T06:27:10.261602+00:00,2026-10-05T06:27:10.360122+00:00,
0,T001,REST,task,155,9,1,0,7,R5,R1,L1,R4,80000,600.0,-35.0,2.0,35.05709628591621,176.72951207681643,25.3481505,25.4480498,459158165158800,459158265058100,2026-10-05T06:27:10.360122+00:00,2026-10-05T06:27:10.463026+00:00,
0,T001,REST,task,156,7,0,2,5,R4,L1,L2,R3,80000,600.0,-29.0,-22.0,36.40054944640259,-142.81529354676687,25.4483385,25.5459248,459158265346800,459158362933100,2026-10-05T06:27:10.463026+00:00,2026-10-05T06:27:10.559907+00:00,
0,T001,REST,task,157,7,2,4,5,R4,L2,L3,R3,80000,600.0,-11.0,-3.0,11.40175425099138,-164.74488129694222,25.5461503,25.6439418,459158363158600,459158460950100,2026-10-05T06:27:10.559907+00:00,2026-10-05T06:27:10.659091+00:00,
0,T001,REST,task,158,7,4,6,5,R4,L3,L4,R3,80000,600.0,-32.0,-26.0,41.23105625617661,-140.9061411137705,25.6441628,25.7410677,459158461171100,459158558076000,2026-10-05T06:27:10.659091+00:00,2026-10-05T06:27:10.749890+00:00,
0,T001,REST,task,159,7,6,8,5,R4,L4,L5,R3,80000,600.0,2.0,23.0,23.08679276123039,85.0302592718897,25.7412813,25.8409419,459158558289600,459158657950200,2026-10-05T06:27:10.749890+00:00,2026-10-05T06:27:10.856126+00:00,
0,T001,REST,task,160,7,8,10,5,R4,L5,L6,R3,80000,600.0,2.0,-3.0,3.605551275463989,-56.309932474020215,25.8411123,25.9399185,459158658120600,459158756926800,2026-10-05T06:27:10.856126+00:00,2026-10-05T06:27:10.950073+00:00,
0,T001,REST,task,161,7,10,12,5,R4,L6,L7,R3,80000,600.0,1.0,6.0,6.082762530298219,80.53767779197439,25.940132,26.0390655,459158757140300,459158856073800,2026-10-05T06:27:10.950073+00:00,2026-10-05T06:27:11.049717+00:00,
0,T001,REST,task,162,7,12,14,5,R4,L7,L8,R3,80000,600.0,0.0,12.0,12.0,90.0,26.0392801,26.1390607,459158856288400,459158956069000,2026-10-05T06:27:11.049717+00:00,2026-10-05T06:27:11.149832+00:00,
0,T001,REST,task,163,7,14,15,5,R4,L8,R8,R3,80000,600.0,7.0,18.0,19.313207915827967,68.74949449286676,26.1392623,26.2380778,459158956270600,459159055086100,2026-10-05T06:27:11.149832+00:00,2026-10-05T06:27:11.249827+00:00,
0,T001,REST,task,164,7,15,13,5,R4,R8,R7,R3,80000,600.0,6.0,17.0,18.027756377319946,70.5599651718238,26.2382856,26.3369201,459159055293900,459159153928400,2026-10-05T06:27:11.249827+00:00,2026-10-05T06:27:11.349868+00:00,
0,T001,REST,task,165,7,13,11,5,R4,R7,R6,R3,80000,600.0,5.0,19.0,19.6468827043885,75.25643716352927,26.3371197,26.4366143,459159154128000,459159253622600,2026-10-05T06:27:11.349868+00:00,2026-10-05T06:27:11.451767+00:00,
0,T001,REST,task,166,7,11,9,5,R4,R6,R5,R3,80000,600.0,191.0,265.0,326.65884344373717,54.21764420993867,26.4368585,26.5349182,459159253866800,459159351926500,2026-10-05T06:27:11.451767+00:00,2026-10-05T06:27:11.549867+00:00,
0,T001,REST,task,167,7,3,1,5,R4,R2,R1,R3,80000,600.0,-258.0,-411.0,485.26796720987056,-122.1180222101148,26.5351533,26.6320404,459159352161600,459159449048700,2026-10-05T06:27:11.549867+00:00,2026-10-05T06:27:11.643117+00:00,
0,T001,REST,task,168,7,1,0,5,R4,R1,L1,R3,80000,600.0,-85.0,-70.0,110.11357772772621,-140.52754015165618,26.632272,26.7320133,459159449280300,459159549021600,2026-10-05T06:27:11.643117+00:00,2026-10-05T06:27:11.742179+00:00,
0,T001,REST,task,169,5,0,2,3,R3,L1,L2,R2,80000,600.0,6.0,27.0,27.65863337187866,77.47119229084849,26.7322286,26.830012,459159549236900,459159647020300,2026-10-05T06:27:11.742179+00:00,2026-10-05T06:27:11.842050+00:00,
0,T001,REST,task,170,5,2,4,3,R3,L2,L3,R2,80000,600.0,-19.0,-12.0,22.47220505424423,-147.72435568542238,26.8302185,26.927903,459159647226800,459159744911300,2026-10-05T06:27:11.842050+00:00,2026-10-05T06:27:11.943130+00:00,
0,T001,REST,task,171,5,4,6,3,R3,L3,L4,R2,80000,600.0,-18.0,2.0,18.110770276274835,173.6598082540901,26.9281247,27.0259055,459159745133000,459159842913800,2026-10-05T06:27:11.943130+00:00,2026-10-05T06:27:12.039831+00:00,
0,T001,REST,task,172,5,6,8,3,R3,L4,L5,R2,80000,600.0,2.0,-8.0,8.246211251235321,-75.96375653207353,27.0261264,27.1240075,459159843134700,459159941015800,2026-10-05T06:27:12.039831+00:00,2026-10-05T06:27:12.131465+00:00,
0,T001,REST,task,173,5,8,10,3,R3,L5,L6,R2,80000,600.0,-12.0,-1.0,12.041594578792296,-175.2363583092738,27.1242066,27.2239332,459159941214900,459160040941500,2026-10-05T06:27:12.131465+00:00,2026-10-05T06:27:12.238298+00:00,
0,T001,REST,task,174,5,10,12,3,R3,L6,L7,R2,80000,600.0,-9.0,-7.0,11.40175425099138,-142.12501634890182,27.2241453,27.322084,459160041153600,459160139092300,2026-10-05T06:27:12.238298+00:00,2026-10-05T06:27:12.331476+00:00,
0,T001,REST,task,175,5,12,14,3,R3,L7,L8,R2,80000,600.0,-11.0,1.0,11.045361017187261,174.8055710922652,27.3222806,27.4240664,459160139288900,459160241074700,2026-10-05T06:27:12.331476+00:00,2026-10-05T06:27:12.431762+00:00,
0,T001,REST,task,176,5,14,15,3,R3,L8,R8,R2,80000,600.0,-12.0,-6.0,13.416407864998739,-153.434948822922,27.4243254,27.5241965,459160241333700,459160341204800,2026-10-05T06:27:12.439491+00:00,2026-10-05T06:27:12.534776+00:00,
0,T001,REST,task,177,5,15,13,3,R3,R8,R7,R2,80000,600.0,-16.0,-8.0,17.88854381999832,-153.434948822922,27.5243962,27.6240982,459160341404500,459160441106500,2026-10-05T06:27:12.534776+00:00,2026-10-05T06:27:12.632075+00:00,
0,T001,REST,task,178,5,13,11,3,R3,R7,R6,R2,80000,600.0,-18.0,-10.0,20.591260281974,-150.94539590092285,27.6243086,27.7230721,459160441316900,459160540080400,2026-10-05T06:27:12.632075+00:00,2026-10-05T06:27:12.731912+00:00,
0,T001,REST,task,179,5,11,9,3,R3,R6,R5,R2,80000,600.0,-137.0,-149.0,202.41047403728888,-132.59739053101396,27.7234243,27.8220696,459160540432600,459160639077900,2026-10-05T06:27:12.731912+00:00,2026-10-05T06:27:12.834385+00:00,
0,T001,REST,task,180,5,9,7,3,R3,R5,R4,R2,80000,600.0,177.0,213.0,276.9440376682625,50.27389595735176,27.8224199,27.922064,459160639428200,459160739072300,2026-10-05T06:27:12.834385+00:00,2026-10-05T06:27:12.934533+00:00,
0,T001,REST,task,181,5,1,0,3,R3,R1,L1,R2,80000,600.0,-59.0,-34.0,68.09552114493287,-150.0463918321985,27.9223047,28.0230631,459160739313000,459160840071400,2026-10-05T06:27:12.934533+00:00,2026-10-05T06:27:13.032514+00:00,
0,T001,REST,task,182,3,0,2,1,R2,L1,L2,R1,80000,600.0,-268.0,-223.0,348.644518098306,-140.2365117349181,28.0233195,28.1200664,459160840327800,459160937074700,2026-10-05T06:27:13.032514+00:00,2026-10-05T06:27:13.132356+00:00,
0,T001,REST,task,183,3,2,4,1,R2,L2,L3,R1,80000,600.0,-26.0,2.0,26.076809620810597,175.6012946450045,28.1203112,28.2179548,459160937319500,459161034963100,2026-10-05T06:27:13.132356+00:00,2026-10-05T06:27:13.232511+00:00,
0,T001,REST,task,184,3,4,6,1,R2,L3,L4,R1,80000,600.0,-15.0,-14.0,20.518284528683193,-136.97493401088198,28.2190034,28.317089,459161036011700,459161134097300,2026-10-05T06:27:13.232511+00:00,2026-10-05T06:27:13.330016+00:00,
0,T001,REST,task,185,3,6,8,1,R2,L4,L5,R1,80000,600.0,10.0,17.0,19.72308292331602,59.53445508054013,28.3173524,28.4158869,459161134360700,459161232895200,2026-10-05T06:27:13.332526+00:00,2026-10-05T06:27:13.430179+00:00,
0,T001,REST,task,186,3,8,10,1,R2,L5,L6,R1,80000,600.0,-24.0,3.0,24.186773244895647,172.8749836510982,28.4160975,28.5130847,459161233105800,459161330093000,2026-10-05T06:27:13.430179+00:00,2026-10-05T06:27:13.523037+00:00,
0,T001,REST,task,187,3,10,12,1,R2,L6,L7,R1,80000,600.0,-8.0,-1.0,8.06225774829855,-172.8749836510982,28.5133247,28.6109187,459161330333000,459161427927000,2026-10-05T06:27:13.523037+00:00,2026-10-05T06:27:13.624745+00:00,
0,T001,REST,task,188,3,12,14,1,R2,L7,L8,R1,80000,600.0,-13.0,10.0,16.401219466856727,142.43140797117252,28.6111491,28.7090485,459161428157400,459161526056800,2026-10-05T06:27:13.624745+00:00,2026-10-05T06:27:13.724031+00:00,
0,T001,REST,task,189,3,14,15,1,R2,L8,R8,R1,80000,600.0,-14.0,0.0,14.0,180.0,28.7092695,28.8089168,459161526277800,459161625925100,2026-10-05T06:27:13.724031+00:00,2026-10-05T06:27:13.819929+00:00,
0,T001,REST,task,190,3,15,13,1,R2,R8,R7,R1,80000,600.0,-24.0,-6.0,24.73863375370596,-165.96375653207352,28.809125,28.9099422,459161626133300,459161726950500,2026-10-05T06:27:13.819929+00:00,2026-10-05T06:27:13.924166+00:00,
0,T001,REST,task,191,3,13,11,1,R2,R7,R6,R1,80000,600.0,-35.0,-9.0,36.138621999185304,-165.57922687248902,28.9101652,29.0079729,459161727173500,459161824981200,2026-10-05T06:27:13.924166+00:00,2026-10-05T06:27:14.023133+00:00,
0,T001,REST,task,192,3,11,9,1,R2,R6,R5,R1,80000,600.0,-104.0,-92.0,138.85243966167826,-138.50353164478446,29.0081908,29.1072068,459161825199100,459161924215100,2026-10-05T06:27:14.023133+00:00,2026-10-05T06:27:14.119727+00:00,
0,T001,REST,task,193,3,9,7,1,R2,R5,R4,R1,80000,600.0,-1.0,8.0,8.06225774829855,97.1250163489018,29.1074301,29.2069557,459161924438400,459162023964000,2026-10-05T06:27:14.119727+00:00,2026-10-05T06:27:14.221816+00:00,
0,T001,REST,task,194,3,7,5,1,R2,R4,R3,R1,80000,600.0,-354.0,-295.0,460.8047308784926,-140.19442890773482,29.2073164,29.3069441,459162024324700,459162123952400,2026-10-05T06:27:14.221816+00:00,2026-10-05T06:27:14.321439+00:00,
0,T001,REST,task,195,1,2,4,0,R1,L2,L3,L1,80000,600.0,10.0,21.0,23.259406699226016,64.5366549381284,29.3071807,29.4059742,459162124189000,459162222982500,2026-10-05T06:27:14.321439+00:00,2026-10-05T06:27:14.419891+00:00,
0,T001,REST,task,196,1,4,6,0,R1,L3,L4,L1,80000,600.0,-16.0,-26.0,30.528675044947494,-121.60750224624891,29.4062337,29.5040718,459162223242000,459162321080100,2026-10-05T06:27:14.419891+00:00,2026-10-05T06:27:14.512281+00:00,
0,T001,REST,task,197,1,6,8,0,R1,L4,L5,L1,80000,600.0,6.0,30.0,30.59411708155671,78.69006752597979,29.5043095,29.6031916,459162321317800,459162420199900,2026-10-05T06:27:14.512281+00:00,2026-10-05T06:27:14.612238+00:00,
0,T001,REST,task,198,1,8,10,0,R1,L5,L6,L1,80000,600.0,-7.0,-6.0,9.219544457292887,-139.39870535499554,29.6033973,29.703168,459162420405600,459162520176300,2026-10-05T06:27:14.612238+00:00,2026-10-05T06:27:14.709872+00:00,
0,T001,REST,task,199,1,10,12,0,R1,L6,L7,L1,80000,600.0,-10.0,-7.0,12.206555615733702,-145.00797980144134,29.7034124,29.8030786,459162520420700,459162620086900,2026-10-05T06:27:14.709872+00:00,2026-10-05T06:27:14.809857+00:00,
0,T001,REST,task,200,1,12,14,0,R1,L7,L8,L1,80000,600.0,-11.0,-2.0,11.180339887498949,-169.69515353123398,29.8033036,29.9002065,459162620311900,459162717214800,2026-10-05T06:27:14.809857+00:00,2026-10-05T06:27:14.910263+00:00,
0,T001,REST,task,201,1,14,15,0,R1,L8,R8,L1,80000,600.0,-16.0,-11.0,19.4164878389476,-145.4914770123316,29.9004396,29.9982033,459162717447900,459162815211600,2026-10-05T06:27:14.910263+00:00,2026-10-05T06:27:15.013164+00:00,
0,T001,REST,task,202,1,15,13,0,R1,R8,R7,L1,80000,600.0,-13.0,-6.0,14.317821063276353,-155.22485943116808,29.9983874,30.0961216,459162815395700,459162913129900,2026-10-05T06:27:15.013164+00:00,2026-10-05T06:27:15.109880+00:00,
0,T001,REST,task,203,1,13,11,0,R1,R7,R6,L1,80000,600.0,-5.0,2.0,5.385164807134504,158.19859051364818,30.0963472,30.1961528,459162913355500,459163013161100,2026-10-05T06:27:15.109880+00:00,2026-10-05T06:27:15.210209+00:00,
0,T001,REST,task,204,1,11,9,0,R1,R6,R5,L1,80000,600.0,-27.0,-17.0,31.906112267087632,-147.80426606528675,30.196389,30.2950134,459163013397300,459163112021700,2026-10-05T06:27:15.210209+00:00,2026-10-05T06:27:15.309985+00:00,
0,T001,REST,task,205,1,9,7,0,R1,R5,R4,L1,80000,600.0,35.0,32.0,47.4236228055175,42.436229788535,30.2952312,30.3931048,459163112239500,459163210113100,2026-10-05T06:27:15.309985+00:00,2026-10-05T06:27:15.405980+00:00,
0,T001,REST,task,206,1,7,5,0,R1,R4,R3,L1,80000,600.0,-46.0,-20.0,50.15974481593781,-156.50143432404792,30.3933481,30.4920466,459163210356400,459163309054900,2026-10-05T06:27:15.405980+00:00,2026-10-05T06:27:15.506909+00:00,
0,T001,REST,task,207,1,5,3,0,R1,R3,R2,L1,80000,600.0,0.0,7.0,7.0,90.0,30.4922817,30.5929448,459163309290000,459163409953100,2026-10-05T06:27:15.506909+00:00,2026-10-05T06:27:15.607366+00:00,
1,T002,SMILE_LEFT,task,0,0,4,6,2,L1,L3,L4,L2,80000,600.0,-168.0,-257.0,307.0390854598157,-123.17250455315421,32.7393365,32.8360269,459165556344800,459165653035200,2026-10-05T06:27:17.754142+00:00,2026-10-05T06:27:17.850043+00:00,
1,T002,SMILE_LEFT,task,1,0,6,8,2,L1,L4,L5,L2,80000,600.0,-67.0,-71.0,97.62171889492625,-133.33971763101718,32.8363066,32.9369676,459165653314900,459165753975900,2026-10-05T06:27:17.850043+00:00,2026-10-05T06:27:17.951378+00:00,
1,T002,SMILE_LEFT,task,2,0,8,10,2,L1,L5,L6,L2,80000,600.0,-52.0,-66.0,84.02380615040002,-128.23382517744693,32.9383969,33.03701,459165755405200,459165854018300,2026-10-05T06:27:17.953379+00:00,2026-10-05T06:27:18.050020+00:00,
1,T002,SMILE_LEFT,task,3,0,10,12,2,L1,L6,L7,L2,80000,600.0,-23.0,-38.0,44.41846462902562,-121.18497465873838,33.0372096,33.1359655,459165854217900,459165952973800,2026-10-05T06:27:18.050020+00:00,2026-10-05T06:27:18.150866+00:00,
1,T002,SMILE_LEFT,task,4,0,12,14,2,L1,L7,L8,L2,80000,600.0,-17.0,-6.0,18.027756377319946,-160.55996517182382,33.1361723,33.2331035,459165953180600,459166050111800,2026-10-05T06:27:18.150866+00:00,2026-10-05T06:27:18.241565+00:00,
1,T002,SMILE_LEFT,task,5,0,14,15,2,L1,L8,R8,L2,80000,600.0,-9.0,0.0,9.0,180.0,33.2333099,33.3322055,459166050318200,459166149213800,2026-10-05T06:27:18.241565+00:00,2026-10-05T06:27:18.347196+00:00,
1,T002,SMILE_LEFT,task,6,0,15,13,2,L1,R8,R7,L2,80000,600.0,-3.0,3.0,4.242640687119285,135.0,33.3324031,33.4331875,459166149411400,459166250195800,2026-10-05T06:27:18.347196+00:00,2026-10-05T06:27:18.442030+00:00,
1,T002,SMILE_LEFT,task,7,0,13,11,2,L1,R7,R6,L2,80000,600.0,5.0,22.0,22.561028345356956,77.19573393471325,33.4334197,33.5330905,459166250428000,459166350098800,2026-10-05T06:27:18.442030+00:00,2026-10-05T06:27:18.548110+00:00,
1,T002,SMILE_LEFT,task,8,0,11,9,2,L1,R6,R5,L2,80000,600.0,-10.0,-2.0,10.198039027185569,-168.6900675259798,33.5333256,33.6321958,459166350333900,459166449204100,2026-10-05T06:27:18.548110+00:00,2026-10-05T06:27:18.642615+00:00,
1,T002,SMILE_LEFT,task,9,0,9,7,2,L1,R5,R4,L2,80000,600.0,34.0,50.0,60.4648658313239,55.7842978675626,33.6324074,33.7321038,459166449415700,459166549112100,2026-10-05T06:27:18.642615+00:00,2026-10-05T06:27:18.742910+00:00,
1,T002,SMILE_LEFT,task,10,0,7,5,2,L1,R4,R3,L2,80000,600.0,-37.0,-26.0,45.221676218380054,-144.9041832129739,33.7323163,33.8310853,459166549324600,459166648093600,2026-10-05T06:27:18.742910+00:00,2026-10-05T06:27:18.843023+00:00,
1,T002,SMILE_LEFT,task,11,0,5,3,2,L1,R3,R2,L2,80000,600.0,16.0,20.0,25.612496949731394,51.34019174590991,33.8312852,33.9300664,459166648293500,459166747074700,2026-10-05T06:27:18.843023+00:00,2026-10-05T06:27:18.943128+00:00,
1,T002,SMILE_LEFT,task,12,0,3,1,2,L1,R2,R1,L2,80000,600.0,-220.0,-299.0,371.21557079411417,-126.34511261673391,33.9302482,34.0329921,459166747256500,459166850000400,2026-10-05T06:27:18.943128+00:00,2026-10-05T06:27:19.043508+00:00,
1,T002,SMILE_LEFT,task,13,2,6,8,4,L2,L4,L5,L3,80000,600.0,134.0,198.0,239.0815760362977,55.91112838428339,34.0332097,34.1310316,459166850218000,459166948039900,2026-10-05T06:27:19.043508+00:00,2026-10-05T06:27:19.143505+00:00,
1,T002,SMILE_LEFT,task,14,2,8,10,4,L2,L5,L6,L3,80000,600.0,-91.0,-126.0,155.42522317822161,-125.8376529542783,34.1312586,34.2300856,459166948266900,459167047093900,2026-10-05T06:27:19.143505+00:00,2026-10-05T06:27:19.243830+00:00,
1,T002,SMILE_LEFT,task,15,2,10,12,4,L2,L6,L7,L3,80000,600.0,-18.0,-30.0,34.9857113690718,-120.96375653207352,34.2302994,34.3279681,459167047307700,459167144976400,2026-10-05T06:27:19.243830+00:00,2026-10-05T06:27:19.342905+00:00,
1,T002,SMILE_LEFT,task,16,2,12,14,4,L2,L7,L8,L3,80000,600.0,-16.0,-11.0,19.4164878389476,-145.4914770123316,34.3281623,34.4269435,459167145170600,459167243951800,2026-10-05T06:27:19.342905+00:00,2026-10-05T06:27:19.439839+00:00,
1,T002,SMILE_LEFT,task,17,2,14,15,4,L2,L8,R8,L3,80000,600.0,-15.0,-12.0,19.209372712298546,-141.34019174590992,34.4271865,34.526946,459167244194800,459167343954300,2026-10-05T06:27:19.439839+00:00,2026-10-05T06:27:19.539899+00:00,
1,T002,SMILE_LEFT,task,18,2,15,13,4,L2,R8,R7,L3,80000,600.0,-8.0,-5.0,9.433981132056603,-147.9946167919165,34.5271817,34.6251073,459167344190000,459167442115600,2026-10-05T06:27:19.539899+00:00,2026-10-05T06:27:19.640053+00:00,
1,T002,SMILE_LEFT,task,19,2,13,11,4,L2,R7,R6,L3,80000,600.0,-7.0,2.0,7.280109889280518,164.05460409907712,34.6253368,34.7240688,459167442345100,459167541077100,2026-10-05T06:27:19.640053+00:00,2026-10-05T06:27:19.729866+00:00,
1,T002,SMILE_LEFT,task,20,2,11,9,4,L2,R6,R5,L3,80000,600.0,-15.0,-10.0,18.027756377319946,-146.30993247402023,34.7242743,34.823074,459167541282600,459167640082300,2026-10-05T06:27:19.729866+00:00,2026-10-05T06:27:19.829832+00:00,
1,T002,SMILE_LEFT,task,21,2,9,7,4,L2,R5,R4,L3,80000,600.0,5.0,2.0,5.385164807134504,21.80140948635181,34.8232713,34.9200862,459167640279600,459167737094500,2026-10-05T06:27:19.829832+00:00,2026-10-05T06:27:19.929918+00:00,
1,T002,SMILE_LEFT,task,22,2,7,5,4,L2,R4,R3,L3,80000,600.0,-16.0,3.0,16.278820596099706,169.38034472384487,34.9202953,35.0191707,459167737303600,459167836179000,2026-10-05T06:27:19.929918+00:00,2026-10-05T06:27:20.030376+00:00,
1,T002,SMILE_LEFT,task,23,2,5,3,4,L2,R3,R2,L3,80000,600.0,-6.0,-4.0,7.211102550927978,-146.30993247402023,35.0194114,35.1179229,459167836419700,459167934931200,2026-10-05T06:27:20.030376+00:00,2026-10-05T06:27:20.132048+00:00,
1,T002,SMILE_LEFT,task,24,2,3,1,4,L2,R2,R1,L3,80000,600.0,42.0,30.0,51.61395160225576,35.53767779197438,35.1181388,35.2220794,459167935147100,459168039087700,2026-10-05T06:27:20.132048+00:00,2026-10-05T06:27:20.230650+00:00,
1,T002,SMILE_LEFT,task,25,2,1,0,4,L2,R1,L1,L3,80000,600.0,-32.0,5.0,32.38826948140329,171.11934084947978,35.2222995,35.3210696,459168039307800,459168138077900,2026-10-05T06:27:20.230650+00:00,2026-10-05T06:27:20.329707+00:00,
1,T002,SMILE_LEFT,task,26,4,0,2,6,L3,L1,L2,L4,80000,600.0,-219.0,-252.0,333.86374466239965,-130.99219545762767,35.3212866,35.4210221,459168138294900,459168238030400,2026-10-05T06:27:20.329707+00:00,2026-10-05T06:27:20.430147+00:00,
1,T002,SMILE_LEFT,task,27,4,8,10,6,L3,L5,L6,L4,80000,600.0,142.0,204.0,248.55582873873627,55.15905599584681,35.4212318,35.5190793,459168238240100,459168336087600,2026-10-05T06:27:20.430147+00:00,2026-10-05T06:27:20.530286+00:00,
1,T002,SMILE_LEFT,task,28,4,10,12,6,L3,L6,L7,L4,80000,600.0,10.0,16.0,18.867962264113206,57.9946167919165,35.5192888,35.618207,459168336297100,459168435215300,2026-10-05T06:27:20.530286+00:00,2026-10-05T06:27:20.633368+00:00,
1,T002,SMILE_LEFT,task,29,4,12,14,6,L3,L7,L8,L4,80000,600.0,9.0,24.0,25.632011235952593,69.44395478041653,35.6184607,35.7189255,459168435469000,459168535933800,2026-10-05T06:27:20.633368+00:00,2026-10-05T06:27:20.729858+00:00,
1,T002,SMILE_LEFT,task,30,4,14,15,6,L3,L8,R8,L4,80000,600.0,11.0,23.0,25.495097567963924,64.4400348281762,35.7191827,35.8172231,459168536191000,459168634231400,2026-10-05T06:27:20.729858+00:00,2026-10-05T06:27:20.832178+00:00,
1,T002,SMILE_LEFT,task,31,4,15,13,6,L3,R8,R7,L4,80000,600.0,0.0,8.0,8.0,90.0,35.8174155,35.913212,459168634423800,459168730220300,2026-10-05T06:27:20.832178+00:00,2026-10-05T06:27:20.923542+00:00,
1,T002,SMILE_LEFT,task,32,4,13,11,6,L3,R7,R6,L4,80000,600.0,5.0,23.0,23.53720459187964,77.7352262721076,35.9134205,36.0129473,459168730428800,459168829955600,2026-10-05T06:27:20.923542+00:00,2026-10-05T06:27:21.027710+00:00,
1,T002,SMILE_LEFT,task,33,4,11,9,6,L3,R6,R5,L4,80000,600.0,-11.0,-8.0,13.601470508735444,-143.9726266148964,36.0132575,36.1130604,459168830265800,459168930068700,2026-10-05T06:27:21.027710+00:00,2026-10-05T06:27:21.122872+00:00,
1,T002,SMILE_LEFT,task,34,4,9,7,6,L3,R5,R4,L4,80000,600.0,37.0,42.0,55.97320787662612,48.62148470411734,36.1133354,36.2131005,459168930343700,459169030108800,2026-10-05T06:27:21.122872+00:00,2026-10-05T06:27:21.228130+00:00,
1,T002,SMILE_LEFT,task,35,4,7,5,6,L3,R4,R3,L4,80000,600.0,-51.0,-27.0,57.706152185014034,-152.10272896905238,36.2132912,36.3141703,459169030299500,459169131178600,2026-10-05T06:27:21.228130+00:00,2026-10-05T06:27:21.328179+00:00,
1,T002,SMILE_LEFT,task,36,4,5,3,6,L3,R3,R2,L4,80000,600.0,-18.0,1.0,18.027756377319946,176.82016988013575,36.3144271,36.4130812,459169131435400,459169230089500,2026-10-05T06:27:21.328179+00:00,2026-10-05T06:27:21.422636+00:00,
1,T002,SMILE_LEFT,task,37,4,3,1,6,L3,R2,R1,L4,80000,600.0,40.0,-5.0,40.311288741492746,-7.125016348901798,36.413305,36.5129554,459169230313300,459169329963700,2026-10-05T06:27:21.422636+00:00,2026-10-05T06:27:21.526604+00:00,
1,T002,SMILE_LEFT,task,38,4,1,0,6,L3,R1,L1,L4,80000,600.0,-98.0,-78.0,125.25174649480941,-141.48307369289725,36.5132621,36.610154,459169330270400,459169427162300,2026-10-05T06:27:21.526604+00:00,2026-10-05T06:27:21.623369+00:00,
1,T002,SMILE_LEFT,task,39,6,0,2,8,L4,L1,L2,L5,80000,600.0,-62.0,-51.0,80.2807573457052,-140.55994726330954,36.6103833,36.7090072,459169427391600,459169526015500,2026-10-05T06:27:21.623369+00:00,2026-10-05T06:27:21.723988+00:00,
1,T002,SMILE_LEFT,task,40,6,2,4,8,L4,L2,L3,L5,80000,600.0,123.0,199.0,233.94443784796422,58.2801846921758,36.7092369,36.8069222,459169526245200,459169623930500,2026-10-05T06:27:21.723988+00:00,2026-10-05T06:27:21.820035+00:00,
1,T002,SMILE_LEFT,task,41,6,10,12,8,L4,L6,L7,L5,80000,600.0,-76.0,-140.0,159.29846201391902,-118.49563861824498,36.8071356,36.9040656,459169624143900,459169721073900,2026-10-05T06:27:21.820035+00:00,2026-10-05T06:27:21.919127+00:00,
1,T002,SMILE_LEFT,task,42,6,12,14,8,L4,L7,L8,L5,80000,600.0,-48.0,-57.0,74.51845409024533,-130.10090754621226,36.9042716,37.0020786,459169721279900,459169819086900,2026-10-05T06:27:21.919127+00:00,2026-10-05T06:27:22.010159+00:00,
1,T002,SMILE_LEFT,task,43,6,14,15,8,L4,L8,R8,L5,80000,600.0,-38.0,-45.0,58.89821729050889,-130.17923392190735,37.0023262,37.1000919,459169819334500,459169917100200,2026-10-05T06:27:22.010159+00:00,2026-10-05T06:27:22.115134+00:00,
1,T002,SMILE_LEFT,task,44,6,15,13,8,L4,R8,R7,L5,80000,600.0,-17.0,-13.0,21.400934559032695,-142.59464336859145,37.1002989,37.2000653,459169917307200,459170017073600,2026-10-05T06:27:22.115134+00:00,2026-10-05T06:27:22.210177+00:00,
1,T002,SMILE_LEFT,task,45,6,13,11,8,L4,R7,R6,L5,80000,600.0,-14.0,-11.0,17.804493814764857,-141.84277341263095,37.2002772,37.3000889,459170017285500,459170117097200,2026-10-05T06:27:22.210177+00:00,2026-10-05T06:27:22.312139+00:00,
1,T002,SMILE_LEFT,task,46,6,11,9,8,L4,R6,R5,L5,80000,600.0,-3.0,-3.0,4.242640687119285,-135.0,37.3002909,37.4020652,459170117299200,459170219073500,2026-10-05T06:27:22.312139+00:00,2026-10-05T06:27:22.410172+00:00,
1,T002,SMILE_LEFT,task,47,6,9,7,8,L4,R5,R4,L5,80000,600.0,-26.0,-27.0,37.48332962798263,-133.91907581333933,37.402262,37.5000725,459170219270300,459170317080800,2026-10-05T06:27:22.410172+00:00,2026-10-05T06:27:22.510104+00:00,
1,T002,SMILE_LEFT,task,48,6,7,5,8,L4,R4,R3,L5,80000,600.0,-2.0,34.0,34.058772731852805,93.3664606634298,37.5002734,37.5990701,459170317281700,459170416078400,2026-10-05T06:27:22.510104+00:00,2026-10-05T06:27:22.609973+00:00,
1,T002,SMILE_LEFT,task,49,6,5,3,8,L4,R3,R2,L5,80000,600.0,17.0,5.0,17.72004514666935,16.389540334034784,37.5992861,37.695961,459170416294400,459170512969300,2026-10-05T06:27:22.609973+00:00,2026-10-05T06:27:22.711091+00:00,
1,T002,SMILE_LEFT,task,50,6,3,1,8,L4,R2,R1,L5,80000,600.0,97.0,63.0,115.66330446602328,33.00310069207642,37.6961456,37.793937,459170513153900,459170610945300,2026-10-05T06:27:22.711091+00:00,2026-10-05T06:27:22.807351+00:00,
1,T002,SMILE_LEFT,task,51,6,1,0,8,L4,R1,L1,L5,80000,600.0,-38.0,25.0,45.48626166217664,146.659292653523,37.7941429,37.8900734,459170611151200,459170707081700,2026-10-05T06:27:22.807351+00:00,2026-10-05T06:27:22.905312+00:00,
1,T002,SMILE_LEFT,task,52,8,0,2,10,L5,L1,L2,L6,80000,600.0,-57.0,-70.0,90.27181176868004,-129.15543412261314,37.8903046,37.9890736,459170707312900,459170806081900,2026-10-05T06:27:22.905312+00:00,2026-10-05T06:27:22.999872+00:00,
1,T002,SMILE_LEFT,task,53,8,2,4,10,L5,L2,L3,L6,80000,600.0,-102.0,-137.0,170.8010538609174,-126.66862524362428,37.9892908,38.088079,459170806299100,459170905087300,2026-10-05T06:27:22.999872+00:00,2026-10-05T06:27:23.099943+00:00,
1,T002,SMILE_LEFT,task,54,8,4,6,10,L5,L3,L4,L6,80000,600.0,147.0,225.0,268.7638368531005,56.84207611532777,38.0882968,38.1850093,459170905305100,459171002017600,2026-10-05T06:27:23.099943+00:00,2026-10-05T06:27:23.199890+00:00,
1,T002,SMILE_LEFT,task,55,8,12,14,10,L5,L7,L8,L6,80000,600.0,-103.0,-163.0,192.81597444195333,-122.28886743447052,38.1852029,38.2850904,459171002211200,459171102098700,2026-10-05T06:27:23.199890+00:00,2026-10-05T06:27:23.300116+00:00,
1,T002,SMILE_LEFT,task,56,8,14,15,10,L5,L8,R8,L6,80000,600.0,-34.0,-50.0,60.4648658313239,-124.21570213243739,38.2852873,38.3840722,459171102295600,459171201080500,2026-10-05T06:27:23.300116+00:00,2026-10-05T06:27:23.396432+00:00,
1,T002,SMILE_LEFT,task,57,8,15,13,10,L5,R8,R7,L6,80000,600.0,-12.0,-11.0,16.278820596099706,-137.48955292199918,38.3842782,38.4830897,459171201286500,459171300098000,2026-10-05T06:27:23.396432+00:00,2026-10-05T06:27:23.490741+00:00,
1,T002,SMILE_LEFT,task,58,8,13,11,10,L5,R7,R6,L6,80000,600.0,-2.0,1.0,2.23606797749979,153.434948822922,38.4833279,38.5810689,459171300336200,459171398077200,2026-10-05T06:27:23.490741+00:00,2026-10-05T06:27:23.592297+00:00,
1,T002,SMILE_LEFT,task,59,8,11,9,10,L5,R6,R5,L6,80000,600.0,-45.0,-2.0,45.044422518220834,-177.4551956201869,38.5812905,38.6812025,459171398298800,459171498210800,2026-10-05T06:27:23.592297+00:00,2026-10-05T06:27:23.690046+00:00,
1,T002,SMILE_LEFT,task,60,8,9,7,10,L5,R5,R4,L6,80000,600.0,-3.0,6.0,6.708203932499369,116.56505117707799,38.6814117,38.7810145,459171498420000,459171598022800,2026-10-05T06:27:23.690046+00:00,2026-10-05T06:27:23.796092+00:00,
1,T002,SMILE_LEFT,task,61,8,7,5,10,L5,R4,R3,L6,80000,600.0,-5.0,-3.0,5.830951894845301,-149.03624346792648,38.7812375,38.8790677,459171598245800,459171696076000,2026-10-05T06:27:23.796092+00:00,2026-10-05T06:27:23.889692+00:00,
1,T002,SMILE_LEFT,task,62,8,5,3,10,L5,R3,R2,L6,80000,600.0,-2.0,-1.0,2.23606797749979,-153.434948822922,38.8792713,38.9803505,459171696279600,459171797358800,2026-10-05T06:27:23.889692+00:00,2026-10-05T06:27:23.995243+00:00,
1,T002,SMILE_LEFT,task,63,8,3,1,10,L5,R2,R1,L6,80000,600.0,39.0,9.0,40.024992192379,12.994616791916505,38.9805152,39.0809403,459171797523500,459171897948600,2026-10-05T06:27:23.995243+00:00,2026-10-05T06:27:24.091475+00:00,
1,T002,SMILE_LEFT,task,64,8,1,0,10,L5,R1,L1,L6,80000,600.0,-58.0,-39.0,69.8927750200262,-146.08256946302967,39.0811694,39.1791758,459171898177700,459171996184100,2026-10-05T06:27:24.091475+00:00,2026-10-05T06:27:24.189847+00:00,
1,T002,SMILE_LEFT,task,65,10,0,2,12,L6,L1,L2,L7,80000,600.0,-23.0,-29.0,37.013511046643494,-128.418055344822,39.1793983,39.2790785,459171996406600,459172096086800,2026-10-05T06:27:24.189847+00:00,2026-10-05T06:27:24.291322+00:00,
1,T002,SMILE_LEFT,task,66,10,2,4,12,L6,L2,L3,L7,80000,600.0,-27.0,-29.0,39.6232255123179,-132.9545915111128,39.2792883,39.3769385,459172096296600,459172193946800,2026-10-05T06:27:24.291322+00:00,2026-10-05T06:27:24.390034+00:00,
1,T002,SMILE_LEFT,task,67,10,4,6,12,L6,L3,L4,L7,80000,600.0,19.0,25.0,31.400636936215164,52.76516601842533,39.3771445,39.4769611,459172194152800,459172293969400,2026-10-05T06:27:24.390034+00:00,2026-10-05T06:27:24.492105+00:00,
1,T002,SMILE_LEFT,task,68,10,6,8,12,L6,L4,L5,L7,80000,600.0,-96.0,-156.0,183.17205026968497,-121.60750224624891,39.4771993,39.576947,459172294207600,459172393955300,2026-10-05T06:27:24.492105+00:00,2026-10-05T06:27:24.590149+00:00,
1,T002,SMILE_LEFT,task,69,10,14,15,12,L6,L8,R8,L7,80000,600.0,-153.0,-254.0,296.52150006365474,-121.06317074031244,39.5771875,39.6780712,459172394195800,459172495079500,2026-10-05T06:27:24.590149+00:00,2026-10-05T06:27:24.689837+00:00,
1,T002,SMILE_LEFT,task,70,10,15,13,12,L6,R8,R7,L7,80000,600.0,-17.0,-40.0,43.46262762420146,-113.02549200852803,39.6782731,39.7780767,459172495281400,459172595085000,2026-10-05T06:27:24.689837+00:00,2026-10-05T06:27:24.790092+00:00,
1,T002,SMILE_LEFT,task,71,10,13,11,12,L6,R7,R6,L7,80000,600.0,-24.0,-20.0,31.240998703626616,-140.19442890773482,39.7782928,39.8781074,459172595301100,459172695115700,2026-10-05T06:27:24.790092+00:00,2026-10-05T06:27:24.891508+00:00,
1,T002,SMILE_LEFT,task,72,10,11,9,12,L6,R6,R5,L7,80000,600.0,-9.0,-11.0,14.212670403551895,-129.28940686250036,39.8783235,39.9789282,459172695331800,459172795936500,2026-10-05T06:27:24.891508+00:00,2026-10-05T06:27:24.991877+00:00,
1,T002,SMILE_LEFT,task,73,10,9,7,12,L6,R5,R4,L7,80000,600.0,-2.0,-8.0,8.246211251235321,-104.03624346792648,39.9791616,40.0791039,459172796169900,459172896112200,2026-10-05T06:27:24.991877+00:00,2026-10-05T06:27:25.091691+00:00,
1,T002,SMILE_LEFT,task,74,10,7,5,12,L6,R4,R3,L7,80000,600.0,-8.0,12.0,14.422205101855956,123.69006752597979,40.0793155,40.1759519,459172896323800,459172992960200,2026-10-05T06:27:25.091691+00:00,2026-10-05T06:27:25.190119+00:00,
1,T002,SMILE_LEFT,task,75,10,5,3,12,L6,R3,R2,L7,80000,600.0,2.0,0.0,2.0,0.0,40.1761588,40.2751451,459172993167100,459173092153400,2026-10-05T06:27:25.190119+00:00,2026-10-05T06:27:25.290166+00:00,
1,T002,SMILE_LEFT,task,76,10,3,1,12,L6,R2,R1,L7,80000,600.0,57.0,21.0,60.74537019394976,20.224859431168078,40.2753445,40.3749546,459173092352800,459173191962900,2026-10-05T06:27:25.290166+00:00,2026-10-05T06:27:25.389816+00:00,
1,T002,SMILE_LEFT,task,77,10,1,0,12,L6,R1,L1,L7,80000,600.0,-59.0,-22.0,62.96824596572466,-159.55045238920744,40.3752214,40.4749204,459173192229700,459173291928700,2026-10-05T06:27:25.389816+00:00,2026-10-05T06:27:25.489801+00:00,
1,T002,SMILE_LEFT,task,78,12,0,2,14,L7,L1,L2,L8,80000,600.0,-16.0,-3.0,16.278820596099706,-169.38034472384487,40.4752744,40.5728775,459173292282700,459173389885800,2026-10-05T06:27:25.489801+00:00,2026-10-05T06:27:25.580053+00:00,
1,T002,SMILE_LEFT,task,79,12,2,4,14,L7,L2,L3,L8,80000,600.0,-23.0,-17.0,28.600699292150182,-143.53076560994813,40.5731406,40.6688674,459173390148900,459173485875700,2026-10-05T06:27:25.580053+00:00,2026-10-05T06:27:25.683952+00:00,
1,T002,SMILE_LEFT,task,80,12,4,6,14,L7,L3,L4,L8,80000,600.0,20.0,26.0,32.802438933713454,52.43140797117251,40.6691373,40.7669224,459173486145600,459173583930700,2026-10-05T06:27:25.683952+00:00,2026-10-05T06:27:25.779886+00:00,
1,T002,SMILE_LEFT,task,81,12,6,8,14,L7,L4,L5,L8,80000,600.0,-62.0,-75.0,97.30878685915265,-129.57940471623766,40.7671885,40.8648771,459173584196800,459173681885400,2026-10-05T06:27:25.779886+00:00,2026-10-05T06:27:25.880011+00:00,
1,T002,SMILE_LEFT,task,82,12,8,10,14,L7,L5,L6,L8,80000,600.0,-115.0,-166.0,201.94306128213466,-124.71309771464762,40.8652126,40.962936,459173682220900,459173779944300,2026-10-05T06:27:25.880011+00:00,2026-10-05T06:27:25.972708+00:00,
1,T002,SMILE_LEFT,task,83,12,15,13,14,L7,R8,R7,L8,80000,600.0,-70.0,-103.0,124.53513560437472,-124.20048413026853,40.9632955,41.0599951,459173780303800,459173877003400,2026-10-05T06:27:25.972708+00:00,2026-10-05T06:27:26.075201+00:00,
1,T002,SMILE_LEFT,task,84,12,13,11,14,L7,R7,R6,L8,80000,600.0,-34.0,-52.0,62.12889826803627,-123.17851165939277,41.0602752,41.1579377,459173877283500,459173974946000,2026-10-05T06:27:26.075201+00:00,2026-10-05T06:27:26.170001+00:00,
1,T002,SMILE_LEFT,task,85,12,11,9,14,L7,R6,R5,L8,80000,600.0,-8.0,-21.0,22.47220505424423,-110.85445803957835,41.1582093,41.254929,459173975217600,459174071937300,2026-10-05T06:27:26.170001+00:00,2026-10-05T06:27:26.269844+00:00,
1,T002,SMILE_LEFT,task,86,12,9,7,14,L7,R5,R4,L8,80000,600.0,-6.0,-11.0,12.529964086141668,-118.61045966596521,41.2551989,41.3529194,459174072207200,459174169927700,2026-10-05T06:27:26.269844+00:00,2026-10-05T06:27:26.367228+00:00,
1,T002,SMILE_LEFT,task,87,12,7,5,14,L7,R4,R3,L8,80000,600.0,-6.0,12.0,13.416407864998739,116.56505117707799,41.3531992,41.4509527,459174170207500,459174267961000,2026-10-05T06:27:26.367228+00:00,2026-10-05T06:27:26.463227+00:00,
1,T002,SMILE_LEFT,task,88,12,5,3,14,L7,R3,R2,L8,80000,600.0,1.0,-1.0,1.4142135623730951,-45.0,41.4512186,41.5489331,459174268226900,459174365941400,2026-10-05T06:27:26.463227+00:00,2026-10-05T06:27:26.560080+00:00,
1,T002,SMILE_LEFT,task,89,12,3,1,14,L7,R2,R1,L8,80000,600.0,51.0,17.0,53.75872022286245,18.43494882292201,41.549196,41.6469397,459174366204300,459174463948000,2026-10-05T06:27:26.560080+00:00,2026-10-05T06:27:26.659764+00:00,
1,T002,SMILE_LEFT,task,90,12,1,0,14,L7,R1,L1,L8,80000,600.0,-61.0,-35.0,70.32780389006896,-150.15406805031262,41.6471933,41.7449512,459174464201600,459174561959500,2026-10-05T06:27:26.659764+00:00,2026-10-05T06:27:26.760119+00:00,
1,T002,SMILE_LEFT,task,91,14,0,2,15,L8,L1,L2,R8,80000,600.0,-9.0,7.0,11.40175425099138,142.12501634890182,41.7452089,41.841988,459174562217200,459174658996300,2026-10-05T06:27:26.760119+00:00,2026-10-05T06:27:26.856528+00:00,
1,T002,SMILE_LEFT,task,92,14,2,4,15,L8,L2,L3,R8,80000,600.0,-22.0,-16.0,27.202941017470888,-143.9726266148964,41.8423594,41.9419207,459174659367700,459174758929000,2026-10-05T06:27:26.856528+00:00,2026-10-05T06:27:26.956620+00:00,
1,T002,SMILE_LEFT,task,93,14,4,6,15,L8,L3,L4,R8,80000,600.0,20.0,27.0,33.60059523282288,53.47114463301483,41.9422741,42.040931,459174759282400,459174857939300,2026-10-05T06:27:26.956620+00:00,2026-10-05T06:27:27.055868+00:00,
1,T002,SMILE_LEFT,task,94,14,6,8,15,L8,L4,L5,R8,80000,600.0,-52.0,-60.0,79.39773296511683,-130.91438322002512,42.0412129,42.1389373,459174858221200,459174955945600,2026-10-05T06:27:27.055868+00:00,2026-10-05T06:27:27.153634+00:00,
1,T002,SMILE_LEFT,task,95,14,8,10,15,L8,L5,L6,R8,80000,600.0,-41.0,-47.0,62.369864518050704,-131.09950625761812,42.1392676,42.2379818,459174956275900,459175054990100,2026-10-05T06:27:27.153634+00:00,2026-10-05T06:27:27.249925+00:00,
1,T002,SMILE_LEFT,task,96,14,10,12,15,L8,L6,L7,R8,80000,600.0,-171.0,-254.0,306.1976485866604,-123.94955750683626,42.2382808,42.3379339,459175055289100,459175154942200,2026-10-05T06:27:27.249925+00:00,2026-10-05T06:27:27.352458+00:00,
1,T002,SMILE_LEFT,task,97,14,13,11,15,L8,R7,R6,R8,80000,600.0,-176.0,-286.0,335.81542549442247,-121.60750224624891,42.3381482,42.4359349,459175155156500,459175252943200,2026-10-05T06:27:27.352458+00:00,2026-10-05T06:27:27.450037+00:00,
1,T002,SMILE_LEFT,task,98,14,11,9,15,L8,R6,R5,R8,80000,600.0,-33.0,-66.0,73.79024325749306,-116.56505117707799,42.4361509,42.5330766,459175253159200,459175350084900,2026-10-05T06:27:27.450037+00:00,2026-10-05T06:27:27.542105+00:00,
1,T002,SMILE_LEFT,task,99,14,9,7,15,L8,R5,R4,R8,80000,600.0,-19.0,-36.0,40.70626487409524,-117.82409638425325,42.5333802,42.6311817,459175350388500,459175448190000,2026-10-05T06:27:27.542105+00:00,2026-10-05T06:27:27.641372+00:00,
1,T002,SMILE_LEFT,task,100,14,7,5,15,L8,R4,R3,R8,80000,600.0,-2.0,22.0,22.090722034374522,95.1944289077348,42.6314068,42.7320828,459175448415100,459175549091100,2026-10-05T06:27:27.641372+00:00,2026-10-05T06:27:27.747138+00:00,
1,T002,SMILE_LEFT,task,101,14,5,3,15,L8,R3,R2,R8,80000,600.0,-2.0,-6.0,6.324555320336759,-108.43494882292202,42.7322827,42.8310828,459175549291000,459175648091100,2026-10-05T06:27:27.747138+00:00,2026-10-05T06:27:27.840198+00:00,
1,T002,SMILE_LEFT,task,102,14,3,1,15,L8,R2,R1,R8,80000,600.0,48.0,8.0,48.662100242385755,9.462322208025617,42.8312956,42.9290824,459175648303900,459175746090700,2026-10-05T06:27:27.840198+00:00,2026-10-05T06:27:27.939839+00:00,
1,T002,SMILE_LEFT,task,103,14,1,0,15,L8,R1,L1,R8,80000,600.0,-70.0,-48.0,84.87638069569178,-145.5610106911964,42.9293009,43.0300871,459175746309200,459175847095400,2026-10-05T06:27:27.939839+00:00,2026-10-05T06:27:28.039862+00:00,
1,T002,SMILE_LEFT,task,104,15,0,2,13,R8,L1,L2,R7,80000,600.0,-1.0,12.0,12.041594578792296,94.76364169072617,43.0302911,43.1269712,459175847299400,459175943979500,2026-10-05T06:27:28.039862+00:00,2026-10-05T06:27:28.140011+00:00,
1,T002,SMILE_LEFT,task,105,15,2,4,13,R8,L2,L3,R7,80000,600.0,-14.0,-6.0,15.231546211727817,-156.80140948635182,43.1272637,43.2259242,459175944272000,459176042932500,2026-10-05T06:27:28.140011+00:00,2026-10-05T06:27:28.239985+00:00,
1,T002,SMILE_LEFT,task,106,15,4,6,13,R8,L3,L4,R7,80000,600.0,12.0,13.0,17.69180601295413,47.290610042638534,43.2261752,43.3219377,459176043183500,459176138946000,2026-10-05T06:27:28.239985+00:00,2026-10-05T06:27:28.329767+00:00,
1,T002,SMILE_LEFT,task,107,15,6,8,13,R8,L4,L5,R7,80000,600.0,-26.0,-22.0,34.058772731852805,-139.7636416907262,43.3222282,43.4218997,459176139236500,459176238908000,2026-10-05T06:27:28.329767+00:00,2026-10-05T06:27:28.429703+00:00,
1,T002,SMILE_LEFT,task,108,15,8,10,13,R8,L5,L6,R7,80000,600.0,-14.0,-6.0,15.231546211727817,-156.80140948635182,43.4221736,43.5198875,459176239181900,459176336895800,2026-10-05T06:27:28.429703+00:00,2026-10-05T06:27:28.530119+00:00,
1,T002,SMILE_LEFT,task,109,15,10,12,13,R8,L6,L7,R7,80000,600.0,-21.0,-43.0,47.853944456021594,-116.02959219151346,43.5201493,43.6179651,459176337157600,459176434973400,2026-10-05T06:27:28.530119+00:00,2026-10-05T06:27:28.629901+00:00,
1,T002,SMILE_LEFT,task,110,15,12,14,13,R8,L7,L8,R7,80000,600.0,-81.0,-97.0,126.37246535539299,-129.86362150757228,43.6182254,43.7169404,459176435233700,459176533948700,2026-10-05T06:27:28.629901+00:00,2026-10-05T06:27:28.729913+00:00,
1,T002,SMILE_LEFT,task,111,15,11,9,13,R8,R6,R5,R7,80000,600.0,-72.0,-146.0,162.78820596099706,-116.25024236968888,43.7171722,43.8149721,459176534180500,459176631980400,2026-10-05T06:27:28.729913+00:00,2026-10-05T06:27:28.830103+00:00,
1,T002,SMILE_LEFT,task,112,15,9,7,13,R8,R5,R4,R7,80000,600.0,-22.0,-43.0,48.30113870293329,-117.09555249375181,43.8152206,43.9141111,459176632228900,459176731119400,2026-10-05T06:27:28.830103+00:00,2026-10-05T06:27:28.929196+00:00,
1,T002,SMILE_LEFT,task,113,15,7,5,13,R8,R4,R3,R7,80000,600.0,-2.0,23.0,23.08679276123039,94.96974072811031,43.9143475,44.0131117,459176731355800,459176830120000,2026-10-05T06:27:28.929196+00:00,2026-10-05T06:27:29.028133+00:00,
1,T002,SMILE_LEFT,task,114,15,5,3,13,R8,R3,R2,R7,80000,600.0,-3.0,-6.0,6.708203932499369,-116.56505117707799,44.0134835,44.1140697,459176830491800,459176931078000,2026-10-05T06:27:29.028133+00:00,2026-10-05T06:27:29.121892+00:00,
1,T002,SMILE_LEFT,task,115,15,3,1,13,R8,R2,R1,R7,80000,600.0,40.0,2.0,40.049968789001575,2.8624052261117474,44.114274,44.2131143,459176931282300,459177030122600,2026-10-05T06:27:29.121892+00:00,2026-10-05T06:27:29.226465+00:00,
1,T002,SMILE_LEFT,task,116,15,1,0,13,R8,R1,L1,R7,80000,600.0,-59.0,-32.0,67.11929677819934,-151.52579638992563,44.2134702,44.3130921,459177030478500,459177130100400,2026-10-05T06:27:29.226465+00:00,2026-10-05T06:27:29.323701+00:00,
1,T002,SMILE_LEFT,task,117,13,0,2,11,R7,L1,L2,R6,80000,600.0,2.0,24.0,24.08318915758459,85.23635830927383,44.3133067,44.4092446,459177130315000,459177226252900,2026-10-05T06:27:29.323701+00:00,2026-10-05T06:27:29.424052+00:00,
1,T002,SMILE_LEFT,task,118,13,2,4,11,R7,L2,L3,R6,80000,600.0,-16.0,-9.0,18.35755975068582,-150.64224645720873,44.4094535,44.5116036,459177226461800,459177328611900,2026-10-05T06:27:29.424052+00:00,2026-10-05T06:27:29.526162+00:00,
1,T002,SMILE_LEFT,task,119,13,4,6,11,R7,L3,L4,R6,80000,600.0,13.0,20.0,23.853720883753127,56.97613244420336,44.5118478,44.6119639,459177328856100,459177428972200,2026-10-05T06:27:29.526162+00:00,2026-10-05T06:27:29.621491+00:00,
1,T002,SMILE_LEFT,task,120,13,6,8,11,R7,L4,L5,R6,80000,600.0,-28.0,-29.0,40.311288741492746,-133.99491399474581,44.6122239,44.7099361,459177429232200,459177526944400,2026-10-05T06:27:29.621491+00:00,2026-10-05T06:27:29.724155+00:00,
1,T002,SMILE_LEFT,task,121,13,8,10,11,R7,L5,L6,R6,80000,600.0,-8.0,-1.0,8.06225774829855,-172.8749836510982,44.71017,44.8140881,459177527178300,459177631096400,2026-10-05T06:27:29.724155+00:00,2026-10-05T06:27:29.822456+00:00,
1,T002,SMILE_LEFT,task,122,13,10,12,11,R7,L6,L7,R6,80000,600.0,-31.0,-29.0,42.44997055358225,-136.90915243299636,44.8143238,44.9130763,459177631332100,459177730084600,2026-10-05T06:27:29.822456+00:00,2026-10-05T06:27:29.923281+00:00,
1,T002,SMILE_LEFT,task,123,13,12,14,11,R7,L7,L8,R6,80000,600.0,-46.0,-52.0,69.42621983083913,-131.49646835521557,44.9133053,45.0141989,459177730313600,459177831207200,2026-10-05T06:27:29.923281+00:00,2026-10-05T06:27:30.023331+00:00,
1,T002,SMILE_LEFT,task,124,13,14,15,11,R7,L8,R8,R6,80000,600.0,-203.0,-283.0,348.2786240928375,-125.65242219033506,45.0144518,45.1140772,459177831460100,459177931085500,2026-10-05T06:27:30.023331+00:00,2026-10-05T06:27:30.123501+00:00,
1,T002,SMILE_LEFT,task,125,13,9,7,11,R7,R5,R4,R6,80000,600.0,-34.0,-74.0,81.43709228600933,-114.67686317033706,45.1142819,45.210948,459177931290200,459178027956300,2026-10-05T06:27:30.123501+00:00,2026-10-05T06:27:30.223557+00:00,
1,T002,SMILE_LEFT,task,126,13,7,5,11,R7,R4,R3,R6,80000,600.0,-6.0,14.0,15.231546211727817,113.19859051364818,45.2111844,45.3111129,459178028192700,459178128121200,2026-10-05T06:27:30.223557+00:00,2026-10-05T06:27:30.324239+00:00,
1,T002,SMILE_LEFT,task,127,13,5,3,11,R7,R3,R2,R6,80000,600.0,-6.0,-16.0,17.08800749063506,-110.55604521958347,45.3113689,45.4110969,459178128377200,459178228105200,2026-10-05T06:27:30.324239+00:00,2026-10-05T06:27:30.423347+00:00,
1,T002,SMILE_LEFT,task,128,13,3,1,11,R7,R2,R1,R6,80000,600.0,26.0,-20.0,32.802438933713454,-37.568592028827496,45.4113402,45.5109502,459178228348500,459178327958500,2026-10-05T06:27:30.423347+00:00,2026-10-05T06:27:30.524340+00:00,
1,T002,SMILE_LEFT,task,129,13,1,0,11,R7,R1,L1,R6,80000,600.0,-58.0,-38.0,69.33974329343886,-146.76828893202065,45.5111803,45.6111333,459178328188600,459178428141600,2026-10-05T06:27:30.524340+00:00,2026-10-05T06:27:30.623724+00:00,
1,T002,SMILE_LEFT,task,130,11,0,2,9,R6,L1,L2,R5,80000,600.0,-9.0,7.0,11.40175425099138,142.12501634890182,45.6113868,45.709941,459178428395100,459178526949300,2026-10-05T06:27:30.623724+00:00,2026-10-05T06:27:30.723940+00:00,
1,T002,SMILE_LEFT,task,131,11,2,4,9,R6,L2,L3,R5,80000,600.0,-20.0,-12.0,23.323807579381203,-149.03624346792648,45.7101411,45.8089548,459178527149400,459178625963100,2026-10-05T06:27:30.723940+00:00,2026-10-05T06:27:30.822434+00:00,
1,T002,SMILE_LEFT,task,132,11,4,6,9,R6,L3,L4,R5,80000,600.0,0.0,-4.0,4.0,-90.0,45.8092115,45.9090571,459178626219800,459178726065400,2026-10-05T06:27:30.822434+00:00,2026-10-05T06:27:30.923762+00:00,
1,T002,SMILE_LEFT,task,133,11,6,8,9,R6,L4,L5,R5,80000,600.0,-13.0,-11.0,17.029386365926403,-139.7636416907262,45.9092636,46.007947,459178726271900,459178824955300,2026-10-05T06:27:30.923762+00:00,2026-10-05T06:27:31.022860+00:00,
1,T002,SMILE_LEFT,task,134,11,8,10,9,R6,L5,L6,R5,80000,600.0,-48.0,4.0,48.16637831516918,175.2363583092738,46.008179,46.1071556,459178825187300,459178924163900,2026-10-05T06:27:31.022860+00:00,2026-10-05T06:27:31.122196+00:00,
1,T002,SMILE_LEFT,task,135,11,10,12,9,R6,L6,L7,R5,80000,600.0,-12.0,-13.0,17.69180601295413,-132.70938995736148,46.1073518,46.2069413,459178924360100,459179023949600,2026-10-05T06:27:31.122196+00:00,2026-10-05T06:27:31.220119+00:00,
1,T002,SMILE_LEFT,task,136,11,12,14,9,R6,L7,L8,R5,80000,600.0,-13.0,-15.0,19.849433241279208,-130.91438322002512,46.2071715,46.3068793,459179024179800,459179123887600,2026-10-05T06:27:31.220119+00:00,2026-10-05T06:27:31.322020+00:00,
1,T002,SMILE_LEFT,task,137,11,14,15,9,R6,L8,R8,R5,80000,600.0,-42.0,-59.0,72.42237223399962,-125.44571032759825,46.307161,46.4040822,459179124169300,459179221090500,2026-10-05T06:27:31.322020+00:00,2026-10-05T06:27:31.409759+00:00,
1,T002,SMILE_LEFT,task,138,11,15,13,9,R6,R8,R7,R5,80000,600.0,-88.0,-132.0,158.64425612041552,-123.69006752597979,46.4043944,46.5130906,459179221402700,459179330098900,2026-10-05T06:27:31.409759+00:00,2026-10-05T06:27:31.528135+00:00,
1,T002,SMILE_LEFT,task,139,11,7,5,9,R6,R4,R3,R5,80000,600.0,178.0,289.0,339.418620585259,58.37038010207494,46.5133104,46.6140825,459179330318700,459179431090800,2026-10-05T06:27:31.528135+00:00,2026-10-05T06:27:31.621609+00:00,
1,T002,SMILE_LEFT,task,140,11,5,3,9,R6,R3,R2,R5,80000,600.0,-98.0,-150.0,179.17589123540031,-123.15792388467223,46.6143066,46.7130896,459179431314900,459179530097900,2026-10-05T06:27:31.621609+00:00,2026-10-05T06:27:31.728143+00:00,
1,T002,SMILE_LEFT,task,141,11,3,1,9,R6,R2,R1,R5,80000,600.0,-26.0,-123.0,125.7179382586272,-101.93560254326745,46.7132919,46.8120954,459179530300200,459179629103700,2026-10-05T06:27:31.728143+00:00,2026-10-05T06:27:31.823929+00:00,
1,T002,SMILE_LEFT,task,142,11,1,0,9,R6,R1,L1,R5,80000,600.0,-79.0,-56.0,96.83491106000976,-144.66866866108364,46.8123676,46.909135,459179629375900,459179726143300,2026-10-05T06:27:31.823929+00:00,2026-10-05T06:27:31.924238+00:00,
1,T002,SMILE_LEFT,task,143,9,0,2,7,R5,L1,L2,R4,80000,600.0,21.0,56.0,59.80802621722272,69.44395478041653,46.9093627,47.0079483,459179726371000,459179824956600,2026-10-05T06:27:31.924238+00:00,2026-10-05T06:27:32.021685+00:00,
1,T002,SMILE_LEFT,task,144,9,2,4,7,R5,L2,L3,R4,80000,600.0,-11.0,-7.0,13.038404810405298,-147.52880770915152,47.0081598,47.1072179,459179825168100,459179924226200,2026-10-05T06:27:32.021685+00:00,2026-10-05T06:27:32.119976+00:00,
1,T002,SMILE_LEFT,task,145,9,4,6,7,R5,L3,L4,R4,80000,600.0,37.0,41.0,55.226805085936306,47.93567344642118,47.1074328,47.2071047,459179924441100,459180024113000,2026-10-05T06:27:32.119976+00:00,2026-10-05T06:27:32.219908+00:00,
1,T002,SMILE_LEFT,task,146,9,6,8,7,R5,L4,L5,R4,80000,600.0,-46.0,-44.0,63.655321851358195,-136.27303002005672,47.2074161,47.3039048,459180024424400,459180120913100,2026-10-05T06:27:32.222454+00:00,2026-10-05T06:27:32.314945+00:00,
1,T002,SMILE_LEFT,task,147,9,8,10,7,R5,L5,L6,R4,80000,600.0,-15.0,5.0,15.811388300841896,161.565051177078,47.3041661,47.4008742,459180121174400,459180217882500,2026-10-05T06:27:32.314945+00:00,2026-10-05T06:27:32.415149+00:00,
1,T002,SMILE_LEFT,task,148,9,10,12,7,R5,L6,L7,R4,80000,600.0,-14.0,-14.0,19.79898987322333,-135.0,47.4011312,47.4988696,459180218139500,459180315877900,2026-10-05T06:27:32.415149+00:00,2026-10-05T06:27:32.509822+00:00,
1,T002,SMILE_LEFT,task,149,9,12,14,7,R5,L7,L8,R4,80000,600.0,-19.0,-9.0,21.02379604162864,-154.65382405805332,47.4991216,47.5968947,459180316129900,459180413903000,2026-10-05T06:27:32.509822+00:00,2026-10-05T06:27:32.610535+00:00,
1,T002,SMILE_LEFT,task,150,9,14,15,7,R5,L8,R8,R4,80000,600.0,-34.0,-33.0,47.38143096192854,-135.85509739626673,47.5971512,47.6938783,459180414159500,459180510886600,2026-10-05T06:27:32.612203+00:00,2026-10-05T06:27:32.704990+00:00,
1,T002,SMILE_LEFT,task,151,9,15,13,7,R5,R8,R7,R4,80000,600.0,-39.0,-39.0,55.154328932550705,-135.0,47.6941577,47.7908871,459180511166000,459180607895400,2026-10-05T06:27:32.704990+00:00,2026-10-05T06:27:32.799787+00:00,
1,T002,SMILE_LEFT,task,152,9,13,11,7,R5,R7,R6,R4,80000,600.0,-52.0,-62.0,80.91971329657564,-129.98688624496418,47.7911433,47.8879116,459180608151600,459180704919900,2026-10-05T06:27:32.799787+00:00,2026-10-05T06:27:32.899872+00:00,
1,T002,SMILE_LEFT,task,153,9,5,3,7,R5,R3,R2,R4,80000,600.0,154.0,199.0,251.6286947071021,52.2648105840843,47.8881843,47.985908,459180705192600,459180802916300,2026-10-05T06:27:32.899872+00:00,2026-10-05T06:27:32.999828+00:00,
1,T002,SMILE_LEFT,task,154,9,3,1,7,R5,R2,R1,R4,80000,600.0,61.0,16.0,63.06346010171025,14.697319279511909,47.9861621,48.0818941,459180803170400,459180898902400,2026-10-05T06:27:32.999828+00:00,2026-10-05T06:27:33.096560+00:00,
1,T002,SMILE_LEFT,task,155,9,1,0,7,R5,R1,L1,R4,80000,600.0,-34.0,3.0,34.132096331752024,174.9575489308291,48.0821588,48.1810167,459180899167100,459180998025000,2026-10-05T06:27:33.096560+00:00,2026-10-05T06:27:33.191659+00:00,
1,T002,SMILE_LEFT,task,156,7,0,2,5,R4,L1,L2,R3,80000,600.0,-28.0,-21.0,35.0,-143.13010235415598,48.1812793,48.2770326,459180998287600,459181094040900,2026-10-05T06:27:33.191659+00:00,2026-10-05T06:27:33.289845+00:00,
1,T002,SMILE_LEFT,task,157,7,2,4,5,R4,L2,L3,R3,80000,600.0,-12.0,-2.0,12.165525060596439,-170.53767779197437,48.2773096,48.375035,459181094317900,459181192043300,2026-10-05T06:27:33.289845+00:00,2026-10-05T06:27:33.389801+00:00,
1,T002,SMILE_LEFT,task,158,7,4,6,5,R4,L3,L4,R3,80000,600.0,-30.0,-25.0,39.05124837953327,-140.19442890773482,48.3752773,48.4729451,459181192285600,459181289953400,2026-10-05T06:27:33.389801+00:00,2026-10-05T06:27:33.487408+00:00,
1,T002,SMILE_LEFT,task,159,7,6,8,5,R4,L4,L5,R3,80000,600.0,1.0,22.0,22.02271554554524,87.39743779750019,48.4731779,48.5699511,459181290186200,459181386959400,2026-10-05T06:27:33.487408+00:00,2026-10-05T06:27:33.584610+00:00,
1,T002,SMILE_LEFT,task,160,7,8,10,5,R4,L5,L6,R3,80000,600.0,1.0,-3.0,3.1622776601683795,-71.56505117707799,48.5701849,48.6679023,459181387193200,459181484910600,2026-10-05T06:27:33.584610+00:00,2026-10-05T06:27:33.679663+00:00,
1,T002,SMILE_LEFT,task,161,7,10,12,5,R4,L6,L7,R3,80000,600.0,0.0,4.0,4.0,90.0,48.6681594,48.7669604,459181485167700,459181583968700,2026-10-05T06:27:33.679663+00:00,2026-10-05T06:27:33.779999+00:00,
1,T002,SMILE_LEFT,task,162,7,12,14,5,R4,L7,L8,R3,80000,600.0,0.0,11.0,11.0,90.0,48.7671537,48.8659289,459181584162000,459181682937200,2026-10-05T06:27:33.779999+00:00,2026-10-05T06:27:33.879898+00:00,
1,T002,SMILE_LEFT,task,163,7,14,15,5,R4,L8,R8,R3,80000,600.0,6.0,18.0,18.973665961010276,71.56505117707799,48.8661585,48.9629476,459181683166800,459181779955900,2026-10-05T06:27:33.879898+00:00,2026-10-05T06:27:33.975439+00:00,
1,T002,SMILE_LEFT,task,164,7,15,13,5,R4,R8,R7,R3,80000,600.0,6.0,17.0,18.027756377319946,70.5599651718238,48.9631984,49.0631026,459181780206700,459181880110900,2026-10-05T06:27:33.975439+00:00,2026-10-05T06:27:34.073184+00:00,
1,T002,SMILE_LEFT,task,165,7,13,11,5,R4,R7,R6,R3,80000,600.0,4.0,18.0,18.439088914585774,77.47119229084849,49.0633469,49.159391,459181880355200,459181976399300,2026-10-05T06:27:34.073184+00:00,2026-10-05T06:27:34.172779+00:00,
1,T002,SMILE_LEFT,task,166,7,11,9,5,R4,R6,R5,R3,80000,600.0,193.0,266.0,328.64114167279786,54.03671582699599,49.1596091,49.2599454,459181976617400,459182076953700,2026-10-05T06:27:34.172779+00:00,2026-10-05T06:27:34.274137+00:00,
1,T002,SMILE_LEFT,task,167,7,3,1,5,R4,R2,R1,R3,80000,600.0,-259.0,-412.0,486.6466890876789,-122.15514312713907,49.2604555,49.3599151,459182077463800,459182176923400,2026-10-05T06:27:34.274137+00:00,2026-10-05T06:27:34.372931+00:00,
1,T002,SMILE_LEFT,task,168,7,1,0,5,R4,R1,L1,R3,80000,600.0,-84.0,-69.0,108.70602559196064,-140.5993393365206,49.360194,49.4571048,459182177202300,459182274113100,2026-10-05T06:27:34.372931+00:00,2026-10-05T06:27:34.472129+00:00,
1,T002,SMILE_LEFT,task,169,5,0,2,3,R3,L1,L2,R2,80000,600.0,7.0,27.0,27.892651361962706,75.46554491945989,49.4573507,49.5559693,459182274359000,459182372977600,2026-10-05T06:27:34.472129+00:00,2026-10-05T06:27:34.569925+00:00,
1,T002,SMILE_LEFT,task,170,5,2,4,3,R3,L2,L3,R2,80000,600.0,-20.0,-12.0,23.323807579381203,-149.03624346792648,49.5563377,49.6559349,459182373346000,459182472943200,2026-10-05T06:27:34.569925+00:00,2026-10-05T06:27:34.671098+00:00,
1,T002,SMILE_LEFT,task,171,5,4,6,3,R3,L3,L4,R2,80000,600.0,-18.0,2.0,18.110770276274835,173.6598082540901,49.6561738,49.7540738,459182473182100,459182571082100,2026-10-05T06:27:34.671098+00:00,2026-10-05T06:27:34.764741+00:00,
1,T002,SMILE_LEFT,task,172,5,6,8,3,R3,L4,L5,R2,80000,600.0,2.0,-9.0,9.219544457292887,-77.47119229084849,49.754305,49.8548845,459182571313300,459182671892800,2026-10-05T06:27:34.764741+00:00,2026-10-05T06:27:34.869778+00:00,
1,T002,SMILE_LEFT,task,173,5,8,10,3,R3,L5,L6,R2,80000,600.0,-12.0,-1.0,12.041594578792296,-175.2363583092738,49.8551459,49.9530959,459182672154200,459182770104200,2026-10-05T06:27:34.869778+00:00,2026-10-05T06:27:34.964562+00:00,
1,T002,SMILE_LEFT,task,174,5,10,12,3,R3,L6,L7,R2,80000,600.0,-7.0,-6.0,9.219544457292887,-139.39870535499554,49.9533565,50.0499484,459182770364800,459182866956700,2026-10-05T06:27:34.964562+00:00,2026-10-05T06:27:35.064648+00:00,
1,T002,SMILE_LEFT,task,175,5,12,14,3,R3,L7,L8,R2,80000,600.0,-11.0,1.0,11.045361017187261,174.8055710922652,50.0501842,50.1487218,459182867192500,459182965730100,2026-10-05T06:27:35.064648+00:00,2026-10-05T06:27:35.163885+00:00,
1,T002,SMILE_LEFT,task,176,5,14,15,3,R3,L8,R8,R2,80000,600.0,-14.0,-7.0,15.652475842498529,-153.434948822922,50.1489617,50.2479941,459182965970000,459183065002400,2026-10-05T06:27:35.163885+00:00,2026-10-05T06:27:35.262979+00:00,
1,T002,SMILE_LEFT,task,177,5,15,13,3,R3,R8,R7,R2,80000,600.0,-15.0,-7.0,16.55294535724685,-154.9831065219,50.2482085,50.3449515,459183065216800,459183161959800,2026-10-05T06:27:35.262979+00:00,2026-10-05T06:27:35.359935+00:00,
1,T002,SMILE_LEFT,task,178,5,13,11,3,R3,R7,R6,R2,80000,600.0,-18.0,-9.0,20.12461179749811,-153.434948822922,50.3451845,50.4429736,459183162192800,459183259981900,2026-10-05T06:27:35.359935+00:00,2026-10-05T06:27:35.457818+00:00,
1,T002,SMILE_LEFT,task,179,5,11,9,3,R3,R6,R5,R2,80000,600.0,-136.0,-149.0,201.73497465734593,-132.38831862210162,50.443359,50.5409796,459183260367300,459183357987900,2026-10-05T06:27:35.457818+00:00,2026-10-05T06:27:35.555995+00:00,
1,T002,SMILE_LEFT,task,180,5,9,7,3,R3,R5,R4,R2,80000,600.0,176.0,212.0,275.5358415887124,50.30092651652569,50.5414218,50.6358965,459183358430100,459183452904800,2026-10-05T06:27:35.555995+00:00,2026-10-05T06:27:35.649838+00:00,
1,T002,SMILE_LEFT,task,181,5,1,0,3,R3,R1,L1,R2,80000,600.0,-58.0,-34.0,67.23094525588644,-149.62087398863164,50.636182,50.7359389,459183453190300,459183552947200,2026-10-05T06:27:35.649838+00:00,2026-10-05T06:27:35.749865+00:00,
1,T002,SMILE_LEFT,task,182,3,0,2,1,R2,L1,L2,R1,80000,600.0,-267.0,-224.0,348.5182922028627,-140.00498727051288,50.7361758,50.8349348,459183553184100,459183651943100,2026-10-05T06:27:35.749865+00:00,2026-10-05T06:27:35.849873+00:00,
1,T002,SMILE_LEFT,task,183,3,2,4,1,R2,L2,L3,R1,80000,600.0,-26.0,2.0,26.076809620810597,175.6012946450045,50.8351615,50.9349209,459183652169800,459183751929200,2026-10-05T06:27:35.849873+00:00,2026-10-05T06:27:35.949873+00:00,
1,T002,SMILE_LEFT,task,184,3,4,6,1,R2,L3,L4,R1,80000,600.0,-13.0,-14.0,19.1049731745428,-132.87890360333856,50.9351297,51.0330983,459183752138000,459183850106600,2026-10-05T06:27:35.949873+00:00,2026-10-05T06:27:36.043877+00:00,
1,T002,SMILE_LEFT,task,185,3,6,8,1,R2,L4,L5,R1,80000,600.0,10.0,17.0,19.72308292331602,59.53445508054013,51.0333418,51.1309327,459183850350100,459183947941000,2026-10-05T06:27:36.043877+00:00,2026-10-05T06:27:36.140678+00:00,
1,T002,SMILE_LEFT,task,186,3,8,10,1,R2,L5,L6,R1,80000,600.0,-24.0,3.0,24.186773244895647,172.8749836510982,51.1311762,51.2288833,459183948184500,459184045891600,2026-10-05T06:27:36.140678+00:00,2026-10-05T06:27:36.239721+00:00,
1,T002,SMILE_LEFT,task,187,3,10,12,1,R2,L6,L7,R1,80000,600.0,-6.0,0.0,6.0,180.0,51.2291297,51.3249608,459184046138000,459184141969100,2026-10-05T06:27:36.239721+00:00,2026-10-05T06:27:36.339910+00:00,
1,T002,SMILE_LEFT,task,188,3,12,14,1,R2,L7,L8,R1,80000,600.0,-13.0,9.0,15.811388300841896,145.30484646876604,51.3252537,51.4219477,459184142262000,459184238956000,2026-10-05T06:27:36.339910+00:00,2026-10-05T06:27:36.437119+00:00,
1,T002,SMILE_LEFT,task,189,3,14,15,1,R2,L8,R8,R1,80000,600.0,-17.0,0.0,17.0,180.0,51.4221664,51.5210848,459184239174700,459184338093100,2026-10-05T06:27:36.437119+00:00,2026-10-05T06:27:36.529882+00:00,
1,T002,SMILE_LEFT,task,190,3,15,13,1,R2,R8,R7,R1,80000,600.0,-23.0,-5.0,23.53720459187964,-167.7352262721076,51.5212867,51.6190727,459184338295000,459184436081000,2026-10-05T06:27:36.529882+00:00,2026-10-05T06:27:36.630004+00:00,
1,T002,SMILE_LEFT,task,191,3,13,11,1,R2,R7,R6,R1,80000,600.0,-35.0,-9.0,36.138621999185304,-165.57922687248902,51.6193052,51.7190893,459184436313500,459184536097600,2026-10-05T06:27:36.630004+00:00,2026-10-05T06:27:36.729861+00:00,
1,T002,SMILE_LEFT,task,192,3,11,9,1,R2,R6,R5,R1,80000,600.0,-104.0,-92.0,138.85243966167826,-138.50353164478446,51.719288,51.8149257,459184536296300,459184631934000,2026-10-05T06:27:36.729861+00:00,2026-10-05T06:27:36.829880+00:00,
1,T002,SMILE_LEFT,task,193,3,9,7,1,R2,R5,R4,R1,80000,600.0,-1.0,7.0,7.0710678118654755,98.13010235415598,51.8151424,51.9131081,459184632150700,459184730116400,2026-10-05T06:27:36.829880+00:00,2026-10-05T06:27:36.924308+00:00,
1,T002,SMILE_LEFT,task,194,3,7,5,1,R2,R4,R3,R1,80000,600.0,-354.0,-296.0,461.4455547515871,-140.09904201553854,51.9133102,52.0120834,459184730318500,459184829091700,2026-10-05T06:27:36.924308+00:00,2026-10-05T06:27:37.023249+00:00,
1,T002,SMILE_LEFT,task,195,1,2,4,0,R1,L2,L3,L1,80000,600.0,10.0,22.0,24.166091947189145,65.55604521958347,52.0122946,52.1129311,459184829302900,459184929939400,2026-10-05T06:27:37.023249+00:00,2026-10-05T06:27:37.127798+00:00,
1,T002,SMILE_LEFT,task,196,1,4,6,0,R1,L3,L4,L1,80000,600.0,-16.0,-26.0,30.528675044947494,-121.60750224624891,52.1131509,52.2130735,459184930159200,459185030081800,2026-10-05T06:27:37.127798+00:00,2026-10-05T06:27:37.223723+00:00,
1,T002,SMILE_LEFT,task,197,1,6,8,0,R1,L4,L5,L1,80000,600.0,7.0,31.0,31.78049716414141,77.27564431457763,52.2132911,52.3131104,459185030299400,459185130118700,2026-10-05T06:27:37.223723+00:00,2026-10-05T06:27:37.325508+00:00,
1,T002,SMILE_LEFT,task,198,1,8,10,0,R1,L5,L6,L1,80000,600.0,-7.0,-6.0,9.219544457292887,-139.39870535499554,52.3133086,52.4143241,459185130316900,459185231332400,2026-10-05T06:27:37.325508+00:00,2026-10-05T06:27:37.423353+00:00,
1,T002,SMILE_LEFT,task,199,1,10,12,0,R1,L6,L7,L1,80000,600.0,-7.0,-4.0,8.06225774829855,-150.25511870305778,52.4145882,52.513133,459185231596500,459185330141300,2026-10-05T06:27:37.423353+00:00,2026-10-05T06:27:37.528145+00:00,
1,T002,SMILE_LEFT,task,200,1,12,14,0,R1,L7,L8,L1,80000,600.0,-12.0,-3.0,12.36931687685298,-165.96375653207352,52.5133362,52.6111153,459185330344500,459185428123600,2026-10-05T06:27:37.528145+00:00,2026-10-05T06:27:37.626132+00:00,
1,T002,SMILE_LEFT,task,201,1,14,15,0,R1,L8,R8,L1,80000,600.0,-19.0,-12.0,22.47220505424423,-147.72435568542238,52.6113715,52.7089682,459185428379800,459185525976500,2026-10-05T06:27:37.626132+00:00,2026-10-05T06:27:37.722630+00:00,
1,T002,SMILE_LEFT,task,202,1,15,13,0,R1,R8,R7,L1,80000,600.0,-12.0,-6.0,13.416407864998739,-153.434948822922,52.7092376,52.806931,459185526245900,459185623939300,2026-10-05T06:27:37.722630+00:00,2026-10-05T06:27:37.819927+00:00,
1,T002,SMILE_LEFT,task,203,1,13,11,0,R1,R7,R6,L1,80000,600.0,-6.0,2.0,6.324555320336759,161.565051177078,52.807167,52.9049382,459185624175300,459185721946500,2026-10-05T06:27:37.819927+00:00,2026-10-05T06:27:37.919881+00:00,
1,T002,SMILE_LEFT,task,204,1,11,9,0,R1,R6,R5,L1,80000,600.0,-28.0,-17.0,32.7566787083184,-148.73626830562256,52.9051851,53.0059306,459185722193400,459185822938900,2026-10-05T06:27:37.919881+00:00,2026-10-05T06:27:38.019853+00:00,
1,T002,SMILE_LEFT,task,205,1,9,7,0,R1,R5,R4,L1,80000,600.0,35.0,33.0,48.104053883222775,43.31531568210371,53.006172,53.1040816,459185823180300,459185921089900,2026-10-05T06:27:38.019853+00:00,2026-10-05T06:27:38.110058+00:00,
1,T002,SMILE_LEFT,task,206,1,7,5,0,R1,R4,R3,L1,80000,600.0,-47.0,-21.0,51.478150704935004,-155.92450174492117,53.1043056,53.2040968,459185921313900,459186021105100,2026-10-05T06:27:38.110058+00:00,2026-10-05T06:27:38.209797+00:00,
1,T002,SMILE_LEFT,task,207,1,5,3,0,R1,R3,R2,L1,80000,600.0,1.0,7.0,7.0710678118654755,81.86989764584403,53.204388,53.3020876,459186021396300,459186119095900,2026-10-05T06:27:38.209797+00:00,2026-10-05T06:27:38.309793+00:00,
2,T003,SMILE_RIGHT,task,0,0,4,6,2,L1,L3,L4,L2,80000,600.0,-167.0,-251.0,301.4796842243271,-123.63735753209815,55.4894343,55.5899248,459188306442600,459188406933100,2026-10-05T06:27:40.500068+00:00,2026-10-05T06:27:40.604014+00:00,
2,T003,SMILE_RIGHT,task,1,0,6,8,2,L1,L4,L5,L2,80000,600.0,-65.0,-69.0,94.79451460923254,-133.29018595585848,55.5902285,55.686899,459188407236800,459188503907300,2026-10-05T06:27:40.604014+00:00,2026-10-05T06:27:40.701880+00:00,
2,T003,SMILE_RIGHT,task,2,0,8,10,2,L1,L5,L6,L2,80000,600.0,-52.0,-67.0,84.81155581640984,-127.81573260757315,55.6871621,55.7818846,459188504170400,459188598892900,2026-10-05T06:27:40.701880+00:00,2026-10-05T06:27:40.796527+00:00,
2,T003,SMILE_RIGHT,task,3,0,10,12,2,L1,L6,L7,L2,80000,600.0,-24.0,-39.0,45.79301256742124,-121.60750224624891,55.782159,55.8800165,459188599167300,459188697024800,2026-10-05T06:27:40.796527+00:00,2026-10-05T06:27:40.891077+00:00,
2,T003,SMILE_RIGHT,task,4,0,12,14,2,L1,L7,L8,L2,80000,600.0,-15.0,-4.0,15.524174696260024,-165.06858282186246,55.8803151,55.979077,459188697323400,459188796085300,2026-10-05T06:27:40.891077+00:00,2026-10-05T06:27:40.990023+00:00,
2,T003,SMILE_RIGHT,task,5,0,14,15,2,L1,L8,R8,L2,80000,600.0,-6.0,2.0,6.324555320336759,161.565051177078,55.9793013,56.0780901,459188796309600,459188895098400,2026-10-05T06:27:40.990023+00:00,2026-10-05T06:27:41.091265+00:00,
2,T003,SMILE_RIGHT,task,6,0,15,13,2,L1,R8,R7,L2,80000,600.0,-5.0,-1.0,5.0990195135927845,-168.6900675259798,56.078309,56.1790924,459188895317300,459188996100700,2026-10-05T06:27:41.091265+00:00,2026-10-05T06:27:41.190013+00:00,
2,T003,SMILE_RIGHT,task,7,0,13,11,2,L1,R7,R6,L2,80000,600.0,4.0,21.0,21.37755832643195,79.2157021324374,56.1792998,56.2790417,459188996308100,459189096050000,2026-10-05T06:27:41.190013+00:00,2026-10-05T06:27:41.293858+00:00,
2,T003,SMILE_RIGHT,task,8,0,11,9,2,L1,R6,R5,L2,80000,600.0,-12.0,-4.0,12.649110640673518,-161.565051177078,56.2792618,56.3779072,459189096270100,459189194915500,2026-10-05T06:27:41.293858+00:00,2026-10-05T06:27:41.392677+00:00,
2,T003,SMILE_RIGHT,task,9,0,9,7,2,L1,R5,R4,L2,80000,600.0,36.0,51.0,62.42595614005443,54.78240703180729,56.3782045,56.4788958,459189195212800,459189295904100,2026-10-05T06:27:41.393184+00:00,2026-10-05T06:27:41.493738+00:00,
2,T003,SMILE_RIGHT,task,10,0,7,5,2,L1,R4,R3,L2,80000,600.0,-37.0,-26.0,45.221676218380054,-144.9041832129739,56.4791145,56.5781072,459189296122800,459189395115500,2026-10-05T06:27:41.493738+00:00,2026-10-05T06:27:41.589855+00:00,
2,T003,SMILE_RIGHT,task,11,0,5,3,2,L1,R3,R2,L2,80000,600.0,16.0,21.0,26.40075756488817,52.69605172201657,56.5783087,56.6790024,459189395317000,459189496010700,2026-10-05T06:27:41.589855+00:00,2026-10-05T06:27:41.693768+00:00,
2,T003,SMILE_RIGHT,task,12,0,3,1,2,L1,R2,R1,L2,80000,600.0,-221.0,-300.0,372.61374102413345,-126.37783648956047,56.6792839,56.7790983,459189496292200,459189596106600,2026-10-05T06:27:41.693768+00:00,2026-10-05T06:27:41.789810+00:00,
2,T003,SMILE_RIGHT,task,13,2,6,8,4,L2,L4,L5,L3,80000,600.0,135.0,201.0,242.12806528777287,56.1130405359483,56.7793655,56.8799596,459189596373800,459189696967900,2026-10-05T06:27:41.789810+00:00,2026-10-05T06:27:41.894716+00:00,
2,T003,SMILE_RIGHT,task,14,2,8,10,4,L2,L5,L6,L3,80000,600.0,-95.0,-130.0,161.01242188104618,-126.15818543980834,56.88017,56.9759518,459189697178300,459189792960100,2026-10-05T06:27:41.894716+00:00,2026-10-05T06:27:41.990195+00:00,
2,T003,SMILE_RIGHT,task,15,2,10,12,4,L2,L6,L7,L3,80000,600.0,-21.0,-35.0,40.8166632639171,-120.96375653207352,56.9761683,57.0740443,459189793176600,459189891052600,2026-10-05T06:27:41.990195+00:00,2026-10-05T06:27:42.087876+00:00,
2,T003,SMILE_RIGHT,task,16,2,12,14,4,L2,L7,L8,L3,80000,600.0,-15.0,-10.0,18.027756377319946,-146.30993247402023,57.0755269,57.1741927,459189892535200,459189991201000,2026-10-05T06:27:42.090582+00:00,2026-10-05T06:27:42.188123+00:00,
2,T003,SMILE_RIGHT,task,17,2,14,15,4,L2,L8,R8,L3,80000,600.0,-12.0,-11.0,16.278820596099706,-137.48955292199918,57.1752828,57.2739442,459189992291100,459190090952500,2026-10-05T06:27:42.190169+00:00,2026-10-05T06:27:42.289050+00:00,
2,T003,SMILE_RIGHT,task,18,2,15,13,4,L2,R8,R7,L3,80000,600.0,-8.0,-5.0,9.433981132056603,-147.9946167919165,57.2741133,57.3739324,459190091121600,459190190940700,2026-10-05T06:27:42.289050+00:00,2026-10-05T06:27:42.388706+00:00,
2,T003,SMILE_RIGHT,task,19,2,13,11,4,L2,R7,R6,L3,80000,600.0,-6.0,3.0,6.708203932499369,153.434948822922,57.3741579,57.4769172,459190191166200,459190293925500,2026-10-05T06:27:42.388706+00:00,2026-10-05T06:27:42.491947+00:00,
2,T003,SMILE_RIGHT,task,20,2,11,9,4,L2,R6,R5,L3,80000,600.0,-16.0,-9.0,18.35755975068582,-150.64224645720873,57.4771466,57.5821891,459190294154900,459190399197400,2026-10-05T06:27:42.491947+00:00,2026-10-05T06:27:42.593226+00:00,
2,T003,SMILE_RIGHT,task,21,2,9,7,4,L2,R5,R4,L3,80000,600.0,6.0,2.0,6.324555320336759,18.43494882292201,57.5824004,57.6859611,459190399408700,459190502969400,2026-10-05T06:27:42.593226+00:00,2026-10-05T06:27:42.700076+00:00,
2,T003,SMILE_RIGHT,task,22,2,7,5,4,L2,R4,R3,L3,80000,600.0,-17.0,3.0,17.26267650163207,169.9920201985587,57.6862395,57.7859823,459190503247800,459190602990600,2026-10-05T06:27:42.700076+00:00,2026-10-05T06:27:42.799869+00:00,
2,T003,SMILE_RIGHT,task,23,2,5,3,4,L2,R3,R2,L3,80000,600.0,-6.0,-3.0,6.708203932499369,-153.434948822922,57.7862094,57.8849631,459190603217700,459190701971400,2026-10-05T06:27:42.799869+00:00,2026-10-05T06:27:42.899942+00:00,
2,T003,SMILE_RIGHT,task,24,2,3,1,4,L2,R2,R1,L3,80000,600.0,41.0,30.0,50.80354318352215,36.1932073055647,57.8851941,57.9849431,459190702202400,459190801951400,2026-10-05T06:27:42.899942+00:00,2026-10-05T06:27:42.999907+00:00,
2,T003,SMILE_RIGHT,task,25,2,1,0,4,L2,R1,L1,L3,80000,600.0,-33.0,4.0,33.24154027718932,173.08877288097534,57.985155,58.0849966,459190802163300,459190902004900,2026-10-05T06:27:42.999907+00:00,2026-10-05T06:27:43.099995+00:00,
2,T003,SMILE_RIGHT,task,26,4,0,2,6,L3,L1,L2,L4,80000,600.0,-219.0,-247.0,330.1060435678208,-131.5614692116708,58.0852034,58.1849745,459190902211700,459191001982800,2026-10-05T06:27:43.099995+00:00,2026-10-05T06:27:43.199976+00:00,
2,T003,SMILE_RIGHT,task,27,4,8,10,6,L3,L5,L6,L4,80000,600.0,144.0,206.0,251.34040662018512,55.0453303694967,58.1851679,58.2849217,459191002176200,459191101930000,2026-10-05T06:27:43.199976+00:00,2026-10-05T06:27:43.299885+00:00,
2,T003,SMILE_RIGHT,task,28,4,10,12,6,L3,L6,L7,L4,80000,600.0,14.0,22.0,26.076809620810597,57.52880770915151,58.2851326,58.3839259,459191102140900,459191200934200,2026-10-05T06:27:43.299885+00:00,2026-10-05T06:27:43.391096+00:00,
2,T003,SMILE_RIGHT,task,29,4,12,14,6,L3,L7,L8,L4,80000,600.0,7.0,22.0,23.08679276123039,72.34987578006988,58.3841359,58.4820799,459191201144200,459191299088200,2026-10-05T06:27:43.391096+00:00,2026-10-05T06:27:43.490573+00:00,
2,T003,SMILE_RIGHT,task,30,4,14,15,6,L3,L8,R8,L4,80000,600.0,9.0,20.0,21.93171219946131,65.77225468204583,58.4822961,58.5812531,459191299304400,459191398261400,2026-10-05T06:27:43.490573+00:00,2026-10-05T06:27:43.592323+00:00,
2,T003,SMILE_RIGHT,task,31,4,15,13,6,L3,R8,R7,L4,80000,600.0,0.0,7.0,7.0,90.0,58.5814507,58.6800862,459191398459000,459191497094500,2026-10-05T06:27:43.592323+00:00,2026-10-05T06:27:43.690628+00:00,
2,T003,SMILE_RIGHT,task,32,4,13,11,6,L3,R7,R6,L4,80000,600.0,3.0,22.0,22.20360331117452,82.23483398157467,58.6802978,58.7791076,459191497306100,459191596115900,2026-10-05T06:27:43.690628+00:00,2026-10-05T06:27:43.794133+00:00,
2,T003,SMILE_RIGHT,task,33,4,11,9,6,L3,R6,R5,L4,80000,600.0,-13.0,-9.0,15.811388300841896,-145.30484646876604,58.7793519,58.8775762,459191596360200,459191694584500,2026-10-05T06:27:43.794133+00:00,2026-10-05T06:27:43.891185+00:00,
2,T003,SMILE_RIGHT,task,34,4,9,7,6,L3,R5,R4,L4,80000,600.0,37.0,41.0,55.226805085936306,47.93567344642118,58.8778058,58.9741115,459191694814100,459191791119800,2026-10-05T06:27:43.891185+00:00,2026-10-05T06:27:43.979696+00:00,
2,T003,SMILE_RIGHT,task,35,4,7,5,6,L3,R4,R3,L4,80000,600.0,-50.0,-26.0,56.356011214421486,-152.52556837372288,58.9742988,59.073085,459191791307100,459191890093300,2026-10-05T06:27:43.979696+00:00,2026-10-05T06:27:44.080139+00:00,
2,T003,SMILE_RIGHT,task,36,4,5,3,6,L3,R3,R2,L4,80000,600.0,-17.0,2.0,17.11724276862369,173.29016319224309,59.0732958,59.1690901,459191890304100,459191986098400,2026-10-05T06:27:44.080139+00:00,2026-10-05T06:27:44.180105+00:00,
2,T003,SMILE_RIGHT,task,37,4,3,1,6,L3,R2,R1,L4,80000,600.0,40.0,-5.0,40.311288741492746,-7.125016348901798,59.1692736,59.2690813,459191986281900,459192086089600,2026-10-05T06:27:44.180105+00:00,2026-10-05T06:27:44.279826+00:00,
2,T003,SMILE_RIGHT,task,38,4,1,0,6,L3,R1,L1,L4,80000,600.0,-95.0,-76.0,121.65936051122412,-141.34019174590992,59.2692906,59.3669339,459192086298900,459192183942200,2026-10-05T06:27:44.279826+00:00,2026-10-05T06:27:44.379982+00:00,
2,T003,SMILE_RIGHT,task,39,6,0,2,8,L4,L1,L2,L5,80000,600.0,-60.0,-49.0,77.46612162745726,-140.76263288659845,59.3671319,59.4680917,459192184140200,459192285100000,2026-10-05T06:27:44.379982+00:00,2026-10-05T06:27:44.480507+00:00,
2,T003,SMILE_RIGHT,task,40,6,2,4,8,L4,L2,L3,L5,80000,600.0,124.0,201.0,236.17154782064668,58.32892409938223,59.4682984,59.567145,459192285306700,459192384153300,2026-10-05T06:27:44.480507+00:00,2026-10-05T06:27:44.579708+00:00,
2,T003,SMILE_RIGHT,task,41,6,10,12,8,L4,L6,L7,L5,80000,600.0,-83.0,-152.0,173.18487231857176,-118.63686324912523,59.5673508,59.6659536,459192384359100,459192482961900,2026-10-05T06:27:44.579708+00:00,2026-10-05T06:27:44.680867+00:00,
2,T003,SMILE_RIGHT,task,42,6,12,14,8,L4,L7,L8,L5,80000,600.0,-42.0,-49.0,64.53681120105021,-130.6012946450045,59.6661788,59.7642507,459192483187100,459192581259000,2026-10-05T06:27:44.680867+00:00,2026-10-05T06:27:44.771654+00:00,
2,T003,SMILE_RIGHT,task,43,6,14,15,8,L4,L8,R8,L5,80000,600.0,-31.0,-38.0,49.040799340956916,-129.20720350496785,59.7644736,59.8649271,459192581481900,459192681935400,2026-10-05T06:27:44.771654+00:00,2026-10-05T06:27:44.879889+00:00,
2,T003,SMILE_RIGHT,task,44,6,15,13,8,L4,R8,R7,L5,80000,600.0,-15.0,-13.0,19.849433241279208,-139.08561677997488,59.8651192,59.963099,459192682127500,459192780107300,2026-10-05T06:27:44.879889+00:00,2026-10-05T06:27:44.975848+00:00,
2,T003,SMILE_RIGHT,task,45,6,13,11,8,L4,R7,R6,L5,80000,600.0,-12.0,-8.0,14.422205101855956,-146.30993247402023,59.9633264,60.0781053,459192780334700,459192895113600,2026-10-05T06:27:44.975848+00:00,2026-10-05T06:27:45.089886+00:00,
2,T003,SMILE_RIGHT,task,46,6,11,9,8,L4,R6,R5,L5,80000,600.0,-3.0,-1.0,3.1622776601683795,-161.565051177078,60.0783168,60.1771888,459192895325100,459192994197100,2026-10-05T06:27:45.089886+00:00,2026-10-05T06:27:45.189785+00:00,
2,T003,SMILE_RIGHT,task,47,6,9,7,8,L4,R5,R4,L5,80000,600.0,-25.0,-27.0,36.796738985948195,-132.7974018382342,60.1774018,60.2759442,459192994410100,459193092952500,2026-10-05T06:27:45.189785+00:00,2026-10-05T06:27:45.289929+00:00,
2,T003,SMILE_RIGHT,task,48,6,7,5,8,L4,R4,R3,L5,80000,600.0,-3.0,33.0,33.13608305156178,95.1944289077348,60.2761559,60.3730859,459193093164200,459193190094200,2026-10-05T06:27:45.289929+00:00,2026-10-05T06:27:45.387990+00:00,
2,T003,SMILE_RIGHT,task,49,6,5,3,8,L4,R3,R2,L5,80000,600.0,17.0,5.0,17.72004514666935,16.389540334034784,60.3733027,60.4710073,459193190311000,459193288015600,2026-10-05T06:27:45.387990+00:00,2026-10-05T06:27:45.486009+00:00,
2,T003,SMILE_RIGHT,task,50,6,3,1,8,L4,R2,R1,L5,80000,600.0,94.0,61.0,112.05802068571441,32.98099754545547,60.4712005,60.5690753,459193288208800,459193386083600,2026-10-05T06:27:45.486009+00:00,2026-10-05T06:27:45.579892+00:00,
2,T003,SMILE_RIGHT,task,51,6,1,0,8,L4,R1,L1,L5,80000,600.0,-37.0,25.0,44.654227123532216,145.95406264339834,60.5693049,60.6720748,459193386313200,459193489083100,2026-10-05T06:27:45.579892+00:00,2026-10-05T06:27:45.680082+00:00,
2,T003,SMILE_RIGHT,task,52,8,0,2,10,L5,L1,L2,L6,80000,600.0,-58.0,-69.0,90.13878188659973,-130.04972776570824,60.6722942,60.771086,459193489302500,459193588094300,2026-10-05T06:27:45.680082+00:00,2026-10-05T06:27:45.786004+00:00,
2,T003,SMILE_RIGHT,task,53,8,2,4,10,L5,L2,L3,L6,80000,600.0,-104.0,-141.0,175.2055935180153,-126.41206440352398,60.7713156,60.8710791,459193588323900,459193688087400,2026-10-05T06:27:45.786004+00:00,2026-10-05T06:27:45.880097+00:00,
2,T003,SMILE_RIGHT,task,54,8,4,6,10,L5,L3,L4,L6,80000,600.0,149.0,227.0,271.53268679847736,56.719599094994166,60.8712974,60.9710885,459193688305700,459193788096800,2026-10-05T06:27:45.880097+00:00,2026-10-05T06:27:45.979726+00:00,
2,T003,SMILE_RIGHT,task,55,8,12,14,10,L5,L7,L8,L6,80000,600.0,-90.0,-139.0,165.59287424282482,-122.92233083763578,60.9713012,61.0718712,459193788309500,459193888879500,2026-10-05T06:27:45.979726+00:00,2026-10-05T06:27:46.086243+00:00,
2,T003,SMILE_RIGHT,task,56,8,14,15,10,L5,L8,R8,L6,80000,600.0,-28.0,-45.0,53.0,-121.89079180184572,61.0720989,61.1700767,459193889107200,459193987085000,2026-10-05T06:27:46.087236+00:00,2026-10-05T06:27:46.180014+00:00,
2,T003,SMILE_RIGHT,task,57,8,15,13,10,L5,R8,R7,L6,80000,600.0,-14.0,-13.0,19.1049731745428,-137.12109639666144,61.1702785,61.2680941,459193987286800,459194085102400,2026-10-05T06:27:46.180014+00:00,2026-10-05T06:27:46.279938+00:00,
2,T003,SMILE_RIGHT,task,58,8,13,11,10,L5,R7,R6,L6,80000,600.0,-2.0,2.0,2.8284271247461903,135.0,61.268295,61.365941,459194085303300,459194182949300,2026-10-05T06:27:46.279938+00:00,2026-10-05T06:27:46.379975+00:00,
2,T003,SMILE_RIGHT,task,59,8,11,9,10,L5,R6,R5,L6,80000,600.0,-46.0,-3.0,46.09772228646444,-176.26860300083956,61.36618,61.4649335,459194183188300,459194281941800,2026-10-05T06:27:46.379975+00:00,2026-10-05T06:27:46.479907+00:00,
2,T003,SMILE_RIGHT,task,60,8,9,7,10,L5,R5,R4,L6,80000,600.0,-3.0,5.0,5.830951894845301,120.96375653207352,61.465127,61.5769035,459194282135300,459194393911800,2026-10-05T06:27:46.479907+00:00,2026-10-05T06:27:46.592073+00:00,
2,T003,SMILE_RIGHT,task,61,8,7,5,10,L5,R4,R3,L6,80000,600.0,-5.0,-3.0,5.830951894845301,-149.03624346792648,61.5771401,61.6738699,459194394148400,459194490878200,2026-10-05T06:27:46.592073+00:00,2026-10-05T06:27:46.679958+00:00,
2,T003,SMILE_RIGHT,task,62,8,5,3,10,L5,R3,R2,L6,80000,600.0,-2.0,-1.0,2.23606797749979,-153.434948822922,61.674177,61.7699644,459194491185300,459194586972700,2026-10-05T06:27:46.679958+00:00,2026-10-05T06:27:46.783738+00:00,
2,T003,SMILE_RIGHT,task,63,8,3,1,10,L5,R2,R1,L6,80000,600.0,39.0,10.0,40.26164427839479,14.381394591090604,61.7702117,61.8690888,459194587220000,459194686097100,2026-10-05T06:27:46.783738+00:00,2026-10-05T06:27:46.880023+00:00,
2,T003,SMILE_RIGHT,task,64,8,1,0,10,L5,R1,L1,L6,80000,600.0,-57.0,-38.0,68.5054742338158,-146.30993247402023,61.8692726,61.9659386,459194686280900,459194782946900,2026-10-05T06:27:46.880023+00:00,2026-10-05T06:27:46.979978+00:00,
2,T003,SMILE_RIGHT,task,65,10,0,2,12,L6,L1,L2,L7,80000,600.0,-25.0,-30.0,39.05124837953327,-129.8055710922652,61.9661358,62.0640805,459194783144100,459194881088800,2026-10-05T06:27:46.979978+00:00,2026-10-05T06:27:47.071687+00:00,
2,T003,SMILE_RIGHT,task,66,10,2,4,12,L6,L2,L3,L7,80000,600.0,-29.0,-34.0,44.68780594300866,-130.46222749209338,62.0642922,62.1629023,459194881300500,459194979910600,2026-10-05T06:27:47.071687+00:00,2026-10-05T06:27:47.176851+00:00,
2,T003,SMILE_RIGHT,task,67,10,4,6,12,L6,L3,L4,L7,80000,600.0,23.0,32.0,39.408120990476064,54.293308599397115,62.1631284,62.2599698,459194980136700,459195076978100,2026-10-05T06:27:47.176851+00:00,2026-10-05T06:27:47.274878+00:00,
2,T003,SMILE_RIGHT,task,68,10,6,8,12,L6,L4,L5,L7,80000,600.0,-103.0,-170.0,198.76870981117727,-121.21093264971947,62.2602401,62.359086,459195077248400,459195176094300,2026-10-05T06:27:47.274878+00:00,2026-10-05T06:27:47.372697+00:00,
2,T003,SMILE_RIGHT,task,69,10,14,15,12,L6,L8,R8,L7,80000,600.0,-159.0,-256.0,301.3585903869342,-121.8441573810349,62.3593134,62.4559813,459195176321700,459195272989600,2026-10-05T06:27:47.372697+00:00,2026-10-05T06:27:47.469693+00:00,
2,T003,SMILE_RIGHT,task,70,10,15,13,12,L6,R8,R7,L7,80000,600.0,-23.0,-51.0,55.94640292279746,-114.27444113443946,62.4561904,62.5549465,459195273198700,459195371954800,2026-10-05T06:27:47.469693+00:00,2026-10-05T06:27:47.569878+00:00,
2,T003,SMILE_RIGHT,task,71,10,13,11,12,L6,R7,R6,L7,80000,600.0,-26.0,-21.0,33.421549934136806,-141.0724564072077,62.5551925,62.6549337,459195372200800,459195471942000,2026-10-05T06:27:47.569878+00:00,2026-10-05T06:27:47.669896+00:00,
2,T003,SMILE_RIGHT,task,72,10,11,9,12,L6,R6,R5,L7,80000,600.0,-11.0,-13.0,17.029386365926403,-130.2363583092738,62.6551523,62.7540762,459195472160600,459195571084500,2026-10-05T06:27:47.669896+00:00,2026-10-05T06:27:47.759696+00:00,
2,T003,SMILE_RIGHT,task,73,10,9,7,12,L6,R5,R4,L7,80000,600.0,-3.0,-10.0,10.44030650891055,-106.69924423399362,62.7542742,62.8520838,459195571282500,459195669092100,2026-10-05T06:27:47.759696+00:00,2026-10-05T06:27:47.860131+00:00,
2,T003,SMILE_RIGHT,task,74,10,7,5,12,L6,R4,R3,L7,80000,600.0,-8.0,12.0,14.422205101855956,123.69006752597979,62.8523085,62.9510013,459195669316800,459195768009600,2026-10-05T06:27:47.860131+00:00,2026-10-05T06:27:47.966156+00:00,
2,T003,SMILE_RIGHT,task,75,10,5,3,12,L6,R3,R2,L7,80000,600.0,1.0,0.0,1.0,0.0,62.9512809,63.0479643,459195768289200,459195864972600,2026-10-05T06:27:47.966156+00:00,2026-10-05T06:27:48.062047+00:00,
2,T003,SMILE_RIGHT,task,76,10,3,1,12,L6,R2,R1,L7,80000,600.0,55.0,19.0,58.18934610390462,19.057704510128328,63.0481889,63.1451133,459195865197200,459195962121600,2026-10-05T06:27:48.062047+00:00,2026-10-05T06:27:48.160147+00:00,
2,T003,SMILE_RIGHT,task,77,10,1,0,12,L6,R1,L1,L7,80000,600.0,-59.0,-26.0,64.47480127925948,-156.21796957677864,63.1453404,63.2449304,459195962348700,459196061938700,2026-10-05T06:27:48.160147+00:00,2026-10-05T06:27:48.259883+00:00,
2,T003,SMILE_RIGHT,task,78,12,0,2,14,L7,L1,L2,L8,80000,600.0,-14.0,-2.0,14.142135623730951,-171.86989764584402,63.2451481,63.3421779,459196062156400,459196159186200,2026-10-05T06:27:48.259883+00:00,2026-10-05T06:27:48.357045+00:00,
2,T003,SMILE_RIGHT,task,79,12,2,4,14,L7,L2,L3,L8,80000,600.0,-21.0,-16.0,26.40075756488817,-142.6960517220166,63.3423774,63.4400755,459196159385700,459196257083800,2026-10-05T06:27:48.357045+00:00,2026-10-05T06:27:48.450055+00:00,
2,T003,SMILE_RIGHT,task,80,12,4,6,14,L7,L3,L4,L8,80000,600.0,18.0,25.0,30.805843601498726,54.24611274556325,63.4403546,63.5400752,459196257362900,459196357083500,2026-10-05T06:27:48.455402+00:00,2026-10-05T06:27:48.549902+00:00,
2,T003,SMILE_RIGHT,task,81,12,6,8,14,L7,L4,L5,L8,80000,600.0,-54.0,-66.0,85.27602242131137,-129.28940686250036,63.5402727,63.6409385,459196357281000,459196457946800,2026-10-05T06:27:48.549902+00:00,2026-10-05T06:27:48.655193+00:00,
2,T003,SMILE_RIGHT,task,82,12,8,10,14,L7,L5,L6,L8,80000,600.0,-101.0,-143.0,175.07141400011596,-125.2333206042273,63.6412203,63.7388894,459196458228600,459196555897700,2026-10-05T06:27:48.655193+00:00,2026-10-05T06:27:48.750160+00:00,
2,T003,SMILE_RIGHT,task,83,12,15,13,14,L7,R8,R7,L8,80000,600.0,-77.0,-115.0,138.3979768638256,-123.80488857370003,63.7391546,63.8368847,459196556162900,459196653893000,2026-10-05T06:27:48.750160+00:00,2026-10-05T06:27:48.850171+00:00,
2,T003,SMILE_RIGHT,task,84,12,13,11,14,L7,R7,R6,L8,80000,600.0,-31.0,-48.0,57.14017850864661,-122.85572195043301,63.837156,63.9328793,459196654164300,459196749887600,2026-10-05T06:27:48.850171+00:00,2026-10-05T06:27:48.939775+00:00,
2,T003,SMILE_RIGHT,task,85,12,11,9,14,L7,R6,R5,L8,80000,600.0,-8.0,-20.0,21.540659228538015,-111.80140948635182,63.9331255,64.0298848,459196750133800,459196846893100,2026-10-05T06:27:48.939775+00:00,2026-10-05T06:27:49.042132+00:00,
2,T003,SMILE_RIGHT,task,86,12,9,7,14,L7,R5,R4,L8,80000,600.0,-5.0,-11.0,12.083045973594572,-114.44395478041653,64.0301983,64.1290812,459196847206600,459196946089500,2026-10-05T06:27:49.042132+00:00,2026-10-05T06:27:49.139779+00:00,
2,T003,SMILE_RIGHT,task,87,12,7,5,14,L7,R4,R3,L8,80000,600.0,-7.0,11.0,13.038404810405298,122.47119229084849,64.1293257,64.2279415,459196946334000,459197044949800,2026-10-05T06:27:49.139779+00:00,2026-10-05T06:27:49.241759+00:00,
2,T003,SMILE_RIGHT,task,88,12,5,3,14,L7,R3,R2,L8,80000,600.0,1.0,0.0,1.0,0.0,64.2281671,64.3259577,459197045175400,459197142966000,2026-10-05T06:27:49.243359+00:00,2026-10-05T06:27:49.340069+00:00,
2,T003,SMILE_RIGHT,task,89,12,3,1,14,L7,R2,R1,L8,80000,600.0,49.0,16.0,51.54609587543949,18.08344538304866,64.3261882,64.4249918,459197143196500,459197242000100,2026-10-05T06:27:49.340069+00:00,2026-10-05T06:27:49.439838+00:00,
2,T003,SMILE_RIGHT,task,90,12,1,0,14,L7,R1,L1,L8,80000,600.0,-57.0,-33.0,65.86349520030045,-149.93141717813756,64.4251788,64.52208,459197242187100,459197339088300,2026-10-05T06:27:49.439838+00:00,2026-10-05T06:27:49.529758+00:00,
2,T003,SMILE_RIGHT,task,91,14,0,2,15,L8,L1,L2,R8,80000,600.0,-8.0,10.0,12.806248474865697,128.6598082540901,64.5222759,64.6209508,459197339284200,459197437959100,2026-10-05T06:27:49.529758+00:00,2026-10-05T06:27:49.635914+00:00,
2,T003,SMILE_RIGHT,task,92,14,2,4,15,L8,L2,L3,R8,80000,600.0,-20.0,-15.0,25.0,-143.13010235415598,64.6211597,64.7169312,459197438168000,459197533939500,2026-10-05T06:27:49.635914+00:00,2026-10-05T06:27:49.729703+00:00,
2,T003,SMILE_RIGHT,task,93,14,4,6,15,L8,L3,L4,R8,80000,600.0,18.0,25.0,30.805843601498726,54.24611274556325,64.7171427,64.8139729,459197534151000,459197630981200,2026-10-05T06:27:49.729703+00:00,2026-10-05T06:27:49.828634+00:00,
2,T003,SMILE_RIGHT,task,94,14,6,8,15,L8,L4,L5,R8,80000,600.0,-45.0,-51.0,68.01470429252781,-131.42366562500266,64.814216,64.9130772,459197631224300,459197730085500,2026-10-05T06:27:49.828634+00:00,2026-10-05T06:27:49.924463+00:00,
2,T003,SMILE_RIGHT,task,95,14,8,10,15,L8,L5,L6,R8,80000,600.0,-37.0,-41.0,55.226805085936306,-132.06432655357884,64.9133419,65.0141112,459197730350200,459197831119500,2026-10-05T06:27:49.924463+00:00,2026-10-05T06:27:50.029144+00:00,
2,T003,SMILE_RIGHT,task,96,14,10,12,15,L8,L6,L7,R8,80000,600.0,-180.0,-258.0,314.5854414940399,-124.90249561592474,65.0143103,65.1139133,459197831318600,459197930921600,2026-10-05T06:27:50.029144+00:00,2026-10-05T06:27:50.128854+00:00,
2,T003,SMILE_RIGHT,task,97,14,13,11,15,L8,R7,R6,R8,80000,600.0,-169.0,-278.0,325.33828548143543,-121.29598980085724,65.1141527,65.2129842,459197931161000,459198029992500,2026-10-05T06:27:50.128854+00:00,2026-10-05T06:27:50.227416+00:00,
2,T003,SMILE_RIGHT,task,98,14,11,9,15,L8,R6,R5,R8,80000,600.0,-36.0,-69.0,77.82673062643708,-117.5528115767178,65.213204,65.3101447,459198030212300,459198127153000,2026-10-05T06:27:50.227416+00:00,2026-10-05T06:27:50.322581+00:00,
2,T003,SMILE_RIGHT,task,99,14,9,7,15,L8,R5,R4,R8,80000,600.0,-21.0,-39.0,44.294469180700204,-118.30075576600638,65.310408,65.409908,459198127416300,459198226916300,2026-10-05T06:27:50.322581+00:00,2026-10-05T06:27:50.425056+00:00,
2,T003,SMILE_RIGHT,task,100,14,7,5,15,L8,R4,R3,R8,80000,600.0,-2.0,22.0,22.090722034374522,95.1944289077348,65.4101253,65.5079597,459198227133600,459198324968000,2026-10-05T06:27:50.425056+00:00,2026-10-05T06:27:50.522917+00:00,
2,T003,SMILE_RIGHT,task,101,14,5,3,15,L8,R3,R2,R8,80000,600.0,-2.0,-7.0,7.280109889280518,-105.94539590092286,65.5081852,65.6071263,459198325193500,459198424134600,2026-10-05T06:27:50.522917+00:00,2026-10-05T06:27:50.621655+00:00,
2,T003,SMILE_RIGHT,task,102,14,3,1,15,L8,R2,R1,R8,80000,600.0,46.0,6.0,46.389654018972806,7.431407971172507,65.6073414,65.7089941,459198424349700,459198526002400,2026-10-05T06:27:50.621655+00:00,2026-10-05T06:27:50.722550+00:00,
2,T003,SMILE_RIGHT,task,103,14,1,0,15,L8,R1,L1,R8,80000,600.0,-69.0,-47.0,83.48652585896721,-145.73889710090543,65.7092228,65.8079988,459198526231100,459198625007100,2026-10-05T06:27:50.722550+00:00,2026-10-05T06:27:50.822969+00:00,
2,T003,SMILE_RIGHT,task,104,15,0,2,13,R8,L1,L2,R7,80000,600.0,-4.0,9.0,9.848857801796104,113.96248897457819,65.8081967,65.9072472,459198625205000,459198724255500,2026-10-05T06:27:50.822969+00:00,2026-10-05T06:27:50.922343+00:00,
2,T003,SMILE_RIGHT,task,105,15,2,4,13,R8,L2,L3,R7,80000,600.0,-14.0,-7.0,15.652475842498529,-153.434948822922,65.9074699,66.0070026,459198724478200,459198824010900,2026-10-05T06:27:50.922343+00:00,2026-10-05T06:27:51.021696+00:00,
2,T003,SMILE_RIGHT,task,106,15,4,6,13,R8,L3,L4,R7,80000,600.0,11.0,12.0,16.278820596099706,47.48955292199916,66.0073128,66.1069528,459198824321100,459198923961100,2026-10-05T06:27:51.021696+00:00,2026-10-05T06:27:51.119862+00:00,
2,T003,SMILE_RIGHT,task,107,15,6,8,13,R8,L4,L5,R7,80000,600.0,-25.0,-21.0,32.64965543462902,-139.9697407281103,66.1071924,66.2039529,459198924200700,459199020961200,2026-10-05T06:27:51.119862+00:00,2026-10-05T06:27:51.210193+00:00,
2,T003,SMILE_RIGHT,task,108,15,8,10,13,R8,L5,L6,R7,80000,600.0,-17.0,-9.0,19.235384061671343,-152.10272896905238,66.2042224,66.3030172,459199021230700,459199120025500,2026-10-05T06:27:51.210193+00:00,2026-10-05T06:27:51.318079+00:00,
2,T003,SMILE_RIGHT,task,109,15,10,12,13,R8,L6,L7,R7,80000,600.0,-29.0,-54.0,61.29437168288782,-118.23744553816725,66.3032524,66.4031021,459199120260700,459199220110400,2026-10-05T06:27:51.318079+00:00,2026-10-05T06:27:51.409985+00:00,
2,T003,SMILE_RIGHT,task,110,15,12,14,13,R8,L7,L8,R7,80000,600.0,-90.0,-108.0,140.5844941663198,-129.8055710922652,66.4033366,66.5008958,459199220344900,459199317904100,2026-10-05T06:27:51.409985+00:00,2026-10-05T06:27:51.515265+00:00,
2,T003,SMILE_RIGHT,task,111,15,11,9,13,R8,R6,R5,R7,80000,600.0,-73.0,-151.0,167.72000476985446,-115.801152716148,66.501107,66.6002014,459199318115300,459199417209700,2026-10-05T06:27:51.516258+00:00,2026-10-05T06:27:51.610289+00:00,
2,T003,SMILE_RIGHT,task,112,15,9,7,13,R8,R5,R4,R7,80000,600.0,-26.0,-52.0,58.137767414994535,-116.56505117707799,66.6004192,66.7012007,459199417427500,459199518209000,2026-10-05T06:27:51.610289+00:00,2026-10-05T06:27:51.712205+00:00,
2,T003,SMILE_RIGHT,task,113,15,7,5,13,R8,R4,R3,R7,80000,600.0,0.0,27.0,27.0,90.0,66.7014051,66.8011879,459199518413400,459199618196200,2026-10-05T06:27:51.712205+00:00,2026-10-05T06:27:51.810243+00:00,
2,T003,SMILE_RIGHT,task,114,15,5,3,13,R8,R3,R2,R7,80000,600.0,-3.0,-7.0,7.615773105863909,-113.19859051364818,66.8013782,66.9000941,459199618386500,459199717102400,2026-10-05T06:27:51.810243+00:00,2026-10-05T06:27:51.910347+00:00,
2,T003,SMILE_RIGHT,task,115,15,3,1,13,R8,R2,R1,R7,80000,600.0,43.0,4.0,43.18564576337837,5.31454566994475,66.9002748,66.9990853,459199717283100,459199816093600,2026-10-05T06:27:51.910347+00:00,2026-10-05T06:27:52.010035+00:00,
2,T003,SMILE_RIGHT,task,116,15,1,0,13,R8,R1,L1,R7,80000,600.0,-61.0,-35.0,70.32780389006896,-150.15406805031262,66.9992996,67.0980948,459199816307900,459199915103100,2026-10-05T06:27:52.010035+00:00,2026-10-05T06:27:52.109888+00:00,
2,T003,SMILE_RIGHT,task,117,13,0,2,11,R7,L1,L2,R6,80000,600.0,1.0,24.0,24.020824298928627,87.61405596961119,67.0983151,67.1969348,459199915323400,459200013943100,2026-10-05T06:27:52.109888+00:00,2026-10-05T06:27:52.209869+00:00,
2,T003,SMILE_RIGHT,task,118,13,2,4,11,R7,L2,L3,R6,80000,600.0,-14.0,-7.0,15.652475842498529,-153.434948822922,67.1971517,67.2939302,459200014160000,459200110938500,2026-10-05T06:27:52.209869+00:00,2026-10-05T06:27:52.305680+00:00,
2,T003,SMILE_RIGHT,task,119,13,4,6,11,R7,L3,L4,R6,80000,600.0,11.0,19.0,21.95449840010015,59.93141717813756,67.294172,67.3939701,459200111180300,459200210978400,2026-10-05T06:27:52.305680+00:00,2026-10-05T06:27:52.408106+00:00,
2,T003,SMILE_RIGHT,task,120,13,6,8,11,R7,L4,L5,R6,80000,600.0,-25.0,-25.0,35.35533905932738,-135.0,67.3942283,67.4945273,459200211236600,459200311535600,2026-10-05T06:27:52.408106+00:00,2026-10-05T06:27:52.508854+00:00,
2,T003,SMILE_RIGHT,task,121,13,8,10,11,R7,L5,L6,R6,80000,600.0,-7.0,-1.0,7.0710678118654755,-171.86989764584402,67.4947591,67.5960029,459200311767400,459200413011200,2026-10-05T06:27:52.509888+00:00,2026-10-05T06:27:52.609789+00:00,
2,T003,SMILE_RIGHT,task,122,13,10,12,11,R7,L6,L7,R6,80000,600.0,-33.0,-30.0,44.598206241955516,-137.72631099390625,67.5962196,67.6959436,459200413227900,459200512951900,2026-10-05T06:27:52.609789+00:00,2026-10-05T06:27:52.710072+00:00,
2,T003,SMILE_RIGHT,task,123,13,12,14,11,R7,L7,L8,R6,80000,600.0,-42.0,-48.0,63.7808748764079,-131.18592516570965,67.6961722,67.7922028,459200513180500,459200609211100,2026-10-05T06:27:52.710072+00:00,2026-10-05T06:27:52.805877+00:00,
2,T003,SMILE_RIGHT,task,124,13,14,15,11,R7,L8,R8,R6,80000,600.0,-194.0,-274.0,335.72607882021913,-125.2996080560542,67.792413,67.8929009,459200609421300,459200709909200,2026-10-05T06:27:52.805877+00:00,2026-10-05T06:27:52.904673+00:00,
2,T003,SMILE_RIGHT,task,125,13,9,7,11,R7,R5,R4,R6,80000,600.0,-21.0,-57.0,60.74537019394976,-110.22485943116808,67.8931514,67.9911902,459200710159700,459200808198500,2026-10-05T06:27:52.904673+00:00,2026-10-05T06:27:53.000250+00:00,
2,T003,SMILE_RIGHT,task,126,13,7,5,11,R7,R4,R3,R6,80000,600.0,-11.0,8.0,13.601470508735444,143.9726266148964,67.9914803,68.090968,459200808488600,459200907976300,2026-10-05T06:27:53.006664+00:00,2026-10-05T06:27:53.105300+00:00,
2,T003,SMILE_RIGHT,task,127,13,5,3,11,R7,R3,R2,R6,80000,600.0,-3.0,-12.0,12.36931687685298,-104.03624346792648,68.0912308,68.1890611,459200908239100,459201006069400,2026-10-05T06:27:53.105300+00:00,2026-10-05T06:27:53.204034+00:00,
2,T003,SMILE_RIGHT,task,128,13,3,1,11,R7,R2,R1,R6,80000,600.0,28.0,-18.0,33.28663395418648,-32.7352262721076,68.1893177,68.2899573,459201006326000,459201106965600,2026-10-05T06:27:53.204034+00:00,2026-10-05T06:27:53.304895+00:00,
2,T003,SMILE_RIGHT,task,129,13,1,0,11,R7,R1,L1,R6,80000,600.0,-54.0,-34.0,63.812224534175265,-147.80426606528675,68.2902201,68.3889022,459201107228400,459201205910500,2026-10-05T06:27:53.304895+00:00,2026-10-05T06:27:53.404063+00:00,
2,T003,SMILE_RIGHT,task,130,11,0,2,9,R6,L1,L2,R5,80000,600.0,-11.0,5.0,12.083045973594572,155.55604521958347,68.3891327,68.4880845,459201206141000,459201305092800,2026-10-05T06:27:53.404063+00:00,2026-10-05T06:27:53.499955+00:00,
2,T003,SMILE_RIGHT,task,131,11,2,4,9,R6,L2,L3,R5,80000,600.0,-20.0,-13.0,23.853720883753127,-146.97613244420336,68.4882869,68.5880917,459201305295200,459201405100000,2026-10-05T06:27:53.499955+00:00,2026-10-05T06:27:53.603127+00:00,
2,T003,SMILE_RIGHT,task,132,11,4,6,9,R6,L3,L4,R5,80000,600.0,-2.0,-5.0,5.385164807134504,-111.80140948635182,68.5883109,68.6880915,459201405319200,459201505099800,2026-10-05T06:27:53.603127+00:00,2026-10-05T06:27:53.699945+00:00,
2,T003,SMILE_RIGHT,task,133,11,6,8,9,R6,L4,L5,R5,80000,600.0,-12.0,-9.0,15.0,-143.13010235415598,68.6883285,68.7881238,459201505336800,459201605132100,2026-10-05T06:27:53.699945+00:00,2026-10-05T06:27:53.800036+00:00,
2,T003,SMILE_RIGHT,task,134,11,8,10,9,R6,L5,L6,R5,80000,600.0,-48.0,3.0,48.093658625644196,176.42366562500266,68.7883224,68.8850975,459201605330700,459201702105800,2026-10-05T06:27:53.800036+00:00,2026-10-05T06:27:53.900127+00:00,
2,T003,SMILE_RIGHT,task,135,11,10,12,9,R6,L6,L7,R5,80000,600.0,-14.0,-14.0,19.79898987322333,-135.0,68.8853251,68.9881673,459201702333400,459201805175600,2026-10-05T06:27:53.900127+00:00,2026-10-05T06:27:54.000373+00:00,
2,T003,SMILE_RIGHT,task,136,11,12,14,9,R6,L7,L8,R5,80000,600.0,-14.0,-14.0,19.79898987322333,-135.0,68.9883653,69.0830792,459201805373600,459201900087500,2026-10-05T06:27:54.000373+00:00,2026-10-05T06:27:54.090078+00:00,
2,T003,SMILE_RIGHT,task,137,11,14,15,9,R6,L8,R8,R5,80000,600.0,-43.0,-62.0,75.45197147855052,-124.74318015830362,69.0832926,69.1830844,459201900300900,459202000092700,2026-10-05T06:27:54.090078+00:00,2026-10-05T06:27:54.190485+00:00,
2,T003,SMILE_RIGHT,task,138,11,15,13,9,R6,R8,R7,R5,80000,600.0,-90.0,-140.0,166.43316977093238,-122.7352262721076,69.1832962,69.2820971,459202000304500,459202099105400,2026-10-05T06:27:54.190485+00:00,2026-10-05T06:27:54.290804+00:00,
2,T003,SMILE_RIGHT,task,139,11,7,5,9,R6,R4,R3,R5,80000,600.0,178.0,292.0,341.9766073871135,58.63397278940437,69.2823697,69.3830938,459202099378000,459202200102100,2026-10-05T06:27:54.290804+00:00,2026-10-05T06:27:54.392250+00:00,
2,T003,SMILE_RIGHT,task,140,11,5,3,9,R6,R3,R2,R5,80000,600.0,-97.0,-147.0,176.11927776367924,-123.41938081777191,69.3833223,69.4830923,459202200330600,459202300100600,2026-10-05T06:27:54.392250+00:00,2026-10-05T06:27:54.489759+00:00,
2,T003,SMILE_RIGHT,task,141,11,3,1,9,R6,R2,R1,R5,80000,600.0,-29.0,-125.0,128.3199127181748,-103.06155108332811,69.4833381,69.5830739,459202300346400,459202400082200,2026-10-05T06:27:54.489759+00:00,2026-10-05T06:27:54.590939+00:00,
2,T003,SMILE_RIGHT,task,142,11,1,0,9,R6,R1,L1,R5,80000,600.0,-77.0,-56.0,95.2102935611481,-143.9726266148964,69.583277,69.6830981,459202400285300,459202500106400,2026-10-05T06:27:54.590939+00:00,2026-10-05T06:27:54.690006+00:00,
2,T003,SMILE_RIGHT,task,143,9,0,2,7,R5,L1,L2,R4,80000,600.0,22.0,58.0,62.03224967708329,69.22774531795417,69.6833057,69.7820772,459202500314000,459202599085500,2026-10-05T06:27:54.690006+00:00,2026-10-05T06:27:54.790859+00:00,
2,T003,SMILE_RIGHT,task,144,9,2,4,7,R5,L2,L3,R4,80000,600.0,-11.0,-7.0,13.038404810405298,-147.52880770915152,69.7822972,69.8820769,459202599305500,459202699085200,2026-10-05T06:27:54.790859+00:00,2026-10-05T06:27:54.891104+00:00,
2,T003,SMILE_RIGHT,task,145,9,4,6,7,R5,L3,L4,R4,80000,600.0,37.0,40.0,54.48853090330111,47.23117460803125,69.8822957,69.982262,459202699304000,459202799270300,2026-10-05T06:27:54.891104+00:00,2026-10-05T06:27:54.993771+00:00,
2,T003,SMILE_RIGHT,task,146,9,6,8,7,R5,L4,L5,R4,80000,600.0,-46.0,-43.0,62.96824596572466,-136.93058744116698,69.9824666,70.084926,459202799474900,459202901934300,2026-10-05T06:27:54.993771+00:00,2026-10-05T06:27:55.099904+00:00,
2,T003,SMILE_RIGHT,task,147,9,8,10,7,R5,L5,L6,R4,80000,600.0,-16.0,4.0,16.492422502470642,165.96375653207352,70.0851164,70.1841812,459202902124700,459203001189500,2026-10-05T06:27:55.099904+00:00,2026-10-05T06:27:55.190213+00:00,
2,T003,SMILE_RIGHT,task,148,9,10,12,7,R5,L6,L7,R4,80000,600.0,-16.0,-17.0,23.345235059857504,-133.26429541107163,70.1843786,70.2830841,459203001386900,459203100092400,2026-10-05T06:27:55.190213+00:00,2026-10-05T06:27:55.290943+00:00,
2,T003,SMILE_RIGHT,task,149,9,12,14,7,R5,L7,L8,R4,80000,600.0,-19.0,-8.0,20.615528128088304,-157.16634582208246,70.2832976,70.3811929,459203100305900,459203198201200,2026-10-05T06:27:55.290943+00:00,2026-10-05T06:27:55.391859+00:00,
2,T003,SMILE_RIGHT,task,150,9,14,15,7,R5,L8,R8,R4,80000,600.0,-35.0,-36.0,50.20956084253277,-134.19307054489764,70.3814034,70.4822582,459203198411700,459203299266500,2026-10-05T06:27:55.391859+00:00,2026-10-05T06:27:55.497204+00:00,
2,T003,SMILE_RIGHT,task,151,9,15,13,7,R5,R8,R7,R4,80000,600.0,-45.0,-47.0,65.06919393998976,-133.75463573323165,70.4825471,70.5800909,459203299555400,459203397099200,2026-10-05T06:27:55.497204+00:00,2026-10-05T06:27:55.592102+00:00,
2,T003,SMILE_RIGHT,task,152,9,13,11,7,R5,R7,R6,R4,80000,600.0,-41.0,-47.0,62.369864518050704,-131.09950625761812,70.5803025,70.6809414,459203397310800,459203497949700,2026-10-05T06:27:55.592102+00:00,2026-10-05T06:27:55.695995+00:00,
2,T003,SMILE_RIGHT,task,153,9,5,3,7,R5,R3,R2,R4,80000,600.0,153.0,198.0,250.2258979402412,52.30575953331083,70.6811951,70.778101,459203498203400,459203595109300,2026-10-05T06:27:55.695995+00:00,2026-10-05T06:27:55.790347+00:00,
2,T003,SMILE_RIGHT,task,154,9,3,1,7,R5,R2,R1,R4,80000,600.0,51.0,2.0,51.03920062069938,2.2457425658950716,70.7783486,70.8769966,459203595356900,459203694004900,2026-10-05T06:27:55.790347+00:00,2026-10-05T06:27:55.892039+00:00,
2,T003,SMILE_RIGHT,task,155,9,1,0,7,R5,R1,L1,R4,80000,600.0,-32.0,5.0,32.38826948140329,171.11934084947978,70.8772355,70.9739553,459203694243800,459203790963600,2026-10-05T06:27:55.892039+00:00,2026-10-05T06:27:55.988572+00:00,
2,T003,SMILE_RIGHT,task,156,7,0,2,5,R4,L1,L2,R3,80000,600.0,-28.0,-21.0,35.0,-143.13010235415598,70.9742176,71.0741115,459203791225900,459203891119800,2026-10-05T06:27:55.988572+00:00,2026-10-05T06:27:56.082367+00:00,
2,T003,SMILE_RIGHT,task,157,7,2,4,5,R4,L2,L3,R3,80000,600.0,-12.0,-3.0,12.36931687685298,-165.96375653207352,71.0743126,71.1720783,459203891320900,459203989086600,2026-10-05T06:27:56.082367+00:00,2026-10-05T06:27:56.179910+00:00,
2,T003,SMILE_RIGHT,task,158,7,4,6,5,R4,L3,L4,R3,80000,600.0,-30.0,-24.0,38.41874542459709,-141.34019174590992,71.1723079,71.2710848,459203989316200,459204088093100,2026-10-05T06:27:56.179910+00:00,2026-10-05T06:27:56.283323+00:00,
2,T003,SMILE_RIGHT,task,159,7,6,8,5,R4,L4,L5,R3,80000,600.0,0.0,21.0,21.0,90.0,71.2712969,71.3681101,459204088305200,459204185118400,2026-10-05T06:27:56.283323+00:00,2026-10-05T06:27:56.380080+00:00,
2,T003,SMILE_RIGHT,task,160,7,8,10,5,R4,L5,L6,R3,80000,600.0,1.0,-3.0,3.1622776601683795,-71.56505117707799,71.3683772,71.4649383,459204185385500,459204281946600,2026-10-05T06:27:56.380080+00:00,2026-10-05T06:27:56.479887+00:00,
2,T003,SMILE_RIGHT,task,161,7,10,12,5,R4,L6,L7,R3,80000,600.0,0.0,5.0,5.0,90.0,71.4651683,71.564092,459204282176600,459204381100300,2026-10-05T06:27:56.479887+00:00,2026-10-05T06:27:56.572513+00:00,
2,T003,SMILE_RIGHT,task,162,7,12,14,5,R4,L7,L8,R3,80000,600.0,-1.0,10.0,10.04987562112089,95.71059313749964,71.5642981,71.6620979,459204381306400,459204479106200,2026-10-05T06:27:56.572513+00:00,2026-10-05T06:27:56.671647+00:00,
2,T003,SMILE_RIGHT,task,163,7,14,15,5,R4,L8,R8,R3,80000,600.0,8.0,18.0,19.697715603592208,66.03751102542182,71.6623061,71.7612079,459204479314400,459204578216200,2026-10-05T06:27:56.671647+00:00,2026-10-05T06:27:56.774555+00:00,
2,T003,SMILE_RIGHT,task,164,7,15,13,5,R4,R8,R7,R3,80000,600.0,9.0,20.0,21.93171219946131,65.77225468204583,71.7614366,71.8601095,459204578444900,459204677117800,2026-10-05T06:27:56.774555+00:00,2026-10-05T06:27:56.871837+00:00,
2,T003,SMILE_RIGHT,task,165,7,13,11,5,R4,R7,R6,R3,80000,600.0,0.0,12.0,12.0,90.0,71.8603277,71.9580135,459204677336000,459204775021800,2026-10-05T06:27:56.871837+00:00,2026-10-05T06:27:56.972862+00:00,
2,T003,SMILE_RIGHT,task,166,7,11,9,5,R4,R6,R5,R3,80000,600.0,192.0,269.0,330.49205739321485,54.482475488767854,71.9582163,72.0561037,459204775224600,459204873112000,2026-10-05T06:27:56.972862+00:00,2026-10-05T06:27:57.070032+00:00,
2,T003,SMILE_RIGHT,task,167,7,3,1,5,R4,R2,R1,R3,80000,600.0,-248.0,-401.0,471.49231170826107,-121.73487906463586,72.0563086,72.1540828,459204873316900,459204971091100,2026-10-05T06:27:57.070032+00:00,2026-10-05T06:27:57.169044+00:00,
2,T003,SMILE_RIGHT,task,168,7,1,0,5,R4,R1,L1,R3,80000,600.0,-82.0,-69.0,107.16809226630845,-139.92061603636398,72.1542849,72.2528936,459204971293200,459205069901900,2026-10-05T06:27:57.169044+00:00,2026-10-05T06:27:57.263202+00:00,
2,T003,SMILE_RIGHT,task,169,5,0,2,3,R3,L1,L2,R2,80000,600.0,6.0,27.0,27.65863337187866,77.47119229084849,72.2531392,72.3521902,459205070147500,459205169198500,2026-10-05T06:27:57.263202+00:00,2026-10-05T06:27:57.360002+00:00,
2,T003,SMILE_RIGHT,task,170,5,2,4,3,R3,L2,L3,R2,80000,600.0,-19.0,-12.0,22.47220505424423,-147.72435568542238,72.3524397,72.4490937,459205169448000,459205266102000,2026-10-05T06:27:57.360002+00:00,2026-10-05T06:27:57.459765+00:00,
2,T003,SMILE_RIGHT,task,171,5,4,6,3,R3,L3,L4,R2,80000,600.0,-18.0,3.0,18.24828759089466,170.53767779197437,72.4492956,72.5460058,459205266303900,459205363014100,2026-10-05T06:27:57.459765+00:00,2026-10-05T06:27:57.560696+00:00,
2,T003,SMILE_RIGHT,task,172,5,6,8,3,R3,L4,L5,R2,80000,600.0,2.0,-8.0,8.246211251235321,-75.96375653207353,72.5461707,72.6441041,459205363179000,459205461112400,2026-10-05T06:27:57.560696+00:00,2026-10-05T06:27:57.656068+00:00,
2,T003,SMILE_RIGHT,task,173,5,8,10,3,R3,L5,L6,R2,80000,600.0,-12.0,-1.0,12.041594578792296,-175.2363583092738,72.6443282,72.7431022,459205461336500,459205560110500,2026-10-05T06:27:57.656068+00:00,2026-10-05T06:27:57.755084+00:00,
2,T003,SMILE_RIGHT,task,174,5,10,12,3,R3,L6,L7,R2,80000,600.0,-9.0,-7.0,11.40175425099138,-142.12501634890182,72.7433243,72.8390817,459205560332600,459205656090000,2026-10-05T06:27:57.755084+00:00,2026-10-05T06:27:57.849868+00:00,
2,T003,SMILE_RIGHT,task,175,5,12,14,3,R3,L7,L8,R2,80000,600.0,-11.0,1.0,11.045361017187261,174.8055710922652,72.8392668,72.9369385,459205656275100,459205753946800,2026-10-05T06:27:57.849868+00:00,2026-10-05T06:27:57.949719+00:00,
2,T003,SMILE_RIGHT,task,176,5,14,15,3,R3,L8,R8,R2,80000,600.0,-13.0,-7.0,14.7648230602334,-151.69924423399362,72.9371994,73.0369396,459205754207700,459205853947900,2026-10-05T06:27:57.949719+00:00,2026-10-05T06:27:58.049767+00:00,
2,T003,SMILE_RIGHT,task,177,5,15,13,3,R3,R8,R7,R2,80000,600.0,-16.0,-9.0,18.35755975068582,-150.64224645720873,73.0371606,73.1349278,459205854168900,459205951936100,2026-10-05T06:27:58.049767+00:00,2026-10-05T06:27:58.149898+00:00,
2,T003,SMILE_RIGHT,task,178,5,13,11,3,R3,R7,R6,R2,80000,600.0,-16.0,-6.0,17.08800749063506,-159.44395478041653,73.1351335,73.2330225,459205952141800,459206050030800,2026-10-05T06:27:58.149898+00:00,2026-10-05T06:27:58.240917+00:00,
2,T003,SMILE_RIGHT,task,179,5,11,9,3,R3,R6,R5,R2,80000,600.0,-136.0,-146.0,199.52944644838766,-132.9690857631469,73.2334809,73.3320856,459206050489200,459206149093900,2026-10-05T06:27:58.240917+00:00,2026-10-05T06:27:58.339866+00:00,
2,T003,SMILE_RIGHT,task,180,5,9,7,3,R3,R5,R4,R2,80000,600.0,176.0,211.0,274.7671741675122,50.16773003757358,73.3323814,73.4310782,459206149389700,459206248086500,2026-10-05T06:27:58.339866+00:00,2026-10-05T06:27:58.441454+00:00,
2,T003,SMILE_RIGHT,task,181,5,1,0,3,R3,R1,L1,R2,80000,600.0,-55.0,-32.0,63.631753079732135,-149.8083770390424,73.4313063,73.5300902,459206248314600,459206347098500,2026-10-05T06:27:58.441454+00:00,2026-10-05T06:27:58.539759+00:00,
2,T003,SMILE_RIGHT,task,182,3,0,2,1,R2,L1,L2,R1,80000,600.0,-267.0,-225.0,349.1618535865566,-139.87927378300674,73.5303179,73.6309546,459206347326200,459206447962900,2026-10-05T06:27:58.539759+00:00,2026-10-05T06:27:58.645355+00:00,
2,T003,SMILE_RIGHT,task,183,3,2,4,1,R2,L2,L3,R1,80000,600.0,-26.0,2.0,26.076809620810597,175.6012946450045,73.6311808,73.729041,459206448189100,459206546049300,2026-10-05T06:27:58.646349+00:00,2026-10-05T06:27:58.739699+00:00,
2,T003,SMILE_RIGHT,task,184,3,4,6,1,R2,L3,L4,R1,80000,600.0,-13.0,-13.0,18.384776310850235,-135.0,73.7292754,73.8279061,459206546283700,459206644914400,2026-10-05T06:27:58.739699+00:00,2026-10-05T06:27:58.842689+00:00,
2,T003,SMILE_RIGHT,task,185,3,6,8,1,R2,L4,L5,R1,80000,600.0,9.0,17.0,19.235384061671343,62.10272896905237,73.8281697,73.925138,459206645178000,459206742146300,2026-10-05T06:27:58.842689+00:00,2026-10-05T06:27:58.940059+00:00,
2,T003,SMILE_RIGHT,task,186,3,8,10,1,R2,L5,L6,R1,80000,600.0,-23.0,3.0,23.194827009486403,172.56859202882748,73.9253563,74.0241881,459206742364600,459206841196400,2026-10-05T06:27:58.940059+00:00,2026-10-05T06:27:59.037275+00:00,
2,T003,SMILE_RIGHT,task,187,3,10,12,1,R2,L6,L7,R1,80000,600.0,-8.0,-1.0,8.06225774829855,-172.8749836510982,74.024767,74.1240342,459206841775300,459206941042500,2026-10-05T06:27:59.039836+00:00,2026-10-05T06:27:59.139005+00:00,
2,T003,SMILE_RIGHT,task,188,3,12,14,1,R2,L7,L8,R1,80000,600.0,-14.0,9.0,16.64331697709324,147.2647737278924,74.124254,74.2230785,459206941262300,459207040086800,2026-10-05T06:27:59.139005+00:00,2026-10-05T06:27:59.230108+00:00,
2,T003,SMILE_RIGHT,task,189,3,14,15,1,R2,L8,R8,R1,80000,600.0,-15.0,-2.0,15.132745950421556,-172.40535663140858,74.2232554,74.3220785,459207040263700,459207139086800,2026-10-05T06:27:59.230108+00:00,2026-10-05T06:27:59.329675+00:00,
2,T003,SMILE_RIGHT,task,190,3,15,13,1,R2,R8,R7,R1,80000,600.0,-20.0,-4.0,20.396078054371138,-168.6900675259798,74.3222803,74.4199653,459207139288600,459207236973600,2026-10-05T06:27:59.329675+00:00,2026-10-05T06:27:59.433822+00:00,
2,T003,SMILE_RIGHT,task,191,3,13,11,1,R2,R7,R6,R1,80000,600.0,-34.0,-9.0,35.17101079013795,-165.17352002964432,74.4201954,74.5181809,459207237203700,459207335189200,2026-10-05T06:27:59.433822+00:00,2026-10-05T06:27:59.530053+00:00,
2,T003,SMILE_RIGHT,task,192,3,11,9,1,R2,R6,R5,R1,80000,600.0,-107.0,-93.0,141.76741515595182,-139.0041729407094,74.5184707,74.6200865,459207335479000,459207437094800,2026-10-05T06:27:59.530053+00:00,2026-10-05T06:27:59.630082+00:00,
2,T003,SMILE_RIGHT,task,193,3,9,7,1,R2,R5,R4,R1,80000,600.0,-9.0,-1.0,9.055385138137417,-173.6598082540901,74.6203133,74.7190922,459207437321600,459207536100500,2026-10-05T06:27:59.630082+00:00,2026-10-05T06:27:59.729866+00:00,
2,T003,SMILE_RIGHT,task,194,3,7,5,1,R2,R4,R3,R1,80000,600.0,-345.0,-291.0,451.33801080786446,-139.85309638699238,74.7193025,74.8180874,459207536310800,459207635095700,2026-10-05T06:27:59.729866+00:00,2026-10-05T06:27:59.829949+00:00,
2,T003,SMILE_RIGHT,task,195,1,2,4,0,R1,L2,L3,L1,80000,600.0,9.0,21.0,22.847319317591726,66.80140948635182,74.8183038,74.9160078,459207635312100,459207733016100,2026-10-05T06:27:59.829949+00:00,2026-10-05T06:27:59.929924+00:00,
2,T003,SMILE_RIGHT,task,196,1,4,6,0,R1,L3,L4,L1,80000,600.0,-16.0,-26.0,30.528675044947494,-121.60750224624891,74.9162057,75.0119821,459207733214000,459207828990400,2026-10-05T06:27:59.929924+00:00,2026-10-05T06:28:00.026559+00:00,
2,T003,SMILE_RIGHT,task,197,1,6,8,0,R1,L4,L5,L1,80000,600.0,6.0,30.0,30.59411708155671,78.69006752597979,75.0122762,75.1152259,459207829284500,459207932234200,2026-10-05T06:28:00.026559+00:00,2026-10-05T06:28:00.130014+00:00,
2,T003,SMILE_RIGHT,task,198,1,8,10,0,R1,L5,L6,L1,80000,600.0,-7.0,-6.0,9.219544457292887,-139.39870535499554,75.115468,75.2129333,459207932476300,459208029941600,2026-10-05T06:28:00.130014+00:00,2026-10-05T06:28:00.224414+00:00,
2,T003,SMILE_RIGHT,task,199,1,10,12,0,R1,L6,L7,L1,80000,600.0,-9.0,-6.0,10.816653826391969,-146.30993247402023,75.2131731,75.3120834,459208030181400,459208129091700,2026-10-05T06:28:00.224414+00:00,2026-10-05T06:28:00.323960+00:00,
2,T003,SMILE_RIGHT,task,200,1,12,14,0,R1,L7,L8,L1,80000,600.0,-12.0,-3.0,12.36931687685298,-165.96375653207352,75.3122967,75.4091754,459208129305000,459208226183700,2026-10-05T06:28:00.323960+00:00,2026-10-05T06:28:00.423356+00:00,
2,T003,SMILE_RIGHT,task,201,1,14,15,0,R1,L8,R8,L1,80000,600.0,-17.0,-13.0,21.400934559032695,-142.59464336859145,75.4093996,75.5096451,459208226407900,459208326653400,2026-10-05T06:28:00.423356+00:00,2026-10-05T06:28:00.523344+00:00,
2,T003,SMILE_RIGHT,task,202,1,15,13,0,R1,R8,R7,L1,80000,600.0,-14.0,-8.0,16.1245154965971,-150.25511870305778,75.5098645,75.6095174,459208326872800,459208426525700,2026-10-05T06:28:00.523344+00:00,2026-10-05T06:28:00.623542+00:00,
2,T003,SMILE_RIGHT,task,203,1,13,11,0,R1,R7,R6,L1,80000,600.0,-3.0,4.0,5.0,126.86989764584402,75.6097409,75.7110977,459208426749200,459208528106000,2026-10-05T06:28:00.623542+00:00,2026-10-05T06:28:00.723590+00:00,
2,T003,SMILE_RIGHT,task,204,1,11,9,0,R1,R6,R5,L1,80000,600.0,-29.0,-18.0,34.132096331752024,-148.17255342332692,75.7113138,75.8082147,459208528322100,459208625223000,2026-10-05T06:28:00.723590+00:00,2026-10-05T06:28:00.821972+00:00,
2,T003,SMILE_RIGHT,task,205,1,9,7,0,R1,R5,R4,L1,80000,600.0,38.0,35.0,51.66236541235796,42.6467031338917,75.8084679,75.9069554,459208625476200,459208723963700,2026-10-05T06:28:00.823475+00:00,2026-10-05T06:28:00.921613+00:00,
2,T003,SMILE_RIGHT,task,206,1,7,5,0,R1,R4,R3,L1,80000,600.0,-48.0,-21.0,52.392747589718944,-156.3706222693432,75.9071741,76.0059458,459208724182400,459208822954100,2026-10-05T06:28:00.921613+00:00,2026-10-05T06:28:01.019861+00:00,
2,T003,SMILE_RIGHT,task,207,1,5,3,0,R1,R3,R2,L1,80000,600.0,2.0,8.0,8.246211251235321,75.96375653207353,76.0061682,76.1059591,459208823176500,459208922967400,2026-10-05T06:28:01.019861+00:00,2026-10-05T06:28:01.121120+00:00,
3,T004,SMILE_BOTH,task,0,0,4,6,2,L1,L3,L4,L2,80000,600.0,-179.0,-266.0,320.61971243203374,-123.93788509614889,78.255324,78.3550091,459211072332300,459211172017400,2026-10-05T06:28:03.270052+00:00,2026-10-05T06:28:03.370018+00:00,
3,T004,SMILE_BOTH,task,1,0,6,8,2,L1,L4,L5,L2,80000,600.0,-65.0,-70.0,95.524865872714,-132.87890360333856,78.3552773,78.4533766,459211172285600,459211270384900,2026-10-05T06:28:03.370018+00:00,2026-10-05T06:28:03.460151+00:00,
3,T004,SMILE_BOTH,task,2,0,8,10,2,L1,L5,L6,L2,80000,600.0,-52.0,-67.0,84.81155581640984,-127.81573260757315,78.4536427,78.5530264,459211270651000,459211370034700,2026-10-05T06:28:03.468712+00:00,2026-10-05T06:28:03.560026+00:00,
3,T004,SMILE_BOTH,task,3,0,10,12,2,L1,L6,L7,L2,80000,600.0,-22.0,-36.0,42.190046219457976,-121.42956561483851,78.5532407,78.6520281,459211370249000,459211469036400,2026-10-05T06:28:03.560026+00:00,2026-10-05T06:28:03.659898+00:00,
3,T004,SMILE_BOTH,task,4,0,12,14,2,L1,L7,L8,L2,80000,600.0,-12.0,-1.0,12.041594578792296,-175.2363583092738,78.652251,78.7500821,459211469259300,459211567090400,2026-10-05T06:28:03.659898+00:00,2026-10-05T06:28:03.765236+00:00,
3,T004,SMILE_BOTH,task,5,0,14,15,2,L1,L8,R8,L2,80000,600.0,-9.0,0.0,9.0,180.0,78.7502859,78.8499262,459211567294200,459211666934500,2026-10-05T06:28:03.765236+00:00,2026-10-05T06:28:03.864959+00:00,
3,T004,SMILE_BOTH,task,6,0,15,13,2,L1,R8,R7,L2,80000,600.0,-7.0,-3.0,7.615773105863909,-156.80140948635182,78.8501492,78.949058,459211667157500,459211766066300,2026-10-05T06:28:03.864959+00:00,2026-10-05T06:28:03.959902+00:00,
3,T004,SMILE_BOTH,task,7,0,13,11,2,L1,R7,R6,L2,80000,600.0,4.0,20.0,20.396078054371138,78.69006752597979,78.9493485,79.0520929,459211766356800,459211869101200,2026-10-05T06:28:03.959902+00:00,2026-10-05T06:28:04.067159+00:00,
3,T004,SMILE_BOTH,task,8,0,11,9,2,L1,R6,R5,L2,80000,600.0,-12.0,-4.0,12.649110640673518,-161.565051177078,79.0523166,79.1500271,459211869324900,459211967035400,2026-10-05T06:28:04.067159+00:00,2026-10-05T06:28:04.159782+00:00,
3,T004,SMILE_BOTH,task,9,0,9,7,2,L1,R5,R4,L2,80000,600.0,36.0,51.0,62.42595614005443,54.78240703180729,79.1502466,79.2481913,459211967254900,459212065199600,2026-10-05T06:28:04.159782+00:00,2026-10-05T06:28:04.260186+00:00,
3,T004,SMILE_BOTH,task,10,0,7,5,2,L1,R4,R3,L2,80000,600.0,-38.0,-26.0,46.04345773288535,-145.61965527615513,79.2483842,79.3469083,459212065392500,459212163916600,2026-10-05T06:28:04.260186+00:00,2026-10-05T06:28:04.359976+00:00,
3,T004,SMILE_BOTH,task,11,0,5,3,2,L1,R3,R2,L2,80000,600.0,16.0,20.0,25.612496949731394,51.34019174590991,79.3471224,79.4429425,459212164130700,459212259950800,2026-10-05T06:28:04.359976+00:00,2026-10-05T06:28:04.456894+00:00,
3,T004,SMILE_BOTH,task,12,0,3,1,2,L1,R2,R1,L2,80000,600.0,-224.0,-301.0,375.2026119312071,-126.6561084159669,79.4431252,79.54192,459212260133500,459212358928300,2026-10-05T06:28:04.456894+00:00,2026-10-05T06:28:04.556887+00:00,
3,T004,SMILE_BOTH,task,13,2,6,8,4,L2,L4,L5,L3,80000,600.0,131.0,196.0,235.74774654278247,56.242525705691904,79.5421782,79.6459454,459212359186500,459212462953700,2026-10-05T06:28:04.556887+00:00,2026-10-05T06:28:04.659862+00:00,
3,T004,SMILE_BOTH,task,14,2,8,10,4,L2,L5,L6,L3,80000,600.0,-90.0,-125.0,154.02921800749363,-125.75388725443676,79.6461234,79.7440513,459212463131700,459212561059600,2026-10-05T06:28:04.659862+00:00,2026-10-05T06:28:04.755948+00:00,
3,T004,SMILE_BOTH,task,15,2,10,12,4,L2,L6,L7,L3,80000,600.0,-18.0,-29.0,34.132096331752024,-121.82744657667313,79.7442591,79.8459198,459212561267400,459212662928100,2026-10-05T06:28:04.755948+00:00,2026-10-05T06:28:04.859646+00:00,
3,T004,SMILE_BOTH,task,16,2,12,14,4,L2,L7,L8,L3,80000,600.0,-15.0,-11.0,18.601075237738275,-143.74616226255523,79.8460885,79.9448884,459212663096800,459212761896700,2026-10-05T06:28:04.859646+00:00,2026-10-05T06:28:04.959808+00:00,
3,T004,SMILE_BOTH,task,17,2,14,15,4,L2,L8,R8,L3,80000,600.0,-15.0,-12.0,19.209372712298546,-141.34019174590992,79.9450979,80.052318,459212762106200,459212869326300,2026-10-05T06:28:04.959808+00:00,2026-10-05T06:28:05.067386+00:00,
3,T004,SMILE_BOTH,task,18,2,15,13,4,L2,R8,R7,L3,80000,600.0,-8.0,-5.0,9.433981132056603,-147.9946167919165,80.0525957,80.1521662,459212869604000,459212969174500,2026-10-05T06:28:05.067386+00:00,2026-10-05T06:28:05.159899+00:00,
3,T004,SMILE_BOTH,task,19,2,13,11,4,L2,R7,R6,L3,80000,600.0,-6.0,3.0,6.708203932499369,153.434948822922,80.1523738,80.251096,459212969382100,459213068104300,2026-10-05T06:28:05.159899+00:00,2026-10-05T06:28:05.259970+00:00,
3,T004,SMILE_BOTH,task,20,2,11,9,4,L2,R6,R5,L3,80000,600.0,-15.0,-9.0,17.4928556845359,-149.03624346792648,80.2513517,80.3510259,459213068360000,459213168034200,2026-10-05T06:28:05.259970+00:00,2026-10-05T06:28:05.359710+00:00,
3,T004,SMILE_BOTH,task,21,2,9,7,4,L2,R5,R4,L3,80000,600.0,6.0,2.0,6.324555320336759,18.43494882292201,80.3512306,80.4480386,459213168238900,459213265046900,2026-10-05T06:28:05.359710+00:00,2026-10-05T06:28:05.459884+00:00,
3,T004,SMILE_BOTH,task,22,2,7,5,4,L2,R4,R3,L3,80000,600.0,-17.0,4.0,17.46424919657298,166.75948008481282,80.4482419,80.5458991,459213265250200,459213362907400,2026-10-05T06:28:05.459884+00:00,2026-10-05T06:28:05.560051+00:00,
3,T004,SMILE_BOTH,task,23,2,5,3,4,L2,R3,R2,L3,80000,600.0,-5.0,-3.0,5.830951894845301,-149.03624346792648,80.54611,80.6439004,459213363118300,459213460908700,2026-10-05T06:28:05.560051+00:00,2026-10-05T06:28:05.655155+00:00,
3,T004,SMILE_BOTH,task,24,2,3,1,4,L2,R2,R1,L3,80000,600.0,40.0,29.0,49.4064773081425,35.94211187138234,80.6441066,80.7429144,459213461114900,459213559922700,2026-10-05T06:28:05.655155+00:00,2026-10-05T06:28:05.757129+00:00,
3,T004,SMILE_BOTH,task,25,2,1,0,4,L2,R1,L1,L3,80000,600.0,-29.0,5.0,29.427877939124322,170.21759296819272,80.7431214,80.8419219,459213560129700,459213658930200,2026-10-05T06:28:05.757129+00:00,2026-10-05T06:28:05.855963+00:00,
3,T004,SMILE_BOTH,task,26,4,0,2,6,L3,L1,L2,L4,80000,600.0,-226.0,-261.0,345.2491853719571,-130.88930116434744,80.8421373,80.9378998,459213659145600,459213754908100,2026-10-05T06:28:05.855963+00:00,2026-10-05T06:28:05.953077+00:00,
3,T004,SMILE_BOTH,task,27,4,8,10,6,L3,L5,L6,L4,80000,600.0,143.0,204.0,249.12848090894786,54.97029761054876,80.9381074,81.03697,459213755115700,459213853978300,2026-10-05T06:28:05.953077+00:00,2026-10-05T06:28:06.049890+00:00,
3,T004,SMILE_BOTH,task,28,4,10,12,6,L3,L6,L7,L4,80000,600.0,11.0,17.0,20.248456731316587,57.094757077012105,81.0372269,81.1359501,459213854235200,459213952958400,2026-10-05T06:28:06.049890+00:00,2026-10-05T06:28:06.151149+00:00,
3,T004,SMILE_BOTH,task,29,4,12,14,6,L3,L7,L8,L4,80000,600.0,11.0,26.0,28.231188426986208,67.06789956241022,81.1361879,81.2328988,459213953196200,459214049907100,2026-10-05T06:28:06.151149+00:00,2026-10-05T06:28:06.247913+00:00,
3,T004,SMILE_BOTH,task,30,4,14,15,6,L3,L8,R8,L4,80000,600.0,9.0,22.0,23.769728648009426,67.75097634278764,81.2332454,81.3309625,459214050253700,459214147970800,2026-10-05T06:28:06.247913+00:00,2026-10-05T06:28:06.346126+00:00,
3,T004,SMILE_BOTH,task,31,4,15,13,6,L3,R8,R7,L4,80000,600.0,-1.0,5.0,5.0990195135927845,101.30993247402021,81.331159,81.4290371,459214148167300,459214246045400,2026-10-05T06:28:06.346126+00:00,2026-10-05T06:28:06.440039+00:00,
3,T004,SMILE_BOTH,task,32,4,13,11,6,L3,R7,R6,L4,80000,600.0,3.0,21.0,21.213203435596427,81.86989764584403,81.4292507,81.5279913,459214246259000,459214344999600,2026-10-05T06:28:06.440039+00:00,2026-10-05T06:28:06.541102+00:00,
3,T004,SMILE_BOTH,task,33,4,11,9,6,L3,R6,R5,L4,80000,600.0,-14.0,-9.0,16.64331697709324,-147.2647737278924,81.5281969,81.6268991,459214345205200,459214443907400,2026-10-05T06:28:06.541102+00:00,2026-10-05T06:28:06.639922+00:00,
3,T004,SMILE_BOTH,task,34,4,9,7,6,L3,R5,R4,L4,80000,600.0,37.0,41.0,55.226805085936306,47.93567344642118,81.6271588,81.7269751,459214444167100,459214543983400,2026-10-05T06:28:06.639922+00:00,2026-10-05T06:28:06.741831+00:00,
3,T004,SMILE_BOTH,task,35,4,7,5,6,L3,R4,R3,L4,80000,600.0,-51.0,-26.0,57.245087125446844,-152.98733465206146,81.7271677,81.8249094,459214544176000,459214641917700,2026-10-05T06:28:06.741831+00:00,2026-10-05T06:28:06.839881+00:00,
3,T004,SMILE_BOTH,task,36,4,5,3,6,L3,R3,R2,L4,80000,600.0,-17.0,1.0,17.029386365926403,176.63353933657018,81.8251877,81.9208804,459214642196000,459214737888700,2026-10-05T06:28:06.839881+00:00,2026-10-05T06:28:06.931119+00:00,
3,T004,SMILE_BOTH,task,37,4,3,1,6,L3,R2,R1,L4,80000,600.0,36.0,-7.0,36.6742416417845,-11.003540851749504,81.9210978,82.0190296,459214738106100,459214836037900,2026-10-05T06:28:06.931119+00:00,2026-10-05T06:28:07.031185+00:00,
3,T004,SMILE_BOTH,task,38,4,1,0,6,L3,R1,L1,L4,80000,600.0,-93.0,-75.0,119.47384651043926,-141.1155035662854,82.0193432,82.1178758,459214836351500,459214934884100,2026-10-05T06:28:07.031185+00:00,2026-10-05T06:28:07.131471+00:00,
3,T004,SMILE_BOTH,task,39,6,0,2,8,L4,L1,L2,L5,80000,600.0,-62.0,-52.0,80.91971329657564,-140.01311375503582,82.1180964,82.215954,459214935104700,459215032962300,2026-10-05T06:28:07.131471+00:00,2026-10-05T06:28:07.229915+00:00,
3,T004,SMILE_BOTH,task,40,6,2,4,8,L4,L2,L3,L5,80000,600.0,120.0,196.0,229.8173187555716,58.52316065041602,82.2161708,82.3140272,459215033179100,459215131035500,2026-10-05T06:28:07.229915+00:00,2026-10-05T06:28:07.321479+00:00,
3,T004,SMILE_BOTH,task,41,6,10,12,8,L4,L6,L7,L5,80000,600.0,-76.0,-139.0,158.42032697857937,-118.66818839153173,82.3142468,82.4129534,459215131255100,459215229961700,2026-10-05T06:28:07.321479+00:00,2026-10-05T06:28:07.427331+00:00,
3,T004,SMILE_BOTH,task,42,6,12,14,8,L4,L7,L8,L5,80000,600.0,-47.0,-57.0,73.87827826905551,-129.50767544287257,82.4131911,82.5100311,459215230199400,459215327039400,2026-10-05T06:28:07.427331+00:00,2026-10-05T06:28:07.520058+00:00,
3,T004,SMILE_BOTH,task,43,6,14,15,8,L4,L8,R8,L5,80000,600.0,-38.0,-45.0,58.89821729050889,-130.17923392190735,82.5102458,82.6079096,459215327254100,459215424917900,2026-10-05T06:28:07.520058+00:00,2026-10-05T06:28:07.622649+00:00,
3,T004,SMILE_BOTH,task,44,6,15,13,8,L4,R8,R7,L5,80000,600.0,-14.0,-12.0,18.439088914585774,-139.39870535499554,82.6081512,82.7060682,459215425159500,459215523076500,2026-10-05T06:28:07.622649+00:00,2026-10-05T06:28:07.720988+00:00,
3,T004,SMILE_BOTH,task,45,6,13,11,8,L4,R7,R6,L5,80000,600.0,-12.0,-7.0,13.892443989449804,-149.74356283647072,82.7063617,82.8068941,459215523370000,459215623902400,2026-10-05T06:28:07.720988+00:00,2026-10-05T06:28:07.821709+00:00,
3,T004,SMILE_BOTH,task,46,6,11,9,8,L4,R6,R5,L5,80000,600.0,-3.0,-1.0,3.1622776601683795,-161.565051177078,82.8071024,82.9030293,459215624110700,459215720037600,2026-10-05T06:28:07.821709+00:00,2026-10-05T06:28:07.909784+00:00,
3,T004,SMILE_BOTH,task,47,6,9,7,8,L4,R5,R4,L5,80000,600.0,-25.0,-27.0,36.796738985948195,-132.7974018382342,82.9032529,83.002936,459215720261200,459215819944300,2026-10-05T06:28:07.909784+00:00,2026-10-05T06:28:08.016914+00:00,
3,T004,SMILE_BOTH,task,48,6,7,5,8,L4,R4,R3,L5,80000,600.0,-3.0,33.0,33.13608305156178,95.1944289077348,83.0031528,83.1000331,459215820161100,459215917041400,2026-10-05T06:28:08.016914+00:00,2026-10-05T06:28:08.110102+00:00,
3,T004,SMILE_BOTH,task,49,6,5,3,8,L4,R3,R2,L5,80000,600.0,17.0,6.0,18.027756377319946,19.44003482817619,83.1002692,83.1978951,459215917277500,459216014903400,2026-10-05T06:28:08.110102+00:00,2026-10-05T06:28:08.212876+00:00,
3,T004,SMILE_BOTH,task,50,6,3,1,8,L4,R2,R1,L5,80000,600.0,92.0,61.0,110.38568747804219,33.54610858390778,83.1981723,83.2959,459216015180600,459216112908300,2026-10-05T06:28:08.212876+00:00,2026-10-05T06:28:08.309936+00:00,
3,T004,SMILE_BOTH,task,51,6,1,0,8,L4,R1,L1,L5,80000,600.0,-33.0,26.0,42.01190307520001,141.76617482255307,83.2961457,83.3950315,459216113154000,459216212039800,2026-10-05T06:28:08.309936+00:00,2026-10-05T06:28:08.410076+00:00,
3,T004,SMILE_BOTH,task,52,8,0,2,10,L5,L1,L2,L6,80000,600.0,-58.0,-72.0,92.45539465060976,-128.85337434035333,83.3953226,83.492058,459216212330900,459216309066300,2026-10-05T06:28:08.410076+00:00,2026-10-05T06:28:08.505064+00:00,
3,T004,SMILE_BOTH,task,53,8,2,4,10,L5,L2,L3,L6,80000,600.0,-101.0,-136.0,169.4018890095385,-126.59931746368211,83.4922721,83.5928496,459216309280400,459216409857900,2026-10-05T06:28:08.505064+00:00,2026-10-05T06:28:08.607900+00:00,
3,T004,SMILE_BOTH,task,54,8,4,6,10,L5,L3,L4,L6,80000,600.0,148.0,226.0,270.1481075262235,56.78052377691542,83.5930806,83.6921696,459216410088900,459216509177900,2026-10-05T06:28:08.607900+00:00,2026-10-05T06:28:08.705431+00:00,
3,T004,SMILE_BOTH,task,55,8,12,14,10,L5,L7,L8,L6,80000,600.0,-95.0,-154.0,180.9447429465692,-121.66973514666302,83.6924074,83.7920617,459216509415700,459216609070000,2026-10-05T06:28:08.705431+00:00,2026-10-05T06:28:08.804309+00:00,
3,T004,SMILE_BOTH,task,56,8,14,15,10,L5,L8,R8,L6,80000,600.0,-36.0,-53.0,64.07027391856539,-124.18612248637504,83.7922696,83.8890946,459216609277900,459216706102900,2026-10-05T06:28:08.804309+00:00,2026-10-05T06:28:08.899834+00:00,
3,T004,SMILE_BOTH,task,57,8,15,13,10,L5,R8,R7,L6,80000,600.0,-14.0,-15.0,20.518284528683193,-133.02506598911802,83.8893302,83.9869073,459216706338500,459216803915600,2026-10-05T06:28:08.899834+00:00,2026-10-05T06:28:08.999933+00:00,
3,T004,SMILE_BOTH,task,58,8,13,11,10,L5,R7,R6,L6,80000,600.0,-2.0,1.0,2.23606797749979,153.434948822922,83.9871245,84.1020314,459216804132800,459216919039700,2026-10-05T06:28:08.999933+00:00,2026-10-05T06:28:09.109905+00:00,
3,T004,SMILE_BOTH,task,59,8,11,9,10,L5,R6,R5,L6,80000,600.0,-47.0,-3.0,47.095647357266465,-176.34777721969368,84.1022482,84.200157,459216919256500,459217017165300,2026-10-05T06:28:09.109905+00:00,2026-10-05T06:28:09.209620+00:00,
3,T004,SMILE_BOTH,task,60,8,9,7,10,L5,R5,R4,L6,80000,600.0,-3.0,6.0,6.708203932499369,116.56505117707799,84.2003742,84.2980398,459217017382500,459217115048100,2026-10-05T06:28:09.209620+00:00,2026-10-05T06:28:09.309829+00:00,
3,T004,SMILE_BOTH,task,61,8,7,5,10,L5,R4,R3,L6,80000,600.0,-5.0,-3.0,5.830951894845301,-149.03624346792648,84.2982391,84.3948922,459217115247400,459217211900500,2026-10-05T06:28:09.309829+00:00,2026-10-05T06:28:09.409883+00:00,
3,T004,SMILE_BOTH,task,62,8,5,3,10,L5,R3,R2,L6,80000,600.0,-1.0,-1.0,1.4142135623730951,-135.0,84.3950854,84.4920591,459217212093700,459217309067400,2026-10-05T06:28:09.409883+00:00,2026-10-05T06:28:09.505003+00:00,
3,T004,SMILE_BOTH,task,63,8,3,1,10,L5,R2,R1,L6,80000,600.0,37.0,8.0,37.8549864614954,12.200468727380784,84.4922536,84.5911298,459217309261900,459217408138100,2026-10-05T06:28:09.505003+00:00,2026-10-05T06:28:09.605027+00:00,
3,T004,SMILE_BOTH,task,64,8,1,0,10,L5,R1,L1,L6,80000,600.0,-55.0,-38.0,66.85057965343307,-145.3590524880837,84.5913364,84.6899204,459217408344700,459217506928700,2026-10-05T06:28:09.605027+00:00,2026-10-05T06:28:09.704594+00:00,
3,T004,SMILE_BOTH,task,65,10,0,2,12,L6,L1,L2,L7,80000,600.0,-22.0,-28.0,35.608987629529715,-128.15722658736905,84.6901177,84.7920539,459217507126000,459217609062200,2026-10-05T06:28:09.704594+00:00,2026-10-05T06:28:09.804337+00:00,
3,T004,SMILE_BOTH,task,66,10,2,4,12,L6,L2,L3,L7,80000,600.0,-27.0,-29.0,39.6232255123179,-132.9545915111128,84.7922896,84.8909151,459217609297900,459217707923400,2026-10-05T06:28:09.804337+00:00,2026-10-05T06:28:09.906065+00:00,
3,T004,SMILE_BOTH,task,67,10,4,6,12,L6,L3,L4,L7,80000,600.0,20.0,27.0,33.60059523282288,53.47114463301483,84.8912362,84.989031,459217708244500,459217806039300,2026-10-05T06:28:09.906065+00:00,2026-10-05T06:28:09.999812+00:00,
3,T004,SMILE_BOTH,task,68,10,6,8,12,L6,L4,L5,L7,80000,600.0,-96.0,-155.0,182.3211452355431,-121.77220399744242,84.9892379,85.085897,459217806246200,459217902905300,2026-10-05T06:28:09.999812+00:00,2026-10-05T06:28:10.100918+00:00,
3,T004,SMILE_BOTH,task,69,10,14,15,12,L6,L8,R8,L7,80000,600.0,-160.0,-261.0,306.13885738337757,-121.50941412548924,85.0861145,85.1840286,459217903122800,459218001036900,2026-10-05T06:28:10.100918+00:00,2026-10-05T06:28:10.190786+00:00,
3,T004,SMILE_BOTH,task,70,10,15,13,12,L6,R8,R7,L7,80000,600.0,-22.0,-50.0,54.62600113499065,-113.74949449286676,85.1842254,85.2818925,459218001233700,459218098900800,2026-10-05T06:28:10.190786+00:00,2026-10-05T06:28:10.295358+00:00,
3,T004,SMILE_BOTH,task,71,10,13,11,12,L6,R7,R6,L7,80000,600.0,-24.0,-19.0,30.610455730027933,-141.63251461513846,85.2821228,85.3810316,459218099131100,459218198039900,2026-10-05T06:28:10.297361+00:00,2026-10-05T06:28:10.390107+00:00,
3,T004,SMILE_BOTH,task,72,10,11,9,12,L6,R6,R5,L7,80000,600.0,-11.0,-12.0,16.278820596099706,-132.51044707800085,85.3812504,85.4810296,459218198258700,459218298037900,2026-10-05T06:28:10.390107+00:00,2026-10-05T06:28:10.490115+00:00,
3,T004,SMILE_BOTH,task,73,10,9,7,12,L6,R5,R4,L7,80000,600.0,-1.0,-7.0,7.0710678118654755,-98.13010235415598,85.4812542,85.5800495,459218298262500,459218397057800,2026-10-05T06:28:10.490115+00:00,2026-10-05T06:28:10.589795+00:00,
3,T004,SMILE_BOTH,task,74,10,7,5,12,L6,R4,R3,L7,80000,600.0,-9.0,11.0,14.212670403551895,129.28940686250036,85.5802664,85.6780398,459218397274700,459218495048100,2026-10-05T06:28:10.589795+00:00,2026-10-05T06:28:10.689760+00:00,
3,T004,SMILE_BOTH,task,75,10,5,3,12,L6,R3,R2,L7,80000,600.0,2.0,0.0,2.0,0.0,85.678252,85.7759083,459218495260300,459218592916600,2026-10-05T06:28:10.689760+00:00,2026-10-05T06:28:10.790770+00:00,
3,T004,SMILE_BOTH,task,76,10,3,1,12,L6,R2,R1,L7,80000,600.0,52.0,18.0,55.02726596879042,19.093492000485615,85.776109,85.8759006,459218593117300,459218692908900,2026-10-05T06:28:10.790770+00:00,2026-10-05T06:28:10.889729+00:00,
3,T004,SMILE_BOTH,task,77,10,1,0,12,L6,R1,L1,L7,80000,600.0,-56.0,-23.0,60.53924347066124,-157.67134362198087,85.8761617,85.9741891,459218693170000,459218791197400,2026-10-05T06:28:10.889729+00:00,2026-10-05T06:28:10.988745+00:00,
3,T004,SMILE_BOTH,task,78,12,0,2,14,L7,L1,L2,L8,80000,600.0,-12.0,2.0,12.165525060596439,170.53767779197437,85.9744266,86.073127,459218791434900,459218890135300,2026-10-05T06:28:10.989606+00:00,2026-10-05T06:28:11.087635+00:00,
3,T004,SMILE_BOTH,task,79,12,2,4,14,L7,L2,L3,L8,80000,600.0,-22.0,-16.0,27.202941017470888,-143.9726266148964,86.073372,86.1729214,459218890380300,459218989929700,2026-10-05T06:28:11.087635+00:00,2026-10-05T06:28:11.187821+00:00,
3,T004,SMILE_BOTH,task,80,12,4,6,14,L7,L3,L4,L8,80000,600.0,21.0,27.0,34.20526275297414,52.1250163489018,86.1731256,86.2710286,459218990133900,459219088036900,2026-10-05T06:28:11.187821+00:00,2026-10-05T06:28:11.279952+00:00,
3,T004,SMILE_BOTH,task,81,12,6,8,14,L7,L4,L5,L8,80000,600.0,-59.0,-71.0,92.31467922275417,-129.72610404264825,86.2712363,86.3679191,459219088244600,459219184927400,2026-10-05T06:28:11.279952+00:00,2026-10-05T06:28:11.382656+00:00,
3,T004,SMILE_BOTH,task,82,12,8,10,14,L7,L5,L6,L8,80000,600.0,-107.0,-155.0,188.3454273402994,-124.61819484076176,86.3681184,86.4638898,459219185126700,459219280898100,2026-10-05T06:28:11.382656+00:00,2026-10-05T06:28:11.477960+00:00,
3,T004,SMILE_BOTH,task,83,12,15,13,14,L7,R8,R7,L8,80000,600.0,-86.0,-125.0,151.72672803431834,-124.52797165613836,86.4640974,86.5619736,459219281105700,459219378981900,2026-10-05T06:28:11.477960+00:00,2026-10-05T06:28:11.576203+00:00,
3,T004,SMILE_BOTH,task,84,12,13,11,14,L7,R7,R6,L8,80000,600.0,-34.0,-52.0,62.12889826803627,-123.17851165939277,86.5622435,86.6610404,459219379251800,459219478048700,2026-10-05T06:28:11.576203+00:00,2026-10-05T06:28:11.671678+00:00,
3,T004,SMILE_BOTH,task,85,12,11,9,14,L7,R6,R5,L8,80000,600.0,-11.0,-24.0,26.40075756488817,-114.62356478616361,86.6612843,86.7600497,459219478292600,459219577058000,2026-10-05T06:28:11.671678+00:00,2026-10-05T06:28:11.774656+00:00,
3,T004,SMILE_BOTH,task,86,12,9,7,14,L7,R5,R4,L8,80000,600.0,-4.0,-9.0,9.848857801796104,-113.96248897457819,86.7602259,86.8600972,459219577234200,459219677105500,2026-10-05T06:28:11.774656+00:00,2026-10-05T06:28:11.872935+00:00,
3,T004,SMILE_BOTH,task,87,12,7,5,14,L7,R4,R3,L8,80000,600.0,-9.0,10.0,13.45362404707371,131.98721249581666,86.8603239,86.9580132,459219677332200,459219775021500,2026-10-05T06:28:11.872935+00:00,2026-10-05T06:28:11.971505+00:00,
3,T004,SMILE_BOTH,task,88,12,5,3,14,L7,R3,R2,L8,80000,600.0,1.0,0.0,1.0,0.0,86.9582229,87.0570549,459219775231200,459219874063200,2026-10-05T06:28:11.971505+00:00,2026-10-05T06:28:12.071346+00:00,
3,T004,SMILE_BOTH,task,89,12,3,1,14,L7,R2,R1,L8,80000,600.0,37.0,10.0,38.3275357934736,15.124007308310569,87.0573236,87.1559046,459219874331900,459219972912900,2026-10-05T06:28:12.071346+00:00,2026-10-05T06:28:12.169772+00:00,
3,T004,SMILE_BOTH,task,90,12,1,0,14,L7,R1,L1,L8,80000,600.0,-53.0,-33.0,62.433965115151864,-148.09189306434686,87.1561451,87.2549097,459219973153400,459220071918000,2026-10-05T06:28:12.169772+00:00,2026-10-05T06:28:12.269924+00:00,
3,T004,SMILE_BOTH,task,91,14,0,2,15,L8,L1,L2,R8,80000,600.0,-9.0,7.0,11.40175425099138,142.12501634890182,87.2551219,87.3519056,459220072130200,459220168913900,2026-10-05T06:28:12.269924+00:00,2026-10-05T06:28:12.360055+00:00,
3,T004,SMILE_BOTH,task,92,14,2,4,15,L8,L2,L3,R8,80000,600.0,-21.0,-16.0,26.40075756488817,-142.6960517220166,87.3521113,87.4480369,459220169119600,459220265045200,2026-10-05T06:28:12.360055+00:00,2026-10-05T06:28:12.459841+00:00,
3,T004,SMILE_BOTH,task,93,14,4,6,15,L8,L3,L4,R8,80000,600.0,19.0,26.0,32.202484376209235,53.84181456019167,87.4482265,87.5468994,459220265234800,459220363907700,2026-10-05T06:28:12.459841+00:00,2026-10-05T06:28:12.560140+00:00,
3,T004,SMILE_BOTH,task,94,14,6,8,15,L8,L4,L5,R8,80000,600.0,-49.0,-57.0,75.16648189186454,-130.6839724801344,87.5471124,87.6469096,459220364120700,459220463917900,2026-10-05T06:28:12.560140+00:00,2026-10-05T06:28:12.659749+00:00,
3,T004,SMILE_BOTH,task,95,14,8,10,15,L8,L5,L6,R8,80000,600.0,-43.0,-50.0,65.94694837519019,-130.69553103949204,87.6471069,87.7459158,459220464115200,459220562924100,2026-10-05T06:28:12.659749+00:00,2026-10-05T06:28:12.759798+00:00,
3,T004,SMILE_BOTH,task,96,14,10,12,15,L8,L6,L7,R8,80000,600.0,-180.0,-265.0,320.3513695928269,-124.18612248637504,87.746133,87.844899,459220563141300,459220661907300,2026-10-05T06:28:12.759798+00:00,2026-10-05T06:28:12.859808+00:00,
3,T004,SMILE_BOTH,task,97,14,13,11,15,L8,R7,R6,R8,80000,600.0,-174.0,-288.0,336.48179742743883,-121.13897243697885,87.8451075,87.9440304,459220662115800,459220761038700,2026-10-05T06:28:12.859808+00:00,2026-10-05T06:28:12.956078+00:00,
3,T004,SMILE_BOTH,task,98,14,11,9,15,L8,R6,R5,R8,80000,600.0,-38.0,-73.0,82.29823813423954,-117.49913873104715,87.9442379,88.0451547,459220761246200,459220862163000,2026-10-05T06:28:12.956078+00:00,2026-10-05T06:28:13.060172+00:00,
3,T004,SMILE_BOTH,task,99,14,9,7,15,L8,R5,R4,R8,80000,600.0,-22.0,-40.0,45.65084884205331,-118.81079374297306,88.0453669,88.1459192,459220862375200,459220962927500,2026-10-05T06:28:13.060172+00:00,2026-10-05T06:28:13.159685+00:00,
3,T004,SMILE_BOTH,task,100,14,7,5,15,L8,R4,R3,R8,80000,600.0,-2.0,23.0,23.08679276123039,94.96974072811031,88.1461409,88.2470056,459220963149200,459221064013900,2026-10-05T06:28:13.159685+00:00,2026-10-05T06:28:13.262084+00:00,
3,T004,SMILE_BOTH,task,101,14,5,3,15,L8,R3,R2,R8,80000,600.0,-3.0,-7.0,7.615773105863909,-113.19859051364818,88.247301,88.3458968,459221064309300,459221162905100,2026-10-05T06:28:13.262084+00:00,2026-10-05T06:28:13.359791+00:00,
3,T004,SMILE_BOTH,task,102,14,3,1,15,L8,R2,R1,R8,80000,600.0,39.0,4.0,39.20459156782532,5.856013585428958,88.3461316,88.4451725,459221163139900,459221262180800,2026-10-05T06:28:13.359791+00:00,2026-10-05T06:28:13.460251+00:00,
3,T004,SMILE_BOTH,task,103,14,1,0,15,L8,R1,L1,R8,80000,600.0,-63.0,-47.0,78.60025445251433,-143.2758928270752,88.445367,88.5449443,459221262375300,459221361952600,2026-10-05T06:28:13.460251+00:00,2026-10-05T06:28:13.559925+00:00,
3,T004,SMILE_BOTH,task,104,15,0,2,13,R8,L1,L2,R7,80000,600.0,-5.0,6.0,7.810249675906654,129.8055710922652,88.5451475,88.6449879,459221362155800,459221461996200,2026-10-05T06:28:13.559925+00:00,2026-10-05T06:28:13.659938+00:00,
3,T004,SMILE_BOTH,task,105,15,2,4,13,R8,L2,L3,R7,80000,600.0,-14.0,-7.0,15.652475842498529,-153.434948822922,88.6451987,88.7420794,459221462207000,459221559087700,2026-10-05T06:28:13.659938+00:00,2026-10-05T06:28:13.757079+00:00,
3,T004,SMILE_BOTH,task,106,15,4,6,13,R8,L3,L4,R7,80000,600.0,9.0,10.0,13.45362404707371,48.01278750418334,88.7422984,88.8431583,459221559306700,459221660166600,2026-10-05T06:28:13.757079+00:00,2026-10-05T06:28:13.857074+00:00,
3,T004,SMILE_BOTH,task,107,15,6,8,13,R8,L4,L5,R7,80000,600.0,-25.0,-20.0,32.01562118716424,-141.34019174590992,88.8433741,88.940921,459221660382400,459221757929300,2026-10-05T06:28:13.857074+00:00,2026-10-05T06:28:13.955339+00:00,
3,T004,SMILE_BOTH,task,108,15,8,10,13,R8,L5,L6,R7,80000,600.0,-18.0,-11.0,21.095023109728988,-148.5704343851615,88.9411544,89.0370408,459221758162700,459221854049100,2026-10-05T06:28:13.955339+00:00,2026-10-05T06:28:14.049936+00:00,
3,T004,SMILE_BOTH,task,109,15,10,12,13,R8,L6,L7,R7,80000,600.0,-28.0,-53.0,59.941638282582836,-117.84757825978818,89.037258,89.1350991,459221854266300,459221952107400,2026-10-05T06:28:14.049936+00:00,2026-10-05T06:28:14.150098+00:00,
3,T004,SMILE_BOTH,task,110,15,12,14,13,R8,L7,L8,R7,80000,600.0,-100.0,-122.0,157.74663229368798,-129.34051815983753,89.1353261,89.2340305,459221952334400,459222051038800,2026-10-05T06:28:14.150098+00:00,2026-10-05T06:28:14.240186+00:00,
3,T004,SMILE_BOTH,task,111,15,11,9,13,R8,R6,R5,R7,80000,600.0,-71.0,-149.0,165.05150711217394,-115.47826972407981,89.2342692,89.3340299,459222051277500,459222151038200,2026-10-05T06:28:14.240186+00:00,2026-10-05T06:28:14.340224+00:00,
3,T004,SMILE_BOTH,task,112,15,9,7,13,R8,R5,R4,R7,80000,600.0,-26.0,-52.0,58.137767414994535,-116.56505117707799,89.3342493,89.4320317,459222151257600,459222249040000,2026-10-05T06:28:14.340224+00:00,2026-10-05T06:28:14.440097+00:00,
3,T004,SMILE_BOTH,task,113,15,7,5,13,R8,R4,R3,R7,80000,600.0,1.0,28.0,28.0178514522438,87.95459151111278,89.4322538,89.5310317,459222249262100,459222348040000,2026-10-05T06:28:14.440097+00:00,2026-10-05T06:28:14.539688+00:00,
3,T004,SMILE_BOTH,task,114,15,5,3,13,R8,R3,R2,R7,80000,600.0,-3.0,-7.0,7.615773105863909,-113.19859051364818,89.5312359,89.6310387,459222348244200,459222448047000,2026-10-05T06:28:14.539688+00:00,2026-10-05T06:28:14.643263+00:00,
3,T004,SMILE_BOTH,task,115,15,3,1,13,R8,R2,R1,R7,80000,600.0,39.0,5.0,39.319206502675,7.305759533310827,89.6312561,89.7280497,459222448264400,459222545058000,2026-10-05T06:28:14.643263+00:00,2026-10-05T06:28:14.740100+00:00,
3,T004,SMILE_BOTH,task,116,15,1,0,13,R8,R1,L1,R7,80000,600.0,-56.0,-34.0,65.5133574166368,-148.73626830562256,89.7282526,89.8259073,459222545260900,459222642915600,2026-10-05T06:28:14.740100+00:00,2026-10-05T06:28:14.839827+00:00,
3,T004,SMILE_BOTH,task,117,13,0,2,11,R7,L1,L2,R6,80000,600.0,1.0,22.0,22.02271554554524,87.39743779750019,89.8263019,89.9220098,459222643310200,459222739018100,2026-10-05T06:28:14.839827+00:00,2026-10-05T06:28:14.930077+00:00,
3,T004,SMILE_BOTH,task,118,13,2,4,11,R7,L2,L3,R6,80000,600.0,-15.0,-7.0,16.55294535724685,-154.9831065219,89.9222185,90.0229275,459222739226800,459222839935800,2026-10-05T06:28:14.930077+00:00,2026-10-05T06:28:15.037231+00:00,
3,T004,SMILE_BOTH,task,119,13,4,6,11,R7,L3,L4,R6,80000,600.0,11.0,18.0,21.095023109728988,58.57043438516149,90.0231658,90.1330254,459222840174100,459222950033700,2026-10-05T06:28:15.037231+00:00,2026-10-05T06:28:15.140188+00:00,
3,T004,SMILE_BOTH,task,120,13,6,8,11,R7,L4,L5,R6,80000,600.0,-24.0,-25.0,34.655446902326915,-133.8308606720926,90.1332289,90.2320272,459222950237200,459223049035500,2026-10-05T06:28:15.140188+00:00,2026-10-05T06:28:15.239854+00:00,
3,T004,SMILE_BOTH,task,121,13,8,10,11,R7,L5,L6,R6,80000,600.0,-8.0,-1.0,8.06225774829855,-172.8749836510982,90.232262,90.3311956,459223049270300,459223148203900,2026-10-05T06:28:15.239854+00:00,2026-10-05T06:28:15.342993+00:00,
3,T004,SMILE_BOTH,task,122,13,10,12,11,R7,L6,L7,R6,80000,600.0,-31.0,-27.0,41.10960958218893,-138.94518622903757,90.3313847,90.431162,459223148393000,459223248170300,2026-10-05T06:28:15.342993+00:00,2026-10-05T06:28:15.439905+00:00,
3,T004,SMILE_BOTH,task,123,13,12,14,11,R7,L7,L8,R6,80000,600.0,-44.0,-52.0,68.11754546370561,-130.2363583092738,90.4313557,90.5332384,459223248364000,459223350246700,2026-10-05T06:28:15.439905+00:00,2026-10-05T06:28:15.544652+00:00,
3,T004,SMILE_BOTH,task,124,13,14,15,11,R7,L8,R8,R6,80000,600.0,-202.0,-284.0,348.51111890440455,-125.42300994070635,90.5334295,90.6320313,459223350437800,459223449039600,2026-10-05T06:28:15.544652+00:00,2026-10-05T06:28:15.640422+00:00,
3,T004,SMILE_BOTH,task,125,13,9,7,11,R7,R5,R4,R6,80000,600.0,-21.0,-58.0,61.68468205316454,-109.90374953730785,90.6322536,90.7289481,459223449261900,459223545956400,2026-10-05T06:28:15.640422+00:00,2026-10-05T06:28:15.739941+00:00,
3,T004,SMILE_BOTH,task,126,13,7,5,11,R7,R4,R3,R6,80000,600.0,-11.0,9.0,14.212670403551895,140.71059313749967,90.7291663,90.8269621,459223546174600,459223643970400,2026-10-05T06:28:15.739941+00:00,2026-10-05T06:28:15.839920+00:00,
3,T004,SMILE_BOTH,task,127,13,5,3,11,R7,R3,R2,R6,80000,600.0,-3.0,-12.0,12.36931687685298,-104.03624346792648,90.8271725,90.9239483,459223644180800,459223740956600,2026-10-05T06:28:15.839920+00:00,2026-10-05T06:28:15.937272+00:00,
3,T004,SMILE_BOTH,task,128,13,3,1,11,R7,R2,R1,R6,80000,600.0,24.0,-18.0,30.0,-36.86989764584402,90.9241846,91.0230293,459223741192900,459223840037600,2026-10-05T06:28:15.937272+00:00,2026-10-05T06:28:16.029822+00:00,
3,T004,SMILE_BOTH,task,129,13,1,0,11,R7,R1,L1,R6,80000,600.0,-49.0,-32.0,58.52349955359813,-146.853004167744,91.0232949,91.1211829,459223840303200,459223938191200,2026-10-05T06:28:16.038373+00:00,2026-10-05T06:28:16.130071+00:00,
3,T004,SMILE_BOTH,task,130,11,0,2,9,R6,L1,L2,R5,80000,600.0,-10.0,5.0,11.180339887498949,153.434948822922,91.1214226,91.2202034,459223938430900,459224037211700,2026-10-05T06:28:16.130071+00:00,2026-10-05T06:28:16.235215+00:00,
3,T004,SMILE_BOTH,task,131,11,2,4,9,R6,L2,L3,R5,80000,600.0,-20.0,-12.0,23.323807579381203,-149.03624346792648,91.2204143,91.3199628,459224037422600,459224136971100,2026-10-05T06:28:16.235215+00:00,2026-10-05T06:28:16.333472+00:00,
3,T004,SMILE_BOTH,task,132,11,4,6,9,R6,L3,L4,R5,80000,600.0,-2.0,-5.0,5.385164807134504,-111.80140948635182,91.3201945,91.4188826,459224137202800,459224235890900,2026-10-05T06:28:16.333472+00:00,2026-10-05T06:28:16.433869+00:00,
3,T004,SMILE_BOTH,task,133,11,6,8,9,R6,L4,L5,R5,80000,600.0,-12.0,-10.0,15.620499351813308,-140.19442890773482,91.4191995,91.5179279,459224236207800,459224334936200,2026-10-05T06:28:16.433869+00:00,2026-10-05T06:28:16.529767+00:00,
3,T004,SMILE_BOTH,task,134,11,8,10,9,R6,L5,L6,R5,80000,600.0,-49.0,3.0,49.09175083453431,176.49646835521557,91.5181295,91.6149588,459224335137800,459224431967100,2026-10-05T06:28:16.529767+00:00,2026-10-05T06:28:16.630042+00:00,
3,T004,SMILE_BOTH,task,135,11,10,12,9,R6,L6,L7,R5,80000,600.0,-13.0,-14.0,19.1049731745428,-132.87890360333856,91.6151739,91.7140322,459224432182200,459224531040500,2026-10-05T06:28:16.630042+00:00,2026-10-05T06:28:16.721800+00:00,
3,T004,SMILE_BOTH,task,136,11,12,14,9,R6,L7,L8,R5,80000,600.0,-16.0,-18.0,24.08318915758459,-131.63353933657018,91.7142324,91.8131458,459224531240700,459224630154100,2026-10-05T06:28:16.721800+00:00,2026-10-05T06:28:16.827785+00:00,
3,T004,SMILE_BOTH,task,137,11,14,15,9,R6,L8,R8,R5,80000,600.0,-48.0,-66.0,81.60882305241266,-126.02737338510362,91.8133405,91.912965,459224630348800,459224729973300,2026-10-05T06:28:16.827785+00:00,2026-10-05T06:28:16.927664+00:00,
3,T004,SMILE_BOTH,task,138,11,15,13,9,R6,R8,R7,R5,80000,600.0,-87.0,-136.0,161.4465855941215,-122.60728652305399,91.913206,92.0108977,459224730214300,459224827906000,2026-10-05T06:28:16.927664+00:00,2026-10-05T06:28:17.026084+00:00,
3,T004,SMILE_BOTH,task,139,11,7,5,9,R6,R4,R3,R5,80000,600.0,176.0,289.0,338.3740533788015,58.6587298566843,92.01112,92.1069222,459224828128300,459224923930500,2026-10-05T06:28:17.026084+00:00,2026-10-05T06:28:17.121919+00:00,
3,T004,SMILE_BOTH,task,140,11,5,3,9,R6,R3,R2,R5,80000,600.0,-96.0,-149.0,177.2484132510077,-122.79349314644143,92.107164,92.2060038,459224924172300,459225023012100,2026-10-05T06:28:17.121919+00:00,2026-10-05T06:28:17.220005+00:00,
3,T004,SMILE_BOTH,task,141,11,3,1,9,R6,R2,R1,R5,80000,600.0,-35.0,-127.0,131.73458164050928,-105.40770364064203,92.2062745,92.3020456,459225023282800,459225119053900,2026-10-05T06:28:17.220005+00:00,2026-10-05T06:28:17.309884+00:00,
3,T004,SMILE_BOTH,task,142,11,1,0,9,R6,R1,L1,R5,80000,600.0,-71.0,-54.0,89.20201791439474,-142.7447105464229,92.3022585,92.4010385,459225119266800,459225218046800,2026-10-05T06:28:17.309884+00:00,2026-10-05T06:28:17.409911+00:00,
3,T004,SMILE_BOTH,task,143,9,0,2,7,R5,L1,L2,R4,80000,600.0,22.0,57.0,61.09828148156051,68.89516141507036,92.4012457,92.4980474,459225218254000,459225315055700,2026-10-05T06:28:17.409911+00:00,2026-10-05T06:28:17.509893+00:00,
3,T004,SMILE_BOTH,task,144,9,2,4,7,R5,L2,L3,R4,80000,600.0,-12.0,-7.0,13.892443989449804,-149.74356283647072,92.4982643,92.5940368,459225315272600,459225411045100,2026-10-05T06:28:17.509893+00:00,2026-10-05T06:28:17.606080+00:00,
3,T004,SMILE_BOTH,task,145,9,4,6,7,R5,L3,L4,R4,80000,600.0,37.0,40.0,54.48853090330111,47.23117460803125,92.59428,92.693054,459225411288300,459225510062300,2026-10-05T06:28:17.606080+00:00,2026-10-05T06:28:17.705314+00:00,
3,T004,SMILE_BOTH,task,146,9,6,8,7,R5,L4,L5,R4,80000,600.0,-46.0,-43.0,62.96824596572466,-136.93058744116698,92.6932653,92.788043,459225510273600,459225605051300,2026-10-05T06:28:17.705314+00:00,2026-10-05T06:28:17.799901+00:00,
3,T004,SMILE_BOTH,task,147,9,8,10,7,R5,L5,L6,R4,80000,600.0,-15.0,5.0,15.811388300841896,161.565051177078,92.7883365,92.8871782,459225605344800,459225704186500,2026-10-05T06:28:17.803322+00:00,2026-10-05T06:28:17.902166+00:00,
3,T004,SMILE_BOTH,task,148,9,10,12,7,R5,L6,L7,R4,80000,600.0,-14.0,-14.0,19.79898987322333,-135.0,92.8873854,92.9830301,459225704393700,459225800038400,2026-10-05T06:28:17.902166+00:00,2026-10-05T06:28:17.989800+00:00,
3,T004,SMILE_BOTH,task,149,9,12,14,7,R5,L7,L8,R4,80000,600.0,-18.0,-7.0,19.313207915827967,-158.74949449286677,92.9832423,93.0809552,459225800250600,459225897963500,2026-10-05T06:28:17.989800+00:00,2026-10-05T06:28:18.095872+00:00,
3,T004,SMILE_BOTH,task,150,9,14,15,7,R5,L8,R8,R4,80000,600.0,-39.0,-37.0,53.75872022286245,-136.50743575877496,93.0811705,93.1790351,459225898178800,459225996043400,2026-10-05T06:28:18.095872+00:00,2026-10-05T06:28:18.190026+00:00,
3,T004,SMILE_BOTH,task,151,9,15,13,7,R5,R8,R7,R4,80000,600.0,-43.0,-46.0,62.96824596572466,-133.069412558833,93.1792651,93.2780625,459225996273400,459226095070800,2026-10-05T06:28:18.190026+00:00,2026-10-05T06:28:18.293080+00:00,
3,T004,SMILE_BOTH,task,152,9,13,11,7,R5,R7,R6,R4,80000,600.0,-41.0,-48.0,63.12685640834652,-130.50284838533224,93.2782692,93.375905,459226095277500,459226192913300,2026-10-05T06:28:18.293080+00:00,2026-10-05T06:28:18.389916+00:00,
3,T004,SMILE_BOTH,task,153,9,5,3,7,R5,R3,R2,R4,80000,600.0,151.0,195.0,246.62927644543743,52.24726889348769,93.3761122,93.4759722,459226193120500,459226292980500,2026-10-05T06:28:18.389916+00:00,2026-10-05T06:28:18.489975+00:00,
3,T004,SMILE_BOTH,task,154,9,3,1,7,R5,R2,R1,R4,80000,600.0,47.0,4.0,47.16990566028302,4.864514437760526,93.4762758,93.5720314,459226293284100,459226389039700,2026-10-05T06:28:18.489975+00:00,2026-10-05T06:28:18.581983+00:00,
3,T004,SMILE_BOTH,task,155,9,1,0,7,R5,R1,L1,R4,80000,600.0,-26.0,6.0,26.68332812825267,167.0053832080835,93.5722504,93.6720322,459226389258700,459226489040500,2026-10-05T06:28:18.581983+00:00,2026-10-05T06:28:18.679695+00:00,
3,T004,SMILE_BOTH,task,156,7,0,2,5,R4,L1,L2,R3,80000,600.0,-28.0,-21.0,35.0,-143.13010235415598,93.6722124,93.7710294,459226489220700,459226588037700,2026-10-05T06:28:18.679695+00:00,2026-10-05T06:28:18.779938+00:00,
3,T004,SMILE_BOTH,task,157,7,2,4,5,R4,L2,L3,R3,80000,600.0,-12.0,-2.0,12.165525060596439,-170.53767779197437,93.7712141,93.8700494,459226588222400,459226687057700,2026-10-05T06:28:18.779938+00:00,2026-10-05T06:28:18.882821+00:00,
3,T004,SMILE_BOTH,task,158,7,4,6,5,R4,L3,L4,R3,80000,600.0,-30.0,-24.0,38.41874542459709,-141.34019174590992,93.870252,93.9700338,459226687260300,459226787042100,2026-10-05T06:28:18.882821+00:00,2026-10-05T06:28:18.980155+00:00,
3,T004,SMILE_BOTH,task,159,7,6,8,5,R4,L4,L5,R3,80000,600.0,1.0,21.0,21.02379604162864,87.27368900609373,93.9702543,94.0700981,459226787262600,459226887106400,2026-10-05T06:28:18.980155+00:00,2026-10-05T06:28:19.080132+00:00,
3,T004,SMILE_BOTH,task,160,7,8,10,5,R4,L5,L6,R3,80000,600.0,2.0,-4.0,4.47213595499958,-63.43494882292201,94.0703163,94.1690352,459226887324600,459226986043500,2026-10-05T06:28:19.080132+00:00,2026-10-05T06:28:19.179832+00:00,
3,T004,SMILE_BOTH,task,161,7,10,12,5,R4,L6,L7,R3,80000,600.0,0.0,3.0,3.0,90.0,94.1692515,94.2669135,459226986259800,459227083921800,2026-10-05T06:28:19.179832+00:00,2026-10-05T06:28:19.280076+00:00,
3,T004,SMILE_BOTH,task,162,7,12,14,5,R4,L7,L8,R3,80000,600.0,-2.0,9.0,9.219544457292887,102.52880770915151,94.2671245,94.3648964,459227084132800,459227181904700,2026-10-05T06:28:19.280076+00:00,2026-10-05T06:28:19.379891+00:00,
3,T004,SMILE_BOTH,task,163,7,14,15,5,R4,L8,R8,R3,80000,600.0,6.0,19.0,19.924858845171276,72.47443162627712,94.3650968,94.4619684,459227182105100,459227278976700,2026-10-05T06:28:19.379891+00:00,2026-10-05T06:28:19.475859+00:00,
3,T004,SMILE_BOTH,task,164,7,15,13,5,R4,R8,R7,R3,80000,600.0,10.0,21.0,23.259406699226016,64.5366549381284,94.4621958,94.5600627,459227279204100,459227377071000,2026-10-05T06:28:19.475859+00:00,2026-10-05T06:28:19.573387+00:00,
3,T004,SMILE_BOTH,task,165,7,13,11,5,R4,R7,R6,R3,80000,600.0,1.0,13.0,13.038404810405298,85.60129464500447,94.5603534,94.6590357,459227377361700,459227476044000,2026-10-05T06:28:19.573387+00:00,2026-10-05T06:28:19.669762+00:00,
3,T004,SMILE_BOTH,task,166,7,11,9,5,R4,R6,R5,R3,80000,600.0,191.0,266.0,327.47060936823016,54.31994747210597,94.6592547,94.7581579,459227476263000,459227575166200,2026-10-05T06:28:19.669762+00:00,2026-10-05T06:28:19.773265+00:00,
3,T004,SMILE_BOTH,task,167,7,3,1,5,R4,R2,R1,R3,80000,600.0,-259.0,-406.0,481.57761575887224,-122.53506715793502,94.7583578,94.8581407,459227575366100,459227675149000,2026-10-05T06:28:19.773265+00:00,2026-10-05T06:28:19.872078+00:00,
3,T004,SMILE_BOTH,task,168,7,1,0,5,R4,R1,L1,R3,80000,600.0,-77.0,-66.0,101.41498903022176,-139.39870535499554,94.8583781,94.9579952,459227675386400,459227775003500,2026-10-05T06:28:19.872078+00:00,2026-10-05T06:28:19.972272+00:00,
3,T004,SMILE_BOTH,task,169,5,0,2,3,R3,L1,L2,R2,80000,600.0,7.0,27.0,27.892651361962706,75.46554491945989,94.9582248,95.0670145,459227775233100,459227884022800,2026-10-05T06:28:19.973273+00:00,2026-10-05T06:28:20.082087+00:00,
3,T004,SMILE_BOTH,task,170,5,2,4,3,R3,L2,L3,R2,80000,600.0,-20.0,-11.0,22.825424421026653,-151.18920625702694,95.067307,95.1648915,459227884315300,459227981899800,2026-10-05T06:28:20.082087+00:00,2026-10-05T06:28:20.179906+00:00,
3,T004,SMILE_BOTH,task,171,5,4,6,3,R3,L3,L4,R2,80000,600.0,-18.0,2.0,18.110770276274835,173.6598082540901,95.1651396,95.2631003,459227982147900,459228080108600,2026-10-05T06:28:20.179906+00:00,2026-10-05T06:28:20.271255+00:00,
3,T004,SMILE_BOTH,task,172,5,6,8,3,R3,L4,L5,R2,80000,600.0,2.0,-8.0,8.246211251235321,-75.96375653207353,95.2633387,95.3609201,459228080347000,459228177928400,2026-10-05T06:28:20.271255+00:00,2026-10-05T06:28:20.375952+00:00,
3,T004,SMILE_BOTH,task,173,5,8,10,3,R3,L5,L6,R2,80000,600.0,-12.0,-1.0,12.041594578792296,-175.2363583092738,95.3611913,95.4592089,459228178199600,459228276217200,2026-10-05T06:28:20.375952+00:00,2026-10-05T06:28:20.470917+00:00,
3,T004,SMILE_BOTH,task,174,5,10,12,3,R3,L6,L7,R2,80000,600.0,-7.0,-6.0,9.219544457292887,-139.39870535499554,95.4594396,95.5619898,459228276447900,459228378998100,2026-10-05T06:28:20.470917+00:00,2026-10-05T06:28:20.577126+00:00,
3,T004,SMILE_BOTH,task,175,5,12,14,3,R3,L7,L8,R2,80000,600.0,-10.0,1.0,10.04987562112089,174.28940686250036,95.5622072,95.6620356,459228379215500,459228479043900,2026-10-05T06:28:20.577126+00:00,2026-10-05T06:28:20.669918+00:00,
3,T004,SMILE_BOTH,task,176,5,14,15,3,R3,L8,R8,R2,80000,600.0,-16.0,-8.0,17.88854381999832,-153.434948822922,95.6622928,95.7621094,459228479301100,459228579117700,2026-10-05T06:28:20.669918+00:00,2026-10-05T06:28:20.773474+00:00,
3,T004,SMILE_BOTH,task,177,5,15,13,3,R3,R8,R7,R2,80000,600.0,-15.0,-8.0,17.0,-151.92751306414706,95.7623029,95.8621702,459228579311200,459228679178500,2026-10-05T06:28:20.773474+00:00,2026-10-05T06:28:20.871292+00:00,
3,T004,SMILE_BOTH,task,178,5,13,11,3,R3,R7,R6,R2,80000,600.0,-16.0,-7.0,17.46424919657298,-156.3706222693432,95.8623707,95.9610194,459228679379000,459228778027700,2026-10-05T06:28:20.871292+00:00,2026-10-05T06:28:20.975737+00:00,
3,T004,SMILE_BOTH,task,179,5,11,9,3,R3,R6,R5,R2,80000,600.0,-136.0,-146.0,199.52944644838766,-132.9690857631469,95.9613252,96.0619432,459228778333500,459228878951500,2026-10-05T06:28:20.975737+00:00,2026-10-05T06:28:21.075332+00:00,
3,T004,SMILE_BOTH,task,180,5,9,7,3,R3,R5,R4,R2,80000,600.0,172.0,207.0,269.1337957224993,50.27620208653197,96.0622557,96.1588948,459228879264000,459228975903100,2026-10-05T06:28:21.077334+00:00,2026-10-05T06:28:21.172141+00:00,
3,T004,SMILE_BOTH,task,181,5,1,0,3,R3,R1,L1,R2,80000,600.0,-51.0,-30.0,59.16924876994806,-149.53445508054014,96.15914,96.2559053,459228976148300,459229072913600,2026-10-05T06:28:21.174143+00:00,2026-10-05T06:28:21.269973+00:00,
3,T004,SMILE_BOTH,task,182,3,0,2,1,R2,L1,L2,R1,80000,600.0,-271.0,-233.0,357.39334073258834,-139.31176190198244,96.2561468,96.3550683,459229073155100,459229172076600,2026-10-05T06:28:21.269973+00:00,2026-10-05T06:28:21.370102+00:00,
3,T004,SMILE_BOTH,task,183,3,2,4,1,R2,L2,L3,R1,80000,600.0,-26.0,3.0,26.1725046566048,173.418055344822,96.3552957,96.4540301,459229172304000,459229271038400,2026-10-05T06:28:21.370102+00:00,2026-10-05T06:28:21.459792+00:00,
3,T004,SMILE_BOTH,task,184,3,4,6,1,R2,L3,L4,R1,80000,600.0,-13.0,-14.0,19.1049731745428,-132.87890360333856,96.4542311,96.552226,459229271239400,459229369234300,2026-10-05T06:28:21.459792+00:00,2026-10-05T06:28:21.560070+00:00,
3,T004,SMILE_BOTH,task,185,3,6,8,1,R2,L4,L5,R1,80000,600.0,10.0,18.0,20.591260281974,60.94539590092286,96.5524648,96.6480482,459229369473100,459229465056500,2026-10-05T06:28:21.560070+00:00,2026-10-05T06:28:21.659970+00:00,
3,T004,SMILE_BOTH,task,186,3,8,10,1,R2,L5,L6,R1,80000,600.0,-23.0,2.0,23.08679276123039,175.0302592718897,96.6482586,96.748045,459229465266900,459229565053300,2026-10-05T06:28:21.659970+00:00,2026-10-05T06:28:21.759785+00:00,
3,T004,SMILE_BOTH,task,187,3,10,12,1,R2,L6,L7,R1,80000,600.0,-7.0,-1.0,7.0710678118654755,-171.86989764584402,96.7482521,96.8448961,459229565260400,459229661904400,2026-10-05T06:28:21.759785+00:00,2026-10-05T06:28:21.859838+00:00,
3,T004,SMILE_BOTH,task,188,3,12,14,1,R2,L7,L8,R1,80000,600.0,-15.0,6.0,16.15549442140351,158.19859051364818,96.8450876,96.9459619,459229662095900,459229762970200,2026-10-05T06:28:21.859838+00:00,2026-10-05T06:28:21.960010+00:00,
3,T004,SMILE_BOTH,task,189,3,14,15,1,R2,L8,R8,R1,80000,600.0,-20.0,-2.0,20.09975124224178,-174.28940686250036,96.9462018,97.0422138,459229763210100,459229859222100,2026-10-05T06:28:21.960010+00:00,2026-10-05T06:28:22.055799+00:00,
3,T004,SMILE_BOTH,task,190,3,15,13,1,R2,R8,R7,R1,80000,600.0,-17.0,-3.0,17.26267650163207,-169.9920201985587,97.0424564,97.1419346,459229859464700,459229958942900,2026-10-05T06:28:22.055799+00:00,2026-10-05T06:28:22.156747+00:00,
3,T004,SMILE_BOTH,task,191,3,13,11,1,R2,R7,R6,R1,80000,600.0,-32.0,-8.0,32.984845004941285,-165.96375653207352,97.1421631,97.2399191,459229959171400,459230056927400,2026-10-05T06:28:22.156747+00:00,2026-10-05T06:28:22.254919+00:00,
3,T004,SMILE_BOTH,task,192,3,11,9,1,R2,R6,R5,R1,80000,600.0,-108.0,-95.0,143.83671297690307,-138.66418432074073,97.2404478,97.3379029,459230057456100,459230154911200,2026-10-05T06:28:22.255584+00:00,2026-10-05T06:28:22.350434+00:00,
3,T004,SMILE_BOTH,task,193,3,9,7,1,R2,R5,R4,R1,80000,600.0,-7.0,0.0,7.0,180.0,97.338121,97.4339315,459230155129300,459230250939800,2026-10-05T06:28:22.350434+00:00,2026-10-05T06:28:22.448100+00:00,
3,T004,SMILE_BOTH,task,194,3,7,5,1,R2,R4,R3,R1,80000,600.0,-351.0,-301.0,462.38728356216717,-139.3852651067051,97.4341803,97.5340864,459230251188600,459230351094700,2026-10-05T06:28:22.448100+00:00,2026-10-05T06:28:22.539926+00:00,
3,T004,SMILE_BOTH,task,195,1,2,4,0,R1,L2,L3,L1,80000,600.0,9.0,21.0,22.847319317591726,66.80140948635182,97.5343531,97.632028,459230351361400,459230449036300,2026-10-05T06:28:22.539926+00:00,2026-10-05T06:28:22.643604+00:00,
3,T004,SMILE_BOTH,task,196,1,4,6,0,R1,L3,L4,L1,80000,600.0,-16.0,-27.0,31.38470965295043,-120.65066795705286,97.6323145,97.7290333,459230449322800,459230546041600,2026-10-05T06:28:22.643604+00:00,2026-10-05T06:28:22.740022+00:00,
3,T004,SMILE_BOTH,task,197,1,6,8,0,R1,L4,L5,L1,80000,600.0,7.0,31.0,31.78049716414141,77.27564431457763,97.7292529,97.82794,459230546261200,459230644948300,2026-10-05T06:28:22.740022+00:00,2026-10-05T06:28:22.840428+00:00,
3,T004,SMILE_BOTH,task,198,1,8,10,0,R1,L5,L6,L1,80000,600.0,-7.0,-6.0,9.219544457292887,-139.39870535499554,97.8281141,97.9249375,459230645122400,459230741945800,2026-10-05T06:28:22.840428+00:00,2026-10-05T06:28:22.939828+00:00,
3,T004,SMILE_BOTH,task,199,1,10,12,0,R1,L6,L7,L1,80000,600.0,-7.0,-4.0,8.06225774829855,-150.25511870305778,97.9251542,98.0229396,459230742162500,459230839947900,2026-10-05T06:28:22.939828+00:00,2026-10-05T06:28:23.037287+00:00,
3,T004,SMILE_BOTH,task,200,1,12,14,0,R1,L7,L8,L1,80000,600.0,-12.0,-4.0,12.649110640673518,-161.565051177078,98.0231847,98.1210343,459230840193000,459230938042600,2026-10-05T06:28:23.037287+00:00,2026-10-05T06:28:23.129852+00:00,
3,T004,SMILE_BOTH,task,201,1,14,15,0,R1,L8,R8,L1,80000,600.0,-20.0,-14.0,24.413111231467404,-145.00797980144134,98.1212406,98.2210519,459230938248900,459231038060200,2026-10-05T06:28:23.129852+00:00,2026-10-05T06:28:23.232654+00:00,
3,T004,SMILE_BOTH,task,202,1,15,13,0,R1,R8,R7,L1,80000,600.0,-13.0,-7.0,14.7648230602334,-151.69924423399362,98.221274,98.3180581,459231038282300,459231135066400,2026-10-05T06:28:23.232654+00:00,2026-10-05T06:28:23.333104+00:00,
3,T004,SMILE_BOTH,task,203,1,13,11,0,R1,R7,R6,L1,80000,600.0,-3.0,4.0,5.0,126.86989764584402,98.3182581,98.4140953,459231135266400,459231231103600,2026-10-05T06:28:23.333104+00:00,2026-10-05T06:28:23.419815+00:00,
3,T004,SMILE_BOTH,task,204,1,11,9,0,R1,R6,R5,L1,80000,600.0,-29.0,-17.0,33.61547262794322,-149.62087398863164,98.4143223,98.5118983,459231231330600,459231328906600,2026-10-05T06:28:23.419815+00:00,2026-10-05T06:28:23.526790+00:00,
3,T004,SMILE_BOTH,task,205,1,9,7,0,R1,R5,R4,L1,80000,600.0,37.0,34.0,50.24937810560445,42.58049078334367,98.5121121,98.6102001,459231329120400,459231427208400,2026-10-05T06:28:23.526790+00:00,2026-10-05T06:28:23.622125+00:00,
3,T004,SMILE_BOTH,task,206,1,7,5,0,R1,R4,R3,L1,80000,600.0,-48.0,-21.0,52.392747589718944,-156.3706222693432,98.6104368,98.7089257,459231427445100,459231525934000,2026-10-05T06:28:23.622125+00:00,2026-10-05T06:28:23.723426+00:00,
3,T004,SMILE_BOTH,task,207,1,5,3,0,R1,R3,R2,L1,80000,600.0,1.0,7.0,7.0710678118654755,81.86989764584403,98.7091371,98.8079414,459231526145400,459231624949700,2026-10-05T06:28:23.723426+00:00,2026-10-05T06:28:23.822058+00:00,
4,T005,PUFF_LEFT,task,0,0,4,6,2,L1,L3,L4,L2,80000,600.0,-173.0,-258.0,310.6332242372023,-123.84353799692481,101.0052562,101.1021648,459233822264500,459233919173100,2026-10-05T06:28:26.019962+00:00,2026-10-05T06:28:26.110149+00:00,
4,T005,PUFF_LEFT,task,1,0,6,8,2,L1,L4,L5,L2,80000,600.0,-67.0,-71.0,97.62171889492625,-133.33971763101718,101.1024238,101.1999129,459233919432100,459234016921200,2026-10-05T06:28:26.110149+00:00,2026-10-05T06:28:26.209825+00:00,
4,T005,PUFF_LEFT,task,2,0,8,10,2,L1,L5,L6,L2,80000,600.0,-52.0,-69.0,86.40023148117139,-127.00252652819617,101.2001593,101.2959077,459234017167600,459234112916000,2026-10-05T06:28:26.209825+00:00,2026-10-05T06:28:26.309957+00:00,
4,T005,PUFF_LEFT,task,3,0,10,12,2,L1,L6,L7,L2,80000,600.0,-24.0,-40.0,46.647615158762406,-120.96375653207352,101.2961504,101.396914,459234113158700,459234213922300,2026-10-05T06:28:26.309957+00:00,2026-10-05T06:28:26.409758+00:00,
4,T005,PUFF_LEFT,task,4,0,12,14,2,L1,L7,L8,L2,80000,600.0,-17.0,-4.0,17.46424919657298,-166.75948008481282,101.3971545,101.4949103,459234214162800,459234311918600,2026-10-05T06:28:26.409758+00:00,2026-10-05T06:28:26.509893+00:00,
4,T005,PUFF_LEFT,task,5,0,14,15,2,L1,L8,R8,L2,80000,600.0,-5.0,0.0,5.0,180.0,101.4951236,101.5940402,459234312131900,459234411048500,2026-10-05T06:28:26.509893+00:00,2026-10-05T06:28:26.603644+00:00,
4,T005,PUFF_LEFT,task,6,0,15,13,2,L1,R8,R7,L2,80000,600.0,-6.0,3.0,6.708203932499369,153.434948822922,101.5942608,101.6929184,459234411269100,459234509926700,2026-10-05T06:28:26.603644+00:00,2026-10-05T06:28:26.704149+00:00,
4,T005,PUFF_LEFT,task,7,0,13,11,2,L1,R7,R6,L2,80000,600.0,7.0,22.0,23.08679276123039,72.34987578006988,101.6931318,101.7899442,459234510140100,459234606952500,2026-10-05T06:28:26.704149+00:00,2026-10-05T06:28:26.803794+00:00,
4,T005,PUFF_LEFT,task,8,0,11,9,2,L1,R6,R5,L2,80000,600.0,-12.0,-3.0,12.36931687685298,-165.96375653207352,101.7901714,101.8879272,459234607179700,459234704935500,2026-10-05T06:28:26.803794+00:00,2026-10-05T06:28:26.902388+00:00,
4,T005,PUFF_LEFT,task,9,0,9,7,2,L1,R5,R4,L2,80000,600.0,35.0,50.0,61.032778078668514,55.00797980144134,101.8881297,101.9841144,459234705138000,459234801122700,2026-10-05T06:28:26.902388+00:00,2026-10-05T06:28:26.991842+00:00,
4,T005,PUFF_LEFT,task,10,0,7,5,2,L1,R4,R3,L2,80000,600.0,-37.0,-26.0,45.221676218380054,-144.9041832129739,101.9843395,102.0811619,459234801347800,459234898170200,2026-10-05T06:28:26.991842+00:00,2026-10-05T06:28:27.095907+00:00,
4,T005,PUFF_LEFT,task,11,0,5,3,2,L1,R3,R2,L2,80000,600.0,16.0,20.0,25.612496949731394,51.34019174590991,102.0813918,102.1811949,459234898400100,459234998203200,2026-10-05T06:28:27.095907+00:00,2026-10-05T06:28:27.189845+00:00,
4,T005,PUFF_LEFT,task,12,0,3,1,2,L1,R2,R1,L2,80000,600.0,-230.0,-304.0,381.2033578026301,-127.11038219172019,102.1814087,102.2819083,459234998417000,459235098916600,2026-10-05T06:28:27.189845+00:00,2026-10-05T06:28:27.295788+00:00,
4,T005,PUFF_LEFT,task,13,2,6,8,4,L2,L4,L5,L3,80000,600.0,133.0,199.0,239.35329536064467,56.2435411022132,102.282152,102.3811238,459235099160300,459235198132100,2026-10-05T06:28:27.295788+00:00,2026-10-05T06:28:27.390033+00:00,
4,T005,PUFF_LEFT,task,14,2,8,10,4,L2,L5,L6,L3,80000,600.0,-92.0,-127.0,156.82155464093577,-125.91992713597328,102.3813664,102.4801144,459235198374700,459235297122700,2026-10-05T06:28:27.390033+00:00,2026-10-05T06:28:27.489663+00:00,
4,T005,PUFF_LEFT,task,15,2,10,12,4,L2,L6,L7,L3,80000,600.0,-20.0,-33.0,38.58756276314948,-121.21840276434638,102.4803332,102.5769207,459235297341500,459235393929000,2026-10-05T06:28:27.489663+00:00,2026-10-05T06:28:27.589711+00:00,
4,T005,PUFF_LEFT,task,16,2,12,14,4,L2,L7,L8,L3,80000,600.0,-17.0,-10.0,19.72308292331602,-149.53445508054014,102.577152,102.6747486,459235394160300,459235491756900,2026-10-05T06:28:27.589711+00:00,2026-10-05T06:28:27.689896+00:00,
4,T005,PUFF_LEFT,task,17,2,14,15,4,L2,L8,R8,L3,80000,600.0,-9.0,-9.0,12.727922061357855,-135.0,102.6749127,102.7751845,459235491921000,459235592192800,2026-10-05T06:28:27.689896+00:00,2026-10-05T06:28:27.790200+00:00,
4,T005,PUFF_LEFT,task,18,2,15,13,4,L2,R8,R7,L3,80000,600.0,-10.0,-4.0,10.770329614269007,-158.19859051364818,102.7754347,102.8740415,459235592443000,459235691049800,2026-10-05T06:28:27.790639+00:00,2026-10-05T06:28:27.885456+00:00,
4,T005,PUFF_LEFT,task,19,2,13,11,4,L2,R7,R6,L3,80000,600.0,-6.0,2.0,6.324555320336759,161.565051177078,102.8742482,102.9748973,459235691256500,459235791905600,2026-10-05T06:28:27.885456+00:00,2026-10-05T06:28:27.989890+00:00,
4,T005,PUFF_LEFT,task,20,2,11,9,4,L2,R6,R5,L3,80000,600.0,-15.0,-9.0,17.4928556845359,-149.03624346792648,102.9751072,103.0710358,459235792115500,459235888044100,2026-10-05T06:28:27.989890+00:00,2026-10-05T06:28:28.080081+00:00,
4,T005,PUFF_LEFT,task,21,2,9,7,4,L2,R5,R4,L3,80000,600.0,6.0,2.0,6.324555320336759,18.43494882292201,103.0712384,103.170032,459235888246700,459235987040300,2026-10-05T06:28:28.080081+00:00,2026-10-05T06:28:28.179984+00:00,
4,T005,PUFF_LEFT,task,22,2,7,5,4,L2,R4,R3,L3,80000,600.0,-16.0,3.0,16.278820596099706,169.38034472384487,103.1702263,103.2680487,459235987234600,459236085057000,2026-10-05T06:28:28.179984+00:00,2026-10-05T06:28:28.279961+00:00,
4,T005,PUFF_LEFT,task,23,2,5,3,4,L2,R3,R2,L3,80000,600.0,-5.0,-3.0,5.830951894845301,-149.03624346792648,103.2682739,103.3659138,459236085282200,459236182922100,2026-10-05T06:28:28.279961+00:00,2026-10-05T06:28:28.379823+00:00,
4,T005,PUFF_LEFT,task,24,2,3,1,4,L2,R2,R1,L3,80000,600.0,38.0,28.0,47.20169488482379,36.384351815835885,103.3661269,103.465909,459236183135200,459236282917300,2026-10-05T06:28:28.379823+00:00,2026-10-05T06:28:28.480011+00:00,
4,T005,PUFF_LEFT,task,25,2,1,0,4,L2,R1,L1,L3,80000,600.0,-28.0,5.0,28.442925306655784,169.8753283446022,103.4661376,103.5648961,459236283145900,459236381904400,2026-10-05T06:28:28.480011+00:00,2026-10-05T06:28:28.579892+00:00,
4,T005,PUFF_LEFT,task,26,4,0,2,6,L3,L1,L2,L4,80000,600.0,-225.0,-255.0,340.073521462639,-131.42366562500266,103.5650992,103.6630387,459236382107500,459236480047000,2026-10-05T06:28:28.579892+00:00,2026-10-05T06:28:28.674398+00:00,
4,T005,PUFF_LEFT,task,27,4,8,10,6,L3,L5,L6,L4,80000,600.0,144.0,206.0,251.34040662018512,55.0453303694967,103.6632553,103.7599033,459236480263600,459236576911600,2026-10-05T06:28:28.674398+00:00,2026-10-05T06:28:28.774486+00:00,
4,T005,PUFF_LEFT,task,28,4,10,12,6,L3,L6,L7,L4,80000,600.0,16.0,21.0,26.40075756488817,52.69605172201657,103.7600989,103.8570676,459236577107200,459236674075900,2026-10-05T06:28:28.774486+00:00,2026-10-05T06:28:28.869954+00:00,
4,T005,PUFF_LEFT,task,29,4,12,14,6,L3,L7,L8,L4,80000,600.0,5.0,24.0,24.515301344262525,78.23171106797936,103.8572688,103.9559319,459236674277100,459236772940200,2026-10-05T06:28:28.869954+00:00,2026-10-05T06:28:28.970641+00:00,
4,T005,PUFF_LEFT,task,30,4,14,15,6,L3,L8,R8,L4,80000,600.0,10.0,17.0,19.72308292331602,59.53445508054013,103.9561348,104.0549554,459236773143100,459236871963700,2026-10-05T06:28:28.970641+00:00,2026-10-05T06:28:29.069897+00:00,
4,T005,PUFF_LEFT,task,31,4,15,13,6,L3,R8,R7,L4,80000,600.0,-3.0,8.0,8.54400374531753,110.55604521958347,104.0551824,104.1600442,459236872190700,459236977052500,2026-10-05T06:28:29.069897+00:00,2026-10-05T06:28:29.175084+00:00,
4,T005,PUFF_LEFT,task,32,4,13,11,6,L3,R7,R6,L4,80000,600.0,6.0,22.0,22.80350850198276,74.74488129694222,104.1603187,104.2590436,459236977327000,459237076051900,2026-10-05T06:28:29.175084+00:00,2026-10-05T06:28:29.269897+00:00,
4,T005,PUFF_LEFT,task,33,4,11,9,6,L3,R6,R5,L4,80000,600.0,-13.0,-8.0,15.264337522473747,-148.39249775375112,104.2593153,104.3569386,459237076323600,459237173946900,2026-10-05T06:28:29.269897+00:00,2026-10-05T06:28:29.370594+00:00,
4,T005,PUFF_LEFT,task,34,4,9,7,6,L3,R5,R4,L4,80000,600.0,36.0,41.0,54.56189146281496,48.71528910542877,104.357138,104.4530386,459237174146300,459237270046900,2026-10-05T06:28:29.370594+00:00,2026-10-05T06:28:29.463105+00:00,
4,T005,PUFF_LEFT,task,35,4,7,5,6,L3,R4,R3,L4,80000,600.0,-50.0,-26.0,56.356011214421486,-152.52556837372288,104.4532463,104.5500867,459237270254600,459237367095000,2026-10-05T06:28:29.463105+00:00,2026-10-05T06:28:29.559850+00:00,
4,T005,PUFF_LEFT,task,36,4,5,3,6,L3,R3,R2,L4,80000,600.0,-18.0,1.0,18.027756377319946,176.82016988013575,104.5503634,104.6499041,459237367371700,459237466912400,2026-10-05T06:28:29.559850+00:00,2026-10-05T06:28:29.664164+00:00,
4,T005,PUFF_LEFT,task,37,4,3,1,6,L3,R2,R1,L4,80000,600.0,34.0,-8.0,34.92849839314596,-13.240519915187205,104.650312,104.7480488,459237467320300,459237565057100,2026-10-05T06:28:29.664164+00:00,2026-10-05T06:28:29.759762+00:00,
4,T005,PUFF_LEFT,task,38,4,1,0,6,L3,R1,L1,L4,80000,600.0,-91.0,-74.0,117.29023829799307,-140.88244559009536,104.7482532,104.8430673,459237565261500,459237660075600,2026-10-05T06:28:29.759762+00:00,2026-10-05T06:28:29.854854+00:00,
4,T005,PUFF_LEFT,task,39,6,0,2,8,L4,L1,L2,L5,80000,600.0,-61.0,-51.0,79.51100552753688,-140.1021652523582,104.8432956,104.9422063,459237660303900,459237759214600,2026-10-05T06:28:29.854854+00:00,2026-10-05T06:28:29.954228+00:00,
4,T005,PUFF_LEFT,task,40,6,2,4,8,L4,L2,L3,L5,80000,600.0,122.0,199.0,233.42022191746798,58.48898227581785,104.9424234,105.0379075,459237759431700,459237854915800,2026-10-05T06:28:29.954228+00:00,2026-10-05T06:28:30.052798+00:00,
4,T005,PUFF_LEFT,task,41,6,10,12,8,L4,L6,L7,L5,80000,600.0,-83.0,-152.0,173.18487231857176,-118.63686324912523,105.0381139,105.1480464,459237855122200,459237965054700,2026-10-05T06:28:30.052798+00:00,2026-10-05T06:28:30.159764+00:00,
4,T005,PUFF_LEFT,task,42,6,12,14,8,L4,L7,L8,L5,80000,600.0,-44.0,-50.0,66.60330322138685,-131.34777721969368,105.1482601,105.2439411,459237965268400,459238060949400,2026-10-05T06:28:30.159764+00:00,2026-10-05T06:28:30.258634+00:00,
4,T005,PUFF_LEFT,task,43,6,14,15,8,L4,L8,R8,L5,80000,600.0,-26.0,-35.0,43.60045871318328,-126.6070748126075,105.2441683,105.3419121,459238061176600,459238158920400,2026-10-05T06:28:30.258634+00:00,2026-10-05T06:28:30.356822+00:00,
4,T005,PUFF_LEFT,task,44,6,15,13,8,L4,R8,R7,L5,80000,600.0,-18.0,-11.0,21.095023109728988,-148.5704343851615,105.3421441,105.4381066,459238159152400,459238255114900,2026-10-05T06:28:30.356822+00:00,2026-10-05T06:28:30.453091+00:00,
4,T005,PUFF_LEFT,task,45,6,13,11,8,L4,R7,R6,L5,80000,600.0,-13.0,-10.0,16.401219466856727,-142.43140797117252,105.4383185,105.5348954,459238255326800,459238351903700,2026-10-05T06:28:30.453091+00:00,2026-10-05T06:28:30.549897+00:00,
4,T005,PUFF_LEFT,task,46,6,11,9,8,L4,R6,R5,L5,80000,600.0,-4.0,-2.0,4.47213595499958,-153.434948822922,105.5351085,105.6339623,459238352116800,459238450970600,2026-10-05T06:28:30.549897+00:00,2026-10-05T06:28:30.648895+00:00,
4,T005,PUFF_LEFT,task,47,6,9,7,8,L4,R5,R4,L5,80000,600.0,-25.0,-26.0,36.069377593742864,-133.87669728592456,105.6341807,105.7301939,459238451189000,459238547202200,2026-10-05T06:28:30.648895+00:00,2026-10-05T06:28:30.740240+00:00,
4,T005,PUFF_LEFT,task,48,6,7,5,8,L4,R4,R3,L5,80000,600.0,-3.0,33.0,33.13608305156178,95.1944289077348,105.7304067,105.8291092,459238547415000,459238646117500,2026-10-05T06:28:30.740240+00:00,2026-10-05T06:28:30.840610+00:00,
4,T005,PUFF_LEFT,task,49,6,5,3,8,L4,R3,R2,L5,80000,600.0,17.0,6.0,18.027756377319946,19.44003482817619,105.8293134,105.9281867,459238646321700,459238745195000,2026-10-05T06:28:30.840610+00:00,2026-10-05T06:28:30.940222+00:00,
4,T005,PUFF_LEFT,task,50,6,3,1,8,L4,R2,R1,L5,80000,600.0,89.0,60.0,107.33592129385204,33.986167109648584,105.9283973,106.0290814,459238745405600,459238846089700,2026-10-05T06:28:30.940222+00:00,2026-10-05T06:28:31.041736+00:00,
4,T005,PUFF_LEFT,task,51,6,1,0,8,L4,R1,L1,L5,80000,600.0,-31.0,26.0,40.45985664828782,140.01311375503582,106.0292615,106.1279837,459238846269800,459238944992000,2026-10-05T06:28:31.041736+00:00,2026-10-05T06:28:31.140082+00:00,
4,T005,PUFF_LEFT,task,52,8,0,2,10,L5,L1,L2,L6,80000,600.0,-58.0,-71.0,91.67878707749138,-129.24543466889781,106.1282081,106.2270534,459238945216400,459239044061700,2026-10-05T06:28:31.140082+00:00,2026-10-05T06:28:31.239684+00:00,
4,T005,PUFF_LEFT,task,53,8,2,4,10,L5,L2,L3,L6,80000,600.0,-102.0,-138.0,171.6041957529011,-126.46923439005187,106.2272698,106.3259215,459239044278100,459239142929800,2026-10-05T06:28:31.239684+00:00,2026-10-05T06:28:31.339982+00:00,
4,T005,PUFF_LEFT,task,54,8,4,6,10,L5,L3,L4,L6,80000,600.0,148.0,227.0,270.9852394504173,56.89635805026742,106.3261474,106.4239641,459239143155700,459239240972400,2026-10-05T06:28:31.339982+00:00,2026-10-05T06:28:31.437443+00:00,
4,T005,PUFF_LEFT,task,55,8,12,14,10,L5,L7,L8,L6,80000,600.0,-90.0,-139.0,165.59287424282482,-122.92233083763578,106.4241937,106.5211018,459239241202000,459239338110100,2026-10-05T06:28:31.437443+00:00,2026-10-05T06:28:31.529924+00:00,
4,T005,PUFF_LEFT,task,56,8,14,15,10,L5,L8,R8,L6,80000,600.0,-34.0,-55.0,64.66065264130884,-121.72360295768402,106.5213399,106.6229494,459239338348200,459239439957700,2026-10-05T06:28:31.529924+00:00,2026-10-05T06:28:31.637770+00:00,
4,T005,PUFF_LEFT,task,57,8,15,13,10,L5,R8,R7,L6,80000,600.0,-17.0,-13.0,21.400934559032695,-142.59464336859145,106.6232268,106.7230384,459239440235100,459239540046700,2026-10-05T06:28:31.637770+00:00,2026-10-05T06:28:31.729754+00:00,
4,T005,PUFF_LEFT,task,58,8,13,11,10,L5,R7,R6,L6,80000,600.0,-2.0,-1.0,2.23606797749979,-153.434948822922,106.7236894,106.8229806,459239540697700,459239639988900,2026-10-05T06:28:31.738378+00:00,2026-10-05T06:28:31.837003+00:00,
4,T005,PUFF_LEFT,task,59,8,11,9,10,L5,R6,R5,L6,80000,600.0,-47.0,-3.0,47.095647357266465,-176.34777721969368,106.8232336,106.9219253,459239640241900,459239738933600,2026-10-05T06:28:31.837003+00:00,2026-10-05T06:28:31.937093+00:00,
4,T005,PUFF_LEFT,task,60,8,9,7,10,L5,R5,R4,L6,80000,600.0,-3.0,5.0,5.830951894845301,120.96375653207352,106.9222948,107.0188894,459239739303100,459239835897700,2026-10-05T06:28:31.937093+00:00,2026-10-05T06:28:32.029680+00:00,
4,T005,PUFF_LEFT,task,61,8,7,5,10,L5,R4,R3,L6,80000,600.0,-5.0,-3.0,5.830951894845301,-149.03624346792648,107.0191891,107.118038,459239836197400,459239935046300,2026-10-05T06:28:32.029680+00:00,2026-10-05T06:28:32.132899+00:00,
4,T005,PUFF_LEFT,task,62,8,5,3,10,L5,R3,R2,L6,80000,600.0,-2.0,-2.0,2.8284271247461903,-135.0,107.1182882,107.2160477,459239935296500,459240033056000,2026-10-05T06:28:32.132899+00:00,2026-10-05T06:28:32.229983+00:00,
4,T005,PUFF_LEFT,task,63,8,3,1,10,L5,R2,R1,L6,80000,600.0,35.0,8.0,35.90264614203248,12.875001559612476,107.2163645,107.3149657,459240033372800,459240131974000,2026-10-05T06:28:32.229983+00:00,2026-10-05T06:28:32.329947+00:00,
4,T005,PUFF_LEFT,task,64,8,1,0,10,L5,R1,L1,L6,80000,600.0,-55.0,-38.0,66.85057965343307,-145.3590524880837,107.3152389,107.4119387,459240132247200,459240228947000,2026-10-05T06:28:32.329947+00:00,2026-10-05T06:28:32.423436+00:00,
4,T005,PUFF_LEFT,task,65,10,0,2,12,L6,L1,L2,L7,80000,600.0,-25.0,-30.0,39.05124837953327,-129.8055710922652,107.4121771,107.5108955,459240229185400,459240327903800,2026-10-05T06:28:32.423436+00:00,2026-10-05T06:28:32.525871+00:00,
4,T005,PUFF_LEFT,task,66,10,2,4,12,L6,L2,L3,L7,80000,600.0,-29.0,-32.0,43.18564576337837,-132.1844433157888,107.5111744,107.6089136,459240328182700,459240425921900,2026-10-05T06:28:32.525871+00:00,2026-10-05T06:28:32.619813+00:00,
4,T005,PUFF_LEFT,task,67,10,4,6,12,L6,L3,L4,L7,80000,600.0,23.0,32.0,39.408120990476064,54.293308599397115,107.6091686,107.7048888,459240426176900,459240521897100,2026-10-05T06:28:32.619813+00:00,2026-10-05T06:28:32.719895+00:00,
4,T005,PUFF_LEFT,task,68,10,6,8,12,L6,L4,L5,L7,80000,600.0,-103.0,-166.0,195.35864454894235,-121.81885392834025,107.7051426,107.8040355,459240522150900,459240621043800,2026-10-05T06:28:32.719895+00:00,2026-10-05T06:28:32.809714+00:00,
4,T005,PUFF_LEFT,task,69,10,14,15,12,L6,L8,R8,L7,80000,600.0,-194.0,-295.0,353.0736467084452,-123.3300045235293,107.8042403,107.9020697,459240621248600,459240719078000,2026-10-05T06:28:32.809714+00:00,2026-10-05T06:28:32.910515+00:00,
4,T005,PUFF_LEFT,task,70,10,15,13,12,L6,R8,R7,L7,80000,600.0,-33.0,-56.0,65.0,-120.51023740611556,107.902266,107.9990418,459240719274300,459240816050100,2026-10-05T06:28:32.910515+00:00,2026-10-05T06:28:33.009735+00:00,
4,T005,PUFF_LEFT,task,71,10,13,11,12,L6,R7,R6,L7,80000,600.0,-32.0,-30.0,43.86342439892262,-136.8476102659946,107.9993143,108.0969039,459240816322600,459240913912200,2026-10-05T06:28:33.009735+00:00,2026-10-05T06:28:33.109967+00:00,
4,T005,PUFF_LEFT,task,72,10,11,9,12,L6,R6,R5,L7,80000,600.0,-12.0,-15.0,19.209372712298546,-128.6598082540901,108.0971247,108.1949915,459240914133000,459241011999800,2026-10-05T06:28:33.109967+00:00,2026-10-05T06:28:33.210003+00:00,
4,T005,PUFF_LEFT,task,73,10,9,7,12,L6,R5,R4,L7,80000,600.0,-5.0,-11.0,12.083045973594572,-114.44395478041653,108.1952785,108.2930692,459241012286800,459241110077500,2026-10-05T06:28:33.210003+00:00,2026-10-05T06:28:33.303233+00:00,
4,T005,PUFF_LEFT,task,74,10,7,5,12,L6,R4,R3,L7,80000,600.0,-7.0,14.0,15.652475842498529,116.56505117707799,108.293293,108.3919709,459241110301300,459241208979200,2026-10-05T06:28:33.303233+00:00,2026-10-05T06:28:33.406989+00:00,
4,T005,PUFF_LEFT,task,75,10,5,3,12,L6,R3,R2,L7,80000,600.0,1.0,-1.0,1.4142135623730951,-45.0,108.3921802,108.487952,459241209188500,459241304960300,2026-10-05T06:28:33.406989+00:00,2026-10-05T06:28:33.502228+00:00,
4,T005,PUFF_LEFT,task,76,10,3,1,12,L6,R2,R1,L7,80000,600.0,53.0,19.0,56.302753041036986,19.72227776444705,108.4881856,108.5880558,459241305193900,459241405064100,2026-10-05T06:28:33.502228+00:00,2026-10-05T06:28:33.599897+00:00,
4,T005,PUFF_LEFT,task,77,10,1,0,12,L6,R1,L1,L7,80000,600.0,-58.0,-26.0,63.56099432828282,-155.85445803957836,108.5882582,108.6859047,459241405266500,459241502913000,2026-10-05T06:28:33.599897+00:00,2026-10-05T06:28:33.699976+00:00,
4,T005,PUFF_LEFT,task,78,12,0,2,14,L7,L1,L2,L8,80000,600.0,-14.0,-2.0,14.142135623730951,-171.86989764584402,108.6861398,108.7838942,459241503148100,459241600902500,2026-10-05T06:28:33.699976+00:00,2026-10-05T06:28:33.799025+00:00,
4,T005,PUFF_LEFT,task,79,12,2,4,14,L7,L2,L3,L8,80000,600.0,-21.0,-17.0,27.018512172212592,-141.00900595749454,108.7841094,108.8800364,459241601117700,459241697044700,2026-10-05T06:28:33.799025+00:00,2026-10-05T06:28:33.889956+00:00,
4,T005,PUFF_LEFT,task,80,12,4,6,14,L7,L3,L4,L8,80000,600.0,18.0,26.0,31.622776601683793,55.30484646876604,108.8802415,108.9858941,459241697249800,459241802902400,2026-10-05T06:28:33.889956+00:00,2026-10-05T06:28:34.000881+00:00,
4,T005,PUFF_LEFT,task,81,12,6,8,14,L7,L4,L5,L8,80000,600.0,-56.0,-69.0,88.86506625215557,-129.0625839005185,108.9861947,109.082035,459241803203000,459241899043300,2026-10-05T06:28:34.000881+00:00,2026-10-05T06:28:34.089772+00:00,
4,T005,PUFF_LEFT,task,82,12,8,10,14,L7,L5,L6,L8,80000,600.0,-99.0,-143.0,173.92527130926086,-124.69515353123397,109.0822748,109.1790479,459241899283100,459241996056200,2026-10-05T06:28:34.089772+00:00,2026-10-05T06:28:34.189952+00:00,
4,T005,PUFF_LEFT,task,83,12,15,13,14,L7,R8,R7,L8,80000,600.0,-77.0,-110.0,134.27211177307072,-124.99202019855868,109.1792462,109.2759465,459241996254500,459242092954800,2026-10-05T06:28:34.189952+00:00,2026-10-05T06:28:34.289781+00:00,
4,T005,PUFF_LEFT,task,84,12,13,11,14,L7,R7,R6,L8,80000,600.0,-34.0,-54.0,63.812224534175265,-122.19573393471325,109.2762053,109.3760942,459242093213600,459242193102500,2026-10-05T06:28:34.289781+00:00,2026-10-05T06:28:34.390249+00:00,
4,T005,PUFF_LEFT,task,85,12,11,9,14,L7,R6,R5,L8,80000,600.0,-8.0,-22.0,23.40939982143925,-109.98310652189998,109.3762797,109.4720429,459242193288000,459242289051200,2026-10-05T06:28:34.390249+00:00,2026-10-05T06:28:34.480035+00:00,
4,T005,PUFF_LEFT,task,86,12,9,7,14,L7,R5,R4,L8,80000,600.0,-6.0,-12.0,13.416407864998739,-116.56505117707799,109.4725457,109.5710401,459242289554000,459242388048400,2026-10-05T06:28:34.487402+00:00,2026-10-05T06:28:34.585810+00:00,
4,T005,PUFF_LEFT,task,87,12,7,5,14,L7,R4,R3,L8,80000,600.0,-6.0,12.0,13.416407864998739,116.56505117707799,109.571266,109.6710359,459242388274300,459242488044200,2026-10-05T06:28:34.585810+00:00,2026-10-05T06:28:34.680116+00:00,
4,T005,PUFF_LEFT,task,88,12,5,3,14,L7,R3,R2,L8,80000,600.0,1.0,-1.0,1.4142135623730951,-45.0,109.6712404,109.7700426,459242488248700,459242587050900,2026-10-05T06:28:34.680116+00:00,2026-10-05T06:28:34.779949+00:00,
4,T005,PUFF_LEFT,task,89,12,3,1,14,L7,R2,R1,L8,80000,600.0,45.0,14.0,47.12748667179272,17.281498371816642,109.770266,109.8732229,459242587274300,459242690231200,2026-10-05T06:28:34.779949+00:00,2026-10-05T06:28:34.887776+00:00,
4,T005,PUFF_LEFT,task,90,12,1,0,14,L7,R1,L1,L8,80000,600.0,-54.0,-34.0,63.812224534175265,-147.80426606528675,109.8734918,109.9709108,459242690500100,459242787919100,2026-10-05T06:28:34.887776+00:00,2026-10-05T06:28:34.985912+00:00,
4,T005,PUFF_LEFT,task,91,14,0,2,15,L8,L1,L2,R8,80000,600.0,-10.0,7.0,12.206555615733702,145.00797980144134,109.9711629,110.0710341,459242788171200,459242888042400,2026-10-05T06:28:34.985912+00:00,2026-10-05T06:28:35.079950+00:00,
4,T005,PUFF_LEFT,task,92,14,2,4,15,L8,L2,L3,R8,80000,600.0,-20.0,-13.0,23.853720883753127,-146.97613244420336,110.0712621,110.1689677,459242888270400,459242985976000,2026-10-05T06:28:35.079950+00:00,2026-10-05T06:28:35.181456+00:00,
4,T005,PUFF_LEFT,task,93,14,4,6,15,L8,L3,L4,R8,80000,600.0,15.0,20.0,25.0,53.13010235415598,110.1692095,110.2680508,459242986217800,459243085059100,2026-10-05T06:28:35.181456+00:00,2026-10-05T06:28:35.279770+00:00,
4,T005,PUFF_LEFT,task,94,14,6,8,15,L8,L4,L5,R8,80000,600.0,-43.0,-46.0,62.96824596572466,-133.069412558833,110.2682828,110.3638961,459243085291100,459243180904400,2026-10-05T06:28:35.279770+00:00,2026-10-05T06:28:35.377221+00:00,
4,T005,PUFF_LEFT,task,95,14,8,10,15,L8,L5,L6,R8,80000,600.0,-44.0,-51.0,67.35725647619564,-130.78582147726596,110.3641268,110.4639731,459243181135100,459243280981400,2026-10-05T06:28:35.379224+00:00,2026-10-05T06:28:35.478980+00:00,
4,T005,PUFF_LEFT,task,96,14,10,12,15,L8,L6,L7,R8,80000,600.0,-218.0,-295.0,366.8092147152249,-126.46377296794344,110.4641914,110.5610462,459243281199700,459243378054500,2026-10-05T06:28:35.478980+00:00,2026-10-05T06:28:35.570305+00:00,
4,T005,PUFF_LEFT,task,97,14,13,11,15,L8,R7,R6,R8,80000,600.0,-156.0,-256.0,299.7865907608277,-121.35708522400994,110.561243,110.6599173,459243378251300,459243476925600,2026-10-05T06:28:35.570305+00:00,2026-10-05T06:28:35.674580+00:00,
4,T005,PUFF_LEFT,task,98,14,11,9,15,L8,R6,R5,R8,80000,600.0,-31.0,-62.0,69.31810730249349,-116.56505117707799,110.6601347,110.7569298,459243477143000,459243573938100,2026-10-05T06:28:35.674580+00:00,2026-10-05T06:28:35.771510+00:00,
4,T005,PUFF_LEFT,task,99,14,9,7,15,L8,R5,R4,R8,80000,600.0,-18.0,-34.0,38.47076812334269,-117.89727103094764,110.7571442,110.8551259,459243574152500,459243672134200,2026-10-05T06:28:35.771510+00:00,2026-10-05T06:28:35.870128+00:00,
4,T005,PUFF_LEFT,task,100,14,7,5,15,L8,R4,R3,R8,80000,600.0,-2.0,23.0,23.08679276123039,94.96974072811031,110.8552953,110.9540369,459243672303600,459243771045200,2026-10-05T06:28:35.870128+00:00,2026-10-05T06:28:35.959844+00:00,
4,T005,PUFF_LEFT,task,101,14,5,3,15,L8,R3,R2,R8,80000,600.0,-1.0,-5.0,5.0990195135927845,-101.30993247402021,110.9542331,111.0522042,459243771241400,459243869212500,2026-10-05T06:28:35.959844+00:00,2026-10-05T06:28:36.063467+00:00,
4,T005,PUFF_LEFT,task,102,14,3,1,15,L8,R2,R1,R8,80000,600.0,49.0,11.0,50.21951811795888,12.65255650055797,111.0524107,111.1510368,459243869419000,459243968045100,2026-10-05T06:28:36.063467+00:00,2026-10-05T06:28:36.159806+00:00,
4,T005,PUFF_LEFT,task,103,14,1,0,15,L8,R1,L1,R8,80000,600.0,-65.0,-43.0,77.93587107359485,-146.513831184487,111.1512303,111.2499039,459243968238600,459244066912200,2026-10-05T06:28:36.159806+00:00,2026-10-05T06:28:36.264185+00:00,
4,T005,PUFF_LEFT,task,104,15,0,2,13,R8,L1,L2,R7,80000,600.0,0.0,13.0,13.0,90.0,111.2501525,111.349039,459244067160800,459244166047300,2026-10-05T06:28:36.264185+00:00,2026-10-05T06:28:36.359892+00:00,
4,T005,PUFF_LEFT,task,105,15,2,4,13,R8,L2,L3,R7,80000,600.0,-13.0,-6.0,14.317821063276353,-155.22485943116808,111.3493049,111.445911,459244166313200,459244262919300,2026-10-05T06:28:36.359892+00:00,2026-10-05T06:28:36.459837+00:00,
4,T005,PUFF_LEFT,task,106,15,4,6,13,R8,L3,L4,R7,80000,600.0,11.0,12.0,16.278820596099706,47.48955292199916,111.4461942,111.5449112,459244263202500,459244361919500,2026-10-05T06:28:36.459837+00:00,2026-10-05T06:28:36.559938+00:00,
4,T005,PUFF_LEFT,task,107,15,6,8,13,R8,L4,L5,R7,80000,600.0,-25.0,-21.0,32.64965543462902,-139.9697407281103,111.5451268,111.6429345,459244362135100,459244459942800,2026-10-05T06:28:36.559938+00:00,2026-10-05T06:28:36.653535+00:00,
4,T005,PUFF_LEFT,task,108,15,8,10,13,R8,L5,L6,R7,80000,600.0,-17.0,-9.0,19.235384061671343,-152.10272896905238,111.64322,111.7399436,459244460228300,459244556951900,2026-10-05T06:28:36.653535+00:00,2026-10-05T06:28:36.753913+00:00,
4,T005,PUFF_LEFT,task,109,15,10,12,13,R8,L6,L7,R7,80000,600.0,-35.0,-59.0,68.60029154456998,-120.67728002179645,111.7403021,111.8369116,459244557310400,459244653919900,2026-10-05T06:28:36.753913+00:00,2026-10-05T06:28:36.852137+00:00,
4,T005,PUFF_LEFT,task,110,15,12,14,13,R8,L7,L8,R7,80000,600.0,-87.0,-100.0,132.5481044753187,-131.02326902492243,111.837188,111.9359113,459244654196300,459244752919600,2026-10-05T06:28:36.852137+00:00,2026-10-05T06:28:36.949779+00:00,
4,T005,PUFF_LEFT,task,111,15,11,9,13,R8,R6,R5,R7,80000,600.0,-74.0,-152.0,169.0562036720333,-115.95876926156063,111.9361416,112.0330399,459244753149900,459244850048200,2026-10-05T06:28:36.949779+00:00,2026-10-05T06:28:37.040117+00:00,
4,T005,PUFF_LEFT,task,112,15,9,7,13,R8,R5,R4,R7,80000,600.0,-22.0,-44.0,49.193495504995376,-116.56505117707799,112.0332646,112.1310418,459244850272900,459244948050100,2026-10-05T06:28:37.040117+00:00,2026-10-05T06:28:37.146110+00:00,
4,T005,PUFF_LEFT,task,113,15,7,5,13,R8,R4,R3,R7,80000,600.0,-2.0,23.0,23.08679276123039,94.96974072811031,112.1312544,112.229045,459244948262700,459245046053300,2026-10-05T06:28:37.146110+00:00,2026-10-05T06:28:37.239974+00:00,
4,T005,PUFF_LEFT,task,114,15,5,3,13,R8,R3,R2,R7,80000,600.0,-3.0,-7.0,7.615773105863909,-113.19859051364818,112.2292624,112.3259812,459245046270700,459245142989500,2026-10-05T06:28:37.239974+00:00,2026-10-05T06:28:37.340955+00:00,
4,T005,PUFF_LEFT,task,115,15,3,1,13,R8,R2,R1,R7,80000,600.0,35.0,-1.0,35.014282800023196,-1.6365770416167182,112.3262182,112.4220638,459245143226500,459245239072100,2026-10-05T06:28:37.340955+00:00,2026-10-05T06:28:37.431078+00:00,
4,T005,PUFF_LEFT,task,116,15,1,0,13,R8,R1,L1,R7,80000,600.0,-55.0,-31.0,63.13477647065839,-150.59281093926637,112.4222734,112.519047,459245239281700,459245336055300,2026-10-05T06:28:37.431078+00:00,2026-10-05T06:28:37.529827+00:00,
4,T005,PUFF_LEFT,task,117,13,0,2,11,R7,L1,L2,R6,80000,600.0,3.0,25.0,25.179356624028344,83.15722658736907,112.5192225,112.6170547,459245336230800,459245434063000,2026-10-05T06:28:37.529827+00:00,2026-10-05T06:28:37.630785+00:00,
4,T005,PUFF_LEFT,task,118,13,2,4,11,R7,L2,L3,R6,80000,600.0,-15.0,-8.0,17.0,-151.92751306414706,112.6173186,112.7149016,459245434326900,459245531909900,2026-10-05T06:28:37.632362+00:00,2026-10-05T06:28:37.729911+00:00,
4,T005,PUFF_LEFT,task,119,13,4,6,11,R7,L3,L4,R6,80000,600.0,12.0,20.0,23.323807579381203,59.03624346792648,112.715123,112.8140371,459245532131300,459245631045400,2026-10-05T06:28:37.729911+00:00,2026-10-05T06:28:37.821602+00:00,
4,T005,PUFF_LEFT,task,120,13,6,8,11,R7,L4,L5,R6,80000,600.0,-27.0,-28.0,38.897300677553446,-133.95837332399003,112.8142475,112.9120385,459245631255800,459245729046800,2026-10-05T06:28:37.821602+00:00,2026-10-05T06:28:37.919769+00:00,
4,T005,PUFF_LEFT,task,121,13,8,10,11,R7,L5,L6,R6,80000,600.0,-8.0,-3.0,8.54400374531753,-159.44395478041653,112.9122538,113.0099024,459245729262100,459245826910700,2026-10-05T06:28:37.919769+00:00,2026-10-05T06:28:38.021422+00:00,
4,T005,PUFF_LEFT,task,122,13,10,12,11,R7,L6,L7,R6,80000,600.0,-40.0,-39.0,55.86591089385369,-135.72522429905925,113.0101255,113.1069499,459245827133800,459245923958200,2026-10-05T06:28:38.021422+00:00,2026-10-05T06:28:38.121088+00:00,
4,T005,PUFF_LEFT,task,123,13,12,14,11,R7,L7,L8,R6,80000,600.0,-49.0,-53.0,72.18032973047436,-132.75425743410491,113.1071718,113.2059343,459245924180100,459246022942600,2026-10-05T06:28:38.121088+00:00,2026-10-05T06:28:38.219807+00:00,
4,T005,PUFF_LEFT,task,124,13,14,15,11,R7,L8,R8,R6,80000,600.0,-180.0,-256.0,312.9472799050984,-125.11201118442222,113.2061749,113.3020478,459246023183200,459246119056100,2026-10-05T06:28:38.219807+00:00,2026-10-05T06:28:38.311306+00:00,
4,T005,PUFF_LEFT,task,125,13,9,7,11,R7,R5,R4,R6,80000,600.0,-30.0,-70.0,76.15773105863909,-113.19859051364818,113.302287,113.4000391,459246119295300,459246217047400,2026-10-05T06:28:38.311306+00:00,2026-10-05T06:28:38.411058+00:00,
4,T005,PUFF_LEFT,task,126,13,7,5,11,R7,R4,R3,R6,80000,600.0,-8.0,13.0,15.264337522473747,121.60750224624891,113.4002675,113.4980445,459246217275800,459246315052800,2026-10-05T06:28:38.411058+00:00,2026-10-05T06:28:38.511313+00:00,
4,T005,PUFF_LEFT,task,127,13,5,3,11,R7,R3,R2,R6,80000,600.0,-5.0,-15.0,15.811388300841896,-108.43494882292202,113.4982565,113.597745,459246315264800,459246414753300,2026-10-05T06:28:38.511313+00:00,2026-10-05T06:28:38.612936+00:00,
4,T005,PUFF_LEFT,task,128,13,3,1,11,R7,R2,R1,R6,80000,600.0,22.0,-22.0,31.11269837220809,-45.0,113.5979836,113.697929,459246414991900,459246514937300,2026-10-05T06:28:38.612936+00:00,2026-10-05T06:28:38.712506+00:00,
4,T005,PUFF_LEFT,task,129,13,1,0,11,R7,R1,L1,R6,80000,600.0,-53.0,-36.0,64.07027391856539,-145.813877513625,113.6981633,113.7959091,459246515171600,459246612917400,2026-10-05T06:28:38.712506+00:00,2026-10-05T06:28:38.809816+00:00,
4,T005,PUFF_LEFT,task,130,11,0,2,9,R6,L1,L2,R5,80000,600.0,-10.0,7.0,12.206555615733702,145.00797980144134,113.7961701,113.8925546,459246613178400,459246709562900,2026-10-05T06:28:38.809816+00:00,2026-10-05T06:28:38.907606+00:00,
4,T005,PUFF_LEFT,task,131,11,2,4,9,R6,L2,L3,R5,80000,600.0,-20.0,-13.0,23.853720883753127,-146.97613244420336,113.8928097,113.9920806,459246709818000,459246809088900,2026-10-05T06:28:38.907606+00:00,2026-10-05T06:28:39.007091+00:00,
4,T005,PUFF_LEFT,task,132,11,4,6,9,R6,L3,L4,R5,80000,600.0,-1.0,-4.0,4.123105625617661,-104.03624346792648,113.9922916,114.0884014,459246809299900,459246905409700,2026-10-05T06:28:39.007091+00:00,2026-10-05T06:28:39.102768+00:00,
4,T005,PUFF_LEFT,task,133,11,6,8,9,R6,L4,L5,R5,80000,600.0,-13.0,-11.0,17.029386365926403,-139.7636416907262,114.088621,114.1949413,459246905629300,459247011949600,2026-10-05T06:28:39.102768+00:00,2026-10-05T06:28:39.209859+00:00,
4,T005,PUFF_LEFT,task,134,11,8,10,9,R6,L5,L6,R5,80000,600.0,-48.0,3.0,48.093658625644196,176.42366562500266,114.1951772,114.291086,459247012185500,459247108094300,2026-10-05T06:28:39.209859+00:00,2026-10-05T06:28:39.304414+00:00,
4,T005,PUFF_LEFT,task,135,11,10,12,9,R6,L6,L7,R5,80000,600.0,-14.0,-17.0,22.02271554554524,-129.47245984834385,114.2912883,114.3891991,459247108296600,459247206207400,2026-10-05T06:28:39.304414+00:00,2026-10-05T06:28:39.400871+00:00,
4,T005,PUFF_LEFT,task,136,11,12,14,9,R6,L7,L8,R5,80000,600.0,-16.0,-16.0,22.627416997969522,-135.0,114.3893828,114.4899624,459247206391100,459247306970700,2026-10-05T06:28:39.400871+00:00,2026-10-05T06:28:39.504658+00:00,
4,T005,PUFF_LEFT,task,137,11,14,15,9,R6,L8,R8,R5,80000,600.0,-36.0,-56.0,66.57326790837296,-122.7352262721076,114.4901954,114.5890743,459247307203700,459247406082600,2026-10-05T06:28:39.504658+00:00,2026-10-05T06:28:39.601232+00:00,
4,T005,PUFF_LEFT,task,138,11,15,13,9,R6,R8,R7,R5,80000,600.0,-95.0,-141.0,170.01764614298128,-123.97046877601953,114.5892518,114.686909,459247406260100,459247503917300,2026-10-05T06:28:39.601232+00:00,2026-10-05T06:28:39.701102+00:00,
4,T005,PUFF_LEFT,task,139,11,7,5,9,R6,R4,R3,R5,80000,600.0,177.0,289.0,338.89526405661087,58.51433278655802,114.687128,114.7840345,459247504136300,459247601042800,2026-10-05T06:28:39.701102+00:00,2026-10-05T06:28:39.790203+00:00,
4,T005,PUFF_LEFT,task,140,11,5,3,9,R6,R3,R2,R5,80000,600.0,-97.0,-150.0,178.63090438107287,-122.88940223234559,114.7842427,114.8810403,459247601251000,459247698048600,2026-10-05T06:28:39.790203+00:00,2026-10-05T06:28:39.889743+00:00,
4,T005,PUFF_LEFT,task,141,11,3,1,9,R6,R2,R1,R5,80000,600.0,-31.0,-126.0,129.75746606650424,-103.8220546357317,114.8812744,114.9811782,459247698282700,459247798186500,2026-10-05T06:28:39.889743+00:00,2026-10-05T06:28:39.990312+00:00,
4,T005,PUFF_LEFT,task,142,11,1,0,9,R6,R1,L1,R5,80000,600.0,-73.0,-54.0,90.80198235721508,-143.5087033162703,114.9813794,115.0962122,459247798387700,459247913220500,2026-10-05T06:28:39.990312+00:00,2026-10-05T06:28:40.109843+00:00,
4,T005,PUFF_LEFT,task,143,9,0,2,7,R5,L1,L2,R4,80000,600.0,21.0,56.0,59.80802621722272,69.44395478041653,115.0964557,115.1930382,459247913464000,459248010046500,2026-10-05T06:28:40.111479+00:00,2026-10-05T06:28:40.206544+00:00,
4,T005,PUFF_LEFT,task,144,9,2,4,7,R5,L2,L3,R4,80000,600.0,-11.0,-7.0,13.038404810405298,-147.52880770915152,115.1932502,115.2940366,459248010258500,459248111044900,2026-10-05T06:28:40.206544+00:00,2026-10-05T06:28:40.304180+00:00,
4,T005,PUFF_LEFT,task,145,9,4,6,7,R5,L3,L4,R4,80000,600.0,36.0,40.0,53.81449618829484,48.01278750418334,115.294298,115.3909162,459248111306300,459248207924500,2026-10-05T06:28:40.304180+00:00,2026-10-05T06:28:40.404188+00:00,
4,T005,PUFF_LEFT,task,146,9,6,8,7,R5,L4,L5,R4,80000,600.0,-46.0,-43.0,62.96824596572466,-136.93058744116698,115.3911711,115.4901442,459248208179400,459248307152500,2026-10-05T06:28:40.404188+00:00,2026-10-05T06:28:40.504427+00:00,
4,T005,PUFF_LEFT,task,147,9,8,10,7,R5,L5,L6,R4,80000,600.0,-15.0,3.0,15.297058540778355,168.6900675259798,115.4903765,115.5889376,459248307384800,459248405945900,2026-10-05T06:28:40.504427+00:00,2026-10-05T06:28:40.604083+00:00,
4,T005,PUFF_LEFT,task,148,9,10,12,7,R5,L6,L7,R4,80000,600.0,-16.0,-19.0,24.839484696748443,-130.10090754621226,115.5891958,115.6869118,459248406204100,459248503920100,2026-10-05T06:28:40.604083+00:00,2026-10-05T06:28:40.699767+00:00,
4,T005,PUFF_LEFT,task,149,9,12,14,7,R5,L7,L8,R4,80000,600.0,-22.0,-9.0,23.769728648009426,-157.75097634278765,115.6871202,115.7830358,459248504128500,459248600044100,2026-10-05T06:28:40.699767+00:00,2026-10-05T06:28:40.792092+00:00,
4,T005,PUFF_LEFT,task,150,9,14,15,7,R5,L8,R8,R4,80000,600.0,-28.0,-31.0,41.773197148410844,-132.08916217383225,115.7832364,115.8821755,459248600244700,459248699183800,2026-10-05T06:28:40.792092+00:00,2026-10-05T06:28:40.889857+00:00,
4,T005,PUFF_LEFT,task,151,9,15,13,7,R5,R8,R7,R4,80000,600.0,-43.0,-40.0,58.728187440104094,-137.0700306530411,115.8823808,115.9811743,459248699389100,459248798182600,2026-10-05T06:28:40.889857+00:00,2026-10-05T06:28:40.993199+00:00,
4,T005,PUFF_LEFT,task,152,9,13,11,7,R5,R7,R6,R4,80000,600.0,-48.0,-58.0,75.28612089887484,-129.6106882400266,115.9813996,116.082911,459248798407900,459248899919300,2026-10-05T06:28:40.993199+00:00,2026-10-05T06:28:41.098094+00:00,
4,T005,PUFF_LEFT,task,153,9,5,3,7,R5,R3,R2,R4,80000,600.0,154.0,199.0,251.6286947071021,52.2648105840843,116.0831325,116.1810396,459248900140800,459248998047900,2026-10-05T06:28:41.098094+00:00,2026-10-05T06:28:41.189740+00:00,
4,T005,PUFF_LEFT,task,154,9,3,1,7,R5,R2,R1,R4,80000,600.0,54.0,11.0,55.10898293381942,11.513831184487012,116.1812596,116.2779842,459248998267900,459249094992500,2026-10-05T06:28:41.196411+00:00,2026-10-05T06:28:41.292823+00:00,
4,T005,PUFF_LEFT,task,155,9,1,0,7,R5,R1,L1,R4,80000,600.0,-30.0,4.0,30.265491900843113,172.40535663140858,116.278231,116.3749888,459249095239300,459249191997100,2026-10-05T06:28:41.292823+00:00,2026-10-05T06:28:41.389979+00:00,
4,T005,PUFF_LEFT,task,156,7,0,2,5,R4,L1,L2,R3,80000,600.0,-28.0,-21.0,35.0,-143.13010235415598,116.3752597,116.4710529,459249192268000,459249288061200,2026-10-05T06:28:41.389979+00:00,2026-10-05T06:28:41.479721+00:00,
4,T005,PUFF_LEFT,task,157,7,2,4,5,R4,L2,L3,R3,80000,600.0,-12.0,-3.0,12.36931687685298,-165.96375653207352,116.4713147,116.5682462,459249288323000,459249385254500,2026-10-05T06:28:41.479721+00:00,2026-10-05T06:28:41.580021+00:00,
4,T005,PUFF_LEFT,task,158,7,4,6,5,R4,L3,L4,R3,80000,600.0,-30.0,-24.0,38.41874542459709,-141.34019174590992,116.5684508,116.6669799,459249385459100,459249483988200,2026-10-05T06:28:41.580021+00:00,2026-10-05T06:28:41.680050+00:00,
4,T005,PUFF_LEFT,task,159,7,6,8,5,R4,L4,L5,R3,80000,600.0,0.0,22.0,22.0,90.0,116.6672009,116.7649217,459249484209200,459249581930000,2026-10-05T06:28:41.680050+00:00,2026-10-05T06:28:41.779890+00:00,
4,T005,PUFF_LEFT,task,160,7,8,10,5,R4,L5,L6,R3,80000,600.0,2.0,-3.0,3.605551275463989,-56.309932474020215,116.7651189,116.8629107,459249582127200,459249679919000,2026-10-05T06:28:41.779890+00:00,2026-10-05T06:28:41.869822+00:00,
4,T005,PUFF_LEFT,task,161,7,10,12,5,R4,L6,L7,R3,80000,600.0,2.0,5.0,5.385164807134504,68.19859051364818,116.8631248,116.9610441,459249680133100,459249778052400,2026-10-05T06:28:41.869822+00:00,2026-10-05T06:28:41.971666+00:00,
4,T005,PUFF_LEFT,task,162,7,12,14,5,R4,L7,L8,R3,80000,600.0,-2.0,12.0,12.165525060596439,99.46232220802563,116.9612398,117.0580303,459249778248100,459249875038600,2026-10-05T06:28:41.971666+00:00,2026-10-05T06:28:42.072913+00:00,
4,T005,PUFF_LEFT,task,163,7,14,15,5,R4,L8,R8,R3,80000,600.0,11.0,18.0,21.095023109728988,58.57043438516149,117.0582425,117.1549427,459249875250800,459249971951000,2026-10-05T06:28:42.072913+00:00,2026-10-05T06:28:42.169898+00:00,
4,T005,PUFF_LEFT,task,164,7,15,13,5,R4,R8,R7,R3,80000,600.0,4.0,17.0,17.46424919657298,76.7594800848128,117.1551582,117.2539194,459249972166500,459250070927700,2026-10-05T06:28:42.169898+00:00,2026-10-05T06:28:42.268891+00:00,
4,T005,PUFF_LEFT,task,165,7,13,11,5,R4,R7,R6,R3,80000,600.0,3.0,16.0,16.278820596099706,79.38034472384487,117.2541203,117.3498988,459250071128600,459250166907100,2026-10-05T06:28:42.268891+00:00,2026-10-05T06:28:42.364406+00:00,
4,T005,PUFF_LEFT,task,166,7,11,9,5,R4,R6,R5,R3,80000,600.0,190.0,265.0,326.0751447136074,54.36019080191333,117.3500968,117.4500393,459250167105100,459250267047600,2026-10-05T06:28:42.364406+00:00,2026-10-05T06:28:42.460090+00:00,
4,T005,PUFF_LEFT,task,167,7,3,1,5,R4,R2,R1,R3,80000,600.0,-260.0,-411.0,486.3342472004208,-122.31758467089912,117.4502594,117.548027,459250267267700,459250365035300,2026-10-05T06:28:42.460090+00:00,2026-10-05T06:28:42.563094+00:00,
4,T005,PUFF_LEFT,task,168,7,1,0,5,R4,R1,L1,R3,80000,600.0,-80.0,-67.0,104.35037134576953,-140.05382605006437,117.5482335,117.6449104,459250365241800,459250461918700,2026-10-05T06:28:42.563094+00:00,2026-10-05T06:28:42.659822+00:00,
4,T005,PUFF_LEFT,task,169,5,0,2,3,R3,L1,L2,R2,80000,600.0,7.0,27.0,27.892651361962706,75.46554491945989,117.64514,117.7439195,459250462148300,459250560927800,2026-10-05T06:28:42.659822+00:00,2026-10-05T06:28:42.758389+00:00,
4,T005,PUFF_LEFT,task,170,5,2,4,3,R3,L2,L3,R2,80000,600.0,-19.0,-11.0,21.95449840010015,-149.93141717813756,117.7441201,117.8410335,459250561128400,459250658041800,2026-10-05T06:28:42.758389+00:00,2026-10-05T06:28:42.854115+00:00,
4,T005,PUFF_LEFT,task,171,5,4,6,3,R3,L3,L4,R2,80000,600.0,-18.0,2.0,18.110770276274835,173.6598082540901,117.8412337,117.9359191,459250658242000,459250752927400,2026-10-05T06:28:42.854115+00:00,2026-10-05T06:28:42.950101+00:00,
4,T005,PUFF_LEFT,task,172,5,6,8,3,R3,L4,L5,R2,80000,600.0,2.0,-8.0,8.246211251235321,-75.96375653207353,117.9361311,118.0338967,459250753139400,459250850905000,2026-10-05T06:28:42.950101+00:00,2026-10-05T06:28:43.039628+00:00,
4,T005,PUFF_LEFT,task,173,5,8,10,3,R3,L5,L6,R2,80000,600.0,-12.0,-2.0,12.165525060596439,-170.53767779197437,118.0341236,118.132043,459250851131900,459250949051300,2026-10-05T06:28:43.039628+00:00,2026-10-05T06:28:43.139724+00:00,
4,T005,PUFF_LEFT,task,174,5,10,12,3,R3,L6,L7,R2,80000,600.0,-8.0,-8.0,11.313708498984761,-135.0,118.1322626,118.2310408,459250949270900,459251048049100,2026-10-05T06:28:43.139724+00:00,2026-10-05T06:28:43.239746+00:00,
4,T005,PUFF_LEFT,task,175,5,12,14,3,R3,L7,L8,R2,80000,600.0,-13.0,1.0,13.038404810405298,175.6012946450045,118.2312608,118.3320435,459251048269100,459251149051800,2026-10-05T06:28:43.239746+00:00,2026-10-05T06:28:43.341842+00:00,
4,T005,PUFF_LEFT,task,176,5,14,15,3,R3,L8,R8,R2,80000,600.0,-9.0,-6.0,10.816653826391969,-146.30993247402023,118.332276,118.4310441,459251149284300,459251248052400,2026-10-05T06:28:43.341842+00:00,2026-10-05T06:28:43.439896+00:00,
4,T005,PUFF_LEFT,task,177,5,15,13,3,R3,R8,R7,R2,80000,600.0,-19.0,-8.0,20.615528128088304,-157.16634582208246,118.4313007,118.5290451,459251248309000,459251346053400,2026-10-05T06:28:43.439896+00:00,2026-10-05T06:28:43.539682+00:00,
4,T005,PUFF_LEFT,task,178,5,13,11,3,R3,R7,R6,R2,80000,600.0,-17.0,-9.0,19.235384061671343,-152.10272896905238,118.5292661,118.6249131,459251346274400,459251441921400,2026-10-05T06:28:43.539682+00:00,2026-10-05T06:28:43.639837+00:00,
4,T005,PUFF_LEFT,task,179,5,11,9,3,R3,R6,R5,R2,80000,600.0,-137.0,-148.0,201.67548190099856,-132.78968107564612,118.6251295,118.7229357,459251442137800,459251539944000,2026-10-05T06:28:43.640353+00:00,2026-10-05T06:28:43.737903+00:00,
4,T005,PUFF_LEFT,task,180,5,9,7,3,R3,R5,R4,R2,80000,600.0,175.0,212.0,274.8981629622141,50.4612913446102,118.7232819,118.8220539,459251540290200,459251639062200,2026-10-05T06:28:43.737903+00:00,2026-10-05T06:28:43.837107+00:00,
4,T005,PUFF_LEFT,task,181,5,1,0,3,R3,R1,L1,R2,80000,600.0,-54.0,-32.0,62.76941930590086,-149.34933204294714,118.8223309,118.9220455,459251639339200,459251739053800,2026-10-05T06:28:43.837107+00:00,2026-10-05T06:28:43.929909+00:00,
4,T005,PUFF_LEFT,task,182,3,0,2,1,R2,L1,L2,R1,80000,600.0,-271.0,-229.0,354.79853438254224,-139.80157334987376,118.9223262,119.0180658,459251739334500,459251835074100,2026-10-05T06:28:43.937392+00:00,2026-10-05T06:28:44.029979+00:00,
4,T005,PUFF_LEFT,task,183,3,2,4,1,R2,L2,L3,R1,80000,600.0,-26.0,2.0,26.076809620810597,175.6012946450045,119.0182778,119.1169263,459251835286100,459251933934600,2026-10-05T06:28:44.029979+00:00,2026-10-05T06:28:44.129756+00:00,
4,T005,PUFF_LEFT,task,184,3,4,6,1,R2,L3,L4,R1,80000,600.0,-14.0,-14.0,19.79898987322333,-135.0,119.1171461,119.2139045,459251934154400,459252030912800,2026-10-05T06:28:44.129756+00:00,2026-10-05T06:28:44.228278+00:00,
4,T005,PUFF_LEFT,task,185,3,6,8,1,R2,L4,L5,R1,80000,600.0,9.0,18.0,20.12461179749811,63.43494882292201,119.2140792,119.3120696,459252031087500,459252129077900,2026-10-05T06:28:44.228278+00:00,2026-10-05T06:28:44.322213+00:00,
4,T005,PUFF_LEFT,task,186,3,8,10,1,R2,L5,L6,R1,80000,600.0,-22.0,2.0,22.090722034374522,174.8055710922652,119.3122795,119.4110958,459252129287800,459252228104100,2026-10-05T06:28:44.322213+00:00,2026-10-05T06:28:44.422590+00:00,
4,T005,PUFF_LEFT,task,187,3,10,12,1,R2,L6,L7,R1,80000,600.0,-4.0,-1.0,4.123105625617661,-165.96375653207352,119.411313,119.5090715,459252228321300,459252326079800,2026-10-05T06:28:44.422590+00:00,2026-10-05T06:28:44.521778+00:00,
4,T005,PUFF_LEFT,task,188,3,12,14,1,R2,L7,L8,R1,80000,600.0,-17.0,9.0,19.235384061671343,152.10272896905238,119.509281,119.6069573,459252326289300,459252423965600,2026-10-05T06:28:44.521778+00:00,2026-10-05T06:28:44.619983+00:00,
4,T005,PUFF_LEFT,task,189,3,14,15,1,R2,L8,R8,R1,80000,600.0,-6.0,1.0,6.082762530298219,170.53767779197437,119.6072076,119.7041999,459252424215900,459252521208200,2026-10-05T06:28:44.619983+00:00,2026-10-05T06:28:44.709930+00:00,
4,T005,PUFF_LEFT,task,190,3,15,13,1,R2,R8,R7,R1,80000,600.0,-30.0,-6.0,30.59411708155671,-168.6900675259798,119.7044434,119.8041831,459252521451700,459252621191400,2026-10-05T06:28:44.719516+00:00,2026-10-05T06:28:44.812277+00:00,
4,T005,PUFF_LEFT,task,191,3,13,11,1,R2,R7,R6,R1,80000,600.0,-34.0,-11.0,35.73513677041127,-162.07208023799276,119.8044435,119.904196,459252621451800,459252721204300,2026-10-05T06:28:44.819625+00:00,2026-10-05T06:28:44.910323+00:00,
4,T005,PUFF_LEFT,task,192,3,11,9,1,R2,R6,R5,R1,80000,600.0,-106.0,-94.0,141.6756859873987,-138.43363036245054,119.9044838,120.0049176,459252721492100,459252821925900,2026-10-05T06:28:44.919627+00:00,2026-10-05T06:28:45.019858+00:00,
4,T005,PUFF_LEFT,task,193,3,9,7,1,R2,R5,R4,R1,80000,600.0,-4.0,5.0,6.4031242374328485,128.6598082540901,120.0051583,120.108149,459252822166600,459252925157300,2026-10-05T06:28:45.019858+00:00,2026-10-05T06:28:45.122508+00:00,
4,T005,PUFF_LEFT,task,194,3,7,5,1,R2,R4,R3,R1,80000,600.0,-353.0,-300.0,463.25910676423837,-139.64017525086516,120.1083815,120.2050556,459252925389800,459253022063900,2026-10-05T06:28:45.122508+00:00,2026-10-05T06:28:45.219922+00:00,
4,T005,PUFF_LEFT,task,195,1,2,4,0,R1,L2,L3,L1,80000,600.0,10.0,22.0,24.166091947189145,65.55604521958347,120.2053319,120.3020421,459253022340200,459253119050400,2026-10-05T06:28:45.219922+00:00,2026-10-05T06:28:45.310235+00:00,
4,T005,PUFF_LEFT,task,196,1,4,6,0,R1,L3,L4,L1,80000,600.0,-17.0,-26.0,31.064449134018133,-123.17851165939277,120.302258,120.4000525,459253119266300,459253217060800,2026-10-05T06:28:45.310235+00:00,2026-10-05T06:28:45.409849+00:00,
4,T005,PUFF_LEFT,task,197,1,6,8,0,R1,L4,L5,L1,80000,600.0,7.0,31.0,31.78049716414141,77.27564431457763,120.4002649,120.4969157,459253217273200,459253313924000,2026-10-05T06:28:45.409849+00:00,2026-10-05T06:28:45.509777+00:00,
4,T005,PUFF_LEFT,task,198,1,8,10,0,R1,L5,L6,L1,80000,600.0,-7.0,-7.0,9.899494936611665,-135.0,120.4971126,120.5930457,459253314120900,459253410054000,2026-10-05T06:28:45.509777+00:00,2026-10-05T06:28:45.603419+00:00,
4,T005,PUFF_LEFT,task,199,1,10,12,0,R1,L6,L7,L1,80000,600.0,-8.0,-7.0,10.63014581273465,-138.81407483429035,120.5932545,120.6899242,459253410262800,459253506932500,2026-10-05T06:28:45.603419+00:00,2026-10-05T06:28:45.704846+00:00,
4,T005,PUFF_LEFT,task,200,1,12,14,0,R1,L7,L8,L1,80000,600.0,-14.0,-3.0,14.317821063276353,-167.90524292298792,120.6901206,120.7869252,459253507128900,459253603933500,2026-10-05T06:28:45.704846+00:00,2026-10-05T06:28:45.799965+00:00,
4,T005,PUFF_LEFT,task,201,1,14,15,0,R1,L8,R8,L1,80000,600.0,-13.0,-11.0,17.029386365926403,-139.7636416907262,120.7871329,120.8841741,459253604141200,459253701182400,2026-10-05T06:28:45.799965+00:00,2026-10-05T06:28:45.899193+00:00,
4,T005,PUFF_LEFT,task,202,1,15,13,0,R1,R8,R7,L1,80000,600.0,-15.0,-5.0,15.811388300841896,-161.565051177078,120.88439,120.9830411,459253701398300,459253800049400,2026-10-05T06:28:45.899193+00:00,2026-10-05T06:28:45.989820+00:00,
4,T005,PUFF_LEFT,task,203,1,13,11,0,R1,R7,R6,L1,80000,600.0,-4.0,2.0,4.47213595499958,153.434948822922,120.9832513,121.0809272,459253800259600,459253897935500,2026-10-05T06:28:45.989820+00:00,2026-10-05T06:28:46.096078+00:00,
4,T005,PUFF_LEFT,task,204,1,11,9,0,R1,R6,R5,L1,80000,600.0,-28.0,-17.0,32.7566787083184,-148.73626830562256,121.0811449,121.1789076,459253898153200,459253995915900,2026-10-05T06:28:46.096078+00:00,2026-10-05T06:28:46.190068+00:00,
4,T005,PUFF_LEFT,task,205,1,9,7,0,R1,R5,R4,L1,80000,600.0,36.0,33.0,48.83646178829912,42.510447078000844,121.1791665,121.2800507,459253996174800,459254097059000,2026-10-05T06:28:46.190068+00:00,2026-10-05T06:28:46.289990+00:00,
4,T005,PUFF_LEFT,task,206,1,7,5,0,R1,R4,R3,L1,80000,600.0,-47.0,-21.0,51.478150704935004,-155.92450174492117,121.2802359,121.3790468,459254097244200,459254196055100,2026-10-05T06:28:46.289990+00:00,2026-10-05T06:28:46.389953+00:00,
4,T005,PUFF_LEFT,task,207,1,5,3,0,R1,R3,R2,L1,80000,600.0,1.0,7.0,7.0710678118654755,81.86989764584403,121.3792541,121.4764203,459254196262400,459254293428600,2026-10-05T06:28:46.389953+00:00,2026-10-05T06:28:46.490139+00:00,
5,T006,PUFF_RIGHT,task,0,0,4,6,2,L1,L3,L4,L2,80000,600.0,-176.0,-261.0,314.79675983084707,-123.9929498826511,123.7504482,123.8509018,459256567456500,459256667910100,2026-10-05T06:28:48.764543+00:00,2026-10-05T06:28:48.865682+00:00,
5,T006,PUFF_RIGHT,task,1,0,6,8,2,L1,L4,L5,L2,80000,600.0,-63.0,-67.0,91.96738552334735,-133.2376089763395,123.8511484,123.9509229,459256668156700,459256767931200,2026-10-05T06:28:48.865682+00:00,2026-10-05T06:28:48.965875+00:00,
5,T006,PUFF_RIGHT,task,2,0,8,10,2,L1,L5,L6,L2,80000,600.0,-51.0,-67.0,84.20213774008353,-127.27817419986904,123.9511598,124.0469109,459256768168100,459256863919200,2026-10-05T06:28:48.965875+00:00,2026-10-05T06:28:49.059696+00:00,
5,T006,PUFF_RIGHT,task,3,0,10,12,2,L1,L6,L7,L2,80000,600.0,-26.0,-40.0,47.70744176750625,-123.02386755579664,124.0471941,124.1430529,459256864202400,459256960061200,2026-10-05T06:28:49.059696+00:00,2026-10-05T06:28:49.154300+00:00,
5,T006,PUFF_RIGHT,task,4,0,12,14,2,L1,L7,L8,L2,80000,600.0,-16.0,-8.0,17.88854381999832,-153.434948822922,124.143278,124.2569531,459256960286300,459257073961400,2026-10-05T06:28:49.154300+00:00,2026-10-05T06:28:49.272085+00:00,
5,T006,PUFF_RIGHT,task,5,0,14,15,2,L1,L8,R8,L2,80000,600.0,-5.0,1.0,5.0990195135927845,168.6900675259798,124.2572372,124.3549463,459257074245500,459257171954600,2026-10-05T06:28:49.272085+00:00,2026-10-05T06:28:49.369855+00:00,
5,T006,PUFF_RIGHT,task,6,0,15,13,2,L1,R8,R7,L2,80000,600.0,-6.0,0.0,6.0,180.0,124.355182,124.4520488,459257172190300,459257269057100,2026-10-05T06:28:49.369855+00:00,2026-10-05T06:28:49.462225+00:00,
5,T006,PUFF_RIGHT,task,7,0,13,11,2,L1,R7,R6,L2,80000,600.0,4.0,23.0,23.345235059857504,80.13419305691563,124.4522274,124.5500405,459257269235700,459257367048800,2026-10-05T06:28:49.462225+00:00,2026-10-05T06:28:49.559955+00:00,
5,T006,PUFF_RIGHT,task,8,0,11,9,2,L1,R6,R5,L2,80000,600.0,-11.0,-3.0,11.40175425099138,-164.74488129694222,124.5502296,124.6469093,459257367237900,459257463917600,2026-10-05T06:28:49.559955+00:00,2026-10-05T06:28:49.659957+00:00,
5,T006,PUFF_RIGHT,task,9,0,9,7,2,L1,R5,R4,L2,80000,600.0,35.0,51.0,61.85466837676846,55.53918372862823,124.647112,124.7449151,459257464120300,459257561923400,2026-10-05T06:28:49.659957+00:00,2026-10-05T06:28:49.759915+00:00,
5,T006,PUFF_RIGHT,task,10,0,7,5,2,L1,R4,R3,L2,80000,600.0,-38.0,-27.0,46.61544808322666,-144.60520415501296,124.7451077,124.8430444,459257562116000,459257660052700,2026-10-05T06:28:49.759915+00:00,2026-10-05T06:28:49.852610+00:00,
5,T006,PUFF_RIGHT,task,11,0,5,3,2,L1,R3,R2,L2,80000,600.0,16.0,20.0,25.612496949731394,51.34019174590991,124.8432401,124.9420676,459257660248400,459257759075900,2026-10-05T06:28:49.852610+00:00,2026-10-05T06:28:49.954320+00:00,
5,T006,PUFF_RIGHT,task,12,0,3,1,2,L1,R2,R1,L2,80000,600.0,-228.0,-304.0,380.0,-126.86989764584402,124.9422761,125.0389191,459257759284400,459257855927400,2026-10-05T06:28:49.954320+00:00,2026-10-05T06:28:50.053178+00:00,
5,T006,PUFF_RIGHT,task,13,2,6,8,4,L2,L4,L5,L3,80000,600.0,133.0,199.0,239.35329536064467,56.2435411022132,125.0391289,125.1391517,459257856137200,459257956160000,2026-10-05T06:28:50.053178+00:00,2026-10-05T06:28:50.154036+00:00,
5,T006,PUFF_RIGHT,task,14,2,8,10,4,L2,L5,L6,L3,80000,600.0,-92.0,-127.0,156.82155464093577,-125.91992713597328,125.1395227,125.2369054,459257956531000,459258053913700,2026-10-05T06:28:50.154036+00:00,2026-10-05T06:28:50.249996+00:00,
5,T006,PUFF_RIGHT,task,15,2,10,12,4,L2,L6,L7,L3,80000,600.0,-21.0,-33.0,39.11521443121589,-122.47119229084849,125.2371264,125.3369452,459258054134700,459258153953500,2026-10-05T06:28:50.249996+00:00,2026-10-05T06:28:50.349777+00:00,
5,T006,PUFF_RIGHT,task,16,2,12,14,4,L2,L7,L8,L3,80000,600.0,-14.0,-10.0,17.204650534085253,-144.46232220802563,125.3371506,125.4340471,459258154158900,459258251055400,2026-10-05T06:28:50.349777+00:00,2026-10-05T06:28:50.439719+00:00,
5,T006,PUFF_RIGHT,task,17,2,14,15,4,L2,L8,R8,L3,80000,600.0,-9.0,-8.0,12.041594578792296,-138.3664606634298,125.434264,125.5319468,459258251272300,459258348955100,2026-10-05T06:28:50.439719+00:00,2026-10-05T06:28:50.546415+00:00,
5,T006,PUFF_RIGHT,task,18,2,15,13,4,L2,R8,R7,L3,80000,600.0,-9.0,-5.0,10.295630140987,-150.94539590092285,125.5321671,125.6290446,459258349175400,459258446052900,2026-10-05T06:28:50.546415+00:00,2026-10-05T06:28:50.639979+00:00,
5,T006,PUFF_RIGHT,task,19,2,13,11,4,L2,R7,R6,L3,80000,600.0,-9.0,2.0,9.219544457292887,167.47119229084848,125.6292554,125.7259464,459258446263700,459258542954700,2026-10-05T06:28:50.639979+00:00,2026-10-05T06:28:50.740027+00:00,
5,T006,PUFF_RIGHT,task,20,2,11,9,4,L2,R6,R5,L3,80000,600.0,-15.0,-10.0,18.027756377319946,-146.30993247402023,125.7261369,125.8229372,459258543145200,459258639945500,2026-10-05T06:28:50.740027+00:00,2026-10-05T06:28:50.837831+00:00,
5,T006,PUFF_RIGHT,task,21,2,9,7,4,L2,R5,R4,L3,80000,600.0,6.0,2.0,6.324555320336759,18.43494882292201,125.8231428,125.9220433,459258640151100,459258739051600,2026-10-05T06:28:50.837831+00:00,2026-10-05T06:28:50.929725+00:00,
5,T006,PUFF_RIGHT,task,22,2,7,5,4,L2,R4,R3,L3,80000,600.0,-16.0,3.0,16.278820596099706,169.38034472384487,125.922221,126.0220426,459258739229300,459258839050900,2026-10-05T06:28:50.929725+00:00,2026-10-05T06:28:51.029773+00:00,
5,T006,PUFF_RIGHT,task,23,2,5,3,4,L2,R3,R2,L3,80000,600.0,-5.0,-3.0,5.830951894845301,-149.03624346792648,126.0222558,126.1180653,459258839264100,459258935073600,2026-10-05T06:28:51.029773+00:00,2026-10-05T06:28:51.129713+00:00,
5,T006,PUFF_RIGHT,task,24,2,3,1,4,L2,R2,R1,L3,80000,600.0,39.0,28.0,48.010415536631214,35.67640822186198,126.1182991,126.2190449,459258935307400,459259036053200,2026-10-05T06:28:51.129713+00:00,2026-10-05T06:28:51.229828+00:00,
5,T006,PUFF_RIGHT,task,25,2,1,0,4,L2,R1,L1,L3,80000,600.0,-30.0,5.0,30.4138126514911,170.53767779197437,126.2192525,126.3180574,459259036260800,459259135065700,2026-10-05T06:28:51.229828+00:00,2026-10-05T06:28:51.330629+00:00,
5,T006,PUFF_RIGHT,task,26,4,0,2,6,L3,L1,L2,L4,80000,600.0,-227.0,-257.0,342.89648583792746,-131.45314634250036,126.3182634,126.4150316,459259135271700,459259232039900,2026-10-05T06:28:51.330629+00:00,2026-10-05T06:28:51.429920+00:00,
5,T006,PUFF_RIGHT,task,27,4,8,10,6,L3,L5,L6,L4,80000,600.0,147.0,208.0,254.70178640912593,54.749975461961675,126.415342,126.5120474,459259232350300,459259329055700,2026-10-05T06:28:51.429920+00:00,2026-10-05T06:28:51.521251+00:00,
5,T006,PUFF_RIGHT,task,28,4,10,12,6,L3,L6,L7,L4,80000,600.0,13.0,22.0,25.553864678361276,59.42077312751099,126.5122848,126.611075,459259329293100,459259428083300,2026-10-05T06:28:51.521251+00:00,2026-10-05T06:28:51.621995+00:00,
5,T006,PUFF_RIGHT,task,29,4,12,14,6,L3,L7,L8,L4,80000,600.0,7.0,20.0,21.18962010041709,70.70995378081128,126.6113432,126.7071899,459259428351500,459259524198200,2026-10-05T06:28:51.621995+00:00,2026-10-05T06:28:51.719739+00:00,
5,T006,PUFF_RIGHT,task,30,4,14,15,6,L3,L8,R8,L4,80000,600.0,10.0,17.0,19.72308292331602,59.53445508054013,126.7074096,126.8039329,459259524417900,459259620941200,2026-10-05T06:28:51.719739+00:00,2026-10-05T06:28:51.818441+00:00,
5,T006,PUFF_RIGHT,task,31,4,15,13,6,L3,R8,R7,L4,80000,600.0,-2.0,6.0,6.324555320336759,108.43494882292202,126.8041191,126.9040393,459259621127400,459259721047600,2026-10-05T06:28:51.818441+00:00,2026-10-05T06:28:51.910153+00:00,
5,T006,PUFF_RIGHT,task,32,4,13,11,6,L3,R7,R6,L4,80000,600.0,4.0,24.0,24.331050121192877,80.53767779197439,126.904229,127.0009071,459259721237300,459259817915400,2026-10-05T06:28:51.910153+00:00,2026-10-05T06:28:52.015546+00:00,
5,T006,PUFF_RIGHT,task,33,4,11,9,6,L3,R6,R5,L4,80000,600.0,-12.0,-8.0,14.422205101855956,-146.30993247402023,127.0010966,127.0980548,459259818104900,459259915063100,2026-10-05T06:28:52.015546+00:00,2026-10-05T06:28:52.109760+00:00,
5,T006,PUFF_RIGHT,task,34,4,9,7,6,L3,R5,R4,L4,80000,600.0,37.0,42.0,55.97320787662612,48.62148470411734,127.0982636,127.1951996,459259915271900,459260012207900,2026-10-05T06:28:52.109760+00:00,2026-10-05T06:28:52.210222+00:00,
5,T006,PUFF_RIGHT,task,35,4,7,5,6,L3,R4,R3,L4,80000,600.0,-51.0,-27.0,57.706152185014034,-152.10272896905238,127.1954027,127.2940433,459260012411000,459260111051600,2026-10-05T06:28:52.210222+00:00,2026-10-05T06:28:52.302274+00:00,
5,T006,PUFF_RIGHT,task,36,4,5,3,6,L3,R3,R2,L4,80000,600.0,-18.0,1.0,18.027756377319946,176.82016988013575,127.294255,127.3930153,459260111263300,459260210023600,2026-10-05T06:28:52.302274+00:00,2026-10-05T06:28:52.408078+00:00,
5,T006,PUFF_RIGHT,task,37,4,3,1,6,L3,R2,R1,L4,80000,600.0,35.0,-8.0,35.90264614203248,-12.875001559612476,127.3931944,127.4912237,459260210202700,459260308232000,2026-10-05T06:28:52.408078+00:00,2026-10-05T06:28:52.503803+00:00,
5,T006,PUFF_RIGHT,task,38,4,1,0,6,L3,R1,L1,L4,80000,600.0,-92.0,-75.0,118.69709347747316,-140.81248238311272,127.4914999,127.586926,459260308508200,459260403934300,2026-10-05T06:28:52.503803+00:00,2026-10-05T06:28:52.600900+00:00,
5,T006,PUFF_RIGHT,task,39,6,0,2,8,L4,L1,L2,L5,80000,600.0,-58.0,-46.0,74.02702209328699,-141.581944655178,127.5871419,127.6859218,459260404150200,459260502930100,2026-10-05T06:28:52.600900+00:00,2026-10-05T06:28:52.699790+00:00,
5,T006,PUFF_RIGHT,task,40,6,2,4,8,L4,L2,L3,L5,80000,600.0,122.0,199.0,233.42022191746798,58.48898227581785,127.6861765,127.7810467,459260503184800,459260598055000,2026-10-05T06:28:52.699790+00:00,2026-10-05T06:28:52.789965+00:00,
5,T006,PUFF_RIGHT,task,41,6,10,12,8,L4,L6,L7,L5,80000,600.0,-85.0,-155.0,176.7766952966369,-118.73979529168805,127.781266,127.8790454,459260598274300,459260696053700,2026-10-05T06:28:52.789965+00:00,2026-10-05T06:28:52.889841+00:00,
5,T006,PUFF_RIGHT,task,42,6,12,14,8,L4,L7,L8,L5,80000,600.0,-39.0,-48.0,61.84658438426491,-129.0938588862295,127.8792386,127.9769215,459260696246900,459260793929800,2026-10-05T06:28:52.889841+00:00,2026-10-05T06:28:52.989827+00:00,
5,T006,PUFF_RIGHT,task,43,6,14,15,8,L4,L8,R8,L5,80000,600.0,-26.0,-33.0,42.01190307520001,-128.23382517744693,127.9771123,128.0750762,459260794120600,459260892084500,2026-10-05T06:28:52.989827+00:00,2026-10-05T06:28:53.090025+00:00,
5,T006,PUFF_RIGHT,task,44,6,15,13,8,L4,R8,R7,L5,80000,600.0,-16.0,-12.0,20.0,-143.13010235415598,128.0752681,128.1750003,459260892276400,459260992008600,2026-10-05T06:28:53.090025+00:00,2026-10-05T06:28:53.190016+00:00,
5,T006,PUFF_RIGHT,task,45,6,13,11,8,L4,R7,R6,L5,80000,600.0,-18.0,-11.0,21.095023109728988,-148.5704343851615,128.1752231,128.2710494,459260992231400,459261088057700,2026-10-05T06:28:53.190016+00:00,2026-10-05T06:28:53.280144+00:00,
5,T006,PUFF_RIGHT,task,46,6,11,9,8,L4,R6,R5,L5,80000,600.0,-4.0,-3.0,5.0,-143.13010235415598,128.2712891,128.3680569,459261088297400,459261185065200,2026-10-05T06:28:53.280144+00:00,2026-10-05T06:28:53.379790+00:00,
5,T006,PUFF_RIGHT,task,47,6,9,7,8,L4,R5,R4,L5,80000,600.0,-26.0,-27.0,37.48332962798263,-133.91907581333933,128.3682746,128.4629514,459261185282900,459261279959700,2026-10-05T06:28:53.379790+00:00,2026-10-05T06:28:53.477567+00:00,
5,T006,PUFF_RIGHT,task,48,6,7,5,8,L4,R4,R3,L5,80000,600.0,-2.0,34.0,34.058772731852805,93.3664606634298,128.4631417,128.5620448,459261280150000,459261379053100,2026-10-05T06:28:53.477567+00:00,2026-10-05T06:28:53.570166+00:00,
5,T006,PUFF_RIGHT,task,49,6,5,3,8,L4,R3,R2,L5,80000,600.0,18.0,6.0,18.973665961010276,18.43494882292201,128.5622571,128.6640411,459261379265400,459261481049400,2026-10-05T06:28:53.570166+00:00,2026-10-05T06:28:53.669777+00:00,
5,T006,PUFF_RIGHT,task,50,6,3,1,8,L4,R2,R1,L5,80000,600.0,92.0,62.0,110.9414259868693,33.97654403625686,128.6642719,128.7610513,459261481280200,459261578059600,2026-10-05T06:28:53.669777+00:00,2026-10-05T06:28:53.770101+00:00,
5,T006,PUFF_RIGHT,task,51,6,1,0,8,L4,R1,L1,L5,80000,600.0,-34.0,25.0,42.20189569201838,143.67317404787977,128.7612431,128.8580628,459261578251400,459261675071100,2026-10-05T06:28:53.770101+00:00,2026-10-05T06:28:53.870151+00:00,
5,T006,PUFF_RIGHT,task,52,8,0,2,10,L5,L1,L2,L6,80000,600.0,-58.0,-70.0,90.9065454189081,-129.64417495714483,128.8582589,128.9559286,459261675267200,459261772936900,2026-10-05T06:28:53.870151+00:00,2026-10-05T06:28:53.971087+00:00,
5,T006,PUFF_RIGHT,task,53,8,2,4,10,L5,L2,L3,L6,80000,600.0,-102.0,-138.0,171.6041957529011,-126.46923439005187,128.9561347,129.0530436,459261773143000,459261870051900,2026-10-05T06:28:53.971087+00:00,2026-10-05T06:28:54.060090+00:00,
5,T006,PUFF_RIGHT,task,54,8,4,6,10,L5,L3,L4,L6,80000,600.0,150.0,229.0,273.7535387899123,56.77432578580856,129.0532487,129.1500884,459261870257000,459261967096700,2026-10-05T06:28:54.060090+00:00,2026-10-05T06:28:54.165098+00:00,
5,T006,PUFF_RIGHT,task,55,8,12,14,10,L5,L7,L8,L6,80000,600.0,-91.0,-147.0,172.88724649319857,-121.75948008481281,129.1504786,129.2500546,459261967486900,459262067062900,2026-10-05T06:28:54.165098+00:00,2026-10-05T06:28:54.259881+00:00,
5,T006,PUFF_RIGHT,task,56,8,14,15,10,L5,L8,R8,L6,80000,600.0,-26.0,-43.0,50.24937810560445,-121.15930450834438,129.2502703,129.3469307,459262067278600,459262163939000,2026-10-05T06:28:54.259881+00:00,2026-10-05T06:28:54.361755+00:00,
5,T006,PUFF_RIGHT,task,57,8,15,13,10,L5,R8,R7,L6,80000,600.0,-15.0,-14.0,20.518284528683193,-136.97493401088198,129.3471497,129.444901,459262164158000,459262261909300,2026-10-05T06:28:54.361755+00:00,2026-10-05T06:28:54.459904+00:00,
5,T006,PUFF_RIGHT,task,58,8,13,11,10,L5,R7,R6,L6,80000,600.0,-6.0,0.0,6.0,180.0,129.4451051,129.5419523,459262262113400,459262358960600,2026-10-05T06:28:54.459904+00:00,2026-10-05T06:28:54.555309+00:00,
5,T006,PUFF_RIGHT,task,59,8,11,9,10,L5,R6,R5,L6,80000,600.0,-46.0,-3.0,46.09772228646444,-176.26860300083956,129.5422955,129.6379445,459262359303800,459262454952800,2026-10-05T06:28:54.555309+00:00,2026-10-05T06:28:54.649810+00:00,
5,T006,PUFF_RIGHT,task,60,8,9,7,10,L5,R5,R4,L6,80000,600.0,-3.0,6.0,6.708203932499369,116.56505117707799,129.6381759,129.7349159,459262455184200,459262551924200,2026-10-05T06:28:54.649810+00:00,2026-10-05T06:28:54.749717+00:00,
5,T006,PUFF_RIGHT,task,61,8,7,5,10,L5,R4,R3,L6,80000,600.0,-6.0,-3.0,6.708203932499369,-153.434948822922,129.7350923,129.8310455,459262552100600,459262648053800,2026-10-05T06:28:54.749717+00:00,2026-10-05T06:28:54.840175+00:00,
5,T006,PUFF_RIGHT,task,62,8,5,3,10,L5,R3,R2,L6,80000,600.0,-2.0,-1.0,2.23606797749979,-153.434948822922,129.8312701,129.9300494,459262648278400,459262747057700,2026-10-05T06:28:54.840175+00:00,2026-10-05T06:28:54.939797+00:00,
5,T006,PUFF_RIGHT,task,63,8,3,1,10,L5,R2,R1,L6,80000,600.0,36.0,8.0,36.87817782917155,12.528807709151511,129.9302541,130.02806,459262747262400,459262845068300,2026-10-05T06:28:54.939797+00:00,2026-10-05T06:28:55.039720+00:00,
5,T006,PUFF_RIGHT,task,64,8,1,0,10,L5,R1,L1,L6,80000,600.0,-56.0,-38.0,67.67569726275453,-145.84030545433058,130.0282651,130.133191,459262845273400,459262950199300,2026-10-05T06:28:55.039720+00:00,2026-10-05T06:28:55.142520+00:00,
5,T006,PUFF_RIGHT,task,65,10,0,2,12,L6,L1,L2,L7,80000,600.0,-25.0,-32.0,40.607881008493905,-127.99873244250468,130.1334121,130.2320424,459262950420400,459263049050700,2026-10-05T06:28:55.142520+00:00,2026-10-05T06:28:55.239761+00:00,
5,T006,PUFF_RIGHT,task,66,10,2,4,12,L6,L2,L3,L7,80000,600.0,-29.0,-34.0,44.68780594300866,-130.46222749209338,130.2322512,130.3300416,459263049259500,459263147049900,2026-10-05T06:28:55.239761+00:00,2026-10-05T06:28:55.339760+00:00,
5,T006,PUFF_RIGHT,task,67,10,4,6,12,L6,L3,L4,L7,80000,600.0,22.0,32.0,38.8329756778952,55.4914770123316,130.3302427,130.4259165,459263147251000,459263242924800,2026-10-05T06:28:55.339760+00:00,2026-10-05T06:28:55.440016+00:00,
5,T006,PUFF_RIGHT,task,68,10,6,8,12,L6,L4,L5,L7,80000,600.0,-103.0,-172.0,200.48191938426766,-120.9147439011604,130.4261097,130.524205,459263243118000,459263341213300,2026-10-05T06:28:55.440016+00:00,2026-10-05T06:28:55.535756+00:00,
5,T006,PUFF_RIGHT,task,69,10,14,15,12,L6,L8,R8,L7,80000,600.0,-145.0,-236.0,276.9855591903665,-121.56684772645406,130.5244128,130.625094,459263341421100,459263442102300,2026-10-05T06:28:55.535756+00:00,2026-10-05T06:28:55.639956+00:00,
5,T006,PUFF_RIGHT,task,70,10,15,13,12,L6,R8,R7,L7,80000,600.0,-24.0,-49.0,54.56189146281496,-116.09542415738835,130.6253379,130.7249069,459263442346200,459263541915200,2026-10-05T06:28:55.640503+00:00,2026-10-05T06:28:55.739794+00:00,
5,T006,PUFF_RIGHT,task,71,10,13,11,12,L6,R7,R6,L7,80000,600.0,-35.0,-30.0,46.09772228646444,-139.39870535499554,130.7251269,130.8220463,459263542135200,459263639054600,2026-10-05T06:28:55.739794+00:00,2026-10-05T06:28:55.830172+00:00,
5,T006,PUFF_RIGHT,task,72,10,11,9,12,L6,R6,R5,L7,80000,600.0,-11.0,-16.0,19.4164878389476,-124.50852298766841,130.8226653,130.9190489,459263639673600,459263736057200,2026-10-05T06:28:55.837651+00:00,2026-10-05T06:28:55.929870+00:00,
5,T006,PUFF_RIGHT,task,73,10,9,7,12,L6,R5,R4,L7,80000,600.0,-3.0,-9.0,9.486832980505138,-108.43494882292202,130.9192472,131.0190631,459263736255500,459263836071400,2026-10-05T06:28:55.929870+00:00,2026-10-05T06:28:56.030102+00:00,
5,T006,PUFF_RIGHT,task,74,10,7,5,12,L6,R4,R3,L7,80000,600.0,-8.0,12.0,14.422205101855956,123.69006752597979,131.0193538,131.1169138,459263836362100,459263933922100,2026-10-05T06:28:56.030102+00:00,2026-10-05T06:28:56.129950+00:00,
5,T006,PUFF_RIGHT,task,75,10,5,3,12,L6,R3,R2,L7,80000,600.0,1.0,-1.0,1.4142135623730951,-45.0,131.1170991,131.2180557,459263934107400,459264035064000,2026-10-05T06:28:56.129950+00:00,2026-10-05T06:28:56.229781+00:00,
5,T006,PUFF_RIGHT,task,76,10,3,1,12,L6,R2,R1,L7,80000,600.0,53.0,19.0,56.302753041036986,19.72227776444705,131.2182713,131.3169285,459264035279600,459264133936800,2026-10-05T06:28:56.229781+00:00,2026-10-05T06:28:56.330126+00:00,
5,T006,PUFF_RIGHT,task,77,10,1,0,12,L6,R1,L1,L7,80000,600.0,-57.0,-25.0,62.24146527838174,-156.31791227546157,131.3171904,131.4149054,459264134198700,459264231913700,2026-10-05T06:28:56.330126+00:00,2026-10-05T06:28:56.429918+00:00,
5,T006,PUFF_RIGHT,task,78,12,0,2,14,L7,L1,L2,L8,80000,600.0,-16.0,-4.0,16.492422502470642,-165.96375653207352,131.4151234,131.5122103,459264232131700,459264329218600,2026-10-05T06:28:56.429918+00:00,2026-10-05T06:28:56.525648+00:00,
5,T006,PUFF_RIGHT,task,79,12,2,4,14,L7,L2,L3,L8,80000,600.0,-21.0,-16.0,26.40075756488817,-142.6960517220166,131.5124452,131.6109553,459264329453500,459264427963600,2026-10-05T06:28:56.525648+00:00,2026-10-05T06:28:56.626108+00:00,
5,T006,PUFF_RIGHT,task,80,12,4,6,14,L7,L3,L4,L8,80000,600.0,17.0,22.0,27.80287754891569,52.30575953331083,131.6112237,131.7080738,459264428232000,459264525082100,2026-10-05T06:28:56.626108+00:00,2026-10-05T06:28:56.721619+00:00,
5,T006,PUFF_RIGHT,task,81,12,6,8,14,L7,L4,L5,L8,80000,600.0,-54.0,-64.0,83.73768566183328,-130.15599962491933,131.7082722,131.804939,459264525280500,459264621947300,2026-10-05T06:28:56.721619+00:00,2026-10-05T06:28:56.819790+00:00,
5,T006,PUFF_RIGHT,task,82,12,8,10,14,L7,L5,L6,L8,80000,600.0,-105.0,-154.0,186.38937737972086,-124.28687697720898,131.8051384,131.9009552,459264622146700,459264717963500,2026-10-05T06:28:56.819790+00:00,2026-10-05T06:28:56.915993+00:00,
5,T006,PUFF_RIGHT,task,83,12,15,13,14,L7,R8,R7,L8,80000,600.0,-79.0,-114.0,138.69751259485514,-124.72128019586775,131.9011448,131.9990525,459264718153100,459264816060800,2026-10-05T06:28:56.915993+00:00,2026-10-05T06:28:57.009816+00:00,
5,T006,PUFF_RIGHT,task,84,12,13,11,14,L7,R7,R6,L8,80000,600.0,-49.0,-68.0,83.81527307120105,-125.77607771789468,131.999247,132.0949481,459264816255300,459264911956400,2026-10-05T06:28:57.009816+00:00,2026-10-05T06:28:57.109913+00:00,
5,T006,PUFF_RIGHT,task,85,12,11,9,14,L7,R6,R5,L8,80000,600.0,-10.0,-26.0,27.85677655436824,-111.03751102542182,132.0951319,132.1959464,459264912140200,459265012954700,2026-10-05T06:28:57.109913+00:00,2026-10-05T06:28:57.209838+00:00,
5,T006,PUFF_RIGHT,task,86,12,9,7,14,L7,R5,R4,L8,80000,600.0,-6.0,-11.0,12.529964086141668,-118.61045966596521,132.1961996,132.2951826,459265013207900,459265112190900,2026-10-05T06:28:57.209838+00:00,2026-10-05T06:28:57.309732+00:00,
5,T006,PUFF_RIGHT,task,87,12,7,5,14,L7,R4,R3,L8,80000,600.0,-6.0,13.0,14.317821063276353,114.77514056883193,132.2953729,132.3942049,459265112381200,459265211213200,2026-10-05T06:28:57.309732+00:00,2026-10-05T06:28:57.403337+00:00,
5,T006,PUFF_RIGHT,task,88,12,5,3,14,L7,R3,R2,L8,80000,600.0,1.0,0.0,1.0,0.0,132.3956108,132.4929087,459265212619100,459265309917000,2026-10-05T06:28:57.410167+00:00,2026-10-05T06:28:57.508088+00:00,
5,T006,PUFF_RIGHT,task,89,12,3,1,14,L7,R2,R1,L8,80000,600.0,51.0,18.0,54.08326913195984,19.44003482817619,132.4930984,132.5920782,459265310106700,459265409086500,2026-10-05T06:28:57.508088+00:00,2026-10-05T06:28:57.603338+00:00,
5,T006,PUFF_RIGHT,task,90,12,1,0,14,L7,R1,L1,L8,80000,600.0,-57.0,-33.0,65.86349520030045,-149.93141717813756,132.5922824,132.6891376,459265409290700,459265506145900,2026-10-05T06:28:57.603338+00:00,2026-10-05T06:28:57.704306+00:00,
5,T006,PUFF_RIGHT,task,91,14,0,2,15,L8,L1,L2,R8,80000,600.0,-9.0,8.0,12.041594578792296,138.3664606634298,132.6893718,132.7849109,459265506380100,459265601919200,2026-10-05T06:28:57.704306+00:00,2026-10-05T06:28:57.799909+00:00,
5,T006,PUFF_RIGHT,task,92,14,2,4,15,L8,L2,L3,R8,80000,600.0,-19.0,-13.0,23.021728866442675,-145.61965527615513,132.7851124,132.8820423,459265602120700,459265699050600,2026-10-05T06:28:57.799909+00:00,2026-10-05T06:28:57.889744+00:00,
5,T006,PUFF_RIGHT,task,93,14,4,6,15,L8,L3,L4,R8,80000,600.0,16.0,23.0,28.0178514522438,55.175510843043206,132.8822447,132.9810542,459265699253000,459265798062500,2026-10-05T06:28:57.889744+00:00,2026-10-05T06:28:57.990902+00:00,
5,T006,PUFF_RIGHT,task,94,14,6,8,15,L8,L4,L5,R8,80000,600.0,-42.0,-46.0,62.289646009589745,-132.3974377975002,132.9812512,133.0800437,459265798259500,459265897052000,2026-10-05T06:28:57.990902+00:00,2026-10-05T06:28:58.089762+00:00,
5,T006,PUFF_RIGHT,task,95,14,8,10,15,L8,L5,L6,R8,80000,600.0,-35.0,-39.0,52.40229002629561,-131.9059419410829,133.0802419,133.1780575,459265897250200,459265995065800,2026-10-05T06:28:58.089762+00:00,2026-10-05T06:28:58.190012+00:00,
5,T006,PUFF_RIGHT,task,96,14,10,12,15,L8,L6,L7,R8,80000,600.0,-167.0,-235.0,288.294987816299,-125.39905924102898,133.1782676,133.2759198,459265995275900,459266092928100,2026-10-05T06:28:58.190012+00:00,2026-10-05T06:28:58.289865+00:00,
5,T006,PUFF_RIGHT,task,97,14,13,11,15,L8,R7,R6,R8,80000,600.0,-211.0,-316.0,379.969735636932,-123.7318892554232,133.2761631,133.3749251,459266093171400,459266191933400,2026-10-05T06:28:58.289865+00:00,2026-10-05T06:28:58.389935+00:00,
5,T006,PUFF_RIGHT,task,98,14,11,9,15,L8,R6,R5,R8,80000,600.0,-41.0,-79.0,89.00561780022652,-117.42874122167757,133.3751325,133.474072,459266192140800,459266291080300,2026-10-05T06:28:58.389935+00:00,2026-10-05T06:28:58.485784+00:00,
5,T006,PUFF_RIGHT,task,99,14,9,7,15,L8,R5,R4,R8,80000,600.0,-17.0,-32.0,36.235341863986875,-117.97947438848014,133.4742835,133.572938,459266291291800,459266389946300,2026-10-05T06:28:58.485784+00:00,2026-10-05T06:28:58.587426+00:00,
5,T006,PUFF_RIGHT,task,100,14,7,5,15,L8,R4,R3,R8,80000,600.0,-4.0,20.0,20.396078054371138,101.30993247402021,133.5732463,133.6700473,459266390254600,459266487055600,2026-10-05T06:28:58.587426+00:00,2026-10-05T06:28:58.679743+00:00,
5,T006,PUFF_RIGHT,task,101,14,5,3,15,L8,R3,R2,R8,80000,600.0,-1.0,-5.0,5.0990195135927845,-101.30993247402021,133.6702669,133.7680679,459266487275200,459266585076200,2026-10-05T06:28:58.679743+00:00,2026-10-05T06:28:58.779815+00:00,
5,T006,PUFF_RIGHT,task,102,14,3,1,15,L8,R2,R1,R8,80000,600.0,49.0,10.0,50.00999900019995,11.534620653644716,133.7682568,133.8680565,459266585265100,459266685064800,2026-10-05T06:28:58.779815+00:00,2026-10-05T06:28:58.879907+00:00,
5,T006,PUFF_RIGHT,task,103,14,1,0,15,L8,R1,L1,R8,80000,600.0,-66.0,-43.0,78.77182237323191,-146.91514707126504,133.8682517,133.9669161,459266685260000,459266783924400,2026-10-05T06:28:58.879907+00:00,2026-10-05T06:28:58.981610+00:00,
5,T006,PUFF_RIGHT,task,104,15,0,2,13,R8,L1,L2,R7,80000,600.0,-3.0,10.0,10.44030650891055,106.69924423399362,133.9670835,134.0649416,459266784091800,459266881949900,2026-10-05T06:28:58.981610+00:00,2026-10-05T06:28:59.079908+00:00,
5,T006,PUFF_RIGHT,task,105,15,2,4,13,R8,L2,L3,R7,80000,600.0,-14.0,-7.0,15.652475842498529,-153.434948822922,134.0651447,134.1630958,459266882153000,459266980104100,2026-10-05T06:28:59.079908+00:00,2026-10-05T06:28:59.174774+00:00,
5,T006,PUFF_RIGHT,task,106,15,4,6,13,R8,L3,L4,R7,80000,600.0,10.0,12.0,15.620499351813308,50.19442890773481,134.1632961,134.2590687,459266980304400,459267076077000,2026-10-05T06:28:59.174774+00:00,2026-10-05T06:28:59.269807+00:00,
5,T006,PUFF_RIGHT,task,107,15,6,8,13,R8,L4,L5,R7,80000,600.0,-25.0,-21.0,32.64965543462902,-139.9697407281103,134.2592986,134.3569416,459267076306900,459267173949900,2026-10-05T06:28:59.269807+00:00,2026-10-05T06:28:59.371293+00:00,
5,T006,PUFF_RIGHT,task,108,15,8,10,13,R8,L5,L6,R7,80000,600.0,-16.0,-9.0,18.35755975068582,-150.64224645720873,134.3571777,134.4539125,459267174186000,459267270920800,2026-10-05T06:28:59.371293+00:00,2026-10-05T06:28:59.468790+00:00,
5,T006,PUFF_RIGHT,task,109,15,10,12,13,R8,L6,L7,R7,80000,600.0,-29.0,-51.0,58.66856057549052,-119.6237487511738,134.4541337,134.5530469,459267271142000,459267370055200,2026-10-05T06:28:59.468790+00:00,2026-10-05T06:28:59.560073+00:00,
5,T006,PUFF_RIGHT,task,110,15,12,14,13,R8,L7,L8,R7,80000,600.0,-88.0,-105.0,137.0,-129.96621304379997,134.5532562,134.6500487,459267370264500,459267467057000,2026-10-05T06:28:59.560073+00:00,2026-10-05T06:28:59.659892+00:00,
5,T006,PUFF_RIGHT,task,111,15,11,9,13,R8,R6,R5,R7,80000,600.0,-72.0,-149.0,165.4841382127,-115.79083101214992,134.6502574,134.7469165,459267467265700,459267563924800,2026-10-05T06:28:59.659892+00:00,2026-10-05T06:28:59.759957+00:00,
5,T006,PUFF_RIGHT,task,112,15,9,7,13,R8,R5,R4,R7,80000,600.0,-24.0,-47.0,52.773099207835045,-117.05059700708614,134.7471209,134.8459185,459267564129200,459267662926800,2026-10-05T06:28:59.759957+00:00,2026-10-05T06:28:59.859805+00:00,
5,T006,PUFF_RIGHT,task,113,15,7,5,13,R8,R4,R3,R7,80000,600.0,0.0,27.0,27.0,90.0,134.8461427,134.9430509,459267663151000,459267760059200,2026-10-05T06:28:59.859805+00:00,2026-10-05T06:28:59.955010+00:00,
5,T006,PUFF_RIGHT,task,114,15,5,3,13,R8,R3,R2,R7,80000,600.0,-3.0,-7.0,7.615773105863909,-113.19859051364818,134.9433595,135.0399625,459267760367800,459267856970800,2026-10-05T06:28:59.955010+00:00,2026-10-05T06:29:00.055122+00:00,
5,T006,PUFF_RIGHT,task,115,15,3,1,13,R8,R2,R1,R7,80000,600.0,41.0,3.0,41.10960958218893,4.1849161251184155,135.0402262,135.135946,459267857234500,459267952954300,2026-10-05T06:29:00.055122+00:00,2026-10-05T06:29:00.150217+00:00,
5,T006,PUFF_RIGHT,task,116,15,1,0,13,R8,R1,L1,R7,80000,600.0,-60.0,-34.0,68.96375859826666,-150.46121774044192,135.1361845,135.2349474,459267953192800,459268051955700,2026-10-05T06:29:00.150217+00:00,2026-10-05T06:29:00.249854+00:00,
5,T006,PUFF_RIGHT,task,117,13,0,2,11,R7,L1,L2,R6,80000,600.0,4.0,25.0,25.317977802344327,80.90972307917768,135.2352831,135.3330495,459268052291400,459268150057800,2026-10-05T06:29:00.249854+00:00,2026-10-05T06:29:00.339940+00:00,
5,T006,PUFF_RIGHT,task,118,13,2,4,11,R7,L2,L3,R6,80000,600.0,-16.0,-9.0,18.35755975068582,-150.64224645720873,135.3332756,135.4321805,459268150283900,459268249188800,2026-10-05T06:29:00.339940+00:00,2026-10-05T06:29:00.444098+00:00,
5,T006,PUFF_RIGHT,task,119,13,4,6,11,R7,L3,L4,R6,80000,600.0,13.0,21.0,24.698178070456937,58.240519915187214,135.4323825,135.5320485,459268249390800,459268349056800,2026-10-05T06:29:00.444098+00:00,2026-10-05T06:29:00.539822+00:00,
5,T006,PUFF_RIGHT,task,120,13,6,8,11,R7,L4,L5,R6,80000,600.0,-29.0,-30.0,41.72529209005013,-134.02897806892082,135.5322644,135.6291966,459268349272700,459268446204900,2026-10-05T06:29:00.539822+00:00,2026-10-05T06:29:00.643798+00:00,
5,T006,PUFF_RIGHT,task,121,13,8,10,11,R7,L5,L6,R6,80000,600.0,-10.0,-3.0,10.44030650891055,-163.3007557660064,135.6294284,135.7300511,459268446436700,459268547059400,2026-10-05T06:29:00.643798+00:00,2026-10-05T06:29:00.740032+00:00,
5,T006,PUFF_RIGHT,task,122,13,10,12,11,R7,L6,L7,R6,80000,600.0,-43.0,-39.0,58.05170109479997,-137.7927023657133,135.7302577,135.8280585,459268547266000,459268645066800,2026-10-05T06:29:00.740032+00:00,2026-10-05T06:29:00.839903+00:00,
5,T006,PUFF_RIGHT,task,123,13,12,14,11,R7,L7,L8,R6,80000,600.0,-59.0,-67.0,89.27485648266257,-131.36704926051178,135.8282568,135.9249113,459268645265100,459268741919600,2026-10-05T06:29:00.839903+00:00,2026-10-05T06:29:00.939815+00:00,
5,T006,PUFF_RIGHT,task,124,13,14,15,11,R7,L8,R8,R6,80000,600.0,-237.0,-314.0,393.4018301940142,-127.0446681648402,135.9251086,136.0231917,459268742116900,459268840200000,2026-10-05T06:29:00.939815+00:00,2026-10-05T06:29:01.035633+00:00,
5,T006,PUFF_RIGHT,task,125,13,9,7,11,R7,R5,R4,R6,80000,600.0,-33.0,-72.0,79.20227269466452,-114.62356478616361,136.0234164,136.1241929,459268840424700,459268941201200,2026-10-05T06:29:01.035633+00:00,2026-10-05T06:29:01.138122+00:00,
5,T006,PUFF_RIGHT,task,126,13,7,5,11,R7,R4,R3,R6,80000,600.0,-5.0,15.0,15.811388300841896,108.43494882292202,136.1244637,136.2219313,459268941472000,459269038939600,2026-10-05T06:29:01.138122+00:00,2026-10-05T06:29:01.237090+00:00,
5,T006,PUFF_RIGHT,task,127,13,5,3,11,R7,R3,R2,R6,80000,600.0,-6.0,-15.0,16.15549442140351,-111.80140948635182,136.2221699,136.3209432,459269039178200,459269137951500,2026-10-05T06:29:01.237090+00:00,2026-10-05T06:29:01.335687+00:00,
5,T006,PUFF_RIGHT,task,128,13,3,1,11,R7,R2,R1,R6,80000,600.0,22.0,-21.0,30.4138126514911,-43.66778014613036,136.3211506,136.4200757,459269138158900,459269237084000,2026-10-05T06:29:01.335687+00:00,2026-10-05T06:29:01.430099+00:00,
5,T006,PUFF_RIGHT,task,129,13,1,0,11,R7,R1,L1,R6,80000,600.0,-56.0,-38.0,67.67569726275453,-145.84030545433058,136.4204339,136.5211701,459269237442200,459269338178400,2026-10-05T06:29:01.430099+00:00,2026-10-05T06:29:01.535813+00:00,
5,T006,PUFF_RIGHT,task,130,11,0,2,9,R6,L1,L2,R5,80000,600.0,-10.0,6.0,11.661903789690601,149.03624346792648,136.5213796,136.6179132,459269338387900,459269434921500,2026-10-05T06:29:01.535813+00:00,2026-10-05T06:29:01.632086+00:00,
5,T006,PUFF_RIGHT,task,131,11,2,4,9,R6,L2,L3,R5,80000,600.0,-20.0,-13.0,23.853720883753127,-146.97613244420336,136.618133,136.715913,459269435141300,459269532921300,2026-10-05T06:29:01.632086+00:00,2026-10-05T06:29:01.729973+00:00,
5,T006,PUFF_RIGHT,task,132,11,4,6,9,R6,L3,L4,R5,80000,600.0,-2.0,-4.0,4.47213595499958,-116.56505117707799,136.7161175,136.8140433,459269533125800,459269631051600,2026-10-05T06:29:01.731166+00:00,2026-10-05T06:29:01.819832+00:00,
5,T006,PUFF_RIGHT,task,133,11,6,8,9,R6,L4,L5,R5,80000,600.0,-12.0,-11.0,16.278820596099706,-137.48955292199918,136.8142432,136.9120576,459269631251500,459269729065900,2026-10-05T06:29:01.819832+00:00,2026-10-05T06:29:01.922252+00:00,
5,T006,PUFF_RIGHT,task,134,11,8,10,9,R6,L5,L6,R5,80000,600.0,-49.0,2.0,49.040799340956916,177.6626941408762,136.9122696,137.0090484,459269729277900,459269826056700,2026-10-05T06:29:01.922252+00:00,2026-10-05T06:29:02.019883+00:00,
5,T006,PUFF_RIGHT,task,135,11,10,12,9,R6,L6,L7,R5,80000,600.0,-15.0,-17.0,22.67156809750927,-131.42366562500266,137.0092511,137.1059561,459269826259400,459269922964400,2026-10-05T06:29:02.019883+00:00,2026-10-05T06:29:02.119735+00:00,
5,T006,PUFF_RIGHT,task,136,11,12,14,9,R6,L7,L8,R5,80000,600.0,-15.0,-19.0,24.20743687382041,-128.29016319224309,137.1061292,137.203911,459269923137500,459270020919300,2026-10-05T06:29:02.119735+00:00,2026-10-05T06:29:02.209830+00:00,
5,T006,PUFF_RIGHT,task,137,11,14,15,9,R6,L8,R8,R5,80000,600.0,-49.0,-73.0,87.92041856133307,-123.87081071038882,137.2041425,137.3010504,459270021150800,459270118058700,2026-10-05T06:29:02.209830+00:00,2026-10-05T06:29:02.309765+00:00,
5,T006,PUFF_RIGHT,task,138,11,15,13,9,R6,R8,R7,R5,80000,600.0,-91.0,-138.0,165.3027525481654,-123.40166838692689,137.3012757,137.3989052,459270118284000,459270215913500,2026-10-05T06:29:02.309765+00:00,2026-10-05T06:29:02.413933+00:00,
5,T006,PUFF_RIGHT,task,139,11,7,5,9,R6,R4,R3,R5,80000,600.0,174.0,286.0,334.77156390589687,58.68401975224751,137.399158,137.4969262,459270216166300,459270313934500,2026-10-05T06:29:02.413933+00:00,2026-10-05T06:29:02.509980+00:00,
5,T006,PUFF_RIGHT,task,140,11,5,3,9,R6,R3,R2,R5,80000,600.0,-96.0,-148.0,176.40861656959956,-122.96940390346215,137.4971465,137.5921645,459270314154800,459270409172800,2026-10-05T06:29:02.509980+00:00,2026-10-05T06:29:02.604956+00:00,
5,T006,PUFF_RIGHT,task,141,11,3,1,9,R6,R2,R1,R5,80000,600.0,-28.0,-125.0,128.09761902549164,-102.62583687890732,137.5925634,137.6921434,459270409571700,459270509151700,2026-10-05T06:29:02.604956+00:00,2026-10-05T06:29:02.703760+00:00,
5,T006,PUFF_RIGHT,task,142,11,1,0,9,R6,R1,L1,R5,80000,600.0,-76.0,-55.0,93.81364506296512,-144.1073343122544,137.6923797,137.7932892,459270509388000,459270610297500,2026-10-05T06:29:02.703760+00:00,2026-10-05T06:29:02.804581+00:00,
5,T006,PUFF_RIGHT,task,143,9,0,2,7,R5,L1,L2,R4,80000,600.0,21.0,57.0,60.74537019394976,69.77514056883192,137.7935201,137.8911052,459270610528400,459270708113500,2026-10-05T06:29:02.804581+00:00,2026-10-05T06:29:02.902412+00:00,
5,T006,PUFF_RIGHT,task,144,9,2,4,7,R5,L2,L3,R4,80000,600.0,-10.0,-7.0,12.206555615733702,-145.00797980144134,137.8913259,137.9910691,459270708334200,459270808077400,2026-10-05T06:29:02.902412+00:00,2026-10-05T06:29:03.005372+00:00,
5,T006,PUFF_RIGHT,task,145,9,4,6,7,R5,L3,L4,R4,80000,600.0,37.0,41.0,55.226805085936306,47.93567344642118,137.9912824,138.0899792,459270808290700,459270906987500,2026-10-05T06:29:03.005372+00:00,2026-10-05T06:29:03.102015+00:00,
5,T006,PUFF_RIGHT,task,146,9,6,8,7,R5,L4,L5,R4,80000,600.0,-45.0,-43.0,62.24146527838174,-136.30195267257886,138.0902259,138.1860626,459270907234200,459271003070900,2026-10-05T06:29:03.102015+00:00,2026-10-05T06:29:03.201207+00:00,
5,T006,PUFF_RIGHT,task,147,9,8,10,7,R5,L5,L6,R4,80000,600.0,-14.0,5.0,14.866068747318506,160.3461759419467,138.1862839,138.2821146,459271003292200,459271099122900,2026-10-05T06:29:03.201207+00:00,2026-10-05T06:29:03.289847+00:00,
5,T006,PUFF_RIGHT,task,148,9,10,12,7,R5,L6,L7,R4,80000,600.0,-17.0,-16.0,23.345235059857504,-136.7357045889284,138.2823762,138.3792443,459271099384500,459271196252600,2026-10-05T06:29:03.289847+00:00,2026-10-05T06:29:03.390835+00:00,
5,T006,PUFF_RIGHT,task,149,9,12,14,7,R5,L7,L8,R4,80000,600.0,-18.0,-10.0,20.591260281974,-150.94539590092285,138.3794596,138.4791099,459271196467900,459271296118200,2026-10-05T06:29:03.390835+00:00,2026-10-05T06:29:03.490017+00:00,
5,T006,PUFF_RIGHT,task,150,9,14,15,7,R5,L8,R8,R4,80000,600.0,-28.0,-30.0,41.036569057366385,-133.02506598911802,138.4793204,138.5792848,459271296328700,459271396293100,2026-10-05T06:29:03.490017+00:00,2026-10-05T06:29:03.590442+00:00,
5,T006,PUFF_RIGHT,task,151,9,15,13,7,R5,R8,R7,R4,80000,600.0,-43.0,-45.0,62.24146527838174,-133.69804732742114,138.5794976,138.6801066,459271396505900,459271497114900,2026-10-05T06:29:03.590442+00:00,2026-10-05T06:29:03.689898+00:00,
5,T006,PUFF_RIGHT,task,152,9,13,11,7,R5,R7,R6,R4,80000,600.0,-54.0,-59.0,79.98124780221924,-132.46644111160543,138.6803245,138.7759687,459271497332800,459271592977000,2026-10-05T06:29:03.689898+00:00,2026-10-05T06:29:03.790053+00:00,
5,T006,PUFF_RIGHT,task,153,9,5,3,7,R5,R3,R2,R4,80000,600.0,152.0,196.0,248.03225596683993,52.20605700138327,138.7761828,138.8749596,459271593191100,459271691967900,2026-10-05T06:29:03.790053+00:00,2026-10-05T06:29:03.889901+00:00,
5,T006,PUFF_RIGHT,task,154,9,3,1,7,R5,R2,R1,R4,80000,600.0,57.0,12.0,58.249463516842795,11.888658039627975,138.8751748,138.9741159,459271692183100,459271791124200,2026-10-05T06:29:03.889901+00:00,2026-10-05T06:29:03.985401+00:00,
5,T006,PUFF_RIGHT,task,155,9,1,0,7,R5,R1,L1,R4,80000,600.0,-32.0,4.0,32.2490309931942,172.8749836510982,138.9743356,139.0721736,459271791343900,459271889181900,2026-10-05T06:29:03.985401+00:00,2026-10-05T06:29:04.080026+00:00,
5,T006,PUFF_RIGHT,task,156,7,0,2,5,R4,L1,L2,R3,80000,600.0,-29.0,-22.0,36.40054944640259,-142.81529354676687,139.072511,139.1709829,459271889519300,459271987991200,2026-10-05T06:29:04.087590+00:00,2026-10-05T06:29:04.186042+00:00,
5,T006,PUFF_RIGHT,task,157,7,2,4,5,R4,L2,L3,R3,80000,600.0,-11.0,-3.0,11.40175425099138,-164.74488129694222,139.1712268,139.2701411,459271988235100,459272087149400,2026-10-05T06:29:04.186042+00:00,2026-10-05T06:29:04.285095+00:00,
5,T006,PUFF_RIGHT,task,158,7,4,6,5,R4,L3,L4,R3,80000,600.0,-31.0,-25.0,39.824615503479755,-141.1155035662854,139.2703663,139.3701383,459272087374600,459272187146600,2026-10-05T06:29:04.285095+00:00,2026-10-05T06:29:04.385209+00:00,
5,T006,PUFF_RIGHT,task,159,7,6,8,5,R4,L4,L5,R3,80000,600.0,1.0,22.0,22.02271554554524,87.39743779750019,139.3703451,139.467978,459272187353400,459272284986300,2026-10-05T06:29:04.385209+00:00,2026-10-05T06:29:04.482971+00:00,
5,T006,PUFF_RIGHT,task,160,7,8,10,5,R4,L5,L6,R3,80000,600.0,1.0,-4.0,4.123105625617661,-75.96375653207353,139.4681701,139.5670574,459272285178400,459272384065700,2026-10-05T06:29:04.482971+00:00,2026-10-05T06:29:04.579857+00:00,
5,T006,PUFF_RIGHT,task,161,7,10,12,5,R4,L6,L7,R3,80000,600.0,0.0,5.0,5.0,90.0,139.5673036,139.6651154,459272384311900,459272482123700,2026-10-05T06:29:04.579857+00:00,2026-10-05T06:29:04.680060+00:00,
5,T006,PUFF_RIGHT,task,162,7,12,14,5,R4,L7,L8,R3,80000,600.0,2.0,11.0,11.180339887498949,79.69515353123397,139.6653477,139.7621031,459272482356000,459272579111400,2026-10-05T06:29:04.680060+00:00,2026-10-05T06:29:04.770106+00:00,
5,T006,PUFF_RIGHT,task,163,7,14,15,5,R4,L8,R8,R3,80000,600.0,8.0,16.0,17.88854381999832,63.43494882292201,139.762325,139.8661923,459272579333300,459272683200600,2026-10-05T06:29:04.770106+00:00,2026-10-05T06:29:04.880482+00:00,
5,T006,PUFF_RIGHT,task,164,7,15,13,5,R4,R8,R7,R3,80000,600.0,8.0,20.0,21.540659228538015,68.19859051364818,139.8664259,139.9631112,459272683434200,459272780119500,2026-10-05T06:29:04.881484+00:00,2026-10-05T06:29:04.970196+00:00,
5,T006,PUFF_RIGHT,task,165,7,13,11,5,R4,R7,R6,R3,80000,600.0,3.0,19.0,19.235384061671343,81.02737338510362,139.9633235,140.0631057,459272780331800,459272880114000,2026-10-05T06:29:04.970196+00:00,2026-10-05T06:29:05.071732+00:00,
5,T006,PUFF_RIGHT,task,166,7,11,9,5,R4,R6,R5,R3,80000,600.0,189.0,263.0,323.86725675807367,54.2977978087833,140.0633117,140.1591148,459272880320000,459272976123100,2026-10-05T06:29:05.071732+00:00,2026-10-05T06:29:05.169872+00:00,
5,T006,PUFF_RIGHT,task,167,7,3,1,5,R4,R2,R1,R3,80000,600.0,-260.0,-411.0,486.3342472004208,-122.31758467089912,140.1593292,140.2599914,459272976337500,459273076999700,2026-10-05T06:29:05.169872+00:00,2026-10-05T06:29:05.272985+00:00,
5,T006,PUFF_RIGHT,task,168,7,1,0,5,R4,R1,L1,R3,80000,600.0,-82.0,-68.0,106.5269918846862,-140.33215888165955,140.2601909,140.3559789,459273077199200,459273172987200,2026-10-05T06:29:05.272985+00:00,2026-10-05T06:29:05.371132+00:00,
5,T006,PUFF_RIGHT,task,169,5,0,2,3,R3,L1,L2,R2,80000,600.0,6.0,27.0,27.65863337187866,77.47119229084849,140.3561859,140.4539776,459273173194200,459273270985900,2026-10-05T06:29:05.371132+00:00,2026-10-05T06:29:05.468962+00:00,
5,T006,PUFF_RIGHT,task,170,5,2,4,3,R3,L2,L3,R2,80000,600.0,-19.0,-11.0,21.95449840010015,-149.93141717813756,140.4541905,140.552109,459273271198800,459273369117300,2026-10-05T06:29:05.468962+00:00,2026-10-05T06:29:05.565931+00:00,
5,T006,PUFF_RIGHT,task,171,5,4,6,3,R3,L3,L4,R2,80000,600.0,-19.0,2.0,19.1049731745428,173.99099404250546,140.5523062,140.6510073,459273369314500,459273468015600,2026-10-05T06:29:05.565931+00:00,2026-10-05T06:29:05.665978+00:00,
5,T006,PUFF_RIGHT,task,172,5,6,8,3,R3,L4,L5,R2,80000,600.0,2.0,-8.0,8.246211251235321,-75.96375653207353,140.6512587,140.7481247,459273468267000,459273565133000,2026-10-05T06:29:05.665978+00:00,2026-10-05T06:29:05.760099+00:00,
5,T006,PUFF_RIGHT,task,173,5,8,10,3,R3,L5,L6,R2,80000,600.0,-12.0,-1.0,12.041594578792296,-175.2363583092738,140.7483323,140.8471821,459273565340600,459273664190400,2026-10-05T06:29:05.760099+00:00,2026-10-05T06:29:05.859859+00:00,
5,T006,PUFF_RIGHT,task,174,5,10,12,3,R3,L6,L7,R2,80000,600.0,-9.0,-7.0,11.40175425099138,-142.12501634890182,140.8473873,140.9471507,459273664395600,459273764159000,2026-10-05T06:29:05.859859+00:00,2026-10-05T06:29:05.959908+00:00,
5,T006,PUFF_RIGHT,task,175,5,12,14,3,R3,L7,L8,R2,80000,600.0,-9.0,0.0,9.0,180.0,140.9473826,141.0460209,459273764390900,459273863029200,2026-10-05T06:29:05.959908+00:00,2026-10-05T06:29:06.059924+00:00,
5,T006,PUFF_RIGHT,task,176,5,14,15,3,R3,L8,R8,R2,80000,600.0,-10.0,-5.0,11.180339887498949,-153.434948822922,141.0463489,141.1429789,459273863357200,459273959987200,2026-10-05T06:29:06.059924+00:00,2026-10-05T06:29:06.156840+00:00,
5,T006,PUFF_RIGHT,task,177,5,15,13,3,R3,R8,R7,R2,80000,600.0,-16.0,-9.0,18.35755975068582,-150.64224645720873,141.1433562,141.2411203,459273960364500,459274058128600,2026-10-05T06:29:06.158470+00:00,2026-10-05T06:29:06.253094+00:00,
5,T006,PUFF_RIGHT,task,178,5,13,11,3,R3,R7,R6,R2,80000,600.0,-21.0,-8.0,22.47220505424423,-159.14554196042167,141.2413449,141.3369669,459274058353200,459274153975200,2026-10-05T06:29:06.253094+00:00,2026-10-05T06:29:06.351291+00:00,
5,T006,PUFF_RIGHT,task,179,5,11,9,3,R3,R6,R5,R2,80000,600.0,-135.0,-147.0,199.58456854175876,-132.56335175318986,141.3372826,141.4349602,459274154290900,459274251968500,2026-10-05T06:29:06.352295+00:00,2026-10-05T06:29:06.449919+00:00,
5,T006,PUFF_RIGHT,task,180,5,9,7,3,R3,R5,R4,R2,80000,600.0,174.0,210.0,272.7196362567243,50.355825042855194,141.4355121,141.5309063,459274252520400,459274347914600,2026-10-05T06:29:06.449919+00:00,2026-10-05T06:29:06.540260+00:00,
5,T006,PUFF_RIGHT,task,181,5,1,0,3,R3,R1,L1,R2,80000,600.0,-56.0,-33.0,65.0,-149.48976259388445,141.5312307,141.6280516,459274348239000,459274445059900,2026-10-05T06:29:06.540260+00:00,2026-10-05T06:29:06.639994+00:00,
5,T006,PUFF_RIGHT,task,182,3,0,2,1,R2,L1,L2,R1,80000,600.0,-271.0,-228.0,354.1539213392956,-139.92514486964063,141.6283003,141.7389487,459274445308600,459274555957000,2026-10-05T06:29:06.639994+00:00,2026-10-05T06:29:06.753346+00:00,
5,T006,PUFF_RIGHT,task,183,3,2,4,1,R2,L2,L3,R1,80000,600.0,-26.0,1.0,26.019223662515376,177.7974018382342,141.7391386,141.837049,459274556146900,459274654057300,2026-10-05T06:29:06.754351+00:00,2026-10-05T06:29:06.850186+00:00,
5,T006,PUFF_RIGHT,task,184,3,4,6,1,R2,L3,L4,R1,80000,600.0,-16.0,-14.0,21.2602916254693,-138.81407483429035,141.8372919,141.9341484,459274654300200,459274751156700,2026-10-05T06:29:06.850186+00:00,2026-10-05T06:29:06.941743+00:00,
5,T006,PUFF_RIGHT,task,185,3,6,8,1,R2,L4,L5,R1,80000,600.0,10.0,18.0,20.591260281974,60.94539590092286,141.9343925,142.0310463,459274751400800,459274848054600,2026-10-05T06:29:06.941743+00:00,2026-10-05T06:29:07.039916+00:00,
5,T006,PUFF_RIGHT,task,186,3,8,10,1,R2,L5,L6,R1,80000,600.0,-24.0,2.0,24.08318915758459,175.2363583092738,142.0312992,142.1311231,459274848307500,459274948131400,2026-10-05T06:29:07.039916+00:00,2026-10-05T06:29:07.139763+00:00,
5,T006,PUFF_RIGHT,task,187,3,10,12,1,R2,L6,L7,R1,80000,600.0,-8.0,-1.0,8.06225774829855,-172.8749836510982,142.1313645,142.2301224,459274948372800,459275047130700,2026-10-05T06:29:07.139763+00:00,2026-10-05T06:29:07.240005+00:00,
5,T006,PUFF_RIGHT,task,188,3,12,14,1,R2,L7,L8,R1,80000,600.0,-9.0,9.0,12.727922061357855,135.0,142.2303546,142.3269553,459275047362900,459275143963600,2026-10-05T06:29:07.240005+00:00,2026-10-05T06:29:07.339908+00:00,
5,T006,PUFF_RIGHT,task,189,3,14,15,1,R2,L8,R8,R1,80000,600.0,-11.0,0.0,11.0,180.0,142.327217,142.4239457,459275144225300,459275240954000,2026-10-05T06:29:07.339908+00:00,2026-10-05T06:29:07.436714+00:00,
5,T006,PUFF_RIGHT,task,190,3,15,13,1,R2,R8,R7,R1,80000,600.0,-22.0,-5.0,22.561028345356956,-167.19573393471325,142.4242106,142.5219307,459275241218900,459275338939000,2026-10-05T06:29:07.436714+00:00,2026-10-05T06:29:07.535755+00:00,
5,T006,PUFF_RIGHT,task,191,3,13,11,1,R2,R7,R6,R1,80000,600.0,-41.0,-9.0,41.97618372363071,-167.61924307119284,142.5221749,142.6189227,459275339183200,459275435931000,2026-10-05T06:29:07.535755+00:00,2026-10-05T06:29:07.633413+00:00,
5,T006,PUFF_RIGHT,task,192,3,11,9,1,R2,R6,R5,R1,80000,600.0,-105.0,-94.0,140.92906016858268,-138.16388361888073,142.6191627,142.7169209,459275436171000,459275533929200,2026-10-05T06:29:07.633413+00:00,2026-10-05T06:29:07.729921+00:00,
5,T006,PUFF_RIGHT,task,193,3,9,7,1,R2,R5,R4,R1,80000,600.0,-4.0,5.0,6.4031242374328485,128.6598082540901,142.7171402,142.8150964,459275534148500,459275632104700,2026-10-05T06:29:07.729921+00:00,2026-10-05T06:29:07.830132+00:00,
5,T006,PUFF_RIGHT,task,194,3,7,5,1,R2,R4,R3,R1,80000,600.0,-354.0,-298.0,462.73102338183463,-139.9090621386555,142.8153246,142.9119695,459275632332900,459275728977800,2026-10-05T06:29:07.830132+00:00,2026-10-05T06:29:07.926554+00:00,
5,T006,PUFF_RIGHT,task,195,1,2,4,0,R1,L2,L3,L1,80000,600.0,10.0,21.0,23.259406699226016,64.5366549381284,142.9122659,143.012004,459275729274200,459275829012300,2026-10-05T06:29:07.926554+00:00,2026-10-05T06:29:08.021395+00:00,
5,T006,PUFF_RIGHT,task,196,1,4,6,0,R1,L3,L4,L1,80000,600.0,-16.0,-26.0,30.528675044947494,-121.60750224624891,143.0122052,143.1069302,459275829213500,459275923938500,2026-10-05T06:29:08.021395+00:00,2026-10-05T06:29:08.119692+00:00,
5,T006,PUFF_RIGHT,task,197,1,6,8,0,R1,L4,L5,L1,80000,600.0,6.0,30.0,30.59411708155671,78.69006752597979,143.1071481,143.2069844,459275924156400,459276023992700,2026-10-05T06:29:08.119692+00:00,2026-10-05T06:29:08.221394+00:00,
5,T006,PUFF_RIGHT,task,198,1,8,10,0,R1,L5,L6,L1,80000,600.0,-7.0,-6.0,9.219544457292887,-139.39870535499554,143.2072744,143.3059374,459276024282700,459276122945700,2026-10-05T06:29:08.221394+00:00,2026-10-05T06:29:08.320046+00:00,
5,T006,PUFF_RIGHT,task,199,1,10,12,0,R1,L6,L7,L1,80000,600.0,-9.0,-6.0,10.816653826391969,-146.30993247402023,143.3061615,143.4050488,459276123169800,459276222057100,2026-10-05T06:29:08.320046+00:00,2026-10-05T06:29:08.420007+00:00,
5,T006,PUFF_RIGHT,task,200,1,12,14,0,R1,L7,L8,L1,80000,600.0,-10.0,-3.0,10.44030650891055,-163.3007557660064,143.4052307,143.5040516,459276222239000,459276321059900,2026-10-05T06:29:08.420007+00:00,2026-10-05T06:29:08.509835+00:00,
5,T006,PUFF_RIGHT,task,201,1,14,15,0,R1,L8,R8,L1,80000,600.0,-13.0,-10.0,16.401219466856727,-142.43140797117252,143.5043311,143.6039493,459276321339400,459276420957600,2026-10-05T06:29:08.519412+00:00,2026-10-05T06:29:08.619088+00:00,
5,T006,PUFF_RIGHT,task,202,1,15,13,0,R1,R8,R7,L1,80000,600.0,-14.0,-7.0,15.652475842498529,-153.434948822922,143.6041816,143.7011072,459276421189900,459276518115500,2026-10-05T06:29:08.619088+00:00,2026-10-05T06:29:08.710090+00:00,
5,T006,PUFF_RIGHT,task,203,1,13,11,0,R1,R7,R6,L1,80000,600.0,-8.0,3.0,8.54400374531753,159.44395478041653,143.7013484,143.8001042,459276518356700,459276617112500,2026-10-05T06:29:08.710090+00:00,2026-10-05T06:29:08.809927+00:00,
5,T006,PUFF_RIGHT,task,204,1,11,9,0,R1,R6,R5,L1,80000,600.0,-28.0,-17.0,32.7566787083184,-148.73626830562256,143.8003298,143.8981226,459276617338100,459276715130900,2026-10-05T06:29:08.809927+00:00,2026-10-05T06:29:08.909994+00:00,
5,T006,PUFF_RIGHT,task,205,1,9,7,0,R1,R5,R4,L1,80000,600.0,36.0,33.0,48.83646178829912,42.510447078000844,143.8983348,143.9959924,459276715343100,459276813000700,2026-10-05T06:29:08.909994+00:00,2026-10-05T06:29:09.010118+00:00,
5,T006,PUFF_RIGHT,task,206,1,7,5,0,R1,R4,R3,L1,80000,600.0,-47.0,-21.0,51.478150704935004,-155.92450174492117,143.9961966,144.094985,459276813204900,459276911993300,2026-10-05T06:29:09.010118+00:00,2026-10-05T06:29:09.109961+00:00,
5,T006,PUFF_RIGHT,task,207,1,5,3,0,R1,R3,R2,L1,80000,600.0,1.0,7.0,7.0710678118654755,81.86989764584403,144.0951855,144.1921125,459276912193800,459277009120800,2026-10-05T06:29:09.109961+00:00,2026-10-05T06:29:09.201727+00:00,
6,T007,PUFF_BOTH,task,0,0,4,6,2,L1,L3,L4,L2,80000,600.0,-172.0,-255.0,307.5857603986244,-124.00005068460342,146.4682574,146.5659684,459279285265700,459279382976700,2026-10-05T06:29:11.482594+00:00,2026-10-05T06:29:11.580147+00:00,
6,T007,PUFF_BOTH,task,1,0,6,8,2,L1,L4,L5,L2,80000,600.0,-64.0,-69.0,94.11163583744573,-132.84703721089954,146.5662828,146.6659053,459279383291100,459279482913600,2026-10-05T06:29:11.581217+00:00,2026-10-05T06:29:11.680206+00:00,
6,T007,PUFF_BOTH,task,2,0,8,10,2,L1,L5,L6,L2,80000,600.0,-52.0,-68.0,85.60373823613078,-127.40535663140857,146.6661534,146.7629888,459279483161700,459279579997100,2026-10-05T06:29:11.680206+00:00,2026-10-05T06:29:11.777639+00:00,
6,T007,PUFF_BOTH,task,3,0,10,12,2,L1,L6,L7,L2,80000,600.0,-24.0,-41.0,47.50789408087881,-120.34324888423959,146.7631815,146.8631098,459279580189800,459279680118100,2026-10-05T06:29:11.777639+00:00,2026-10-05T06:29:11.873735+00:00,
6,T007,PUFF_BOTH,task,4,0,12,14,2,L1,L7,L8,L2,80000,600.0,-17.0,-5.0,17.72004514666935,-163.61045966596524,146.8633297,146.9600014,459279680338000,459279777009700,2026-10-05T06:29:11.873735+00:00,2026-10-05T06:29:11.973669+00:00,
6,T007,PUFF_BOTH,task,5,0,14,15,2,L1,L8,R8,L2,80000,600.0,-4.0,1.0,4.123105625617661,165.96375653207352,146.9601958,147.0601146,459279777204100,459279877122900,2026-10-05T06:29:11.973669+00:00,2026-10-05T06:29:12.073887+00:00,
6,T007,PUFF_BOTH,task,6,0,15,13,2,L1,R8,R7,L2,80000,600.0,-6.0,1.0,6.082762530298219,170.53767779197437,147.0603377,147.1589584,459279877346000,459279975966700,2026-10-05T06:29:12.073887+00:00,2026-10-05T06:29:12.173915+00:00,
6,T007,PUFF_BOTH,task,7,0,13,11,2,L1,R7,R6,L2,80000,600.0,5.0,24.0,24.515301344262525,78.23171106797936,147.1591705,147.2589625,459279976178800,459280075970800,2026-10-05T06:29:12.173915+00:00,2026-10-05T06:29:12.273960+00:00,
6,T007,PUFF_BOTH,task,8,0,11,9,2,L1,R6,R5,L2,80000,600.0,-10.0,-2.0,10.198039027185569,-168.6900675259798,147.2591853,147.3581383,459280076193600,459280175146600,2026-10-05T06:29:12.273960+00:00,2026-10-05T06:29:12.370044+00:00,
6,T007,PUFF_BOTH,task,9,0,9,7,2,L1,R5,R4,L2,80000,600.0,35.0,50.0,61.032778078668514,55.00797980144134,147.3584195,147.4581424,459280175427800,459280275150700,2026-10-05T06:29:12.373538+00:00,2026-10-05T06:29:12.470583+00:00,
6,T007,PUFF_BOTH,task,10,0,7,5,2,L1,R4,R3,L2,80000,600.0,-37.0,-27.0,45.803929962395145,-143.88065915052024,147.4583617,147.5581395,459280275370000,459280375147800,2026-10-05T06:29:12.470583+00:00,2026-10-05T06:29:12.569915+00:00,
6,T007,PUFF_BOTH,task,11,0,5,3,2,L1,R3,R2,L2,80000,600.0,16.0,20.0,25.612496949731394,51.34019174590991,147.5583484,147.6621258,459280375356700,459280479134100,2026-10-05T06:29:12.569915+00:00,2026-10-05T06:29:12.674436+00:00,
6,T007,PUFF_BOTH,task,12,0,3,1,2,L1,R2,R1,L2,80000,600.0,-225.0,-302.0,376.60191183795126,-126.68733072411409,147.6623408,147.762123,459280479349100,459280579131300,2026-10-05T06:29:12.674436+00:00,2026-10-05T06:29:12.774315+00:00,
6,T007,PUFF_BOTH,task,13,2,6,8,4,L2,L4,L5,L3,80000,600.0,135.0,203.0,243.79089400549807,56.37511535774549,147.7623619,147.8621465,459280579370200,459280679154800,2026-10-05T06:29:12.774315+00:00,2026-10-05T06:29:12.874498+00:00,
6,T007,PUFF_BOTH,task,14,2,8,10,4,L2,L5,L6,L3,80000,600.0,-93.0,-129.0,159.02829936838285,-125.78897345918334,147.8623644,147.9632438,459280679372700,459280780252100,2026-10-05T06:29:12.874498+00:00,2026-10-05T06:29:12.974761+00:00,
6,T007,PUFF_BOTH,task,15,2,10,12,4,L2,L6,L7,L3,80000,600.0,-20.0,-34.0,39.44616584663204,-120.46554491945989,147.9634614,148.0621245,459280780469700,459280879132800,2026-10-05T06:29:12.974761+00:00,2026-10-05T06:29:13.074991+00:00,
6,T007,PUFF_BOTH,task,16,2,12,14,4,L2,L7,L8,L3,80000,600.0,-16.0,-10.0,18.867962264113206,-147.9946167919165,148.0623353,148.1632251,459280879343600,459280980233400,2026-10-05T06:29:13.074991+00:00,2026-10-05T06:29:13.175171+00:00,
6,T007,PUFF_BOTH,task,17,2,14,15,4,L2,L8,R8,L3,80000,600.0,-8.0,-8.0,11.313708498984761,-135.0,148.1634246,148.2631178,459280980432900,459281080126100,2026-10-05T06:29:13.175171+00:00,2026-10-05T06:29:13.275005+00:00,
6,T007,PUFF_BOTH,task,18,2,15,13,4,L2,R8,R7,L3,80000,600.0,-10.0,-5.0,11.180339887498949,-153.434948822922,148.2633511,148.3609708,459281080359400,459281177979100,2026-10-05T06:29:13.275005+00:00,2026-10-05T06:29:13.375333+00:00,
6,T007,PUFF_BOTH,task,19,2,13,11,4,L2,R7,R6,L3,80000,600.0,-9.0,2.0,9.219544457292887,167.47119229084848,148.3611894,148.4589856,459281178197700,459281275993900,2026-10-05T06:29:13.375333+00:00,2026-10-05T06:29:13.470931+00:00,
6,T007,PUFF_BOTH,task,20,2,11,9,4,L2,R6,R5,L3,80000,600.0,-15.0,-10.0,18.027756377319946,-146.30993247402023,148.4592225,148.5573927,459281276230800,459281374401000,2026-10-05T06:29:13.470931+00:00,2026-10-05T06:29:13.572284+00:00,
6,T007,PUFF_BOTH,task,21,2,9,7,4,L2,R5,R4,L3,80000,600.0,6.0,2.0,6.324555320336759,18.43494882292201,148.5576227,148.6569844,459281374631000,459281473992700,2026-10-05T06:29:13.572284+00:00,2026-10-05T06:29:13.671137+00:00,
6,T007,PUFF_BOTH,task,22,2,7,5,4,L2,R4,R3,L3,80000,600.0,-16.0,3.0,16.278820596099706,169.38034472384487,148.6571907,148.755005,459281474199000,459281572013300,2026-10-05T06:29:13.671137+00:00,2026-10-05T06:29:13.770075+00:00,
6,T007,PUFF_BOTH,task,23,2,5,3,4,L2,R3,R2,L3,80000,600.0,-6.0,-3.0,6.708203932499369,-153.434948822922,148.7552024,148.8541999,459281572210700,459281671208200,2026-10-05T06:29:13.770075+00:00,2026-10-05T06:29:13.869145+00:00,
6,T007,PUFF_BOTH,task,24,2,3,1,4,L2,R2,R1,L3,80000,600.0,40.0,29.0,49.4064773081425,35.94211187138234,148.8544181,148.9501088,459281671426400,459281767117100,2026-10-05T06:29:13.869145+00:00,2026-10-05T06:29:13.959705+00:00,
6,T007,PUFF_BOTH,task,25,2,1,0,4,L2,R1,L1,L3,80000,600.0,-31.0,5.0,31.400636936215164,170.8376529542783,148.9503124,149.0491131,459281767320700,459281866121400,2026-10-05T06:29:13.959705+00:00,2026-10-05T06:29:14.060128+00:00,
6,T007,PUFF_BOTH,task,26,4,0,2,6,L3,L1,L2,L4,80000,600.0,-221.0,-249.0,332.9294219500584,-131.59066397950986,149.0493054,149.1469813,459281866313700,459281963989600,2026-10-05T06:29:14.060128+00:00,2026-10-05T06:29:14.160088+00:00,
6,T007,PUFF_BOTH,task,27,4,8,10,6,L3,L5,L6,L4,80000,600.0,145.0,207.0,252.73306075778848,54.98940742623669,149.1471812,149.2560561,459281964189500,459282073064400,2026-10-05T06:29:14.160088+00:00,2026-10-05T06:29:14.270170+00:00,
6,T007,PUFF_BOTH,task,28,4,10,12,6,L3,L6,L7,L4,80000,600.0,16.0,22.0,27.202941017470888,53.97262661489639,149.2564916,149.3559985,459282073499900,459282173006800,2026-10-05T06:29:14.271406+00:00,2026-10-05T06:29:14.370076+00:00,
6,T007,PUFF_BOTH,task,29,4,12,14,6,L3,L7,L8,L4,80000,600.0,7.0,24.0,25.0,73.73979529168804,149.3562173,149.4531067,459282173225600,459282270115000,2026-10-05T06:29:14.370076+00:00,2026-10-05T06:29:14.459745+00:00,
6,T007,PUFF_BOTH,task,30,4,14,15,6,L3,L8,R8,L4,80000,600.0,10.0,17.0,19.72308292331602,59.53445508054013,149.4533157,149.5521201,459282270324000,459282369128400,2026-10-05T06:29:14.459745+00:00,2026-10-05T06:29:14.559899+00:00,
6,T007,PUFF_BOTH,task,31,4,15,13,6,L3,R8,R7,L4,80000,600.0,-2.0,7.0,7.280109889280518,105.94539590092286,149.5523402,149.6480359,459282369348500,459282465044200,2026-10-05T06:29:14.559899+00:00,2026-10-05T06:29:14.659987+00:00,
6,T007,PUFF_BOTH,task,32,4,13,11,6,L3,R7,R6,L4,80000,600.0,4.0,24.0,24.331050121192877,80.53767779197439,149.6482628,149.746986,459282465271100,459282563994300,2026-10-05T06:29:14.663392+00:00,2026-10-05T06:29:14.759799+00:00,
6,T007,PUFF_BOTH,task,33,4,11,9,6,L3,R6,R5,L4,80000,600.0,-12.0,-7.0,13.892443989449804,-149.74356283647072,149.7472343,149.8450504,459282564242600,459282662058700,2026-10-05T06:29:14.759799+00:00,2026-10-05T06:29:14.859917+00:00,
6,T007,PUFF_BOTH,task,34,4,9,7,6,L3,R5,R4,L4,80000,600.0,37.0,42.0,55.97320787662612,48.62148470411734,149.8452706,149.9441106,459282662278900,459282761118900,2026-10-05T06:29:14.859917+00:00,2026-10-05T06:29:14.955151+00:00,
6,T007,PUFF_BOTH,task,35,4,7,5,6,L3,R4,R3,L4,80000,600.0,-50.0,-27.0,56.824290580701486,-151.6309537067214,149.9443144,150.0432358,459282761322700,459282860244100,2026-10-05T06:29:14.955151+00:00,2026-10-05T06:29:15.052752+00:00,
6,T007,PUFF_BOTH,task,36,4,5,3,6,L3,R3,R2,L4,80000,600.0,-18.0,1.0,18.027756377319946,176.82016988013575,150.0434409,150.1441059,459282860449200,459282961114200,2026-10-05T06:29:15.052752+00:00,2026-10-05T06:29:15.155047+00:00,
6,T007,PUFF_BOTH,task,37,4,3,1,6,L3,R2,R1,L4,80000,600.0,37.0,-7.0,37.656340767525464,-10.713123022791036,150.1443134,150.2421139,459282961321700,459283059122200,2026-10-05T06:29:15.155047+00:00,2026-10-05T06:29:15.251091+00:00,
6,T007,PUFF_BOTH,task,38,4,1,0,6,L3,R1,L1,L4,80000,600.0,-94.0,-76.0,120.88010589009261,-141.04409216224113,150.2423331,150.3411156,459283059341400,459283158123900,2026-10-05T06:29:15.251091+00:00,2026-10-05T06:29:15.354201+00:00,
6,T007,PUFF_BOTH,task,39,6,0,2,8,L4,L1,L2,L5,80000,600.0,-60.0,-49.0,77.46612162745726,-140.76263288659845,150.3413265,150.4382021,459283158334800,459283255210400,2026-10-05T06:29:15.354201+00:00,2026-10-05T06:29:15.451707+00:00,
6,T007,PUFF_BOTH,task,40,6,2,4,8,L4,L2,L3,L5,80000,600.0,125.0,203.0,238.39882550046258,58.37675282985145,150.4384175,150.5369772,459283255425800,459283353985500,2026-10-05T06:29:15.451707+00:00,2026-10-05T06:29:15.550158+00:00,
6,T007,PUFF_BOTH,task,41,6,10,12,8,L4,L6,L7,L5,80000,600.0,-84.0,-155.0,176.2980430974774,-118.45483547778984,150.5371999,150.6349836,459283354208200,459283451991900,2026-10-05T06:29:15.550158+00:00,2026-10-05T06:29:15.650154+00:00,
6,T007,PUFF_BOTH,task,42,6,12,14,8,L4,L7,L8,L5,80000,600.0,-44.0,-52.0,68.11754546370561,-130.2363583092738,150.6352137,150.7359688,459283452222000,459283552977100,2026-10-05T06:29:15.650154+00:00,2026-10-05T06:29:15.749909+00:00,
6,T007,PUFF_BOTH,task,43,6,14,15,8,L4,L8,R8,L5,80000,600.0,-25.0,-33.0,41.400483088968905,-127.14668669802178,150.7361554,150.8341636,459283553163700,459283651171900,2026-10-05T06:29:15.749909+00:00,2026-10-05T06:29:15.849189+00:00,
6,T007,PUFF_BOTH,task,44,6,15,13,8,L4,R8,R7,L5,80000,600.0,-17.0,-12.0,20.808652046684813,-144.78240703180728,150.83438,150.9341195,459283651388300,459283751127800,2026-10-05T06:29:15.849189+00:00,2026-10-05T06:29:15.940189+00:00,
6,T007,PUFF_BOTH,task,45,6,13,11,8,L4,R7,R6,L5,80000,600.0,-19.0,-12.0,22.47220505424423,-147.72435568542238,150.9343368,151.0341072,459283751345100,459283851115500,2026-10-05T06:29:15.940189+00:00,2026-10-05T06:29:16.039749+00:00,
6,T007,PUFF_BOTH,task,46,6,11,9,8,L4,R6,R5,L5,80000,600.0,-4.0,-3.0,5.0,-143.13010235415598,151.0343032,151.1359939,459283851311500,459283953002200,2026-10-05T06:29:16.039749+00:00,2026-10-05T06:29:16.150085+00:00,
6,T007,PUFF_BOTH,task,47,6,9,7,8,L4,R5,R4,L5,80000,600.0,-26.0,-27.0,37.48332962798263,-133.91907581333933,151.1362351,151.2360333,459283953243400,459284053041600,2026-10-05T06:29:16.150085+00:00,2026-10-05T06:29:16.250815+00:00,
6,T007,PUFF_BOTH,task,48,6,7,5,8,L4,R4,R3,L5,80000,600.0,-1.0,34.0,34.0147027033899,91.6846843178963,151.236251,151.3349589,459284053259300,459284151967200,2026-10-05T06:29:16.250815+00:00,2026-10-05T06:29:16.349930+00:00,
6,T007,PUFF_BOTH,task,49,6,5,3,8,L4,R3,R2,L5,80000,600.0,17.0,6.0,18.027756377319946,19.44003482817619,151.3351912,151.4330665,459284152199500,459284250074800,2026-10-05T06:29:16.349930+00:00,2026-10-05T06:29:16.439909+00:00,
6,T007,PUFF_BOTH,task,50,6,3,1,8,L4,R2,R1,L5,80000,600.0,94.0,62.0,112.60550608207397,33.40782458970893,151.4332944,151.5319285,459284250302700,459284348936800,2026-10-05T06:29:16.439909+00:00,2026-10-05T06:29:16.540050+00:00,
6,T007,PUFF_BOTH,task,51,6,1,0,8,L4,R1,L1,L5,80000,600.0,-35.0,26.0,43.60045871318328,143.3929251873925,151.5321851,151.6309148,459284349193400,459284447923100,2026-10-05T06:29:16.540050+00:00,2026-10-05T06:29:16.639771+00:00,
6,T007,PUFF_BOTH,task,52,8,0,2,10,L5,L1,L2,L6,80000,600.0,-58.0,-70.0,90.9065454189081,-129.64417495714483,151.631134,151.7307214,459284448142300,459284547729700,2026-10-05T06:29:16.639771+00:00,2026-10-05T06:29:16.744122+00:00,
6,T007,PUFF_BOTH,task,53,8,2,4,10,L5,L2,L3,L6,80000,600.0,-103.0,-140.0,173.80736463107655,-126.34244852283412,151.7309866,151.8308595,459284547994900,459284647867800,2026-10-05T06:29:16.746126+00:00,2026-10-05T06:29:16.840251+00:00,
6,T007,PUFF_BOTH,task,54,8,4,6,10,L5,L3,L4,L6,80000,600.0,149.0,228.0,272.3692346796899,56.835031841008146,151.8310679,151.9280611,459284648076200,459284745069400,2026-10-05T06:29:16.840251+00:00,2026-10-05T06:29:16.939821+00:00,
6,T007,PUFF_BOTH,task,55,8,12,14,10,L5,L7,L8,L6,80000,600.0,-89.0,-139.0,165.05150711217394,-122.6309384740745,151.9282757,152.0259299,459284745284000,459284842938200,2026-10-05T06:29:16.939821+00:00,2026-10-05T06:29:17.040810+00:00,
6,T007,PUFF_BOTH,task,56,8,14,15,10,L5,L8,R8,L6,80000,600.0,-32.0,-52.0,61.05735008989499,-121.60750224624891,152.026123,152.1241256,459284843131300,459284941133900,2026-10-05T06:29:17.040810+00:00,2026-10-05T06:29:17.136226+00:00,
6,T007,PUFF_BOTH,task,57,8,15,13,10,L5,R8,R7,L6,80000,600.0,-17.0,-15.0,22.67156809750927,-138.57633437499737,152.1243573,152.2220373,459284941365600,459285039045600,2026-10-05T06:29:17.136226+00:00,2026-10-05T06:29:17.236755+00:00,
6,T007,PUFF_BOTH,task,58,8,13,11,10,L5,R7,R6,L6,80000,600.0,-7.0,-1.0,7.0710678118654755,-171.86989764584402,152.2224301,152.3430496,459285039438400,459285160057900,2026-10-05T06:29:17.236755+00:00,2026-10-05T06:29:17.356663+00:00,
6,T007,PUFF_BOTH,task,59,8,11,9,10,L5,R6,R5,L6,80000,600.0,-46.0,-4.0,46.17358552246078,-175.0302592718897,152.3433693,152.4389148,459285160377600,459285255923100,2026-10-05T06:29:17.356663+00:00,2026-10-05T06:29:17.454020+00:00,
6,T007,PUFF_BOTH,task,60,8,9,7,10,L5,R5,R4,L6,80000,600.0,-4.0,5.0,6.4031242374328485,128.6598082540901,152.4391258,152.5359923,459285256134100,459285353000600,2026-10-05T06:29:17.454020+00:00,2026-10-05T06:29:17.550748+00:00,
6,T007,PUFF_BOTH,task,61,8,7,5,10,L5,R4,R3,L6,80000,600.0,-5.0,-3.0,5.830951894845301,-149.03624346792648,152.5362248,152.6310898,459285353233100,459285448098100,2026-10-05T06:29:17.550748+00:00,2026-10-05T06:29:17.646101+00:00,
6,T007,PUFF_BOTH,task,62,8,5,3,10,L5,R3,R2,L6,80000,600.0,-2.0,-1.0,2.23606797749979,-153.434948822922,152.6313447,152.7290547,459285448353000,459285546063000,2026-10-05T06:29:17.646101+00:00,2026-10-05T06:29:17.741678+00:00,
6,T007,PUFF_BOTH,task,63,8,3,1,10,L5,R2,R1,L6,80000,600.0,38.0,9.0,39.05124837953327,13.324531261890785,152.7293016,152.8269133,459285546309900,459285643921600,2026-10-05T06:29:17.741678+00:00,2026-10-05T06:29:17.840819+00:00,
6,T007,PUFF_BOTH,task,64,8,1,0,10,L5,R1,L1,L6,80000,600.0,-57.0,-39.0,69.06518659932803,-145.61965527615513,152.8271843,152.925906,459285644192600,459285742914300,2026-10-05T06:29:17.840819+00:00,2026-10-05T06:29:17.940624+00:00,
6,T007,PUFF_BOTH,task,65,10,0,2,12,L6,L1,L2,L7,80000,600.0,-27.0,-31.0,41.10960958218893,-131.05481377096245,152.9261149,153.0300467,459285743123200,459285847055000,2026-10-05T06:29:17.940624+00:00,2026-10-05T06:29:18.037625+00:00,
6,T007,PUFF_BOTH,task,66,10,2,4,12,L6,L2,L3,L7,80000,600.0,-29.0,-33.0,43.93176527297759,-131.30861401354872,153.0303196,153.1279356,459285847327900,459285944943900,2026-10-05T06:29:18.037625+00:00,2026-10-05T06:29:18.139072+00:00,
6,T007,PUFF_BOTH,task,67,10,4,6,12,L6,L3,L4,L7,80000,600.0,24.0,33.0,40.80441152620633,53.97262661489639,153.1281493,153.2282177,459285945157600,459286045226000,2026-10-05T06:29:18.139072+00:00,2026-10-05T06:29:18.243214+00:00,
6,T007,PUFF_BOTH,task,68,10,6,8,12,L6,L4,L5,L7,80000,600.0,-105.0,-170.0,199.81241202688085,-121.70142966950573,153.2283867,153.330119,459286045395000,459286147127300,2026-10-05T06:29:18.243214+00:00,2026-10-05T06:29:18.338453+00:00,
6,T007,PUFF_BOTH,task,69,10,14,15,12,L6,L8,R8,L7,80000,600.0,-188.0,-287.0,343.09328177625395,-123.22689427273951,153.3303402,153.4302481,459286147348500,459286247256400,2026-10-05T06:29:18.338453+00:00,2026-10-05T06:29:18.433528+00:00,
6,T007,PUFF_BOTH,task,70,10,15,13,12,L6,R8,R7,L7,80000,600.0,-33.0,-59.0,67.60177512462228,-119.21924669048461,153.430474,153.5281224,459286247482300,459286345130700,2026-10-05T06:29:18.433528+00:00,2026-10-05T06:29:18.535795+00:00,
6,T007,PUFF_BOTH,task,71,10,13,11,12,L6,R7,R6,L7,80000,600.0,-44.0,-39.0,58.7962583843564,-138.4473868518652,153.5283956,153.6281936,459286345403900,459286445201900,2026-10-05T06:29:18.535795+00:00,2026-10-05T06:29:18.635017+00:00,
6,T007,PUFF_BOTH,task,72,10,11,9,12,L6,R6,R5,L7,80000,600.0,-13.0,-18.0,22.20360331117452,-125.8376529542783,153.6284083,153.7251994,459286445416600,459286542207700,2026-10-05T06:29:18.635017+00:00,2026-10-05T06:29:18.739487+00:00,
6,T007,PUFF_BOTH,task,73,10,9,7,12,L6,R5,R4,L7,80000,600.0,-5.0,-12.0,13.0,-112.61986494804043,153.7254022,153.8252494,459286542410500,459286642257700,2026-10-05T06:29:18.739487+00:00,2026-10-05T06:29:18.835586+00:00,
6,T007,PUFF_BOTH,task,74,10,7,5,12,L6,R4,R3,L7,80000,600.0,-7.0,14.0,15.652475842498529,116.56505117707799,153.8254767,153.9261965,459286642485000,459286743204800,2026-10-05T06:29:18.835586+00:00,2026-10-05T06:29:18.938217+00:00,
6,T007,PUFF_BOTH,task,75,10,5,3,12,L6,R3,R2,L7,80000,600.0,1.0,-1.0,1.4142135623730951,-45.0,153.9264038,154.0282318,459286743412100,459286845240100,2026-10-05T06:29:18.938217+00:00,2026-10-05T06:29:19.035599+00:00,
6,T007,PUFF_BOTH,task,76,10,3,1,12,L6,R2,R1,L7,80000,600.0,57.0,21.0,60.74537019394976,20.224859431168078,154.0284549,154.1282362,459286845463200,459286945244500,2026-10-05T06:29:19.035599+00:00,2026-10-05T06:29:19.136566+00:00,
6,T007,PUFF_BOTH,task,77,10,1,0,12,L6,R1,L1,L7,80000,600.0,-61.0,-27.0,66.70832032063167,-156.1247191460725,154.128431,154.2281863,459286945439300,459287045194600,2026-10-05T06:29:19.136566+00:00,2026-10-05T06:29:19.242097+00:00,
6,T007,PUFF_BOTH,task,78,12,0,2,14,L7,L1,L2,L8,80000,600.0,-15.0,-3.0,15.297058540778355,-168.6900675259798,154.2284673,154.3269703,459287045475600,459287143978600,2026-10-05T06:29:19.242097+00:00,2026-10-05T06:29:19.337185+00:00,
6,T007,PUFF_BOTH,task,79,12,2,4,14,L7,L2,L3,L8,80000,600.0,-21.0,-17.0,27.018512172212592,-141.00900595749454,154.3271841,154.4292204,459287144192400,459287246228700,2026-10-05T06:29:19.337185+00:00,2026-10-05T06:29:19.438223+00:00,
6,T007,PUFF_BOTH,task,80,12,4,6,14,L7,L3,L4,L8,80000,600.0,19.0,26.0,32.202484376209235,53.84181456019167,154.429435,154.5291155,459287246443300,459287346123800,2026-10-05T06:29:19.438223+00:00,2026-10-05T06:29:19.535389+00:00,
6,T007,PUFF_BOTH,task,81,12,6,8,14,L7,L4,L5,L8,80000,600.0,-57.0,-69.0,89.49860334105779,-129.5596679689945,154.5293166,154.6259748,459287346324900,459287442983100,2026-10-05T06:29:19.535389+00:00,2026-10-05T06:29:19.640910+00:00,
6,T007,PUFF_BOTH,task,82,12,8,10,14,L7,L5,L6,L8,80000,600.0,-99.0,-143.0,173.92527130926086,-124.69515353123397,154.6261923,154.7251171,459287443200600,459287542125400,2026-10-05T06:29:19.640910+00:00,2026-10-05T06:29:19.737701+00:00,
6,T007,PUFF_BOTH,task,83,12,15,13,14,L7,R8,R7,L8,80000,600.0,-81.0,-116.0,141.4814475470194,-124.92566726989725,154.7253161,154.8241146,459287542324400,459287641122900,2026-10-05T06:29:19.737701+00:00,2026-10-05T06:29:19.835139+00:00,
6,T007,PUFF_BOTH,task,84,12,13,11,14,L7,R7,R6,L8,80000,600.0,-50.0,-71.0,86.83893136145792,-125.15417763214744,154.8243117,154.9229723,459287641320000,459287739980600,2026-10-05T06:29:19.835139+00:00,2026-10-05T06:29:19.937628+00:00,
6,T007,PUFF_BOTH,task,85,12,11,9,14,L7,R6,R5,L8,80000,600.0,-10.0,-27.0,28.792360097775937,-110.32313682966294,154.9231679,155.0232283,459287740176200,459287840236600,2026-10-05T06:29:19.937628+00:00,2026-10-05T06:29:20.038211+00:00,
6,T007,PUFF_BOTH,task,86,12,9,7,14,L7,R5,R4,L8,80000,600.0,-6.0,-13.0,14.317821063276353,-114.77514056883193,155.0234789,155.1229859,459287840487200,459287939994200,2026-10-05T06:29:20.038211+00:00,2026-10-05T06:29:20.137520+00:00,
6,T007,PUFF_BOTH,task,87,12,7,5,14,L7,R4,R3,L8,80000,600.0,-6.0,13.0,14.317821063276353,114.77514056883193,155.1232053,155.221991,459287940213600,459288038999300,2026-10-05T06:29:20.137520+00:00,2026-10-05T06:29:20.236962+00:00,
6,T007,PUFF_BOTH,task,88,12,5,3,14,L7,R3,R2,L8,80000,600.0,1.0,-1.0,1.4142135623730951,-45.0,155.2222324,155.321985,459288039240700,459288138993300,2026-10-05T06:29:20.236962+00:00,2026-10-05T06:29:20.337047+00:00,
6,T007,PUFF_BOTH,task,89,12,3,1,14,L7,R2,R1,L8,80000,600.0,49.0,16.0,51.54609587543949,18.08344538304866,155.3221897,155.420083,459288139198000,459288237091300,2026-10-05T06:29:20.337047+00:00,2026-10-05T06:29:20.435099+00:00,
6,T007,PUFF_BOTH,task,90,12,1,0,14,L7,R1,L1,L8,80000,600.0,-58.0,-35.0,67.7421582177598,-148.89119117145486,155.4203151,155.5179647,459288237323400,459288334973000,2026-10-05T06:29:20.435099+00:00,2026-10-05T06:29:20.532150+00:00,
6,T007,PUFF_BOTH,task,91,14,0,2,15,L8,L1,L2,R8,80000,600.0,-9.0,9.0,12.727922061357855,135.0,155.5181716,155.6172332,459288335179900,459288434241500,2026-10-05T06:29:20.532150+00:00,2026-10-05T06:29:20.630373+00:00,
6,T007,PUFF_BOTH,task,92,14,2,4,15,L8,L2,L3,R8,80000,600.0,-19.0,-12.0,22.47220505424423,-147.72435568542238,155.6174531,155.7169685,459288434461400,459288533976800,2026-10-05T06:29:20.630373+00:00,2026-10-05T06:29:20.729877+00:00,
6,T007,PUFF_BOTH,task,93,14,4,6,15,L8,L3,L4,R8,80000,600.0,16.0,21.0,26.40075756488817,52.69605172201657,155.7171808,155.8141223,459288534189100,459288631130600,2026-10-05T06:29:20.729877+00:00,2026-10-05T06:29:20.819742+00:00,
6,T007,PUFF_BOTH,task,94,14,6,8,15,L8,L4,L5,R8,80000,600.0,-42.0,-45.0,61.554853586049575,-133.02506598911802,155.8143603,155.9149664,459288631368600,459288731974700,2026-10-05T06:29:20.819742+00:00,2026-10-05T06:29:20.929916+00:00,
6,T007,PUFF_BOTH,task,95,14,8,10,15,L8,L5,L6,R8,80000,600.0,-42.0,-48.0,63.7808748764079,-131.18592516570965,155.9151818,156.0111155,459288732190100,459288828123800,2026-10-05T06:29:20.929916+00:00,2026-10-05T06:29:21.020125+00:00,
6,T007,PUFF_BOTH,task,96,14,10,12,15,L8,L6,L7,R8,80000,600.0,-214.0,-287.0,358.00139664532037,-126.70985398523801,156.0113242,156.1099763,459288828332500,459288926984600,2026-10-05T06:29:21.020125+00:00,2026-10-05T06:29:21.124061+00:00,
6,T007,PUFF_BOTH,task,97,14,13,11,15,L8,R7,R6,R8,80000,600.0,-205.0,-311.0,372.4862413566439,-123.39143251133304,156.1102533,156.2081179,459288927261600,459289025126200,2026-10-05T06:29:21.124061+00:00,2026-10-05T06:29:21.220790+00:00,
6,T007,PUFF_BOTH,task,98,14,11,9,15,L8,R6,R5,R8,80000,600.0,-40.0,-77.0,86.76981041814025,-117.45099777093223,156.2083707,156.3080062,459289025379000,459289125014500,2026-10-05T06:29:21.220790+00:00,2026-10-05T06:29:21.321791+00:00,
6,T007,PUFF_BOTH,task,99,14,9,7,15,L8,R5,R4,R8,80000,600.0,-15.0,-30.0,33.54101966249684,-116.56505117707799,156.30825,156.4049926,459289125258300,459289222000900,2026-10-05T06:29:21.321791+00:00,2026-10-05T06:29:21.419308+00:00,
6,T007,PUFF_BOTH,task,100,14,7,5,15,L8,R4,R3,R8,80000,600.0,-4.0,20.0,20.396078054371138,101.30993247402021,156.4052271,156.503089,459289222235400,459289320097300,2026-10-05T06:29:21.420301+00:00,2026-10-05T06:29:21.518045+00:00,
6,T007,PUFF_BOTH,task,101,14,5,3,15,L8,R3,R2,R8,80000,600.0,-1.0,-4.0,4.123105625617661,-104.03624346792648,156.5033587,156.6041142,459289320367000,459289421122500,2026-10-05T06:29:21.518045+00:00,2026-10-05T06:29:21.611892+00:00,
6,T007,PUFF_BOTH,task,102,14,3,1,15,L8,R2,R1,R8,80000,600.0,51.0,11.0,52.172789842982326,12.171458208587472,156.604328,156.7022253,459289421336300,459289519233600,2026-10-05T06:29:21.611892+00:00,2026-10-05T06:29:21.710106+00:00,
6,T007,PUFF_BOTH,task,103,14,1,0,15,L8,R1,L1,R8,80000,600.0,-67.0,-42.0,79.07591289387686,-147.91781284393397,156.7024308,156.800118,459289519439100,459289617126300,2026-10-05T06:29:21.710106+00:00,2026-10-05T06:29:21.809921+00:00,
6,T007,PUFF_BOTH,task,104,15,0,2,13,R8,L1,L2,R7,80000,600.0,-2.0,11.0,11.180339887498949,100.30484646876603,156.8003613,156.8969711,459289617369600,459289713979400,2026-10-05T06:29:21.809921+00:00,2026-10-05T06:29:21.909872+00:00,
6,T007,PUFF_BOTH,task,105,15,2,4,13,R8,L2,L3,R7,80000,600.0,-14.0,-6.0,15.231546211727817,-156.80140948635182,156.8971812,156.9981165,459289714189500,459289815124800,2026-10-05T06:29:21.909872+00:00,2026-10-05T06:29:22.009908+00:00,
6,T007,PUFF_BOTH,task,106,15,4,6,13,R8,L3,L4,R7,80000,600.0,10.0,12.0,15.620499351813308,50.19442890773481,156.99835,157.0970143,459289815358300,459289914022600,2026-10-05T06:29:22.009908+00:00,2026-10-05T06:29:22.112049+00:00,
6,T007,PUFF_BOTH,task,107,15,6,8,13,R8,L4,L5,R7,80000,600.0,-25.0,-21.0,32.64965543462902,-139.9697407281103,157.0972415,157.1959994,459289914249800,459290013007700,2026-10-05T06:29:22.112049+00:00,2026-10-05T06:29:22.210981+00:00,
6,T007,PUFF_BOTH,task,108,15,8,10,13,R8,L5,L6,R7,80000,600.0,-17.0,-10.0,19.72308292331602,-149.53445508054014,157.1962588,157.2950577,459290013267100,459290112066000,2026-10-05T06:29:22.210981+00:00,2026-10-05T06:29:22.310046+00:00,
6,T007,PUFF_BOTH,task,109,15,10,12,13,R8,L6,L7,R7,80000,600.0,-37.0,-62.0,72.20110802473879,-120.82766229986805,157.2952853,157.3950015,459290112293600,459290212009800,2026-10-05T06:29:22.310046+00:00,2026-10-05T06:29:22.409945+00:00,
6,T007,PUFF_BOTH,task,110,15,12,14,13,R8,L7,L8,R7,80000,600.0,-92.0,-106.0,140.356688476182,-130.9555144258189,157.3952393,157.4930328,459290212247600,459290310041100,2026-10-05T06:29:22.409945+00:00,2026-10-05T06:29:22.506589+00:00,
6,T007,PUFF_BOTH,task,111,15,11,9,13,R8,R6,R5,R7,80000,600.0,-71.0,-147.0,163.24827717314508,-115.7802265740861,157.4932477,157.5931309,459290310256000,459290410139200,2026-10-05T06:29:22.506589+00:00,2026-10-05T06:29:22.602518+00:00,
6,T007,PUFF_BOTH,task,112,15,9,7,13,R8,R5,R4,R7,80000,600.0,-24.0,-47.0,52.773099207835045,-117.05059700708614,157.5933385,157.6919617,459290410346800,459290508970000,2026-10-05T06:29:22.602518+00:00,2026-10-05T06:29:22.705839+00:00,
6,T007,PUFF_BOTH,task,113,15,7,5,13,R8,R4,R3,R7,80000,600.0,-1.0,26.0,26.019223662515376,92.2025981617658,157.6921927,157.7911386,459290509201000,459290608146900,2026-10-05T06:29:22.705839+00:00,2026-10-05T06:29:22.802501+00:00,
6,T007,PUFF_BOTH,task,114,15,5,3,13,R8,R3,R2,R7,80000,600.0,-3.0,-7.0,7.615773105863909,-113.19859051364818,157.7913761,157.8910616,459290608384400,459290708069900,2026-10-05T06:29:22.802501+00:00,2026-10-05T06:29:22.905379+00:00,
6,T007,PUFF_BOTH,task,115,15,3,1,13,R8,R2,R1,R7,80000,600.0,41.0,2.0,41.048751503547585,2.792702365713283,157.8912763,157.9889862,459290708284600,459290805994500,2026-10-05T06:29:22.905379+00:00,2026-10-05T06:29:23.002666+00:00,
6,T007,PUFF_BOTH,task,116,15,1,0,13,R8,R1,L1,R7,80000,600.0,-60.0,-33.0,68.47627326307996,-151.18920625702694,157.9892045,158.0890572,459290806212800,459290906065500,2026-10-05T06:29:23.002666+00:00,2026-10-05T06:29:23.104108+00:00,
6,T007,PUFF_BOTH,task,117,13,0,2,11,R7,L1,L2,R6,80000,600.0,4.0,26.0,26.30589287593181,81.2538377374448,158.089263,158.1880204,459290906271300,459291005028700,2026-10-05T06:29:23.104108+00:00,2026-10-05T06:29:23.202875+00:00,
6,T007,PUFF_BOTH,task,118,13,2,4,11,R7,L2,L3,R6,80000,600.0,-16.0,-9.0,18.35755975068582,-150.64224645720873,158.1883092,158.2860142,459291005317500,459291103022500,2026-10-05T06:29:23.203379+00:00,2026-10-05T06:29:23.299810+00:00,
6,T007,PUFF_BOTH,task,119,13,4,6,11,R7,L3,L4,R6,80000,600.0,13.0,21.0,24.698178070456937,58.240519915187214,158.2862454,158.3821117,459291103253700,459291199120000,2026-10-05T06:29:23.299810+00:00,2026-10-05T06:29:23.395514+00:00,
6,T007,PUFF_BOTH,task,120,13,6,8,11,R7,L4,L5,R6,80000,600.0,-29.0,-31.0,42.44997055358225,-133.09084756700364,158.3823371,158.4811514,459291199345400,459291298159700,2026-10-05T06:29:23.395514+00:00,2026-10-05T06:29:23.492212+00:00,
6,T007,PUFF_BOTH,task,121,13,8,10,11,R7,L5,L6,R6,80000,600.0,-11.0,-5.0,12.083045973594572,-155.55604521958347,158.4813417,158.5781193,459291298350000,459291395127600,2026-10-05T06:29:23.492212+00:00,2026-10-05T06:29:23.590175+00:00,
6,T007,PUFF_BOTH,task,122,13,10,12,11,R7,L6,L7,R6,80000,600.0,-49.0,-49.0,69.29646455628166,-135.0,158.5783354,158.6772249,459291395343700,459291494233200,2026-10-05T06:29:23.590175+00:00,2026-10-05T06:29:23.689757+00:00,
6,T007,PUFF_BOTH,task,123,13,12,14,11,R7,L7,L8,R6,80000,600.0,-62.0,-70.0,93.50935782048768,-131.53177074108288,158.6774379,158.7752096,459291494446200,459291592217900,2026-10-05T06:29:23.689757+00:00,2026-10-05T06:29:23.790007+00:00,
6,T007,PUFF_BOTH,task,124,13,14,15,11,R7,L8,R8,R6,80000,600.0,-230.0,-307.0,383.6000521376398,-126.84002497935735,158.7754295,158.8759676,459291592437800,459291692975900,2026-10-05T06:29:23.790007+00:00,2026-10-05T06:29:23.890126+00:00,
6,T007,PUFF_BOTH,task,125,13,9,7,11,R7,R5,R4,R6,80000,600.0,-33.0,-72.0,79.20227269466452,-114.62356478616361,158.8761761,158.9751277,459291693184400,459291792136000,2026-10-05T06:29:23.890126+00:00,2026-10-05T06:29:23.990189+00:00,
6,T007,PUFF_BOTH,task,126,13,7,5,11,R7,R4,R3,R6,80000,600.0,-6.0,15.0,16.15549442140351,111.80140948635182,158.9753322,159.074975,459291792340500,459291891983300,2026-10-05T06:29:23.990189+00:00,2026-10-05T06:29:24.089972+00:00,
6,T007,PUFF_BOTH,task,127,13,5,3,11,R7,R3,R2,R6,80000,600.0,-6.0,-15.0,16.15549442140351,-111.80140948635182,159.0751794,159.1731366,459291892187700,459291990144900,2026-10-05T06:29:24.089972+00:00,2026-10-05T06:29:24.186112+00:00,
6,T007,PUFF_BOTH,task,128,13,3,1,11,R7,R2,R1,R6,80000,600.0,21.0,-22.0,30.4138126514911,-46.33221985386964,159.1733306,159.2711531,459291990338900,459292088161400,2026-10-05T06:29:24.186112+00:00,2026-10-05T06:29:24.286324+00:00,
6,T007,PUFF_BOTH,task,129,13,1,0,11,R7,R1,L1,R6,80000,600.0,-56.0,-38.0,67.67569726275453,-145.84030545433058,159.2714673,159.3689622,459292088475600,459292185970500,2026-10-05T06:29:24.286324+00:00,2026-10-05T06:29:24.379958+00:00,
6,T007,PUFF_BOTH,task,130,11,0,2,9,R6,L1,L2,R5,80000,600.0,-10.0,7.0,12.206555615733702,145.00797980144134,159.3691666,159.4659928,459292186174900,459292283001100,2026-10-05T06:29:24.379958+00:00,2026-10-05T06:29:24.480095+00:00,
6,T007,PUFF_BOTH,task,131,11,2,4,9,R6,L2,L3,R5,80000,600.0,-20.0,-13.0,23.853720883753127,-146.97613244420336,159.4662338,159.566967,459292283242100,459292383975300,2026-10-05T06:29:24.480095+00:00,2026-10-05T06:29:24.582177+00:00,
6,T007,PUFF_BOTH,task,132,11,4,6,9,R6,L3,L4,R5,80000,600.0,-1.0,-3.0,3.1622776601683795,-108.43494882292202,159.5671646,159.6649647,459292384172900,459292481973000,2026-10-05T06:29:24.582177+00:00,2026-10-05T06:29:24.679860+00:00,
6,T007,PUFF_BOTH,task,133,11,6,8,9,R6,L4,L5,R5,80000,600.0,-13.0,-12.0,17.69180601295413,-137.29061004263855,159.66517,159.7621163,459292482178300,459292579124600,2026-10-05T06:29:24.679860+00:00,2026-10-05T06:29:24.777148+00:00,
6,T007,PUFF_BOTH,task,134,11,8,10,9,R6,L5,L6,R5,80000,600.0,-48.0,2.0,48.041648597857254,177.6140559696112,159.7623282,159.8621202,459292579336500,459292679128500,2026-10-05T06:29:24.777148+00:00,2026-10-05T06:29:24.870838+00:00,
6,T007,PUFF_BOTH,task,135,11,10,12,9,R6,L6,L7,R5,80000,600.0,-16.0,-20.0,25.612496949731394,-128.6598082540901,159.8623492,159.9622465,459292679357500,459292779254800,2026-10-05T06:29:24.870838+00:00,2026-10-05T06:29:24.971394+00:00,
6,T007,PUFF_BOTH,task,136,11,12,14,9,R6,L7,L8,R5,80000,600.0,-17.0,-20.0,26.248809496813376,-130.36453657309735,159.9624668,160.0621812,459292779475100,459292879189500,2026-10-05T06:29:24.971394+00:00,2026-10-05T06:29:25.070307+00:00,
6,T007,PUFF_BOTH,task,137,11,14,15,9,R6,L8,R8,R5,80000,600.0,-46.0,-70.0,83.7615663654877,-123.31063082456082,160.0624016,160.163228,459292879409900,459292980236300,2026-10-05T06:29:25.070307+00:00,2026-10-05T06:29:25.172752+00:00,
6,T007,PUFF_BOTH,task,138,11,15,13,9,R6,R8,R7,R5,80000,600.0,-92.0,-137.0,165.0242406436097,-123.88265765615282,160.1634395,160.2632238,459292980447800,459293080232100,2026-10-05T06:29:25.172752+00:00,2026-10-05T06:29:25.271223+00:00,
6,T007,PUFF_BOTH,task,139,11,7,5,9,R6,R4,R3,R5,80000,600.0,173.0,285.0,333.3976604596979,58.74151469142543,160.2634494,160.3622545,459293080457700,459293179262800,2026-10-05T06:29:25.271223+00:00,2026-10-05T06:29:25.373175+00:00,
6,T007,PUFF_BOTH,task,140,11,5,3,9,R6,R3,R2,R5,80000,600.0,-96.0,-148.0,176.40861656959956,-122.96940390346215,160.3624551,160.4641128,459293179463400,459293281121100,2026-10-05T06:29:25.373175+00:00,2026-10-05T06:29:25.471318+00:00,
6,T007,PUFF_BOTH,task,141,11,3,1,9,R6,R2,R1,R5,80000,600.0,-28.0,-126.0,129.07362240210043,-102.52880770915151,160.4643503,160.5612305,459293281358600,459293378238800,2026-10-05T06:29:25.471318+00:00,2026-10-05T06:29:25.571558+00:00,
6,T007,PUFF_BOTH,task,142,11,1,0,9,R6,R1,L1,R5,80000,600.0,-76.0,-55.0,93.81364506296512,-144.1073343122544,160.561449,160.658135,459293378457300,459293475143300,2026-10-05T06:29:25.571558+00:00,2026-10-05T06:29:25.670032+00:00,
6,T007,PUFF_BOTH,task,143,9,0,2,7,R5,L1,L2,R4,80000,600.0,21.0,57.0,60.74537019394976,69.77514056883192,160.6583447,160.7562756,459293475353000,459293573283900,2026-10-05T06:29:25.670032+00:00,2026-10-05T06:29:25.770181+00:00,
6,T007,PUFF_BOTH,task,144,9,2,4,7,R5,L2,L3,R4,80000,600.0,-11.0,-7.0,13.038404810405298,-147.52880770915152,160.7564679,160.8559878,459293573476200,459293672996100,2026-10-05T06:29:25.770181+00:00,2026-10-05T06:29:25.870006+00:00,
6,T007,PUFF_BOTH,task,145,9,4,6,7,R5,L3,L4,R4,80000,600.0,37.0,41.0,55.226805085936306,47.93567344642118,160.8562031,160.9550512,459293673211400,459293772059500,2026-10-05T06:29:25.870006+00:00,2026-10-05T06:29:25.970226+00:00,
6,T007,PUFF_BOTH,task,146,9,6,8,7,R5,L4,L5,R4,80000,600.0,-46.0,-44.0,63.655321851358195,-136.27303002005672,160.9552832,161.0569929,459293772291500,459293874001200,2026-10-05T06:29:25.970226+00:00,2026-10-05T06:29:26.071814+00:00,
6,T007,PUFF_BOTH,task,147,9,8,10,7,R5,L5,L6,R4,80000,600.0,-15.0,4.0,15.524174696260024,165.06858282186246,161.0572569,161.1540029,459293874265200,459293971011200,2026-10-05T06:29:26.071814+00:00,2026-10-05T06:29:26.167775+00:00,
6,T007,PUFF_BOTH,task,148,9,10,12,7,R5,L6,L7,R4,80000,600.0,-17.0,-19.0,25.495097567963924,-131.82016988013575,161.1542282,161.2541097,459293971236500,459294071118000,2026-10-05T06:29:26.167775+00:00,2026-10-05T06:29:26.269113+00:00,
6,T007,PUFF_BOTH,task,149,9,12,14,7,R5,L7,L8,R4,80000,600.0,-21.0,-10.0,23.259406699226016,-154.5366549381284,161.2543124,161.3531127,459294071320700,459294170121000,2026-10-05T06:29:26.269113+00:00,2026-10-05T06:29:26.360036+00:00,
6,T007,PUFF_BOTH,task,150,9,14,15,7,R5,L8,R8,R4,80000,600.0,-26.0,-29.0,38.948684188300895,-131.8778695378843,161.3533192,161.4519635,459294170327500,459294268971800,2026-10-05T06:29:26.360036+00:00,2026-10-05T06:29:26.459726+00:00,
6,T007,PUFF_BOTH,task,151,9,15,13,7,R5,R8,R7,R4,80000,600.0,-43.0,-44.0,61.5223536610881,-134.3414568224364,161.452253,161.5501185,459294269261300,459294367126800,2026-10-05T06:29:26.459726+00:00,2026-10-05T06:29:26.560338+00:00,
6,T007,PUFF_BOTH,task,152,9,13,11,7,R5,R7,R6,R4,80000,600.0,-54.0,-59.0,79.98124780221924,-132.46644111160543,161.5503287,161.6501163,459294367337000,459294467124600,2026-10-05T06:29:26.560338+00:00,2026-10-05T06:29:26.659905+00:00,
6,T007,PUFF_BOTH,task,153,9,5,3,7,R5,R3,R2,R4,80000,600.0,152.0,196.0,248.03225596683993,52.20605700138327,161.650331,161.7491157,459294467339300,459294566124000,2026-10-05T06:29:26.659905+00:00,2026-10-05T06:29:26.759916+00:00,
6,T007,PUFF_BOTH,task,154,9,3,1,7,R5,R2,R1,R4,80000,600.0,57.0,12.0,58.249463516842795,11.888658039627975,161.7493263,161.8491217,459294566334600,459294666130000,2026-10-05T06:29:26.759916+00:00,2026-10-05T06:29:26.859890+00:00,
6,T007,PUFF_BOTH,task,155,9,1,0,7,R5,R1,L1,R4,80000,600.0,-32.0,4.0,32.2490309931942,172.8749836510982,161.8493682,161.9469866,459294666376500,459294763994900,2026-10-05T06:29:26.859890+00:00,2026-10-05T06:29:26.959738+00:00,
6,T007,PUFF_BOTH,task,156,7,0,2,5,R4,L1,L2,R3,80000,600.0,-29.0,-22.0,36.40054944640259,-142.81529354676687,161.9472227,162.0449628,459294764231000,459294861971100,2026-10-05T06:29:26.959738+00:00,2026-10-05T06:29:27.059914+00:00,
6,T007,PUFF_BOTH,task,157,7,2,4,5,R4,L2,L3,R3,80000,600.0,-12.0,-3.0,12.36931687685298,-165.96375653207352,162.0451666,162.1421109,459294862174900,459294959119200,2026-10-05T06:29:27.059914+00:00,2026-10-05T06:29:27.151582+00:00,
6,T007,PUFF_BOTH,task,158,7,4,6,5,R4,L3,L4,R3,80000,600.0,-31.0,-25.0,39.824615503479755,-141.1155035662854,162.142311,162.2389953,459294959319300,459295056003600,2026-10-05T06:29:27.151582+00:00,2026-10-05T06:29:27.252850+00:00,
6,T007,PUFF_BOTH,task,159,7,6,8,5,R4,L4,L5,R3,80000,600.0,1.0,22.0,22.02271554554524,87.39743779750019,162.2392115,162.3380839,459295056219800,459295155092200,2026-10-05T06:29:27.252850+00:00,2026-10-05T06:29:27.352888+00:00,
6,T007,PUFF_BOTH,task,160,7,8,10,5,R4,L5,L6,R3,80000,600.0,2.0,-3.0,3.605551275463989,-56.309932474020215,162.3383124,162.43496,459295155320700,459295251968300,2026-10-05T06:29:27.352888+00:00,2026-10-05T06:29:27.449883+00:00,
6,T007,PUFF_BOTH,task,161,7,10,12,5,R4,L6,L7,R3,80000,600.0,3.0,6.0,6.708203932499369,63.43494882292201,162.4352387,162.5341103,459295252247000,459295351118600,2026-10-05T06:29:27.449883+00:00,2026-10-05T06:29:27.539752+00:00,
6,T007,PUFF_BOTH,task,162,7,12,14,5,R4,L7,L8,R3,80000,600.0,-1.0,11.0,11.045361017187261,95.1944289077348,162.5343233,162.6319619,459295351331600,459295448970200,2026-10-05T06:29:27.539752+00:00,2026-10-05T06:29:27.646243+00:00,
6,T007,PUFF_BOTH,task,163,7,14,15,5,R4,L8,R8,R3,80000,600.0,9.0,16.0,18.35755975068582,60.64224645720873,162.6322003,162.7301113,459295449208600,459295547119600,2026-10-05T06:29:27.647236+00:00,2026-10-05T06:29:27.739973+00:00,
6,T007,PUFF_BOTH,task,164,7,15,13,5,R4,R8,R7,R3,80000,600.0,6.0,20.0,20.8806130178211,73.30075576600639,162.7303196,162.830003,459295547327900,459295647011300,2026-10-05T06:29:27.739973+00:00,2026-10-05T06:29:27.842127+00:00,
6,T007,PUFF_BOTH,task,165,7,13,11,5,R4,R7,R6,R3,80000,600.0,3.0,19.0,19.235384061671343,81.02737338510362,162.8301966,162.9281247,459295647204900,459295745133000,2026-10-05T06:29:27.842127+00:00,2026-10-05T06:29:27.939975+00:00,
6,T007,PUFF_BOTH,task,166,7,11,9,5,R4,R6,R5,R3,80000,600.0,187.0,261.0,321.0763149159402,54.37934503285322,162.9283756,163.0291196,459295745383900,459295846127900,2026-10-05T06:29:27.939975+00:00,2026-10-05T06:29:28.039989+00:00,
6,T007,PUFF_BOTH,task,167,7,3,1,5,R4,R2,R1,R3,80000,600.0,-260.0,-412.0,487.17963832656227,-122.25471052686716,163.0293258,163.127217,459295846334100,459295944225300,2026-10-05T06:29:28.039989+00:00,2026-10-05T06:29:28.140409+00:00,
6,T007,PUFF_BOTH,task,168,7,1,0,5,R4,R1,L1,R3,80000,600.0,-82.0,-68.0,106.5269918846862,-140.33215888165955,163.1274221,163.2269787,459295944430400,459296043987000,2026-10-05T06:29:28.140409+00:00,2026-10-05T06:29:28.240065+00:00,
6,T007,PUFF_BOTH,task,169,5,0,2,3,R3,L1,L2,R2,80000,600.0,6.0,27.0,27.65863337187866,77.47119229084849,163.2272127,163.3271378,459296044221000,459296144146100,2026-10-05T06:29:28.240065+00:00,2026-10-05T06:29:28.340190+00:00,
6,T007,PUFF_BOTH,task,170,5,2,4,3,R3,L2,L3,R2,80000,600.0,-19.0,-12.0,22.47220505424423,-147.72435568542238,163.3273446,163.4235128,459296144352900,459296240521100,2026-10-05T06:29:28.340190+00:00,2026-10-05T06:29:28.438349+00:00,
6,T007,PUFF_BOTH,task,171,5,4,6,3,R3,L3,L4,R2,80000,600.0,-18.0,2.0,18.110770276274835,173.6598082540901,163.4237415,163.5231592,459296240749800,459296340167500,2026-10-05T06:29:28.438349+00:00,2026-10-05T06:29:28.535943+00:00,
6,T007,PUFF_BOTH,task,172,5,6,8,3,R3,L4,L5,R2,80000,600.0,2.0,-8.0,8.246211251235321,-75.96375653207353,163.5233914,163.6230189,459296340399700,459296440027200,2026-10-05T06:29:28.535943+00:00,2026-10-05T06:29:28.635425+00:00,
6,T007,PUFF_BOTH,task,173,5,8,10,3,R3,L5,L6,R2,80000,600.0,-12.0,-1.0,12.041594578792296,-175.2363583092738,163.6232261,163.7212582,459296440234400,459296538266500,2026-10-05T06:29:28.635425+00:00,2026-10-05T06:29:28.736177+00:00,
6,T007,PUFF_BOTH,task,174,5,10,12,3,R3,L6,L7,R2,80000,600.0,-7.0,-8.0,10.63014581273465,-131.18592516570965,163.7214521,163.8210799,459296538460400,459296638088200,2026-10-05T06:29:28.736177+00:00,2026-10-05T06:29:28.835860+00:00,
6,T007,PUFF_BOTH,task,175,5,12,14,3,R3,L7,L8,R2,80000,600.0,-12.0,0.0,12.0,180.0,163.8212942,163.9210399,459296638302500,459296738048200,2026-10-05T06:29:28.835860+00:00,2026-10-05T06:29:28.935388+00:00,
6,T007,PUFF_BOTH,task,176,5,14,15,3,R3,L8,R8,R2,80000,600.0,-8.0,-5.0,9.433981132056603,-147.9946167919165,163.9212695,164.0210026,459296738277800,459296838010900,2026-10-05T06:29:28.936398+00:00,2026-10-05T06:29:29.036141+00:00,
6,T007,PUFF_BOTH,task,177,5,15,13,3,R3,R8,R7,R2,80000,600.0,-17.0,-9.0,19.235384061671343,-152.10272896905238,164.0212165,164.1210345,459296838224800,459296938042800,2026-10-05T06:29:29.036141+00:00,2026-10-05T06:29:29.135407+00:00,
6,T007,PUFF_BOTH,task,178,5,13,11,3,R3,R7,R6,R2,80000,600.0,-21.0,-8.0,22.47220505424423,-159.14554196042167,164.1214013,164.2191191,459296938409600,459297036127400,2026-10-05T06:29:29.136409+00:00,2026-10-05T06:29:29.230182+00:00,
6,T007,PUFF_BOTH,task,179,5,11,9,3,R3,R6,R5,R2,80000,600.0,-134.0,-146.0,198.17164277464119,-132.54596832547293,164.2194601,164.3211677,459297036468400,459297138176000,2026-10-05T06:29:29.230182+00:00,2026-10-05T06:29:29.336349+00:00,
6,T007,PUFF_BOTH,task,180,5,9,7,3,R3,R5,R4,R2,80000,600.0,173.0,209.0,271.31162894354526,50.383701676811754,164.3215657,164.4191291,459297138574000,459297236137400,2026-10-05T06:29:29.336349+00:00,2026-10-05T06:29:29.429765+00:00,
6,T007,PUFF_BOTH,task,181,5,1,0,3,R3,R1,L1,R2,80000,600.0,-56.0,-33.0,65.0,-149.48976259388445,164.4194434,164.5179678,459297236451700,459297334976100,2026-10-05T06:29:29.434544+00:00,2026-10-05T06:29:29.532286+00:00,
6,T007,PUFF_BOTH,task,182,3,0,2,1,R2,L1,L2,R1,80000,600.0,-270.0,-227.0,352.7449503536514,-139.94486629209686,164.5181844,164.6172588,459297335192700,459297434267100,2026-10-05T06:29:29.533279+00:00,2026-10-05T06:29:29.630341+00:00,
6,T007,PUFF_BOTH,task,183,3,2,4,1,R2,L2,L3,R1,80000,600.0,-26.0,2.0,26.076809620810597,175.6012946450045,164.6175353,164.7160019,459297434543600,459297533010200,2026-10-05T06:29:29.630341+00:00,2026-10-05T06:29:29.730248+00:00,
6,T007,PUFF_BOTH,task,184,3,4,6,1,R2,L3,L4,R1,80000,600.0,-15.0,-14.0,20.518284528683193,-136.97493401088198,164.7162149,164.8159702,459297533223200,459297632978500,2026-10-05T06:29:29.730248+00:00,2026-10-05T06:29:29.830197+00:00,
6,T007,PUFF_BOTH,task,185,3,6,8,1,R2,L4,L5,R1,80000,600.0,10.0,18.0,20.591260281974,60.94539590092286,164.8161853,164.9131196,459297633193600,459297730127900,2026-10-05T06:29:29.830197+00:00,2026-10-05T06:29:29.922136+00:00,
6,T007,PUFF_BOTH,task,186,3,8,10,1,R2,L5,L6,R1,80000,600.0,-22.0,3.0,22.20360331117452,172.23483398157467,164.913288,165.0269818,459297730296300,459297843990100,2026-10-05T06:29:29.922136+00:00,2026-10-05T06:29:30.040160+00:00,
6,T007,PUFF_BOTH,task,187,3,10,12,1,R2,L6,L7,R1,80000,600.0,-4.0,-1.0,4.123105625617661,-165.96375653207352,165.0272338,165.1251733,459297844242100,459297942181600,2026-10-05T06:29:30.040160+00:00,2026-10-05T06:29:30.139947+00:00,
6,T007,PUFF_BOTH,task,188,3,12,14,1,R2,L7,L8,R1,80000,600.0,-15.0,9.0,17.4928556845359,149.03624346792648,165.1254486,165.2229372,459297942456900,459298039945500,2026-10-05T06:29:30.139947+00:00,2026-10-05T06:29:30.235849+00:00,
6,T007,PUFF_BOTH,task,189,3,14,15,1,R2,L8,R8,R1,80000,600.0,-7.0,1.0,7.0710678118654755,171.86989764584402,165.2231635,165.3180202,459298040171800,459298135028500,2026-10-05T06:29:30.235849+00:00,2026-10-05T06:29:30.329975+00:00,
6,T007,PUFF_BOTH,task,190,3,15,13,1,R2,R8,R7,R1,80000,600.0,-25.0,-6.0,25.709920264364882,-166.5042667192042,165.3182399,165.416978,459298135248200,459298233986300,2026-10-05T06:29:30.329975+00:00,2026-10-05T06:29:30.430087+00:00,
6,T007,PUFF_BOTH,task,191,3,13,11,1,R2,R7,R6,R1,80000,600.0,-42.0,-9.0,42.95346318982906,-167.90524292298792,165.4172384,165.5169728,459298234246700,459298333981100,2026-10-05T06:29:30.430087+00:00,2026-10-05T06:29:30.530142+00:00,
6,T007,PUFF_BOTH,task,192,3,11,9,1,R2,R6,R5,R1,80000,600.0,-105.0,-94.0,140.92906016858268,-138.16388361888073,165.5172116,165.616048,459298334219900,459298433056300,2026-10-05T06:29:30.530142+00:00,2026-10-05T06:29:30.630154+00:00,
6,T007,PUFF_BOTH,task,193,3,9,7,1,R2,R5,R4,R1,80000,600.0,-4.0,5.0,6.4031242374328485,128.6598082540901,165.6163116,165.7139672,459298433319900,459298530975500,2026-10-05T06:29:30.630154+00:00,2026-10-05T06:29:30.722738+00:00,
6,T007,PUFF_BOTH,task,194,3,7,5,1,R2,R4,R3,R1,80000,600.0,-355.0,-298.0,463.4964940536228,-139.98867146802579,165.7142121,165.8131121,459298531220400,459298630120400,2026-10-05T06:29:30.722738+00:00,2026-10-05T06:29:30.822616+00:00,
6,T007,PUFF_BOTH,task,195,1,2,4,0,R1,L2,L3,L1,80000,600.0,10.0,22.0,24.166091947189145,65.55604521958347,165.8133338,165.9121131,459298630342100,459298729121400,2026-10-05T06:29:30.822616+00:00,2026-10-05T06:29:30.922824+00:00,
6,T007,PUFF_BOTH,task,196,1,4,6,0,R1,L3,L4,L1,80000,600.0,-16.0,-26.0,30.528675044947494,-121.60750224624891,165.912357,166.0101197,459298729365300,459298827128000,2026-10-05T06:29:30.922824+00:00,2026-10-05T06:29:31.023031+00:00,
6,T007,PUFF_BOTH,task,197,1,6,8,0,R1,L4,L5,L1,80000,600.0,7.0,31.0,31.78049716414141,77.27564431457763,166.0103317,166.1089875,459298827340000,459298925995800,2026-10-05T06:29:31.023031+00:00,2026-10-05T06:29:31.123280+00:00,
6,T007,PUFF_BOTH,task,198,1,8,10,0,R1,L5,L6,L1,80000,600.0,-7.0,-6.0,9.219544457292887,-139.39870535499554,166.1092163,166.2069939,459298926224600,459299024002200,2026-10-05T06:29:31.123280+00:00,2026-10-05T06:29:31.220162+00:00,
6,T007,PUFF_BOTH,task,199,1,10,12,0,R1,L6,L7,L1,80000,600.0,-8.0,-7.0,10.63014581273465,-138.81407483429035,166.2072409,166.3049857,459299024249200,459299121994000,2026-10-05T06:29:31.220162+00:00,2026-10-05T06:29:31.319901+00:00,
6,T007,PUFF_BOTH,task,200,1,12,14,0,R1,L7,L8,L1,80000,600.0,-13.0,-3.0,13.341664064126334,-167.0053832080835,166.3052049,166.4029875,459299122213200,459299219995800,2026-10-05T06:29:31.319901+00:00,2026-10-05T06:29:31.417666+00:00,
6,T007,PUFF_BOTH,task,201,1,14,15,0,R1,L8,R8,L1,80000,600.0,-11.0,-9.0,14.212670403551895,-140.71059313749967,166.403189,166.5011451,459299220197300,459299318153400,2026-10-05T06:29:31.417666+00:00,2026-10-05T06:29:31.516259+00:00,
6,T007,PUFF_BOTH,task,202,1,15,13,0,R1,R8,R7,L1,80000,600.0,-15.0,-7.0,16.55294535724685,-154.9831065219,166.5013931,166.6012356,459299318401400,459299418243900,2026-10-05T06:29:31.516259+00:00,2026-10-05T06:29:31.611881+00:00,
6,T007,PUFF_BOTH,task,203,1,13,11,0,R1,R7,R6,L1,80000,600.0,-8.0,3.0,8.54400374531753,159.44395478041653,166.6014807,166.7011203,459299418489000,459299518128600,2026-10-05T06:29:31.611881+00:00,2026-10-05T06:29:31.709994+00:00,
6,T007,PUFF_BOTH,task,204,1,11,9,0,R1,R6,R5,L1,80000,600.0,-27.0,-17.0,31.906112267087632,-147.80426606528675,166.7013383,166.8001378,459299518346600,459299617146100,2026-10-05T06:29:31.709994+00:00,2026-10-05T06:29:31.809769+00:00,
6,T007,PUFF_BOTH,task,205,1,9,7,0,R1,R5,R4,L1,80000,600.0,36.0,33.0,48.83646178829912,42.510447078000844,166.800334,166.8981196,459299617342300,459299715127900,2026-10-05T06:29:31.809769+00:00,2026-10-05T06:29:31.909977+00:00,
6,T007,PUFF_BOTH,task,206,1,7,5,0,R1,R4,R3,L1,80000,600.0,-47.0,-21.0,51.478150704935004,-155.92450174492117,166.8983295,166.9959919,459299715337800,459299813000200,2026-10-05T06:29:31.909977+00:00,2026-10-05T06:29:32.010041+00:00,
6,T007,PUFF_BOTH,task,207,1,5,3,0,R1,R3,R2,L1,80000,600.0,1.0,7.0,7.0710678118654755,81.86989764584403,166.9961966,167.0941245,459299813204900,459299911132800,2026-10-05T06:29:32.010041+00:00,2026-10-05T06:29:32.101574+00:00,
