task,pattern_id,drive_pair,sense_pair,rest_abs_counts,strong,dz_abs_pct,dz_re_pct,dz_im_pct,dv_abs_counts,t_after_frame_start_s
SMILE_LEFT,0,L1->L2,L3->L4,343.42393626536864,True,4.045275393592516,3.957944717653044,0.8360183143971512,13.892443989449804,0.05031275000000335
SMILE_LEFT,1,L1->L2,L4->L5,106.7379969832674,True,3.747493969394098,3.6162555955411215,-0.9830597735451592,4.0,0.15069560000000592
SMILE_LEFT,2,L1->L2,L5->L6,96.84007434941384,True,1.0326303513479829,-0.9916826615483045,0.28790786948176583,1.0,0.25063050000000686
SMILE_LEFT,3,L1->L2,L6->L7,56.462376853972415,True,5.313272602318609,-4.893350062735257,2.070263488080301,3.0,0.34960780000000824
SMILE_LEFT,4,L1->L2,L7->L8,21.095023109728988,False,24.171670668808733,-23.14606741573034,-6.966292134831462,5.0990195135927845,0.4476092500000064
SMILE_LEFT,5,L1->L2,L8->R8,7.211102550927978,False,57.17718748968657,38.46153846153847,42.30769230769231,4.123105625617661,0.5460806000000034
SMILE_LEFT,6,L1->L2,R8->R7,4.0,False,111.80339887498948,-50.0,100.0,4.47213595499958,0.6446792000000059
SMILE_LEFT,7,L1->L2,R7->R6,25.0,False,4.0,-3.2,2.4,1.0,0.743230600000004
SMILE_LEFT,8,L1->L2,R6->R5,11.40175425099138,False,0.0,0.0,0.0,0.0,0.8428184999999999
SMILE_LEFT,9,L1->L2,R5->R4,72.11102550927978,True,1.386750490563073,0.46153846153846156,1.3076923076923077,1.0,0.942821600000002
SMILE_LEFT,10,L1->L2,R4->R3,52.15361924162119,True,0.0,0.0,-0.0,0.0,1.0422198999999992
SMILE_LEFT,11,L1->L2,R3->R2,29.410882339705484,False,0.0,-0.0,0.0,0.0,1.1412175000000033
SMILE_LEFT,12,L1->L2,R2->R1,435.2470562795342,True,0.2297545694043149,-0.2195945945945946,0.06756756756756757,1.0,1.2403181000000032
SMILE_LEFT,13,L2->L3,L4->L5,290.73871431235295,True,3.3875288418641967,-3.3799051213193105,-0.22714098120171783,9.848857801796104,1.3398398
SMILE_LEFT,14,L2->L3,L5->L6,193.2174940319846,True,4.909924449664335,-4.909865266654167,0.024107358101411566,9.486832980505138,1.4396817000000013
SMILE_LEFT,15,L2->L3,L6->L7,51.07837115648854,True,14.90997644097049,-14.909927175162895,-0.038328861632809456,7.615773105863909,1.5386053000000075
SMILE_LEFT,16,L2->L3,L7->L8,22.02271554554524,False,6.421612990679355,4.742268041237113,4.329896907216495,1.4142135623730951,1.6375892000000007
SMILE_LEFT,17,L2->L3,L8->R8,18.24828759089466,False,21.91986497404764,21.62162162162162,-3.6036036036036037,4.0,1.7371551000000025
SMILE_LEFT,18,L2->L3,R8->R7,11.0,False,0.0,0.0,0.0,0.0,1.8371781500000068
SMILE_LEFT,19,L2->L3,R7->R6,7.211102550927978,False,0.0,0.0,0.0,0.0,1.9371274500000055
SMILE_LEFT,20,L2->L3,R6->R5,21.095023109728988,False,4.740454631399772,-4.719101123595506,0.44943820224719105,1.0,2.0361559000000042
SMILE_LEFT,21,L2->L3,R5->R4,4.0,False,0.0,-0.0,0.0,0.0,2.135206950000004
SMILE_LEFT,22,L2->L3,R4->R3,15.0,False,0.0,0.0,0.0,0.0,2.2337215500000056
SMILE_LEFT,23,L2->L3,R3->R2,10.04987562112089,False,0.0,0.0,-0.0,0.0,2.331654300000004
SMILE_LEFT,24,L2->L3,R2->R1,59.30430001273095,True,0.0,-0.0,0.0,0.0,2.4295774500000036
SMILE_LEFT,25,L2->L3,R1->L1,28.844410203711913,False,6.933752452815364,-5.769230769230769,-3.8461538461538463,2.0,2.52757965
SMILE_LEFT,26,L3->L4,L1->L2,370.7344062802912,True,3.982587752880578,3.8313785978289343,1.0869881551759264,14.7648230602334,2.6246613000000067
SMILE_LEFT,27,L3->L4,L5->L6,297.5987231155403,True,2.0439477920530718,-2.01433975046576,0.3466380624400158,6.082762530298219,2.7221707500000036
SMILE_LEFT,28,L3->L4,L6->L7,29.120439557122072,False,29.34022932091318,-29.245283018867923,-2.3584905660377364,8.54400374531753,2.8206798000000006
SMILE_LEFT,29,L3->L4,L7->L8,22.47220505424423,False,22.690339026742524,21.18811881188119,-8.118811881188119,5.0990195135927845,2.9208257000000017
SMILE_LEFT,30,L3->L4,L8->R8,21.470910553583888,False,16.792726449424645,16.70281995661605,1.735357917570499,3.605551275463989,3.0213383000000036
SMILE_LEFT,31,L3->L4,R8->R7,8.48528137423857,False,23.570226039551585,-16.666666666666664,16.666666666666664,2.0,3.1206909000000067
SMILE_LEFT,32,L3->L4,R7->R6,25.80697580112788,False,3.8749212914606423,-3.153153153153153,2.2522522522522523,1.0,3.2201008000000044
SMILE_LEFT,33,L3->L4,R6->R5,16.0312195418814,False,0.0,0.0,-0.0,0.0,3.319262000000002
SMILE_LEFT,34,L3->L4,R5->R4,63.89053137985315,True,1.5651771528626446,-1.4943655071043604,0.46545810877021065,1.0,3.4177394500000062
SMILE_LEFT,35,L3->L4,R4->R3,63.0,True,0.0,0.0,0.0,0.0,3.5165897999999984
SMILE_LEFT,36,L3->L4,R3->R2,16.15549442140351,False,0.0,0.0,0.0,0.0,3.6161691499999975
SMILE_LEFT,37,L3->L4,R2->R1,33.28663395418648,False,4.248592886620874,-4.1516245487364625,0.9025270758122743,1.4142135623730951,3.714727349999997
SMILE_LEFT,38,L3->L4,R1->L1,139.30183056945089,True,0.0,0.0,-0.0,0.0,3.8122293500000026
SMILE_LEFT,39,L4->L5,L1->L2,87.66413177577246,True,5.703586973049607,5.595315549772283,-1.1060507482108002,5.0,3.9096908
SMILE_LEFT,40,L4->L5,L2->L3,286.0,True,3.443656574054583,-3.4427111350188278,-0.08068854222700372,9.848857801796104,4.009231149999998
SMILE_LEFT,41,L4->L5,L6->L7,214.7091055358389,True,8.331525472734267,-8.329718004338394,-0.17353579175705,17.88854381999832,4.109675900000006
SMILE_LEFT,42,L4->L5,L7->L8,75.96051605933177,True,14.718620235236592,14.471403812824956,2.68630849220104,11.180339887498949,4.208593100000009
SMILE_LEFT,43,L4->L5,L8->R8,53.45091205957107,True,24.960591971297035,24.886244312215613,-1.9250962548127408,13.341664064126334,4.306700300000003
SMILE_LEFT,44,L4->L5,R8->R7,23.345235059857504,False,0.0,0.0,-0.0,0.0,4.405776750000008
SMILE_LEFT,45,L4->L5,R7->R6,22.360679774997898,False,0.0,0.0,-0.0,0.0,4.504187750000007
SMILE_LEFT,46,L4->L5,R6->R5,7.280109889280518,False,13.736056394868903,-3.7735849056603774,-13.20754716981132,1.0,4.602194650000001
SMILE_LEFT,47,L4->L5,R5->R4,45.60701700396552,False,0.0,0.0,-0.0,0.0,4.7013344500000045
SMILE_LEFT,48,L4->L5,R4->R3,36.069377593742864,False,0.0,0.0,0.0,0.0,4.802745199999997
SMILE_LEFT,49,L4->L5,R3->R2,16.1245154965971,False,0.0,-0.0,-0.0,0.0,4.904193499999998
SMILE_LEFT,50,L4->L5,R2->R1,126.19429464123962,True,0.0,-0.0,0.0,0.0,5.003204350000004
SMILE_LEFT,51,L4->L5,R1->L1,37.0,False,6.043426966215648,0.8035062089116143,-5.989773557341125,2.23606797749979,5.101731750000006
SMILE_LEFT,52,L5->L6,L1->L2,105.94810050208545,True,0.9438583563660172,0.8997772828507795,-0.28507795100222716,1.0,5.199740850000005
SMILE_LEFT,53,L5->L6,L2->L3,211.15160430363773,True,4.664353763390482,-4.658517438600426,-0.2332623079511047,9.848857801796104,5.2971556500000005
SMILE_LEFT,54,L5->L6,L3->L4,327.6171546180084,True,2.517026698693526,-2.4875853651719413,0.3838521237643595,8.246211251235321,5.393756950000004
SMILE_LEFT,55,L5->L6,L7->L8,211.29363454680788,True,8.688174534959343,8.65046477769067,0.8086011871430173,18.35755975068582,5.491172100000007
SMILE_LEFT,56,L5->L6,L8->R8,62.39390995922599,True,17.261828311941578,17.26175186231698,0.05137426149499078,10.770329614269007,5.590119300000005
SMILE_LEFT,57,L5->L6,R8->R7,19.6468827043885,False,5.089865985592875,4.922279792746114,-1.2953367875647668,1.0,5.689624500000001
SMILE_LEFT,58,L5->L6,R7->R6,3.1622776601683795,False,0.0,0.0,0.0,0.0,5.78868945
SMILE_LEFT,59,L5->L6,R6->R5,42.720018726587654,False,0.0,0.0,0.0,0.0,5.887254950000006
SMILE_LEFT,60,L5->L6,R5->R4,6.0,False,16.666666666666664,0.0,-16.666666666666664,1.0,5.985727300000001
SMILE_LEFT,61,L5->L6,R4->R3,8.0,False,0.0,0.0,0.0,0.0,6.094693200000002
SMILE_LEFT,62,L5->L6,R3->R2,3.1622776601683795,False,44.721359549995796,-20.0,40.0,1.4142135623730951,6.204256300000004
SMILE_LEFT,63,L5->L6,R2->R1,38.8329756778952,False,0.0,-0.0,-0.0,0.0,6.304076500000001
SMILE_LEFT,64,L5->L6,R1->L1,79.40403012442127,True,2.518763842170381,-2.505947660586836,0.253766851704996,2.0,6.4044747000000015
SMILE_LEFT,65,L6->L7,L1->L2,52.0,True,6.081303192631498,-6.06508875739645,0.4437869822485208,3.1622776601683795,6.504100550000004
SMILE_LEFT,66,L6->L7,L2->L3,55.362442142665635,True,13.025260938354938,-12.659053833605222,-3.066884176182709,7.211102550927978,6.60212640000001
SMILE_LEFT,67,L6->L7,L3->L4,45.221676218380054,False,19.778727057365952,-19.559902200489,-2.9339853300733494,8.94427190999916,6.699628400000002
SMILE_LEFT,68,L6->L7,L4->L5,247.34186867572583,True,7.974017107946127,-7.945666742946811,-0.6718101278237275,19.72308292331602,6.798109350000004
SMILE_LEFT,69,L6->L7,L8->R8,344.30509726113553,True,2.6777252299289644,2.5635618241020364,0.7735393855549746,9.219544457292887,6.897200900000001
SMILE_LEFT,70,L6->L7,R8->R7,60.41522986797286,True,3.310423554409472,-2.904109589041096,1.5890410958904109,2.0,6.997257350000005
SMILE_LEFT,71,L6->L7,R7->R6,45.880278987817846,False,11.737428206494505,-11.68646080760095,-1.0926365795724464,5.385164807134504,7.0971091999999985
SMILE_LEFT,72,L6->L7,R6->R5,23.769728648009426,False,15.168668220223594,-14.867256637168142,-3.0088495575221237,3.605551275463989,7.196244800000002
SMILE_LEFT,73,L6->L7,R5->R4,16.64331697709324,False,26.870460745022957,-26.714801444043324,2.888086642599279,4.47213595499958,7.295226149999998
SMILE_LEFT,74,L6->L7,R4->R3,13.601470508735444,False,14.704292441876154,-4.324324324324325,14.054054054054054,2.0,7.394671199999998
SMILE_LEFT,75,L6->L7,R3->R2,3.1622776601683795,False,44.721359549995796,-40.0,20.0,1.4142135623730951,7.493266800000008
SMILE_LEFT,76,L6->L7,R2->R1,61.5223536610881,True,1.6254254600023277,-1.6116248348745046,-0.21136063408190223,1.0,7.591846050000001
SMILE_LEFT,77,L6->L7,R1->L1,69.26037828369117,True,6.456990368550499,-5.5034396497811136,-3.377110694183865,4.47213595499958,7.690665900000006
SMILE_LEFT,78,L7->L8,L1->L2,19.026297590440446,False,28.303797843676215,-25.690607734806626,-11.878453038674031,5.385164807134504,7.789180050000006
SMILE_LEFT,79,L7->L8,L2->L3,29.427877939124322,False,7.598468303169562,7.274826789838337,2.1939953810623556,2.23606797749979,7.886715250000002
SMILE_LEFT,80,L7->L8,L3->L4,31.622776601683793,False,14.142135623730953,14.000000000000002,2.0,4.47213595499958,7.983784700000001
SMILE_LEFT,81,L7->L8,L4->L5,100.56838469419701,True,12.01475593978769,11.963614791378287,1.1073759145738578,12.083045973594572,8.08239545
SMILE_LEFT,82,L7->L8,L5->L6,221.65288177689007,True,8.476449337107079,8.473437818033787,0.22593120293099922,18.788294228055936,8.182436950000003
SMILE_LEFT,83,L7->L8,R8->R7,147.73286702694156,True,12.843225981358714,12.783505154639178,-1.2371134020618555,18.973665961010276,8.281744300000007
SMILE_LEFT,84,L7->L8,R7->R6,75.15317691222374,True,9.687028796910912,9.560906515580736,-1.5580736543909346,7.280109889280518,8.379142899999998
SMILE_LEFT,85,L7->L8,R6->R5,28.0178514522438,False,14.71599502426323,13.757961783439491,-5.222929936305732,4.123105625617661,8.475618700000005
SMILE_LEFT,86,L7->L8,R5->R4,17.88854381999832,False,12.5,-12.5,0.0,2.23606797749979,8.573101000000001
SMILE_LEFT,87,L7->L8,R4->R3,13.0,False,15.384615384615385,-5.9171597633136095,14.201183431952662,2.0,8.670051750000006
SMILE_LEFT,88,L7->L8,R3->R2,2.23606797749979,False,44.721359549995796,20.0,-40.0,1.0,8.76655015
SMILE_LEFT,89,L7->L8,R2->R1,56.32051136131489,True,8.877760302855435,-6.494325346784362,-6.05296343001261,5.0,8.8646259
SMILE_LEFT,90,L7->L8,R1->L1,74.02702209328699,True,3.020610466650885,2.737226277372263,1.2773722627737227,2.23606797749979,8.963302550000002
SMILE_LEFT,91,L8->R8,L1->L2,8.54400374531753,False,42.199785755477706,-9.58904109589041,41.0958904109589,3.605551275463989,9.062799200000008
SMILE_LEFT,92,L8->R8,L2->L3,26.30589287593181,False,12.021175920858623,11.849710982658959,2.0231213872832368,3.1622776601683795,9.1622263
SMILE_LEFT,93,L8->R8,L3->L4,31.016124838541646,False,13.293426071377413,13.201663201663202,-1.5592515592515592,4.123105625617661,9.261242200000005
SMILE_LEFT,94,L8->R8,L4->L5,74.63243262818116,True,18.224610976434306,18.22262118491921,-0.2692998204667865,13.601470508735444,9.359180650000006
SMILE_LEFT,95,L8->R8,L5->L6,65.14598989960932,True,16.532605661324975,16.49387370405278,1.1310084825636193,10.770329614269007,9.456692300000007
SMILE_LEFT,96,L8->R8,L6->L7,358.39782365410645,True,1.972966169205826,1.8178421007559422,0.76684131445165,7.0710678118654755,9.555242100000008
SMILE_LEFT,97,L8->R8,R7->R6,382.602927328059,True,5.13505812451416,5.059944666461727,-0.8750896608259043,19.6468827043885,9.653671150000001
SMILE_LEFT,98,L8->R8,R6->R5,87.32124598286491,True,6.16707279714176,6.111475409836065,-0.8262295081967211,5.385164807134504,9.751156250000001
SMILE_LEFT,99,L8->R8,R5->R4,46.95742752749558,False,9.523809523809526,9.523809523809526,0.0,4.47213595499958,9.850285500000005
SMILE_LEFT,100,L8->R8,R4->R3,22.80350850198276,False,4.3852900965351465,2.6923076923076925,-3.4615384615384617,1.0,9.950711700000006
SMILE_LEFT,101,L8->R8,R3->R2,8.602325267042627,False,11.624763874381928,9.45945945945946,-6.756756756756757,1.0,10.04913175
SMILE_LEFT,102,L8->R8,R2->R1,47.80167361086848,False,2.0919769632765197,-2.013129102844639,-0.5689277899343544,1.0,10.147211650000003
SMILE_LEFT,103,L8->R8,R1->L1,88.36288813749809,True,3.578739589461676,3.483606557377049,0.8196721311475409,3.1622776601683795,10.246706600000003
SMILE_LEFT,104,R8->R7,L1->L2,10.816653826391969,False,33.333333333333336,-30.76923076923077,12.820512820512823,3.605551275463989,10.346188500000004
SMILE_LEFT,105,R8->R7,L2->L3,16.0,False,0.0,0.0,0.0,0.0,10.444756350000006
SMILE_LEFT,106,R8->R7,L3->L4,17.72004514666935,False,7.980868844676222,-7.0063694267515935,-3.821656050955414,1.4142135623730951,10.543775900000007
SMILE_LEFT,107,R8->R7,L4->L5,37.8549864614954,False,0.0,0.0,-0.0,0.0,10.643304800000003
SMILE_LEFT,108,R8->R7,L5->L6,19.1049731745428,False,5.234239225902137,5.205479452054795,-0.547945205479452,1.0,10.741716600000004
SMILE_LEFT,109,R8->R7,L6->L7,66.18912297349165,True,3.0216445091756055,-2.6934489842501708,1.369550330974663,2.0,10.840703850000004
SMILE_LEFT,110,R8->R7,L7->L8,149.9399879951976,True,12.880625224837647,12.876968241259673,0.3069121964238054,19.313207915827967,10.940745300000003
SMILE_LEFT,111,R8->R7,R6->R5,209.50656314301946,True,4.269208456201614,-4.264916957145788,0.19137447884628517,8.94427190999916,11.039119500000005
SMILE_LEFT,112,R8->R7,R5->R4,60.8276253029822,True,2.324952774876386,-2.2162162162162167,-0.7027027027027027,1.4142135623730951,11.140157300000006
SMILE_LEFT,113,R8->R7,R4->R3,24.08318915758459,False,5.872202195147034,5.862068965517241,-0.34482758620689674,1.4142135623730951,11.241749250000005
SMILE_LEFT,114,R8->R7,R3->R2,10.295630140987,False,9.712858623572641,-8.49056603773585,4.716981132075471,1.0,11.339175150000003
SMILE_LEFT,115,R8->R7,R2->R1,36.6742416417845,False,6.097107608496924,3.717472118959108,4.83271375464684,2.23606797749979,11.436658450000003
SMILE_LEFT,116,R8->R7,R1->L1,74.00675644831355,True,1.91092493475347,-1.3328464487858318,1.3693627898484573,1.4142135623730951,11.535650750000002
SMILE_LEFT,117,R7->R6,L1->L2,25.45584412271571,False,0.0,0.0,0.0,0.0,11.635131700000002
SMILE_LEFT,118,R7->R6,L2->L3,20.024984394500787,False,4.993761694389223,-4.987531172069825,0.24937655860349126,1.0,11.733706450000007
SMILE_LEFT,119,R7->R6,L3->L4,26.40075756488817,False,0.0,-0.0,0.0,0.0,11.832166200000003
SMILE_LEFT,120,R7->R6,L4->L5,46.84015371452148,False,2.13492040631365,0.5925250683682771,2.051048313582498,1.0,11.931600600000003
SMILE_LEFT,121,R7->R6,L5->L6,11.045361017187261,False,9.053574604251851,-9.016393442622949,-0.8196721311475409,1.0,12.030115100000003
SMILE_LEFT,122,R7->R6,L6->L7,58.9406481131655,True,10.320148700467923,-10.276338514680486,0.9499136442141624,6.082762530298219,12.127628000000001
SMILE_LEFT,123,R7->R6,L7->L8,80.95677859203639,True,10.185942912563583,10.161733292645712,-0.7018614586512053,8.246211251235321,12.226227450000003
SMILE_LEFT,124,R7->R6,L8->R8,391.86222068477076,True,5.45537620061335,5.370027872567663,-0.9612128474302534,21.37755832643195,12.32523955
SMILE_LEFT,125,R7->R6,R5->R4,106.06601717798213,True,2.1081851067789197,-2.106666666666667,0.07999999999999993,2.23606797749979,12.424160400000005
SMILE_LEFT,126,R7->R6,R4->R3,15.264337522473747,False,9.264821092241588,-9.012875536480685,2.1459227467811157,1.4142135623730951,12.52369445
SMILE_LEFT,127,R7->R6,R3->R2,22.825424421026653,False,4.381079543383234,-3.8387715930902107,2.111324376199616,1.0,12.623727300000006
SMILE_LEFT,128,R7->R6,R2->R1,28.442925306655784,False,3.5158127696731496,-3.4610630407911,0.6180469715698393,1.0,12.723806200000006
SMILE_LEFT,129,R7->R6,R1->L1,79.40403012442127,True,2.518763842170381,-2.505947660586836,0.253766851704996,2.0,12.824765450000008
SMILE_LEFT,130,R6->R5,L1->L2,10.295630140987,False,9.712858623572641,-8.49056603773585,4.716981132075471,1.0,12.925292599999999
SMILE_LEFT,131,R6->R5,L2->L3,26.076809620810597,False,3.8348249442368525,-3.823529411764706,0.2941176470588236,1.0,13.02479245
SMILE_LEFT,132,R6->R5,L3->L4,5.830951894845301,False,0.0,0.0,-0.0,0.0,13.123792600000002
SMILE_LEFT,133,R6->R5,L4->L5,19.4164878389476,False,0.0,0.0,-0.0,0.0,13.221814900000005
SMILE_LEFT,134,R6->R5,L5->L6,43.46262762420146,False,2.3008272961461866,-2.1175224986765486,-0.8999470619375332,1.0,13.320768750000006
SMILE_LEFT,135,R6->R5,L6->L7,26.248809496813376,False,12.04731841477337,-12.046444121915819,-0.1451378809869375,3.1622776601683795,13.420153300000003
SMILE_LEFT,136,R6->R5,L7->L8,25.298221281347036,False,12.5,12.5,2.0816681711721685e-16,3.1622776601683795,13.51858085
SMILE_LEFT,137,R6->R5,L8->R8,84.30895563343196,True,6.048016459559623,5.936972425436129,-1.1536297129994373,5.0990195135927845,13.617115149999997
SMILE_LEFT,138,R6->R5,R8->R7,202.2325394193526,True,4.69105170104851,-4.6799354491662175,0.32275416890801495,9.486832980505138,13.714670900000009
SMILE_LEFT,139,R6->R5,R4->R3,394.62007044751283,True,0.25340829696420797,-0.09632364745545031,-0.23438754214159577,1.0,13.812138600000004
SMILE_LEFT,140,R6->R5,R3->R2,213.55093069335942,True,0.662237133681137,-0.6095956495044295,-0.2587492325234629,1.4142135623730951,13.91013625
SMILE_LEFT,141,R6->R5,R2->R1,145.6605643267937,True,1.3730552323777507,1.1217419993401516,-0.791817881887166,2.0,14.007129800000001
SMILE_LEFT,142,R6->R5,R1->L1,107.67079455451233,True,1.857513923134863,-1.8459415164323298,0.20702147847839214,2.0,14.105195850000008
SMILE_LEFT,143,R5->R4,L1->L2,69.83552104767315,True,1.4319360477275611,-0.6971498872257536,-1.2507689153167931,1.0,14.204155950000008
SMILE_LEFT,144,R5->R4,L2->L3,14.035668847618199,False,7.124704998790965,7.1065989847715745,-0.5076142131979696,1.0,14.302708200000005
SMILE_LEFT,145,R5->R4,L3->L4,62.6418390534633,True,2.257618204928654,-1.987767584097859,-1.0703363914373087,1.4142135623730951,14.401132700000005
SMILE_LEFT,146,R5->R4,L4->L5,73.97972695272672,True,1.35172166915269,-1.3155490590169925,0.3106157500456788,1.0,14.500134699999997
SMILE_LEFT,147,R5->R4,L5->L6,13.45362404707371,False,7.432941462471663,-5.524861878453039,-4.972375690607735,1.0,14.5985954
SMILE_LEFT,148,R5->R4,L6->L7,28.861739379323623,False,13.85917857350474,-13.445378151260504,3.361344537815126,4.0,14.696075100000002
SMILE_LEFT,149,R5->R4,L7->L8,26.019223662515376,False,7.686624420240879,-7.680945347119645,-0.29542097488921715,2.0,14.793620000000004
SMILE_LEFT,150,R5->R4,L8->R8,52.172789842982326,True,9.583539647865967,9.368111682586333,-2.020573108008817,5.0,14.8921092
SMILE_LEFT,151,R5->R4,R8->R7,66.49060083951716,True,3.0079439420727057,-2.940511196561864,0.6333408731056323,2.0,14.989622450000006
SMILE_LEFT,152,R5->R4,R7->R6,101.53324578678651,True,2.20230128582257,-2.1728586671840135,-0.3589096905616452,2.23606797749979,15.087130200000004
SMILE_LEFT,153,R5->R4,R3->R2,292.5149568825499,True,1.0810652876933375,-1.0810494945363176,-0.005843510781277373,3.1622776601683795,15.185151050000009
SMILE_LEFT,154,R5->R4,R2->R1,67.68308503607086,True,2.954948047852908,-2.881466928618206,-0.6548788474132285,2.0,15.28221165
SMILE_LEFT,155,R5->R4,R1->L1,31.304951684997057,False,3.1943828249996997,-2.857142857142857,-1.4285714285714286,1.0,15.379200099999998
SMILE_LEFT,156,R4->R3,L1->L2,44.181444068749045,False,4.526787302125926,-4.508196721311474,0.40983606557377045,2.0,15.476643100000004
SMILE_LEFT,157,R4->R3,L2->L3,11.40175425099138,False,0.0,0.0,0.0,0.0,15.574138650000002
SMILE_LEFT,158,R4->R3,L3->L4,47.51841748206689,False,4.2088943739651805,-4.162976085031001,0.6200177147918512,2.0,15.671112600000008
SMILE_LEFT,159,R4->R3,L4->L5,25.0,False,8.944271909999157,-8.799999999999999,1.6,2.23606797749979,15.767575550000004
SMILE_LEFT,160,R4->R3,L5->L6,3.605551275463989,False,0.0,0.0,-0.0,0.0,15.863586150000003
SMILE_LEFT,161,R4->R3,L6->L7,5.830951894845301,False,34.29971702850177,-29.411764705882355,17.647058823529413,2.0,15.9606317
SMILE_LEFT,162,R4->R3,L7->L8,12.041594578792296,False,16.609095970747994,-12.413793103448276,11.03448275862069,2.0,16.0586598
SMILE_LEFT,163,R4->R3,L8->R8,21.470910553583888,False,4.657464328326222,2.1691973969631233,4.1214750542299345,1.0,16.1567394
SMILE_LEFT,164,R4->R3,R8->R7,20.591260281974,False,4.856429311786321,4.245283018867925,-2.3584905660377355,1.0,16.2547159
SMILE_LEFT,165,R4->R3,R7->R6,21.470910553583888,False,4.657464328326222,-4.1214750542299345,2.1691973969631233,1.0,16.3531032
SMILE_LEFT,166,R4->R3,R6->R5,376.36418533117626,True,0.26570009553912904,-0.0797740910695376,-0.25344158136251327,1.0,16.452087800000008
SMILE_LEFT,167,R4->R3,R2->R1,562.8943062422998,True,1.0806225010348345,1.066435221713745,-0.17453053495344797,6.082762530298219,16.550097300000004
SMILE_LEFT,168,R4->R3,R1->L1,123.79418403139947,True,1.6155847834440389,-1.5921696574225126,0.2740619902120718,2.0,16.646573100000005
SMILE_LEFT,169,R3->R2,L1->L2,30.805843601498726,False,4.5907314880488865,0.737618545837724,-4.531085353003162,1.4142135623730951,16.7436138
SMILE_LEFT,170,R3->R2,L2->L3,25.019992006393608,False,3.9968038348871575,-0.1597444089456869,-3.993610223642172,1.0,16.8427615
SMILE_LEFT,171,R3->R2,L3->L4,16.1245154965971,False,0.0,0.0,0.0,0.0,16.941808200000004
SMILE_LEFT,172,R3->R2,L4->L5,8.48528137423857,False,0.0,-0.0,-0.0,0.0,17.039188150000008
SMILE_LEFT,173,R3->R2,L5->L6,10.770329614269007,False,0.0,0.0,0.0,0.0,17.13761935
SMILE_LEFT,174,R3->R2,L6->L7,13.341664064126334,False,16.760038078849774,-16.292134831460675,-3.932584269662921,2.23606797749979,17.237603300000004
SMILE_LEFT,175,R3->R2,L7->L8,10.295630140987,False,0.0,0.0,0.0,0.0,17.33713865
SMILE_LEFT,176,R3->R2,L8->R8,15.033296378372908,False,13.303802104754785,13.274336283185843,0.8849557522123894,2.0,17.435615650000003
SMILE_LEFT,177,R3->R2,R8->R7,19.026297590440446,False,5.255883312276366,-5.248618784530387,-0.2762430939226519,1.0,17.533635550000007
SMILE_LEFT,178,R3->R2,R7->R6,25.019992006393608,False,5.6523341894422146,-3.8338658146964857,-4.15335463258786,1.4142135623730951,17.63270945
SMILE_LEFT,179,R3->R2,R6->R5,233.85465571589546,True,0.6047403922935748,-0.5119953188999415,-0.32182562902282036,1.4142135623730951,17.733759150000004
SMILE_LEFT,180,R3->R2,R5->R4,319.513692977312,True,1.290431589080733,-1.2900508379942994,0.031345198797128014,4.123105625617661,17.8326585
SMILE_LEFT,181,R3->R2,R1->L1,74.16872656315464,True,1.3482771598464758,-1.3452099618251228,0.09089256498818397,1.0,17.930201150000002
SMILE_LEFT,182,R2->R1,L1->L2,381.63464203345063,True,0.5859185019434888,-0.23138453087987917,0.5382951697620928,2.23606797749979,18.02973325
SMILE_LEFT,183,R2->R1,L2->L3,20.808652046684813,False,4.805693313322127,3.9260969976905304,2.771362586605081,1.0,18.1285923
SMILE_LEFT,184,R2->R1,L3->L4,22.0,False,0.0,0.0,0.0,0.0,18.226663750000007
SMILE_LEFT,185,R2->R1,L4->L5,20.615528128088304,False,4.85071250072666,4.705882352941177,-1.1764705882352942,1.0,18.32522735
SMILE_LEFT,186,R2->R1,L5->L6,21.2602916254693,False,4.703604341917987,3.5398230088495577,3.0973451327433628,1.0,18.423239799999998
SMILE_LEFT,187,R2->R1,L6->L7,7.615773105863909,False,18.56953381770518,-17.241379310344826,6.89655172413793,1.4142135623730951,18.521243849999998
SMILE_LEFT,188,R2->R1,L7->L8,14.317821063276353,False,25.182262437346942,-9.26829268292683,23.414634146341466,3.605551275463989,18.62075945
SMILE_LEFT,189,R2->R1,L8->R8,14.422205101855956,False,15.504341823651057,15.384615384615385,1.923076923076923,2.23606797749979,18.721783200000004
SMILE_LEFT,190,R2->R1,R8->R7,23.40939982143925,False,8.54357657716761,-8.02919708029197,-2.9197080291970803,2.0,18.821754300000002
SMILE_LEFT,191,R2->R1,R7->R6,37.64306044943742,False,2.656532141809275,-2.540578687367678,-0.776287932251235,1.0,18.919348250000006
SMILE_LEFT,192,R2->R1,R6->R5,153.46986674914396,True,0.0,0.0,-0.0,0.0,19.01777760000001
SMILE_LEFT,193,R2->R1,R5->R4,8.602325267042627,False,11.624763874381928,-9.45945945945946,6.756756756756757,1.0,19.117112150000004
SMILE_LEFT,194,R2->R1,R4->R3,502.7255712612996,True,1.0142749454338953,1.003826172284585,0.14521253655043068,5.0990195135927845,19.216199300000007
SMILE_LEFT,195,R1->L1,L2->L3,27.313000567495326,False,3.6612601296910627,3.351206434316354,-1.4745308310991958,1.0,19.3157388
SMILE_LEFT,196,R1->L1,L3->L4,34.785054261852174,False,0.0,0.0,-0.0,0.0,19.41576150000001
SMILE_LEFT,197,R1->L1,L4->L5,31.38470965295043,False,4.506059090593329,4.365482233502538,1.116751269035533,1.4142135623730951,19.514697849999997
SMILE_LEFT,198,R1->L1,L5->L6,11.180339887498949,False,0.0,0.0,-0.0,0.0,19.613679100000006
SMILE_LEFT,199,R1->L1,L6->L7,12.0,False,25.0,-25.0,-0.0,3.0,19.712779700000006
SMILE_LEFT,200,R1->L1,L7->L8,12.36931687685298,False,18.07753815155468,13.725490196078432,11.76470588235294,2.23606797749979,19.811320650000006
SMILE_LEFT,201,R1->L1,L8->R8,21.02379604162864,False,19.026059766179763,19.004524886877828,-0.9049773755656108,4.0,19.909829950000002
SMILE_LEFT,202,R1->L1,R8->R7,15.033296378372908,False,0.0,0.0,0.0,0.0,20.008213400000002
SMILE_LEFT,203,R1->L1,R7->R6,5.0,False,20.0,16.0,12.0,1.0,20.106677150000003
SMILE_LEFT,204,R1->L1,R6->R5,35.0,False,0.0,0.0,0.0,0.0,20.20475100000001
SMILE_LEFT,205,R1->L1,R5->R4,51.478150704935004,True,1.9425717247145282,-1.9245283018867922,0.2641509433962264,1.0,20.302698
SMILE_LEFT,206,R1->L1,R4->R3,53.23532661682466,True,1.8784518919133617,-1.8701482004234298,-0.17642907551164436,1.0,20.400624900000004
SMILE_LEFT,207,R1->L1,R3->R2,5.830951894845301,False,0.0,-0.0,0.0,0.0,20.4996114
SMILE_RIGHT,0,L1->L2,L3->L4,343.42393626536864,True,0.9208087515847588,0.9208071900966593,0.0016957775139901854,3.1622776601683795,0.04980170000000328
SMILE_RIGHT,1,L1->L2,L4->L5,106.7379969832674,True,0.0,0.0,-0.0,0.0,0.1488301499999949
SMILE_RIGHT,2,L1->L2,L5->L6,96.84007434941384,True,2.0652607026959657,1.983365323096609,-0.5758157389635317,2.0,0.24695200000000028
SMILE_RIGHT,3,L1->L2,L6->L7,56.462376853972415,True,0.0,0.0,-0.0,0.0,0.34592084999999884
SMILE_RIGHT,4,L1->L2,L7->L8,21.095023109728988,False,19.545395158709695,-18.426966292134832,-6.51685393258427,4.123105625617661,0.4452944499999987
SMILE_RIGHT,5,L1->L2,L8->R8,7.211102550927978,False,31.008683647302114,-30.76923076923077,-3.846153846153846,2.23606797749979,0.5442235000000011
SMILE_RIGHT,6,L1->L2,R8->R7,4.0,False,167.70509831248424,-75.0,150.0,6.708203932499369,0.6432231000000002
SMILE_RIGHT,7,L1->L2,R7->R6,25.0,False,4.0,-3.2,2.4,1.0,0.7433003000000014
SMILE_RIGHT,8,L1->L2,R6->R5,11.40175425099138,False,36.162028533978955,31.538461538461544,17.692307692307693,4.123105625617661,0.8432437499999992
SMILE_RIGHT,9,L1->L2,R5->R4,72.11102550927978,True,3.1008683647302115,3.0769230769230775,0.3846153846153846,2.23606797749979,0.942685449999999
SMILE_RIGHT,10,L1->L2,R4->R3,52.15361924162119,True,1.9174124721184262,1.911764705882353,-0.1470588235294118,1.0,1.0467972499999973
SMILE_RIGHT,11,L1->L2,R3->R2,29.410882339705484,False,0.0,-0.0,0.0,0.0,1.1503788499999956
SMILE_RIGHT,12,L1->L2,R2->R1,435.2470562795342,True,0.2297545694043149,-0.06756756756756757,-0.2195945945945946,1.0,1.2493320999999966
SMILE_RIGHT,13,L2->L3,L4->L5,290.73871431235295,True,2.504004293511179,-2.4973677672751364,0.18218599533887772,7.280109889280518,1.3477152999999973
SMILE_RIGHT,14,L2->L3,L5->L6,193.2174940319846,True,1.1572802911570927,-1.1464388074893526,-0.15803712533147618,2.23606797749979,1.4451397499999956
SMILE_RIGHT,15,L2->L3,L6->L7,51.07837115648854,True,2.7687131174178914,-2.5680337293982367,-1.0348792640858566,1.4142135623730951,1.5432235500000004
SMILE_RIGHT,16,L2->L3,L7->L8,22.02271554554524,False,4.540766091864998,-4.536082474226804,0.2061855670103093,1.0,1.6402615499999982
SMILE_RIGHT,17,L2->L3,L8->R8,18.24828759089466,False,5.47996624351191,5.405405405405405,-0.9009009009009009,1.0,1.7371899500000012
SMILE_RIGHT,18,L2->L3,R8->R7,11.0,False,9.090909090909092,0.0,9.090909090909092,1.0,1.8352640499999993
SMILE_RIGHT,19,L2->L3,R7->R6,7.211102550927978,False,31.008683647302114,-15.384615384615389,-26.923076923076923,2.23606797749979,1.9327439500000025
SMILE_RIGHT,20,L2->L3,R6->R5,21.095023109728988,False,4.740454631399772,-0.44943820224719105,-4.719101123595506,1.0,2.0312516999999986
SMILE_RIGHT,21,L2->L3,R5->R4,4.0,False,25.0,25.0,-0.0,1.0,2.1310179000000034
SMILE_RIGHT,22,L2->L3,R4->R3,15.0,False,6.666666666666668,4.0,-5.333333333333334,1.0,2.230957250000003
SMILE_RIGHT,23,L2->L3,R3->R2,10.04987562112089,False,9.950371902099892,-0.9900990099009903,-9.900990099009901,1.0,2.329751349999995
SMILE_RIGHT,24,L2->L3,R2->R1,59.30430001273095,True,3.770498896403413,-3.184532271822576,2.0187659937446685,2.23606797749979,2.4283120500000024
SMILE_RIGHT,25,L2->L3,R1->L1,28.844410203711913,False,7.752170911825528,-7.6923076923076925,-0.9615384615384615,2.23606797749979,2.527368799999998
SMILE_RIGHT,26,L3->L4,L1->L2,370.7344062802912,True,1.9636995557883132,1.9600710107389192,0.11932132359360903,7.280109889280518,2.626433949999999
SMILE_RIGHT,27,L3->L4,L5->L6,297.5987231155403,True,0.7513701517568859,-0.7452153785355389,-0.09597470784169819,2.23606797749979,2.725939150000002
SMILE_RIGHT,28,L3->L4,L6->L7,29.120439557122072,False,0.0,-0.0,0.0,0.0,2.826800199999994
SMILE_RIGHT,29,L3->L4,L7->L8,22.47220505424423,False,9.950371902099892,9.900990099009901,-0.9900990099009898,2.23606797749979,2.926295499999995
SMILE_RIGHT,30,L3->L4,L8->R8,21.470910553583888,False,10.414406840917833,10.412147505422992,-0.21691973969631212,2.23606797749979,3.0253878999999984
SMILE_RIGHT,31,L3->L4,R8->R7,8.48528137423857,False,26.352313834736496,-25.0,8.333333333333332,2.23606797749979,3.1252450499999966
SMILE_RIGHT,32,L3->L4,R7->R6,25.80697580112788,False,11.624763874381927,-9.459459459459458,6.756756756756756,3.0,3.2237498
SMILE_RIGHT,33,L3->L4,R6->R5,16.0312195418814,False,18.71348584655416,18.67704280155642,-1.1673151750972763,3.0,3.3217379000000022
SMILE_RIGHT,34,L3->L4,R5->R4,63.89053137985315,True,2.213494757094859,-1.9598236158745712,-1.0289073983341497,1.4142135623730951,3.4207283499999974
SMILE_RIGHT,35,L3->L4,R4->R3,63.0,True,4.761904761904762,-4.761904761904762,-0.0,3.0,3.5192908000000003
SMILE_RIGHT,36,L3->L4,R3->R2,16.15549442140351,False,6.18984460590173,-5.74712643678161,-2.298850574712644,1.0,3.616818600000002
SMILE_RIGHT,37,L3->L4,R2->R1,33.28663395418648,False,4.248592886620874,-4.1516245487364625,0.9025270758122743,1.4142135623730951,3.7227755499999944
SMILE_RIGHT,38,L3->L4,R1->L1,139.30183056945089,True,2.8714626244669086,-2.844627673280083,0.39165163617624327,4.0,3.8287341000000055
SMILE_RIGHT,39,L4->L5,L1->L2,87.66413177577246,True,1.1407173946099214,-1.1190631099544566,0.22121014964216001,1.0,3.9277038500000003
SMILE_RIGHT,40,L4->L5,L2->L3,286.0,True,2.8832906472850777,-2.850995158687467,0.4303388918773536,8.246211251235321,4.0272164
SMILE_RIGHT,41,L4->L5,L6->L7,214.7091055358389,True,0.6586649219387842,-0.6203904555314533,-0.22125813449023862,1.4142135623730951,4.12572625
SMILE_RIGHT,42,L4->L5,L7->L8,75.96051605933177,True,2.6329468304794372,-2.5303292894280762,0.7279029462738301,2.0,4.22420485
SMILE_RIGHT,43,L4->L5,L8->R8,53.45091205957107,True,5.916227690640749,5.915295764788239,0.10500525026251314,3.1622776601683795,4.3228341000000015
SMILE_RIGHT,44,L4->L5,R8->R7,23.345235059857504,False,4.283529368781194,-4.220183486238533,0.7339449541284404,1.0,4.421325850000002
SMILE_RIGHT,45,L4->L5,R7->R6,22.360679774997898,False,24.08318915758459,-23.6,-4.8,5.385164807134504,4.518858100000003
SMILE_RIGHT,46,L4->L5,R6->R5,7.280109889280518,False,68.68028197434451,-64.15094339622641,-24.528301886792452,5.0,4.617317749999998
SMILE_RIGHT,47,L4->L5,R5->R4,45.60701700396552,False,4.3852900965351465,-4.230769230769231,1.153846153846154,2.0,4.716793199999998
SMILE_RIGHT,48,L4->L5,R4->R3,36.069377593742864,False,8.76720883788401,-7.763259031514219,4.073789392774788,3.1622776601683795,4.81527595
SMILE_RIGHT,49,L4->L5,R3->R2,16.1245154965971,False,0.0,-0.0,-0.0,0.0,4.913734249999997
SMILE_RIGHT,50,L4->L5,R2->R1,126.19429464123962,True,3.169715407001309,-3.1648351648351647,0.1758241758241758,4.0,5.013199450000002
SMILE_RIGHT,51,L4->L5,R1->L1,37.0,False,6.043426966215648,-4.309715120525932,-4.236669101533966,2.23606797749979,5.113052449999998
SMILE_RIGHT,52,L5->L6,L1->L2,105.94810050208545,True,1.8877167127320345,1.799554565701559,-0.5701559020044543,2.0,5.210613249999994
SMILE_RIGHT,53,L5->L6,L2->L3,211.15160430363773,True,1.05898697046332,-0.7827744757205339,-0.713244364696647,2.23606797749979,5.308831599999998
SMILE_RIGHT,54,L5->L6,L3->L4,327.6171546180084,True,1.258513349346763,-1.2437926825859706,0.19192606188217975,4.123105625617661,5.408336199999994
SMILE_RIGHT,55,L5->L6,L7->L8,211.29363454680788,True,7.8340956142622815,-7.83290402060701,-0.13663344159480362,16.55294535724685,5.508321649999999
SMILE_RIGHT,56,L5->L6,L8->R8,62.39390995922599,True,2.266589100278015,2.080657590547136,0.8990495761623427,1.4142135623730951,5.6078119000000015
SMILE_RIGHT,57,L5->L6,R8->R7,19.6468827043885,False,18.35177279629517,17.357512953367877,5.958549222797928,3.605551275463989,5.706255200000001
SMILE_RIGHT,58,L5->L6,R7->R6,3.1622776601683795,False,70.71067811865474,-50.0,-49.99999999999999,2.23606797749979,5.805813499999999
SMILE_RIGHT,59,L5->L6,R6->R5,42.720018726587654,False,3.310423554409472,2.904109589041096,-1.5890410958904106,1.4142135623730951,5.90532425
SMILE_RIGHT,60,L5->L6,R5->R4,6.0,False,23.570226039551585,-16.666666666666664,-16.666666666666664,1.4142135623730951,6.003253049999998
SMILE_RIGHT,61,L5->L6,R4->R3,8.0,False,12.5,0.0,-12.5,1.0,6.100794199999996
SMILE_RIGHT,62,L5->L6,R3->R2,3.1622776601683795,False,0.0,0.0,-0.0,0.0,6.1993255499999975
SMILE_RIGHT,63,L5->L6,R2->R1,38.8329756778952,False,3.641785203646149,-3.050397877984085,1.9893899204244034,1.4142135623730951,6.298292950000004
SMILE_RIGHT,64,L5->L6,R1->L1,79.40403012442127,True,3.7781457632555715,-3.7589214908802537,0.38065027755749403,3.0,6.397723999999997
SMILE_RIGHT,65,L6->L7,L1->L2,52.0,True,0.0,0.0,-0.0,0.0,6.497249999999994
SMILE_RIGHT,66,L6->L7,L2->L3,55.362442142665635,True,2.5544638343965267,-2.316476345840131,-1.0766721044045677,1.4142135623730951,6.596295600000005
SMILE_RIGHT,67,L6->L7,L3->L4,45.221676218380054,False,0.0,-0.0,0.0,0.0,6.694751600000004
SMILE_RIGHT,68,L6->L7,L4->L5,247.34186867572583,True,0.9040394129274394,-0.9039197096995651,-0.014711170682271405,2.23606797749979,6.793667650000003
SMILE_RIGHT,69,L6->L7,L8->R8,344.30509726113553,True,3.5925453835124523,3.540397820255429,-0.6098898317952525,12.36931687685298,6.892789800000003
SMILE_RIGHT,70,L6->L7,R8->R7,60.41522986797286,True,17.04144826310574,17.041095890410958,0.10958904109589056,10.295630140987,6.991879850000004
SMILE_RIGHT,71,L6->L7,R7->R6,45.880278987817846,False,12.709059368173282,-12.304038004750595,-3.1828978622327786,5.830951894845301,7.091286749999995
SMILE_RIGHT,72,L6->L7,R6->R5,23.769728648009426,False,11.899282346174592,-10.973451327433628,-4.601769911504424,2.8284271247461903,7.192256299999997
SMILE_RIGHT,73,L6->L7,R5->R4,16.64331697709324,False,12.016835362522196,-10.108303249097474,6.498194945848376,2.0,7.293200799999994
SMILE_RIGHT,74,L6->L7,R4->R3,13.601470508735444,False,14.704292441876154,-4.324324324324325,14.054054054054054,2.0,7.391755199999999
SMILE_RIGHT,75,L6->L7,R3->R2,3.1622776601683795,False,31.622776601683793,-30.0,-10.0,1.0,7.490340549999999
SMILE_RIGHT,76,L6->L7,R2->R1,61.5223536610881,True,6.701800858157771,-6.657859973579922,0.7661822985468956,4.123105625617661,7.589255649999998
SMILE_RIGHT,77,L6->L7,R1->L1,69.26037828369117,True,3.2284951842752485,-3.0018761726078798,1.188242651657286,2.23606797749979,7.688264849999996
SMILE_RIGHT,78,L7->L8,L1->L2,19.026297590440446,False,28.303797843676215,-25.690607734806626,-11.878453038674031,5.385164807134504,7.787241299999998
SMILE_RIGHT,79,L7->L8,L2->L3,29.427877939124322,False,0.0,0.0,-0.0,0.0,7.885193700000002
SMILE_RIGHT,80,L7->L8,L3->L4,31.622776601683793,False,4.472135954999579,3.9999999999999996,2.0,1.4142135623730951,7.982175150000003
SMILE_RIGHT,81,L7->L8,L4->L5,100.56838469419701,True,1.9886965531777143,-1.8785841407949377,0.6525608068024521,2.0,8.0802452
SMILE_RIGHT,82,L7->L8,L5->L6,221.65288177689007,True,7.288646234550293,-7.284754732342763,0.23814370038672922,16.15549442140351,8.178796300000002
SMILE_RIGHT,83,L7->L8,R8->R7,147.73286702694156,True,17.87060530008773,17.86941580756014,0.20618556701030968,26.40075756488817,8.277344900000003
SMILE_RIGHT,84,L7->L8,R7->R6,75.15317691222374,True,4.79760327321245,-4.745042492917847,-0.708215297450425,3.605551275463989,8.376242649999995
SMILE_RIGHT,85,L7->L8,R6->R5,28.0178514522438,False,3.569153051241248,2.9299363057324843,-2.038216560509554,1.0,8.481816449999997
SMILE_RIGHT,86,L7->L8,R5->R4,17.88854381999832,False,16.770509831248425,-15.000000000000002,7.500000000000001,3.0,8.5873876
SMILE_RIGHT,87,L7->L8,R4->R3,13.0,False,23.076923076923077,-8.875739644970416,21.301775147928996,3.0,8.685818400000002
SMILE_RIGHT,88,L7->L8,R3->R2,2.23606797749979,False,0.0,-0.0,-0.0,0.0,8.784756700000003
SMILE_RIGHT,89,L7->L8,R2->R1,56.32051136131489,True,10.800261544635605,-10.403530895334173,-2.9003783102143754,6.082762530298219,8.884200800000002
SMILE_RIGHT,90,L7->L8,R1->L1,74.02702209328699,True,4.870588027869559,-3.9781021897810223,2.81021897810219,3.605551275463989,8.982803100000012
SMILE_RIGHT,91,L8->R8,L1->L2,8.54400374531753,False,26.171196129510683,2.73972602739726,-26.027397260273972,2.23606797749979,9.08083225
SMILE_RIGHT,92,L8->R8,L2->L3,26.30589287593181,False,5.376033305704703,4.3352601156069355,3.1791907514450863,1.4142135623730951,9.179245699999996
SMILE_RIGHT,93,L8->R8,L3->L4,31.016124838541646,False,7.209372509105906,7.172557172557173,0.7276507276507278,2.23606797749979,9.278226950000004
SMILE_RIGHT,94,L8->R8,L4->L5,74.63243262818116,True,4.237135986070358,4.236983842010772,0.03590664272890479,3.1622776601683795,9.378205000000008
SMILE_RIGHT,95,L8->R8,L5->L6,65.14598989960932,True,3.0700277992275833,2.9217719132893496,-0.9425070688030159,2.0,9.476665800000006
SMILE_RIGHT,96,L8->R8,L6->L7,358.39782365410645,True,3.7225851228947517,3.675388675661158,-0.5908959976333019,13.341664064126334,9.572210000000013
SMILE_RIGHT,97,L8->R8,R7->R6,382.602927328059,True,2.155292252681771,2.119069576800902,-0.3934829388256994,8.246211251235321,9.66830945000001
SMILE_RIGHT,98,L8->R8,R6->R5,87.32124598286491,True,14.16530048057287,13.652459016393442,-3.777049180327868,12.36931687685298,9.766845599999996
SMILE_RIGHT,99,L8->R8,R5->R4,46.95742752749558,False,19.04761904761905,19.04761904761905,0.0,8.94427190999916,9.866352399999997
SMILE_RIGHT,100,L8->R8,R4->R3,22.80350850198276,False,4.3852900965351465,2.6923076923076925,-3.4615384615384617,1.0,9.964777099999992
SMILE_RIGHT,101,L8->R8,R3->R2,8.602325267042627,False,25.993762245501824,25.67567567567568,-4.054054054054054,2.23606797749979,10.062804749999998
SMILE_RIGHT,102,L8->R8,R2->R1,47.80167361086848,False,15.229822178496422,-12.954048140043763,-8.00875273522976,7.280109889280518,10.162316250000003
SMILE_RIGHT,103,L8->R8,R1->L1,88.36288813749809,True,3.2009219983223995,2.4590163934426226,2.0491803278688523,2.8284271247461903,10.261854999999997
SMILE_RIGHT,104,R8->R7,L1->L2,10.816653826391969,False,62.01736729460423,-53.846153846153854,30.76923076923077,6.708203932499369,10.360229849999996
SMILE_RIGHT,105,R8->R7,L2->L3,16.0,False,8.838834764831844,6.25,6.25,1.4142135623730951,10.458746349999998
SMILE_RIGHT,106,R8->R7,L3->L4,17.72004514666935,False,17.845765256206242,-17.8343949044586,-0.6369426751592355,3.1622776601683795,10.5578371
SMILE_RIGHT,107,R8->R7,L4->L5,37.8549864614954,False,5.906931124580456,-5.722260990928123,-1.465457083042568,2.23606797749979,10.658388250000002
SMILE_RIGHT,108,R8->R7,L5->L6,19.1049731745428,False,16.55211777204736,16.164383561643834,3.5616438356164384,3.1622776601683795,10.759425899999997
SMILE_RIGHT,109,R8->R7,L6->L7,66.18912297349165,True,16.272053670483686,16.206345583200182,-1.4608536863729737,10.770329614269007,10.859825849999993
SMILE_RIGHT,110,R8->R7,L7->L8,149.9399879951976,True,16.47204218213489,16.466506538564182,0.42700827328529445,24.698178070456937,10.958780399999995
SMILE_RIGHT,111,R8->R7,R6->R5,209.50656314301946,True,0.9546240318183741,0.46476659148383576,0.8338459435445289,2.0,11.057268550000003
SMILE_RIGHT,112,R8->R7,R5->R4,60.8276253029822,True,18.380365552345193,18.378378378378375,-0.27027027027026984,11.180339887498949,11.1552394
SMILE_RIGHT,113,R8->R7,R4->R3,24.08318915758459,False,24.211709905575113,23.103448275862068,-7.241379310344828,5.830951894845301,11.252302799999995
SMILE_RIGHT,114,R8->R7,R3->R2,10.295630140987,False,13.736056394868903,13.20754716981132,3.7735849056603774,1.4142135623730951,11.350748799999991
SMILE_RIGHT,115,R8->R7,R2->R1,36.6742416417845,False,12.194215216993848,7.434944237918216,9.66542750929368,4.47213595499958,11.449744549999991
SMILE_RIGHT,116,R8->R7,R1->L1,74.00675644831355,True,4.871921765659481,4.0898301990140595,2.6474347270403507,3.605551275463989,11.548318499999993
SMILE_RIGHT,117,R7->R6,L1->L2,25.45584412271571,False,0.0,0.0,0.0,0.0,11.647820300000006
SMILE_RIGHT,118,R7->R6,L2->L3,20.024984394500787,False,15.791661046371633,-15.211970074812967,-4.239401496259351,3.1622776601683795,11.746826749999997
SMILE_RIGHT,119,R7->R6,L3->L4,26.40075756488817,False,8.469711416439278,-8.464849354375897,-0.28694404591104744,2.23606797749979,11.845264
SMILE_RIGHT,120,R7->R6,L4->L5,46.84015371452148,False,10.886000811760738,-10.847766636280767,0.9115770282588876,5.0990195135927845,11.943752849999996
SMILE_RIGHT,121,R7->R6,L5->L6,11.045361017187261,False,28.62991671569341,-26.22950819672131,-11.475409836065573,3.1622776601683795,12.041821749999997
SMILE_RIGHT,122,R7->R6,L6->L7,58.9406481131655,True,9.136589059548578,-9.067357512953368,-1.122625215889465,5.385164807134504,12.139264650000001
SMILE_RIGHT,123,R7->R6,L7->L8,80.95677859203639,True,3.90613079616714,-3.9060115959719255,-0.03051571559353068,3.1622776601683795,12.237686699999998
SMILE_RIGHT,124,R7->R6,L8->R8,391.86222068477076,True,1.374249550702807,1.3740915366380995,0.02083930292531717,5.385164807134504,12.337253349999997
SMILE_RIGHT,125,R7->R6,R5->R4,106.06601717798213,True,31.012542265634686,-30.61333333333333,4.959999999999998,32.89376840679705,12.435800700000001
SMILE_RIGHT,126,R7->R6,R4->R3,15.264337522473747,False,89.10619598597019,-66.95278969957081,58.798283261802574,13.601470508735444,12.533679799999987
SMILE_RIGHT,127,R7->R6,R3->R2,22.825424421026653,False,27.708379934922974,-27.255278310940493,4.990403071017275,6.324555320336759,12.632253550000001
SMILE_RIGHT,128,R7->R6,R2->R1,28.442925306655784,False,7.031625539346299,-6.9221260815822,1.2360939431396787,2.0,12.731320350000004
SMILE_RIGHT,129,R7->R6,R1->L1,79.40403012442127,True,14.080317925903806,-14.036478984932591,-1.1102299762093577,11.180339887498949,12.830837650000007
SMILE_RIGHT,130,R6->R5,L1->L2,10.295630140987,False,43.43722427630693,1.8867924528301894,43.39622641509433,4.47213595499958,12.929240149999998
SMILE_RIGHT,131,R6->R5,L2->L3,26.076809620810597,False,0.0,0.0,-0.0,0.0,13.025643650000006
SMILE_RIGHT,132,R6->R5,L3->L4,5.830951894845301,False,38.34824944236853,38.235294117647065,-2.941176470588235,2.23606797749979,13.122842999999989
SMILE_RIGHT,133,R6->R5,L4->L5,19.4164878389476,False,18.56953381770519,-17.24137931034483,-6.896551724137931,3.605551275463989,13.220830400000011
SMILE_RIGHT,134,R6->R5,L5->L6,43.46262762420146,False,2.3008272961461866,0.8999470619375332,-2.1175224986765486,1.0,13.318758349999996
SMILE_RIGHT,135,R6->R5,L6->L7,26.248809496813376,False,5.387724584403653,-4.78955007256894,-2.4673439767779386,1.4142135623730951,13.416809450000002
SMILE_RIGHT,136,R6->R5,L7->L8,25.298221281347036,False,0.0,0.0,-0.0,0.0,13.514219999999995
SMILE_RIGHT,137,R6->R5,L8->R8,84.30895563343196,True,13.523775932612923,13.421496904895891,-1.6601012943162634,11.40175425099138,13.611248349999997
SMILE_RIGHT,138,R6->R5,R8->R7,202.2325394193526,True,2.0387943688270282,1.2103281334050564,1.64066702528241,4.123105625617661,13.709328800000009
SMILE_RIGHT,139,R6->R5,R4->R3,394.62007044751283,True,1.2670414848210398,1.2265211109327339,0.31786803660298607,5.0,13.8077337
SMILE_RIGHT,140,R6->R5,R3->R2,213.55093069335942,True,1.6883800336329358,-1.653363740022805,-0.3420752565564424,3.605551275463989,13.905745050000007
SMILE_RIGHT,141,R6->R5,R2->R1,145.6605643267937,True,4.175984459768648,2.969317057076872,-2.9363246453315734,6.082762530298219,14.004298149999997
SMILE_RIGHT,142,R6->R5,R1->L1,107.67079455451233,True,3.348680847375512,-2.5618907961701023,2.156473734149918,3.605551275463989,14.105933249999993
SMILE_RIGHT,143,R5->R4,L1->L2,69.83552104767315,True,1.4319360477275611,1.2507689153167931,-0.6971498872257536,1.0,14.207152500000007
SMILE_RIGHT,144,R5->R4,L2->L3,14.035668847618199,False,0.0,0.0,-0.0,0.0,14.306693300000006
SMILE_RIGHT,145,R5->R4,L3->L4,62.6418390534633,True,3.5696078073176603,-3.516819571865443,-0.6116207951070336,2.23606797749979,14.407358450000004
SMILE_RIGHT,146,R5->R4,L4->L5,73.97972695272672,True,3.0225415388848953,-2.941713868079664,-0.694317558925635,2.23606797749979,14.507842199999999
SMILE_RIGHT,147,R5->R4,L5->L6,13.45362404707371,False,7.432941462471663,-5.524861878453039,-4.972375690607735,1.0,14.607407350000003
SMILE_RIGHT,148,R5->R4,L6->L7,28.861739379323623,False,0.0,0.0,-0.0,0.0,14.705972450000004
SMILE_RIGHT,149,R5->R4,L7->L8,26.019223662515376,False,7.686624420240879,-7.680945347119645,-0.29542097488921715,2.0,14.804925749999995
SMILE_RIGHT,150,R5->R4,L8->R8,52.172789842982326,True,15.805578494178423,15.797207935341659,0.514327700220426,8.246211251235321,14.903715500000004
SMILE_RIGHT,151,R5->R4,R8->R7,66.49060083951716,True,16.81491781745815,16.2859081655734,4.1845736258764985,11.180339887498949,15.002260799999988
SMILE_RIGHT,152,R5->R4,R7->R6,101.53324578678651,True,28.030719121577864,-28.024056649529538,-0.6111165001455037,28.460498941515414,15.101824399999998
SMILE_RIGHT,153,R5->R4,R3->R2,292.5149568825499,True,1.0810652876933375,-1.0810494945363176,-0.005843510781277373,3.1622776601683795,15.199812050000006
SMILE_RIGHT,154,R5->R4,R2->R1,67.68308503607086,True,37.66834439413722,-34.3811394891945,-15.389652914210872,25.495097567963924,15.298306499999995
SMILE_RIGHT,155,R5->R4,R1->L1,31.304951684997057,False,22.360679774997894,-20.0,-10.0,7.0,15.397819349999992
SMILE_RIGHT,156,R4->R3,L1->L2,44.181444068749045,False,2.263393651062963,-2.254098360655737,0.20491803278688522,1.0,15.4957517
SMILE_RIGHT,157,R4->R3,L2->L3,11.40175425099138,False,8.770580193070293,8.461538461538462,2.307692307692308,1.0,15.5936916
SMILE_RIGHT,158,R4->R3,L3->L4,47.51841748206689,False,8.67685803546318,-8.635961027457927,-0.8414526129317982,4.123105625617661,15.693214499999996
SMILE_RIGHT,159,R4->R3,L4->L5,25.0,False,17.888543819998315,-17.599999999999998,3.2,4.47213595499958,15.7931952
SMILE_RIGHT,160,R4->R3,L5->L6,3.605551275463989,False,27.735009811261456,-23.076923076923077,15.384615384615385,1.0,15.893177250000008
SMILE_RIGHT,161,R4->R3,L6->L7,5.830951894845301,False,34.29971702850177,-29.411764705882355,17.647058823529413,2.0,15.99319754999999
SMILE_RIGHT,162,R4->R3,L7->L8,12.041594578792296,False,24.913643956121987,-18.620689655172413,16.551724137931036,3.0,16.09982654999999
SMILE_RIGHT,163,R4->R3,L8->R8,21.470910553583888,False,4.657464328326222,4.1214750542299345,-2.1691973969631233,1.0,16.206927199999996
SMILE_RIGHT,164,R4->R3,R8->R7,20.591260281974,False,24.763027827182427,23.584905660377355,-7.547169811320755,5.0990195135927845,16.307433849999995
SMILE_RIGHT,165,R4->R3,R7->R6,21.470910553583888,False,62.13832445918026,-60.08676789587852,15.835140997830798,13.341664064126334,16.4088821
SMILE_RIGHT,166,R4->R3,R6->R5,376.36418533117626,True,1.3285004776956453,1.2530885986586657,0.44122837980938934,5.0,16.509397199999995
SMILE_RIGHT,167,R4->R3,R2->R1,562.8943062422998,True,3.2757639773759957,-3.2564304876124357,0.3553732049865867,18.439088914585774,16.609399499999995
SMILE_RIGHT,168,R4->R3,R1->L1,123.79418403139947,True,4.0389619586100975,-3.9804241435562813,0.6851549755301796,5.0,16.709397849999988
SMILE_RIGHT,169,R3->R2,L1->L2,30.805843601498726,False,3.2461373658059776,2.634351949420443,-1.8967334035827188,1.0,16.80936815000001
SMILE_RIGHT,170,R3->R2,L2->L3,25.019992006393608,False,0.0,0.0,-0.0,0.0,16.90790720000001
SMILE_RIGHT,171,R3->R2,L3->L4,16.1245154965971,False,6.201736729460423,-5.384615384615385,-3.076923076923077,1.0,17.0059737
SMILE_RIGHT,172,R3->R2,L4->L5,8.48528137423857,False,0.0,-0.0,-0.0,0.0,17.105925799999994
SMILE_RIGHT,173,R3->R2,L5->L6,10.770329614269007,False,9.284766908852594,3.448275862068966,-8.620689655172415,1.0,17.20575794999999
SMILE_RIGHT,174,R3->R2,L6->L7,13.341664064126334,False,7.495316889958614,-1.6853932584269662,-7.303370786516854,1.0,17.30417575
SMILE_RIGHT,175,R3->R2,L7->L8,10.295630140987,False,0.0,0.0,0.0,0.0,17.400682899999993
SMILE_RIGHT,176,R3->R2,L8->R8,15.033296378372908,False,14.874102932718241,12.831858407079647,7.52212389380531,2.23606797749979,17.497195500000004
SMILE_RIGHT,177,R3->R2,R8->R7,19.026297590440446,False,7.432941462471663,4.972375690607735,5.524861878453039,1.4142135623730951,17.5942718
SMILE_RIGHT,178,R3->R2,R7->R6,25.019992006393608,False,25.27800695827793,-23.642172523961662,-8.945686900958467,6.324555320336759,17.692377899999997
SMILE_RIGHT,179,R3->R2,R6->R5,233.85465571589546,True,1.2094807845871496,-1.023990637799883,-0.6436512580456407,2.8284271247461903,17.791845999999993
SMILE_RIGHT,180,R3->R2,R5->R4,319.513692977312,True,0.44261438350109,-0.38495822272722824,-0.21843685411748576,1.4142135623730951,17.891327250000003
SMILE_RIGHT,181,R3->R2,R1->L1,74.16872656315464,True,9.437940118925331,-9.416469732775859,0.6362479549172878,7.0,17.991352949999992
SMILE_RIGHT,182,R2->R1,L1->L2,381.63464203345063,True,1.1117021936251306,0.8301005870438395,0.7394692574410382,4.242640687119285,18.09131275
SMILE_RIGHT,183,R2->R1,L2->L3,20.808652046684813,False,0.0,0.0,0.0,0.0,18.190855650000003
SMILE_RIGHT,184,R2->R1,L3->L4,22.0,False,4.545454545454546,-4.545454545454546,-0.0,1.0,18.289361999999997
SMILE_RIGHT,185,R2->R1,L4->L5,20.615528128088304,False,0.0,-0.0,0.0,0.0,18.387625799999995
SMILE_RIGHT,186,R2->R1,L5->L6,21.2602916254693,False,0.0,0.0,0.0,0.0,18.486601399999998
SMILE_RIGHT,187,R2->R1,L6->L7,7.615773105863909,False,0.0,0.0,0.0,0.0,18.584752100000003
SMILE_RIGHT,188,R2->R1,L7->L8,14.317821063276353,False,15.61737618886061,-3.902439024390244,15.121951219512198,2.23606797749979,18.6827612
SMILE_RIGHT,189,R2->R1,L8->R8,14.422205101855956,False,15.504341823651057,7.692307692307694,13.461538461538462,2.23606797749979,18.780322799999993
SMILE_RIGHT,190,R2->R1,R8->R7,23.40939982143925,False,17.61303432410752,-17.518248175182478,-1.8248175182481754,4.123105625617661,18.87859524999999
SMILE_RIGHT,191,R2->R1,R7->R6,37.64306044943742,False,2.656532141809275,-2.540578687367678,-0.776287932251235,1.0,18.977136849999994
SMILE_RIGHT,192,R2->R1,R6->R5,153.46986674914396,True,2.686589695394167,2.5474461851993375,-0.8533944720417781,4.123105625617661,19.075333400000005
SMILE_RIGHT,193,R2->R1,R5->R4,8.602325267042627,False,187.44368523675354,-164.86486486486487,89.1891891891892,16.1245154965971,19.174196749999993
SMILE_RIGHT,194,R2->R1,R4->R3,502.7255712612996,True,2.076740692285978,-1.954236288889856,0.7027178880478607,10.44030650891055,19.271756600000003
SMILE_RIGHT,195,R1->L1,L2->L3,27.313000567495326,False,3.6612601296910627,-3.351206434316354,1.4745308310991958,1.0,19.3678472
SMILE_RIGHT,196,R1->L1,L3->L4,34.785054261852174,False,0.0,0.0,-0.0,0.0,19.464766499999996
SMILE_RIGHT,197,R1->L1,L4->L5,31.38470965295043,False,3.186264939385831,1.6243654822335025,2.7411167512690358,1.0,19.562265300000007
SMILE_RIGHT,198,R1->L1,L5->L6,11.180339887498949,False,12.64911064067352,7.200000000000001,-10.4,1.4142135623730951,19.660845699999996
SMILE_RIGHT,199,R1->L1,L6->L7,12.0,False,0.0,0.0,0.0,0.0,19.759348799999998
SMILE_RIGHT,200,R1->L1,L7->L8,12.36931687685298,False,8.084520834544433,7.8431372549019605,1.9607843137254901,1.0,19.858393199999995
SMILE_RIGHT,201,R1->L1,L8->R8,21.02379604162864,False,19.6116135138184,19.23076923076923,3.8461538461538463,4.123105625617661,19.9578676
SMILE_RIGHT,202,R1->L1,R8->R7,15.033296378372908,False,19.95570315713218,19.911504424778766,1.3274336283185841,3.0,20.056338049999994
SMILE_RIGHT,203,R1->L1,R7->R6,5.0,False,82.46211251235322,-52.0,-64.0,4.123105625617661,20.154322899999997
SMILE_RIGHT,204,R1->L1,R6->R5,35.0,False,5.714285714285714,5.714285714285714,0.0,2.0,20.25433290000001
SMILE_RIGHT,205,R1->L1,R5->R4,51.478150704935004,True,5.827715174143585,5.7735849056603765,-0.7924528301886792,3.0,20.35584265
SMILE_RIGHT,206,R1->L1,R4->R3,53.23532661682466,True,1.8784518919133617,1.8701482004234298,0.17642907551164436,1.0,20.454859299999995
SMILE_RIGHT,207,R1->L1,R3->R2,5.830951894845301,False,38.34824944236853,38.235294117647065,-2.941176470588235,2.23606797749979,20.5523039
SMILE_BOTH,0,L1->L2,L3->L4,343.42393626536864,True,5.159816563565568,5.15685942004409,-0.17466508394098684,17.72004514666935,0.04831025000000011
SMILE_BOTH,1,L1->L2,L4->L5,106.7379969832674,True,4.777136219252946,4.766084437812691,-0.32476081804616863,5.0990195135927845,0.14725144999999884
SMILE_BOTH,2,L1->L2,L5->L6,96.84007434941384,True,1.0326303513479829,0.28790786948176583,0.9916826615483045,1.0,0.24772439999999563
SMILE_BOTH,3,L1->L2,L6->L7,56.462376853972415,True,9.030826893420167,-8.845671267252197,1.819322459222083,5.0990195135927845,0.3471963999999872
SMILE_BOTH,4,L1->L2,L7->L8,21.095023109728988,False,43.70483222197017,-41.57303370786518,-13.483146067415733,9.219544457292887,0.4457550499999883
SMILE_BOTH,5,L1->L2,L8->R8,7.211102550927978,False,41.60251471689219,34.61538461538461,23.076923076923077,3.0,0.5437661499999962
SMILE_BOTH,6,L1->L2,R8->R7,4.0,False,213.60009363293827,-75.0,200.0,8.54400374531753,0.6433803999999981
SMILE_BOTH,7,L1->L2,R7->R6,25.0,False,8.0,-6.4,4.8,2.0,0.7433307999999954
SMILE_BOTH,8,L1->L2,R6->R5,11.40175425099138,False,26.311740579210873,25.384615384615383,6.923076923076923,3.0,0.8483540999999946
SMILE_BOTH,9,L1->L2,R5->R4,72.11102550927978,True,3.1008683647302115,3.0769230769230775,0.3846153846153846,2.23606797749979,0.9523618999999997
SMILE_BOTH,10,L1->L2,R4->R3,52.15361924162119,True,0.0,0.0,-0.0,0.0,1.0508204000000063
SMILE_BOTH,11,L1->L2,R3->R2,29.410882339705484,False,3.4001020045902295,1.0404624277456647,3.236994219653179,1.0,1.150318850000005
SMILE_BOTH,12,L1->L2,R2->R1,435.2470562795342,True,0.9473023576222941,0.8108108108108109,-0.4898648648648649,4.123105625617661,1.2497723000000036
SMILE_BOTH,13,L2->L3,L4->L5,290.73871431235295,True,4.0258484111423725,-4.025837286611695,0.009464207550071487,11.704699910719626,1.348196950000002
SMILE_BOTH,14,L2->L3,L5->L6,193.2174940319846,True,5.403396085440533,-5.400048214716203,0.19018026946669161,10.44030650891055,1.4447066000000035
SMILE_BOTH,15,L2->L3,L6->L7,51.07837115648854,True,16.727243942727366,-16.71138367190494,0.7282483710233806,8.54400374531753,1.5417561000000006
SMILE_BOTH,16,L2->L3,L7->L8,22.02271554554524,False,4.540766091864998,0.2061855670103093,4.536082474226804,1.0,1.6402927999999974
SMILE_BOTH,17,L2->L3,L8->R8,18.24828759089466,False,27.39983121755955,27.027027027027028,-4.504504504504505,5.0,1.7387495499999943
SMILE_BOTH,18,L2->L3,R8->R7,11.0,False,12.856486930664502,-9.090909090909092,9.090909090909092,1.4142135623730951,1.8356507999999963
SMILE_BOTH,19,L2->L3,R7->R6,7.211102550927978,False,31.008683647302114,-15.384615384615389,-26.923076923076923,2.23606797749979,1.9326911499999966
SMILE_BOTH,20,L2->L3,R6->R5,21.095023109728988,False,6.70401523153991,-5.168539325842698,-4.269662921348314,1.4142135623730951,2.0302694999999886
SMILE_BOTH,21,L2->L3,R5->R4,4.0,False,25.0,25.0,-0.0,1.0,2.127713049999997
SMILE_BOTH,22,L2->L3,R4->R3,15.0,False,6.666666666666668,4.0,-5.333333333333334,1.0,2.2257181499999916
SMILE_BOTH,23,L2->L3,R3->R2,10.04987562112089,False,9.950371902099892,-9.900990099009901,0.9900990099009903,1.0,2.323725699999997
SMILE_BOTH,24,L2->L3,R2->R1,59.30430001273095,True,6.952456440313007,-6.539664486778504,2.3599658800113734,4.123105625617661,2.4212524999999943
SMILE_BOTH,25,L2->L3,R1->L1,28.844410203711913,False,18.66969984514192,-18.269230769230766,-3.846153846153846,5.385164807134504,2.5182459499999936
SMILE_BOTH,26,L3->L4,L1->L2,370.7344062802912,True,6.5184378729927035,6.376415121795058,1.353278426122639,24.166091947189145,2.6157295000000005
SMILE_BOTH,27,L3->L4,L5->L6,297.5987231155403,True,1.7133875643724226,-1.6970586574832045,0.23598486986958728,5.0990195135927845,2.714228999999989
SMILE_BOTH,28,L3->L4,L6->L7,29.120439557122072,False,21.718612138153464,-21.698113207547166,-0.9433962264150947,6.324555320336759,2.8122168499999844
SMILE_BOTH,29,L3->L4,L7->L8,22.47220505424423,False,32.396063811751105,31.08910891089109,-9.108910891089108,7.280109889280518,2.9097677999999974
SMILE_BOTH,30,L3->L4,L8->R8,21.470910553583888,False,16.792726449424645,16.70281995661605,1.735357917570499,3.605551275463989,3.0072067499999946
SMILE_BOTH,31,L3->L4,R8->R7,8.48528137423857,False,42.49182927993987,-41.666666666666664,8.333333333333332,3.605551275463989,3.1042811500000056
SMILE_BOTH,32,L3->L4,R7->R6,25.80697580112788,False,11.624763874381927,-9.459459459459458,6.756756756756756,3.0,3.2023777999999936
SMILE_BOTH,33,L3->L4,R6->R5,16.0312195418814,False,18.71348584655416,18.67704280155642,-1.1673151750972763,3.0,3.3012588499999964
SMILE_BOTH,34,L3->L4,R5->R4,63.89053137985315,True,2.213494757094859,-1.9598236158745712,-1.0289073983341497,1.4142135623730951,3.400363849999991
SMILE_BOTH,35,L3->L4,R4->R3,63.0,True,1.5873015873015872,-1.5873015873015872,-0.0,1.0,3.500382249999987
SMILE_BOTH,36,L3->L4,R3->R2,16.15549442140351,False,6.18984460590173,-5.74712643678161,-2.298850574712644,1.0,3.5987566999999956
SMILE_BOTH,37,L3->L4,R2->R1,33.28663395418648,False,19.00028500641266,-18.4115523465704,-4.693140794223828,6.324555320336759,3.6961656999999946
SMILE_BOTH,38,L3->L4,R1->L1,139.30183056945089,True,4.366606314814774,-4.1690286008760635,1.2986343725843856,6.082762530298219,3.7942194999999828
SMILE_BOTH,39,L4->L5,L1->L2,87.66413177577246,True,8.066090051461263,8.054651919323357,-0.4294079375406635,7.0710678118654755,3.8912650999999983
SMILE_BOTH,40,L4->L5,L2->L3,286.0,True,4.0925524163355345,-4.088219472834858,0.1882732651963422,11.704699910719626,3.9892770000000013
SMILE_BOTH,41,L4->L5,L6->L7,214.7091055358389,True,8.958811510888905,-8.950108459869847,-0.39479392624728865,19.235384061671343,4.088246749999982
SMILE_BOTH,42,L4->L5,L7->L8,75.96051605933177,True,14.178852610554202,14.10745233968804,1.4211438474870017,10.770329614269007,4.1867132
SMILE_BOTH,43,L4->L5,L8->R8,53.45091205957107,True,28.618891523740093,28.456422821141057,-3.0451522576128807,15.297058540778355,4.285735599999995
SMILE_BOTH,44,L4->L5,R8->R7,23.345235059857504,False,8.567058737562387,-8.440366972477065,1.4678899082568808,2.0,4.383745050000002
SMILE_BOTH,45,L4->L5,R7->R6,22.360679774997898,False,22.803508501982762,-22.8,-0.3999999999999999,5.0990195135927845,4.481278799999998
SMILE_BOTH,46,L4->L5,R6->R5,7.280109889280518,False,38.851434494290565,-33.9622641509434,-18.867924528301888,2.8284271247461903,4.579785699999988
SMILE_BOTH,47,L4->L5,R5->R4,45.60701700396552,False,2.1926450482675732,-2.1153846153846154,0.576923076923077,1.0,4.678211149999996
SMILE_BOTH,48,L4->L5,R4->R3,36.069377593742864,False,5.544869730014276,-3.843197540353574,3.996925441967717,2.0,4.777143600000002
SMILE_BOTH,49,L4->L5,R3->R2,16.1245154965971,False,0.0,-0.0,-0.0,0.0,4.876137499999999
SMILE_BOTH,50,L4->L5,R2->R1,126.19429464123962,True,4.267359964603868,-3.868131868131868,1.802197802197802,5.385164807134504,4.975270949999995
SMILE_BOTH,51,L4->L5,R1->L1,37.0,False,19.110994086122908,-8.692476260043827,-17.01972242512783,7.0710678118654755,5.074404349999995
SMILE_BOTH,52,L5->L6,L1->L2,105.94810050208545,True,3.4031297006528383,3.2694877505567925,0.9443207126948775,3.605551275463989,5.174408799999995
SMILE_BOTH,53,L5->L6,L2->L3,211.15160430363773,True,4.235947881853279,-4.2166647975776606,-0.40372322529998883,8.94427190999916,5.27477334999999
SMILE_BOTH,54,L5->L6,L3->L4,327.6171546180084,True,1.8566678956083775,-1.806527349463818,0.42857275954273144,6.082762530298219,5.3747326000000015
SMILE_BOTH,55,L5->L6,L7->L8,211.29363454680788,True,4.7327502418368885,4.614178519431068,1.052749468025535,10.0,5.473756949999995
SMILE_BOTH,56,L5->L6,L8->R8,62.39390995922599,True,24.411911710103652,24.402774210120732,0.6678653994348829,15.231546211727817,5.573247349999988
SMILE_BOTH,57,L5->L6,R8->R7,19.6468827043885,False,29.678763713201423,28.497409326424872,8.290155440414509,5.830951894845301,5.67277374999999
SMILE_BOTH,58,L5->L6,R7->R6,3.1622776601683795,False,31.622776601683793,-30.0,-10.0,1.0,5.77075275
SMILE_BOTH,59,L5->L6,R6->R5,42.720018726587654,False,2.3408229439226114,2.246575342465753,0.6575342465753424,1.0,5.869165299999992
SMILE_BOTH,60,L5->L6,R5->R4,6.0,False,37.26779962499649,-16.666666666666664,-33.33333333333333,2.23606797749979,5.967152399999989
SMILE_BOTH,61,L5->L6,R4->R3,8.0,False,17.67766952966369,12.5,-12.5,1.4142135623730951,6.065192049999993
SMILE_BOTH,62,L5->L6,R3->R2,3.1622776601683795,False,31.622776601683793,-30.0,10.0,1.0,6.164253149999993
SMILE_BOTH,63,L5->L6,R2->R1,38.8329756778952,False,13.130643285972255,-13.12997347480106,-0.1326259946949601,5.0990195135927845,6.2627590499999855
SMILE_BOTH,64,L5->L6,R1->L1,79.40403012442127,True,7.660521160911987,-7.39095955590801,2.014274385408406,6.082762530298219,6.362259449999996
SMILE_BOTH,65,L6->L7,L1->L2,52.0,True,7.929049280033963,-7.840236686390534,1.183431952662722,4.123105625617661,6.462704649999992
SMILE_BOTH,66,L6->L7,L2->L3,55.362442142665635,True,14.56268444141717,-14.355628058727572,-2.446982055464927,8.06225774829855,6.5617943499999996
SMILE_BOTH,67,L6->L7,L3->L4,45.221676218380054,False,16.840979244304364,-16.772616136919318,-1.515892420537897,7.615773105863909,6.660832049999996
SMILE_BOTH,68,L6->L7,L4->L5,247.34186867572583,True,8.52869076419299,-8.485076334630095,-0.8614207721730034,21.095023109728988,6.758678799999998
SMILE_BOTH,69,L6->L7,L8->R8,344.30509726113553,True,4.937481360348983,4.923827037605656,0.36694616435813954,17.0,6.854814849999997
SMILE_BOTH,70,L6->L7,R8->R7,60.41522986797286,True,10.598526648703945,10.438356164383562,1.8356164383561642,6.4031242374328485,6.951866899999985
SMILE_BOTH,71,L6->L7,R7->R6,45.880278987817846,False,21.466429627446637,-21.282660332541568,-2.802850356294537,9.848857801796104,7.049220099999999
SMILE_BOTH,72,L6->L7,R6->R5,23.769728648009426,False,17.848923519261888,-16.460176991150444,-6.902654867256637,4.242640687119285,7.146199049999993
SMILE_BOTH,73,L6->L7,R5->R4,16.64331697709324,False,38.00057001282532,-36.8231046931408,9.386281588447655,6.324555320336759,7.244262449999994
SMILE_BOTH,74,L6->L7,R4->R3,13.601470508735444,False,22.05643866281423,-6.486486486486487,21.08108108108108,3.0,7.3433351999999985
SMILE_BOTH,75,L6->L7,R3->R2,3.1622776601683795,False,44.721359549995796,-40.0,20.0,1.4142135623730951,7.4423506999999915
SMILE_BOTH,76,L6->L7,R2->R1,61.5223536610881,True,11.493493650809091,-11.492734478203435,0.1321003963011888,7.0710678118654755,7.54085289999999
SMILE_BOTH,77,L6->L7,R1->L1,69.26037828369117,True,11.550615515312266,-11.507191994996873,-1.0006253908692933,8.0,7.640339299999994
SMILE_BOTH,78,L7->L8,L1->L2,19.026297590440446,False,56.60759568735243,-51.38121546961325,-23.756906077348063,10.770329614269007,7.740296099999995
SMILE_BOTH,79,L7->L8,L2->L3,29.427877939124322,False,3.3981383301529244,3.348729792147806,-0.5773672055427251,1.0,7.838268649999989
SMILE_BOTH,80,L7->L8,L3->L4,31.622776601683793,False,24.083189157584588,24.0,2.0,7.615773105863909,7.9346599
SMILE_BOTH,81,L7->L8,L4->L5,100.56838469419701,True,10.709458690242318,10.698042317579592,0.49436424757761493,10.770329614269007,8.03118984999999
SMILE_BOTH,82,L7->L8,L5->L6,221.65288177689007,True,4.87999693019093,4.8056177488296346,0.8487685731732139,10.816653826391969,8.12922055
SMILE_BOTH,83,L7->L8,R8->R7,147.73286702694156,True,25.27285238320058,25.223367697594508,-1.580756013745704,37.33630940518894,8.228225699999996
SMILE_BOTH,84,L7->L8,R7->R6,75.15317691222374,True,1.8817748237374536,0.6373937677053824,-1.7705382436260624,1.4142135623730951,8.327236099999993
SMILE_BOTH,85,L7->L8,R6->R5,28.0178514522438,False,18.199181055278356,16.687898089171973,-7.261146496815287,5.0990195135927845,8.425704699999997
SMILE_BOTH,86,L7->L8,R5->R4,17.88854381999832,False,30.10398644698074,-30.000000000000004,2.5,5.385164807134504,8.523233950000005
SMILE_BOTH,87,L7->L8,R4->R3,13.0,False,46.790481002293994,-24.85207100591716,39.64497041420118,6.082762530298219,8.620182749999984
SMILE_BOTH,88,L7->L8,R3->R2,2.23606797749979,False,0.0,-0.0,-0.0,0.0,8.717134999999999
SMILE_BOTH,89,L7->L8,R2->R1,56.32051136131489,True,21.962366068553038,-20.617906683480452,-7.566204287515762,12.36931687685298,8.816133800000003
SMILE_BOTH,90,L7->L8,R1->L1,74.02702209328699,True,4.271788288583806,-1.2408759124087592,4.087591240875913,3.1622776601683795,8.915721299999987
SMILE_BOTH,91,L8->R8,L1->L2,8.54400374531753,False,16.552117772047357,-6.8493150684931505,15.068493150684931,1.4142135623730951,9.013770899999997
SMILE_BOTH,92,L8->R8,L2->L3,26.30589287593181,False,15.673695795325143,15.606936416184972,1.4450867052023117,4.123105625617661,9.112757049999999
SMILE_BOTH,93,L8->R8,L3->L4,31.016124838541646,False,13.293426071377413,13.201663201663202,-1.5592515592515592,4.123105625617661,9.211268549999986
SMILE_BOTH,94,L8->R8,L4->L5,74.63243262818116,True,19.91904621598129,19.910233393177737,0.5924596050269297,14.866068747318506,9.308715499999991
SMILE_BOTH,95,L8->R8,L5->L6,65.14598989960932,True,23.38063514761199,23.279924599434494,2.167766258246937,15.231546211727817,9.406661449999987
SMILE_BOTH,96,L8->R8,L6->L7,358.39782365410645,True,4.499055081360941,4.459357410334063,0.5963456313400649,16.1245154965971,9.504735449999984
SMILE_BOTH,97,L8->R8,R7->R6,382.602927328059,True,5.732238473088364,5.732144686955632,-0.03279024490214173,21.93171219946131,9.60253809999999
SMILE_BOTH,98,L8->R8,R6->R5,87.32124598286491,True,20.0,19.895081967213113,-2.0459016393442617,17.46424919657298,9.700083849999984
SMILE_BOTH,99,L8->R8,R5->R4,46.95742752749558,False,23.80952380952381,23.80952380952381,0.0,11.180339887498949,9.796814400000002
SMILE_BOTH,100,L8->R8,R4->R3,22.80350850198276,False,9.805806756909202,8.846153846153847,-4.230769230769231,2.23606797749979,9.894340749999984
SMILE_BOTH,101,L8->R8,R3->R2,8.602325267042627,False,25.993762245501824,25.67567567567568,-4.054054054054054,2.23606797749979,9.991855099999995
SMILE_BOTH,102,L8->R8,R2->R1,47.80167361086848,False,23.011746596041718,-22.144420131291028,-6.258205689277899,11.0,10.089798599999995
SMILE_BOTH,103,L8->R8,R1->L1,88.36288813749809,True,3.578739589461676,1.4344262295081966,3.2786885245901636,3.1622776601683795,10.189251199999987
SMILE_BOTH,104,R8->R7,L1->L2,10.816653826391969,False,91.0527225875113,-76.92307692307693,48.71794871794872,9.848857801796104,10.28774
SMILE_BOTH,105,R8->R7,L2->L3,16.0,False,0.0,0.0,0.0,0.0,10.3852318
SMILE_BOTH,106,R8->R7,L3->L4,17.72004514666935,False,25.237723256253435,-24.840764331210192,-4.45859872611465,4.47213595499958,10.483266400000005
SMILE_BOTH,107,R8->R7,L4->L5,37.8549864614954,False,5.906931124580456,-5.722260990928123,-1.465457083042568,2.23606797749979,10.582298249999994
SMILE_BOTH,108,R8->R7,L5->L6,19.1049731745428,False,28.187240871451134,27.123287671232877,7.671232876712329,5.385164807134504,10.680771799999988
SMILE_BOTH,109,R8->R7,L6->L7,66.18912297349165,True,10.134903789533462,10.134672449212507,-0.06847751654873298,6.708203932499369,10.778711599999994
SMILE_BOTH,110,R8->R7,L7->L8,149.9399879951976,True,26.155359638625043,26.154256738724307,-0.2401921537229789,39.21734310225516,10.882824549999995
SMILE_BOTH,111,R8->R7,R6->R5,209.50656314301946,True,0.6750211263824148,-0.18453967603034657,0.6493062675141823,1.4142135623730951,10.98632409999999
SMILE_BOTH,112,R8->R7,R5->R4,60.8276253029822,True,18.380365552345193,18.378378378378375,-0.27027027027026984,11.180339887498949,11.084636399999994
SMILE_BOTH,113,R8->R7,R4->R3,24.08318915758459,False,27.854300726557778,25.86206896551724,-10.344827586206897,6.708203932499369,11.1837771
SMILE_BOTH,114,R8->R7,R3->R2,10.295630140987,False,13.736056394868903,13.20754716981132,3.7735849056603774,1.4142135623730951,11.281781850000002
SMILE_BOTH,115,R8->R7,R2->R1,36.6742416417845,False,12.194215216993848,0.14869888475836418,12.193308550185874,4.47213595499958,11.37965014999999
SMILE_BOTH,116,R8->R7,R1->L1,74.00675644831355,True,4.272958054008109,-1.2963301077232061,4.071572028482747,3.1622776601683795,11.477699999999999
SMILE_BOTH,117,R7->R6,L1->L2,25.45584412271571,False,5.555555555555555,-5.555555555555555,0.0,1.4142135623730951,11.57574425
SMILE_BOTH,118,R7->R6,L2->L3,20.024984394500787,False,15.791661046371633,-15.211970074812967,-4.239401496259351,3.1622776601683795,11.673254449999988
SMILE_BOTH,119,R7->R6,L3->L4,26.40075756488817,False,11.977980754514665,-11.908177905308465,1.2912482065997128,3.1622776601683795,11.770796449999992
SMILE_BOTH,120,R7->R6,L4->L5,46.84015371452148,False,11.496898238113564,-11.440291704649043,-1.1394712853236102,5.385164807134504,11.868788999999992
SMILE_BOTH,121,R7->R6,L5->L6,11.045361017187261,False,27.160723812755556,-27.04918032786885,-2.4590163934426226,3.0,11.9674203
SMILE_BOTH,122,R7->R6,L6->L7,58.9406481131655,True,17.71325365962257,-17.70293609671848,-0.6044905008635582,10.44030650891055,12.067360300000004
SMILE_BOTH,123,R7->R6,L7->L8,80.95677859203639,True,1.235227015441507,1.1748550503509307,-0.3814464449191334,1.0,12.167741800000002
SMILE_BOTH,124,R7->R6,L8->R8,391.86222068477076,True,5.167238805499761,5.166844669045821,-0.06382036520878367,20.248456731316587,12.267307299999985
SMILE_BOTH,125,R7->R6,R5->R4,106.06601717798213,True,27.14569742866978,-26.853333333333335,3.9733333333333323,28.792360097775937,12.365850199999997
SMILE_BOTH,126,R7->R6,R4->R3,15.264337522473747,False,76.68003864227154,-60.08583690987125,47.63948497854077,11.704699910719626,12.463564599999998
SMILE_BOTH,127,R7->R6,R3->R2,22.825424421026653,False,27.708379934922974,-27.255278310940493,4.990403071017275,6.324555320336759,12.562091499999994
SMILE_BOTH,128,R7->R6,R2->R1,28.442925306655784,False,11.11797617887212,-9.765142150803461,5.3152039555006185,3.1622776601683795,12.661790350000004
SMILE_BOTH,129,R7->R6,R1->L1,79.40403012442127,True,15.164966513568457,-15.162569389373513,0.2696272799365582,12.041594578792296,12.761298400000001
SMILE_BOTH,130,R6->R5,L1->L2,10.295630140987,False,27.472112789737807,-7.547169811320755,26.41509433962264,2.8284271247461903,12.859804949999997
SMILE_BOTH,131,R6->R5,L2->L3,26.076809620810597,False,5.423261445466405,-4.117647058823529,-3.529411764705883,1.4142135623730951,12.957856149999984
SMILE_BOTH,132,R6->R5,L3->L4,5.830951894845301,False,38.34824944236853,38.235294117647065,-2.941176470588235,2.23606797749979,13.057446049999996
SMILE_BOTH,133,R6->R5,L4->L5,19.4164878389476,False,11.516335992621968,-11.140583554376656,-2.917771883289125,2.23606797749979,13.157959849999997
SMILE_BOTH,134,R6->R5,L5->L6,43.46262762420146,False,0.0,0.0,0.0,0.0,13.257954399999988
SMILE_BOTH,135,R6->R5,L6->L7,26.248809496813376,False,12.04731841477337,-12.046444121915819,-0.1451378809869375,3.1622776601683795,13.357870599999998
SMILE_BOTH,136,R6->R5,L7->L8,25.298221281347036,False,17.67766952966369,17.5,2.5,4.47213595499958,13.455747149999993
SMILE_BOTH,137,R6->R5,L8->R8,84.30895563343196,True,21.01798677677206,20.906021384355657,-2.166572875633089,17.72004514666935,13.55178445
SMILE_BOTH,138,R6->R5,R8->R7,202.2325394193526,True,1.563683900349503,0.10758472296933833,1.559978483055406,3.1622776601683795,13.649317749999994
SMILE_BOTH,139,R6->R5,R4->R3,394.62007044751283,True,0.5666381780744226,-0.041740247230695145,0.5650987317386418,2.23606797749979,13.747711049999992
SMILE_BOTH,140,R6->R5,R3->R2,213.55093069335942,True,1.9307364347374734,-1.9121129725462676,0.267520392947987,4.123105625617661,13.846127149999987
SMILE_BOTH,141,R6->R5,R2->R1,145.6605643267937,True,6.899517153162818,5.212801055757176,-4.519960409105906,10.04987562112089,13.94469685
SMILE_BOTH,142,R6->R5,R1->L1,107.67079455451233,True,6.761452740645183,-6.2537738290347615,2.570516691106702,7.280109889280518,14.04277764999999
SMILE_BOTH,143,R5->R4,L1->L2,69.83552104767315,True,2.0250633791472445,0.5536190280910397,-1.947918802542547,1.4142135623730951,14.140274399999996
SMILE_BOTH,144,R5->R4,L2->L3,14.035668847618199,False,10.075854437197568,6.598984771573605,-7.614213197969544,1.4142135623730951,14.238221999999993
SMILE_BOTH,145,R5->R4,L3->L4,62.6418390534633,True,3.5696078073176603,-3.516819571865443,-0.6116207951070336,2.23606797749979,14.336659549999993
SMILE_BOTH,146,R5->R4,L4->L5,73.97972695272672,True,3.0225415388848953,-2.941713868079664,-0.694317558925635,2.23606797749979,14.435698450000004
SMILE_BOTH,147,R5->R4,L5->L6,13.45362404707371,False,7.432941462471663,-5.524861878453039,-4.972375690607735,1.0,14.534239949999986
SMILE_BOTH,148,R5->R4,L6->L7,28.861739379323623,False,17.667055497166924,-17.64705882352941,0.8403361344537815,5.0990195135927845,14.631181649999988
SMILE_BOTH,149,R5->R4,L7->L8,26.019223662515376,False,19.2165610506022,-19.202363367799112,-0.7385524372230429,5.0,14.728644499999987
SMILE_BOTH,150,R5->R4,L8->R8,52.172789842982326,True,23.3177583510666,23.291697281410727,-1.1021307861866276,12.165525060596439,14.827671199999983
SMILE_BOTH,151,R5->R4,R8->R7,66.49060083951716,True,13.451934253966519,13.02872653245872,3.347658900701199,8.94427190999916,14.926244449999999
SMILE_BOTH,152,R5->R4,R7->R6,101.53324578678651,True,24.916194774735878,-24.91027257735959,-0.5432146667960033,25.298221281347036,15.024716900000001
SMILE_BOTH,153,R5->R4,R3->R2,292.5149568825499,True,3.151819843863472,-3.1367965873897035,0.30736866709519084,9.219544457292887,15.124708649999988
SMILE_BOTH,154,R5->R4,R2->R1,67.68308503607086,True,31.341957040361134,-29.273084479371313,-11.19842829076621,21.213203435596427,15.223309600000007
SMILE_BOTH,155,R5->R4,R1->L1,31.304951684997057,False,25.753937681885642,-24.285714285714285,-8.571428571428571,8.06225774829855,15.319768749999994
SMILE_BOTH,156,R4->R3,L1->L2,44.181444068749045,False,4.526787302125926,-4.508196721311474,0.40983606557377045,2.0,15.416231949999997
SMILE_BOTH,157,R4->R3,L2->L3,11.40175425099138,False,0.0,0.0,0.0,0.0,15.512781899999993
SMILE_BOTH,158,R4->R3,L3->L4,47.51841748206689,False,6.654846326399235,-6.554472984942428,-1.1514614703277237,3.1622776601683795,15.610281699999987
SMILE_BOTH,159,R4->R3,L4->L5,25.0,False,12.649110640673516,-12.0,4.0,3.1622776601683795,15.710267549999998
SMILE_BOTH,160,R4->R3,L5->L6,3.605551275463989,False,0.0,0.0,-0.0,0.0,15.809352149999995
SMILE_BOTH,161,R4->R3,L6->L7,5.830951894845301,False,51.449575542752655,-44.11764705882353,26.47058823529412,3.0,15.906954799999994
SMILE_BOTH,162,R4->R3,L7->L8,12.041594578792296,False,42.34505222898966,-36.55172413793103,21.379310344827584,5.0990195135927845,16.004378349999996
SMILE_BOTH,163,R4->R3,L8->R8,21.470910553583888,False,4.657464328326222,2.1691973969631233,4.1214750542299345,1.0,16.102244199999987
SMILE_BOTH,164,R4->R3,R8->R7,20.591260281974,False,34.340140987172255,32.075471698113205,-12.264150943396228,7.0710678118654755,16.201207199999985
SMILE_BOTH,165,R4->R3,R7->R6,21.470910553583888,False,53.103263704334225,-51.84381778741866,11.496746203904554,11.40175425099138,16.299209799999986
SMILE_BOTH,166,R4->R3,R6->R5,376.36418533117626,True,0.26570009553912904,0.0797740910695376,0.25344158136251327,1.0,16.39665275
SMILE_BOTH,167,R4->R3,R2->R1,562.8943062422998,True,1.256198141187399,-1.126716111724791,-0.5554678870127822,7.0710678118654755,16.49415719999999
SMILE_BOTH,168,R4->R3,R1->L1,123.79418403139947,True,6.4623391337761555,-6.36867862969005,1.0962479608482871,8.0,16.593246500000006
SMILE_BOTH,169,R3->R2,L1->L2,30.805843601498726,False,3.2461373658059776,2.634351949420443,-1.8967334035827188,1.0,16.693330849999995
SMILE_BOTH,170,R3->R2,L2->L3,25.019992006393608,False,5.6523341894422146,-4.15335463258786,-3.8338658146964857,1.4142135623730951,16.793908549999983
SMILE_BOTH,171,R3->R2,L3->L4,16.1245154965971,False,0.0,0.0,0.0,0.0,16.89383954999998
SMILE_BOTH,172,R3->R2,L4->L5,8.48528137423857,False,0.0,-0.0,-0.0,0.0,16.99227839999999
SMILE_BOTH,173,R3->R2,L5->L6,10.770329614269007,False,0.0,0.0,0.0,0.0,17.090204749999998
SMILE_BOTH,174,R3->R2,L6->L7,13.341664064126334,False,16.760038078849774,-16.292134831460675,-3.932584269662921,2.23606797749979,17.18765334999999
SMILE_BOTH,175,R3->R2,L7->L8,10.295630140987,False,0.0,0.0,0.0,0.0,17.28616565
SMILE_BOTH,176,R3->R2,L8->R8,15.033296378372908,False,33.25950526188697,33.1858407079646,2.2123893805309733,5.0,17.38375359999999
SMILE_BOTH,177,R3->R2,R8->R7,19.026297590440446,False,7.432941462471663,4.972375690607735,5.524861878453039,1.4142135623730951,17.481312950000003
SMILE_BOTH,178,R3->R2,R7->R6,25.019992006393608,False,25.27800695827793,-23.642172523961662,-8.945686900958467,6.324555320336759,17.58025395
SMILE_BOTH,179,R3->R2,R6->R5,233.85465571589546,True,1.352240625908323,-1.3458162668227032,-0.13165593914569926,3.1622776601683795,17.680297350000004
SMILE_BOTH,180,R3->R2,R5->R4,319.513692977312,True,2.885492753497594,-2.8817992144109557,0.14595108189912726,9.219544457292887,17.779792299999983
SMILE_BOTH,181,R3->R2,R1->L1,74.16872656315464,True,10.870157978826214,-10.670787129612798,2.0723504817305947,8.06225774829855,17.877725899999987
SMILE_BOTH,182,R2->R1,L1->L2,381.63464203345063,True,2.471992867783137,2.168285900648838,1.1871330976003296,9.433981132056603,17.975761149999997
SMILE_BOTH,183,R2->R1,L2->L3,20.808652046684813,False,0.0,0.0,0.0,0.0,18.073807299999984
SMILE_BOTH,184,R2->R1,L3->L4,22.0,False,4.545454545454546,0.0,4.545454545454546,1.0,18.172718999999987
SMILE_BOTH,185,R2->R1,L4->L5,20.615528128088304,False,14.55213750217998,14.117647058823529,-3.5294117647058822,3.0,18.272218599999988
SMILE_BOTH,186,R2->R1,L5->L6,21.2602916254693,False,4.703604341917987,-3.0973451327433628,3.5398230088495577,1.0,18.37135155
SMILE_BOTH,187,R2->R1,L6->L7,7.615773105863909,False,13.130643285972255,-5.1724137931034475,12.068965517241379,1.0,18.47082404999999
SMILE_BOTH,188,R2->R1,L7->L8,14.317821063276353,False,37.611622490148754,-6.341463414634147,37.07317073170732,5.385164807134504,18.569706249999996
SMILE_BOTH,189,R2->R1,L8->R8,14.422205101855956,False,42.176369614348665,38.46153846153847,17.307692307692307,6.082762530298219,18.668181950000005
SMILE_BOTH,190,R2->R1,R8->R7,23.40939982143925,False,25.984273739164323,-25.54744525547445,-4.744525547445256,6.082762530298219,18.76633394999999
SMILE_BOTH,191,R2->R1,R7->R6,37.64306044943742,False,8.400692245562725,-8.398023994354268,0.21171489061397297,3.1622776601683795,18.8643364
SMILE_BOTH,192,R2->R1,R6->R5,153.46986674914396,True,4.561155976920171,4.547191440580818,-0.3566424659279073,7.0,18.96467785
SMILE_BOTH,193,R2->R1,R5->R4,8.602325267042627,False,129.9688112275091,-117.56756756756756,55.40540540540542,11.180339887498949,19.064675100000002
SMILE_BOTH,194,R2->R1,R4->R3,502.7255712612996,True,0.8201503685744703,0.24136143677319538,0.783831157783115,4.123105625617661,19.161758799999987
SMILE_BOTH,195,R1->L1,L2->L3,27.313000567495326,False,0.0,-0.0,0.0,0.0,19.259362749999994
SMILE_BOTH,196,R1->L1,L3->L4,34.785054261852174,False,2.874797872880345,2.7272727272727275,-0.9090909090909091,1.0,19.35941634999999
SMILE_BOTH,197,R1->L1,L4->L5,31.38470965295043,False,7.124704998790965,7.1065989847715745,-0.5076142131979693,2.23606797749979,19.459438449999993
SMILE_BOTH,198,R1->L1,L5->L6,11.180339887498949,False,12.64911064067352,7.200000000000001,-10.4,1.4142135623730951,19.559450799999993
SMILE_BOTH,199,R1->L1,L6->L7,12.0,False,16.666666666666664,-16.666666666666664,-0.0,2.0,19.659380099999993
SMILE_BOTH,200,R1->L1,L7->L8,12.36931687685298,False,18.07753815155468,13.725490196078432,11.76470588235294,2.23606797749979,19.757391499999997
SMILE_BOTH,201,R1->L1,L8->R8,21.02379604162864,False,33.295604590814584,33.257918552036195,-1.583710407239819,7.0,19.85581409999999
SMILE_BOTH,202,R1->L1,R8->R7,15.033296378372908,False,14.874102932718241,12.831858407079647,7.52212389380531,2.23606797749979,19.954688649999994
SMILE_BOTH,203,R1->L1,R7->R6,5.0,False,63.245553203367585,-36.0,-52.0,3.1622776601683795,20.054176400000003
SMILE_BOTH,204,R1->L1,R6->R5,35.0,False,2.857142857142857,2.857142857142857,0.0,1.0,20.1527392
SMILE_BOTH,205,R1->L1,R5->R4,51.478150704935004,True,3.8851434494290564,3.8490566037735845,-0.5283018867924528,2.0,20.2492108
SMILE_BOTH,206,R1->L1,R4->R3,53.23532661682466,True,0.0,0.0,0.0,0.0,20.346641050000002
SMILE_BOTH,207,R1->L1,R3->R2,5.830951894845301,False,17.149858514250884,14.705882352941178,-8.823529411764707,1.0,20.44512059999998
PUFF_LEFT,0,L1->L2,L3->L4,343.42393626536864,True,4.604043757923794,4.604035950483296,0.008478887569950928,15.811388300841896,0.04931999999999448
PUFF_LEFT,1,L1->L2,L4->L5,106.7379969832674,True,3.747493969394098,3.6162555955411215,-0.9830597735451592,4.0,0.1477019499999983
PUFF_LEFT,2,L1->L2,L5->L6,96.84007434941384,True,4.381079543383234,3.8387715930902107,2.1113243761996157,4.242640687119285,0.24518679999999904
PUFF_LEFT,3,L1->L2,L6->L7,56.462376853972415,True,1.7710908674395363,0.6900878293601004,1.631116687578419,1.0,0.342823750000008
PUFF_LEFT,4,L1->L2,L7->L8,21.095023109728988,False,17.091952242522623,-13.258426966292133,-10.786516853932584,3.605551275463989,0.44178379999999606
PUFF_LEFT,5,L1->L2,L8->R8,7.211102550927978,False,31.008683647302114,-26.923076923076923,15.384615384615389,2.23606797749979,0.540805050000003
PUFF_LEFT,6,L1->L2,R8->R7,4.0,False,100.0,0.0,100.0,4.0,0.6387525000000096
PUFF_LEFT,7,L1->L2,R7->R6,25.0,False,5.656854249492381,0.8,-5.6000000000000005,1.4142135623730951,0.7351919500000008
PUFF_LEFT,8,L1->L2,R6->R5,11.40175425099138,False,17.541160386140586,16.923076923076923,4.615384615384616,2.0,0.8358450500000032
PUFF_LEFT,9,L1->L2,R5->R4,72.11102550927978,True,1.386750490563073,0.46153846153846156,1.3076923076923077,1.0,0.9372909500000048
PUFF_LEFT,10,L1->L2,R4->R3,52.15361924162119,True,1.9174124721184262,1.911764705882353,-0.1470588235294118,1.0,1.0358114
PUFF_LEFT,11,L1->L2,R3->R2,29.410882339705484,False,3.4001020045902295,-3.236994219653179,1.0404624277456647,1.0,1.1353134499999982
PUFF_LEFT,12,L1->L2,R2->R1,435.2470562795342,True,1.6246101403438635,1.4695945945945947,-0.6925675675675677,7.0710678118654755,1.23322730000001
PUFF_LEFT,13,L2->L3,L4->L5,290.73871431235295,True,3.5909584774781953,-3.5845686095896085,0.21412769582036928,10.44030650891055,1.3297423500000036
PUFF_LEFT,14,L2->L3,L5->L6,193.2174940319846,True,4.421961783596668,-4.41968231859213,-0.14196555326386848,8.54400374531753,1.427299650000009
PUFF_LEFT,15,L2->L3,L6->L7,51.07837115648854,True,6.1910307407417635,-6.170946722882331,0.4982752012265236,3.1622776601683795,1.5272641999999905
PUFF_LEFT,16,L2->L3,L7->L8,22.02271554554524,False,4.540766091864998,4.536082474226804,-0.2061855670103093,1.0,1.6272074999999973
PUFF_LEFT,17,L2->L3,L8->R8,18.24828759089466,False,16.43989873053573,-16.216216216216218,2.7027027027027026,3.0,1.726678149999998
PUFF_LEFT,18,L2->L3,R8->R7,11.0,False,12.856486930664502,9.090909090909092,-9.090909090909092,1.4142135623730951,1.8255860499999983
PUFF_LEFT,19,L2->L3,R7->R6,7.211102550927978,False,13.867504905630728,-11.538461538461538,-7.6923076923076925,1.0,1.9231074500000034
PUFF_LEFT,20,L2->L3,R6->R5,21.095023109728988,False,6.70401523153991,-5.168539325842698,-4.269662921348314,1.4142135623730951,2.0202936000000022
PUFF_LEFT,21,L2->L3,R5->R4,4.0,False,25.0,25.0,-0.0,1.0,2.118269650000002
PUFF_LEFT,22,L2->L3,R4->R3,15.0,False,6.666666666666668,4.0,-5.333333333333334,1.0,2.216603649999996
PUFF_LEFT,23,L2->L3,R3->R2,10.04987562112089,False,9.950371902099892,-9.900990099009901,0.9900990099009903,1.0,2.3146672500000136
PUFF_LEFT,24,L2->L3,R2->R1,59.30430001273095,True,8.598060364085185,-8.217230594256469,2.5305658231447254,5.0990195135927845,2.412231399999996
PUFF_LEFT,25,L2->L3,R1->L1,28.844410203711913,False,14.294296872421642,-13.461538461538463,-4.8076923076923075,4.123105625617661,2.5096676999999943
PUFF_LEFT,26,L3->L4,L1->L2,370.7344062802912,True,5.374429377916227,5.353453042693751,0.4743750181892261,19.924858845171276,2.608747700000009
PUFF_LEFT,27,L3->L4,L5->L6,297.5987231155403,True,1.8095389492124125,-1.807711850053633,-0.0812962231129679,5.385164807134504,2.708764500000001
PUFF_LEFT,28,L3->L4,L6->L7,29.120439557122072,False,7.67868896042439,5.660377358490567,-5.188679245283018,2.23606797749979,2.8081089499999905
PUFF_LEFT,29,L3->L4,L7->L8,22.47220505424423,False,22.249707974499238,20.792079207920793,7.9207920792079225,5.0,2.9076278999999943
PUFF_LEFT,30,L3->L4,L8->R8,21.470910553583888,False,10.414406840917833,-0.21691973969631212,-10.412147505422992,2.23606797749979,3.0066856500000085
PUFF_LEFT,31,L3->L4,R8->R7,8.48528137423857,False,48.591265790377506,-25.0,41.666666666666664,4.123105625617661,3.1047894499999984
PUFF_LEFT,32,L3->L4,R7->R6,25.80697580112788,False,3.8749212914606423,-3.153153153153153,2.2522522522522523,1.0,3.2048262499999964
PUFF_LEFT,33,L3->L4,R6->R5,16.0312195418814,False,12.475657231036106,12.45136186770428,-0.7782101167315175,2.0,3.305749250000005
PUFF_LEFT,34,L3->L4,R5->R4,63.89053137985315,True,3.499842510630452,-3.454189122978932,-0.5634492895639392,2.23606797749979,3.4046690499999954
PUFF_LEFT,35,L3->L4,R4->R3,63.0,True,3.1746031746031744,-3.1746031746031744,-0.0,2.0,3.503128800000013
PUFF_LEFT,36,L3->L4,R3->R2,16.15549442140351,False,0.0,0.0,0.0,0.0,3.6007458999999926
PUFF_LEFT,37,L3->L4,R2->R1,33.28663395418648,False,21.242964433104373,-19.314079422382672,-8.84476534296029,7.0710678118654755,3.6986035000000044
PUFF_LEFT,38,L3->L4,R1->L1,139.30183056945089,True,4.366606314814774,-4.1690286008760635,1.2986343725843856,6.082762530298219,3.7966881000000114
PUFF_LEFT,39,L4->L5,L1->L2,87.66413177577246,True,3.4221521838297644,3.35718932986337,-0.66363044892648,3.0,3.8941673500000036
PUFF_LEFT,40,L4->L5,L2->L3,286.0,True,3.7658495154786746,-3.7654653039268426,0.053792361484669246,10.770329614269007,3.9921473500000104
PUFF_LEFT,41,L4->L5,L6->L7,214.7091055358389,True,0.9314928656652446,-0.841648590021692,0.39913232104121477,2.0,4.090638799999994
PUFF_LEFT,42,L4->L5,L7->L8,75.96051605933177,True,5.427958944350979,5.424610051993067,-0.1906412478336221,4.123105625617661,4.188640149999998
PUFF_LEFT,43,L4->L5,L8->R8,53.45091205957107,True,3.741750931716561,-3.5701785089254465,1.12005600280014,2.0,4.286191599999995
PUFF_LEFT,44,L4->L5,R8->R7,23.345235059857504,False,9.578262852211514,2.7522935779816518,-9.174311926605505,2.23606797749979,4.385168649999997
PUFF_LEFT,45,L4->L5,R7->R6,22.360679774997898,False,8.944271909999161,-8.8,1.6,2.0,4.484272300000001
PUFF_LEFT,46,L4->L5,R6->R5,7.280109889280518,False,38.851434494290565,-33.9622641509434,-18.867924528301888,2.8284271247461903,4.581326450000006
PUFF_LEFT,47,L4->L5,R5->R4,45.60701700396552,False,4.9029033784546,-4.8076923076923075,-0.9615384615384616,2.23606797749979,4.678186650000001
PUFF_LEFT,48,L4->L5,R4->R3,36.069377593742864,False,3.920814986889116,-3.920061491160646,0.07686395080707142,1.4142135623730951,4.776621150000011
PUFF_LEFT,49,L4->L5,R3->R2,16.1245154965971,False,6.201736729460423,-0.7692307692307693,6.153846153846154,1.0,4.875693150000004
PUFF_LEFT,50,L4->L5,R2->R1,126.19429464123962,True,3.5438495596916697,-3.0769230769230766,1.7582417582417582,4.47213595499958,4.973211050000003
PUFF_LEFT,51,L4->L5,R1->L1,37.0,False,16.43989873053573,-7.815924032140248,-14.463111760409058,6.082762530298219,5.071952299999992
PUFF_LEFT,52,L5->L6,L1->L2,105.94810050208545,True,4.221062891931272,4.169265033407572,0.6592427616926503,4.47213595499958,5.170448550000003
PUFF_LEFT,53,L5->L6,L2->L3,211.15160430363773,True,3.6067796553003526,-3.6043512392060113,-0.1323315016261075,7.615773105863909,5.267627199999993
PUFF_LEFT,54,L5->L6,L3->L4,327.6171546180084,True,1.930471353892014,-1.9248506982940943,0.14720542610380774,6.324555320336759,5.365661899999992
PUFF_LEFT,55,L5->L6,L7->L8,211.29363454680788,True,6.574946765077399,-6.536006271698959,-0.7145257027662674,13.892443989449804,5.464347250000003
PUFF_LEFT,56,L5->L6,L8->R8,62.39390995922599,True,20.896918976428644,20.52401746724891,3.9301310043668125,13.038404810405298,5.56280885000001
PUFF_LEFT,57,L5->L6,R8->R7,19.6468827043885,False,30.96044610140377,30.829015544041454,-2.849740932642487,6.082762530298219,5.660662400000007
PUFF_LEFT,58,L5->L6,R7->R6,3.1622776601683795,False,70.71067811865476,10.0,70.0,2.23606797749979,5.758148199999994
PUFF_LEFT,59,L5->L6,R6->R5,42.720018726587654,False,4.681645887845223,4.493150684931506,1.3150684931506849,2.0,5.855768900000001
PUFF_LEFT,60,L5->L6,R5->R4,6.0,False,23.570226039551585,-16.666666666666664,-16.666666666666664,1.4142135623730951,5.953927750000005
PUFF_LEFT,61,L5->L6,R4->R3,8.0,False,12.5,0.0,-12.5,1.0,6.052329350000008
PUFF_LEFT,62,L5->L6,R3->R2,3.1622776601683795,False,0.0,0.0,-0.0,0.0,6.1517008
PUFF_LEFT,63,L5->L6,R2->R1,38.8329756778952,False,10.617537166910045,-10.610079575596817,0.3978779840848808,4.123105625617661,6.251248849999996
PUFF_LEFT,64,L5->L6,R1->L1,79.40403012442127,True,6.296909605425953,-6.26486915146709,0.63441712926249,5.0,6.35025834999999
PUFF_LEFT,65,L6->L7,L1->L2,52.0,True,1.9230769230769231,-0.7396449704142012,-1.7751479289940828,1.0,6.44777345
PUFF_LEFT,66,L6->L7,L2->L3,55.362442142665635,True,5.108927668793053,-4.632952691680262,-2.1533442088091355,2.8284271247461903,6.544780099999997
PUFF_LEFT,67,L6->L7,L3->L4,45.221676218380054,False,0.0,-0.0,0.0,0.0,6.641759350000001
PUFF_LEFT,68,L6->L7,L4->L5,247.34186867572583,True,1.715294183647307,-1.6182287750498545,-0.5688319330478276,4.242640687119285,6.73925890000001
PUFF_LEFT,69,L6->L7,L8->R8,344.30509726113553,True,19.65788063391265,19.2963069188332,-3.752973529262902,67.68308503607086,6.838743350000001
PUFF_LEFT,70,L6->L7,R8->R7,60.41522986797286,True,34.12306495090726,33.013698630136986,-8.63013698630137,20.615528128088304,6.937191900000002
PUFF_LEFT,71,L6->L7,R7->R6,45.880278987817846,False,17.97332412347549,17.95724465558195,-0.7600950118764849,8.246211251235321,7.034632049999999
PUFF_LEFT,72,L6->L7,R6->R5,23.769728648009426,False,4.207031619116712,3.893805309734513,-1.592920353982301,1.0,7.133174300000007
PUFF_LEFT,73,L6->L7,R5->R4,16.64331697709324,False,6.008417681261098,-3.249097472924188,-5.054151624548737,1.0,7.231714600000004
PUFF_LEFT,74,L6->L7,R4->R3,13.601470508735444,False,10.397504898200726,4.864864864864865,9.18918918918919,1.4142135623730951,7.329700799999998
PUFF_LEFT,75,L6->L7,R3->R2,3.1622776601683795,False,31.622776601683793,-30.0,-10.0,1.0,7.4276418000000035
PUFF_LEFT,76,L6->L7,R2->R1,61.5223536610881,True,6.501701840009311,-6.446499339498018,-0.8454425363276089,4.0,7.526651799999996
PUFF_LEFT,77,L6->L7,R1->L1,69.26037828369117,True,3.2284951842752494,-1.6885553470919326,2.7517198248905568,2.23606797749979,7.625657399999994
PUFF_LEFT,78,L7->L8,L1->L2,19.026297590440446,False,28.303797843676215,-25.690607734806626,-11.878453038674031,5.385164807134504,7.723672500000006
PUFF_LEFT,79,L7->L8,L2->L3,29.427877939124322,False,3.3981383301529244,0.5773672055427251,3.348729792147806,1.0,7.821669450000002
PUFF_LEFT,80,L7->L8,L3->L4,31.622776601683793,False,20.248456731316587,18.999999999999996,7.000000000000001,6.4031242374328485,7.9202041000000065
PUFF_LEFT,81,L7->L8,L4->L5,100.56838469419701,True,4.971741382944287,4.736009491793554,1.5127545975875023,5.0,8.018146050000013
PUFF_LEFT,82,L7->L8,L5->L6,221.65288177689007,True,5.451337188458956,-5.450844697740688,-0.07327498473437809,12.083045973594572,8.114682049999999
PUFF_LEFT,83,L7->L8,R8->R7,147.73286702694156,True,14.783663315664622,14.63917525773196,-2.0618556701030926,21.840329667841555,8.21174425000001
PUFF_LEFT,84,L7->L8,R7->R6,75.15317691222374,True,10.133667555742669,10.127478753541077,-0.3541076487252124,7.615773105863909,8.31024690000001
PUFF_LEFT,85,L7->L8,R6->R5,28.0178514522438,False,12.868764336229072,12.86624203821656,-0.2547770700636941,3.605551275463989,8.408692699999989
PUFF_LEFT,86,L7->L8,R5->R4,17.88854381999832,False,5.5901699437494745,-5.0,2.5,1.0,8.506152350000008
PUFF_LEFT,87,L7->L8,R4->R3,13.0,False,17.200522903844536,-13.017751479289943,11.242603550295858,2.23606797749979,8.6046872
PUFF_LEFT,88,L7->L8,R3->R2,2.23606797749979,False,44.721359549995796,20.0,-40.0,1.0,8.7037732
PUFF_LEFT,89,L7->L8,R2->R1,56.32051136131489,True,18.107149208503706,-17.276166456494323,-5.422446406052963,10.198039027185569,8.800681700000013
PUFF_LEFT,90,L7->L8,R1->L1,74.02702209328699,True,6.754290336978739,-3.905109489051095,5.510948905109489,5.0,8.898612100000008
PUFF_LEFT,91,L8->R8,L1->L2,8.54400374531753,False,11.704114719613056,4.10958904109589,10.95890410958904,1.0,8.997112150000007
PUFF_LEFT,92,L8->R8,L2->L3,26.30589287593181,False,3.8014296063485267,-0.5780346820809248,-3.757225433526011,1.0,9.094669949999997
PUFF_LEFT,93,L8->R8,L3->L4,31.016124838541646,False,7.209372509105906,-7.172557172557173,-0.7276507276507278,2.23606797749979,9.191611749999993
PUFF_LEFT,94,L8->R8,L4->L5,74.63243262818116,True,2.996107588559899,-2.1005385996409336,-2.1364452423698386,2.23606797749979,9.288658999999996
PUFF_LEFT,95,L8->R8,L5->L6,65.14598989960932,True,20.878446286095976,20.876531573986803,-0.2827521206409046,13.601470508735444,9.38630305000001
PUFF_LEFT,96,L8->R8,L6->L7,358.39782365410645,True,19.316940883407806,18.942148245607207,-3.7867169070993163,69.2314957226839,9.484242200000011
PUFF_LEFT,97,L8->R8,R7->R6,382.602927328059,True,5.259921019956668,-5.256686135874578,-0.18444512757454645,20.12461179749811,9.58326815000001
PUFF_LEFT,98,L8->R8,R6->R5,87.32124598286491,True,2.290393337255473,-1.1278688524590164,-1.9934426229508195,2.0,9.681735200000006
PUFF_LEFT,99,L8->R8,R5->R4,46.95742752749558,False,6.734350297014739,-6.666666666666668,0.9523809523809524,3.1622776601683795,9.7802978
PUFF_LEFT,100,L8->R8,R4->R3,22.80350850198276,False,4.3852900965351465,-2.6923076923076925,3.4615384615384617,1.0,9.879264849999998
PUFF_LEFT,101,L8->R8,R3->R2,8.602325267042627,False,16.43989873053573,-16.216216216216218,-2.7027027027027026,1.4142135623730951,9.977181349999995
PUFF_LEFT,102,L8->R8,R2->R1,47.80167361086848,False,2.9585021936377367,-2.5820568927789935,1.4442013129102846,1.4142135623730951,10.076182250000002
PUFF_LEFT,103,L8->R8,R1->L1,88.36288813749809,True,2.263393651062963,-2.254098360655737,0.20491803278688522,2.0,10.175686350000007
PUFF_LEFT,104,R8->R7,L1->L2,10.816653826391969,False,20.672455764868076,-20.51282051282051,-2.564102564102564,2.23606797749979,10.274244049999993
PUFF_LEFT,105,R8->R7,L2->L3,16.0,False,6.25,-6.25,-0.0,1.0,10.372693749999996
PUFF_LEFT,106,R8->R7,L3->L4,17.72004514666935,False,12.618861628126718,-12.420382165605096,-2.229299363057325,2.23606797749979,10.470624850000007
PUFF_LEFT,107,R8->R7,L4->L5,37.8549864614954,False,5.906931124580456,-3.6985345429169576,-4.6057222609909285,2.23606797749979,10.567723099999995
PUFF_LEFT,108,R8->R7,L5->L6,19.1049731745428,False,23.408229439226112,21.91780821917808,8.219178082191782,4.47213595499958,10.66472755000001
PUFF_LEFT,109,R8->R7,L6->L7,66.18912297349165,True,30.10292016280539,29.696416343300612,-4.930381191508787,19.924858845171276,10.762668149999996
PUFF_LEFT,110,R8->R7,L7->L8,149.9399879951976,True,12.949506064766048,12.823592207099011,-1.8014411529223382,19.4164878389476,10.862128049999995
PUFF_LEFT,111,R8->R7,R6->R5,209.50656314301946,True,1.3500422527648297,-1.2986125350283646,-0.36907935206069314,2.8284271247461903,10.962746400000015
PUFF_LEFT,112,R8->R7,R5->R4,60.8276253029822,True,2.324952774876386,-2.2162162162162167,-0.7027027027027027,1.4142135623730951,11.062275900000003
PUFF_LEFT,113,R8->R7,R4->R3,24.08318915758459,False,5.872202195147034,5.862068965517241,-0.34482758620689674,1.4142135623730951,11.160681750000009
PUFF_LEFT,114,R8->R7,R3->R2,10.295630140987,False,0.0,0.0,-0.0,0.0,11.257594400000002
PUFF_LEFT,115,R8->R7,R2->R1,36.6742416417845,False,11.242510931487221,-11.003717472118959,-2.304832713754647,4.123105625617661,11.3531725
PUFF_LEFT,116,R8->R7,R1->L1,74.00675644831355,True,6.889937835816315,-6.737264926054411,1.4423954719737082,5.0990195135927845,11.448706600000008
PUFF_LEFT,117,R7->R6,L1->L2,25.45584412271571,False,8.784104611578831,2.7777777777777777,-8.333333333333332,2.23606797749979,11.545666850000003
PUFF_LEFT,118,R7->R6,L2->L3,20.024984394500787,False,4.993761694389223,-4.987531172069825,0.24937655860349126,1.0,11.644241800000003
PUFF_LEFT,119,R7->R6,L3->L4,26.40075756488817,False,3.7877700953928506,-3.443328550932568,1.5781922525107603,1.0,11.742732650000008
PUFF_LEFT,120,R7->R6,L4->L5,46.84015371452148,False,4.2698408126273,-4.102096627164996,1.1850501367365542,2.0,11.841681350000002
PUFF_LEFT,121,R7->R6,L5->L6,11.045361017187261,False,9.053574604251851,-0.8196721311475409,9.016393442622949,1.0,11.94114780000001
PUFF_LEFT,122,R7->R6,L6->L7,58.9406481131655,True,14.495944681356612,14.421416234887738,1.4680483592400695,8.54400374531753,12.039145149999996
PUFF_LEFT,123,R7->R6,L7->L8,80.95677859203639,True,11.18545635785486,10.955141898077509,-2.2581629539212695,9.055385138137417,12.135648650000007
PUFF_LEFT,124,R7->R6,L8->R8,391.86222068477076,True,4.12274865210842,-4.122274609914299,-0.06251790877595152,16.15549442140351,12.23111505
PUFF_LEFT,125,R7->R6,R5->R4,106.06601717798213,True,8.055363982396383,-7.973333333333334,1.1466666666666665,8.54400374531753,12.32811670000001
PUFF_LEFT,126,R7->R6,R4->R3,15.264337522473747,False,27.0113630516044,-19.313304721030043,18.884120171673818,4.123105625617661,12.427174699999995
PUFF_LEFT,127,R7->R6,R3->R2,22.825424421026653,False,8.762159086766468,-7.677543186180421,4.222648752399232,2.0,12.525740900000002
PUFF_LEFT,128,R7->R6,R2->R1,28.442925306655784,False,21.38585417891184,-7.169344870210137,-20.14833127317676,6.082762530298219,12.625175049999996
PUFF_LEFT,129,R7->R6,R1->L1,79.40403012442127,True,8.815673447596334,-8.770816812053924,0.8881839809674861,7.0,12.724164349999995
PUFF_LEFT,130,R6->R5,L1->L2,10.295630140987,False,13.736056394868903,-3.7735849056603774,13.20754716981132,1.4142135623730951,12.821681850000004
PUFF_LEFT,131,R6->R5,L2->L3,26.076809620810597,False,3.8348249442368525,-3.823529411764706,0.2941176470588236,1.0,12.920199150000002
PUFF_LEFT,132,R6->R5,L3->L4,5.830951894845301,False,34.29971702850177,29.411764705882355,-17.647058823529413,2.0,13.017746299999999
PUFF_LEFT,133,R6->R5,L4->L5,19.4164878389476,False,11.516335992621968,-11.140583554376656,-2.917771883289125,2.23606797749979,13.115243300000003
PUFF_LEFT,134,R6->R5,L5->L6,43.46262762420146,False,2.3008272961461866,2.1175224986765486,0.8999470619375332,1.0,13.213262150000006
PUFF_LEFT,135,R6->R5,L6->L7,26.248809496813376,False,8.518740546199817,8.41799709724238,1.3062409288824381,2.23606797749979,13.312280049999998
PUFF_LEFT,136,R6->R5,L7->L8,25.298221281347036,False,16.29800601300662,16.249999999999996,-1.2499999999999998,4.123105625617661,13.411678899999998
PUFF_LEFT,137,R6->R5,L8->R8,84.30895563343196,True,2.3722272266019124,-2.1947101857062465,0.9003939223410242,2.0,13.508674150000004
PUFF_LEFT,138,R6->R5,R8->R7,202.2325394193526,True,0.9889605331280384,0.914470145239376,-0.3765465303926842,2.0,13.604689400000012
PUFF_LEFT,139,R6->R5,R4->R3,394.62007044751283,True,0.5666381780744226,0.5650987317386418,0.041740247230695145,2.23606797749979,13.701713500000011
PUFF_LEFT,140,R6->R5,R3->R2,213.55093069335942,True,1.324474267362274,-1.219191299008859,-0.5174984650469258,2.8284271247461903,13.798663099999999
PUFF_LEFT,141,R6->R5,R2->R1,145.6605643267937,True,6.865276161888753,5.6087099967007585,-3.95908940943583,10.0,13.89512400000001
PUFF_LEFT,142,R6->R5,R1->L1,107.67079455451233,True,7.430055692539452,-7.383766065729319,0.8280859139135686,8.0,13.99268275
PUFF_LEFT,143,R5->R4,L1->L2,69.83552104767315,True,1.4319360477275611,-0.6971498872257536,-1.2507689153167931,1.0,14.09125745
PUFF_LEFT,144,R5->R4,L2->L3,14.035668847618199,False,0.0,0.0,-0.0,0.0,14.190759100000008
PUFF_LEFT,145,R5->R4,L3->L4,62.6418390534633,True,3.5696078073176603,-3.516819571865443,-0.6116207951070336,2.23606797749979,14.289205300000006
PUFF_LEFT,146,R5->R4,L4->L5,73.97972695272672,True,3.0225415388848953,-2.941713868079664,-0.694317558925635,2.23606797749979,14.387126749999993
PUFF_LEFT,147,R5->R4,L5->L6,13.45362404707371,False,7.432941462471663,-5.524861878453039,-4.972375690607735,1.0,14.4861559
PUFF_LEFT,148,R5->R4,L6->L7,28.861739379323623,False,3.464794643376185,0.8403361344537815,3.361344537815126,1.0,14.58523575000001
PUFF_LEFT,149,R5->R4,L7->L8,26.019223662515376,False,3.8433122101204393,0.14771048744460857,-3.8404726735598227,1.0,14.684255750000005
PUFF_LEFT,150,R5->R4,L8->R8,52.172789842982326,True,6.061162666756896,-5.216752387950036,3.0859662013225564,3.1622776601683795,14.786321549999997
PUFF_LEFT,151,R5->R4,R8->R7,66.49060083951716,True,2.1269375588686064,1.1535851617281159,-1.7869260348337481,1.4142135623730951,14.88933625
PUFF_LEFT,152,R5->R4,R7->R6,101.53324578678651,True,8.121685845197788,-8.109418954311765,0.44621204772528866,8.246211251235321,14.988185299999998
PUFF_LEFT,153,R5->R4,R3->R2,292.5149568825499,True,1.5288571916666895,-1.512300590194589,-0.22439081400105182,4.47213595499958,15.085621650000007
PUFF_LEFT,154,R5->R4,R2->R1,67.68308503607086,True,11.911776397310891,-11.853307138179437,-1.1787819253438114,8.06225774829855,15.183189099999993
PUFF_LEFT,155,R5->R4,R1->L1,31.304951684997057,False,16.288220358559112,-15.714285714285714,-4.285714285714286,5.0990195135927845,15.280737049999999
PUFF_LEFT,156,R4->R3,L1->L2,44.181444068749045,False,2.263393651062963,-2.254098360655737,0.20491803278688522,1.0,15.379170649999992
PUFF_LEFT,157,R4->R3,L2->L3,11.40175425099138,False,0.0,0.0,0.0,0.0,15.477172999999993
PUFF_LEFT,158,R4->R3,L3->L4,47.51841748206689,False,4.705686965151283,-4.472984942426927,-1.4614703277236494,2.23606797749979,15.574177600000013
PUFF_LEFT,159,R4->R3,L4->L5,25.0,False,8.944271909999157,-8.799999999999999,1.6,2.23606797749979,15.671637349999997
PUFF_LEFT,160,R4->R3,L5->L6,3.605551275463989,False,0.0,0.0,-0.0,0.0,15.7681958
PUFF_LEFT,161,R4->R3,L6->L7,5.830951894845301,False,17.149858514250884,-8.823529411764707,-14.705882352941178,1.0,15.866794850000005
PUFF_LEFT,162,R4->R3,L7->L8,12.041594578792296,False,26.26128657194451,-13.10344827586207,22.75862068965517,3.1622776601683795,15.967757800000001
PUFF_LEFT,163,R4->R3,L8->R8,21.470910553583888,False,10.414406840917835,6.073752711496747,-8.459869848156181,2.23606797749979,16.0661298
PUFF_LEFT,164,R4->R3,R8->R7,20.591260281974,False,6.868028197434452,-1.8867924528301887,6.60377358490566,1.4142135623730951,16.16370635
PUFF_LEFT,165,R4->R3,R7->R6,21.470910553583888,False,13.972392984978669,-12.364425162689804,6.507592190889371,3.0,16.261233599999997
PUFF_LEFT,166,R4->R3,R6->R5,376.36418533117626,True,0.5314001910782581,0.5068831627250265,-0.1595481821390752,2.0,16.359256399999992
PUFF_LEFT,167,R4->R3,R2->R1,562.8943062422998,True,1.4322862496370896,1.2886223765188576,-0.6252169796433644,8.06225774829855,16.458207150000007
PUFF_LEFT,168,R4->R3,R1->L1,123.79418403139947,True,6.4623391337761555,-6.36867862969005,1.0962479608482871,8.0,16.558134300000006
PUFF_LEFT,169,R3->R2,L1->L2,30.805843601498726,False,3.2461373658059776,-1.8967334035827188,-2.634351949420443,1.0,16.657207150000005
PUFF_LEFT,170,R3->R2,L2->L3,25.019992006393608,False,3.9968038348871575,-3.993610223642172,0.1597444089456869,1.0,16.756285950000006
PUFF_LEFT,171,R3->R2,L3->L4,16.1245154965971,False,6.201736729460423,5.384615384615385,3.076923076923077,1.0,16.856839649999998
PUFF_LEFT,172,R3->R2,L4->L5,8.48528137423857,False,0.0,-0.0,-0.0,0.0,16.956392100000002
PUFF_LEFT,173,R3->R2,L5->L6,10.770329614269007,False,0.0,0.0,0.0,0.0,17.056944450000003
PUFF_LEFT,174,R3->R2,L6->L7,13.341664064126334,False,0.0,0.0,-0.0,0.0,17.15778850000001
PUFF_LEFT,175,R3->R2,L7->L8,10.295630140987,False,21.718612138153464,21.698113207547166,0.9433962264150947,2.23606797749979,17.256686050000013
PUFF_LEFT,176,R3->R2,L8->R8,15.033296378372908,False,14.874102932718241,-13.716814159292037,5.7522123893805315,2.23606797749979,17.3549309
PUFF_LEFT,177,R3->R2,R8->R7,19.026297590440446,False,11.752512368056712,10.773480662983426,-4.696132596685083,2.23606797749979,17.454465
PUFF_LEFT,178,R3->R2,R7->R6,25.019992006393608,False,7.993607669774315,-7.987220447284344,-0.3194888178913738,2.0,17.55379260000001
PUFF_LEFT,179,R3->R2,R6->R5,233.85465571589546,True,0.9561785163757169,-0.607080163838502,-0.7387361029842012,2.23606797749979,17.651767750000005
PUFF_LEFT,180,R3->R2,R5->R4,319.513692977312,True,1.6854253590680681,-1.6750090607215278,-0.18709165532035774,5.385164807134504,17.750798700000004
PUFF_LEFT,181,R3->R2,R1->L1,74.16872656315464,True,8.201249788371047,-7.980367205962552,1.8905653517542265,6.082762530298219,17.851724899999994
PUFF_LEFT,182,R2->R1,L1->L2,381.63464203345063,True,2.3436740077739553,2.153180679048371,0.9255381235195167,8.94427190999916,17.950705349999993
PUFF_LEFT,183,R2->R1,L2->L3,20.808652046684813,False,4.805693313322127,3.9260969976905304,2.771362586605081,1.0,18.04772145000001
PUFF_LEFT,184,R2->R1,L3->L4,22.0,False,10.163945352271773,9.090909090909092,4.545454545454546,2.23606797749979,18.145787900000002
PUFF_LEFT,185,R2->R1,L4->L5,20.615528128088304,False,9.70142500145332,9.411764705882353,-2.3529411764705883,2.0,18.24318205
PUFF_LEFT,186,R2->R1,L5->L6,21.2602916254693,False,4.703604341917987,-3.0973451327433628,3.5398230088495577,1.0,18.340170099999995
PUFF_LEFT,187,R2->R1,L6->L7,7.615773105863909,False,29.361010975735173,-22.413793103448278,18.96551724137931,2.23606797749979,18.436740549999996
PUFF_LEFT,188,R2->R1,L7->L8,14.317821063276353,False,34.921514788478916,7.3170731707317085,34.146341463414636,5.0,18.5327403
PUFF_LEFT,189,R2->R1,L8->R8,14.422205101855956,False,46.513025470953174,-46.15384615384615,-5.769230769230768,6.708203932499369,18.628332150000006
PUFF_LEFT,190,R2->R1,R8->R7,23.40939982143925,False,19.104017997521755,18.978102189781023,-2.1897810218978098,4.47213595499958,18.725345599999997
PUFF_LEFT,191,R2->R1,R7->R6,37.64306044943742,False,3.756903783826722,1.7642907551164428,3.3168666196189127,1.4142135623730951,18.823677950000004
PUFF_LEFT,192,R2->R1,R6->R5,153.46986674914396,True,3.9095622659315743,3.8975926633549864,-0.30569354222392053,6.0,18.9220452
PUFF_LEFT,193,R2->R1,R5->R4,8.602325267042627,False,23.249527748763857,-18.91891891891892,13.513513513513514,2.0,19.019566749999996
PUFF_LEFT,194,R2->R1,R4->R3,502.7255712612996,True,1.887079854860656,1.8197069634752878,0.4997368764664685,9.486832980505138,19.117620750000015
PUFF_LEFT,195,R1->L1,L2->L3,27.313000567495326,False,3.6612601296910627,-3.351206434316354,1.4745308310991958,1.0,19.216120450000005
PUFF_LEFT,196,R1->L1,L3->L4,34.785054261852174,False,2.874797872880345,2.7272727272727275,-0.9090909090909091,1.0,19.312690250000003
PUFF_LEFT,197,R1->L1,L4->L5,31.38470965295043,False,4.506059090593329,4.365482233502538,1.116751269035533,1.4142135623730951,19.409735900000015
PUFF_LEFT,198,R1->L1,L5->L6,11.180339887498949,False,0.0,0.0,-0.0,0.0,19.50812350000001
PUFF_LEFT,199,R1->L1,L6->L7,12.0,False,11.785113019775793,8.333333333333332,8.333333333333332,1.4142135623730951,19.607118500000013
PUFF_LEFT,200,R1->L1,L7->L8,12.36931687685298,False,24.253562503633297,23.52941176470588,5.88235294117647,3.0,19.70568025
PUFF_LEFT,201,R1->L1,L8->R8,21.02379604162864,False,6.726727939963125,-4.524886877828053,4.97737556561086,1.4142135623730951,19.80882650000001
PUFF_LEFT,202,R1->L1,R8->R7,15.033296378372908,False,18.814417367671947,14.15929203539823,-12.389380530973453,2.8284271247461903,19.91125550000001
PUFF_LEFT,203,R1->L1,R7->R6,5.0,False,20.0,-16.0,-12.0,1.0,20.008150400000005
PUFF_LEFT,204,R1->L1,R6->R5,35.0,False,2.857142857142857,-2.857142857142857,-0.0,1.0,20.104687049999995
PUFF_LEFT,205,R1->L1,R5->R4,51.478150704935004,True,0.0,-0.0,0.0,0.0,20.201268099999993
PUFF_LEFT,206,R1->L1,R4->R3,53.23532661682466,True,1.8784518919133617,-1.8701482004234298,-0.17642907551164436,1.0,20.298190000000005
PUFF_LEFT,207,R1->L1,R3->R2,5.830951894845301,False,0.0,-0.0,0.0,0.0,20.395163550000007
PUFF_RIGHT,0,L1->L2,L3->L4,343.42393626536864,True,6.359582825049567,6.354078344921148,-0.2645412921824655,21.840329667841555,0.049867699999992965
PUFF_RIGHT,1,L1->L2,L4->L5,106.7379969832674,True,2.094912815208929,-2.0538927411568504,-0.41253401211270074,2.23606797749979,0.14930325000000266
PUFF_RIGHT,2,L1->L2,L5->L6,96.84007434941384,True,2.3090316612435813,2.271273192578375,0.4158669225847728,2.23606797749979,0.247295500000007
PUFF_RIGHT,3,L1->L2,L6->L7,56.462376853972415,True,1.7710908674395363,1.631116687578419,-0.6900878293601004,1.0,0.34383939999999313
PUFF_RIGHT,4,L1->L2,L7->L8,21.095023109728988,False,4.740454631399772,-4.719101123595506,-0.44943820224719105,1.0,0.44077665000000366
PUFF_RIGHT,5,L1->L2,L8->R8,7.211102550927978,False,31.008683647302114,-26.923076923076923,15.384615384615389,2.23606797749979,0.5387170500000025
PUFF_RIGHT,6,L1->L2,R8->R7,4.0,False,134.6291201783626,-50.0,125.0,5.385164807134504,0.6428160000000105
PUFF_RIGHT,7,L1->L2,R7->R6,25.0,False,4.0,3.2,-2.4,1.0,0.7463817000000006
PUFF_RIGHT,8,L1->L2,R6->R5,11.40175425099138,False,8.770580193070293,8.461538461538462,2.307692307692308,1.0,0.8438525999999911
PUFF_RIGHT,9,L1->L2,R5->R4,72.11102550927978,True,0.0,-0.0,0.0,0.0,0.9443258000000014
PUFF_RIGHT,10,L1->L2,R4->R3,52.15361924162119,True,1.9174124721184262,1.911764705882353,-0.1470588235294118,1.0,1.0453308499999991
PUFF_RIGHT,11,L1->L2,R3->R2,29.410882339705484,False,3.4001020045902295,-3.236994219653179,1.0404624277456647,1.0,1.1448415499999953
PUFF_RIGHT,12,L1->L2,R2->R1,435.2470562795342,True,1.3975424859373686,1.25,-0.625,6.082762530298219,1.2429123499999974
PUFF_RIGHT,13,L2->L3,L4->L5,290.73871431235295,True,4.0258484111423725,-4.025837286611695,0.009464207550071487,11.704699910719626,1.340171650000002
PUFF_RIGHT,14,L2->L3,L5->L6,193.2174940319846,True,3.941554642357187,-3.9294993705300945,-0.3080384646291485,7.615773105863909,1.4376357499999983
PUFF_RIGHT,15,L2->L3,L6->L7,51.07837115648854,True,4.377719819312875,-3.334610962054427,-2.8363357608279034,2.23606797749979,1.5338476499999985
PUFF_RIGHT,16,L2->L3,L7->L8,22.02271554554524,False,10.15346165133619,-8.8659793814433,4.948453608247423,2.23606797749979,1.6308358499999969
PUFF_RIGHT,17,L2->L3,L8->R8,18.24828759089466,False,16.43989873053573,-16.216216216216218,2.7027027027027026,3.0,1.7308267999999885
PUFF_RIGHT,18,L2->L3,R8->R7,11.0,False,0.0,0.0,0.0,0.0,1.831356249999999
PUFF_RIGHT,19,L2->L3,R7->R6,7.211102550927978,False,19.6116135138184,19.23076923076923,-3.846153846153847,1.4142135623730951,1.929287500000001
PUFF_RIGHT,20,L2->L3,R6->R5,21.095023109728988,False,4.740454631399772,-0.44943820224719105,-4.719101123595506,1.0,2.0262591000000043
PUFF_RIGHT,21,L2->L3,R5->R4,4.0,False,25.0,25.0,-0.0,1.0,2.1242723000000012
PUFF_RIGHT,22,L2->L3,R4->R3,15.0,False,6.666666666666668,4.0,-5.333333333333334,1.0,2.2222414000000015
PUFF_RIGHT,23,L2->L3,R3->R2,10.04987562112089,False,9.950371902099892,-9.900990099009901,0.9900990099009903,1.0,2.3187058999999977
PUFF_RIGHT,24,L2->L3,R2->R1,59.30430001273095,True,8.43109184144597,-8.38783053738982,0.8529997156667614,5.0,2.4152694499999967
PUFF_RIGHT,25,L2->L3,R1->L1,28.844410203711913,False,10.963225241337865,-10.576923076923077,-2.8846153846153846,3.1622776601683795,2.5128985000000057
PUFF_RIGHT,26,L3->L4,L1->L2,370.7344062802912,True,5.891098667364939,5.880213032216757,0.35796397078082715,21.840329667841555,2.6102855500000004
PUFF_RIGHT,27,L3->L4,L5->L6,297.5987231155403,True,1.2115479655684422,-1.1731496640885226,-0.3026026082538249,3.605551275463989,2.7074512000000084
PUFF_RIGHT,28,L3->L4,L6->L7,29.120439557122072,False,3.434014098717226,-3.30188679245283,0.9433962264150944,1.0,2.8044550500000014
PUFF_RIGHT,29,L3->L4,L7->L8,22.47220505424423,False,4.4499415948998475,3.762376237623762,-2.376237623762376,1.0,2.9012564500000053
PUFF_RIGHT,30,L3->L4,L8->R8,21.470910553583888,False,6.586649219387841,1.9522776572668112,-6.290672451193058,1.4142135623730951,2.9987595999999996
PUFF_RIGHT,31,L3->L4,R8->R7,8.48528137423857,False,37.26779962499649,-33.33333333333333,16.666666666666664,3.1622776601683795,3.0967654499999924
PUFF_RIGHT,32,L3->L4,R7->R6,25.80697580112788,False,7.749842582921285,4.504504504504505,6.306306306306306,2.0,3.1953454499999907
PUFF_RIGHT,33,L3->L4,R6->R5,16.0312195418814,False,6.237828615518053,6.22568093385214,-0.38910505836575876,1.0,3.2938455999999974
PUFF_RIGHT,34,L3->L4,R5->R4,63.89053137985315,True,3.499842510630452,-3.454189122978932,-0.5634492895639392,2.23606797749979,3.3912719999999865
PUFF_RIGHT,35,L3->L4,R4->R3,63.0,True,3.1746031746031744,-3.1746031746031744,-0.0,2.0,3.488703600000008
PUFF_RIGHT,36,L3->L4,R3->R2,16.15549442140351,False,0.0,0.0,0.0,0.0,3.5862744499999906
PUFF_RIGHT,37,L3->L4,R2->R1,33.28663395418648,False,18.27388896897816,-16.787003610108307,-7.220216606498196,6.082762530298219,3.6832594500000084
PUFF_RIGHT,38,L3->L4,R1->L1,139.30183056945089,True,5.02505959281709,-4.978098428240145,0.6853903633084257,7.0,3.781758499999995
PUFF_RIGHT,39,L4->L5,L1->L2,87.66413177577246,True,1.6132180102922524,-1.3402732595966165,-0.8978529603122966,1.4142135623730951,3.8797705000000065
PUFF_RIGHT,40,L4->L5,L2->L3,286.0,True,3.7658495154786746,-3.7654653039268426,0.053792361484669246,10.770329614269007,3.976721699999999
PUFF_RIGHT,41,L4->L5,L6->L7,214.7091055358389,True,0.4657464328326223,0.420824295010846,-0.19956616052060738,1.0,4.07536485
PUFF_RIGHT,42,L4->L5,L7->L8,75.96051605933177,True,2.943724047047319,-2.166377816291161,1.9930675909878686,2.23606797749979,4.174970700000003
PUFF_RIGHT,43,L4->L5,L8->R8,53.45091205957107,True,7.483501863433122,-7.140357017850893,2.24011200560028,4.0,4.275353949999996
PUFF_RIGHT,44,L4->L5,R8->R7,23.345235059857504,False,6.057825328153826,-4.954128440366972,-3.486238532110092,1.4142135623730951,4.373760900000008
PUFF_RIGHT,45,L4->L5,R7->R6,22.360679774997898,False,8.944271909999161,8.8,-1.6,2.0,4.470729750000004
PUFF_RIGHT,46,L4->L5,R6->R5,7.280109889280518,False,19.425717247145283,-16.9811320754717,-9.433962264150944,1.4142135623730951,4.568769750000001
PUFF_RIGHT,47,L4->L5,R5->R4,45.60701700396552,False,4.3852900965351465,-4.230769230769231,1.153846153846154,2.0,4.666709949999984
PUFF_RIGHT,48,L4->L5,R4->R3,36.069377593742864,False,6.199352821346413,-5.841660261337433,2.0753266717909296,2.23606797749979,4.763245299999994
PUFF_RIGHT,49,L4->L5,R3->R2,16.1245154965971,False,6.201736729460423,-0.7692307692307693,6.153846153846154,1.0,4.859789999999975
PUFF_RIGHT,50,L4->L5,R2->R1,126.19429464123962,True,3.267267856553518,-3.120879120879121,0.967032967032967,4.123105625617661,4.95770564999998
PUFF_RIGHT,51,L4->L5,R1->L1,37.0,False,11.14352871788557,-6.06281957633309,-9.349890430971513,4.123105625617661,5.055712700000015
PUFF_RIGHT,52,L5->L6,L1->L2,105.94810050208545,True,2.110531445965636,2.084632516703786,0.32962138084632514,2.23606797749979,5.152732500000013
PUFF_RIGHT,53,L5->L6,L2->L3,211.15160430363773,True,2.7615001619690966,-2.7206459571604804,-0.47325333632387584,5.830951894845301,5.24825229999999
PUFF_RIGHT,54,L5->L6,L3->L4,327.6171546180084,True,1.258513349346763,-1.2437926825859706,0.19192606188217975,4.123105625617661,5.344750949999991
PUFF_RIGHT,55,L5->L6,L7->L8,211.29363454680788,True,1.4966270360917289,-1.1042669951842312,1.0101915108074813,3.1622776601683795,5.441757150000001
PUFF_RIGHT,56,L5->L6,L8->R8,62.39390995922599,True,5.068247305281729,-3.8787567428718215,3.262265604931929,3.1622776601683795,5.539268349999986
PUFF_RIGHT,57,L5->L6,R8->R7,19.6468827043885,False,11.381286340149636,11.139896373056994,2.3316062176165806,2.23606797749979,5.640791549999989
PUFF_RIGHT,58,L5->L6,R7->R6,3.1622776601683795,False,63.245553203367585,60.0,20.0,2.0,5.740815950000012
PUFF_RIGHT,59,L5->L6,R6->R5,42.720018726587654,False,5.234239225902137,3.8356164383561637,3.5616438356164384,2.23606797749979,5.83631299999999
PUFF_RIGHT,60,L5->L6,R5->R4,6.0,False,37.26779962499649,-16.666666666666664,-33.33333333333333,2.23606797749979,5.932348899999994
PUFF_RIGHT,61,L5->L6,R4->R3,8.0,False,17.67766952966369,12.5,-12.5,1.4142135623730951,6.030333649999989
PUFF_RIGHT,62,L5->L6,R3->R2,3.1622776601683795,False,44.721359549995796,-20.0,40.0,1.4142135623730951,6.128786349999984
PUFF_RIGHT,63,L5->L6,R2->R1,38.8329756778952,False,10.300524052492095,-10.079575596816976,-2.122015915119363,4.0,6.226299050000023
PUFF_RIGHT,64,L5->L6,R1->L1,79.40403012442127,True,6.296909605425953,-6.26486915146709,0.63441712926249,5.0,6.3233531999999855
PUFF_RIGHT,65,L6->L7,L1->L2,52.0,True,1.9230769230769231,1.7751479289940828,-0.7396449704142012,1.0,6.4197374999999965
PUFF_RIGHT,66,L6->L7,L2->L3,55.362442142665635,True,2.5544638343965267,-2.316476345840131,-1.0766721044045677,1.4142135623730951,6.515766849999977
PUFF_RIGHT,67,L6->L7,L3->L4,45.221676218380054,False,2.2113289104342324,-2.1026894865525674,0.684596577017115,1.0,6.6123316000000045
PUFF_RIGHT,68,L6->L7,L4->L5,247.34186867572583,True,0.0,0.0,-0.0,0.0,6.710953749999987
PUFF_RIGHT,69,L6->L7,L8->R8,344.30509726113553,True,3.8966625738982796,-3.892160005398748,-0.18726907698277467,13.416407864998739,6.8104028999999855
PUFF_RIGHT,70,L6->L7,R8->R7,60.41522986797286,True,7.402332101976053,7.397260273972603,-0.273972602739726,4.47213595499958,6.909310249999976
PUFF_RIGHT,71,L6->L7,R7->R6,45.880278987817846,False,15.257099900937051,14.631828978622327,-4.323040380047506,7.0,7.009368349999988
PUFF_RIGHT,72,L6->L7,R6->R5,23.769728648009426,False,5.949641173087296,5.486725663716814,2.300884955752212,1.4142135623730951,7.108827050000002
PUFF_RIGHT,73,L6->L7,R5->R4,16.64331697709324,False,19.00028500641266,-18.4115523465704,4.693140794223828,3.1622776601683795,7.20621675000001
PUFF_RIGHT,74,L6->L7,R4->R3,13.601470508735444,False,14.704292441876154,-4.324324324324325,14.054054054054054,2.0,7.303284899999994
PUFF_RIGHT,75,L6->L7,R3->R2,3.1622776601683795,False,31.622776601683793,-30.0,-10.0,1.0,7.4007927999999765
PUFF_RIGHT,76,L6->L7,R2->R1,61.5223536610881,True,8.288076138442397,-8.269484808454425,0.5548216644649934,5.0990195135927845,7.498681050000016
PUFF_RIGHT,77,L6->L7,R1->L1,69.26037828369117,True,5.95305097631633,-5.878674171357099,0.9380863039399625,4.123105625617661,7.596286649999996
PUFF_RIGHT,78,L7->L8,L1->L2,19.026297590440446,False,7.432941462471663,-4.972375690607735,-5.524861878453039,1.4142135623730951,7.693836949999991
PUFF_RIGHT,79,L7->L8,L2->L3,29.427877939124322,False,0.0,0.0,-0.0,0.0,7.791278499999976
PUFF_RIGHT,80,L7->L8,L3->L4,31.622776601683793,False,4.472135954999579,-2.0,3.9999999999999996,1.4142135623730951,7.889240050000012
PUFF_RIGHT,81,L7->L8,L4->L5,100.56838469419701,True,1.9886965531777143,-1.8785841407949377,0.6525608068024521,2.0,7.986783900000006
PUFF_RIGHT,82,L7->L8,L5->L6,221.65288177689007,True,1.4266801472725468,-1.0584164461632402,0.9566456340321595,3.1622776601683795,8.084786350000002
PUFF_RIGHT,83,L7->L8,R8->R7,147.73286702694156,True,11.994653257110215,11.890034364261169,-1.5807560137457044,17.72004514666935,8.183836849999977
PUFF_RIGHT,84,L7->L8,R7->R6,75.15317691222374,True,30.020059393773113,29.32011331444759,-6.4447592067988655,22.561028345356956,8.281763500000011
PUFF_RIGHT,85,L7->L8,R6->R5,28.0178514522438,False,19.220477402821107,18.72611464968153,-4.3312101910828025,5.385164807134504,8.380283899999995
PUFF_RIGHT,86,L7->L8,R5->R4,17.88854381999832,False,5.5901699437494745,-5.0,2.5,1.0,8.479917349999994
PUFF_RIGHT,87,L7->L8,R4->R3,13.0,False,7.6923076923076925,-2.9585798816568047,7.100591715976331,1.0,8.57886400000001
PUFF_RIGHT,88,L7->L8,R3->R2,2.23606797749979,False,0.0,-0.0,-0.0,0.0,8.676716849999991
PUFF_RIGHT,89,L7->L8,R2->R1,56.32051136131489,True,7.32078868951768,-6.872635561160151,-2.5220680958385873,4.123105625617661,8.775777300000016
PUFF_RIGHT,90,L7->L8,R1->L1,74.02702209328699,True,5.569730497090409,-5.364963503649635,1.4963503649635037,4.123105625617661,8.87530025000001
PUFF_RIGHT,91,L8->R8,L1->L2,8.54400374531753,False,11.704114719613056,-4.10958904109589,-10.95890410958904,1.0,8.973233600000015
PUFF_RIGHT,92,L8->R8,L2->L3,26.30589287593181,False,5.376033305704703,-4.3352601156069355,-3.1791907514450863,1.4142135623730951,9.070728550000013
PUFF_RIGHT,93,L8->R8,L3->L4,31.016124838541646,False,0.0,-0.0,0.0,0.0,9.168698549999988
PUFF_RIGHT,94,L8->R8,L4->L5,74.63243262818116,True,4.831078324120625,-4.649910233393177,-1.3105924596050267,3.605551275463989,9.266775499999994
PUFF_RIGHT,95,L8->R8,L5->L6,65.14598989960932,True,3.432395425943476,-3.3930254476908575,-0.5183788878416588,2.23606797749979,9.365337650000015
PUFF_RIGHT,96,L8->R8,L6->L7,358.39782365410645,True,4.185293271891254,-4.047520805922973,-1.0650141301216824,15.0,9.463328750000016
PUFF_RIGHT,97,L8->R8,R7->R6,382.602927328059,True,15.34074053568076,14.765857157495645,-4.160262321959218,58.69412236331676,9.561829450000005
PUFF_RIGHT,98,L8->R8,R6->R5,87.32124598286491,True,22.117421365721015,21.888524590163932,-3.173770491803278,19.313207915827967,9.660332049999994
PUFF_RIGHT,99,L8->R8,R5->R4,46.95742752749558,False,6.734350297014739,-6.666666666666668,0.9523809523809524,3.1622776601683795,9.757265449999977
PUFF_RIGHT,100,L8->R8,R4->R3,22.80350850198276,False,13.867504905630728,-11.538461538461538,7.6923076923076925,3.1622776601683795,9.854352199999994
PUFF_RIGHT,101,L8->R8,R3->R2,8.602325267042627,False,16.43989873053573,-16.216216216216218,-2.7027027027027026,1.4142135623730951,9.951356400000009
PUFF_RIGHT,102,L8->R8,R2->R1,47.80167361086848,False,2.0919769632765197,-2.013129102844639,-0.5689277899343544,1.0,10.048258650000008
PUFF_RIGHT,103,L8->R8,R1->L1,88.36288813749809,True,2.530551031809112,-2.35655737704918,-0.9221311475409835,2.23606797749979,10.146704349999993
PUFF_RIGHT,104,R8->R7,L1->L2,10.816653826391969,False,33.333333333333336,-30.76923076923077,12.820512820512823,3.605551275463989,10.246254599999986
PUFF_RIGHT,105,R8->R7,L2->L3,16.0,False,6.25,0.0,6.25,1.0,10.345329600000014
PUFF_RIGHT,106,R8->R7,L3->L4,17.72004514666935,False,12.618861628126718,-12.420382165605096,-2.229299363057325,2.23606797749979,10.443343999999996
PUFF_RIGHT,107,R8->R7,L4->L5,37.8549864614954,False,3.735871267082812,-3.14026517794836,-2.0237264480111654,1.4142135623730951,10.539800850000006
PUFF_RIGHT,108,R8->R7,L5->L6,19.1049731745428,False,7.402332101976052,5.753424657534246,4.657534246575342,1.4142135623730951,10.646771349999995
PUFF_RIGHT,109,R8->R7,L6->L7,66.18912297349165,True,7.703712157713452,7.418397626112759,-2.077151335311572,5.0990195135927845,10.754774999999995
PUFF_RIGHT,110,R8->R7,L7->L8,149.9399879951976,True,8.89800262259168,8.833733653589537,-1.0675206832132373,13.341664064126334,10.852897750000011
PUFF_RIGHT,111,R8->R7,R6->R5,209.50656314301946,True,3.056288137886049,-3.0141480418289937,-0.5057754083794684,6.4031242374328485,10.95026919999998
PUFF_RIGHT,112,R8->R7,R5->R4,60.8276253029822,True,5.927489783638192,5.891891891891892,0.6486486486486488,3.605551275463989,11.04870219999998
PUFF_RIGHT,113,R8->R7,R4->R3,24.08318915758459,False,17.6166065854411,17.586206896551722,-1.0344827586206902,4.242640687119285,11.148197600000003
PUFF_RIGHT,114,R8->R7,R3->R2,10.295630140987,False,0.0,0.0,-0.0,0.0,11.248771699999992
PUFF_RIGHT,115,R8->R7,R2->R1,36.6742416417845,False,3.856149436398495,1.2639405204460967,3.6431226765799254,1.4142135623730951,11.348282549999993
PUFF_RIGHT,116,R8->R7,R1->L1,74.00675644831355,True,1.3512279797026394,0.018258170531312765,1.3511046193171445,1.0,11.44521524999999
PUFF_RIGHT,117,R7->R6,L1->L2,25.45584412271571,False,11.785113019775793,8.333333333333332,-8.333333333333332,3.0,11.542305800000008
PUFF_RIGHT,118,R7->R6,L2->L3,20.024984394500787,False,4.993761694389223,-4.987531172069825,0.24937655860349126,1.0,11.640343999999999
PUFF_RIGHT,119,R7->R6,L3->L4,26.40075756488817,False,3.7877700953928506,3.443328550932568,-1.5781922525107603,1.0,11.738251899999995
PUFF_RIGHT,120,R7->R6,L4->L5,46.84015371452148,False,3.0192333931958424,2.643573381950775,1.4585232452142207,1.4142135623730951,11.836735900000008
PUFF_RIGHT,121,R7->R6,L5->L6,11.045361017187261,False,0.0,0.0,0.0,0.0,11.935801700000013
PUFF_RIGHT,122,R7->R6,L6->L7,58.9406481131655,True,11.99692917914491,11.917098445595856,-1.3816925734024181,7.0710678118654755,12.033834300000024
PUFF_RIGHT,123,R7->R6,L7->L8,80.95677859203639,True,25.464857281408953,25.404333231614277,-1.7546536466280134,20.615528128088304,12.130786749999999
PUFF_RIGHT,124,R7->R6,L8->R8,391.86222068477076,True,15.774482606178086,15.451040662689831,-3.177993696110865,61.814237842102365,12.227228950000011
PUFF_RIGHT,125,R7->R6,R5->R4,106.06601717798213,True,8.432740427115679,-8.426666666666668,0.31999999999999973,8.94427190999916,12.324230749999998
PUFF_RIGHT,126,R7->R6,R4->R3,15.264337522473747,False,23.62075176964294,-21.459227467811157,9.871244635193133,3.605551275463989,12.422238249999992
PUFF_RIGHT,127,R7->R6,R3->R2,22.825424421026653,False,9.79639167383865,-9.788867562380037,0.3838771593090214,2.23606797749979,12.519724450000012
PUFF_RIGHT,128,R7->R6,R2->R1,28.442925306655784,False,22.23595235774424,-10.630407911001237,-19.530284301606923,6.324555320336759,12.616308400000008
PUFF_RIGHT,129,R7->R6,R1->L1,79.40403012442127,True,7.660521160911987,-7.39095955590801,2.014274385408406,6.082762530298219,12.713850250000007
PUFF_RIGHT,130,R6->R5,L1->L2,10.295630140987,False,13.736056394868903,-3.7735849056603774,13.20754716981132,1.4142135623730951,12.810849899999994
PUFF_RIGHT,131,R6->R5,L2->L3,26.076809620810597,False,0.0,0.0,-0.0,0.0,12.90627864999999
PUFF_RIGHT,132,R6->R5,L3->L4,5.830951894845301,False,0.0,0.0,-0.0,0.0,13.002327699999995
PUFF_RIGHT,133,R6->R5,L4->L5,19.4164878389476,False,0.0,0.0,-0.0,0.0,13.099771699999991
PUFF_RIGHT,134,R6->R5,L5->L6,43.46262762420146,False,0.0,0.0,0.0,0.0,13.203205449999984
PUFF_RIGHT,135,R6->R5,L6->L7,26.248809496813376,False,5.387724584403653,4.78955007256894,2.4673439767779386,1.4142135623730951,13.306284500000004
PUFF_RIGHT,136,R6->R5,L7->L8,25.298221281347036,False,19.764235376052373,18.75,6.25,5.0,13.40325704999998
PUFF_RIGHT,137,R6->R5,L8->R8,84.30895563343196,True,22.90765882547534,22.903770399549806,-0.4220596510973548,19.313207915827967,13.501274200000012
PUFF_RIGHT,138,R6->R5,R8->R7,202.2325394193526,True,1.3986013986013983,-1.29101667563206,-0.5379236148466917,2.8284271247461903,13.598288249999996
PUFF_RIGHT,139,R6->R5,R4->R3,394.62007044751283,True,0.5068165939284159,-0.46877508428319153,0.19264729491090063,2.0,13.695352600000007
PUFF_RIGHT,140,R6->R5,R3->R2,213.55093069335942,True,1.0470888467869002,-1.0437680905183755,-0.08332602403297958,2.23606797749979,13.793850800000001
PUFF_RIGHT,141,R6->R5,R2->R1,145.6605643267937,True,4.8544833287898905,4.322005938634113,-2.210491586935005,7.0710678118654755,13.892856249999994
PUFF_RIGHT,142,R6->R5,R1->L1,107.67079455451233,True,4.735749870417476,-4.511343051841629,1.4405244544121452,5.0990195135927845,13.992351450000001
PUFF_RIGHT,143,R5->R4,L1->L2,69.83552104767315,True,1.4319360477275611,-0.6971498872257536,-1.2507689153167931,1.0,14.091847149999978
PUFF_RIGHT,144,R5->R4,L2->L3,14.035668847618199,False,0.0,0.0,-0.0,0.0,14.191278049999994
PUFF_RIGHT,145,R5->R4,L3->L4,62.6418390534633,True,3.1927542840705043,-3.0581039755351678,0.9174311926605503,2.0,14.289724500000005
PUFF_RIGHT,146,R5->R4,L4->L5,73.97972695272672,True,4.274519237127064,-4.257262927096656,-0.3837018088799562,3.1622776601683795,14.387287350000008
PUFF_RIGHT,147,R5->R4,L5->L6,13.45362404707371,False,14.865882924943326,-11.049723756906078,-9.94475138121547,2.0,14.484307400000006
PUFF_RIGHT,148,R5->R4,L6->L7,28.861739379323623,False,4.899959575500253,-4.201680672268907,-2.5210084033613445,1.4142135623730951,14.582267950000016
PUFF_RIGHT,149,R5->R4,L7->L8,26.019223662515376,False,8.593907360584257,-7.828655834564254,3.5450516986706058,2.23606797749979,14.679756150000003
PUFF_RIGHT,150,R5->R4,L8->R8,52.172789842982326,True,5.750123788719581,-5.6208670095518,1.2123438648052902,3.0,14.77674669999999
PUFF_RIGHT,151,R5->R4,R8->R7,66.49060083951716,True,6.725967126983259,6.51436326622936,1.6738294503505995,4.47213595499958,14.873747100000003
PUFF_RIGHT,152,R5->R4,R7->R6,101.53324578678651,True,6.96428815711681,-6.159666310990397,-3.2495877388689496,7.0710678118654755,14.9724042
PUFF_RIGHT,153,R5->R4,R3->R2,292.5149568825499,True,1.8409878470921224,-1.837199789633612,-0.11803891778180327,5.385164807134504,15.072935550000011
PUFF_RIGHT,154,R5->R4,R2->R1,67.68308503607086,True,14.774740239264542,-14.40733464309103,-3.2743942370661423,10.0,15.173839600000008
PUFF_RIGHT,155,R5->R4,R1->L1,31.304951684997057,False,13.170777796132697,-12.857142857142856,-2.857142857142857,4.123105625617661,15.274435699999998
PUFF_RIGHT,156,R4->R3,L1->L2,44.181444068749045,False,2.263393651062963,-2.254098360655737,0.20491803278688522,1.0,15.373364449999997
PUFF_RIGHT,157,R4->R3,L2->L3,11.40175425099138,False,8.770580193070293,8.461538461538462,2.307692307692308,1.0,15.473364599999996
PUFF_RIGHT,158,R4->R3,L3->L4,47.51841748206689,False,6.654846326399235,-6.554472984942428,-1.1514614703277237,3.1622776601683795,15.572862499999985
PUFF_RIGHT,159,R4->R3,L4->L5,25.0,False,12.649110640673516,-12.0,4.0,3.1622776601683795,15.671805199999994
PUFF_RIGHT,160,R4->R3,L5->L6,3.605551275463989,False,0.0,0.0,-0.0,0.0,15.77025710000001
PUFF_RIGHT,161,R4->R3,L6->L7,5.830951894845301,False,34.29971702850177,-29.411764705882355,17.647058823529413,2.0,15.86774220000001
PUFF_RIGHT,162,R4->R3,L7->L8,12.041594578792296,False,11.744404390294068,-11.724137931034482,-0.6896551724137935,1.4142135623730951,15.965357649999987
PUFF_RIGHT,163,R4->R3,L8->R8,21.470910553583888,False,6.586649219387841,-6.290672451193058,-1.9522776572668112,1.4142135623730951,16.06331879999999
PUFF_RIGHT,164,R4->R3,R8->R7,20.591260281974,False,15.35737792084878,15.09433962264151,-2.8301886792452833,3.1622776601683795,16.162312799999995
PUFF_RIGHT,165,R4->R3,R7->R6,21.470910553583888,False,19.203217373235425,-14.316702819956614,12.798264642082428,4.123105625617661,16.262461900000005
PUFF_RIGHT,166,R4->R3,R6->R5,376.36418533117626,True,0.5314001910782581,-0.5068831627250265,0.1595481821390752,2.0,16.36294774999999
PUFF_RIGHT,167,R4->R3,R2->R1,562.8943062422998,True,0.5617888873807806,0.44753037715007105,-0.33959286728736,3.1622776601683795,16.46084135000001
PUFF_RIGHT,168,R4->R3,R1->L1,123.79418403139947,True,4.846754350332117,-4.776508972267537,0.8221859706362155,6.0,16.55779344999999
PUFF_RIGHT,169,R3->R2,L1->L2,30.805843601498726,False,0.0,-0.0,0.0,0.0,16.65581209999999
PUFF_RIGHT,170,R3->R2,L2->L3,25.019992006393608,False,0.0,0.0,-0.0,0.0,16.75383629999999
PUFF_RIGHT,171,R3->R2,L3->L4,16.1245154965971,False,0.0,0.0,0.0,0.0,16.852408050000008
PUFF_RIGHT,172,R3->R2,L4->L5,8.48528137423857,False,0.0,-0.0,-0.0,0.0,16.950462399999992
PUFF_RIGHT,173,R3->R2,L5->L6,10.770329614269007,False,9.284766908852594,-8.620689655172415,-3.448275862068966,1.0,17.04836209999999
PUFF_RIGHT,174,R3->R2,L6->L7,13.341664064126334,False,7.495316889958614,-1.6853932584269662,-7.303370786516854,1.0,17.147252449999996
PUFF_RIGHT,175,R3->R2,L7->L8,10.295630140987,False,13.736056394868903,-13.20754716981132,3.7735849056603774,1.4142135623730951,17.2483517
PUFF_RIGHT,176,R3->R2,L8->R8,15.033296378372908,False,14.874102932718241,-13.716814159292037,5.7522123893805315,2.23606797749979,17.34890795000001
PUFF_RIGHT,177,R3->R2,R8->R7,19.026297590440446,False,7.432941462471663,4.972375690607735,5.524861878453039,1.4142135623730951,17.446906150000018
PUFF_RIGHT,178,R3->R2,R7->R6,25.019992006393608,False,7.993607669774315,0.3194888178913738,-7.987220447284344,2.0,17.54538954999998
PUFF_RIGHT,179,R3->R2,R6->R5,233.85465571589546,True,0.6047403922935748,-0.5119953188999415,-0.32182562902282036,1.4142135623730951,17.643845949999985
PUFF_RIGHT,180,R3->R2,R5->R4,319.513692977312,True,1.6854253590680681,-1.6750090607215278,-0.18709165532035774,5.385164807134504,17.740876049999997
PUFF_RIGHT,181,R3->R2,R1->L1,74.16872656315464,True,5.5590891426548055,-5.289947282312307,1.7087802217778583,4.123105625617661,17.838356500000003
PUFF_RIGHT,182,R2->R1,L1->L2,381.63464203345063,True,1.7577555058304661,1.6148855092862784,0.6941535926396376,6.708203932499369,17.93731274999999
PUFF_RIGHT,183,R2->R1,L2->L3,20.808652046684813,False,4.805693313322127,3.9260969976905304,2.771362586605081,1.0,18.035860350000007
PUFF_RIGHT,184,R2->R1,L3->L4,22.0,False,4.545454545454546,4.545454545454546,0.0,1.0,18.133928499999996
PUFF_RIGHT,185,R2->R1,L4->L5,20.615528128088304,False,4.85071250072666,4.705882352941177,-1.1764705882352942,1.0,18.232998449999997
PUFF_RIGHT,186,R2->R1,L5->L6,21.2602916254693,False,0.0,0.0,0.0,0.0,18.331988149999972
PUFF_RIGHT,187,R2->R1,L6->L7,7.615773105863909,False,0.0,0.0,0.0,0.0,18.43040295
PUFF_RIGHT,188,R2->R1,L7->L8,14.317821063276353,False,22.08630521496931,-21.951219512195124,-2.4390243902439033,3.1622776601683795,18.529341750000015
PUFF_RIGHT,189,R2->R1,L8->R8,14.422205101855956,False,31.008683647302114,-30.76923076923077,-3.846153846153846,4.47213595499958,18.627744150000012
PUFF_RIGHT,190,R2->R1,R8->R7,23.40939982143925,False,6.04122093330177,-5.474452554744526,2.5547445255474455,1.4142135623730951,18.725792549999994
PUFF_RIGHT,191,R2->R1,R7->R6,37.64306044943742,False,13.282660709046374,12.491178546224416,-4.516584333098094,5.0,18.824917449999987
PUFF_RIGHT,192,R2->R1,R6->R5,153.46986674914396,True,1.9547811329657871,1.9487963316774932,-0.15284677111196027,3.0,18.925497000000007
PUFF_RIGHT,193,R2->R1,R5->R4,8.602325267042627,False,81.3733471206735,-66.21621621621621,47.297297297297305,7.0,19.025460100000004
PUFF_RIGHT,194,R2->R1,R4->R3,502.7255712612996,True,0.4447889873374986,0.2199950145014699,0.3865739733236261,2.23606797749979,19.124411100000003
PUFF_RIGHT,195,R1->L1,L2->L3,27.313000567495326,False,5.177803730784977,-4.825737265415549,-1.8766756032171583,1.4142135623730951,19.221899800000017
PUFF_RIGHT,196,R1->L1,L3->L4,34.785054261852174,False,0.0,0.0,-0.0,0.0,19.3198864
PUFF_RIGHT,197,R1->L1,L4->L5,31.38470965295043,False,3.186264939385831,1.6243654822335025,2.7411167512690358,1.0,19.419331450000016
PUFF_RIGHT,198,R1->L1,L5->L6,11.180339887498949,False,0.0,0.0,-0.0,0.0,19.520291499999985
PUFF_RIGHT,199,R1->L1,L6->L7,12.0,False,0.0,0.0,0.0,0.0,19.620778200000018
PUFF_RIGHT,200,R1->L1,L7->L8,12.36931687685298,False,8.084520834544433,-1.9607843137254901,7.8431372549019605,1.0,19.719312549999984
PUFF_RIGHT,201,R1->L1,L8->R8,21.02379604162864,False,6.726727939963125,-4.524886877828053,4.97737556561086,1.4142135623730951,19.81826645000001
PUFF_RIGHT,202,R1->L1,R8->R7,15.033296378372908,False,13.303802104754785,13.274336283185843,0.8849557522123894,2.0,19.917245999999977
PUFF_RIGHT,203,R1->L1,R7->R6,5.0,False,28.284271247461906,28.000000000000004,-4.0,1.4142135623730951,20.015264049999985
PUFF_RIGHT,204,R1->L1,R6->R5,35.0,False,0.0,0.0,0.0,0.0,20.11387860000002
PUFF_RIGHT,205,R1->L1,R5->R4,51.478150704935004,True,0.0,-0.0,0.0,0.0,20.21289545000002
PUFF_RIGHT,206,R1->L1,R4->R3,53.23532661682466,True,1.8784518919133617,-1.8701482004234298,-0.17642907551164436,1.0,20.310433049999972
PUFF_RIGHT,207,R1->L1,R3->R2,5.830951894845301,False,0.0,-0.0,0.0,0.0,20.4079031
PUFF_BOTH,0,L1->L2,L3->L4,343.42393626536864,True,4.239721883366378,4.236052229947431,-0.17636086145497704,14.560219778561036,0.049812600000024077
PUFF_BOTH,1,L1->L2,L4->L5,106.7379969832674,True,0.0,0.0,-0.0,0.0,0.14923990000002618
PUFF_BOTH,2,L1->L2,L5->L6,96.84007434941384,True,3.723201680385547,3.5508637236084453,1.1196417146513113,3.605551275463989,0.24715894999999932
PUFF_BOTH,3,L1->L2,L6->L7,56.462376853972415,True,3.9602795739238714,3.9523212045169385,0.25094102885821834,2.23606797749979,0.34566570000001207
PUFF_BOTH,4,L1->L2,L7->L8,21.095023109728988,False,10.5999788000636,-8.98876404494382,-5.617977528089888,2.23606797749979,0.4446836500000302
PUFF_BOTH,5,L1->L2,L8->R8,7.211102550927978,False,39.2232270276368,-38.46153846153846,7.692307692307694,2.8284271247461903,0.5481546000000037
PUFF_BOTH,6,L1->L2,R8->R7,4.0,False,127.4754878398196,-25.0,125.0,5.0990195135927845,0.6517211000000032
PUFF_BOTH,7,L1->L2,R7->R6,25.0,False,8.944271909999157,8.799999999999999,-1.6,2.23606797749979,0.7502927499999998
PUFF_BOTH,8,L1->L2,R6->R5,11.40175425099138,False,0.0,0.0,0.0,0.0,0.8502435000000048
PUFF_BOTH,9,L1->L2,R5->R4,72.11102550927978,True,1.386750490563073,0.46153846153846156,1.3076923076923077,1.0,0.9502147500000149
PUFF_BOTH,10,L1->L2,R4->R3,52.15361924162119,True,0.0,0.0,-0.0,0.0,1.049678699999987
PUFF_BOTH,11,L1->L2,R3->R2,29.410882339705484,False,3.4001020045902295,-3.236994219653179,1.0404624277456647,1.0,1.149171750000022
PUFF_BOTH,12,L1->L2,R2->R1,435.2470562795342,True,0.9190182776172596,0.8783783783783784,-0.2702702702702703,4.0,1.247305950000026
PUFF_BOTH,13,L2->L3,L4->L5,290.73871431235295,True,2.9387224076867677,-2.9386364442972237,-0.02247749293142005,8.54400374531753,1.3452302000000316
PUFF_BOTH,14,L2->L3,L5->L6,193.2174940319846,True,2.787100016028084,-2.7830605630407415,-0.15000133929767234,5.385164807134504,1.4440698000000225
PUFF_BOTH,15,L2->L3,L6->L7,51.07837115648854,True,4.377719819312875,-4.369490226140284,-0.2683020314296665,2.23606797749979,1.5415805000000375
PUFF_BOTH,16,L2->L3,L7->L8,22.02271554554524,False,4.540766091864998,0.2061855670103093,4.536082474226804,1.0,1.6386036000000104
PUFF_BOTH,17,L2->L3,L8->R8,18.24828759089466,False,21.91986497404764,-21.62162162162162,3.6036036036036037,4.0,1.7360576000000094
PUFF_BOTH,18,L2->L3,R8->R7,11.0,False,9.090909090909092,9.090909090909092,0.0,1.0,1.8341067500000179
PUFF_BOTH,19,L2->L3,R7->R6,7.211102550927978,False,19.6116135138184,19.23076923076923,-3.846153846153847,1.4142135623730951,1.9327086000000122
PUFF_BOTH,20,L2->L3,R6->R5,21.095023109728988,False,4.740454631399772,-0.44943820224719105,-4.719101123595506,1.0,2.0307313000000136
PUFF_BOTH,21,L2->L3,R5->R4,4.0,False,25.0,25.0,-0.0,1.0,2.129288750000029
PUFF_BOTH,22,L2->L3,R4->R3,15.0,False,6.666666666666668,4.0,-5.333333333333334,1.0,2.228292449999998
PUFF_BOTH,23,L2->L3,R3->R2,10.04987562112089,False,9.950371902099892,-9.900990099009901,0.9900990099009903,1.0,2.3277941999999996
PUFF_BOTH,24,L2->L3,R2->R1,59.30430001273095,True,5.058655104867582,-5.032698322433893,0.5117998294000569,3.0,2.42829315000003
PUFF_BOTH,25,L2->L3,R1->L1,28.844410203711913,False,7.752170911825528,-7.6923076923076925,-0.9615384615384615,2.23606797749979,2.5272428500000217
PUFF_BOTH,26,L3->L4,L1->L2,370.7344062802912,True,3.6687909938556236,3.656762026716335,0.29684817089141763,13.601470508735444,2.6257456500000274
PUFF_BOTH,27,L3->L4,L5->L6,297.5987231155403,True,1.5027403035137719,-1.4904307570710777,-0.19194941568339638,4.47213595499958,2.7257021000000066
PUFF_BOTH,28,L3->L4,L6->L7,29.120439557122072,False,7.67868896042439,5.660377358490567,-5.188679245283018,2.23606797749979,2.8251221000000157
PUFF_BOTH,29,L3->L4,L7->L8,22.47220505424423,False,22.249707974499238,22.178217821782177,1.7821782178217827,5.0,2.9251530500000342
PUFF_BOTH,30,L3->L4,L8->R8,21.470910553583888,False,10.414406840917833,-0.21691973969631212,-10.412147505422992,2.23606797749979,3.024682900000016
PUFF_BOTH,31,L3->L4,R8->R7,8.48528137423857,False,48.591265790377506,-41.666666666666664,25.0,4.123105625617661,3.1231444500000123
PUFF_BOTH,32,L3->L4,R7->R6,25.80697580112788,False,7.749842582921285,4.504504504504505,6.306306306306306,2.0,3.221590550000002
PUFF_BOTH,33,L3->L4,R6->R5,16.0312195418814,False,0.0,0.0,-0.0,0.0,3.320138700000001
PUFF_BOTH,34,L3->L4,R5->R4,63.89053137985315,True,2.213494757094859,-1.9598236158745712,-1.0289073983341497,1.4142135623730951,3.4192006000000106
PUFF_BOTH,35,L3->L4,R4->R3,63.0,True,1.5873015873015872,-1.5873015873015872,-0.0,1.0,3.517731050000009
PUFF_BOTH,36,L3->L4,R3->R2,16.15549442140351,False,0.0,0.0,0.0,0.0,3.6161882000000105
PUFF_BOTH,37,L3->L4,R2->R1,33.28663395418648,False,15.318519501283125,-14.259927797833939,-5.5956678700361016,5.0990195135927845,3.7151992000000007
PUFF_BOTH,38,L3->L4,R1->L1,139.30183056945089,True,3.5893282805836346,-3.555784591600103,0.489564545220304,5.0,3.8137298000000044
PUFF_BOTH,39,L4->L5,L1->L2,87.66413177577246,True,0.0,0.0,-0.0,0.0,3.9156394000000034
PUFF_BOTH,40,L4->L5,L2->L3,286.0,True,2.5454929682799015,-2.5282409897794516,0.29585798816568054,7.280109889280518,4.018606450000021
PUFF_BOTH,41,L4->L5,L6->L7,214.7091055358389,True,0.4657464328326223,0.19956616052060738,0.420824295010846,1.0,4.118176800000015
PUFF_BOTH,42,L4->L5,L7->L8,75.96051605933177,True,5.887448094094637,5.788561525129983,1.074523396880416,4.47213595499958,4.217708550000026
PUFF_BOTH,43,L4->L5,L8->R8,53.45091205957107,True,7.483501863433122,-7.140357017850893,2.24011200560028,4.0,4.318171949999993
PUFF_BOTH,44,L4->L5,R8->R7,23.345235059857504,False,4.283529368781194,-0.7339449541284404,-4.220183486238533,1.0,4.417659799999996
PUFF_BOTH,45,L4->L5,R7->R6,22.360679774997898,False,17.888543819998322,17.6,-3.2,4.0,4.516586100000012
PUFF_BOTH,46,L4->L5,R6->R5,7.280109889280518,False,19.425717247145283,-16.9811320754717,-9.433962264150944,1.4142135623730951,4.615685000000013
PUFF_BOTH,47,L4->L5,R5->R4,45.60701700396552,False,3.1008683647302115,-2.6923076923076925,-1.5384615384615385,1.4142135623730951,4.714177150000012
PUFF_BOTH,48,L4->L5,R4->R3,36.069377593742864,False,3.920814986889116,-3.920061491160646,0.07686395080707142,1.4142135623730951,4.812088799999998
PUFF_BOTH,49,L4->L5,R3->R2,16.1245154965971,False,0.0,-0.0,-0.0,0.0,4.9101072500000384
PUFF_BOTH,50,L4->L5,R2->R1,126.19429464123962,True,2.5058800551629408,-2.32967032967033,0.9230769230769231,3.1622776601683795,5.009223100000014
PUFF_BOTH,51,L4->L5,R1->L1,37.0,False,11.14352871788557,-6.06281957633309,-9.349890430971513,4.123105625617661,5.107818250000008
PUFF_BOTH,52,L5->L6,L1->L2,105.94810050208545,True,4.221062891931272,4.169265033407572,0.6592427616926503,4.47213595499958,5.207338950000036
PUFF_BOTH,53,L5->L6,L2->L3,211.15160430363773,True,1.7075651815930217,-1.666479757766065,-0.3723225299988786,3.605551275463989,5.307310849999993
PUFF_BOTH,54,L5->L6,L3->L4,327.6171546180084,True,1.6437371276890071,-1.6434833648551705,0.028882077273531884,5.385164807134504,5.4067557500000305
PUFF_BOTH,55,L5->L6,L7->L8,211.29363454680788,True,5.930119055889451,-5.91107626833912,-0.4748572068540712,12.529964086141668,5.506181699999985
PUFF_BOTH,56,L5->L6,L8->R8,62.39390995922599,True,16.50101772386941,16.362702286154637,2.1320318520421266,10.295630140987,5.605678300000022
PUFF_BOTH,57,L5->L6,R8->R7,19.6468827043885,False,32.191138998982524,32.12435233160622,2.072538860103627,6.324555320336759,5.706178600000015
PUFF_BOTH,58,L5->L6,R7->R6,3.1622776601683795,False,161.245154965971,140.0,80.0,5.0990195135927845,5.8056368000000305
PUFF_BOTH,59,L5->L6,R6->R5,42.720018726587654,False,5.234239225902137,3.8356164383561637,3.5616438356164384,2.23606797749979,5.9035988999999915
PUFF_BOTH,60,L5->L6,R5->R4,6.0,False,16.666666666666664,-16.666666666666664,0.0,1.0,6.000666849999988
PUFF_BOTH,61,L5->L6,R4->R3,8.0,False,12.5,0.0,-12.5,1.0,6.097247049999993
PUFF_BOTH,62,L5->L6,R3->R2,3.1622776601683795,False,0.0,0.0,-0.0,0.0,6.195147700000035
PUFF_BOTH,63,L5->L6,R2->R1,38.8329756778952,False,5.758167996310984,-5.570291777188328,1.4588859416445625,2.23606797749979,6.293208800000002
PUFF_BOTH,64,L5->L6,R1->L1,79.40403012442127,True,5.037527684340762,-5.011895321173672,0.507533703409992,4.0,6.391781199999997
PUFF_BOTH,65,L6->L7,L1->L2,52.0,True,3.8461538461538463,3.5502958579881656,-1.4792899408284024,2.0,6.491252400000008
PUFF_BOTH,66,L6->L7,L2->L3,55.362442142665635,True,2.5544638343965267,-2.316476345840131,-1.0766721044045677,1.4142135623730951,6.5907458499999905
PUFF_BOTH,67,L6->L7,L3->L4,45.221676218380054,False,2.2113289104342324,2.1026894865525674,-0.684596577017115,1.0,6.690750700000024
PUFF_BOTH,68,L6->L7,L4->L5,247.34186867572583,True,0.5717647278824356,-0.5394095916832848,-0.18961064434927585,1.4142135623730951,6.789749300000011
PUFF_BOTH,69,L6->L7,L8->R8,344.30509726113553,True,17.547004197312653,17.20176134158892,-3.463634369780507,60.41522986797286,6.889263349999993
PUFF_BOTH,70,L6->L7,R8->R7,60.41522986797286,True,34.56183658235201,33.8082191780822,-7.178082191780823,20.8806130178211,6.9877512000000195
PUFF_BOTH,71,L6->L7,R7->R6,45.880278987817846,False,48.737017882857934,48.45605700712589,-5.225653206650832,22.360679774997898,7.084689350000019
PUFF_BOTH,72,L6->L7,R6->R5,23.769728648009426,False,17.34603573593149,17.168141592920357,-2.4778761061946906,4.123105625617661,7.183161650000017
PUFF_BOTH,73,L6->L7,R5->R4,16.64331697709324,False,6.008417681261098,5.054151624548737,-3.249097472924188,1.0,7.282206400000035
PUFF_BOTH,74,L6->L7,R4->R3,13.601470508735444,False,7.352146220938077,7.027027027027027,2.1621621621621623,1.0,7.38070725
PUFF_BOTH,75,L6->L7,R3->R2,3.1622776601683795,False,0.0,-0.0,-0.0,0.0,7.479709000000014
PUFF_BOTH,76,L6->L7,R2->R1,61.5223536610881,True,1.6254254600023277,-1.6116248348745046,-0.21136063408190223,1.0,7.5791863999999975
PUFF_BOTH,77,L6->L7,R1->L1,69.26037828369117,True,2.041879639438963,-1.5634771732332706,1.3133208255159476,1.4142135623730951,7.678751300000016
PUFF_BOTH,78,L7->L8,L1->L2,19.026297590440446,False,16.62056238286334,-15.469613259668508,-6.077348066298343,3.1622776601683795,7.778862000000032
PUFF_BOTH,79,L7->L8,L2->L3,29.427877939124322,False,4.805693313322127,3.9260969976905313,2.771362586605081,1.4142135623730951,7.878759300000013
PUFF_BOTH,80,L7->L8,L3->L4,31.622776601683793,False,15.811388300841896,15.0,5.0,5.0,7.977697549999988
PUFF_BOTH,81,L7->L8,L4->L5,100.56838469419701,True,4.971741382944287,4.736009491793554,1.5127545975875023,5.0,8.076359050000008
PUFF_BOTH,82,L7->L8,L5->L6,221.65288177689007,True,5.652966920932704,-5.631996743334011,-0.4864644819865661,12.529964086141668,8.175878100000006
PUFF_BOTH,83,L7->L8,R8->R7,147.73286702694156,True,14.134033568855855,14.020618556701034,-1.7869415807560136,20.8806130178211,8.276270900000014
PUFF_BOTH,84,L7->L8,R7->R6,75.15317691222374,True,35.82792523477873,35.269121813031155,-6.303116147308782,26.92582403567252,8.376242350000012
PUFF_BOTH,85,L7->L8,R6->R5,28.0178514522438,False,28.77543184223316,28.662420382165603,-2.5477707006369426,8.06225774829855,8.475780800000024
PUFF_BOTH,86,L7->L8,R5->R4,17.88854381999832,False,5.5901699437494745,-5.0,2.5,1.0,8.57584730000002
PUFF_BOTH,87,L7->L8,R4->R3,13.0,False,15.384615384615385,-5.9171597633136095,14.201183431952662,2.0,8.67586990000001
PUFF_BOTH,88,L7->L8,R3->R2,2.23606797749979,False,0.0,-0.0,-0.0,0.0,8.775415350000003
PUFF_BOTH,89,L7->L8,R2->R1,56.32051136131489,True,11.229577231219764,-10.21437578814628,-4.665825977301387,6.324555320336759,8.873824400000018
PUFF_BOTH,90,L7->L8,R1->L1,74.02702209328699,True,4.271788288583806,-1.2408759124087592,4.087591240875913,3.1622776601683795,8.972744100000028
PUFF_BOTH,91,L8->R8,L1->L2,8.54400374531753,False,0.0,0.0,0.0,0.0,9.072688
PUFF_BOTH,92,L8->R8,L2->L3,26.30589287593181,False,5.376033305704703,-4.3352601156069355,-3.1791907514450863,1.4142135623730951,9.172196150000019
PUFF_BOTH,93,L8->R8,L3->L4,31.016124838541646,False,7.209372509105906,-7.172557172557173,-0.7276507276507278,2.23606797749979,9.271183150000013
PUFF_BOTH,94,L8->R8,L4->L5,74.63243262818116,True,5.684714456858353,-5.062836624775583,-2.585278276481149,4.242640687119285,9.368668050000025
PUFF_BOTH,95,L8->R8,L5->L6,65.14598989960932,True,17.501851255252404,17.483506126295943,-0.8011310084825635,11.40175425099138,9.46666375000001
PUFF_BOTH,96,L8->R8,L6->L7,358.39782365410645,True,16.972096728379572,16.559101277549846,-3.72132130261816,60.8276253029822,9.564608900000025
PUFF_BOTH,97,L8->R8,R7->R6,382.602927328059,True,14.526489202395872,13.94405164463572,-4.072138538784712,55.57877292636101,9.663116850000023
PUFF_BOTH,98,L8->R8,R6->R5,87.32124598286491,True,19.569129251761076,19.331147540983608,-3.0426229508196716,17.08800749063506,9.763116550000007
PUFF_BOTH,99,L8->R8,R5->R4,46.95742752749558,False,13.468700594029478,-13.333333333333336,1.9047619047619049,6.324555320336759,9.863106700000003
PUFF_BOTH,100,L8->R8,R4->R3,22.80350850198276,False,13.867504905630728,-11.538461538461538,7.6923076923076925,3.1622776601683795,9.962166800000006
PUFF_BOTH,101,L8->R8,R3->R2,8.602325267042627,False,25.993762245501824,-25.67567567567568,4.054054054054054,2.23606797749979,10.06129205000002
PUFF_BOTH,102,L8->R8,R2->R1,47.80167361086848,False,4.183953926553039,4.026258205689278,1.1378555798687089,2.0,10.16178800000003
PUFF_BOTH,103,L8->R8,R1->L1,88.36288813749809,True,4.0803909327335806,-3.5860655737704907,-1.9467213114754096,3.605551275463989,10.260737800000015
PUFF_BOTH,104,R8->R7,L1->L2,10.816653826391969,False,33.333333333333336,-30.76923076923077,12.820512820512823,3.605551275463989,10.358747000000022
PUFF_BOTH,105,R8->R7,L2->L3,16.0,False,0.0,0.0,0.0,0.0,10.457712500000014
PUFF_BOTH,106,R8->R7,L3->L4,17.72004514666935,False,12.618861628126718,-12.420382165605096,-2.229299363057325,2.23606797749979,10.567213750000008
PUFF_BOTH,107,R8->R7,L4->L5,37.8549864614954,False,3.735871267082812,-3.14026517794836,-2.0237264480111654,1.4142135623730951,10.675168200000002
PUFF_BOTH,108,R8->R7,L5->L6,19.1049731745428,False,23.408229439226112,21.91780821917808,8.219178082191782,4.47213595499958,10.772707200000013
PUFF_BOTH,109,R8->R7,L6->L7,66.18912297349165,True,30.10292016280539,29.696416343300612,-4.930381191508787,19.924858845171276,10.870692850000012
PUFF_BOTH,110,R8->R7,L7->L8,149.9399879951976,True,12.949506064766048,12.823592207099011,-1.8014411529223382,19.4164878389476,10.970118050000025
PUFF_BOTH,111,R8->R7,R6->R5,209.50656314301946,True,3.7279260175610798,-3.6634543093431753,-0.690315084409815,7.810249675906654,11.069738650000005
PUFF_BOTH,112,R8->R7,R5->R4,60.8276253029822,True,3.6760731104690385,3.6756756756756754,-0.05405405405405397,2.23606797749979,11.168305950000018
PUFF_BOTH,113,R8->R7,R4->R3,24.08318915758459,False,14.971236790408557,14.482758620689653,-3.793103448275862,3.605551275463989,11.266801049999998
PUFF_BOTH,114,R8->R7,R3->R2,10.295630140987,False,0.0,0.0,-0.0,0.0,11.365252099999992
PUFF_BOTH,115,R8->R7,R2->R1,36.6742416417845,False,3.856149436398495,1.2639405204460967,3.6431226765799254,1.4142135623730951,11.4635916
PUFF_BOTH,116,R8->R7,R1->L1,74.00675644831355,True,1.91092493475347,-1.3328464487858318,1.3693627898484573,1.4142135623730951,11.561180550000017
PUFF_BOTH,117,R7->R6,L1->L2,25.45584412271571,False,15.713484026367722,11.11111111111111,-11.11111111111111,4.0,11.65979655000001
PUFF_BOTH,118,R7->R6,L2->L3,20.024984394500787,False,4.993761694389223,-4.987531172069825,0.24937655860349126,1.0,11.759247799999997
PUFF_BOTH,119,R7->R6,L3->L4,26.40075756488817,False,7.575540190785701,6.886657101865136,-3.1563845050215207,2.0,11.85820185
PUFF_BOTH,120,R7->R6,L4->L5,46.84015371452148,False,4.773827155068792,4.6946216955332725,0.8659981768459437,2.23606797749979,11.95668925000004
PUFF_BOTH,121,R7->R6,L5->L6,11.045361017187261,False,28.62991671569341,26.22950819672131,11.475409836065573,3.1622776601683795,12.054656649999998
PUFF_BOTH,122,R7->R6,L6->L7,58.9406481131655,True,37.05478369682723,37.046632124352335,0.7772020725388606,21.840329667841555,12.153905850000001
PUFF_BOTH,123,R7->R6,L7->L8,80.95677859203639,True,35.37151875923279,35.18462007934086,-3.6313701556301496,28.635642126552707,12.253398950000019
PUFF_BOTH,124,R7->R6,L8->R8,391.86222068477076,True,14.435824508948958,14.076949126051733,-3.1988329990361817,56.568542494923804,12.351688400000029
PUFF_BOTH,125,R7->R6,R5->R4,106.06601717798213,True,8.432740427115679,-8.426666666666668,0.31999999999999973,8.94427190999916,12.451553000000018
PUFF_BOTH,126,R7->R6,R4->R3,15.264337522473747,False,20.716769761626043,-15.879828326180256,13.304721030042918,3.1622776601683795,12.55022655000002
PUFF_BOTH,127,R7->R6,R3->R2,22.825424421026653,False,9.79639167383865,-9.788867562380037,0.3838771593090214,2.23606797749979,12.648732650000028
PUFF_BOTH,128,R7->R6,R2->R1,28.442925306655784,False,28.992134818515545,-11.866501854140916,-26.45241038318912,8.246211251235321,12.746731700000026
PUFF_BOTH,129,R7->R6,R1->L1,79.40403012442127,True,6.421612990679355,-6.137985725614591,1.887390959555908,5.0990195135927845,12.844664499999993
PUFF_BOTH,130,R6->R5,L1->L2,10.295630140987,False,0.0,0.0,0.0,0.0,12.94215945000002
PUFF_BOTH,131,R6->R5,L2->L3,26.076809620810597,False,0.0,0.0,-0.0,0.0,13.040230949999994
PUFF_BOTH,132,R6->R5,L3->L4,5.830951894845301,False,17.149858514250884,-8.823529411764707,-14.705882352941178,1.0,13.138301949999999
PUFF_BOTH,133,R6->R5,L4->L5,19.4164878389476,False,0.0,0.0,-0.0,0.0,13.237212400000004
PUFF_BOTH,134,R6->R5,L5->L6,43.46262762420146,False,3.253861166888154,1.2175754367390152,3.0174695606140816,1.4142135623730951,13.337116049999992
PUFF_BOTH,135,R6->R5,L6->L7,26.248809496813376,False,17.037481092399634,16.83599419448476,2.6124818577648763,4.47213595499958,13.43561895000002
PUFF_BOTH,136,R6->R5,L7->L8,25.298221281347036,False,30.10398644698074,30.0,2.5,7.615773105863909,13.533592900000002
PUFF_BOTH,137,R6->R5,L8->R8,84.30895563343196,True,19.162251862834363,19.16150815981992,-0.16882386043894182,16.15549442140351,13.632093300000037
PUFF_BOTH,138,R6->R5,R8->R7,202.2325394193526,True,1.1056914895693633,-0.8337816030123721,-0.7261968800430338,2.23606797749979,13.730628050000007
PUFF_BOTH,139,R6->R5,R4->R3,394.62007044751283,True,1.2921338511268117,-1.2682613581634292,0.24723069513565574,5.0990195135927845,13.829144900000017
PUFF_BOTH,140,R6->R5,R3->R2,213.55093069335942,True,2.0941776935738003,-2.087536181036751,-0.16665204806595915,4.47213595499958,13.928566800000027
PUFF_BOTH,141,R6->R5,R2->R1,145.6605643267937,True,4.8544833287898905,4.322005938634113,-2.210491586935005,7.0710678118654755,14.028089800000004
PUFF_BOTH,142,R6->R5,R1->L1,107.67079455451233,True,4.643784807837157,-4.614853791080824,0.5175536961959802,5.0,14.12719765
PUFF_BOTH,143,R5->R4,L1->L2,69.83552104767315,True,1.4319360477275611,-0.6971498872257536,-1.2507689153167931,1.0,14.225719250000026
PUFF_BOTH,144,R5->R4,L2->L3,14.035668847618199,False,0.0,0.0,-0.0,0.0,14.323634750000025
PUFF_BOTH,145,R5->R4,L3->L4,62.6418390534633,True,3.1927542840705043,-3.0581039755351678,0.9174311926605503,2.0,14.425181750000007
PUFF_BOTH,146,R5->R4,L4->L5,73.97972695272672,True,3.0225415388848953,-2.941713868079664,-0.694317558925635,2.23606797749979,14.525777599999998
PUFF_BOTH,147,R5->R4,L5->L6,13.45362404707371,False,0.0,0.0,0.0,0.0,14.623808550000007
PUFF_BOTH,148,R5->R4,L6->L7,28.861739379323623,False,7.747516350666292,5.042016806722689,5.88235294117647,2.23606797749979,14.722732950000022
PUFF_BOTH,149,R5->R4,L7->L8,26.019223662515376,False,0.0,0.0,0.0,0.0,14.82170475000001
PUFF_BOTH,150,R5->R4,L8->R8,52.172789842982326,True,13.416955507012354,-13.115356355620866,2.8288023512123437,7.0,14.920675000000017
PUFF_BOTH,151,R5->R4,R8->R7,66.49060083951716,True,8.09913692934168,7.984618864510293,1.3571590137977831,5.385164807134504,15.019158200000021
PUFF_BOTH,152,R5->R4,R7->R6,101.53324578678651,True,6.306431147566198,-5.218740906004462,-3.540595596081094,6.4031242374328485,15.117809600000015
PUFF_BOTH,153,R5->R4,R3->R2,292.5149568825499,True,2.603549981521725,-2.5933500847309063,-0.23023432478232914,7.615773105863909,15.216262199999989
PUFF_BOTH,154,R5->R4,R2->R1,67.68308503607086,True,13.297266215338087,-12.966601178781925,-2.9469548133595285,9.0,15.315664450000014
PUFF_BOTH,155,R5->R4,R1->L1,31.304951684997057,False,13.170777796132697,-12.857142857142856,-2.857142857142857,4.123105625617661,15.415167550000007
PUFF_BOTH,156,R4->R3,L1->L2,44.181444068749045,False,4.526787302125926,-4.508196721311474,0.40983606557377045,2.0,15.514134550000023
PUFF_BOTH,157,R4->R3,L2->L3,11.40175425099138,False,0.0,0.0,0.0,0.0,15.61825435
PUFF_BOTH,158,R4->R3,L3->L4,47.51841748206689,False,6.654846326399235,-6.554472984942428,-1.1514614703277237,3.1622776601683795,15.72183130000002
PUFF_BOTH,159,R4->R3,L4->L5,25.0,False,8.944271909999157,-8.799999999999999,1.6,2.23606797749979,15.820761050000016
PUFF_BOTH,160,R4->R3,L5->L6,3.605551275463989,False,27.735009811261456,-23.076923076923077,15.384615384615385,1.0,15.920686950000032
PUFF_BOTH,161,R4->R3,L6->L7,5.830951894845301,False,17.149858514250884,14.705882352941178,-8.823529411764707,1.0,16.02111425000001
PUFF_BOTH,162,R4->R3,L7->L8,12.041594578792296,False,16.609095970747994,-12.413793103448276,11.03448275862069,2.0,16.122500550000012
PUFF_BOTH,163,R4->R3,L8->R8,21.470910553583888,False,10.414406840917835,-8.459869848156181,-6.073752711496747,2.23606797749979,16.22198290000003
PUFF_BOTH,164,R4->R3,R8->R7,20.591260281974,False,10.859306069076732,10.849056603773583,-0.47169811320754734,2.23606797749979,16.319655400000016
PUFF_BOTH,165,R4->R3,R7->R6,21.470910553583888,False,19.203217373235425,-14.316702819956614,12.798264642082428,4.123105625617661,16.418236800000017
PUFF_BOTH,166,R4->R3,R6->R5,376.36418533117626,True,1.0955095586445327,-1.0935404165195906,0.06565478291563716,4.123105625617661,16.516793449999994
PUFF_BOTH,167,R4->R3,R2->R1,562.8943062422998,True,1.0659194689770553,1.009310399242544,-0.3427489348272053,6.0,16.614721650000007
PUFF_BOTH,168,R4->R3,R1->L1,123.79418403139947,True,4.0389619586100975,-3.9804241435562813,0.6851549755301796,5.0,16.71367484999999
PUFF_BOTH,169,R3->R2,L1->L2,30.805843601498726,False,3.2461373658059776,-1.8967334035827188,-2.634351949420443,1.0,16.812739950000008
PUFF_BOTH,170,R3->R2,L2->L3,25.019992006393608,False,0.0,0.0,-0.0,0.0,16.910724450000004
PUFF_BOTH,171,R3->R2,L3->L4,16.1245154965971,False,0.0,0.0,0.0,0.0,17.00922915000001
PUFF_BOTH,172,R3->R2,L4->L5,8.48528137423857,False,0.0,-0.0,-0.0,0.0,17.108808900000014
PUFF_BOTH,173,R3->R2,L5->L6,10.770329614269007,False,0.0,0.0,0.0,0.0,17.208267550000016
PUFF_BOTH,174,R3->R2,L6->L7,13.341664064126334,False,7.495316889958614,-7.303370786516854,1.6853932584269662,1.0,17.30762790000003
PUFF_BOTH,175,R3->R2,L7->L8,10.295630140987,False,9.712858623572641,8.49056603773585,4.716981132075471,1.0,17.406632550000012
PUFF_BOTH,176,R3->R2,L8->R8,15.033296378372908,False,27.42649065010927,-26.991150442477878,4.8672566371681425,4.123105625617661,17.505112300000008
PUFF_BOTH,177,R3->R2,R8->R7,19.026297590440446,False,10.511766624552733,10.497237569060774,0.5524861878453038,2.0,17.60411719999999
PUFF_BOTH,178,R3->R2,R7->R6,25.019992006393608,False,7.993607669774315,0.3194888178913738,-7.987220447284344,2.0,17.70266964999999
PUFF_BOTH,179,R3->R2,R6->R5,233.85465571589546,True,1.7631060681668551,-1.7627267407840843,-0.0365710942071387,4.123105625617661,17.801746950000023
PUFF_BOTH,180,R3->R2,R5->R4,319.513692977312,True,2.674064972208945,-2.66336236029347,-0.23900714082810098,8.54400374531753,17.901243900000026
PUFF_BOTH,181,R3->R2,R1->L1,74.16872656315464,True,5.393108639385903,-5.380839847300491,0.3635702599527359,4.0,17.999255550000015
PUFF_BOTH,182,R2->R1,L1->L2,381.63464203345063,True,1.3101535996204834,1.0916955611246524,0.7243640358405713,5.0,18.096798600000028
PUFF_BOTH,183,R2->R1,L2->L3,20.808652046684813,False,4.805693313322127,3.9260969976905304,2.771362586605081,1.0,18.195347199999986
PUFF_BOTH,184,R2->R1,L3->L4,22.0,False,4.545454545454546,4.545454545454546,0.0,1.0,18.29529475000001
PUFF_BOTH,185,R2->R1,L4->L5,20.615528128088304,False,4.85071250072666,4.705882352941177,-1.1764705882352942,1.0,18.395749800000004
PUFF_BOTH,186,R2->R1,L5->L6,21.2602916254693,False,6.651901052377392,-6.63716814159292,0.4424778761061947,1.4142135623730951,18.494181950000012
PUFF_BOTH,187,R2->R1,L6->L7,7.615773105863909,False,47.34320764739993,-46.55172413793103,8.620689655172415,3.605551275463989,18.591724700000015
PUFF_BOTH,188,R2->R1,L7->L8,14.317821063276353,False,22.08630521496931,-2.4390243902439033,21.951219512195124,3.1622776601683795,18.690737250000012
PUFF_BOTH,189,R2->R1,L8->R8,14.422205101855956,False,43.85290096535146,-42.30769230769231,-11.538461538461538,6.324555320336759,18.790162700000025
PUFF_BOTH,190,R2->R1,R8->R7,23.40939982143925,False,0.0,0.0,0.0,0.0,18.89020180000003
PUFF_BOTH,191,R2->R1,R7->R6,37.64306044943742,False,15.490111126000237,15.031757233592097,-3.740296400846859,5.830951894845301,18.99026095000002
PUFF_BOTH,192,R2->R1,R6->R5,153.46986674914396,True,2.686589695394167,2.6493440326073108,0.44580308240988414,4.123105625617661,19.089705650000013
PUFF_BOTH,193,R2->R1,R5->R4,8.602325267042627,False,46.49905549752771,-37.83783783783784,27.027027027027028,4.0,19.18769420000001
PUFF_BOTH,194,R2->R1,R4->R3,502.7255712612996,True,1.514896703335882,1.4224497790157993,0.521103298738194,7.615773105863909,19.28463130000003
PUFF_BOTH,195,R1->L1,L2->L3,27.313000567495326,False,3.6612601296910627,-3.351206434316354,1.4745308310991958,1.0,19.382170700000017
PUFF_BOTH,196,R1->L1,L3->L4,34.785054261852174,False,0.0,0.0,-0.0,0.0,19.480202200000036
PUFF_BOTH,197,R1->L1,L4->L5,31.38470965295043,False,4.506059090593329,4.365482233502538,1.116751269035533,1.4142135623730951,19.578150300000033
PUFF_BOTH,198,R1->L1,L5->L6,11.180339887498949,False,0.0,0.0,-0.0,0.0,19.67568695
PUFF_BOTH,199,R1->L1,L6->L7,12.0,False,11.785113019775793,8.333333333333332,8.333333333333332,1.4142135623730951,19.77313010000003
PUFF_BOTH,200,R1->L1,L7->L8,12.36931687685298,False,16.169041669088866,15.686274509803921,3.9215686274509802,2.0,19.87062879999999
PUFF_BOTH,201,R1->L1,L8->R8,21.02379604162864,False,15.04142093990467,-14.027149321266968,5.4298642533936645,3.1622776601683795,19.968163150000038
PUFF_BOTH,202,R1->L1,R8->R7,15.033296378372908,False,19.95570315713218,19.911504424778766,1.3274336283185841,3.0,20.064592250000004
PUFF_BOTH,203,R1->L1,R7->R6,5.0,False,28.284271247461906,28.000000000000004,-4.0,1.4142135623730951,20.160594850000024
PUFF_BOTH,204,R1->L1,R6->R5,35.0,False,0.0,0.0,0.0,0.0,20.258879250000007
PUFF_BOTH,205,R1->L1,R5->R4,51.478150704935004,True,0.0,-0.0,0.0,0.0,20.35782255000001
PUFF_BOTH,206,R1->L1,R4->R3,53.23532661682466,True,1.8784518919133617,-1.8701482004234298,-0.17642907551164436,1.0,20.455664650000017
PUFF_BOTH,207,R1->L1,R3->R2,5.830951894845301,False,0.0,-0.0,0.0,0.0,20.55519185
