task,pattern_id,drive_pair,sense_pair,rest_abs_counts,strong,dz_abs_pct,dz_re_pct,dz_im_pct,dv_abs_counts,t_after_frame_start_s
SMILE_LEFT,0,L1->L2,L3->L4,285.2367437761131,True,2.552304374570617,2.551622418879056,0.058997050147492645,7.280109889280518,0.04895750000000021
SMILE_LEFT,1,L1->L2,L4->L5,97.52948272189288,True,4.1013239159753105,3.9529015979814974,-1.0933557611438185,4.0,0.14700274999999863
SMILE_LEFT,2,L1->L2,L5->L6,80.4114419718985,True,0.0,-0.0,0.0,0.0,0.24544244999999876
SMILE_LEFT,3,L1->L2,L6->L7,54.70831746635972,True,3.655751250675558,-3.4747744737721353,1.135983962579352,2.0,0.34593225000000416
SMILE_LEFT,4,L1->L2,L7->L8,15.132745950421556,False,9.345386270319956,-5.676855895196507,-7.4235807860262,1.4142135623730951,0.4454306000000017
SMILE_LEFT,5,L1->L2,L8->R8,3.605551275463989,False,62.01736729460423,30.769230769230777,53.84615384615385,2.23606797749979,0.5436311500000031
SMILE_LEFT,6,L1->L2,R8->R7,3.1622776601683795,False,31.622776601683793,-10.0,30.0,1.0,0.6420731000000046
SMILE_LEFT,7,L1->L2,R7->R6,26.92582403567252,False,3.7139067635410377,1.9310344827586208,3.1724137931034484,1.0,0.7398505000000029
SMILE_LEFT,8,L1->L2,R6->R5,7.280109889280518,False,13.736056394868903,-13.20754716981132,-3.7735849056603774,1.0,0.8374286000000026
SMILE_LEFT,9,L1->L2,R5->R4,65.55150646628954,True,1.52551795360227,-1.4195950663253434,0.5585292064230859,1.0,0.9349366499999974
SMILE_LEFT,10,L1->L2,R4->R3,42.04759208325728,False,3.3633639699815623,-2.48868778280543,-2.2624434389140267,1.4142135623730951,1.0329357500000071
SMILE_LEFT,11,L1->L2,R3->R2,29.5296461204668,False,0.0,0.0,-0.0,0.0,1.1319528000000005
SMILE_LEFT,12,L1->L2,R2->R1,368.46980880392357,True,0.2713926558178711,-0.26441776533844,0.06113279811445827,1.0,1.2298773500000024
SMILE_LEFT,13,L2->L3,L4->L5,253.29824318380102,True,2.0130496956873007,-2.0074812967581046,0.1496259351620947,5.0990195135927845,1.326856400000004
SMILE_LEFT,14,L2->L3,L5->L6,165.65627063289816,True,3.671918066885556,-3.6622695138838273,0.2660155965308651,6.082762530298219,1.4248730500000022
SMILE_LEFT,15,L2->L3,L6->L7,46.17358552246078,False,11.043152607484656,-10.975609756097562,1.219512195121951,5.0990195135927845,1.5229255500000036
SMILE_LEFT,16,L2->L3,L7->L8,18.027756377319946,False,5.547001962252291,5.538461538461538,-0.30769230769230765,1.0,1.6243723500000016
SMILE_LEFT,17,L2->L3,L8->R8,15.132745950421556,False,20.896918976428644,20.52401746724891,3.9301310043668125,3.1622776601683795,1.726418350000003
SMILE_LEFT,18,L2->L3,R8->R7,9.055385138137417,False,11.043152607484656,-10.975609756097562,-1.2195121951219512,1.0,1.825480600000006
SMILE_LEFT,19,L2->L3,R7->R6,6.324555320336759,False,0.0,-0.0,-0.0,0.0,1.9244087499999978
SMILE_LEFT,20,L2->L3,R6->R5,16.1245154965971,False,0.0,-0.0,0.0,0.0,2.0228739000000076
SMILE_LEFT,21,L2->L3,R5->R4,8.06225774829855,False,0.0,-0.0,-0.0,0.0,2.1213306000000074
SMILE_LEFT,22,L2->L3,R4->R3,9.848857801796104,False,10.153461651336189,-4.123711340206185,-9.278350515463917,1.0,2.2188720000000046
SMILE_LEFT,23,L2->L3,R3->R2,8.0,False,0.0,-0.0,0.0,0.0,2.3159160000000014
SMILE_LEFT,24,L2->L3,R2->R1,49.24428900898052,False,0.0,0.0,-0.0,0.0,2.4145313
SMILE_LEFT,25,L2->L3,R1->L1,12.206555615733702,False,8.192319205190405,-6.7114093959731544,4.697986577181208,1.0,2.5130265499999993
SMILE_LEFT,26,L3->L4,L1->L2,290.5942188000305,True,1.8531562084654722,1.8319616318313692,0.2794718455799633,5.385164807134504,2.6130060500000027
SMILE_LEFT,27,L3->L4,L5->L6,256.51705596314645,True,2.4655496284993235,-2.4650081305755234,-0.05167094725004179,6.324555320336759,2.7169587500000034
SMILE_LEFT,28,L3->L4,L6->L7,20.09975124224178,False,31.465838776377637,-30.6930693069307,-6.93069306930693,6.324555320336759,2.8179216000000054
SMILE_LEFT,29,L3->L4,L7->L8,20.591260281974,False,15.35737792084878,15.09433962264151,-2.8301886792452833,3.1622776601683795,2.915463850000002
SMILE_LEFT,30,L3->L4,L8->R8,19.697715603592208,False,20.306923302672377,18.556701030927833,-8.24742268041237,4.0,3.0143949500000033
SMILE_LEFT,31,L3->L4,R8->R7,8.48528137423857,False,11.785113019775793,-8.333333333333332,-8.333333333333332,1.0,3.1128275500000058
SMILE_LEFT,32,L3->L4,R7->R6,26.076809620810597,False,3.8348249442368516,3.2352941176470584,-2.0588235294117645,1.0,3.2107886000000008
SMILE_LEFT,33,L3->L4,R6->R5,11.0,False,0.0,-0.0,0.0,0.0,3.3103920000000002
SMILE_LEFT,34,L3->L4,R5->R4,62.76941930590086,True,3.5623524993954825,-3.5532994923857872,-0.2538071065989848,2.23606797749979,3.4124617000000086
SMILE_LEFT,35,L3->L4,R4->R3,50.08991914547278,True,3.9928193818631144,-3.9856516540454363,0.23913909924272617,2.0,3.5169038000000015
SMILE_LEFT,36,L3->L4,R3->R2,13.601470508735444,False,7.352146220938077,7.027027027027027,-2.1621621621621623,1.0,3.6187988500000046
SMILE_LEFT,37,L3->L4,R2->R1,23.430749027719962,False,0.0,0.0,-0.0,0.0,3.7173659999999984
SMILE_LEFT,38,L3->L4,R1->L1,117.00427342623003,True,0.0,-0.0,0.0,0.0,3.8149350999999996
SMILE_LEFT,39,L4->L5,L1->L2,86.02325267042627,True,1.1624763874381927,1.1081081081081081,-0.35135135135135137,1.0,3.9124438000000055
SMILE_LEFT,40,L4->L5,L2->L3,267.67517628648346,True,3.080678367578504,-3.0621074668527566,0.33775296580600145,8.246211251235321,4.009874350000004
SMILE_LEFT,41,L4->L5,L6->L7,205.19746587129188,True,7.873145193487373,-7.8729872227236015,-0.049874127202773774,16.15549442140351,4.107656950000006
SMILE_LEFT,42,L4->L5,L7->L8,69.26037828369117,True,14.220046216691292,14.133833646028767,1.5634771732332706,9.848857801796104,4.2062466
SMILE_LEFT,43,L4->L5,L8->R8,49.64876634922564,False,21.0283301612657,21.01419878296146,-0.7707910750507098,10.44030650891055,4.306358500000002
SMILE_LEFT,44,L4->L5,R8->R7,19.4164878389476,False,0.0,-0.0,0.0,0.0,4.407323750000003
SMILE_LEFT,45,L4->L5,R7->R6,20.396078054371138,False,0.0,-0.0,0.0,0.0,4.507217950000005
SMILE_LEFT,46,L4->L5,R6->R5,6.0,False,0.0,-0.0,0.0,0.0,4.607695100000001
SMILE_LEFT,47,L4->L5,R5->R4,44.9221548904324,False,2.2260730867409517,-2.130822596630327,0.6442021803766105,1.0,4.707775699999999
SMILE_LEFT,48,L4->L5,R4->R3,33.54101966249684,False,5.96284793999944,-5.333333333333334,2.666666666666667,2.0,4.810321600000002
SMILE_LEFT,49,L4->L5,R3->R2,15.0,False,0.0,0.0,-0.0,0.0,4.9129251000000025
SMILE_LEFT,50,L4->L5,R2->R1,101.24228365658294,True,0.0,0.0,-0.0,0.0,5.013431050000008
SMILE_LEFT,51,L4->L5,R1->L1,10.44030650891055,False,13.545709229571926,11.926605504587155,6.422018348623852,1.4142135623730951,5.113449600000003
SMILE_LEFT,52,L5->L6,L1->L2,99.62429422585637,True,1.0037712264569911,0.947103274559194,-0.3324937027707809,1.0,5.217437150000002
SMILE_LEFT,53,L5->L6,L2->L3,209.65209276322523,True,3.472471842912847,-3.4558856986849893,0.3389907630704828,7.280109889280518,5.321396100000001
SMILE_LEFT,54,L5->L6,L3->L4,327.2308053958246,True,1.858859994229576,-1.809861785580874,0.4239820694807621,6.082762530298219,5.420992350000006
SMILE_LEFT,55,L5->L6,L7->L8,217.46264046957583,True,9.905452808824728,9.904842461408334,-0.1099598223725947,21.540659228538015,5.5230052
SMILE_LEFT,56,L5->L6,L8->R8,64.62197768561404,True,10.380684981717499,10.344827586206899,0.8620689655172412,6.708203932499369,5.623904850000002
SMILE_LEFT,57,L5->L6,R8->R7,19.924858845171276,False,5.018856132284956,-4.785894206549118,1.5113350125944585,1.0,5.72242765
SMILE_LEFT,58,L5->L6,R7->R6,5.0,False,28.284271247461906,4.0,-28.000000000000004,1.4142135623730951,5.82287015
SMILE_LEFT,59,L5->L6,R6->R5,33.95585369269929,False,0.0,-0.0,0.0,0.0,5.923324050000005
SMILE_LEFT,60,L5->L6,R5->R4,6.082762530298219,False,16.439898730535727,2.702702702702702,-16.216216216216214,1.0,6.0219503500000044
SMILE_LEFT,61,L5->L6,R4->R3,7.211102550927978,False,13.867504905630728,11.538461538461538,7.6923076923076925,1.0,6.120425900000001
SMILE_LEFT,62,L5->L6,R3->R2,4.123105625617661,False,0.0,-0.0,-0.0,0.0,6.218436199999999
SMILE_LEFT,63,L5->L6,R2->R1,30.805843601498726,False,0.0,0.0,-0.0,0.0,6.316979500000002
SMILE_LEFT,64,L5->L6,R1->L1,72.44998274671983,True,1.380262578523906,-1.2383311106877501,0.6096399314155078,1.0,6.415963850000004
SMILE_LEFT,65,L6->L7,L1->L2,61.26989472816156,True,3.6495378153016853,-3.6494405966968566,-0.026638252530634,2.23606797749979,6.518924600000005
SMILE_LEFT,66,L6->L7,L2->L3,56.859475903318,True,10.255022231932037,-10.176306835756263,-1.268171976492422,5.830951894845301,6.621958500000005
SMILE_LEFT,67,L6->L7,L3->L4,37.64306044943742,False,20.23154604045412,-20.11291460832745,-2.187720536344389,7.615773105863909,6.723917999999998
SMILE_LEFT,68,L6->L7,L4->L5,266.5633133047382,True,7.54965548259502,-7.5489754559783835,-0.10132852961044808,20.12461179749811,6.8254558
SMILE_LEFT,69,L6->L7,L8->R8,354.7421598851763,True,0.891429894093206,0.6150569762082612,0.645253571939416,3.1622776601683795,6.9299482500000025
SMILE_LEFT,70,L6->L7,R8->R7,65.76473218982953,True,11.069930108232665,-10.820809248554914,2.3352601156069364,7.280109889280518,7.035448950000003
SMILE_LEFT,71,L6->L7,R7->R6,50.08991914547278,True,13.392323339586925,-13.391789557592668,-0.11956954962136325,6.708203932499369,7.134357899999998
SMILE_LEFT,72,L6->L7,R6->R5,23.40939982143925,False,13.508580673957479,-13.503649635036496,0.36496350364963515,3.1622776601683795,7.233370100000002
SMILE_LEFT,73,L6->L7,R5->R4,18.384776310850235,False,24.325212770525994,-24.2603550295858,-1.7751479289940832,4.47213595499958,7.334908949999999
SMILE_LEFT,74,L6->L7,R4->R3,14.212670403551895,False,9.950371902099892,-9.900990099009901,0.9900990099009898,1.4142135623730951,7.435962150000002
SMILE_LEFT,75,L6->L7,R3->R2,4.123105625617661,False,34.29971702850177,-29.411764705882355,-17.64705882352941,1.4142135623730951,7.538244950000006
SMILE_LEFT,76,L6->L7,R2->R1,46.61544808322666,False,2.145211600700721,-0.8283479061205707,-1.9788311090658077,1.0,7.641009100000005
SMILE_LEFT,77,L6->L7,R1->L1,49.64876634922564,False,8.304547985373995,-8.275862068965516,0.689655172413793,4.123105625617661,7.741374399999998
SMILE_LEFT,78,L7->L8,L1->L2,18.681541692269406,False,11.969397463728036,-11.74785100286533,-2.292263610315186,2.23606797749979,7.841362349999997
SMILE_LEFT,79,L7->L8,L2->L3,29.154759474226502,False,7.669649888473705,7.647058823529412,0.5882352941176473,2.23606797749979,7.940938150000001
SMILE_LEFT,80,L7->L8,L3->L4,30.4138126514911,False,17.706312815307243,17.62162162162162,-1.7297297297297294,5.385164807134504,8.038865999999999
SMILE_LEFT,81,L7->L8,L4->L5,105.54619841567009,True,13.988967183910736,13.985637342908438,0.30520646319569167,14.7648230602334,8.136043749999999
SMILE_LEFT,82,L7->L8,L5->L6,243.3105012119288,True,8.824489878832749,8.824324324324325,0.05405405405405425,21.470910553583888,8.234052000000005
SMILE_LEFT,83,L7->L8,R8->R7,164.84234892769516,True,3.033201135827755,2.785853604681117,1.1997203106024363,5.0,8.330883749999998
SMILE_LEFT,84,L7->L8,R7->R6,83.24061508662703,True,1.6989465549976392,1.6308269591571656,0.4762592004618271,1.4142135623730951,8.4278738
SMILE_LEFT,85,L7->L8,R6->R5,31.38470965295043,False,7.124704998790965,5.98984771573604,3.857868020304569,2.23606797749979,8.525018750000001
SMILE_LEFT,86,L7->L8,R5->R4,20.248456731316587,False,11.043152607484654,-10.97560975609756,-1.2195121951219514,2.23606797749979,8.622410200000004
SMILE_LEFT,87,L7->L8,R4->R3,14.212670403551895,False,15.732919388188815,-14.356435643564359,6.435643564356434,2.23606797749979,8.720847849999998
SMILE_LEFT,88,L7->L8,R3->R2,3.0,False,47.14045207910317,33.33333333333333,33.33333333333333,1.4142135623730951,8.821424350000001
SMILE_LEFT,89,L7->L8,R2->R1,43.41658669218482,False,8.304547985373997,-8.275862068965518,-0.6896551724137927,3.605551275463989,8.924931
SMILE_LEFT,90,L7->L8,R1->L1,62.64982043070834,True,3.569153051241248,3.56687898089172,-0.12738853503184702,2.23606797749979,9.025876150000002
SMILE_LEFT,91,L8->R8,L1->L2,2.23606797749979,False,63.245553203367585,20.0,60.00000000000001,1.4142135623730951,9.123968350000006
SMILE_LEFT,92,L8->R8,L2->L3,25.632011235952593,False,12.337220169960087,12.32876712328767,-0.45662100456621,3.1622776601683795,9.22298945
SMILE_LEFT,93,L8->R8,L3->L4,31.304951684997057,False,17.20227796970328,17.142857142857142,-1.4285714285714286,5.385164807134504,9.32251635
SMILE_LEFT,94,L8->R8,L4->L5,77.38862965578342,True,17.336407072555136,17.331774920687927,0.4007346802471199,13.416407864998739,9.424029650000008
SMILE_LEFT,95,L8->R8,L5->L6,68.4470598345904,True,12.48264536996187,12.443970117395944,-0.9818569903948771,8.54400374531753,9.524978050000001
SMILE_LEFT,96,L8->R8,L6->L7,368.95799218881274,True,0.8131006953400707,0.3680305590244619,0.7250422390362153,3.0,9.622449500000002
SMILE_LEFT,97,L8->R8,R7->R6,404.7344808636892,True,1.4406857262080202,1.4370307063060865,0.10255784140162379,5.830951894845301,9.720081399999998
SMILE_LEFT,98,L8->R8,R6->R5,99.76472322419383,True,1.4175487253094847,1.3563749623229178,0.4119360996684417,1.4142135623730951,9.81904205
SMILE_LEFT,99,L8->R8,R5->R4,52.32590180780452,True,0.0,-0.0,0.0,0.0,9.9183606
SMILE_LEFT,100,L8->R8,R4->R3,25.495097567963924,False,3.922322702763681,2.6153846153846154,2.923076923076923,1.0,10.016887750000002
SMILE_LEFT,101,L8->R8,R3->R2,11.180339887498949,False,0.0,-0.0,0.0,0.0,10.11450585
SMILE_LEFT,102,L8->R8,R2->R1,30.463092423455635,False,3.2826608214930637,-3.0172413793103448,1.2931034482758619,1.0,10.219513599999999
SMILE_LEFT,103,L8->R8,R1->L1,78.7210264160726,True,4.580162936909875,4.534452154268194,0.6454736162659352,3.605551275463989,10.327933950000002
SMILE_LEFT,104,R8->R7,L1->L2,6.4031242374328485,False,15.617376188860607,-9.756097560975611,-12.195121951219514,1.0,10.4288454
SMILE_LEFT,105,R8->R7,L2->L3,13.601470508735444,False,7.352146220938077,-7.027027027027027,2.1621621621621623,1.0,10.527011250000001
SMILE_LEFT,106,R8->R7,L3->L4,16.55294535724685,False,0.0,0.0,-0.0,0.0,10.626580750000002
SMILE_LEFT,107,R8->R7,L4->L5,36.76955262170047,False,0.0,-0.0,0.0,0.0,10.726449299999999
SMILE_LEFT,108,R8->R7,L5->L6,20.248456731316587,False,0.0,-0.0,0.0,0.0,10.826388900000005
SMILE_LEFT,109,R8->R7,L6->L7,72.71863585079137,True,10.011340014983643,-9.64447806354009,2.6853252647503782,7.280109889280518,10.926897600000004
SMILE_LEFT,110,R8->R7,L7->L8,163.37074401495514,True,3.4625870645325247,3.3270887973023604,0.9591607343574374,5.656854249492381,11.027502749999996
SMILE_LEFT,111,R8->R7,R6->R5,236.799493242701,True,3.98395326057033,-3.978671041837572,-0.20508613617719434,9.433981132056603,11.128450049999998
SMILE_LEFT,112,R8->R7,R5->R4,66.18912297349165,True,3.378301263177821,-3.3782241497375027,0.02282583884957766,2.23606797749979,11.230891350000007
SMILE_LEFT,113,R8->R7,R4->R3,26.90724809414742,False,3.7164707312358316,-2.7624309392265194,2.4861878453038675,1.0,11.331375300000005
SMILE_LEFT,114,R8->R7,R3->R2,13.0,False,7.6923076923076925,-7.100591715976331,2.9585798816568047,1.0,11.428418450000002
SMILE_LEFT,115,R8->R7,R2->R1,18.027756377319946,False,7.84464540552736,7.692307692307692,1.5384615384615385,1.4142135623730951,11.526430250000004
SMILE_LEFT,116,R8->R7,R1->L1,61.71709649683789,True,1.6202965738208952,-1.4439485429246521,0.7351010763980047,1.0,11.627978249999998
SMILE_LEFT,117,R7->R6,L1->L2,26.627053911388696,False,3.7555788309433984,-2.1156558533145273,-3.1029619181946404,1.0,11.728867750000006
SMILE_LEFT,118,R7->R6,L2->L3,16.278820596099706,False,0.0,-0.0,0.0,0.0,11.826932600000006
SMILE_LEFT,119,R7->R6,L3->L4,28.178005607210743,False,0.0,0.0,-0.0,0.0,11.926466900000008
SMILE_LEFT,120,R7->R6,L4->L5,46.238512086787566,False,3.0585187510330805,2.8063610851262863,1.216089803554724,1.4142135623730951,12.025002299999997
SMILE_LEFT,121,R7->R6,L5->L6,9.219544457292887,False,15.33929977694741,-8.235294117647058,-12.941176470588237,1.4142135623730951,12.124895600000002
SMILE_LEFT,122,R7->R6,L6->L7,60.83584469702052,True,12.518562278197306,-12.510132396649553,0.45933531477978906,7.615773105863909,12.224382300000002
SMILE_LEFT,123,R7->R6,L7->L8,82.0792300158816,True,1.7229859028885348,1.5882440255306516,0.6679530948493394,1.4142135623730951,12.320310400000004
SMILE_LEFT,124,R7->R6,L8->R8,392.77092560422545,True,2.0994963510981957,2.0768916632635204,-0.3072555082356144,8.246211251235321,12.417372650000004
SMILE_LEFT,125,R7->R6,R5->R4,108.07867504739313,True,0.9252519052083994,-0.8560910880917729,0.35099734611762684,1.0,12.519459500000004
SMILE_LEFT,126,R7->R6,R4->R3,10.63014581273465,False,9.407208683835973,-6.1946902654867255,7.079646017699115,1.0,12.621996550000006
SMILE_LEFT,127,R7->R6,R3->R2,23.40939982143925,False,0.0,-0.0,0.0,0.0,12.719837000000005
SMILE_LEFT,128,R7->R6,R2->R1,11.40175425099138,False,12.403473458920846,10.76923076923077,-6.153846153846154,1.4142135623730951,12.820306900000006
SMILE_LEFT,129,R7->R6,R1->L1,71.58910531638176,True,0.0,-0.0,0.0,0.0,12.920356350000006
SMILE_LEFT,130,R6->R5,L1->L2,3.605551275463989,False,27.735009811261456,-15.384615384615385,-23.076923076923077,1.0,13.019837700000004
SMILE_LEFT,131,R6->R5,L2->L3,21.587033144922902,False,4.632410546120794,-4.506437768240343,1.0729613733905579,1.0,13.118884250000008
SMILE_LEFT,132,R6->R5,L3->L4,4.123105625617661,False,0.0,-0.0,0.0,0.0,13.21542325
SMILE_LEFT,133,R6->R5,L4->L5,18.439088914585774,False,0.0,-0.0,0.0,0.0,13.312944049999999
SMILE_LEFT,134,R6->R5,L5->L6,30.14962686336267,False,0.0,-0.0,0.0,0.0,13.410886750000003
SMILE_LEFT,135,R6->R5,L6->L7,24.351591323771842,False,12.98591791445427,-12.984822934232715,0.16863406408094422,3.1622776601683795,13.508886450000006
SMILE_LEFT,136,R6->R5,L7->L8,25.0,False,5.656854249492381,4.96,2.7199999999999993,1.4142135623730951,13.609450250000002
SMILE_LEFT,137,R6->R5,L8->R8,86.97700845625813,True,2.570872483645304,2.5512227362855255,0.3172504957038996,2.23606797749979,13.712552100000003
SMILE_LEFT,138,R6->R5,R8->R7,205.30221625691235,True,4.161671462243585,-4.161427317374078,-0.045078175045671263,8.54400374531753,13.811968
SMILE_LEFT,139,R6->R5,R4->R3,365.8742953529258,True,0.3865299039411696,0.3525966652722166,0.15836968863921597,1.4142135623730951,13.910366700000004
SMILE_LEFT,140,R6->R5,R3->R2,203.42320418280704,True,0.4915860036799667,0.46156448611681683,-0.16915975930982816,1.0,14.009337000000002
SMILE_LEFT,141,R6->R5,R2->R1,135.4400236266961,True,0.0,-0.0,0.0,0.0,14.107378550000007
SMILE_LEFT,142,R6->R5,R1->L1,91.7877987534291,True,0.0,-0.0,0.0,0.0,14.207946550000003
SMILE_LEFT,143,R5->R4,L1->L2,61.465437442517235,True,0.0,0.0,-0.0,0.0,14.308309700000002
SMILE_LEFT,144,R5->R4,L2->L3,11.0,False,0.0,-0.0,0.0,0.0,14.406804899999997
SMILE_LEFT,145,R5->R4,L3->L4,61.68468205316454,True,1.621148017165954,-1.5243101182654404,0.5519053876478319,1.0,14.504341350000004
SMILE_LEFT,146,R5->R4,L4->L5,69.92138442565336,True,1.430177631942184,-1.370423399468194,0.40908161178155045,1.0,14.601309
SMILE_LEFT,147,R5->R4,L5->L6,7.810249675906654,False,12.8036879932896,-8.196721311475411,-9.836065573770494,1.0,14.699298499999998
SMILE_LEFT,148,R5->R4,L6->L7,27.202941017470888,False,14.704292441876154,-14.054054054054054,4.324324324324325,4.0,14.797366750000009
SMILE_LEFT,149,R5->R4,L7->L8,21.0,False,10.647942749998998,-9.523809523809524,-4.761904761904762,2.23606797749979,14.893944300000001
SMILE_LEFT,150,R5->R4,L8->R8,48.27007354458868,False,2.0716769761626046,0.47210300429184554,2.017167381974249,1.0,14.993455150000003
SMILE_LEFT,151,R5->R4,R8->R7,59.43904440685432,True,3.36479164488278,-3.283328615907161,0.7359184828757429,2.0,15.093434450000004
SMILE_LEFT,152,R5->R4,R7->R6,92.19544457292888,True,1.0846522890932808,-1.0588235294117647,0.2352941176470588,1.0,15.190893549999998
SMILE_LEFT,153,R5->R4,R3->R2,267.21714016881475,True,0.37422749130847255,-0.35571738673762343,0.11623835865835726,1.0,15.289380100000002
SMILE_LEFT,154,R5->R4,R2->R1,41.6293165929973,False,4.8043065889206344,-4.385458742065781,1.9619157530294287,2.0,15.387379550000006
SMILE_LEFT,155,R5->R4,R1->L1,21.2602916254693,False,0.0,0.0,0.0,0.0,15.484357200000005
SMILE_LEFT,156,R4->R3,L1->L2,34.0147027033899,False,2.9399051601892734,-2.9386343993085564,0.08643042350907519,1.0,15.580847000000006
SMILE_LEFT,157,R4->R3,L2->L3,5.830951894845301,False,17.149858514250884,8.823529411764707,-14.705882352941178,1.0,15.677892700000001
SMILE_LEFT,158,R4->R3,L3->L4,39.20459156782532,False,3.607265133540433,-2.797657774886142,-2.277163305139883,1.4142135623730951,15.774975800000007
SMILE_LEFT,159,R4->R3,L4->L5,18.027756377319946,False,11.094003924504582,-11.076923076923077,0.6153846153846153,2.0,15.874929050000006
SMILE_LEFT,160,R4->R3,L5->L6,5.385164807134504,False,0.0,-0.0,-0.0,0.0,15.975363900000005
SMILE_LEFT,161,R4->R3,L6->L7,6.082762530298219,False,36.76073110469037,-35.13513513513512,-10.81081081081081,2.23606797749979,16.0733666
SMILE_LEFT,162,R4->R3,L7->L8,12.206555615733702,False,16.38463841038081,-13.422818791946309,9.395973154362416,2.0,16.17191665
SMILE_LEFT,163,R4->R3,L8->R8,20.248456731316587,False,4.9386479832479475,-4.634146341463414,1.7073170731707314,1.0,16.272441999999998
SMILE_LEFT,164,R4->R3,R8->R7,18.788294228055936,False,5.322462954123494,-4.815864022662889,2.2662889518413594,1.0,16.372427950000002
SMILE_LEFT,165,R4->R3,R7->R6,16.64331697709324,False,0.0,0.0,-0.0,0.0,16.47040905
SMILE_LEFT,166,R4->R3,R6->R5,306.33968074671617,True,0.652870041231653,0.6393589361067303,-0.13213418012872427,2.0,16.569305350000008
SMILE_LEFT,167,R4->R3,R2->R1,445.66018444550326,True,0.3173300222304309,0.19384431029187416,-0.25124236580687065,1.4142135623730951,16.66743555
SMILE_LEFT,168,R4->R3,R1->L1,111.23398761170077,True,0.8990057998197749,-0.8324577709528812,0.3394487998060292,1.0,16.76940235
SMILE_LEFT,169,R3->R2,L1->L2,29.966648127543394,False,3.337043221329999,3.0066815144766146,-1.447661469933185,1.0,16.872877000000003
SMILE_LEFT,170,R3->R2,L2->L3,18.027756377319946,False,0.0,-0.0,0.0,0.0,16.973333800000006
SMILE_LEFT,171,R3->R2,L3->L4,11.045361017187261,False,0.0,-0.0,0.0,0.0,17.0729745
SMILE_LEFT,172,R3->R2,L4->L5,6.324555320336759,False,22.360679774997898,10.0,20.0,1.4142135623730951,17.172044800000002
SMILE_LEFT,173,R3->R2,L5->L6,7.810249675906654,False,0.0,-0.0,-0.0,0.0,17.27128545
SMILE_LEFT,174,R3->R2,L6->L7,11.180339887498949,False,17.888543819998322,-17.6,3.2,2.0,17.369705300000007
SMILE_LEFT,175,R3->R2,L7->L8,7.0710678118654755,False,0.0,-0.0,-0.0,0.0,17.46795005
SMILE_LEFT,176,R3->R2,L8->R8,11.045361017187261,False,12.803687993289598,9.83606557377049,-8.19672131147541,1.4142135623730951,17.566480300000002
SMILE_LEFT,177,R3->R2,R8->R7,14.317821063276353,False,0.0,-0.0,-0.0,0.0,17.663945650000002
SMILE_LEFT,178,R3->R2,R7->R6,17.46424919657298,False,0.0,-0.0,-0.0,0.0,17.761437550000004
SMILE_LEFT,179,R3->R2,R6->R5,187.0721785835617,True,0.7559721456610887,0.5886387015658933,0.4743399245628072,1.4142135623730951,17.862118100000004
SMILE_LEFT,180,R3->R2,R5->R4,265.02264054227516,True,0.5336199048803554,-0.43709156142773753,-0.30610646810085856,1.4142135623730951,17.961409250000003
SMILE_LEFT,181,R3->R2,R1->L1,65.29931086925804,True,1.531409729579222,-1.3602251407129455,0.7035647279549718,1.0,18.058399750000007
SMILE_LEFT,182,R2->R1,L1->L2,255.07057846799972,True,0.3920483522663341,-0.3919398718126066,0.00922211463088486,1.0,18.158493300000004
SMILE_LEFT,183,R2->R1,L2->L3,9.219544457292887,False,0.0,-0.0,-0.0,0.0,18.26056045
SMILE_LEFT,184,R2->R1,L3->L4,11.180339887498949,False,8.94427190999916,-8.0,-4.0,1.0,18.3609723
SMILE_LEFT,185,R2->R1,L4->L5,12.041594578792296,False,8.304547985373997,-8.275862068965518,0.6896551724137931,1.0,18.4593584
SMILE_LEFT,186,R2->R1,L5->L6,11.661903789690601,False,8.574929257125442,-4.411764705882353,-7.352941176470589,1.0,18.557435050000002
SMILE_LEFT,187,R2->R1,L6->L7,3.1622776601683795,False,0.0,-0.0,0.0,0.0,18.655954200000004
SMILE_LEFT,188,R2->R1,L7->L8,9.486832980505138,False,10.5409255338946,-3.3333333333333335,10.0,1.0,18.753955350000005
SMILE_LEFT,189,R2->R1,L8->R8,5.830951894845301,False,34.29971702850177,17.647058823529413,29.411764705882355,2.0,18.8519467
SMILE_LEFT,190,R2->R1,R8->R7,13.601470508735444,False,7.352146220938077,-5.945945945945946,-4.324324324324324,1.0,18.9494191
SMILE_LEFT,191,R2->R1,R7->R6,20.808652046684813,False,0.0,-0.0,-0.0,0.0,19.04639935
SMILE_LEFT,192,R2->R1,R6->R5,103.07764064044152,True,1.3719886811400708,-1.0070588235294118,0.9317647058823529,1.4142135623730951,19.1439857
SMILE_LEFT,193,R2->R1,R5->R4,11.180339887498949,False,8.94427190999916,-4.0,8.0,1.0,19.241964050000007
SMILE_LEFT,194,R2->R1,R4->R3,326.15333817086713,True,0.613208502238977,0.6129202075656163,0.018801233360908477,2.0,19.339073350000007
SMILE_LEFT,195,R1->L1,L2->L3,24.041630560342615,False,0.0,0.0,-0.0,0.0,19.43852355
SMILE_LEFT,196,R1->L1,L3->L4,26.076809620810597,False,0.0,-0.0,0.0,0.0,19.538400950000003
SMILE_LEFT,197,R1->L1,L4->L5,23.345235059857504,False,4.283529368781194,4.220183486238533,-0.7339449541284404,1.0,19.636432299999996
SMILE_LEFT,198,R1->L1,L5->L6,10.198039027185569,False,0.0,-0.0,-0.0,0.0,19.736165300000003
SMILE_LEFT,199,R1->L1,L6->L7,7.0,False,28.57142857142857,-28.57142857142857,0.0,2.0,19.835674350000005
SMILE_LEFT,200,R1->L1,L7->L8,8.246211251235321,False,17.149858514250884,8.823529411764705,14.705882352941178,1.4142135623730951,19.934871700000002
SMILE_LEFT,201,R1->L1,L8->R8,15.0,False,13.333333333333334,13.333333333333334,-0.0,2.0,20.034414050000002
SMILE_LEFT,202,R1->L1,R8->R7,10.04987562112089,False,0.0,-0.0,-0.0,0.0,20.1340522
SMILE_LEFT,203,R1->L1,R7->R6,5.0,False,20.0,-12.0,-16.0,1.0,20.237425350000002
SMILE_LEFT,204,R1->L1,R6->R5,24.020824298928627,False,0.0,-0.0,0.0,0.0,20.339931050000004
SMILE_LEFT,205,R1->L1,R5->R4,37.48332962798263,False,0.0,0.0,-0.0,0.0,20.43832675
SMILE_LEFT,206,R1->L1,R4->R3,37.0,False,2.7027027027027026,-0.0,-2.7027027027027026,1.0,20.536413300000007
SMILE_LEFT,207,R1->L1,R3->R2,4.123105625617661,False,0.0,0.0,-0.0,0.0,20.633471550000003
SMILE_RIGHT,0,L1->L2,L3->L4,285.2367437761131,True,0.35058596825972604,-0.08849557522123894,-0.3392330383480826,1.0,0.051507050000004995
SMILE_RIGHT,1,L1->L2,L4->L5,97.52948272189288,True,2.0506619579876553,1.9764507989907487,-0.5466778805719092,2.0,0.15253240000000545
SMILE_RIGHT,2,L1->L2,L5->L6,80.4114419718985,True,1.7587218033813177,1.4537581193937519,0.9897927621404268,1.4142135623730951,0.25039699999999954
SMILE_RIGHT,3,L1->L2,L6->L7,54.70831746635972,True,1.827875625337779,-1.7373872368860677,0.567991981289676,1.0,0.34784975000000173
SMILE_RIGHT,4,L1->L2,L7->L8,15.132745950421556,False,6.608186004550898,-6.550218340611353,-0.8733624454148471,1.0,0.44532319999999714
SMILE_RIGHT,5,L1->L2,L8->R8,3.605551275463989,False,0.0,-0.0,-0.0,0.0,0.5449028499999997
SMILE_RIGHT,6,L1->L2,R8->R7,3.1622776601683795,False,31.622776601683793,-10.0,30.0,1.0,0.6449640500000058
SMILE_RIGHT,7,L1->L2,R7->R6,26.92582403567252,False,0.0,0.0,-0.0,0.0,0.7434312500000004
SMILE_RIGHT,8,L1->L2,R6->R5,7.280109889280518,False,19.425717247145283,9.433962264150944,16.9811320754717,1.4142135623730951,0.8418849999999978
SMILE_RIGHT,9,L1->L2,R5->R4,65.55150646628954,True,1.52551795360227,1.4195950663253434,-0.5585292064230859,1.0,0.938869099999998
SMILE_RIGHT,10,L1->L2,R4->R3,42.04759208325728,False,2.3782574707724704,-2.3755656108597285,0.11312217194570134,1.0,1.0354044500000015
SMILE_RIGHT,11,L1->L2,R3->R2,29.5296461204668,False,0.0,0.0,-0.0,0.0,1.133386300000005
SMILE_RIGHT,12,L1->L2,R2->R1,368.46980880392357,True,0.38380717458608676,-0.3255505634528983,-0.20328496722398173,1.4142135623730951,1.2318964999999977
SMILE_RIGHT,13,L2->L3,L4->L5,253.29824318380102,True,0.8827806894330609,-0.8665835411471321,-0.16832917705735662,2.23606797749979,1.329954149999999
SMILE_RIGHT,14,L2->L3,L5->L6,165.65627063289816,True,0.6036596116642307,-0.5866919320749217,0.1421179214342978,1.0,1.4289251500000049
SMILE_RIGHT,15,L2->L3,L6->L7,46.17358552246078,False,0.0,-0.0,0.0,0.0,1.5279464500000017
SMILE_RIGHT,16,L2->L3,L7->L8,18.027756377319946,False,7.84464540552736,-5.846153846153846,-5.23076923076923,1.4142135623730951,1.6269208000000006
SMILE_RIGHT,17,L2->L3,L8->R8,15.132745950421556,False,9.345386270319956,7.4235807860262,5.676855895196507,1.4142135623730951,1.7274067500000072
SMILE_RIGHT,18,L2->L3,R8->R7,9.055385138137417,False,0.0,-0.0,-0.0,0.0,1.8268394999999984
SMILE_RIGHT,19,L2->L3,R7->R6,6.324555320336759,False,15.811388300841896,-5.0,-15.0,1.0,1.9285074000000009
SMILE_RIGHT,20,L2->L3,R6->R5,16.1245154965971,False,6.201736729460423,-0.7692307692307693,-6.153846153846154,1.0,2.0320819000000014
SMILE_RIGHT,21,L2->L3,R5->R4,8.06225774829855,False,0.0,-0.0,-0.0,0.0,2.131974300000003
SMILE_RIGHT,22,L2->L3,R4->R3,9.848857801796104,False,10.153461651336189,9.278350515463917,-4.123711340206185,1.0,2.2304530000000042
SMILE_RIGHT,23,L2->L3,R3->R2,8.0,False,12.5,-0.0,12.5,1.0,2.3284268000000026
SMILE_RIGHT,24,L2->L3,R2->R1,49.24428900898052,False,2.030692330267238,-1.8556701030927836,0.8247422680412372,1.0,2.425410300000003
SMILE_RIGHT,25,L2->L3,R1->L1,12.206555615733702,False,11.585688927269846,-2.0134228187919465,11.409395973154362,1.4142135623730951,2.5253878000000043
SMILE_RIGHT,26,L3->L4,L1->L2,290.5942188000305,True,0.7694812328797626,-0.7484161288412574,-0.17881461306175614,2.23606797749979,2.6309300500000035
SMILE_RIGHT,27,L3->L4,L5->L6,256.51705596314645,True,1.2327748142496617,-1.2325040652877617,-0.025835473625020894,3.1622776601683795,2.734952800000002
SMILE_RIGHT,28,L3->L4,L6->L7,20.09975124224178,False,0.0,0.0,-0.0,0.0,2.8333452000000037
SMILE_RIGHT,29,L3->L4,L7->L8,20.591260281974,False,6.868028197434452,6.60377358490566,1.8867924528301887,1.4142135623730951,2.930317550000005
SMILE_RIGHT,30,L3->L4,L8->R8,19.697715603592208,False,10.153461651336189,9.278350515463917,-4.123711340206185,2.0,3.0273328999999976
SMILE_RIGHT,31,L3->L4,R8->R7,8.48528137423857,False,11.785113019775793,-8.333333333333332,-8.333333333333332,1.0,3.123547600000002
SMILE_RIGHT,32,L3->L4,R7->R6,26.076809620810597,False,0.0,0.0,-0.0,0.0,3.2201014500000014
SMILE_RIGHT,33,L3->L4,R6->R5,11.0,False,9.090909090909092,9.090909090909092,-0.0,1.0,3.3178596999999996
SMILE_RIGHT,34,L3->L4,R5->R4,62.76941930590086,True,3.5623524993954825,-3.5532994923857872,-0.2538071065989848,2.23606797749979,3.4163349000000025
SMILE_RIGHT,35,L3->L4,R4->R3,50.08991914547278,True,3.9928193818631144,-3.9856516540454363,0.23913909924272617,2.0,3.513827600000006
SMILE_RIGHT,36,L3->L4,R3->R2,13.601470508735444,False,10.397504898200726,-9.18918918918919,-4.864864864864865,1.4142135623730951,3.6108417499999987
SMILE_RIGHT,37,L3->L4,R2->R1,23.430749027719962,False,6.03571640283457,6.010928961748635,0.5464480874316939,1.4142135623730951,3.7078507000000016
SMILE_RIGHT,38,L3->L4,R1->L1,117.00427342623003,True,1.7093392757666919,-1.6216216216216217,0.5405405405405406,2.0,3.8048215000000027
SMILE_RIGHT,39,L4->L5,L1->L2,86.02325267042627,True,2.3249527748763854,-2.2162162162162162,0.7027027027027027,2.0,3.902321750000006
SMILE_RIGHT,40,L4->L5,L2->L3,267.67517628648346,True,1.9049280491125857,-1.881367759944173,0.2986741102581996,5.0990195135927845,3.998354650000003
SMILE_RIGHT,41,L4->L5,L6->L7,205.19746587129188,True,0.6891964071623313,-0.63173894456847,-0.27549517883437036,1.4142135623730951,4.094845350000007
SMILE_RIGHT,42,L4->L5,L7->L8,69.26037828369117,True,0.0,-0.0,0.0,0.0,4.192847500000006
SMILE_RIGHT,43,L4->L5,L8->R8,49.64876634922564,False,6.36929755298482,6.369168356997972,-0.04056795131845837,3.1622776601683795,4.290370599999996
SMILE_RIGHT,44,L4->L5,R8->R7,19.4164878389476,False,5.150262026246048,5.039787798408488,-1.0610079575596816,1.0,4.386851350000008
SMILE_RIGHT,45,L4->L5,R7->R6,20.396078054371138,False,15.504341823651057,-15.384615384615385,-1.923076923076923,3.1622776601683795,4.483320150000004
SMILE_RIGHT,46,L4->L5,R6->R5,6.0,False,37.26779962499649,-33.33333333333333,-16.666666666666664,2.23606797749979,4.580901250000004
SMILE_RIGHT,47,L4->L5,R5->R4,44.9221548904324,False,4.977650744835554,-4.905847373637265,-0.8424182358771061,2.23606797749979,4.678441499999998
SMILE_RIGHT,48,L4->L5,R4->R3,33.54101966249684,False,8.94427190999916,-8.0,4.0,3.0,4.776377000000004
SMILE_RIGHT,49,L4->L5,R3->R2,15.0,False,0.0,0.0,-0.0,0.0,4.8743729500000015
SMILE_RIGHT,50,L4->L5,R2->R1,101.24228365658294,True,2.208630521496931,-2.195121951219512,-0.2439024390243903,2.23606797749979,4.971349800000006
SMILE_RIGHT,51,L4->L5,R1->L1,10.44030650891055,False,9.578262852211513,9.174311926605503,-2.7522935779816513,1.0,5.06884445
SMILE_RIGHT,52,L5->L6,L1->L2,99.62429422585637,True,3.0113136793709736,2.841309823677582,-0.9974811083123427,3.0,5.166918400000007
SMILE_RIGHT,53,L5->L6,L2->L3,209.65209276322523,True,0.47698069063845216,-0.4436456295217728,0.17518314601628976,1.0,5.265914099999996
SMILE_RIGHT,54,L5->L6,L3->L4,327.2308053958246,True,0.9663752947535696,-0.9637654090399702,0.07097497198356371,3.1622776601683795,5.364837450000003
SMILE_RIGHT,55,L5->L6,L7->L8,217.46264046957583,True,4.11301540838713,-4.102347219285262,-0.296045675618524,8.94427190999916,5.4623908499999985
SMILE_RIGHT,56,L5->L6,L8->R8,64.62197768561404,True,2.1884405476620428,2.0114942528735633,0.8620689655172413,1.4142135623730951,5.560413050000001
SMILE_RIGHT,57,L5->L6,R8->R7,19.924858845171276,False,14.195468819753524,12.594458438287154,6.54911838790932,2.8284271247461903,5.658949
SMILE_RIGHT,58,L5->L6,R7->R6,5.0,False,28.284271247461906,4.0,-28.000000000000004,1.4142135623730951,5.7559095500000055
SMILE_RIGHT,59,L5->L6,R6->R5,33.95585369269929,False,2.9450003202688024,2.862098872506505,-0.6938421509106679,1.0,5.852885250000007
SMILE_RIGHT,60,L5->L6,R5->R4,6.082762530298219,False,0.0,-0.0,-0.0,0.0,5.950364999999998
SMILE_RIGHT,61,L5->L6,R4->R3,7.211102550927978,False,13.867504905630728,11.538461538461538,7.6923076923076925,1.0,6.047825699999997
SMILE_RIGHT,62,L5->L6,R3->R2,4.123105625617661,False,0.0,-0.0,-0.0,0.0,6.144841200000002
SMILE_RIGHT,63,L5->L6,R2->R1,30.805843601498726,False,0.0,0.0,-0.0,0.0,6.241943150000004
SMILE_RIGHT,64,L5->L6,R1->L1,72.44998274671983,True,2.760525157047812,-2.4766622213755003,1.2192798628310155,2.0,6.340485750000006
SMILE_RIGHT,65,L6->L7,L1->L2,61.26989472816156,True,0.0,-0.0,0.0,0.0,6.438954700000004
SMILE_RIGHT,66,L6->L7,L2->L3,56.859475903318,True,0.0,-0.0,0.0,0.0,6.542372899999997
SMILE_RIGHT,67,L6->L7,L3->L4,37.64306044943742,False,5.940186453498648,5.85744530698659,0.9880028228652079,2.23606797749979,6.646926799999996
SMILE_RIGHT,68,L6->L7,L4->L5,266.5633133047382,True,0.8388506091772246,-0.8387750506642649,-0.01125872551227201,2.23606797749979,6.746420000000008
SMILE_RIGHT,69,L6->L7,L8->R8,354.7421598851763,True,1.5180504084650062,1.5153923173503283,-0.0897951399373818,5.385164807134504,6.843810650000002
SMILE_RIGHT,70,L6->L7,R8->R7,65.76473218982953,True,7.602859212697053,7.514450867052022,1.15606936416185,5.0,6.940814800000005
SMILE_RIGHT,71,L6->L7,R7->R6,50.08991914547278,True,9.982048454657788,-9.804703068951774,-1.8732562774013553,5.0,7.038381750000006
SMILE_RIGHT,72,L6->L7,R6->R5,23.40939982143925,False,4.271788288583805,-4.014598540145985,1.4598540145985401,1.0,7.1353175500000035
SMILE_RIGHT,73,L6->L7,R5->R4,18.384776310850235,False,5.439282932204212,-5.029585798816568,2.0710059171597632,1.0,7.232420350000005
SMILE_RIGHT,74,L6->L7,R4->R3,14.212670403551895,False,9.950371902099892,-9.900990099009901,0.9900990099009898,1.4142135623730951,7.329938349999999
SMILE_RIGHT,75,L6->L7,R3->R2,4.123105625617661,False,24.253562503633297,-23.52941176470588,5.88235294117647,1.0,7.427878750000005
SMILE_RIGHT,76,L6->L7,R2->R1,46.61544808322666,False,2.145211600700721,-1.9788311090658077,0.8283479061205707,1.0,7.529886249999997
SMILE_RIGHT,77,L6->L7,R1->L1,49.64876634922564,False,2.848436459479425,-1.2576064908722107,2.5557809330628802,1.4142135623730951,7.638431750000002
SMILE_RIGHT,78,L7->L8,L1->L2,18.681541692269406,False,16.927284226638314,-16.9054441260745,-0.8595988538681947,3.1622776601683795,7.742448150000001
SMILE_RIGHT,79,L7->L8,L2->L3,29.154759474226502,False,0.0,-0.0,0.0,0.0,7.840578150000006
SMILE_RIGHT,80,L7->L8,L3->L4,30.4138126514911,False,9.299811099505543,8.864864864864867,2.810810810810811,2.8284271247461903,7.9400024000000045
SMILE_RIGHT,81,L7->L8,L4->L5,105.54619841567009,True,0.9474524094763922,0.8438061041292639,-0.43087971274685816,1.0,8.038983350000002
SMILE_RIGHT,82,L7->L8,L5->L6,243.3105012119288,True,4.047855621824367,-4.040540540540541,0.24324324324324315,9.848857801796104,8.136939300000002
SMILE_RIGHT,83,L7->L8,R8->R7,164.84234892769516,True,6.916762788907197,6.8487101166599205,0.9678725205166895,11.40175425099138,8.23541015
SMILE_RIGHT,84,L7->L8,R7->R6,83.24061508662703,True,9.149107197175692,-9.106653196709482,0.8803579160051953,7.615773105863909,8.337534650000002
SMILE_RIGHT,85,L7->L8,R6->R5,31.38470965295043,False,4.506059090593329,-1.116751269035533,4.365482233502538,1.4142135623730951,8.440467500000004
SMILE_RIGHT,86,L7->L8,R5->R4,20.248456731316587,False,11.043152607484654,-10.97560975609756,-1.2195121951219514,2.23606797749979,8.540587800000004
SMILE_RIGHT,87,L7->L8,R4->R3,14.212670403551895,False,22.249707974499238,-18.81188118811881,11.881188118811881,3.1622776601683795,8.644033700000001
SMILE_RIGHT,88,L7->L8,R3->R2,3.0,False,33.33333333333333,-0.0,33.33333333333333,1.0,8.746837499999991
SMILE_RIGHT,89,L7->L8,R2->R1,43.41658669218482,False,7.283570407292298,-7.161803713527851,1.3262599469496021,3.1622776601683795,8.845442249999998
SMILE_RIGHT,90,L7->L8,R1->L1,62.64982043070834,True,1.5961737689352444,0.7643312101910829,1.4012738853503186,1.0,8.944931650000008
SMILE_RIGHT,91,L8->R8,L1->L2,2.23606797749979,False,63.245553203367585,-20.0,-60.00000000000001,1.4142135623730951,9.043937050000004
SMILE_RIGHT,92,L8->R8,L2->L3,25.632011235952593,False,5.517372590682452,5.0228310502283104,2.28310502283105,1.4142135623730951,9.143454900000002
SMILE_RIGHT,93,L8->R8,L3->L4,31.304951684997057,False,7.142857142857142,7.142857142857142,0.0,2.23606797749979,9.242930649999998
SMILE_RIGHT,94,L8->R8,L4->L5,77.38862965578342,True,4.086230334138054,4.057438637502087,-0.48422107196526964,3.1622776601683795,9.3414948
SMILE_RIGHT,95,L8->R8,L5->L6,68.4470598345904,True,2.92196626828561,2.6467449306296693,-1.2379935965848454,2.0,9.440536900000005
SMILE_RIGHT,96,L8->R8,L6->L7,368.95799218881274,True,2.064130135976718,2.059795783442298,-0.13369573202086238,7.615773105863909,9.542783500000006
SMILE_RIGHT,97,L8->R8,R7->R6,404.7344808636892,True,0.9883022547187332,-0.8815090653806239,0.4468591661070754,4.0,9.645764699999994
SMILE_RIGHT,98,L8->R8,R6->R5,99.76472322419383,True,4.482682666246346,4.481060986637195,-0.12056666331759257,4.47213595499958,9.744487100000008
SMILE_RIGHT,99,L8->R8,R5->R4,52.32590180780452,True,11.14352871788557,11.10299488677867,0.9495982468955446,5.830951894845301,9.842901900000008
SMILE_RIGHT,100,L8->R8,R4->R3,25.495097567963924,False,3.922322702763681,2.923076923076923,-2.6153846153846154,1.0,9.9413853
SMILE_RIGHT,101,L8->R8,R3->R2,11.180339887498949,False,12.649110640673516,12.0,4.0,1.4142135623730951,10.043409250000003
SMILE_RIGHT,102,L8->R8,R2->R1,30.463092423455635,False,13.534757300092739,-13.36206896551724,2.1551724137931028,4.123105625617661,10.144918400000002
SMILE_RIGHT,103,L8->R8,R1->L1,78.7210264160726,True,4.580162936909875,4.534452154268194,0.6454736162659352,3.605551275463989,10.242954899999994
SMILE_RIGHT,104,R8->R7,L1->L2,6.4031242374328485,False,66.25891564490793,-65.85365853658539,-7.317073170731707,4.242640687119285,10.34354475
SMILE_RIGHT,105,R8->R7,L2->L3,13.601470508735444,False,10.397504898200726,9.18918918918919,4.864864864864865,1.4142135623730951,10.445042899999997
SMILE_RIGHT,106,R8->R7,L3->L4,16.55294535724685,False,8.543576577167611,-8.029197080291972,-2.9197080291970807,1.4142135623730951,10.545954899999991
SMILE_RIGHT,107,R8->R7,L4->L5,36.76955262170047,False,0.0,-0.0,0.0,0.0,10.64692759999999
SMILE_RIGHT,108,R8->R7,L5->L6,20.248456731316587,False,13.968605915391564,12.682926829268293,5.853658536585366,2.8284271247461903,10.749439549999998
SMILE_RIGHT,109,R8->R7,L6->L7,72.71863585079137,True,8.805341522867916,8.736762481089256,1.096822995461422,6.4031242374328485,10.850531949999997
SMILE_RIGHT,110,R8->R7,L7->L8,163.37074401495514,True,6.979067347546418,6.89396777819408,1.0865492693892846,11.40175425099138,10.94998175
SMILE_RIGHT,111,R8->R7,R6->R5,236.799493242701,True,0.42229820102489746,0.3691550451189499,-0.20508613617719443,1.0,11.049413199999996
SMILE_RIGHT,112,R8->R7,R5->R4,66.18912297349165,True,14.25306864367255,14.197671764437342,1.255421136726775,9.433981132056603,11.147396100000002
SMILE_RIGHT,113,R8->R7,R4->R3,26.90724809414742,False,13.399925785231936,13.259668508287293,-1.9337016574585637,3.605551275463989,11.24690230000001
SMILE_RIGHT,114,R8->R7,R3->R2,13.0,False,10.878565864408424,10.059171597633137,4.1420118343195265,1.4142135623730951,11.346919750000005
SMILE_RIGHT,115,R8->R7,R2->R1,18.027756377319946,False,12.403473458920843,12.307692307692305,-1.538461538461538,2.23606797749979,11.446486700000001
SMILE_RIGHT,116,R8->R7,R1->L1,61.71709649683789,True,5.842062378369859,5.802047781569965,0.6825938566552904,3.605551275463989,11.548946950000008
SMILE_RIGHT,117,R7->R6,L1->L2,26.627053911388696,False,0.0,0.0,-0.0,0.0,11.650536850000002
SMILE_RIGHT,118,R7->R6,L2->L3,16.278820596099706,False,6.142951168339512,-6.037735849056604,1.1320754716981134,1.0,11.74896685000001
SMILE_RIGHT,119,R7->R6,L3->L4,28.178005607210743,False,3.548867204938381,-3.1486146095717884,1.63727959697733,1.0,11.84635740000001
SMILE_RIGHT,120,R7->R6,L4->L5,46.238512086787566,False,4.835942759799002,-4.817586529466792,-0.42095416276894304,2.23606797749979,11.94490240000001
SMILE_RIGHT,121,R7->R6,L5->L6,9.219544457292887,False,15.33929977694741,-8.235294117647058,-12.941176470588237,1.4142135623730951,12.04450585
SMILE_RIGHT,122,R7->R6,L6->L7,60.83584469702052,True,8.85196027761943,-8.83544987841124,0.5403944879762226,5.385164807134504,12.14348365
SMILE_RIGHT,123,R7->R6,L7->L8,82.0792300158816,True,8.869612797137451,-8.816980852011282,0.9648211370046014,7.280109889280518,12.244054550000008
SMILE_RIGHT,124,R7->R6,L8->R8,392.77092560422545,True,1.0184053195502025,-0.9412130758609961,0.38893102308305627,4.0,12.343988650000007
SMILE_RIGHT,125,R7->R6,R5->R4,108.07867504739313,True,21.65959178457183,-21.641982706960018,0.873212909853608,23.40939982143925,12.441425700000003
SMILE_RIGHT,126,R7->R6,R4->R3,10.63014581273465,False,98.21414205253257,-83.1858407079646,52.21238938053098,10.44030650891055,12.540472149999992
SMILE_RIGHT,127,R7->R6,R3->R2,23.40939982143925,False,19.104017997521755,-18.978102189781023,-2.1897810218978098,4.47213595499958,12.64261315000001
SMILE_RIGHT,128,R7->R6,R2->R1,11.40175425099138,False,8.770580193070293,2.307692307692308,-8.461538461538462,1.0,12.74465215
SMILE_RIGHT,129,R7->R6,R1->L1,71.58910531638176,True,8.834522085987723,-8.702439024390243,1.5219512195121947,6.324555320336759,12.844473900000004
SMILE_RIGHT,130,R6->R5,L1->L2,3.605551275463989,False,62.01736729460423,7.692307692307692,61.53846153846154,2.23606797749979,12.949387200000011
SMILE_RIGHT,131,R6->R5,L2->L3,21.587033144922902,False,4.632410546120794,-4.506437768240343,1.0729613733905579,1.0,13.054469050000002
SMILE_RIGHT,132,R6->R5,L3->L4,4.123105625617661,False,34.29971702850177,29.411764705882355,17.64705882352941,1.4142135623730951,13.154489199999993
SMILE_RIGHT,133,R6->R5,L4->L5,18.439088914585774,False,12.126781251816649,-11.76470588235294,-2.941176470588235,2.23606797749979,13.253377850000014
SMILE_RIGHT,134,R6->R5,L5->L6,30.14962686336267,False,4.690650298201946,3.6303630363036308,2.9702970297029703,1.4142135623730951,13.351007599999996
SMILE_RIGHT,135,R6->R5,L6->L7,24.351591323771842,False,4.106507811765909,-3.87858347386172,1.3490725126475547,1.0,13.448426650000009
SMILE_RIGHT,136,R6->R5,L7->L8,25.0,False,4.0,1.1199999999999999,3.84,1.0,13.545981700000006
SMILE_RIGHT,137,R6->R5,L8->R8,86.97700845625813,True,5.141744967290608,5.102445472571051,0.6345009914077993,4.47213595499958,13.645455250000005
SMILE_RIGHT,138,R6->R5,R8->R7,205.30221625691235,True,1.089159200649644,1.0818762010961114,0.12574438302213575,2.23606797749979,13.745960649999994
SMILE_RIGHT,139,R6->R5,R4->R3,365.8742953529258,True,1.366589581040929,1.313273172772366,0.3779955776011475,5.0,13.845523500000006
SMILE_RIGHT,140,R6->R5,R3->R2,203.42320418280704,True,0.9831720073599334,-0.9231289722336337,0.3383195186196563,2.0,13.943961200000011
SMILE_RIGHT,141,R6->R5,R2->R1,135.4400236266961,True,2.215002566943351,2.126035761011775,-0.6214566070649803,3.0,14.043448500000004
SMILE_RIGHT,142,R6->R5,R1->L1,91.7877987534291,True,1.0894694214056866,0.4391691394658753,0.9970326409495548,1.0,14.143421550000006
SMILE_RIGHT,143,R5->R4,L1->L2,61.465437442517235,True,3.6379273792543514,3.62625727898359,0.2911593435680255,2.23606797749979,14.244344000000005
SMILE_RIGHT,144,R5->R4,L2->L3,11.0,False,0.0,-0.0,0.0,0.0,14.344831700000007
SMILE_RIGHT,145,R5->R4,L3->L4,61.68468205316454,True,1.621148017165954,-1.5243101182654404,0.5519053876478319,1.0,14.442955699999992
SMILE_RIGHT,146,R5->R4,L4->L5,69.92138442565336,True,1.430177631942184,-1.370423399468194,0.40908161178155045,1.0,14.543508800000005
SMILE_RIGHT,147,R5->R4,L5->L6,7.810249675906654,False,0.0,-0.0,-0.0,0.0,14.6438853
SMILE_RIGHT,148,R5->R4,L6->L7,27.202941017470888,False,7.352146220938077,-7.027027027027027,2.1621621621621623,2.0,14.742389300000006
SMILE_RIGHT,149,R5->R4,L7->L8,21.0,False,9.523809523809524,-9.523809523809524,0.0,2.0,14.844020100000002
SMILE_RIGHT,150,R5->R4,L8->R8,48.27007354458868,False,6.551217820804184,6.523605150214593,0.6008583690987125,3.1622776601683795,14.944065049999999
SMILE_RIGHT,151,R5->R4,R8->R7,59.43904440685432,True,10.64040544973403,10.585904330597225,1.0755731672799318,6.324555320336759,15.042613100000004
SMILE_RIGHT,152,R5->R4,R7->R6,92.19544457292888,True,21.310036298862173,-21.294117647058822,-0.8235294117647061,19.6468827043885,15.142598750000012
SMILE_RIGHT,153,R5->R4,R3->R2,267.21714016881475,True,1.4969099652338902,-1.4228695469504937,0.46495343463342903,4.0,15.242170350000002
SMILE_RIGHT,154,R5->R4,R2->R1,41.6293165929973,False,39.617327047941316,-39.00750144258511,6.924408540103865,16.492422502470642,15.34163449999999
SMILE_RIGHT,155,R5->R4,R1->L1,21.2602916254693,False,19.393457522841707,-15.929203539823009,11.061946902654867,4.123105625617661,15.439844600000008
SMILE_RIGHT,156,R4->R3,L1->L2,34.0147027033899,False,2.9399051601892734,-2.9386343993085564,0.08643042350907519,1.0,15.537347849999996
SMILE_RIGHT,157,R4->R3,L2->L3,5.830951894845301,False,17.149858514250884,14.705882352941178,8.823529411764707,1.0,15.633432300000003
SMILE_RIGHT,158,R4->R3,L3->L4,39.20459156782532,False,8.066090051461265,-7.872478854912167,-1.756668835393624,3.1622776601683795,15.736497250000006
SMILE_RIGHT,159,R4->R3,L4->L5,18.027756377319946,False,16.641005886756872,-16.615384615384617,0.923076923076923,3.0,15.84144405
SMILE_RIGHT,160,R4->R3,L5->L6,5.385164807134504,False,0.0,-0.0,-0.0,0.0,15.943882350000003
SMILE_RIGHT,161,R4->R3,L6->L7,6.082762530298219,False,36.76073110469037,-35.13513513513512,-10.81081081081081,2.23606797749979,16.0454473
SMILE_RIGHT,162,R4->R3,L7->L8,12.206555615733702,False,25.90638800754199,-24.832214765100673,7.3825503355704685,3.1622776601683795,16.141942800000002
SMILE_RIGHT,163,R4->R3,L8->R8,20.248456731316587,False,0.0,0.0,-0.0,0.0,16.2393621
SMILE_RIGHT,164,R4->R3,R8->R7,18.788294228055936,False,10.644925908246988,9.631728045325778,-4.532577903682719,2.0,16.336926150000004
SMILE_RIGHT,165,R4->R3,R7->R6,16.64331697709324,False,42.485928866208745,-38.628158844765345,17.68953068592058,7.0710678118654755,16.4350133
SMILE_RIGHT,166,R4->R3,R6->R5,306.33968074671617,True,1.4598617926670665,1.4108520523421848,0.3750905758492818,4.47213595499958,16.537506999999998
SMILE_RIGHT,167,R4->R3,R2->R1,445.66018444550326,True,2.951339809350703,-2.950461450156838,-0.0719993152512675,13.152946437965905,16.638613299999996
SMILE_RIGHT,168,R4->R3,R1->L1,111.23398761170077,True,1.7980115996395498,-1.6649155419057624,0.6788975996120584,2.0,16.74107455
SMILE_RIGHT,169,R3->R2,L1->L2,29.966648127543394,False,3.337043221329999,3.0066815144766146,-1.447661469933185,1.0,16.84550395
SMILE_RIGHT,170,R3->R2,L2->L3,18.027756377319946,False,0.0,-0.0,0.0,0.0,16.94497485
SMILE_RIGHT,171,R3->R2,L3->L4,11.045361017187261,False,12.803687993289598,-9.83606557377049,-8.19672131147541,1.4142135623730951,17.04539375000001
SMILE_RIGHT,172,R3->R2,L4->L5,6.324555320336759,False,15.811388300841896,-5.0,15.0,1.0,17.14538584999999
SMILE_RIGHT,173,R3->R2,L5->L6,7.810249675906654,False,0.0,-0.0,-0.0,0.0,17.25203580000001
SMILE_RIGHT,174,R3->R2,L6->L7,11.180339887498949,False,8.944271909999161,-8.8,1.6,1.0,17.36158235
SMILE_RIGHT,175,R3->R2,L7->L8,7.0710678118654755,False,0.0,-0.0,-0.0,0.0,17.461616049999996
SMILE_RIGHT,176,R3->R2,L8->R8,11.045361017187261,False,9.053574604251851,9.016393442622949,0.8196721311475409,1.0,17.560056249999995
SMILE_RIGHT,177,R3->R2,R8->R7,14.317821063276353,False,6.984302957695783,6.829268292682928,1.4634146341463417,1.0,17.65894235000001
SMILE_RIGHT,178,R3->R2,R7->R6,17.46424919657298,False,17.177950029416046,-15.737704918032785,-6.885245901639345,3.0,17.75790080000001
SMILE_RIGHT,179,R3->R2,R6->R5,187.0721785835617,True,1.1952969139668086,-1.0058292376271574,0.6457880900674363,2.23606797749979,17.856969799999995
SMILE_RIGHT,180,R3->R2,R5->R4,265.02264054227516,True,0.8437271521121616,-0.6777054828651565,0.5025841080911769,2.23606797749979,17.955049249999995
SMILE_RIGHT,181,R3->R2,R1->L1,65.29931086925804,True,6.125638918316888,-5.440900562851782,2.8142589118198873,4.0,18.053535800000013
SMILE_RIGHT,182,R2->R1,L1->L2,255.07057846799972,True,0.3920483522663341,-0.00922211463088486,-0.3919398718126066,1.0,18.151485650000005
SMILE_RIGHT,183,R2->R1,L2->L3,9.219544457292887,False,0.0,-0.0,-0.0,0.0,18.250448249999998
SMILE_RIGHT,184,R2->R1,L3->L4,11.180339887498949,False,8.94427190999916,-8.0,-4.0,1.0,18.349369450000005
SMILE_RIGHT,185,R2->R1,L4->L5,12.041594578792296,False,8.304547985373997,-8.275862068965518,0.6896551724137931,1.0,18.44739520000001
SMILE_RIGHT,186,R2->R1,L5->L6,11.661903789690601,False,8.574929257125442,-4.411764705882353,-7.352941176470589,1.0,18.5454104
SMILE_RIGHT,187,R2->R1,L6->L7,3.1622776601683795,False,31.622776601683793,-10.0,-30.0,1.0,18.642985650000007
SMILE_RIGHT,188,R2->R1,L7->L8,9.486832980505138,False,10.5409255338946,-3.3333333333333335,10.0,1.0,18.7414245
SMILE_RIGHT,189,R2->R1,L8->R8,5.830951894845301,False,34.29971702850177,17.647058823529413,29.411764705882355,2.0,18.839898999999996
SMILE_RIGHT,190,R2->R1,R8->R7,13.601470508735444,False,7.352146220938077,-5.945945945945946,-4.324324324324324,1.0,18.937823950000002
SMILE_RIGHT,191,R2->R1,R7->R6,20.808652046684813,False,4.805693313322127,2.771362586605081,-3.9260969976905304,1.0,19.037826450000004
SMILE_RIGHT,192,R2->R1,R6->R5,103.07764064044152,True,0.970142500145332,0.9694117647058823,0.03764705882352941,1.0,19.13756460000001
SMILE_RIGHT,193,R2->R1,R5->R4,11.180339887498949,False,80.99382692526635,-44.0,68.0,9.055385138137417,19.236047250000006
SMILE_RIGHT,194,R2->R1,R4->R3,326.15333817086713,True,1.2641617126290532,-1.2352410318116869,0.2688576370609912,4.123105625617661,19.337472299999995
SMILE_RIGHT,195,R1->L1,L2->L3,24.041630560342615,False,4.159451654038515,-3.9792387543252596,1.2110726643598615,1.0,19.438884800000004
SMILE_RIGHT,196,R1->L1,L3->L4,26.076809620810597,False,3.8348249442368525,3.823529411764706,-0.2941176470588236,1.0,19.537889099999994
SMILE_RIGHT,197,R1->L1,L4->L5,23.345235059857504,False,4.283529368781194,4.220183486238533,-0.7339449541284404,1.0,19.636941349999994
SMILE_RIGHT,198,R1->L1,L5->L6,10.198039027185569,False,0.0,-0.0,-0.0,0.0,19.738396750000014
SMILE_RIGHT,199,R1->L1,L6->L7,7.0,False,20.203050891044214,14.285714285714285,14.285714285714285,1.4142135623730951,19.840386399999993
SMILE_RIGHT,200,R1->L1,L7->L8,8.246211251235321,False,0.0,-0.0,-0.0,0.0,19.940405899999995
SMILE_RIGHT,201,R1->L1,L8->R8,15.0,False,13.333333333333334,13.333333333333334,-0.0,2.0,20.039928050000007
SMILE_RIGHT,202,R1->L1,R8->R7,10.04987562112089,False,19.900743804199784,19.801980198019802,1.9801980198019806,2.0,20.138403099999998
SMILE_RIGHT,203,R1->L1,R7->R6,5.0,False,60.0,-36.0,-48.0,3.0,20.236413050000003
SMILE_RIGHT,204,R1->L1,R6->R5,24.020824298928627,False,4.163054471218133,4.159445407279029,-0.17331022530329288,1.0,20.333870949999998
SMILE_RIGHT,205,R1->L1,R5->R4,37.48332962798263,False,8.00355792768312,7.900355871886119,-1.2811387900355873,3.0,20.431442749999995
SMILE_RIGHT,206,R1->L1,R4->R3,37.0,False,3.8221988172245815,2.7027027027027026,-2.7027027027027026,1.4142135623730951,20.529479599999995
SMILE_RIGHT,207,R1->L1,R3->R2,4.123105625617661,False,24.253562503633297,23.52941176470588,-5.88235294117647,1.0,20.6274709
SMILE_BOTH,0,L1->L2,L3->L4,285.2367437761131,True,3.325950526188696,3.31858407079646,0.22123893805309736,9.486832980505138,0.04920839999999771
SMILE_BOTH,1,L1->L2,L4->L5,97.52948272189288,True,7.250184882071769,7.190916736753575,-0.9251471825063079,7.0710678118654755,0.14813409999999294
SMILE_BOTH,2,L1->L2,L5->L6,80.4114419718985,True,1.2436041133915636,-1.2217754407670893,0.23198267862666253,1.0,0.24715605000000096
SMILE_BOTH,3,L1->L2,L6->L7,54.70831746635972,True,7.536524273759595,-7.517540928833946,0.5345806882726363,4.123105625617661,0.34629244999999287
SMILE_BOTH,4,L1->L2,L7->L8,15.132745950421556,False,48.10832028193611,-44.104803493449786,-19.213973799126634,7.280109889280518,0.44526799999999866
SMILE_BOTH,5,L1->L2,L8->R8,3.605551275463989,False,39.2232270276368,7.692307692307694,38.46153846153846,1.4142135623730951,0.5451926000000071
SMILE_BOTH,6,L1->L2,R8->R7,3.1622776601683795,False,223.60679774997897,-99.99999999999999,200.0,7.0710678118654755,0.6446769000000074
SMILE_BOTH,7,L1->L2,R7->R6,26.92582403567252,False,7.427813527082075,-6.344827586206897,3.8620689655172415,2.0,0.7431305000000066
SMILE_BOTH,8,L1->L2,R6->R5,7.280109889280518,False,30.71475584169756,22.641509433962266,20.754716981132074,2.23606797749979,0.8410691999999926
SMILE_BOTH,9,L1->L2,R5->R4,65.55150646628954,True,3.05103590720454,2.8391901326506868,-1.1170584128461718,2.0,0.9395582500000046
SMILE_BOTH,10,L1->L2,R4->R3,42.04759208325728,False,2.3782574707724704,-2.3755656108597285,0.11312217194570134,1.0,1.0391142000000002
SMILE_BOTH,11,L1->L2,R3->R2,29.5296461204668,False,3.3864273073929816,2.9816513761467887,-1.605504587155963,1.0,1.138232599999995
SMILE_BOTH,12,L1->L2,R2->R1,368.46980880392357,True,1.2137048540059272,-1.1799366575826766,-0.28430433821904694,4.47213595499958,1.2387319999999988
SMILE_BOTH,13,L2->L3,L4->L5,253.29824318380102,True,2.8741256937964015,-2.8740648379052365,-0.01870324189526191,7.280109889280518,1.3386414999999943
SMILE_BOTH,14,L2->L3,L5->L6,165.65627063289816,True,3.671918066885556,-3.6622695138838273,0.2660155965308651,6.082762530298219,1.437671349999988
SMILE_BOTH,15,L2->L3,L6->L7,46.17358552246078,False,11.66286903258776,-11.632270168855536,-0.8442776735459663,5.385164807134504,1.5386522999999954
SMILE_BOTH,16,L2->L3,L7->L8,18.027756377319946,False,0.0,-0.0,0.0,0.0,1.6396384999999896
SMILE_BOTH,17,L2->L3,L8->R8,15.132745950421556,False,27.246248890491703,27.074235807860266,3.056768558951965,4.123105625617661,1.73774315
SMILE_BOTH,18,L2->L3,R8->R7,9.055385138137417,False,0.0,-0.0,-0.0,0.0,1.8372546999999884
SMILE_BOTH,19,L2->L3,R7->R6,6.324555320336759,False,15.811388300841896,-5.0,-15.0,1.0,1.9381612500000074
SMILE_BOTH,20,L2->L3,R6->R5,16.1245154965971,False,6.201736729460423,-0.7692307692307693,-6.153846153846154,1.0,2.036660149999989
SMILE_BOTH,21,L2->L3,R5->R4,8.06225774829855,False,0.0,-0.0,-0.0,0.0,2.135676849999996
SMILE_BOTH,22,L2->L3,R4->R3,9.848857801796104,False,0.0,-0.0,-0.0,0.0,2.2361675500000047
SMILE_BOTH,23,L2->L3,R3->R2,8.0,False,12.5,-0.0,12.5,1.0,2.336648949999997
SMILE_BOTH,24,L2->L3,R2->R1,49.24428900898052,False,2.030692330267238,-1.8556701030927836,0.8247422680412372,1.0,2.435200149999986
SMILE_BOTH,25,L2->L3,R1->L1,12.206555615733702,False,24.57695761557121,-20.13422818791946,14.09395973154362,3.0,2.5326775999999995
SMILE_BOTH,26,L3->L4,L1->L2,290.5942188000305,True,3.7063124169309445,3.6639232636627383,0.5589436911599266,10.770329614269007,2.631182349999989
SMILE_BOTH,27,L3->L4,L5->L6,256.51705596314645,True,1.6073417068259286,-1.6048388322365923,0.08966429081624899,4.123105625617661,2.7303667999999988
SMILE_BOTH,28,L3->L4,L6->L7,20.09975124224178,False,20.513217183267983,-20.297029702970296,-2.9702970297029703,4.123105625617661,2.8281821500000035
SMILE_BOTH,29,L3->L4,L7->L8,20.591260281974,False,30.71475584169756,30.18867924528302,-5.660377358490567,6.324555320336759,2.927244950000002
SMILE_BOTH,30,L3->L4,L8->R8,19.697715603592208,False,15.230192477004284,13.917525773195875,-6.185567010309277,3.0,3.0262017000000014
SMILE_BOTH,31,L3->L4,R8->R7,8.48528137423857,False,37.26779962499649,-33.33333333333333,16.666666666666664,3.1622776601683795,3.1276521499999888
SMILE_BOTH,32,L3->L4,R7->R6,26.076809620810597,False,3.8348249442368516,-3.2352941176470584,2.0588235294117645,1.0,3.2301525000000026
SMILE_BOTH,33,L3->L4,R6->R5,11.0,False,28.747978728803446,27.27272727272727,9.090909090909092,3.1622776601683795,3.329623099999992
SMILE_BOTH,34,L3->L4,R5->R4,62.76941930590086,True,3.5623524993954825,-3.5532994923857872,-0.2538071065989848,2.23606797749979,3.4296350999999987
SMILE_BOTH,35,L3->L4,R4->R3,50.08991914547278,True,5.989229072794672,-5.978477481068155,0.35870864886408926,3.0,3.535146400000002
SMILE_BOTH,36,L3->L4,R3->R2,13.601470508735444,False,10.397504898200726,-9.18918918918919,-4.864864864864865,1.4142135623730951,3.639156749999998
SMILE_BOTH,37,L3->L4,R2->R1,23.430749027719962,False,9.543305571897804,-3.8251366120218573,8.743169398907105,2.23606797749979,3.7381454499999904
SMILE_BOTH,38,L3->L4,R1->L1,117.00427342623003,True,1.9110994086122908,-1.3513513513513513,1.3513513513513513,2.23606797749979,3.8373010499999936
SMILE_BOTH,39,L4->L5,L1->L2,86.02325267042627,True,2.5993762245501815,2.5675675675675675,0.4054054054054053,2.23606797749979,3.9353300999999874
SMILE_BOTH,40,L4->L5,L2->L3,267.67517628648346,True,3.9003641106176588,-3.892533147243545,0.24703419399860435,10.44030650891055,4.034155499999997
SMILE_BOTH,41,L4->L5,L6->L7,205.19746587129188,True,8.510947794807201,-8.50472616729207,-0.32536930603714415,17.46424919657298,4.133636199999998
SMILE_BOTH,42,L4->L5,L7->L8,69.26037828369117,True,15.550492043450346,15.509693558474044,1.125703564727955,10.770329614269007,4.233608250000003
SMILE_BOTH,43,L4->L5,L8->R8,49.64876634922564,False,22.964828915974085,22.920892494929003,-1.4198782961460443,11.40175425099138,4.336178899999993
SMILE_BOTH,44,L4->L5,R8->R7,19.4164878389476,False,5.150262026246048,-5.039787798408488,1.0610079575596816,1.0,4.440271899999999
SMILE_BOTH,45,L4->L5,R7->R6,20.396078054371138,False,15.504341823651057,-15.384615384615385,-1.923076923076923,3.1622776601683795,4.543281900000011
SMILE_BOTH,46,L4->L5,R6->R5,6.0,False,37.26779962499649,-33.33333333333333,-16.666666666666664,2.23606797749979,4.643146699999988
SMILE_BOTH,47,L4->L5,R5->R4,44.9221548904324,False,7.039461192102979,-7.036669970267592,-0.19821605550049567,3.1622776601683795,4.7400989999999865
SMILE_BOTH,48,L4->L5,R4->R3,33.54101966249684,False,9.428090415820636,-9.333333333333334,1.3333333333333335,3.1622776601683795,4.83816379999999
SMILE_BOTH,49,L4->L5,R3->R2,15.0,False,0.0,0.0,-0.0,0.0,4.939122949999998
SMILE_BOTH,50,L4->L5,R2->R1,101.24228365658294,True,0.9877295966495895,-0.9268292682926829,0.3414634146341463,1.0,5.041073650000001
SMILE_BOTH,51,L4->L5,R1->L1,10.44030650891055,False,39.492189449597944,39.449541284403665,-1.8348623853211004,4.123105625617661,5.144176799999997
SMILE_BOTH,52,L5->L6,L1->L2,99.62429422585637,True,3.1742033253447586,3.1738035264483626,-0.05037783375314864,3.1622776601683795,5.2452191
SMILE_BOTH,53,L5->L6,L2->L3,209.65209276322523,True,4.0753248072590775,-4.074714474223051,0.07052827956499973,8.54400374531753,5.349758399999999
SMILE_BOTH,54,L5->L6,L3->L4,327.2308053958246,True,0.9167841017813538,-0.846096376540904,0.35300709749719833,3.0,5.454815800000006
SMILE_BOTH,55,L5->L6,L7->L8,217.46264046957583,True,5.761892736649023,5.72848382321844,0.6195813068301966,12.529964086141668,5.554751049999993
SMILE_BOTH,56,L5->L6,L8->R8,64.62197768561404,True,16.666666666666668,16.666666666666668,-3.1902960477734386e-16,10.770329614269007,5.654777199999998
SMILE_BOTH,57,L5->L6,R8->R7,19.924858845171276,False,27.027367415652137,26.952141057934508,2.015113350125945,5.385164807134504,5.753200099999987
SMILE_BOTH,58,L5->L6,R7->R6,5.0,False,20.0,-12.0,-16.0,1.0,5.851074149999988
SMILE_BOTH,59,L5->L6,R6->R5,33.95585369269929,False,4.164859394117249,3.555941023417173,2.168256721595837,1.4142135623730951,5.9491556499999945
SMILE_BOTH,60,L5->L6,R5->R4,6.082762530298219,False,36.76073110469038,21.621621621621617,-29.729729729729726,2.23606797749979,6.0496425999999985
SMILE_BOTH,61,L5->L6,R4->R3,7.211102550927978,False,13.867504905630728,11.538461538461538,7.6923076923076925,1.0,6.150640449999997
SMILE_BOTH,62,L5->L6,R3->R2,4.123105625617661,False,24.253562503633297,-23.52941176470588,-5.88235294117647,1.0,6.253665100000006
SMILE_BOTH,63,L5->L6,R2->R1,30.805843601498726,False,6.492274731611955,-5.268703898840886,3.7934668071654376,2.0,6.359174050000007
SMILE_BOTH,64,L5->L6,R1->L1,72.44998274671983,True,3.086360952378595,-1.8670222899599922,2.4576109735187655,2.23606797749979,6.46015349999999
SMILE_BOTH,65,L6->L7,L1->L2,61.26989472816156,True,6.729415227349089,-6.579648375066596,1.4118273841236015,4.123105625617661,6.557686799999999
SMILE_BOTH,66,L6->L7,L2->L3,56.859475903318,True,11.797864517614936,-11.784720074234457,-0.5567584287039903,6.708203932499369,6.656738300000001
SMILE_BOTH,67,L6->L7,L3->L4,37.64306044943742,False,14.305863399092953,-14.25546930134086,-1.199717713479181,5.385164807134504,6.755658499999996
SMILE_BOTH,68,L6->L7,L4->L5,266.5633133047382,True,8.388506091772244,-8.387750506642648,-0.11258725512272011,22.360679774997898,6.856175900000011
SMILE_BOTH,69,L6->L7,L8->R8,354.7421598851763,True,2.4249514830227805,2.38553106276124,0.43546669633349755,8.602325267042627,6.956172499999994
SMILE_BOTH,70,L6->L7,R8->R7,65.76473218982953,True,8.188529973162904,8.138728323699421,-0.9017341040462425,5.385164807134504,7.056137799999988
SMILE_BOTH,71,L6->L7,R7->R6,50.08991914547278,True,17.1737655276693,-16.939019529693105,-2.8298126743722603,8.602325267042627,7.160273700000005
SMILE_BOTH,72,L6->L7,R6->R5,23.40939982143925,False,13.508580673957479,-13.503649635036496,0.36496350364963515,3.1622776601683795,7.262792849999997
SMILE_BOTH,73,L6->L7,R5->R4,18.384776310850235,False,34.401045807689066,-34.319526627218934,2.366863905325443,6.324555320336759,7.360718849999998
SMILE_BOTH,74,L6->L7,R4->R3,14.212670403551895,False,31.46583877637763,-28.712871287128717,12.871287128712869,4.47213595499958,7.4576576000000045
SMILE_BOTH,75,L6->L7,R3->R2,4.123105625617661,False,48.507125007266595,-47.05882352941176,11.76470588235294,2.0,7.5567662499999955
SMILE_BOTH,76,L6->L7,R2->R1,46.61544808322666,False,6.783754721229938,-6.764841233317993,0.5062126092959044,3.1622776601683795,7.656332700000007
SMILE_BOTH,77,L6->L7,R1->L1,49.64876634922564,False,8.304547985373995,-8.275862068965516,0.689655172413793,4.123105625617661,7.755675599999989
SMILE_BOTH,78,L7->L8,L1->L2,18.681541692269406,False,52.71972711905063,-52.14899713467048,-7.736389684813753,9.848857801796104,7.8556780499999945
SMILE_BOTH,79,L7->L8,L2->L3,29.154759474226502,False,4.85071250072666,4.470588235294119,1.8823529411764708,1.4142135623730951,7.954732699999994
SMILE_BOTH,80,L7->L8,L3->L4,30.4138126514911,False,29.408584883752308,29.405405405405403,-0.43243243243243173,8.94427190999916,8.053164999999993
SMILE_BOTH,81,L7->L8,L4->L5,105.54619841567009,True,13.988967183910736,13.985637342908438,0.30520646319569167,14.7648230602334,8.150724400000001
SMILE_BOTH,82,L7->L8,L5->L6,243.3105012119288,True,5.016863454282857,4.972972972972973,0.6621621621621623,12.206555615733702,8.247751249999993
SMILE_BOTH,83,L7->L8,R8->R7,164.84234892769516,True,21.74616953171019,21.5912854671917,-2.5908070511169177,35.84689665786984,8.346214150000009
SMILE_BOTH,84,L7->L8,R7->R6,83.24061508662703,True,2.402673259824709,2.1070861596189925,-1.1545677586953385,2.0,8.4457242
SMILE_BOTH,85,L7->L8,R6->R5,31.38470965295043,False,21.374114996372892,21.31979695431472,-1.522842639593908,6.708203932499369,8.549685799999992
SMILE_BOTH,86,L7->L8,R5->R4,20.248456731316587,False,26.59543331421264,-26.585365853658534,-0.7317073170731712,5.385164807134504,8.652609949999999
SMILE_BOTH,87,L7->L8,R4->R3,14.212670403551895,False,44.499415948998475,-37.62376237623762,23.762376237623762,6.324555320336759,8.754118599999998
SMILE_BOTH,88,L7->L8,R3->R2,3.0,False,47.14045207910317,33.33333333333333,33.33333333333333,1.4142135623730951,8.856181899999996
SMILE_BOTH,89,L7->L8,R2->R1,43.41658669218482,False,24.80694691784169,-24.615384615384613,3.0769230769230775,10.770329614269007,8.954668300000009
SMILE_BOTH,90,L7->L8,R1->L1,62.64982043070834,True,4.514661183864802,4.3312101910828025,1.2738853503184715,2.8284271247461903,9.060980650000005
SMILE_BOTH,91,L8->R8,L1->L2,2.23606797749979,False,44.721359549995796,40.0,20.0,1.0,9.168499099999991
SMILE_BOTH,92,L8->R8,L2->L3,25.632011235952593,False,14.0665952518259,13.698630136986301,3.1963470319634704,3.605551275463989,9.267669900000001
SMILE_BOTH,93,L8->R8,L3->L4,31.304951684997057,False,17.20227796970328,17.142857142857142,-1.4285714285714286,5.385164807134504,9.365625199999997
SMILE_BOTH,94,L8->R8,L4->L5,77.38862965578342,True,18.50119471938001,18.50058440474203,-0.15027550509266974,14.317821063276353,9.463123949999996
SMILE_BOTH,95,L8->R8,L5->L6,68.4470598345904,True,17.6531263764938,17.652081109925295,-0.1921024546424756,12.083045973594572,9.559655499999991
SMILE_BOTH,96,L8->R8,L6->L7,368.95799218881274,True,2.3315188853912727,2.3051494894586058,0.34966576066994787,8.602325267042627,9.657235549999996
SMILE_BOTH,97,L8->R8,R7->R6,404.7344808636892,True,3.70613345519525,3.649960319882792,0.6428178987851778,15.0,9.755708049999996
SMILE_BOTH,98,L8->R8,R6->R5,99.76472322419383,True,11.689406247821362,11.674871897920227,0.5827388727016982,11.661903789690601,9.854661450000009
SMILE_BOTH,99,L8->R8,R5->R4,52.32590180780452,True,13.781133820521042,13.659605551497444,1.8261504747991237,7.211102550927978,9.953710849999993
SMILE_BOTH,100,L8->R8,R4->R3,25.495097567963924,False,5.547001962252292,5.538461538461538,0.3076923076923077,1.4142135623730951,10.051117349999998
SMILE_BOTH,101,L8->R8,R3->R2,11.180339887498949,False,20.0,20.0,-0.0,2.23606797749979,10.148136649999998
SMILE_BOTH,102,L8->R8,R2->R1,30.463092423455635,False,19.96764624465598,-19.396551724137932,4.7413793103448265,6.082762530298219,10.245188350000006
SMILE_BOTH,103,L8->R8,R1->L1,78.7210264160726,True,6.351543199618573,6.228820396966273,1.2425367113119252,5.0,10.342687299999994
SMILE_BOTH,104,R8->R7,L1->L2,6.4031242374328485,False,139.68605915391566,-136.58536585365854,29.268292682926838,8.94427190999916,10.441119850000007
SMILE_BOTH,105,R8->R7,L2->L3,13.601470508735444,False,7.352146220938077,2.1621621621621623,7.027027027027027,1.0,10.540095949999994
SMILE_BOTH,106,R8->R7,L3->L4,16.55294535724685,False,27.017161347914957,-27.00729927007299,-0.72992700729927,4.47213595499958,10.638155799999993
SMILE_BOTH,107,R8->R7,L4->L5,36.76955262170047,False,5.439282932204212,-5.029585798816568,2.0710059171597632,2.0,10.73567804999999
SMILE_BOTH,108,R8->R7,L5->L6,20.248456731316587,False,28.797018815893548,28.292682926829272,5.365853658536586,5.830951894845301,10.833183200000008
SMILE_BOTH,109,R8->R7,L6->L7,72.71863585079137,True,7.405481062906791,7.299546142208774,-1.2481089258698939,5.385164807134504,10.930151550000005
SMILE_BOTH,110,R8->R7,L7->L8,163.37074401495514,True,22.50681591946141,22.360434619707757,-2.562757587111277,36.76955262170047,11.027694400000001
SMILE_BOTH,111,R8->R7,R6->R5,236.799493242701,True,3.2161272820201243,-3.199343724364233,0.32813781788351115,7.615773105863909,11.125715549999995
SMILE_BOTH,112,R8->R7,R5->R4,66.18912297349165,True,12.180638428352397,12.166172106824924,0.593471810089021,8.06225774829855,11.22882835
SMILE_BOTH,113,R8->R7,R4->R3,26.90724809414742,False,16.620562382863337,16.02209944751381,-4.41988950276243,4.47213595499958,11.332832699999997
SMILE_BOTH,114,R8->R7,R3->R2,13.0,False,7.6923076923076925,2.9585798816568047,7.100591715976331,1.0,11.431807399999997
SMILE_BOTH,115,R8->R7,R2->R1,18.027756377319946,False,37.210420376762535,36.92307692307692,-4.615384615384614,6.708203932499369,11.529760049999993
SMILE_BOTH,116,R8->R7,R1->L1,61.71709649683789,True,3.6230932827735276,2.9141506957206618,2.1527960094512997,2.23606797749979,11.627685499999998
SMILE_BOTH,117,R7->R6,L1->L2,26.627053911388696,False,8.397729560848628,-8.321579689703809,1.1283497884344142,2.23606797749979,11.72622475
SMILE_BOTH,118,R7->R6,L2->L3,16.278820596099706,False,8.687444855261388,-7.169811320754717,-4.905660377358491,1.4142135623730951,11.825726900000006
SMILE_BOTH,119,R7->R6,L3->L4,28.178005607210743,False,7.935508313361897,-7.934508816120907,0.12594458438287165,2.23606797749979,11.925644349999999
SMILE_BOTH,120,R7->R6,L4->L5,46.238512086787566,False,6.839055837767723,-6.828811973807296,0.37418147801683804,3.1622776601683795,12.02572465
SMILE_BOTH,121,R7->R6,L5->L6,9.219544457292887,False,15.33929977694741,-8.235294117647058,-12.941176470588237,1.4142135623730951,12.124686400000002
SMILE_BOTH,122,R7->R6,L6->L7,60.83584469702052,True,14.702305778023018,-14.698730072953254,-0.32423669278573364,8.94427190999916,12.221585399999995
SMILE_BOTH,123,R7->R6,L7->L8,82.0792300158816,True,2.4366700316426186,2.256197120379991,-0.9202909306813122,2.0,12.32007695
SMILE_BOTH,124,R7->R6,L8->R8,392.77092560422545,True,3.6453362838021435,3.6423390311728214,0.14779378877156135,14.317821063276353,12.419072200000002
SMILE_BOTH,125,R7->R6,R5->R4,108.07867504739313,True,20.792450540673297,-20.785891618868245,0.522215563735981,22.47220505424423,12.517064599999998
SMILE_BOTH,126,R7->R6,R4->R3,10.63014581273465,False,80.37522622767816,-70.79646017699115,38.05309734513274,8.54400374531753,12.615607999999995
SMILE_BOTH,127,R7->R6,R3->R2,23.40939982143925,False,19.104017997521755,-18.978102189781023,-2.1897810218978098,4.47213595499958,12.715625899999992
SMILE_BOTH,128,R7->R6,R2->R1,11.40175425099138,False,24.806946917841692,-12.307692307692308,-21.53846153846154,2.8284271247461903,12.814239200000003
SMILE_BOTH,129,R7->R6,R1->L1,71.58910531638176,True,10.169298606410447,-9.93170731707317,2.1853658536585363,7.280109889280518,12.910246450000002
SMILE_BOTH,130,R6->R5,L1->L2,3.605551275463989,False,39.2232270276368,-7.692307692307694,38.46153846153846,1.4142135623730951,13.008181699999994
SMILE_BOTH,131,R6->R5,L2->L3,21.587033144922902,False,6.551217820804184,-5.579399141630901,-3.4334763948497855,1.4142135623730951,13.106230100000005
SMILE_BOTH,132,R6->R5,L3->L4,4.123105625617661,False,54.23261445466404,52.94117647058824,11.76470588235294,2.23606797749979,13.2027267
SMILE_BOTH,133,R6->R5,L4->L5,18.439088914585774,False,17.149858514250884,-17.058823529411764,-1.7647058823529416,3.1622776601683795,13.305146750000006
SMILE_BOTH,134,R6->R5,L5->L6,30.14962686336267,False,4.690650298201946,3.6303630363036308,2.9702970297029703,1.4142135623730951,13.410609800000003
SMILE_BOTH,135,R6->R5,L6->L7,24.351591323771842,False,9.182430617242481,-9.106239460370993,-1.1804384485666106,2.23606797749979,13.510583449999999
SMILE_BOTH,136,R6->R5,L7->L8,25.0,False,21.540659228538015,21.439999999999998,2.079999999999999,5.385164807134504,13.608610299999995
SMILE_BOTH,137,R6->R5,L8->R8,86.97700845625813,True,12.382961664731832,12.372769332452084,0.5023132848645079,10.770329614269007,13.7072888
SMILE_BOTH,138,R6->R5,R8->R7,205.30221625691235,True,3.546045445593383,-3.537450473320838,0.2467436949868325,7.280109889280518,13.810780249999993
SMILE_BOTH,139,R6->R5,R4->R3,365.8742953529258,True,0.9854617613915839,0.9606765075001494,0.21962588896193153,3.605551275463989,13.913689000000005
SMILE_BOTH,140,R6->R5,R3->R2,203.42320418280704,True,0.4915860036799667,-0.46156448611681683,0.16915975930982816,1.0,14.011640999999997
SMILE_BOTH,141,R6->R5,R2->R1,135.4400236266961,True,2.953336755924468,2.8347143480156998,-0.8286088094199738,4.0,14.1096517
SMILE_BOTH,142,R6->R5,R1->L1,91.7877987534291,True,2.178938842811373,-1.9940652818991096,0.8783382789317506,2.0,14.208697399999991
SMILE_BOTH,143,R5->R4,L1->L2,61.465437442517235,True,1.6269305834440775,1.508734780307041,-0.6087877183695077,1.0,14.31022745
SMILE_BOTH,144,R5->R4,L2->L3,11.0,False,0.0,-0.0,0.0,0.0,14.410229549999997
SMILE_BOTH,145,R5->R4,L3->L4,61.68468205316454,True,3.6249971679720696,-3.6005256241787134,-0.42049934296977665,2.23606797749979,14.510727400000007
SMILE_BOTH,146,R5->R4,L4->L5,69.92138442565336,True,1.430177631942184,-1.370423399468194,0.40908161178155045,1.0,14.611672400000003
SMILE_BOTH,147,R5->R4,L5->L6,7.810249675906654,False,12.8036879932896,-8.196721311475411,-9.836065573770494,1.0,14.711098550000003
SMILE_BOTH,148,R5->R4,L6->L7,27.202941017470888,False,18.74436852367535,-18.64864864864865,1.8918918918918923,5.0990195135927845,14.81157884999999
SMILE_BOTH,149,R5->R4,L7->L8,21.0,False,19.633836312465046,-19.047619047619047,-4.761904761904762,4.123105625617661,14.91056365
SMILE_BOTH,150,R5->R4,L8->R8,48.27007354458868,False,11.156321943781684,11.030042918454937,1.6738197424892705,5.385164807134504,15.009125249999997
SMILE_BOTH,151,R5->R4,R8->R7,59.43904440685432,True,8.578569128215632,8.576280781205774,-0.19813189923577695,5.0990195135927845,15.108224649999997
SMILE_BOTH,152,R5->R4,R7->R6,92.19544457292888,True,20.262976960311573,-20.235294117647058,-1.058823529411765,18.681541692269406,15.208690599999997
SMILE_BOTH,153,R5->R4,R3->R2,267.21714016881475,True,2.2763369619386795,-2.250542679084098,0.3417127652125201,6.082762530298219,15.30957165000001
SMILE_BOTH,154,R5->R4,R2->R1,41.6293165929973,False,32.048722285223896,-31.448355452971725,6.174264281592613,13.341664064126334,15.409538449999985
SMILE_BOTH,155,R5->R4,R1->L1,21.2602916254693,False,14.11081302575396,-9.29203539823009,10.619469026548673,3.0,15.507556600000001
SMILE_BOTH,156,R4->R3,L1->L2,34.0147027033899,False,5.879810320378547,-5.877268798617113,0.17286084701815038,2.0,15.605059799999992
SMILE_BOTH,157,R4->R3,L2->L3,5.830951894845301,False,17.149858514250884,14.705882352941178,8.823529411764707,1.0,15.703587049999996
SMILE_BOTH,158,R4->R3,L3->L4,39.20459156782532,False,8.066090051461265,-7.872478854912167,-1.756668835393624,3.1622776601683795,15.802589499999996
SMILE_BOTH,159,R4->R3,L4->L5,18.027756377319946,False,16.641005886756872,-16.615384615384617,0.923076923076923,3.0,15.901618549999995
SMILE_BOTH,160,R4->R3,L5->L6,5.385164807134504,False,18.56953381770519,6.896551724137932,17.24137931034483,1.0,16.000607099999996
SMILE_BOTH,161,R4->R3,L6->L7,6.082762530298219,False,51.987524491003626,-51.35135135135134,-8.108108108108107,3.1622776601683795,16.099190249999992
SMILE_BOTH,162,R4->R3,L7->L8,12.206555615733702,False,33.77779740177616,-31.543624161073826,12.080536912751677,4.123105625617661,16.19668809999999
SMILE_BOTH,163,R4->R3,L8->R8,20.248456731316587,False,4.9386479832479475,-1.7073170731707314,-4.634146341463414,1.0,16.295178849999985
SMILE_BOTH,164,R4->R3,R8->R7,18.788294228055936,False,21.289851816493975,19.263456090651555,-9.065155807365437,4.0,16.394691899999998
SMILE_BOTH,165,R4->R3,R7->R6,16.64331697709324,False,36.54777793795632,-33.574007220216615,14.440433212996393,6.082762530298219,16.49313509999999
SMILE_BOTH,166,R4->R3,R6->R5,306.33968074671617,True,1.0322781731900326,1.0251054942244577,0.12147819786027876,3.1622776601683795,16.593171600000005
SMILE_BOTH,167,R4->R3,R2->R1,445.66018444550326,True,2.5087141005000673,-2.505374774058093,-0.129397370766264,11.180339887498949,16.692684099999994
SMILE_BOTH,168,R4->R3,R1->L1,111.23398761170077,True,3.5960231992790996,-3.329831083811525,1.3577951992241168,4.0,16.789076499999993
SMILE_BOTH,169,R3->R2,L1->L2,29.966648127543394,False,3.337043221329999,3.0066815144766146,-1.447661469933185,1.0,16.88711964999999
SMILE_BOTH,170,R3->R2,L2->L3,18.027756377319946,False,7.84464540552736,5.846153846153846,5.23076923076923,1.4142135623730951,16.984642749999992
SMILE_BOTH,171,R3->R2,L3->L4,11.045361017187261,False,20.244408254472894,-18.85245901639344,-7.377049180327868,2.23606797749979,17.081569799999997
SMILE_BOTH,172,R3->R2,L4->L5,6.324555320336759,False,15.811388300841896,15.0,5.0,1.0,17.179182150000003
SMILE_BOTH,173,R3->R2,L5->L6,7.810249675906654,False,0.0,-0.0,-0.0,0.0,17.27665859999999
SMILE_BOTH,174,R3->R2,L6->L7,11.180339887498949,False,17.888543819998322,-17.6,3.2,2.0,17.3751934
SMILE_BOTH,175,R3->R2,L7->L8,7.0710678118654755,False,20.0,-0.0,-20.0,1.4142135623730951,17.4742351
SMILE_BOTH,176,R3->R2,L8->R8,11.045361017187261,False,27.160723812755556,27.04918032786885,2.4590163934426226,3.0,17.573215000000005
SMILE_BOTH,177,R3->R2,R8->R7,14.317821063276353,False,0.0,-0.0,-0.0,0.0,17.673296649999997
SMILE_BOTH,178,R3->R2,R7->R6,17.46424919657298,False,18.107149208503706,-13.442622950819672,-12.131147540983607,3.1622776601683795,17.773275749999996
SMILE_BOTH,179,R3->R2,R6->R5,187.0721785835617,True,0.7559721456610887,-0.4743399245628072,0.5886387015658933,1.4142135623730951,17.873345650000005
SMILE_BOTH,180,R3->R2,R5->R4,265.02264054227516,True,1.8866312665850988,-1.85799507382149,0.32746273331719744,5.0,17.973205199999995
SMILE_BOTH,181,R3->R2,R1->L1,65.29931086925804,True,6.125638918316888,-5.440900562851782,2.8142589118198873,4.0,18.071579350000007
SMILE_BOTH,182,R2->R1,L1->L2,255.07057846799972,True,0.5544400968810745,0.3827177571817217,-0.40116198644349144,1.4142135623730951,18.1685818
SMILE_BOTH,183,R2->R1,L2->L3,9.219544457292887,False,0.0,-0.0,-0.0,0.0,18.267114550000002
SMILE_BOTH,184,R2->R1,L3->L4,11.180339887498949,False,0.0,-0.0,-0.0,0.0,18.365620649999997
SMILE_BOTH,185,R2->R1,L4->L5,12.041594578792296,False,0.0,0.0,-0.0,0.0,18.462608200000005
SMILE_BOTH,186,R2->R1,L5->L6,11.661903789690601,False,8.574929257125442,-7.352941176470589,4.411764705882353,1.0,18.560139149999998
SMILE_BOTH,187,R2->R1,L6->L7,3.1622776601683795,False,31.622776601683793,30.0,-10.0,1.0,18.6576977
SMILE_BOTH,188,R2->R1,L7->L8,9.486832980505138,False,42.1637021355784,-13.333333333333334,40.0,4.0,18.75615485
SMILE_BOTH,189,R2->R1,L8->R8,5.830951894845301,False,68.59943405700353,35.294117647058826,58.82352941176471,4.0,18.85513055
SMILE_BOTH,190,R2->R1,R8->R7,13.601470508735444,False,29.408584883752308,-23.783783783783782,-17.297297297297295,4.0,18.954721199999994
SMILE_BOTH,191,R2->R1,R7->R6,20.808652046684813,False,4.805693313322127,-3.9260969976905304,-2.771362586605081,1.0,19.054233049999993
SMILE_BOTH,192,R2->R1,R6->R5,103.07764064044152,True,1.940285000290664,1.9388235294117646,0.07529411764705882,2.0,19.153662800000006
SMILE_BOTH,193,R2->R1,R5->R4,11.180339887498949,False,54.405882034941776,-32.0,44.0,6.082762530298219,19.255063750000005
SMILE_BOTH,194,R2->R1,R4->R3,326.15333817086713,True,0.613208502238977,-0.6129202075656163,-0.018801233360908477,2.0,19.359520849999996
SMILE_BOTH,195,R1->L1,L2->L3,24.041630560342615,False,4.159451654038515,3.9792387543252596,-1.2110726643598615,1.0,19.46063455000001
SMILE_BOTH,196,R1->L1,L3->L4,26.076809620810597,False,3.8348249442368525,3.823529411764706,-0.2941176470588236,1.0,19.55866019999999
SMILE_BOTH,197,R1->L1,L4->L5,23.345235059857504,False,8.567058737562387,8.440366972477065,-1.4678899082568808,2.0,19.658190599999998
SMILE_BOTH,198,R1->L1,L5->L6,10.198039027185569,False,0.0,-0.0,-0.0,0.0,19.757258300000004
SMILE_BOTH,199,R1->L1,L6->L7,7.0,False,14.285714285714285,-14.285714285714285,0.0,1.0,19.857667399999997
SMILE_BOTH,200,R1->L1,L7->L8,8.246211251235321,False,12.126781251816649,11.76470588235294,2.941176470588235,1.0,19.957641350000003
SMILE_BOTH,201,R1->L1,L8->R8,15.0,False,26.666666666666668,26.666666666666668,-0.0,4.0,20.057694099999992
SMILE_BOTH,202,R1->L1,R8->R7,10.04987562112089,False,19.900743804199784,19.801980198019802,1.9801980198019806,2.0,20.157691400000004
SMILE_BOTH,203,R1->L1,R7->R6,5.0,False,60.0,-36.0,-48.0,3.0,20.255643349999986
SMILE_BOTH,204,R1->L1,R6->R5,24.020824298928627,False,5.887448094094638,3.9861351819757362,-4.332755632582322,1.4142135623730951,20.352593549999995
SMILE_BOTH,205,R1->L1,R5->R4,37.48332962798263,False,2.6678526425610407,2.633451957295373,-0.4270462633451957,1.0,20.44976855
SMILE_BOTH,206,R1->L1,R4->R3,37.0,False,2.7027027027027026,-0.0,-2.7027027027027026,1.0,20.5497601
SMILE_BOTH,207,R1->L1,R3->R2,4.123105625617661,False,0.0,0.0,-0.0,0.0,20.64964309999999
PUFF_LEFT,0,L1->L2,L3->L4,285.2367437761131,True,2.1325311913785825,2.1238938053097343,-0.19174041297935102,6.082762530298219,0.04835634999999172
PUFF_LEFT,1,L1->L2,L4->L5,97.52948272189288,True,4.1013239159753105,3.9529015979814974,-1.0933557611438185,4.0,0.1454794500000105
PUFF_LEFT,2,L1->L2,L5->L6,80.4114419718985,True,3.932621505871645,3.89730900092793,0.5258274048871017,3.1622776601683795,0.24243805000000407
PUFF_LEFT,3,L1->L2,L6->L7,54.70831746635972,True,1.827875625337779,-1.7373872368860677,0.567991981289676,1.0,0.33984575000000916
PUFF_LEFT,4,L1->L2,L7->L8,15.132745950421556,False,20.89691897642864,-18.777292576419214,-9.170305676855895,3.1622776601683795,0.4414338500000099
PUFF_LEFT,5,L1->L2,L8->R8,3.605551275463989,False,27.735009811261456,-15.384615384615385,23.076923076923077,1.0,0.5434781999999956
PUFF_LEFT,6,L1->L2,R8->R7,3.1622776601683795,False,63.245553203367585,-20.0,60.0,2.0,0.6419149500000003
PUFF_LEFT,7,L1->L2,R7->R6,26.92582403567252,False,3.7139067635410377,3.1724137931034484,-1.9310344827586208,1.0,0.7399908500000123
PUFF_LEFT,8,L1->L2,R6->R5,7.280109889280518,False,13.736056394868903,13.20754716981132,3.7735849056603774,1.0,0.838418450000006
PUFF_LEFT,9,L1->L2,R5->R4,65.55150646628954,True,0.0,0.0,-0.0,0.0,0.9373110000000082
PUFF_LEFT,10,L1->L2,R4->R3,42.04759208325728,False,2.3782574707724704,-2.3755656108597285,0.11312217194570134,1.0,1.0358600500000108
PUFF_LEFT,11,L1->L2,R3->R2,29.5296461204668,False,4.789131426105757,-4.587155963302751,-1.3761467889908259,1.4142135623730951,1.1333748500000098
PUFF_LEFT,12,L1->L2,R2->R1,368.46980880392357,True,0.2713926558178711,-0.06113279811445827,-0.26441776533844,1.0,1.2318917999999996
PUFF_LEFT,13,L2->L3,L4->L5,253.29824318380102,True,2.1260174328279335,-2.1134663341645883,-0.23067331670822946,5.385164807134504,1.330900100000008
PUFF_LEFT,14,L2->L3,L5->L6,165.65627063289816,True,3.078072139443754,-3.075577581808906,0.12389767509656735,5.0990195135927845,1.4278514500000057
PUFF_LEFT,15,L2->L3,L6->L7,46.17358552246078,False,4.331480818242099,-4.127579737335835,1.3133208255159474,2.0,1.5258244500000018
PUFF_LEFT,16,L2->L3,L7->L8,18.027756377319946,False,5.547001962252291,-0.30769230769230765,-5.538461538461538,1.0,1.623882050000006
PUFF_LEFT,17,L2->L3,L8->R8,15.132745950421556,False,13.216372009101796,-13.100436681222707,1.7467248908296942,2.0,1.7219081500000044
PUFF_LEFT,18,L2->L3,R8->R7,9.055385138137417,False,0.0,-0.0,-0.0,0.0,1.8269064500000098
PUFF_LEFT,19,L2->L3,R7->R6,6.324555320336759,False,0.0,-0.0,-0.0,0.0,1.9309317499999992
PUFF_LEFT,20,L2->L3,R6->R5,16.1245154965971,False,6.201736729460423,-0.7692307692307693,-6.153846153846154,1.0,2.028364950000011
PUFF_LEFT,21,L2->L3,R5->R4,8.06225774829855,False,0.0,-0.0,-0.0,0.0,2.1253461499999986
PUFF_LEFT,22,L2->L3,R4->R3,9.848857801796104,False,0.0,-0.0,-0.0,0.0,2.22285205
PUFF_LEFT,23,L2->L3,R3->R2,8.0,False,12.5,-0.0,12.5,1.0,2.3208838500000013
PUFF_LEFT,24,L2->L3,R2->R1,49.24428900898052,False,6.092076990801714,-5.56701030927835,2.4742268041237114,3.0,2.4183883500000007
PUFF_LEFT,25,L2->L3,R1->L1,12.206555615733702,False,25.90638800754199,-24.832214765100673,7.3825503355704685,3.1622776601683795,2.516325750000007
PUFF_LEFT,26,L3->L4,L1->L2,290.5942188000305,True,1.4188532871175026,1.418674877138966,0.02249985197465807,4.123105625617661,2.6143927500000075
PUFF_LEFT,27,L3->L4,L5->L6,256.51705596314645,True,2.0993398614040646,-2.0926733636266928,-0.16717071169131167,5.385164807134504,2.71245605
PUFF_LEFT,28,L3->L4,L6->L7,20.09975124224178,False,4.975185951049946,4.9504950495049505,-0.49504950495049516,1.0,2.8099565500000097
PUFF_LEFT,29,L3->L4,L7->L8,20.591260281974,False,17.51010489931187,17.45283018867924,1.4150943396226412,3.605551275463989,2.905479900000003
PUFF_LEFT,30,L3->L4,L8->R8,19.697715603592208,False,5.076730825668094,-2.0618556701030926,-4.639175257731958,1.0,3.00194925000001
PUFF_LEFT,31,L3->L4,R8->R7,8.48528137423857,False,23.570226039551585,-16.666666666666664,16.666666666666664,2.0,3.10087965000001
PUFF_LEFT,32,L3->L4,R7->R6,26.076809620810597,False,0.0,0.0,-0.0,0.0,3.2008787000000183
PUFF_LEFT,33,L3->L4,R6->R5,11.0,False,9.090909090909092,9.090909090909092,-0.0,1.0,3.299368000000001
PUFF_LEFT,34,L3->L4,R5->R4,62.76941930590086,True,5.037927218598784,-5.025380710659898,0.35532994923857864,3.1622776601683795,3.396362950000011
PUFF_LEFT,35,L3->L4,R4->R3,50.08991914547278,True,5.989229072794672,-5.978477481068155,0.35870864886408926,3.0,3.492922050000004
PUFF_LEFT,36,L3->L4,R3->R2,13.601470508735444,False,10.397504898200726,-9.18918918918919,-4.864864864864865,1.4142135623730951,3.589322899999999
PUFF_LEFT,37,L3->L4,R2->R1,23.430749027719962,False,9.543305571897804,-3.8251366120218573,8.743169398907105,2.23606797749979,3.686527650000002
PUFF_LEFT,38,L3->L4,R1->L1,117.00427342623003,True,1.7093392757666919,-1.6216216216216217,0.5405405405405406,2.0,3.7848564500000066
PUFF_LEFT,39,L4->L5,L1->L2,86.02325267042627,True,1.6439898730535731,1.4594594594594594,0.7567567567567567,1.4142135623730951,3.8838559500000116
PUFF_LEFT,40,L4->L5,L2->L3,267.67517628648346,True,3.080678367578504,-3.0621074668527566,0.33775296580600145,8.246211251235321,3.9859248000000065
PUFF_LEFT,41,L4->L5,L6->L7,205.19746587129188,True,0.48733545307388937,-0.4536170617014202,0.17812188286704983,1.0,4.087384749999998
PUFF_LEFT,42,L4->L5,L7->L8,69.26037828369117,True,6.456990368550497,6.378986866791744,1.000625390869293,4.47213595499958,4.183885350000011
PUFF_LEFT,43,L4->L5,L8->R8,49.64876634922564,False,8.304547985373995,-8.275862068965516,0.689655172413793,4.123105625617661,4.28086605
PUFF_LEFT,44,L4->L5,R8->R7,19.4164878389476,False,5.150262026246048,-1.0610079575596816,-5.039787798408488,1.0,4.378874400000015
PUFF_LEFT,45,L4->L5,R7->R6,20.396078054371138,False,0.0,-0.0,0.0,0.0,4.476809350000011
PUFF_LEFT,46,L4->L5,R6->R5,6.0,False,23.570226039551585,-16.666666666666664,-16.666666666666664,1.4142135623730951,4.577410050000012
PUFF_LEFT,47,L4->L5,R5->R4,44.9221548904324,False,4.4521461734819034,-4.261645193260654,1.288404360753221,2.0,4.678999350000012
PUFF_LEFT,48,L4->L5,R4->R3,33.54101966249684,False,5.96284793999944,-5.333333333333334,2.666666666666667,2.0,4.7774121000000065
PUFF_LEFT,49,L4->L5,R3->R2,15.0,False,0.0,0.0,-0.0,0.0,4.8744219000000015
PUFF_LEFT,50,L4->L5,R2->R1,101.24228365658294,True,1.975459193299179,-1.8536585365853657,0.6829268292682926,2.0,4.974939149999997
PUFF_LEFT,51,L4->L5,R1->L1,10.44030650891055,False,30.289126640769133,30.27522935779816,0.9174311926605507,3.1622776601683795,5.0758981999999975
PUFF_LEFT,52,L5->L6,L1->L2,99.62429422585637,True,4.13865479063796,4.120906801007558,-0.38287153652392947,4.123105625617661,5.174433400000012
PUFF_LEFT,53,L5->L6,L2->L3,209.65209276322523,True,2.432133849172431,-2.393411293625154,0.432270100559676,5.0990195135927845,5.275853800000007
PUFF_LEFT,54,L5->L6,L3->L4,327.2308053958246,True,1.858859994229576,-1.809861785580874,0.4239820694807621,6.082762530298219,5.376401250000001
PUFF_LEFT,55,L5->L6,L7->L8,217.46264046957583,True,6.7895906296139525,-6.754070628039754,-0.6935927257348277,14.7648230602334,5.478500549999993
PUFF_LEFT,56,L5->L6,L8->R8,64.62197768561404,True,15.240724834685196,15.229885057471265,0.5747126436781607,9.848857801796104,5.581507300000013
PUFF_LEFT,57,L5->L6,R8->R7,19.924858845171276,False,25.591245354435806,25.440806045340054,-2.7707808564231735,5.0990195135927845,5.679906900000006
PUFF_LEFT,58,L5->L6,R7->R6,5.0,False,40.0,24.0,32.0,2.0,5.777295550000005
PUFF_LEFT,59,L5->L6,R6->R5,33.95585369269929,False,6.585220909879694,6.418039895923677,1.4744145706851692,2.23606797749979,5.874804400000002
PUFF_LEFT,60,L5->L6,R5->R4,6.082762530298219,False,0.0,-0.0,-0.0,0.0,5.972824649999993
PUFF_LEFT,61,L5->L6,R4->R3,7.211102550927978,False,13.867504905630728,7.6923076923076925,-11.538461538461538,1.0,6.06983240000001
PUFF_LEFT,62,L5->L6,R3->R2,4.123105625617661,False,0.0,-0.0,-0.0,0.0,6.1668280500000066
PUFF_LEFT,63,L5->L6,R2->R1,30.805843601498726,False,6.492274731611955,-5.268703898840886,3.7934668071654376,2.0,6.264382800000007
PUFF_LEFT,64,L5->L6,R1->L1,72.44998274671983,True,2.760525157047812,-2.4766622213755003,1.2192798628310155,2.0,6.362375450000002
PUFF_LEFT,65,L6->L7,L1->L2,61.26989472816156,True,2.3081703806536464,-2.1843367075119873,-0.7458710708577517,1.4142135623730951,6.461359849999994
PUFF_LEFT,66,L6->L7,L2->L3,56.859475903318,True,2.4872082267831273,-2.319826786266625,-0.8969996906897618,1.4142135623730951,6.56037735000001
PUFF_LEFT,67,L6->L7,L3->L4,37.64306044943742,False,5.940186453498648,5.85744530698659,0.9880028228652079,2.23606797749979,6.659832100000003
PUFF_LEFT,68,L6->L7,L4->L5,266.5633133047382,True,1.1863139083033638,-1.1765368160324252,0.15199279441567218,3.1622776601683795,6.759892350000015
PUFF_LEFT,69,L6->L7,L8->R8,354.7421598851763,True,13.63916869347381,13.533637418349995,-1.6933933027129255,48.38388161361178,6.859367700000007
PUFF_LEFT,70,L6->L7,R8->R7,65.76473218982953,True,23.160660287891154,23.075144508670522,-1.988439306358381,15.231546211727817,6.957331100000005
PUFF_LEFT,71,L6->L7,R7->R6,50.08991914547278,True,14.534081934006293,14.308489438023116,-2.5508170585890793,7.280109889280518,7.0554025
PUFF_LEFT,72,L6->L7,R6->R5,23.40939982143925,False,6.04122093330177,5.474452554744526,2.5547445255474455,1.4142135623730951,7.153955300000007
PUFF_LEFT,73,L6->L7,R5->R4,18.384776310850235,False,0.0,-0.0,0.0,0.0,7.256377700000016
PUFF_LEFT,74,L6->L7,R4->R3,14.212670403551895,False,0.0,-0.0,-0.0,0.0,7.359916699999999
PUFF_LEFT,75,L6->L7,R3->R2,4.123105625617661,False,0.0,-0.0,0.0,0.0,7.457561250000012
PUFF_LEFT,76,L6->L7,R2->R1,46.61544808322666,False,4.7968389652879475,-4.7860101242521855,-0.3221352968246663,2.23606797749979,7.558063400000009
PUFF_LEFT,77,L6->L7,R1->L1,49.64876634922564,False,4.50377349111045,3.204868154158215,3.1643002028397564,2.23606797749979,7.659410550000004
PUFF_LEFT,78,L7->L8,L1->L2,18.681541692269406,False,23.938794927456073,-23.49570200573066,-4.584527220630372,4.47213595499958,7.759949450000008
PUFF_LEFT,79,L7->L8,L2->L3,29.154759474226502,False,4.85071250072666,4.470588235294119,1.8823529411764708,1.4142135623730951,7.8609690500000085
PUFF_LEFT,80,L7->L8,L3->L4,30.4138126514911,False,21.05334280448697,20.64864864864865,4.108108108108109,6.4031242374328485,7.958871900000005
PUFF_LEFT,81,L7->L8,L4->L5,105.54619841567009,True,4.737262047381961,4.66786355475763,0.8078994614003592,5.0,8.05734170000001
PUFF_LEFT,82,L7->L8,L5->L6,243.3105012119288,True,6.627135046075259,-6.621621621621622,-0.2702702702702704,16.1245154965971,8.155883450000005
PUFF_LEFT,83,L7->L8,R8->R7,164.84234892769516,True,10.312883861814365,10.308026349685349,-0.31649063408530537,17.0,8.253928150000007
PUFF_LEFT,84,L7->L8,R7->R6,83.24061508662703,True,7.004936098534509,6.999567037090489,0.27420984269014304,5.830951894845301,8.352598250000014
PUFF_LEFT,85,L7->L8,R6->R5,31.38470965295043,False,13.518177271779988,13.096446700507613,3.3502538071065993,4.242640687119285,8.451875299999998
PUFF_LEFT,86,L7->L8,R5->R4,20.248456731316587,False,11.043152607484654,-10.97560975609756,-1.2195121951219514,2.23606797749979,8.550870350000011
PUFF_LEFT,87,L7->L8,R4->R3,14.212670403551895,False,15.732919388188815,-14.356435643564359,6.435643564356434,2.23606797749979,8.648306800000015
PUFF_LEFT,88,L7->L8,R3->R2,3.0,False,47.14045207910317,33.33333333333333,33.33333333333333,1.4142135623730951,8.745366849999996
PUFF_LEFT,89,L7->L8,R2->R1,43.41658669218482,False,19.67912357065944,-19.46949602122016,2.864721485411141,8.54400374531753,8.843536250000014
PUFF_LEFT,90,L7->L8,R1->L1,62.64982043070834,True,3.192347537870489,1.5286624203821657,2.802547770700637,2.0,8.942454850000004
PUFF_LEFT,91,L8->R8,L1->L2,2.23606797749979,False,100.0,60.00000000000001,80.0,2.23606797749979,9.041402050000002
PUFF_LEFT,92,L8->R8,L2->L3,25.632011235952593,False,8.723732043170228,-8.67579908675799,-0.91324200913242,2.23606797749979,9.13995095
PUFF_LEFT,93,L8->R8,L3->L4,31.304951684997057,False,11.517511068997928,-11.428571428571429,-1.4285714285714286,3.605551275463989,9.237862450000009
PUFF_LEFT,94,L8->R8,L4->L5,77.38862965578342,True,6.460897449973571,-6.328268492235766,-1.3023877108031392,5.0,9.342340450000009
PUFF_LEFT,95,L8->R8,L5->L6,68.4470598345904,True,18.992780743856468,18.975453575240127,-0.8110992529348983,13.0,9.446378800000005
PUFF_LEFT,96,L8->R8,L6->L7,368.95799218881274,True,14.40308169151973,14.292220671417027,-1.783589216190406,53.14132102234569,9.544943150000009
PUFF_LEFT,97,L8->R8,R7->R6,404.7344808636892,True,8.305561847908036,-8.28398754654783,0.598254074842806,33.61547262794322,9.644896700000004
PUFF_LEFT,98,L8->R8,R6->R5,99.76472322419383,True,6.339470622420369,-6.249372048628555,1.0650055259720685,6.324555320336759,9.744412800000006
PUFF_LEFT,99,L8->R8,R5->R4,52.32590180780452,True,10.291585278194471,-10.262965668371075,0.7669831994156319,5.385164807134504,9.845448500000003
PUFF_LEFT,100,L8->R8,R4->R3,25.495097567963924,False,3.922322702763681,-2.923076923076923,2.6153846153846154,1.0,9.945906500000007
PUFF_LEFT,101,L8->R8,R3->R2,11.180339887498949,False,20.0,-20.0,-0.0,2.23606797749979,10.044393650000004
PUFF_LEFT,102,L8->R8,R2->R1,30.463092423455635,False,7.340252743933792,7.327586206896551,0.4310344827586208,2.23606797749979,10.143341000000007
PUFF_LEFT,103,L8->R8,R1->L1,78.7210264160726,True,2.840496471274729,-2.840083911570114,-0.04841052121994519,2.23606797749979,10.241812450000012
PUFF_LEFT,104,R8->R7,L1->L2,6.4031242374328485,False,15.617376188860607,-9.756097560975611,-12.195121951219514,1.0,10.339332950000014
PUFF_LEFT,105,R8->R7,L2->L3,13.601470508735444,False,0.0,-0.0,0.0,0.0,10.436833050000004
PUFF_LEFT,106,R8->R7,L3->L4,16.55294535724685,False,8.543576577167611,-8.029197080291972,-2.9197080291970807,1.4142135623730951,10.534319200000013
PUFF_LEFT,107,R8->R7,L4->L5,36.76955262170047,False,6.081303192631498,-6.06508875739645,-0.4437869822485208,2.23606797749979,10.632811649999994
PUFF_LEFT,108,R8->R7,L5->L6,20.248456731316587,False,22.086305214969308,21.95121951219512,2.439024390243903,4.47213595499958,10.730834050000013
PUFF_LEFT,109,R8->R7,L6->L7,72.71863585079137,True,20.94586351011981,20.72617246596066,-3.0257186081694405,15.231546211727817,10.828348050000002
PUFF_LEFT,110,R8->R7,L7->L8,163.37074401495514,True,6.592569360694764,6.541775946047208,-0.8167853128512549,10.770329614269007,10.926330100000001
PUFF_LEFT,111,R8->R7,R6->R5,236.799493242701,True,2.8328624528026265,-2.8301886792452833,0.1230516817063167,6.708203932499369,11.023311649999997
PUFF_LEFT,112,R8->R7,R5->R4,66.18912297349165,True,3.0216445091756055,-2.6934489842501708,1.369550330974663,2.0,11.120311999999998
PUFF_LEFT,113,R8->R7,R4->R3,26.90724809414742,False,0.0,0.0,-0.0,0.0,11.21832305000001
PUFF_LEFT,114,R8->R7,R3->R2,13.0,False,7.6923076923076925,-7.100591715976331,2.9585798816568047,1.0,11.315820250000016
PUFF_LEFT,115,R8->R7,R2->R1,18.027756377319946,False,7.84464540552736,-7.692307692307692,-1.5384615384615385,1.4142135623730951,11.412804500000007
PUFF_LEFT,116,R8->R7,R1->L1,61.71709649683789,True,3.2405931476417904,-2.8878970858493043,1.4702021527960094,2.0,11.510797800000006
PUFF_LEFT,117,R7->R6,L1->L2,26.627053911388696,False,3.7555788309433984,3.1029619181946404,-2.1156558533145273,1.0,11.608832000000007
PUFF_LEFT,118,R7->R6,L2->L3,16.278820596099706,False,6.142951168339512,1.1320754716981134,6.037735849056604,1.0,11.706357650000015
PUFF_LEFT,119,R7->R6,L3->L4,28.178005607210743,False,3.548867204938381,-3.1486146095717884,1.63727959697733,1.0,11.80788595
PUFF_LEFT,120,R7->R6,L4->L5,46.238512086787566,False,0.0,-0.0,0.0,0.0,11.910402149999996
PUFF_LEFT,121,R7->R6,L5->L6,9.219544457292887,False,10.846522890932809,10.588235294117647,2.3529411764705883,1.0,12.008854600000006
PUFF_LEFT,122,R7->R6,L6->L7,60.83584469702052,True,11.966809905471841,11.807619562280463,-1.9454201567144014,7.280109889280518,12.106393949999998
PUFF_LEFT,123,R7->R6,L7->L8,82.0792300158816,True,5.023323957619822,4.972539706100639,-0.7124833011726287,4.123105625617661,12.20390015000001
PUFF_LEFT,124,R7->R6,L8->R8,392.77092560422545,True,7.659227287942366,-7.658051844505377,0.13418120296365446,30.083217912982647,12.30649840000001
PUFF_LEFT,125,R7->R6,R5->R4,108.07867504739313,True,6.735935545183308,-6.694632308877664,0.7447992466398423,7.280109889280518,12.408469150000002
PUFF_LEFT,126,R7->R6,R4->R3,10.63014581273465,False,29.748205865436482,-25.663716814159294,15.04424778761062,3.1622776601683795,12.505419849999996
PUFF_LEFT,127,R7->R6,R3->R2,23.40939982143925,False,6.04122093330177,-5.474452554744526,-2.5547445255474455,1.4142135623730951,12.601403000000005
PUFF_LEFT,128,R7->R6,R2->R1,11.40175425099138,False,36.162028533978955,31.538461538461544,17.692307692307693,4.123105625617661,12.69687875000001
PUFF_LEFT,129,R7->R6,R1->L1,71.58910531638176,True,4.190581774617469,-3.68780487804878,1.9902439024390242,3.0,12.793335749999997
PUFF_LEFT,130,R6->R5,L1->L2,3.605551275463989,False,0.0,-0.0,-0.0,0.0,12.890826950000005
PUFF_LEFT,131,R6->R5,L2->L3,21.587033144922902,False,6.551217820804184,-5.579399141630901,-3.4334763948497855,1.4142135623730951,12.98788470000001
PUFF_LEFT,132,R6->R5,L3->L4,4.123105625617661,False,0.0,-0.0,0.0,0.0,13.084833100000012
PUFF_LEFT,133,R6->R5,L4->L5,18.439088914585774,False,5.423261445466404,-5.294117647058823,1.1764705882352942,1.0,13.182886550000006
PUFF_LEFT,134,R6->R5,L5->L6,30.14962686336267,False,7.4165693248330795,6.93069306930693,2.6402640264026402,2.23606797749979,13.280931850000016
PUFF_LEFT,135,R6->R5,L6->L7,24.351591323771842,False,9.182430617242481,9.106239460370993,1.1804384485666106,2.23606797749979,13.381423850000019
PUFF_LEFT,136,R6->R5,L7->L8,25.0,False,14.422205101855956,13.76,4.319999999999999,3.605551275463989,13.486347050000006
PUFF_LEFT,137,R6->R5,L8->R8,86.97700845625813,True,6.993529253604209,-6.886979510905486,1.2161269001982815,6.082762530298219,13.588324500000013
PUFF_LEFT,138,R6->R5,R8->R7,205.30221625691235,True,0.48708680219438744,-0.4578993570428717,0.16607748701036798,1.0,13.688806250000013
PUFF_LEFT,139,R6->R5,R4->R3,365.8742953529258,True,0.8643071405489191,0.8635630191836493,-0.03585728799378472,3.1622776601683795,13.789922050000015
PUFF_LEFT,140,R6->R5,R3->R2,203.42320418280704,True,0.0,-0.0,0.0,0.0,13.89239345
PUFF_LEFT,141,R6->R5,R2->R1,135.4400236266961,True,2.215002566943351,2.126035761011775,-0.6214566070649803,3.0,13.994325250000003
PUFF_LEFT,142,R6->R5,R1->L1,91.7877987534291,True,3.2684082642170598,-2.9910979228486645,1.3175074183976259,3.0,14.092871500000015
PUFF_LEFT,143,R5->R4,L1->L2,61.465437442517235,True,1.6269305834440775,0.6087877183695077,1.508734780307041,1.0,14.194910800000002
PUFF_LEFT,144,R5->R4,L2->L3,11.0,False,0.0,-0.0,0.0,0.0,14.295376200000007
PUFF_LEFT,145,R5->R4,L3->L4,61.68468205316454,True,3.242296034331908,-3.0486202365308808,1.1038107752956638,2.0,14.395347000000001
PUFF_LEFT,146,R5->R4,L4->L5,69.92138442565336,True,1.430177631942184,-1.370423399468194,0.40908161178155045,1.0,14.495804449999994
PUFF_LEFT,147,R5->R4,L5->L6,7.810249675906654,False,0.0,-0.0,-0.0,0.0,14.59283735000001
PUFF_LEFT,148,R5->R4,L6->L7,27.202941017470888,False,3.6760731104690385,1.0810810810810811,3.5135135135135136,1.0,14.689107650000011
PUFF_LEFT,149,R5->R4,L7->L8,21.0,False,0.0,-0.0,0.0,0.0,14.792601449999992
PUFF_LEFT,150,R5->R4,L8->R8,48.27007354458868,False,12.601519085483408,-12.57510729613734,0.8154506437768241,6.082762530298219,14.896309500000001
PUFF_LEFT,151,R5->R4,R8->R7,59.43904440685432,True,1.68239582244139,1.6416643079535804,-0.36795924143787145,1.0,14.99435385000001
PUFF_LEFT,152,R5->R4,R7->R6,92.19544457292888,True,6.597682302498802,-6.588235294117648,0.35294117647058815,6.082762530298219,15.094928350000018
PUFF_LEFT,153,R5->R4,R3->R2,267.21714016881475,True,1.1834112355856388,-1.1833905188712275,-0.00700231076255167,3.1622776601683795,15.1949331
PUFF_LEFT,154,R5->R4,R2->R1,41.6293165929973,False,9.608613177841269,-8.770917484131562,3.9238315060588573,4.0,15.292868299999995
PUFF_LEFT,155,R5->R4,R1->L1,21.2602916254693,False,9.407208683835973,-6.1946902654867255,7.079646017699115,2.0,15.392363950000004
PUFF_LEFT,156,R4->R3,L1->L2,34.0147027033899,False,0.0,-0.0,0.0,0.0,15.494403600000012
PUFF_LEFT,157,R4->R3,L2->L3,5.830951894845301,False,17.149858514250884,14.705882352941178,8.823529411764707,1.0,15.594901400000012
PUFF_LEFT,158,R4->R3,L3->L4,39.20459156782532,False,8.066090051461265,-7.872478854912167,-1.756668835393624,3.1622776601683795,15.692371249999994
PUFF_LEFT,159,R4->R3,L4->L5,18.027756377319946,False,11.094003924504582,-11.076923076923077,0.6153846153846153,2.0,15.788831250000001
PUFF_LEFT,160,R4->R3,L5->L6,5.385164807134504,False,0.0,-0.0,-0.0,0.0,15.885898850000004
PUFF_LEFT,161,R4->R3,L6->L7,6.082762530298219,False,23.249527748763853,-18.918918918918916,-13.513513513513512,1.4142135623730951,15.984354949999997
PUFF_LEFT,162,R4->R3,L7->L8,12.206555615733702,False,25.90638800754199,-24.832214765100673,7.3825503355704685,3.1622776601683795,16.08439220000001
PUFF_LEFT,163,R4->R3,L8->R8,20.248456731316587,False,4.9386479832479475,4.634146341463414,-1.7073170731707314,1.0,16.183888850000002
PUFF_LEFT,164,R4->R3,R8->R7,18.788294228055936,False,5.322462954123494,-4.815864022662889,2.2662889518413594,1.0,16.28029980000001
PUFF_LEFT,165,R4->R3,R7->R6,16.64331697709324,False,12.016835362522196,-10.108303249097474,6.498194945848376,2.0,16.378454950000005
PUFF_LEFT,166,R4->R3,R6->R5,306.33968074671617,True,1.305740082463306,1.2787178722134607,-0.26426836025744854,4.0,16.478963800000017
PUFF_LEFT,167,R4->R3,R2->R1,445.66018444550326,True,0.5017428201000134,0.473785703856243,0.16514528253437588,2.23606797749979,16.576830400000006
PUFF_LEFT,168,R4->R3,R1->L1,111.23398761170077,True,3.5960231992790996,-3.329831083811525,1.3577951992241168,4.0,16.6753346
PUFF_LEFT,169,R3->R2,L1->L2,29.966648127543394,False,0.0,0.0,-0.0,0.0,16.782315350000005
PUFF_LEFT,170,R3->R2,L2->L3,18.027756377319946,False,5.547001962252291,5.538461538461538,-0.30769230769230765,1.0,16.887332200000017
PUFF_LEFT,171,R3->R2,L3->L4,11.045361017187261,False,20.244408254472894,-18.85245901639344,-7.377049180327868,2.23606797749979,16.98538810000001
PUFF_LEFT,172,R3->R2,L4->L5,6.324555320336759,False,15.811388300841896,-5.0,15.0,1.0,17.083411650000002
PUFF_LEFT,173,R3->R2,L5->L6,7.810249675906654,False,0.0,-0.0,-0.0,0.0,17.181401050000005
PUFF_LEFT,174,R3->R2,L6->L7,11.180339887498949,False,8.944271909999161,1.6,8.8,1.0,17.279940100000005
PUFF_LEFT,175,R3->R2,L7->L8,7.0710678118654755,False,14.142135623730953,10.0,10.0,1.0,17.385007400000006
PUFF_LEFT,176,R3->R2,L8->R8,11.045361017187261,False,27.160723812755556,-27.04918032786885,-2.4590163934426226,3.0,17.48995475000001
PUFF_LEFT,177,R3->R2,R8->R7,14.317821063276353,False,6.984302957695783,6.829268292682928,1.4634146341463417,1.0,17.593320050000003
PUFF_LEFT,178,R3->R2,R7->R6,17.46424919657298,False,5.725983343138682,-5.245901639344262,-2.2950819672131146,1.0,17.696797100000012
PUFF_LEFT,179,R3->R2,R6->R5,187.0721785835617,True,0.5345530305851004,-0.5314893130643502,0.05714938850154304,1.0,17.794864750000002
PUFF_LEFT,180,R3->R2,R5->R4,265.02264054227516,True,1.1932103814594464,-1.1802895909563336,-0.17512137477397954,3.1622776601683795,17.8934589
PUFF_LEFT,181,R3->R2,R1->L1,65.29931086925804,True,4.594229188737666,-4.080675422138837,2.110694183864916,3.0,17.99251310000001
PUFF_LEFT,182,R2->R1,L1->L2,255.07057846799972,True,0.8766467661343069,0.7746576289943283,-0.4103841010743763,2.23606797749979,18.091467750000007
PUFF_LEFT,183,R2->R1,L2->L3,9.219544457292887,False,10.846522890932809,10.588235294117647,2.3529411764705883,1.0,18.190389999999994
PUFF_LEFT,184,R2->R1,L3->L4,11.180339887498949,False,0.0,-0.0,-0.0,0.0,18.289412000000013
PUFF_LEFT,185,R2->R1,L4->L5,12.041594578792296,False,0.0,0.0,-0.0,0.0,18.387921050000003
PUFF_LEFT,186,R2->R1,L5->L6,11.661903789690601,False,12.12678125181665,-11.764705882352942,-2.9411764705882355,1.4142135623730951,18.48534705
PUFF_LEFT,187,R2->R1,L6->L7,3.1622776601683795,False,0.0,-0.0,0.0,0.0,18.583320850000007
PUFF_LEFT,188,R2->R1,L7->L8,9.486832980505138,False,31.622776601683793,-10.0,30.000000000000004,3.0,18.681388650000002
PUFF_LEFT,189,R2->R1,L8->R8,5.830951894845301,False,54.23261445466404,-41.17647058823529,-35.294117647058826,3.1622776601683795,18.77992055
PUFF_LEFT,190,R2->R1,R8->R7,13.601470508735444,False,14.704292441876154,11.891891891891891,8.648648648648647,2.0,18.877909599999995
PUFF_LEFT,191,R2->R1,R7->R6,20.808652046684813,False,4.805693313322127,3.9260969976905304,2.771362586605081,1.0,18.974353850000014
PUFF_LEFT,192,R2->R1,R6->R5,103.07764064044152,True,1.940285000290664,1.9388235294117646,0.07529411764705882,2.0,19.07205395000001
PUFF_LEFT,193,R2->R1,R5->R4,11.180339887498949,False,8.94427190999916,-4.0,8.0,1.0,19.17077325000001
PUFF_LEFT,194,R2->R1,R4->R3,326.15333817086713,True,1.5633810594087743,1.5228999022335865,0.35346318718507935,5.0990195135927845,19.26891305000001
PUFF_LEFT,195,R1->L1,L2->L3,24.041630560342615,False,4.159451654038515,3.9792387543252596,-1.2110726643598615,1.0,19.366817100000006
PUFF_LEFT,196,R1->L1,L3->L4,26.076809620810597,False,3.8348249442368525,3.823529411764706,-0.2941176470588236,1.0,19.465383400000007
PUFF_LEFT,197,R1->L1,L4->L5,23.345235059857504,False,4.283529368781194,4.220183486238533,-0.7339449541284404,1.0,19.563944550000002
PUFF_LEFT,198,R1->L1,L5->L6,10.198039027185569,False,0.0,-0.0,-0.0,0.0,19.661896150000004
PUFF_LEFT,199,R1->L1,L6->L7,7.0,False,20.203050891044214,14.285714285714285,14.285714285714285,1.4142135623730951,19.75993265000001
PUFF_LEFT,200,R1->L1,L7->L8,8.246211251235321,False,24.253562503633297,23.52941176470588,5.88235294117647,2.0,19.858409800000004
PUFF_LEFT,201,R1->L1,L8->R8,15.0,False,13.333333333333334,-13.333333333333334,0.0,2.0,19.955814100000012
PUFF_LEFT,202,R1->L1,R8->R7,10.04987562112089,False,14.07195089460584,10.891089108910892,-8.910891089108912,1.4142135623730951,20.053029300000006
PUFF_LEFT,203,R1->L1,R7->R6,5.0,False,40.0,-24.0,-32.0,2.0,20.1498876
PUFF_LEFT,204,R1->L1,R6->R5,24.020824298928627,False,4.163054471218133,-0.17331022530329288,-4.159445407279029,1.0,20.245907200000005
PUFF_LEFT,205,R1->L1,R5->R4,37.48332962798263,False,0.0,0.0,-0.0,0.0,20.343437550000004
PUFF_LEFT,206,R1->L1,R4->R3,37.0,False,2.7027027027027026,-0.0,-2.7027027027027026,1.0,20.444156300000017
PUFF_LEFT,207,R1->L1,R3->R2,4.123105625617661,False,0.0,0.0,-0.0,0.0,20.5486145
PUFF_RIGHT,0,L1->L2,L3->L4,285.2367437761131,True,2.1325311913785825,2.1238938053097343,-0.19174041297935102,6.082762530298219,0.04891239999999186
PUFF_RIGHT,1,L1->L2,L4->L5,97.52948272189288,True,1.4500369764143541,0.7148864592094196,-1.261564339781329,1.4142135623730951,0.14746415000000468
PUFF_RIGHT,2,L1->L2,L5->L6,80.4114419718985,True,1.7587218033813177,1.4537581193937519,0.9897927621404268,1.4142135623730951,0.24542225000000428
PUFF_RIGHT,3,L1->L2,L6->L7,54.70831746635972,True,1.827875625337779,-1.7373872368860677,0.567991981289676,1.0,0.34300090000000694
PUFF_RIGHT,4,L1->L2,L7->L8,15.132745950421556,False,0.0,-0.0,-0.0,0.0,0.44195420000001207
PUFF_RIGHT,5,L1->L2,L8->R8,3.605551275463989,False,27.735009811261456,-23.076923076923077,-15.384615384615385,1.0,0.5419056500000039
PUFF_RIGHT,6,L1->L2,R8->R7,3.1622776601683795,False,161.245154965971,-80.0,140.0,5.0990195135927845,0.6409809000000024
PUFF_RIGHT,7,L1->L2,R7->R6,26.92582403567252,False,0.0,0.0,-0.0,0.0,0.7394898499999982
PUFF_RIGHT,8,L1->L2,R6->R5,7.280109889280518,False,0.0,-0.0,-0.0,0.0,0.8374311500000005
PUFF_RIGHT,9,L1->L2,R5->R4,65.55150646628954,True,1.52551795360227,1.4195950663253434,-0.5585292064230859,1.0,0.9348823000000124
PUFF_RIGHT,10,L1->L2,R4->R3,42.04759208325728,False,2.3782574707724704,-2.3755656108597285,0.11312217194570134,1.0,1.0328308499999963
PUFF_RIGHT,11,L1->L2,R3->R2,29.5296461204668,False,0.0,0.0,-0.0,0.0,1.1313530500000155
PUFF_RIGHT,12,L1->L2,R2->R1,368.46980880392357,True,0.6068524270029635,0.46770273256242173,-0.3866833615673566,2.23606797749979,1.2299095500000163
PUFF_RIGHT,13,L2->L3,L4->L5,253.29824318380102,True,3.006642687346895,-2.9800498753117206,-0.3990024937655861,7.615773105863909,1.3284489500000092
PUFF_RIGHT,14,L2->L3,L5->L6,165.65627063289816,True,3.078072139443754,-3.075577581808906,0.12389767509656735,5.0990195135927845,1.426949950000008
PUFF_RIGHT,15,L2->L3,L6->L7,46.17358552246078,False,3.062819459158444,-2.720450281425891,-1.4071294559099439,1.4142135623730951,1.5248960500000095
PUFF_RIGHT,16,L2->L3,L7->L8,18.027756377319946,False,0.0,-0.0,0.0,0.0,1.625893099999999
PUFF_RIGHT,17,L2->L3,L8->R8,15.132745950421556,False,19.824558013652695,-19.650655021834062,2.620087336244542,3.0,1.7274802499999993
PUFF_RIGHT,18,L2->L3,R8->R7,9.055385138137417,False,0.0,-0.0,-0.0,0.0,1.8259647
PUFF_RIGHT,19,L2->L3,R7->R6,6.324555320336759,False,15.811388300841896,5.0,15.0,1.0,1.9259636000000029
PUFF_RIGHT,20,L2->L3,R6->R5,16.1245154965971,False,6.201736729460423,-0.7692307692307693,-6.153846153846154,1.0,2.0264776499999897
PUFF_RIGHT,21,L2->L3,R5->R4,8.06225774829855,False,0.0,-0.0,-0.0,0.0,2.1249638500000145
PUFF_RIGHT,22,L2->L3,R4->R3,9.848857801796104,False,0.0,-0.0,-0.0,0.0,2.2229381499999903
PUFF_RIGHT,23,L2->L3,R3->R2,8.0,False,17.67766952966369,12.5,12.5,1.4142135623730951,2.3203636500000044
PUFF_RIGHT,24,L2->L3,R2->R1,49.24428900898052,False,6.421612990679357,-6.391752577319589,0.6185567010309277,3.1622776601683795,2.418344700000006
PUFF_RIGHT,25,L2->L3,R1->L1,12.206555615733702,False,16.38463841038081,-13.422818791946309,9.395973154362416,2.0,2.516905300000005
PUFF_RIGHT,26,L3->L4,L1->L2,290.5942188000305,True,2.0932152592078963,2.0889336254366744,-0.13381490911244,6.082762530298219,2.614468300000013
PUFF_RIGHT,27,L3->L4,L5->L6,256.51705596314645,True,2.0993398614040646,-2.0926733636266928,-0.16717071169131167,5.385164807134504,2.7129784499999943
PUFF_RIGHT,28,L3->L4,L6->L7,20.09975124224178,False,0.0,0.0,-0.0,0.0,2.8129847000000012
PUFF_RIGHT,29,L3->L4,L7->L8,20.591260281974,False,4.856429311786321,4.245283018867925,-2.3584905660377355,1.0,2.915897799999996
PUFF_RIGHT,30,L3->L4,L8->R8,19.697715603592208,False,7.17958158617738,2.5773195876288657,-6.701030927835052,1.4142135623730951,3.0173348500000117
PUFF_RIGHT,31,L3->L4,R8->R7,8.48528137423857,False,26.352313834736496,-25.0,8.333333333333332,2.23606797749979,3.118448950000001
PUFF_RIGHT,32,L3->L4,R7->R6,26.076809620810597,False,3.8348249442368516,3.2352941176470584,-2.0588235294117645,1.0,3.2190578000000016
PUFF_RIGHT,33,L3->L4,R6->R5,11.0,False,0.0,-0.0,0.0,0.0,3.315985800000007
PUFF_RIGHT,34,L3->L4,R5->R4,62.76941930590086,True,4.779397409078746,-4.416243654822336,1.8274111675126905,3.0,3.414946999999998
PUFF_RIGHT,35,L3->L4,R4->R3,50.08991914547278,True,5.989229072794672,-5.978477481068155,0.35870864886408926,3.0,3.5134266000000025
PUFF_RIGHT,36,L3->L4,R3->R2,13.601470508735444,False,10.397504898200726,-9.18918918918919,-4.864864864864865,1.4142135623730951,3.6114028000000076
PUFF_RIGHT,37,L3->L4,R2->R1,23.430749027719962,False,6.03571640283457,-0.5464480874316939,6.010928961748635,1.4142135623730951,3.709917500000003
PUFF_RIGHT,38,L3->L4,R1->L1,117.00427342623003,True,2.5640089136500377,-2.4324324324324325,0.8108108108108109,3.0,3.810388000000003
PUFF_RIGHT,39,L4->L5,L1->L2,86.02325267042627,True,4.793012932694108,-4.783783783783784,0.2972972972972973,4.123105625617661,3.913354800000022
PUFF_RIGHT,40,L4->L5,L2->L3,267.67517628648346,True,3.544158674748274,-3.54221912072575,0.11723656664340547,9.486832980505138,4.013992399999992
PUFF_RIGHT,41,L4->L5,L6->L7,205.19746587129188,True,0.48733545307388937,-0.17812188286704983,-0.4536170617014202,1.0,4.112842850000007
PUFF_RIGHT,42,L4->L5,L7->L8,69.26037828369117,True,1.443826939414033,0.4377736085053157,1.3758599124452782,1.0,4.211315400000004
PUFF_RIGHT,43,L4->L5,L8->R8,49.64876634922564,False,8.304547985373995,-8.275862068965516,0.689655172413793,4.123105625617661,4.310880999999981
PUFF_RIGHT,44,L4->L5,R8->R7,19.4164878389476,False,0.0,-0.0,0.0,0.0,4.411401800000007
PUFF_RIGHT,45,L4->L5,R7->R6,20.396078054371138,False,9.8058067569092,9.615384615384615,-1.9230769230769231,2.0,4.509862900000016
PUFF_RIGHT,46,L4->L5,R6->R5,6.0,False,16.666666666666664,16.666666666666664,-0.0,1.0,4.609829349999998
PUFF_RIGHT,47,L4->L5,R5->R4,44.9221548904324,False,4.977650744835554,-4.905847373637265,-0.8424182358771061,2.23606797749979,4.710328349999983
PUFF_RIGHT,48,L4->L5,R4->R3,33.54101966249684,False,8.94427190999916,-8.0,4.0,3.0,4.808386550000009
PUFF_RIGHT,49,L4->L5,R3->R2,15.0,False,0.0,0.0,-0.0,0.0,4.906391200000016
PUFF_RIGHT,50,L4->L5,R2->R1,101.24228365658294,True,2.208630521496931,-2.195121951219512,-0.2439024390243903,2.23606797749979,5.0048134500000145
PUFF_RIGHT,51,L4->L5,R1->L1,10.44030650891055,False,9.578262852211513,9.174311926605503,-2.7522935779816513,1.0,5.102855749999989
PUFF_RIGHT,52,L5->L6,L1->L2,99.62429422585637,True,2.2445006962161678,2.2267002518891688,0.2821158690176322,2.23606797749979,5.19990534999998
PUFF_RIGHT,53,L5->L6,L2->L3,209.65209276322523,True,3.016690764675324,-3.0122400691632163,0.163807617054193,6.324555320336759,5.2974643499999985
PUFF_RIGHT,54,L5->L6,L3->L4,327.2308053958246,True,1.2599992291771778,-1.2457975345536048,0.18864400448262983,4.123105625617661,5.401386950000003
PUFF_RIGHT,55,L5->L6,L7->L8,217.46264046957583,True,2.29924551141442,2.2266864030450413,0.5730598435187143,5.0,5.505389550000004
PUFF_RIGHT,56,L5->L6,L8->R8,64.62197768561404,True,6.380345779073138,-6.321839080459771,0.8620689655172415,4.123105625617661,5.60410985
PUFF_RIGHT,57,L5->L6,R8->R7,19.924858845171276,False,15.871016626723794,15.869017632241814,0.2518891687657433,3.1622776601683795,5.703591300000014
PUFF_RIGHT,58,L5->L6,R7->R6,5.0,False,40.0,24.0,32.0,2.0,5.803387200000017
PUFF_RIGHT,59,L5->L6,R6->R5,33.95585369269929,False,6.585220909879694,6.418039895923677,1.4744145706851692,2.23606797749979,5.9018449
PUFF_RIGHT,60,L5->L6,R5->R4,6.082762530298219,False,16.439898730535727,2.702702702702702,-16.216216216216214,1.0,6.00200605000002
PUFF_RIGHT,61,L5->L6,R4->R3,7.211102550927978,False,13.867504905630728,11.538461538461538,7.6923076923076925,1.0,6.102380200000013
PUFF_RIGHT,62,L5->L6,R3->R2,4.123105625617661,False,0.0,-0.0,-0.0,0.0,6.208403100000012
PUFF_RIGHT,63,L5->L6,R2->R1,30.805843601498726,False,6.492274731611955,-5.268703898840886,3.7934668071654376,2.0,6.313408599999988
PUFF_RIGHT,64,L5->L6,R1->L1,72.44998274671983,True,2.760525157047812,-2.4766622213755003,1.2192798628310155,2.0,6.412889800000002
PUFF_RIGHT,65,L6->L7,L1->L2,61.26989472816156,True,0.0,-0.0,0.0,0.0,6.511326699999998
PUFF_RIGHT,66,L6->L7,L2->L3,56.859475903318,True,0.0,-0.0,0.0,0.0,6.609899900000002
PUFF_RIGHT,67,L6->L7,L3->L4,37.64306044943742,False,3.756903783826722,3.3168666196189127,1.7642907551164428,1.4142135623730951,6.707447349999981
PUFF_RIGHT,68,L6->L7,L4->L5,266.5633133047382,True,0.3751453970174766,0.3377617653681603,-0.16325151992794418,1.0,6.8053825500000045
PUFF_RIGHT,69,L6->L7,L8->R8,354.7421598851763,True,7.699395125839019,-7.696953322420177,0.193893930484258,27.313000567495326,6.903831399999987
PUFF_RIGHT,70,L6->L7,R8->R7,65.76473218982953,True,4.80847036834345,4.7398843930635834,-0.8092485549132946,3.1622776601683795,7.00185070000002
PUFF_RIGHT,71,L6->L7,R7->R6,50.08991914547278,True,12.143686063122725,11.638102829812674,-3.467516939019529,6.082762530298219,7.101358450000006
PUFF_RIGHT,72,L6->L7,R6->R5,23.40939982143925,False,12.08244186660354,10.948905109489052,5.109489051094891,2.8284271247461903,7.200351550000008
PUFF_RIGHT,73,L6->L7,R5->R4,18.384776310850235,False,17.200522903844533,-17.159763313609467,1.1834319526627215,3.1622776601683795,7.298381400000025
PUFF_RIGHT,74,L6->L7,R4->R3,14.212670403551895,False,15.732919388188815,-14.356435643564359,6.435643564356434,2.23606797749979,7.396948349999988
PUFF_RIGHT,75,L6->L7,R3->R2,4.123105625617661,False,24.253562503633297,-23.52941176470588,5.88235294117647,1.0,7.494947449999998
PUFF_RIGHT,76,L6->L7,R2->R1,46.61544808322666,False,6.783754721229938,-6.764841233317993,0.5062126092959044,3.1622776601683795,7.5949581999999936
PUFF_RIGHT,77,L6->L7,R1->L1,49.64876634922564,False,4.50377349111045,-3.1643002028397564,3.204868154158215,2.23606797749979,7.694938550000003
PUFF_RIGHT,78,L7->L8,L1->L2,18.681541692269406,False,0.0,-0.0,0.0,0.0,7.794924649999999
PUFF_RIGHT,79,L7->L8,L2->L3,29.154759474226502,False,0.0,-0.0,0.0,0.0,7.894469150000006
PUFF_RIGHT,80,L7->L8,L3->L4,30.4138126514911,False,4.649905549752772,4.432432432432433,1.4054054054054055,1.4142135623730951,7.991902749999994
PUFF_RIGHT,81,L7->L8,L4->L5,105.54619841567009,True,0.9474524094763922,0.43087971274685816,0.8438061041292639,1.0,8.094823800000015
PUFF_RIGHT,82,L7->L8,L5->L6,243.3105012119288,True,1.2996881122750907,0.9324324324324325,0.9054054054054054,3.1622776601683795,8.19838935
PUFF_RIGHT,83,L7->L8,R8->R7,164.84234892769516,True,10.312883861814365,10.308026349685349,-0.31649063408530537,17.0,8.296954650000018
PUFF_RIGHT,84,L7->L8,R7->R6,83.24061508662703,True,23.663587280191464,23.58204647135229,-1.9627651897820748,19.697715603592208,8.394492400000004
PUFF_RIGHT,85,L7->L8,R6->R5,31.38470965295043,False,25.688489195695425,25.68527918781726,-0.4060913705583751,8.06225774829855,8.494519950000026
PUFF_RIGHT,86,L7->L8,R5->R4,20.248456731316587,False,15.617376188860607,-15.609756097560975,0.48780487804878025,3.1622776601683795,8.594510249999999
PUFF_RIGHT,87,L7->L8,R4->R3,14.212670403551895,False,15.732919388188815,-14.356435643564359,6.435643564356434,2.23606797749979,8.69299955000001
PUFF_RIGHT,88,L7->L8,R3->R2,3.0,False,33.33333333333333,-0.0,33.33333333333333,1.0,8.791899049999998
PUFF_RIGHT,89,L7->L8,R2->R1,43.41658669218482,False,8.304547985373997,-8.275862068965518,-0.6896551724137927,3.605551275463989,8.890375900000024
PUFF_RIGHT,90,L7->L8,R1->L1,62.64982043070834,True,1.5961737689352444,-1.4012738853503186,0.7643312101910829,1.0,8.989420949999996
PUFF_RIGHT,91,L8->R8,L1->L2,2.23606797749979,False,63.245553203367585,-20.0,-60.00000000000001,1.4142135623730951,9.09090565000001
PUFF_RIGHT,92,L8->R8,L2->L3,25.632011235952593,False,8.723732043170228,-8.67579908675799,-0.91324200913242,2.23606797749979,9.191869649999987
PUFF_RIGHT,93,L8->R8,L3->L4,31.304951684997057,False,3.1943828249996997,-1.4285714285714286,-2.857142857142857,1.0,9.289454300000003
PUFF_RIGHT,94,L8->R8,L4->L5,77.38862965578342,True,6.460897449973571,-6.328268492235766,-1.3023877108031392,5.0,9.387414249999992
PUFF_RIGHT,95,L8->R8,L5->L6,68.4470598345904,True,3.2668576019240056,-3.265741728922092,-0.0853788687299894,2.23606797749979,9.48543285000001
PUFF_RIGHT,96,L8->R8,L6->L7,368.95799218881274,True,7.87864318510856,-7.878498494086535,0.04774847572173649,29.068883707497267,9.588346799999997
PUFF_RIGHT,97,L8->R8,R7->R6,404.7344808636892,True,7.910277651373816,7.725413588913986,-1.7001404065685861,32.01562118716424,9.691849099999999
PUFF_RIGHT,98,L8->R8,R6->R5,99.76472322419383,True,17.930730664985383,17.92424394654878,-0.48226665327037027,17.88854381999832,9.789426949999992
PUFF_RIGHT,99,L8->R8,R5->R4,52.32590180780452,True,17.09339275766692,-17.0927684441198,-0.14609203798393008,8.94427190999916,9.888768000000013
PUFF_RIGHT,100,L8->R8,R4->R3,25.495097567963924,False,21.122354181147664,-19.846153846153847,7.230769230769231,5.385164807134504,9.991191049999983
PUFF_RIGHT,101,L8->R8,R3->R2,11.180339887498949,False,20.0,-20.0,-0.0,2.23606797749979,10.092366250000012
PUFF_RIGHT,102,L8->R8,R2->R1,30.463092423455635,False,0.0,0.0,-0.0,0.0,10.19184534999998
PUFF_RIGHT,103,L8->R8,R1->L1,78.7210264160726,True,4.0170686335496395,-3.9857995804421487,0.5002420526060996,3.1622776601683795,10.290913349999997
PUFF_RIGHT,104,R8->R7,L1->L2,6.4031242374328485,False,66.25891564490793,-65.85365853658539,-7.317073170731707,4.242640687119285,10.388953600000022
PUFF_RIGHT,105,R8->R7,L2->L3,13.601470508735444,False,0.0,-0.0,0.0,0.0,10.486083649999998
PUFF_RIGHT,106,R8->R7,L3->L4,16.55294535724685,False,13.508580673957479,-13.503649635036496,-0.364963503649635,2.23606797749979,10.582062399999998
PUFF_RIGHT,107,R8->R7,L4->L5,36.76955262170047,False,6.081303192631498,-6.06508875739645,-0.4437869822485208,2.23606797749979,10.678479350000018
PUFF_RIGHT,108,R8->R7,L5->L6,20.248456731316587,False,13.968605915391564,12.682926829268293,5.853658536585366,2.8284271247461903,10.776396950000006
PUFF_RIGHT,109,R8->R7,L6->L7,72.71863585079137,True,2.75032662068046,2.344931921331316,-1.437216338880484,2.0,10.87835195000001
PUFF_RIGHT,110,R8->R7,L7->L8,163.37074401495514,True,7.396089211963481,7.3735481453728,-0.5769951292618954,12.083045973594572,10.978896199999994
PUFF_RIGHT,111,R8->R7,R6->R5,236.799493242701,True,6.3344730153734625,-6.275635767022149,-0.8613617719442165,15.0,11.075455850000012
PUFF_RIGHT,112,R8->R7,R5->R4,66.18912297349165,True,4.2732506455463355,4.062999315224834,1.323898653275508,2.8284271247461903,11.171869650000005
PUFF_RIGHT,113,R8->R7,R4->R3,26.90724809414742,False,11.75251236805671,10.773480662983424,-4.696132596685083,3.1622776601683795,11.268357599999987
PUFF_RIGHT,114,R8->R7,R3->R2,13.0,False,7.6923076923076925,-7.100591715976331,2.9585798816568047,1.0,11.365402300000014
PUFF_RIGHT,115,R8->R7,R2->R1,18.027756377319946,False,17.541160386140582,16.92307692307692,-4.615384615384614,3.1622776601683795,11.463339599999998
PUFF_RIGHT,116,R8->R7,R1->L1,61.71709649683789,True,2.2914453897641684,2.179049619322657,0.7088474665266475,1.4142135623730951,11.562364950000003
PUFF_RIGHT,117,R7->R6,L1->L2,26.627053911388696,False,3.7555788309433984,3.1029619181946404,-2.1156558533145273,1.0,11.66450970000001
PUFF_RIGHT,118,R7->R6,L2->L3,16.278820596099706,False,6.142951168339512,1.1320754716981134,6.037735849056604,1.0,11.766631800000013
PUFF_RIGHT,119,R7->R6,L3->L4,28.178005607210743,False,5.018856132284956,4.785894206549118,1.5113350125944585,1.4142135623730951,11.865044450000013
PUFF_RIGHT,120,R7->R6,L4->L5,46.238512086787566,False,6.839055837767723,6.828811973807296,-0.37418147801683804,3.1622776601683795,11.962854649999983
PUFF_RIGHT,121,R7->R6,L5->L6,9.219544457292887,False,10.846522890932809,10.588235294117647,2.3529411764705883,1.0,12.061384500000017
PUFF_RIGHT,122,R7->R6,L6->L7,60.83584469702052,True,10.396100114718235,10.321534720345852,-1.242907322345312,6.324555320336759,12.159404199999997
PUFF_RIGHT,123,R7->R6,L7->L8,82.0792300158816,True,23.116281618795693,23.066646875463857,-1.5140270149918362,18.973665961010276,12.255894999999995
PUFF_RIGHT,124,R7->R6,L8->R8,392.77092560422545,True,9.08752004498306,8.916243704179063,-1.7560235692199988,35.6931365951495,12.352391749999995
PUFF_RIGHT,125,R7->R6,R5->R4,108.07867504739313,True,4.626259526041998,-4.280455440458865,1.7549867305881346,5.0,12.450017149999994
PUFF_RIGHT,126,R7->R6,R4->R3,10.63014581273465,False,13.303802104754784,0.8849557522123894,13.27433628318584,1.4142135623730951,12.547536899999997
PUFF_RIGHT,127,R7->R6,R3->R2,23.40939982143925,False,6.04122093330177,-5.474452554744526,-2.5547445255474455,1.4142135623730951,12.645464550000028
PUFF_RIGHT,128,R7->R6,R2->R1,11.40175425099138,False,26.311740579210873,25.384615384615383,6.923076923076923,3.0,12.744961400000008
PUFF_RIGHT,129,R7->R6,R1->L1,71.58910531638176,True,3.123475237772121,-1.795121951219512,2.5560975609756094,2.23606797749979,12.84596255000001
PUFF_RIGHT,130,R6->R5,L1->L2,3.605551275463989,False,0.0,-0.0,-0.0,0.0,12.944894749999989
PUFF_RIGHT,131,R6->R5,L2->L3,21.587033144922902,False,0.0,-0.0,0.0,0.0,13.044399549999994
PUFF_RIGHT,132,R6->R5,L3->L4,4.123105625617661,False,24.253562503633297,-23.52941176470588,5.88235294117647,1.0,13.143900249999987
PUFF_RIGHT,133,R6->R5,L4->L5,18.439088914585774,False,5.423261445466404,1.1764705882352942,5.294117647058823,1.0,13.240840949999992
PUFF_RIGHT,134,R6->R5,L5->L6,30.14962686336267,False,4.690650298201946,3.6303630363036308,2.9702970297029703,1.4142135623730951,13.339852250000021
PUFF_RIGHT,135,R6->R5,L6->L7,24.351591323771842,False,12.98591791445427,12.984822934232715,-0.16863406408094422,3.1622776601683795,13.438924999999998
PUFF_RIGHT,136,R6->R5,L7->L8,25.0,False,26.83281572999747,26.399999999999995,4.8,6.708203932499369,13.537405649999997
PUFF_RIGHT,137,R6->R5,L8->R8,86.97700845625813,True,19.646579934085505,19.643093192333115,0.3701255783212165,17.08800749063506,13.636446149999998
PUFF_RIGHT,138,R6->R5,R8->R7,205.30221625691235,True,3.9270193450856623,-3.869605447341574,-0.669055019098911,8.06225774829855,13.734974150000014
PUFF_RIGHT,139,R6->R5,R4->R3,365.8742953529258,True,0.8643071405489191,-0.8635630191836493,0.03585728799378472,3.1622776601683795,13.83358029999998
PUFF_RIGHT,140,R6->R5,R3->R2,203.42320418280704,True,1.0992197210158672,-1.092288731543462,-0.12324496749716052,2.23606797749979,13.932378700000001
PUFF_RIGHT,141,R6->R5,R2->R1,135.4400236266961,True,1.476668377962234,1.4173571740078499,-0.4143044047099869,2.0,14.030907150000004
PUFF_RIGHT,142,R6->R5,R1->L1,91.7877987534291,True,2.178938842811373,-1.9940652818991096,0.8783382789317506,2.0,14.129376599999986
PUFF_RIGHT,143,R5->R4,L1->L2,61.465437442517235,True,0.0,0.0,-0.0,0.0,14.227884650000007
PUFF_RIGHT,144,R5->R4,L2->L3,11.0,False,0.0,-0.0,0.0,0.0,14.326411349999987
PUFF_RIGHT,145,R5->R4,L3->L4,61.68468205316454,True,3.242296034331908,-3.0486202365308808,1.1038107752956638,2.0,14.42495615
PUFF_RIGHT,146,R5->R4,L4->L5,69.92138442565336,True,2.860355263884368,-2.740846798936388,0.8181632235631009,2.0,14.52193800000002
PUFF_RIGHT,147,R5->R4,L5->L6,7.810249675906654,False,12.8036879932896,-8.196721311475411,-9.836065573770494,1.0,14.618879100000001
PUFF_RIGHT,148,R5->R4,L6->L7,27.202941017470888,False,7.352146220938077,-7.027027027027027,2.1621621621621623,2.0,14.716900199999984
PUFF_RIGHT,149,R5->R4,L7->L8,21.0,False,9.523809523809524,-9.523809523809524,0.0,2.0,14.814638349999981
PUFF_RIGHT,150,R5->R4,L8->R8,48.27007354458868,False,17.08348598975724,-17.081545064377686,-0.25751072961373384,8.246211251235321,14.910901449999997
PUFF_RIGHT,151,R5->R4,R8->R7,59.43904440685432,True,5.320202724867015,5.292952165298613,0.5377865836399659,3.1622776601683795,15.011451000000008
PUFF_RIGHT,152,R5->R4,R7->R6,92.19544457292888,True,4.338609156373123,-4.235294117647059,0.9411764705882352,4.0,15.113957500000012
PUFF_RIGHT,153,R5->R4,R3->R2,267.21714016881475,True,2.3668224711712775,-2.366781037742455,-0.01400462152510334,6.324555320336759,15.2128972
PUFF_RIGHT,154,R5->R4,R2->R1,41.6293165929973,False,14.611728051575643,-14.13733410271206,3.693017888055395,6.082762530298219,15.311347950000012
PUFF_RIGHT,155,R5->R4,R1->L1,21.2602916254693,False,9.407208683835973,-6.1946902654867255,7.079646017699115,2.0,15.414375950000007
PUFF_RIGHT,156,R4->R3,L1->L2,34.0147027033899,False,2.9399051601892734,-2.9386343993085564,0.08643042350907519,1.0,15.515897149999986
PUFF_RIGHT,157,R4->R3,L2->L3,5.830951894845301,False,17.149858514250884,14.705882352941178,8.823529411764707,1.0,15.611875799999993
PUFF_RIGHT,158,R4->R3,L3->L4,39.20459156782532,False,8.066090051461265,-7.872478854912167,-1.756668835393624,3.1622776601683795,15.709872849999996
PUFF_RIGHT,159,R4->R3,L4->L5,18.027756377319946,False,11.094003924504582,-11.076923076923077,0.6153846153846153,2.0,15.80989855
PUFF_RIGHT,160,R4->R3,L5->L6,5.385164807134504,False,0.0,-0.0,-0.0,0.0,15.908351150000001
PUFF_RIGHT,161,R4->R3,L6->L7,6.082762530298219,False,36.76073110469037,-35.13513513513512,-10.81081081081081,2.23606797749979,16.007886749999997
PUFF_RIGHT,162,R4->R3,L7->L8,12.206555615733702,False,18.318582636182796,-18.120805369127517,2.684563758389261,2.23606797749979,16.109913050000003
PUFF_RIGHT,163,R4->R3,L8->R8,20.248456731316587,False,15.617376188860607,-15.609756097560975,0.48780487804878025,3.1622776601683795,16.209892899999986
PUFF_RIGHT,164,R4->R3,R8->R7,18.788294228055936,False,5.322462954123494,4.815864022662889,-2.2662889518413594,1.0,16.309948399999982
PUFF_RIGHT,165,R4->R3,R7->R6,16.64331697709324,False,8.497185773241748,-1.8050541516245486,8.303249097472925,1.4142135623730951,16.413472499999997
PUFF_RIGHT,166,R4->R3,R6->R5,306.33968074671617,True,0.3264350206158265,-0.31967946805336517,0.06606709006436214,1.0,16.515366249999985
PUFF_RIGHT,167,R4->R3,R2->R1,445.66018444550326,True,0.0,-0.0,0.0,0.0,16.613969600000004
PUFF_RIGHT,168,R4->R3,R1->L1,111.23398761170077,True,2.697017399459325,-2.497373312858644,1.0183463994180877,3.0,16.711900150000005
PUFF_RIGHT,169,R3->R2,L1->L2,29.966648127543394,False,0.0,0.0,-0.0,0.0,16.810342000000006
PUFF_RIGHT,170,R3->R2,L2->L3,18.027756377319946,False,7.84464540552736,5.846153846153846,5.23076923076923,1.4142135623730951,16.914347199999995
PUFF_RIGHT,171,R3->R2,L3->L4,11.045361017187261,False,20.244408254472894,-18.85245901639344,-7.377049180327868,2.23606797749979,17.018552550000024
PUFF_RIGHT,172,R3->R2,L4->L5,6.324555320336759,False,15.811388300841896,-5.0,15.0,1.0,17.117661050000024
PUFF_RIGHT,173,R3->R2,L5->L6,7.810249675906654,False,0.0,-0.0,-0.0,0.0,17.216639949999987
PUFF_RIGHT,174,R3->R2,L6->L7,11.180339887498949,False,0.0,-0.0,0.0,0.0,17.314927150000003
PUFF_RIGHT,175,R3->R2,L7->L8,7.0710678118654755,False,0.0,-0.0,-0.0,0.0,17.412355199999993
PUFF_RIGHT,176,R3->R2,L8->R8,11.045361017187261,False,20.244408254472898,-17.21311475409836,-10.655737704918032,2.23606797749979,17.509829299999993
PUFF_RIGHT,177,R3->R2,R8->R7,14.317821063276353,False,9.877295966495897,5.365853658536586,8.292682926829269,1.4142135623730951,17.607925650000013
PUFF_RIGHT,178,R3->R2,R7->R6,17.46424919657298,False,5.725983343138682,2.2950819672131146,-5.245901639344262,1.0,17.705922599999994
PUFF_RIGHT,179,R3->R2,R6->R5,187.0721785835617,True,1.0691060611702008,-1.0629786261287004,0.11429877700308608,2.0,17.804458550000007
PUFF_RIGHT,180,R3->R2,R5->R4,265.02264054227516,True,2.295185995374582,-2.2950866352492274,0.02135626521633894,6.082762530298219,17.903979150000012
PUFF_RIGHT,181,R3->R2,R1->L1,65.29931086925804,True,3.062819459158444,-2.720450281425891,1.4071294559099436,2.0,18.005144749999985
PUFF_RIGHT,182,R2->R1,L1->L2,255.07057846799972,True,1.2397657460776519,1.166597500806935,-0.4196062157052612,3.1622776601683795,18.1045644
PUFF_RIGHT,183,R2->R1,L2->L3,9.219544457292887,False,0.0,-0.0,-0.0,0.0,18.201973999999993
PUFF_RIGHT,184,R2->R1,L3->L4,11.180339887498949,False,0.0,-0.0,-0.0,0.0,18.300359450000016
PUFF_RIGHT,185,R2->R1,L4->L5,12.041594578792296,False,8.304547985373997,-8.275862068965518,0.6896551724137931,1.0,18.39936920000001
PUFF_RIGHT,186,R2->R1,L5->L6,11.661903789690601,False,12.12678125181665,-11.764705882352942,-2.9411764705882355,1.4142135623730951,18.49795675
PUFF_RIGHT,187,R2->R1,L6->L7,3.1622776601683795,False,44.721359549995796,20.0,-40.0,1.4142135623730951,18.596409400000013
PUFF_RIGHT,188,R2->R1,L7->L8,9.486832980505138,False,10.5409255338946,-10.0,-3.3333333333333335,1.0,18.696397000000005
PUFF_RIGHT,189,R2->R1,L8->R8,5.830951894845301,False,17.149858514250884,-8.823529411764707,-14.705882352941178,1.0,18.79597495
PUFF_RIGHT,190,R2->R1,R8->R7,13.601470508735444,False,0.0,-0.0,-0.0,0.0,18.89291360000003
PUFF_RIGHT,191,R2->R1,R7->R6,20.808652046684813,False,10.745856927604471,10.623556581986142,1.6166281755196306,2.23606797749979,18.98986755
PUFF_RIGHT,192,R2->R1,R6->R5,103.07764064044152,True,1.3719886811400708,0.9317647058823529,1.0070588235294118,1.4142135623730951,19.088426100000007
PUFF_RIGHT,193,R2->R1,R5->R4,11.180339887498949,False,26.832815729997478,-12.0,24.0,3.0,19.185948949999997
PUFF_RIGHT,194,R2->R1,R4->R3,326.15333817086713,True,0.9695677738278143,0.9099796946679702,0.33466195382417085,3.1622776601683795,19.28289979999998
PUFF_RIGHT,195,R1->L1,L2->L3,24.041630560342615,False,0.0,0.0,-0.0,0.0,19.380330650000005
PUFF_RIGHT,196,R1->L1,L3->L4,26.076809620810597,False,3.8348249442368525,3.823529411764706,-0.2941176470588236,1.0,19.478382200000013
PUFF_RIGHT,197,R1->L1,L4->L5,23.345235059857504,False,0.0,0.0,-0.0,0.0,19.576978149999988
PUFF_RIGHT,198,R1->L1,L5->L6,10.198039027185569,False,0.0,-0.0,-0.0,0.0,19.67497115000002
PUFF_RIGHT,199,R1->L1,L6->L7,7.0,False,20.203050891044214,14.285714285714285,14.285714285714285,1.4142135623730951,19.775908900000005
PUFF_RIGHT,200,R1->L1,L7->L8,8.246211251235321,False,0.0,-0.0,-0.0,0.0,19.87937405000001
PUFF_RIGHT,201,R1->L1,L8->R8,15.0,False,13.333333333333334,-13.333333333333334,0.0,2.0,19.979407800000004
PUFF_RIGHT,202,R1->L1,R8->R7,10.04987562112089,False,19.900743804199784,19.801980198019802,1.9801980198019806,2.0,20.07888340000001
PUFF_RIGHT,203,R1->L1,R7->R6,5.0,False,0.0,-0.0,-0.0,0.0,20.178888299999997
PUFF_RIGHT,204,R1->L1,R6->R5,24.020824298928627,False,0.0,-0.0,0.0,0.0,20.277885300000023
PUFF_RIGHT,205,R1->L1,R5->R4,37.48332962798263,False,0.0,0.0,-0.0,0.0,20.377854950000014
PUFF_RIGHT,206,R1->L1,R4->R3,37.0,False,2.7027027027027026,-0.0,-2.7027027027027026,1.0,20.475887799999995
PUFF_RIGHT,207,R1->L1,R3->R2,4.123105625617661,False,0.0,0.0,-0.0,0.0,20.57239539999999
PUFF_BOTH,0,L1->L2,L3->L4,285.2367437761131,True,0.49580343109060804,-0.4277286135693215,-0.25073746312684364,1.4142135623730951,0.04876649999999927
PUFF_BOTH,1,L1->L2,L4->L5,97.52948272189288,True,7.250184882071769,7.190916736753575,-0.9251471825063079,7.0710678118654755,0.14629529999999136
PUFF_BOTH,2,L1->L2,L5->L6,80.4114419718985,True,2.7807833346418924,2.675533560160841,0.7578100835137642,2.23606797749979,0.24330294999998614
PUFF_BOTH,3,L1->L2,L6->L7,54.70831746635972,True,0.0,-0.0,0.0,0.0,0.3398353499999871
PUFF_BOTH,4,L1->L2,L7->L8,15.132745950421556,False,14.776353114138544,-12.22707423580786,-8.296943231441048,2.23606797749979,0.4378412499999911
PUFF_BOTH,5,L1->L2,L8->R8,3.605551275463989,False,55.47001962252291,-46.15384615384615,-30.76923076923077,2.0,0.5366972000000203
PUFF_BOTH,6,L1->L2,R8->R7,3.1622776601683795,False,126.49110640673517,-40.0,120.0,4.0,0.6352412500000071
PUFF_BOTH,7,L1->L2,R7->R6,26.92582403567252,False,8.304547985373997,8.275862068965518,-0.6896551724137935,2.23606797749979,0.732750349999975
PUFF_BOTH,8,L1->L2,R6->R5,7.280109889280518,False,0.0,-0.0,-0.0,0.0,0.8302017000000035
PUFF_BOTH,9,L1->L2,R5->R4,65.55150646628954,True,1.52551795360227,1.4195950663253434,-0.5585292064230859,1.0,0.9282105999999999
PUFF_BOTH,10,L1->L2,R4->R3,42.04759208325728,False,2.3782574707724704,-2.3755656108597285,0.11312217194570134,1.0,1.024760499999985
PUFF_BOTH,11,L1->L2,R3->R2,29.5296461204668,False,3.3864273073929816,-1.605504587155963,-2.9816513761467887,1.0,1.121320499999996
PUFF_BOTH,12,L1->L2,R2->R1,368.46980880392357,True,0.6068524270029635,0.46770273256242173,-0.3866833615673566,2.23606797749979,1.2187817499999767
PUFF_BOTH,13,L2->L3,L4->L5,253.29824318380102,True,0.8827806894330609,-0.8665835411471321,-0.16832917705735662,2.23606797749979,1.3167341999999849
PUFF_BOTH,14,L2->L3,L5->L6,165.65627063289816,True,1.8109788349926916,-1.7600757962247648,0.42635376430289335,3.0,1.414162800000014
PUFF_BOTH,15,L2->L3,L6->L7,46.17358552246078,False,2.1657404091210495,-2.0637898686679175,0.6566604127579737,1.0,1.5137450000000001
PUFF_BOTH,16,L2->L3,L7->L8,18.027756377319946,False,5.547001962252291,5.538461538461538,-0.30769230769230765,1.0,1.6137966500000118
PUFF_BOTH,17,L2->L3,L8->R8,15.132745950421556,False,19.824558013652695,-19.650655021834062,2.620087336244542,3.0,1.7123074000000145
PUFF_BOTH,18,L2->L3,R8->R7,9.055385138137417,False,11.043152607484656,10.975609756097562,1.2195121951219512,1.0,1.8098188499999992
PUFF_BOTH,19,L2->L3,R7->R6,6.324555320336759,False,15.811388300841896,5.0,15.0,1.0,1.9057506999999987
PUFF_BOTH,20,L2->L3,R6->R5,16.1245154965971,False,8.770580193070293,5.384615384615385,-6.923076923076923,1.4142135623730951,2.0022043499999995
PUFF_BOTH,21,L2->L3,R5->R4,8.06225774829855,False,0.0,-0.0,-0.0,0.0,2.099257950000009
PUFF_BOTH,22,L2->L3,R4->R3,9.848857801796104,False,0.0,-0.0,-0.0,0.0,2.1968953000000226
PUFF_BOTH,23,L2->L3,R3->R2,8.0,False,17.67766952966369,12.5,12.5,1.4142135623730951,2.2958825999999988
PUFF_BOTH,24,L2->L3,R2->R1,49.24428900898052,False,4.061384660534476,-3.711340206185567,1.6494845360824744,2.0,2.395313449999975
PUFF_BOTH,25,L2->L3,R1->L1,12.206555615733702,False,16.38463841038081,-13.422818791946309,9.395973154362416,2.0,2.493802649999992
PUFF_BOTH,26,L3->L4,L1->L2,290.5942188000305,True,0.7694812328797626,-0.7484161288412574,-0.17881461306175614,2.23606797749979,2.59082085
PUFF_BOTH,27,L3->L4,L5->L6,256.51705596314645,True,2.4655496284993235,-2.4650081305755234,-0.05167094725004179,6.324555320336759,2.6892594499999802
PUFF_BOTH,28,L3->L4,L6->L7,20.09975124224178,False,9.950371902099892,9.900990099009901,-0.9900990099009903,2.0,2.789725049999987
PUFF_BOTH,29,L3->L4,L7->L8,20.591260281974,False,17.51010489931187,17.45283018867924,1.4150943396226412,3.605551275463989,2.890814699999993
PUFF_BOTH,30,L3->L4,L8->R8,19.697715603592208,False,7.17958158617738,2.5773195876288657,-6.701030927835052,1.4142135623730951,2.991314850000009
PUFF_BOTH,31,L3->L4,R8->R7,8.48528137423857,False,37.26779962499649,-33.33333333333333,16.666666666666664,3.1622776601683795,3.090190799999988
PUFF_BOTH,32,L3->L4,R7->R6,26.076809620810597,False,8.57492925712544,8.52941176470588,-0.8823529411764705,2.23606797749979,3.189707150000004
PUFF_BOTH,33,L3->L4,R6->R5,11.0,False,9.090909090909092,-9.090909090909092,0.0,1.0,3.2878073500000085
PUFF_BOTH,34,L3->L4,R5->R4,62.76941930590086,True,5.037927218598784,-5.025380710659898,0.35532994923857864,3.1622776601683795,3.384815799999984
PUFF_BOTH,35,L3->L4,R4->R3,50.08991914547278,True,5.989229072794672,-5.978477481068155,0.35870864886408926,3.0,3.4822334499999954
PUFF_BOTH,36,L3->L4,R3->R2,13.601470508735444,False,10.397504898200726,-9.18918918918919,-4.864864864864865,1.4142135623730951,3.5796924500000102
PUFF_BOTH,37,L3->L4,R2->R1,23.430749027719962,False,6.03571640283457,-0.5464480874316939,6.010928961748635,1.4142135623730951,3.6767212499999857
PUFF_BOTH,38,L3->L4,R1->L1,117.00427342623003,True,0.8546696378833459,-0.8108108108108109,0.2702702702702703,1.0,3.7747043999999903
PUFF_BOTH,39,L4->L5,L1->L2,86.02325267042627,True,2.5993762245501815,2.5675675675675675,0.4054054054054053,2.23606797749979,3.8737091000000134
PUFF_BOTH,40,L4->L5,L2->L3,267.67517628648346,True,1.9049280491125857,-1.881367759944173,0.2986741102581996,5.0990195135927845,3.971213199999994
PUFF_BOTH,41,L4->L5,L6->L7,205.19746587129188,True,0.0,-0.0,0.0,0.0,4.068245150000024
PUFF_BOTH,42,L4->L5,L7->L8,69.26037828369117,True,6.456990368550497,6.378986866791744,1.000625390869293,4.47213595499958,4.171309949999994
PUFF_BOTH,43,L4->L5,L8->R8,49.64876634922564,False,9.007546982220898,-8.924949290060852,-1.2170385395537524,4.47213595499958,4.27428175
PUFF_BOTH,44,L4->L5,R8->R7,19.4164878389476,False,0.0,-0.0,0.0,0.0,4.371718850000008
PUFF_BOTH,45,L4->L5,R7->R6,20.396078054371138,False,15.504341823651057,15.384615384615385,1.923076923076923,3.1622776601683795,4.469705549999986
PUFF_BOTH,46,L4->L5,R6->R5,6.0,False,16.666666666666664,16.666666666666664,-0.0,1.0,4.567674349999976
PUFF_BOTH,47,L4->L5,R5->R4,44.9221548904324,False,4.4521461734819034,-4.261645193260654,1.288404360753221,2.0,4.665240899999986
PUFF_BOTH,48,L4->L5,R4->R3,33.54101966249684,False,8.94427190999916,-8.0,4.0,3.0,4.762236849999994
PUFF_BOTH,49,L4->L5,R3->R2,15.0,False,0.0,0.0,-0.0,0.0,4.85927719999998
PUFF_BOTH,50,L4->L5,R2->R1,101.24228365658294,True,0.9877295966495895,-0.9268292682926829,0.3414634146341463,1.0,4.959768449999984
PUFF_BOTH,51,L4->L5,R1->L1,10.44030650891055,False,30.289126640769133,30.27522935779816,0.9174311926605507,3.1622776601683795,5.060326449999991
PUFF_BOTH,52,L5->L6,L1->L2,99.62429422585637,True,4.4890013924323355,4.4534005037783375,0.5642317380352644,4.47213595499958,5.15788495000001
PUFF_BOTH,53,L5->L6,L2->L3,209.65209276322523,True,0.9539613812769043,-0.8872912590435456,0.3503662920325795,2.0,5.256304699999987
PUFF_BOTH,54,L5->L6,L3->L4,327.2308053958246,True,1.858859994229576,-1.809861785580874,0.4239820694807621,6.082762530298219,5.3561894500000164
PUFF_BOTH,55,L5->L6,L7->L8,217.46264046957583,True,7.817434738809029,-7.779657432861072,-0.7676041446394587,17.0,5.456203450000004
PUFF_BOTH,56,L5->L6,L8->R8,64.62197768561404,True,11.785113019775793,11.7816091954023,0.2873563218390803,7.615773105863909,5.553227649999997
PUFF_BOTH,57,L5->L6,R8->R7,19.924858845171276,False,31.742033253447588,31.738035264483628,0.5037783375314866,6.324555320336759,5.6501772499999845
PUFF_BOTH,58,L5->L6,R7->R6,5.0,False,82.46211251235322,32.0,76.0,4.123105625617661,5.755163750000008
PUFF_BOTH,59,L5->L6,R6->R5,33.95585369269929,False,6.585220909879694,6.418039895923677,1.4744145706851692,2.23606797749979,5.859719749999982
PUFF_BOTH,60,L5->L6,R5->R4,6.082762530298219,False,16.439898730535727,-2.702702702702702,16.216216216216214,1.0,5.959222199999971
PUFF_BOTH,61,L5->L6,R4->R3,7.211102550927978,False,13.867504905630728,7.6923076923076925,-11.538461538461538,1.0,6.060749700000002
PUFF_BOTH,62,L5->L6,R3->R2,4.123105625617661,False,0.0,-0.0,-0.0,0.0,6.161209299999996
PUFF_BOTH,63,L5->L6,R2->R1,30.805843601498726,False,0.0,0.0,-0.0,0.0,6.259690899999981
PUFF_BOTH,64,L5->L6,R1->L1,72.44998274671983,True,2.760525157047812,-2.4766622213755003,1.2192798628310155,2.0,6.358257199999997
PUFF_BOTH,65,L6->L7,L1->L2,61.26989472816156,True,0.0,-0.0,0.0,0.0,6.457300950000018
PUFF_BOTH,66,L6->L7,L2->L3,56.859475903318,True,0.0,-0.0,0.0,0.0,6.556304600000004
PUFF_BOTH,67,L6->L7,L3->L4,37.64306044943742,False,5.940186453498648,5.85744530698659,0.9880028228652079,2.23606797749979,6.6542441
PUFF_BOTH,68,L6->L7,L4->L5,266.5633133047382,True,0.5305357083239547,-0.17451024544021615,0.5010132852961046,1.4142135623730951,6.752442150000007
PUFF_BOTH,69,L6->L7,L8->R8,354.7421598851763,True,12.747759170496536,12.648400375073503,-1.5884998649099664,45.221676218380054,6.851970350000016
PUFF_BOTH,70,L6->L7,R8->R7,65.76473218982953,True,26.555645579400405,26.473988439306357,-2.0809248554913284,17.46424919657298,6.9512842000000035
PUFF_BOTH,71,L6->L7,R7->R6,50.08991914547278,True,39.778181288943294,39.338381825428456,-5.898764447987245,19.924858845171276,7.049760149999997
PUFF_BOTH,72,L6->L7,R6->R5,23.40939982143925,False,24.9085920156957,24.45255474452555,4.744525547445255,5.830951894845301,7.147239100000007
PUFF_BOTH,73,L6->L7,R5->R4,18.384776310850235,False,7.692307692307692,7.10059171597633,2.9585798816568047,1.4142135623730951,7.244236149999978
PUFF_BOTH,74,L6->L7,R4->R3,14.212670403551895,False,0.0,-0.0,-0.0,0.0,7.341822199999996
PUFF_BOTH,75,L6->L7,R3->R2,4.123105625617661,False,0.0,-0.0,0.0,0.0,7.439831650000002
PUFF_BOTH,76,L6->L7,R2->R1,46.61544808322666,False,2.145211600700721,-0.8283479061205707,-1.9788311090658077,1.0,7.538289600000013
PUFF_BOTH,77,L6->L7,R1->L1,49.64876634922564,False,2.014148736276902,0.6490872210953347,1.9066937119675456,1.0,7.636913249999992
PUFF_BOTH,78,L7->L8,L1->L2,18.681541692269406,False,16.927284226638314,-16.9054441260745,-0.8595988538681947,3.1622776601683795,7.735549850000012
PUFF_BOTH,79,L7->L8,L2->L3,29.154759474226502,False,4.85071250072666,4.470588235294119,1.8823529411764708,1.4142135623730951,7.839061149999992
PUFF_BOTH,80,L7->L8,L3->L4,30.4138126514911,False,23.70995913455277,23.56756756756757,2.594594594594595,7.211102550927978,7.942830700000002
PUFF_BOTH,81,L7->L8,L4->L5,105.54619841567009,True,5.5245494223121145,5.511669658886894,0.3770197486535011,5.830951894845301,8.043292200000025
PUFF_BOTH,82,L7->L8,L5->L6,243.3105012119288,True,7.544910581025841,-7.540540540540541,-0.2567567567567569,18.35755975068582,8.14484545000002
PUFF_BOTH,83,L7->L8,R8->R7,164.84234892769516,True,11.397735078561062,11.360541714201597,-0.9200309130386781,18.788294228055936,8.245339050000013
PUFF_BOTH,84,L7->L8,R7->R6,83.24061508662703,True,30.12936939722121,30.00432962909511,-2.7420984269014284,25.079872407968907,8.343833250000017
PUFF_BOTH,85,L7->L8,R6->R5,31.38470965295043,False,30.0591633198994,30.050761421319795,0.710659898477158,9.433981132056603,8.446803249999988
PUFF_BOTH,86,L7->L8,R5->R4,20.248456731316587,False,6.984302957695782,-6.341463414634147,-2.926829268292683,1.4142135623730951,8.5487502
PUFF_BOTH,87,L7->L8,R4->R3,14.212670403551895,False,15.732919388188815,-14.356435643564359,6.435643564356434,2.23606797749979,8.645739599999985
PUFF_BOTH,88,L7->L8,R3->R2,3.0,False,47.14045207910317,33.33333333333333,33.33333333333333,1.4142135623730951,8.744271650000002
PUFF_BOTH,89,L7->L8,R2->R1,43.41658669218482,False,14.567140814584596,-14.323607427055702,2.6525198938992043,6.324555320336759,8.844252599999976
PUFF_BOTH,90,L7->L8,R1->L1,62.64982043070834,True,2.257330591932401,2.1656050955414012,0.6369426751592357,1.4142135623730951,8.944246049999975
PUFF_BOTH,91,L8->R8,L1->L2,2.23606797749979,False,63.245553203367585,-20.0,-60.00000000000001,1.4142135623730951,9.043375650000002
PUFF_BOTH,92,L8->R8,L2->L3,25.632011235952593,False,8.723732043170228,-8.67579908675799,-0.91324200913242,2.23606797749979,9.142381900000004
PUFF_BOTH,93,L8->R8,L3->L4,31.304951684997057,False,7.142857142857142,-5.714285714285714,-4.285714285714286,2.23606797749979,9.239369649999986
PUFF_BOTH,94,L8->R8,L4->L5,77.38862965578342,True,5.482253279312621,-5.159459008181667,-1.853397896142929,4.242640687119285,9.336796550000003
PUFF_BOTH,95,L8->R8,L5->L6,68.4470598345904,True,13.860102980947723,13.767342582710778,-1.6008537886872998,9.486832980505138,9.435195199999981
PUFF_BOTH,96,L8->R8,L6->L7,368.95799218881274,True,12.343191125031188,12.232424887974728,-1.6498934841695436,45.5411901469428,9.531719750000008
PUFF_BOTH,97,L8->R8,R7->R6,404.7344808636892,True,9.300680379173144,9.162444295220071,-1.597582565166962,37.64306044943742,9.627810299999993
PUFF_BOTH,98,L8->R8,R6->R5,99.76472322419383,True,15.267467015870025,15.211494021902944,-1.3061388526072537,15.231546211727817,9.725943300000012
PUFF_BOTH,99,L8->R8,R5->R4,52.32590180780452,True,18.029275762332887,-17.932797662527395,-1.8626734842951063,9.433981132056603,9.827229899999992
PUFF_BOTH,100,L8->R8,R4->R3,25.495097567963924,False,16.172150801252798,-14.307692307692307,7.538461538461538,4.123105625617661,9.928181449999983
PUFF_BOTH,101,L8->R8,R3->R2,11.180339887498949,False,25.298221281347033,-24.0,-8.0,2.8284271247461903,10.02665214999999
PUFF_BOTH,102,L8->R8,R2->R1,30.463092423455635,False,7.340252743933792,7.327586206896551,0.4310344827586208,2.23606797749979,10.125300549999992
PUFF_BOTH,103,L8->R8,R1->L1,78.7210264160726,True,4.580162936909875,-4.534452154268194,-0.6454736162659352,3.605551275463989,10.225347299999981
PUFF_BOTH,104,R8->R7,L1->L2,6.4031242374328485,False,44.17261042993862,-43.90243902439025,-4.878048780487805,2.8284271247461903,10.32524859999998
PUFF_BOTH,105,R8->R7,L2->L3,13.601470508735444,False,0.0,-0.0,0.0,0.0,10.423709500000001
PUFF_BOTH,106,R8->R7,L3->L4,16.55294535724685,False,8.543576577167611,-8.029197080291972,-2.9197080291970807,1.4142135623730951,10.521792250000004
PUFF_BOTH,107,R8->R7,L4->L5,36.76955262170047,False,6.081303192631498,-6.06508875739645,-0.4437869822485208,2.23606797749979,10.618758299999996
PUFF_BOTH,108,R8->R7,L5->L6,20.248456731316587,False,24.693239916239744,23.658536585365855,7.073170731707318,5.0,10.715317199999987
PUFF_BOTH,109,R8->R7,L6->L7,72.71863585079137,True,22.763003133352516,22.61724659606656,-2.571860816944024,16.55294535724685,10.811755900000009
PUFF_BOTH,110,R8->R7,L7->L8,163.37074401495514,True,8.525631906229856,8.44511052828775,-1.1689771449981263,13.92838827718412,10.908258749999987
PUFF_BOTH,111,R8->R7,R6->R5,236.799493242701,True,9.722034684781693,-9.680065627563577,-0.9023789991796551,23.021728866442675,11.011906900000014
PUFF_BOTH,112,R8->R7,R5->R4,66.18912297349165,True,1.5108222545878027,0.6847751654873315,1.3467244921250854,1.0,11.115794899999997
PUFF_BOTH,113,R8->R7,R4->R3,26.90724809414742,False,8.310281191431669,8.011049723756905,-2.209944751381215,2.23606797749979,11.213736249999982
PUFF_BOTH,114,R8->R7,R3->R2,13.0,False,7.6923076923076925,-7.100591715976331,2.9585798816568047,1.0,11.310701499999993
PUFF_BOTH,115,R8->R7,R2->R1,18.027756377319946,False,11.09400392450458,9.23076923076923,-6.153846153846152,2.0,11.408263000000005
PUFF_BOTH,116,R8->R7,R1->L1,61.71709649683789,True,0.0,-0.0,0.0,0.0,11.507341550000007
PUFF_BOTH,117,R7->R6,L1->L2,26.627053911388696,False,11.876183038093588,11.42454160789845,-3.244005641748942,3.1622776601683795,11.605325749999992
PUFF_BOTH,118,R7->R6,L2->L3,16.278820596099706,False,6.142951168339512,1.1320754716981134,6.037735849056604,1.0,11.71030085000001
PUFF_BOTH,119,R7->R6,L3->L4,28.178005607210743,False,7.935508313361897,7.934508816120907,-0.12594458438287165,2.23606797749979,11.815239049999974
PUFF_BOTH,120,R7->R6,L4->L5,46.238512086787566,False,9.671885519598003,9.635173058933583,0.8419083255378861,4.47213595499958,11.912173149999973
PUFF_BOTH,121,R7->R6,L5->L6,9.219544457292887,False,44.72135954999579,40.0,20.0,4.123105625617661,12.00924864999999
PUFF_BOTH,122,R7->R6,L6->L7,60.83584469702052,True,31.188300344154708,30.964604161037556,-3.7287219670359355,18.973665961010276,12.109784200000007
PUFF_BOTH,123,R7->R6,L7->L8,82.0792300158816,True,28.520491501820544,28.499332046905153,-1.098411755974469,23.40939982143925,12.21130015
PUFF_BOTH,124,R7->R6,L8->R8,392.77092560422545,True,9.38923311913666,9.248779728915077,-1.6179530560255138,36.87817782917155,12.311432450000012
PUFF_BOTH,125,R7->R6,R5->R4,108.07867504739313,True,6.542518964786319,-6.343634962760038,1.6008903347316152,7.0710678118654755,12.410252900000017
PUFF_BOTH,126,R7->R6,R4->R3,10.63014581273465,False,18.814417367671947,-12.389380530973451,14.15929203539823,2.0,12.50774149999998
PUFF_BOTH,127,R7->R6,R3->R2,23.40939982143925,False,6.04122093330177,-5.474452554744526,-2.5547445255474455,1.4142135623730951,12.607315400000005
PUFF_BOTH,128,R7->R6,R2->R1,11.40175425099138,False,35.08232077228117,33.84615384615385,9.230769230769232,4.0,12.70624325
PUFF_BOTH,129,R7->R6,R1->L1,71.58910531638176,True,4.190581774617469,-3.68780487804878,1.9902439024390242,3.0,12.804227800000007
PUFF_BOTH,130,R6->R5,L1->L2,3.605551275463989,False,27.735009811261456,-15.384615384615385,-23.076923076923077,1.0,12.90275835
PUFF_BOTH,131,R6->R5,L2->L3,21.587033144922902,False,0.0,-0.0,0.0,0.0,13.000239499999992
PUFF_BOTH,132,R6->R5,L3->L4,4.123105625617661,False,24.253562503633297,-23.52941176470588,5.88235294117647,1.0,13.097155000000015
PUFF_BOTH,133,R6->R5,L4->L5,18.439088914585774,False,7.669649888473705,6.470588235294119,4.117647058823529,1.4142135623730951,13.194734699999998
PUFF_BOTH,134,R6->R5,L5->L6,30.14962686336267,False,7.4165693248330795,6.93069306930693,2.6402640264026402,2.23606797749979,13.29225864999998
PUFF_BOTH,135,R6->R5,L6->L7,24.351591323771842,False,22.114221348144696,22.091062394603707,1.0118043844856661,5.385164807134504,13.389782849999989
PUFF_BOTH,136,R6->R5,L7->L8,25.0,False,34.17601498127013,34.08,2.559999999999999,8.54400374531753,13.487259850000015
PUFF_BOTH,137,R6->R5,L8->R8,86.97700845625813,True,14.946478650778003,14.92399206873761,0.8195637805684075,13.0,13.584222699999998
PUFF_BOTH,138,R6->R5,R8->R7,205.30221625691235,True,6.534955203897863,-6.491257206576669,-0.7544662981328145,13.416407864998739,13.681701800000013
PUFF_BOTH,139,R6->R5,R4->R3,365.8742953529258,True,1.1269186379000673,-1.1190461961393654,0.13297077631028506,4.123105625617661,13.781323200000003
PUFF_BOTH,140,R6->R5,R3->R2,203.42320418280704,True,0.9831720073599334,-0.9231289722336337,0.3383195186196563,2.0,13.879772250000002
PUFF_BOTH,141,R6->R5,R2->R1,135.4400236266961,True,2.3348177115535247,2.3331879633667683,0.08722197993894458,3.1622776601683795,13.9772538
PUFF_BOTH,142,R6->R5,R1->L1,91.7877987534291,True,2.43612768567048,-2.4332344213649852,-0.11869436201780417,2.23606797749979,14.075332599999996
PUFF_BOTH,143,R5->R4,L1->L2,61.465437442517235,True,1.6269305834440775,1.508734780307041,-0.6087877183695077,1.0,14.173830949999996
PUFF_BOTH,144,R5->R4,L2->L3,11.0,False,0.0,-0.0,0.0,0.0,14.27375459999999
PUFF_BOTH,145,R5->R4,L3->L4,61.68468205316454,True,3.242296034331908,-3.0486202365308808,1.1038107752956638,2.0,14.37223345000001
PUFF_BOTH,146,R5->R4,L4->L5,69.92138442565336,True,1.430177631942184,-1.370423399468194,0.40908161178155045,1.0,14.472110749999985
PUFF_BOTH,147,R5->R4,L5->L6,7.810249675906654,False,12.8036879932896,-9.836065573770494,8.196721311475411,1.0,14.57257494999999
PUFF_BOTH,148,R5->R4,L6->L7,27.202941017470888,False,3.6760731104690385,1.0810810810810811,3.5135135135135136,1.0,14.66976194999998
PUFF_BOTH,149,R5->R4,L7->L8,21.0,False,0.0,-0.0,0.0,0.0,14.767233849999997
PUFF_BOTH,150,R5->R4,L8->R8,48.27007354458868,False,19.09991798288123,-19.098712446351936,0.21459227467811168,9.219544457292887,14.86574164999999
PUFF_BOTH,151,R5->R4,R8->R7,59.43904440685432,True,6.936695680023747,6.934616473252193,0.16982734220209447,4.123105625617661,14.96376219999999
PUFF_BOTH,152,R5->R4,R7->R6,92.19544457292888,True,5.530663187549721,-5.529411764705882,0.11764705882352934,5.0990195135927845,15.061197550000003
PUFF_BOTH,153,R5->R4,R3->R2,267.21714016881475,True,1.9081932807047757,-1.8948252923464748,0.22547440655416284,5.0990195135927845,15.160677249999992
PUFF_BOTH,154,R5->R4,R2->R1,41.6293165929973,False,22.146759091509463,-21.696480092325444,4.443162146566647,9.219544457292887,15.260242299999987
PUFF_BOTH,155,R5->R4,R1->L1,21.2602916254693,False,9.407208683835973,-6.1946902654867255,7.079646017699115,2.0,15.358824899999973
PUFF_BOTH,156,R4->R3,L1->L2,34.0147027033899,False,0.0,-0.0,0.0,0.0,15.458585800000009
PUFF_BOTH,157,R4->R3,L2->L3,5.830951894845301,False,17.149858514250884,14.705882352941178,8.823529411764707,1.0,15.559044400000005
PUFF_BOTH,158,R4->R3,L3->L4,39.20459156782532,False,5.1014432749284735,-5.074821080026025,0.520494469746259,2.0,15.658659749999998
PUFF_BOTH,159,R4->R3,L4->L5,18.027756377319946,False,11.094003924504582,-11.076923076923077,0.6153846153846153,2.0,15.758697500000011
PUFF_BOTH,160,R4->R3,L5->L6,5.385164807134504,False,18.56953381770519,-6.896551724137932,-17.24137931034483,1.0,15.859168850000003
PUFF_BOTH,161,R4->R3,L6->L7,6.082762530298219,False,0.0,0.0,-0.0,0.0,15.960438400000015
PUFF_BOTH,162,R4->R3,L7->L8,12.206555615733702,False,25.90638800754199,-24.832214765100673,7.3825503355704685,3.1622776601683795,16.05997105
PUFF_BOTH,163,R4->R3,L8->R8,20.248456731316587,False,11.043152607484654,-10.97560975609756,-1.2195121951219514,2.23606797749979,16.157317249999977
PUFF_BOTH,164,R4->R3,R8->R7,18.788294228055936,False,5.322462954123494,4.815864022662889,-2.2662889518413594,1.0,16.255785549999985
PUFF_BOTH,165,R4->R3,R7->R6,16.64331697709324,False,12.016835362522196,-10.108303249097474,6.498194945848376,2.0,16.353788700000024
PUFF_BOTH,166,R4->R3,R6->R5,306.33968074671617,True,0.9793050618474795,-0.9590384041600956,0.19820127019308642,3.0,16.451227999999986
PUFF_BOTH,167,R4->R3,R2->R1,445.66018444550326,True,0.2243862105932156,-0.2225433380493724,0.028699027757498254,1.0,16.54876299999998
PUFF_BOTH,168,R4->R3,R1->L1,111.23398761170077,True,2.697017399459325,-2.497373312858644,1.0183463994180877,3.0,16.646765499999987
PUFF_BOTH,169,R3->R2,L1->L2,29.966648127543394,False,0.0,0.0,-0.0,0.0,16.744261799999975
PUFF_BOTH,170,R3->R2,L2->L3,18.027756377319946,False,7.84464540552736,5.846153846153846,5.23076923076923,1.4142135623730951,16.842279750000017
PUFF_BOTH,171,R3->R2,L3->L4,11.045361017187261,False,20.244408254472894,-18.85245901639344,-7.377049180327868,2.23606797749979,16.94172180000001
PUFF_BOTH,172,R3->R2,L4->L5,6.324555320336759,False,15.811388300841896,15.0,5.0,1.0,17.040206799999993
PUFF_BOTH,173,R3->R2,L5->L6,7.810249675906654,False,12.8036879932896,8.196721311475411,9.836065573770494,1.0,17.138269500000007
PUFF_BOTH,174,R3->R2,L6->L7,11.180339887498949,False,12.64911064067352,-7.200000000000001,10.4,1.4142135623730951,17.237947300000002
PUFF_BOTH,175,R3->R2,L7->L8,7.0710678118654755,False,14.142135623730953,10.0,10.0,1.0,17.336864299999974
PUFF_BOTH,176,R3->R2,L8->R8,11.045361017187261,False,37.328844382739995,-35.245901639344254,-12.295081967213115,4.123105625617661,17.4337697
PUFF_BOTH,177,R3->R2,R8->R7,14.317821063276353,False,15.617376188860607,12.195121951219514,9.75609756097561,2.23606797749979,17.531331249999994
PUFF_BOTH,178,R3->R2,R7->R6,17.46424919657298,False,0.0,-0.0,-0.0,0.0,17.631274399999995
PUFF_BOTH,179,R3->R2,R6->R5,187.0721785835617,True,1.1952969139668086,-1.0058292376271574,0.6457880900674363,2.23606797749979,17.731295899999992
PUFF_BOTH,180,R3->R2,R5->R4,265.02264054227516,True,2.2639575199021187,-2.229594088585788,0.39295527998063695,6.0,17.82974705000001
PUFF_BOTH,181,R3->R2,R1->L1,65.29931086925804,True,4.594229188737666,-4.080675422138837,2.110694183864916,3.0,17.928750449999995
PUFF_BOTH,182,R2->R1,L1->L2,255.07057846799972,True,1.2397657460776519,1.166597500806935,-0.4196062157052612,3.1622776601683795,18.02673710000002
PUFF_BOTH,183,R2->R1,L2->L3,9.219544457292887,False,0.0,-0.0,-0.0,0.0,18.1242704
PUFF_BOTH,184,R2->R1,L3->L4,11.180339887498949,False,0.0,-0.0,-0.0,0.0,18.222762749999987
PUFF_BOTH,185,R2->R1,L4->L5,12.041594578792296,False,0.0,0.0,-0.0,0.0,18.321723849999984
PUFF_BOTH,186,R2->R1,L5->L6,11.661903789690601,False,12.12678125181665,-11.764705882352942,-2.9411764705882355,1.4142135623730951,18.420822299999998
PUFF_BOTH,187,R2->R1,L6->L7,3.1622776601683795,False,0.0,-0.0,0.0,0.0,18.518845949999985
PUFF_BOTH,188,R2->R1,L7->L8,9.486832980505138,False,21.0818510677892,-6.666666666666667,20.0,2.0,18.61731019999999
PUFF_BOTH,189,R2->R1,L8->R8,5.830951894845301,False,54.23261445466404,-41.17647058823529,-35.294117647058826,3.1622776601683795,18.715249400000005
PUFF_BOTH,190,R2->R1,R8->R7,13.601470508735444,False,7.352146220938077,5.945945945945946,4.324324324324324,1.0,18.81374785
PUFF_BOTH,191,R2->R1,R7->R6,20.808652046684813,False,10.745856927604471,10.623556581986142,1.6166281755196306,2.23606797749979,18.912281699999994
PUFF_BOTH,192,R2->R1,R6->R5,103.07764064044152,True,1.3719886811400708,0.9317647058823529,1.0070588235294118,1.4142135623730951,19.01077705
PUFF_BOTH,193,R2->R1,R5->R4,11.180339887498949,False,35.77708763999664,-16.0,32.0,4.0,19.10976654999999
PUFF_BOTH,194,R2->R1,R4->R3,326.15333817086713,True,0.9695677738278143,0.9099796946679702,0.33466195382417085,3.1622776601683795,19.207819849999993
PUFF_BOTH,195,R1->L1,L2->L3,24.041630560342615,False,0.0,0.0,-0.0,0.0,19.30586415000002
PUFF_BOTH,196,R1->L1,L3->L4,26.076809620810597,False,3.8348249442368525,3.823529411764706,-0.2941176470588236,1.0,19.404823050000005
PUFF_BOTH,197,R1->L1,L4->L5,23.345235059857504,False,8.567058737562387,8.440366972477065,-1.4678899082568808,2.0,19.5028078
PUFF_BOTH,198,R1->L1,L5->L6,10.198039027185569,False,0.0,-0.0,-0.0,0.0,19.59980490000001
PUFF_BOTH,199,R1->L1,L6->L7,7.0,False,20.203050891044214,14.285714285714285,14.285714285714285,1.4142135623730951,19.703687050000013
PUFF_BOTH,200,R1->L1,L7->L8,8.246211251235321,False,24.253562503633297,23.52941176470588,5.88235294117647,2.0,19.807756549999993
PUFF_BOTH,201,R1->L1,L8->R8,15.0,False,13.333333333333334,-13.333333333333334,0.0,2.0,19.90866785
PUFF_BOTH,202,R1->L1,R8->R7,10.04987562112089,False,19.900743804199784,19.801980198019802,1.9801980198019806,2.0,20.01177095
PUFF_BOTH,203,R1->L1,R7->R6,5.0,False,20.0,-12.0,-16.0,1.0,20.112247300000007
PUFF_BOTH,204,R1->L1,R6->R5,24.020824298928627,False,0.0,-0.0,0.0,0.0,20.212356150000005
PUFF_BOTH,205,R1->L1,R5->R4,37.48332962798263,False,2.6678526425610407,2.633451957295373,-0.4270462633451957,1.0,20.311824099999995
PUFF_BOTH,206,R1->L1,R4->R3,37.0,False,2.7027027027027026,-0.0,-2.7027027027027026,1.0,20.410676849999987
PUFF_BOTH,207,R1->L1,R3->R2,4.123105625617661,False,0.0,0.0,-0.0,0.0,20.50868785
