session,label,task,trial_id,repetition,pattern_id,drive_pair,sense_pair,rest_abs_counts,strong,dz_abs_pct,dz_re_pct,dz_im_pct,dv_abs_counts,t_after_frame_start_s
session-1-20261005-10000Hz-600mV,10 kHz,SMILE_LEFT,T002,1,0,L1->L2,L3->L4,285.2367437761131,True,2.552304374570617,2.551622418879056,0.058997050147492645,7.280109889280517,0.04895750000000021
session-1-20261005-10000Hz-600mV,10 kHz,SMILE_LEFT,T002,1,1,L1->L2,L4->L5,97.52948272189288,True,4.1013239159753105,3.9529015979814974,-1.0933557611438185,4.000000000000001,0.14700274999999863
session-1-20261005-10000Hz-600mV,10 kHz,SMILE_LEFT,T002,1,2,L1->L2,L5->L6,80.41144197189851,True,0.0,0.0,0.0,0.0,0.24544244999999876
session-1-20261005-10000Hz-600mV,10 kHz,SMILE_LEFT,T002,1,3,L1->L2,L6->L7,54.708317466359716,True,3.6557512506755576,-3.4747744737721353,1.135983962579352,1.9999999999999998,0.34593225000000416
session-1-20261005-10000Hz-600mV,10 kHz,SMILE_LEFT,T002,1,4,L1->L2,L7->L8,15.132745950421555,False,9.345386270319954,-5.676855895196507,-7.4235807860262,1.4142135623730947,0.4454306000000017
session-1-20261005-10000Hz-600mV,10 kHz,SMILE_LEFT,T002,1,5,L1->L2,L8->R8,3.6055512754639896,False,62.01736729460422,30.769230769230777,53.84615384615385,2.2360679774997894,0.5436311500000031
session-1-20261005-10000Hz-600mV,10 kHz,SMILE_LEFT,T002,1,6,L1->L2,R8->R7,3.1622776601683795,False,31.622776601683793,-10.0,30.0,1.0,0.6420731000000046
session-1-20261005-10000Hz-600mV,10 kHz,SMILE_LEFT,T002,1,7,L1->L2,R7->R6,26.92582403567252,False,3.7139067635410377,1.9310344827586208,3.1724137931034484,1.0,0.7398505000000029
session-1-20261005-10000Hz-600mV,10 kHz,SMILE_LEFT,T002,1,8,L1->L2,R6->R5,7.280109889280519,False,13.736056394868903,-13.20754716981132,-3.7735849056603774,1.0000000000000002,0.8374286000000026
session-1-20261005-10000Hz-600mV,10 kHz,SMILE_LEFT,T002,1,9,L1->L2,R5->R4,65.55150646628955,True,1.5255179536022703,-1.4195950663253434,0.5585292064230859,1.0000000000000002,0.9349366499999974
session-1-20261005-10000Hz-600mV,10 kHz,SMILE_LEFT,T002,1,10,L1->L2,R4->R3,42.04759208325727,False,3.3633639699815623,-2.48868778280543,-2.2624434389140267,1.4142135623730947,1.0329357500000071
session-1-20261005-10000Hz-600mV,10 kHz,SMILE_LEFT,T002,1,11,L1->L2,R3->R2,29.5296461204668,False,0.0,0.0,0.0,0.0,1.1319528000000005
session-1-20261005-10000Hz-600mV,10 kHz,SMILE_LEFT,T002,1,12,L1->L2,R2->R1,368.4698088039236,True,0.27139265581787114,-0.26441776533844,0.06113279811445827,1.0000000000000002,1.2298773500000024
session-1-20261005-10000Hz-600mV,10 kHz,SMILE_LEFT,T002,1,13,L2->L3,L4->L5,253.298243183801,True,2.0130496956873007,-2.0074812967581046,0.1496259351620947,5.0990195135927845,1.326856400000004
session-1-20261005-10000Hz-600mV,10 kHz,SMILE_LEFT,T002,1,14,L2->L3,L5->L6,165.65627063289816,True,3.671918066885555,-3.6622695138838273,0.2660155965308651,6.082762530298218,1.4248730500000022
session-1-20261005-10000Hz-600mV,10 kHz,SMILE_LEFT,T002,1,15,L2->L3,L6->L7,46.17358552246078,False,11.043152607484656,-10.975609756097562,1.219512195121951,5.099019513592785,1.5229255500000036
session-1-20261005-10000Hz-600mV,10 kHz,SMILE_LEFT,T002,1,16,L2->L3,L7->L8,18.027756377319946,False,5.54700196225229,5.538461538461538,-0.30769230769230765,0.9999999999999998,1.6243723500000016
session-1-20261005-10000Hz-600mV,10 kHz,SMILE_LEFT,T002,1,17,L2->L3,L8->R8,15.132745950421555,False,20.896918976428644,20.52401746724891,3.9301310043668125,3.162277660168379,1.726418350000003
session-1-20261005-10000Hz-600mV,10 kHz,SMILE_LEFT,T002,1,18,L2->L3,R8->R7,9.055385138137417,False,11.043152607484656,-10.975609756097562,-1.2195121951219512,1.0,1.825480600000006
session-1-20261005-10000Hz-600mV,10 kHz,SMILE_LEFT,T002,1,19,L2->L3,R7->R6,6.324555320336759,False,0.0,0.0,0.0,0.0,1.9244087499999978
session-1-20261005-10000Hz-600mV,10 kHz,SMILE_LEFT,T002,1,20,L2->L3,R6->R5,16.1245154965971,False,0.0,0.0,0.0,0.0,2.0228739000000076
session-1-20261005-10000Hz-600mV,10 kHz,SMILE_LEFT,T002,1,21,L2->L3,R5->R4,8.06225774829855,False,0.0,0.0,0.0,0.0,2.1213306000000074
session-1-20261005-10000Hz-600mV,10 kHz,SMILE_LEFT,T002,1,22,L2->L3,R4->R3,9.848857801796104,False,10.153461651336189,-4.123711340206185,-9.278350515463917,0.9999999999999998,2.2188720000000046
session-1-20261005-10000Hz-600mV,10 kHz,SMILE_LEFT,T002,1,23,L2->L3,R3->R2,8.0,False,0.0,0.0,0.0,0.0,2.3159160000000014
session-1-20261005-10000Hz-600mV,10 kHz,SMILE_LEFT,T002,1,24,L2->L3,R2->R1,49.24428900898052,False,0.0,0.0,0.0,0.0,2.4145313
session-1-20261005-10000Hz-600mV,10 kHz,SMILE_LEFT,T002,1,25,L2->L3,R1->L1,12.206555615733702,False,8.192319205190405,-6.7114093959731544,4.697986577181208,0.9999999999999999,2.5130265499999993
session-1-20261005-10000Hz-600mV,10 kHz,SMILE_LEFT,T002,1,26,L3->L4,L1->L2,290.5942188000305,True,1.8531562084654722,1.8319616318313692,0.2794718455799633,5.385164807134504,2.6130060500000027
session-1-20261005-10000Hz-600mV,10 kHz,SMILE_LEFT,T002,1,27,L3->L4,L5->L6,256.51705596314645,True,2.4655496284993235,-2.4650081305755234,-0.05167094725004179,6.324555320336759,2.7169587500000034
session-1-20261005-10000Hz-600mV,10 kHz,SMILE_LEFT,T002,1,28,L3->L4,L6->L7,20.09975124224178,False,31.465838776377637,-30.6930693069307,-6.93069306930693,6.32455532033676,2.8179216000000054
session-1-20261005-10000Hz-600mV,10 kHz,SMILE_LEFT,T002,1,29,L3->L4,L7->L8,20.591260281974,False,15.357377920848778,15.09433962264151,-2.8301886792452833,3.162277660168379,2.915463850000002
session-1-20261005-10000Hz-600mV,10 kHz,SMILE_LEFT,T002,1,30,L3->L4,L8->R8,19.697715603592208,False,20.306923302672377,18.556701030927833,-8.24742268041237,3.999999999999999,3.0143949500000033
session-1-20261005-10000Hz-600mV,10 kHz,SMILE_LEFT,T002,1,31,L3->L4,R8->R7,8.485281374238571,False,11.785113019775793,-8.333333333333332,-8.333333333333332,1.0,3.1128275500000058
session-1-20261005-10000Hz-600mV,10 kHz,SMILE_LEFT,T002,1,32,L3->L4,R7->R6,26.076809620810597,False,3.8348249442368516,3.2352941176470584,-2.0588235294117645,1.0,3.2107886000000008
session-1-20261005-10000Hz-600mV,10 kHz,SMILE_LEFT,T002,1,33,L3->L4,R6->R5,11.0,False,0.0,0.0,0.0,0.0,3.3103920000000002
session-1-20261005-10000Hz-600mV,10 kHz,SMILE_LEFT,T002,1,34,L3->L4,R5->R4,62.76941930590086,True,3.5623524993954825,-3.5532994923857872,-0.2538071065989848,2.23606797749979,3.4124617000000086
session-1-20261005-10000Hz-600mV,10 kHz,SMILE_LEFT,T002,1,35,L3->L4,R4->R3,50.08991914547277,True,3.9928193818631144,-3.9856516540454363,0.23913909924272617,1.9999999999999996,3.5169038000000015
session-1-20261005-10000Hz-600mV,10 kHz,SMILE_LEFT,T002,1,36,L3->L4,R3->R2,13.601470508735444,False,7.352146220938079,7.027027027027027,-2.1621621621621623,1.0000000000000002,3.6187988500000046
session-1-20261005-10000Hz-600mV,10 kHz,SMILE_LEFT,T002,1,37,L3->L4,R2->R1,23.430749027719962,False,0.0,0.0,0.0,0.0,3.7173659999999984
session-1-20261005-10000Hz-600mV,10 kHz,SMILE_LEFT,T002,1,38,L3->L4,R1->L1,117.00427342623004,True,0.0,0.0,0.0,0.0,3.8149350999999996
session-1-20261005-10000Hz-600mV,10 kHz,SMILE_LEFT,T002,1,39,L4->L5,L1->L2,86.02325267042627,True,1.162476387438193,1.1081081081081081,-0.35135135135135137,1.0000000000000002,3.9124438000000055
session-1-20261005-10000Hz-600mV,10 kHz,SMILE_LEFT,T002,1,40,L4->L5,L2->L3,267.67517628648346,True,3.0806783675785034,-3.0621074668527566,0.33775296580600145,8.24621125123532,4.009874350000004
session-1-20261005-10000Hz-600mV,10 kHz,SMILE_LEFT,T002,1,41,L4->L5,L6->L7,205.1974658712919,True,7.873145193487375,-7.8729872227236015,-0.049874127202773774,16.155494421403514,4.107656950000006
session-1-20261005-10000Hz-600mV,10 kHz,SMILE_LEFT,T002,1,42,L4->L5,L7->L8,69.26037828369117,True,14.220046216691292,14.133833646028767,1.5634771732332706,9.848857801796104,4.2062466
session-1-20261005-10000Hz-600mV,10 kHz,SMILE_LEFT,T002,1,43,L4->L5,L8->R8,49.64876634922564,False,21.0283301612657,21.01419878296146,-0.7707910750507098,10.44030650891055,4.306358500000002
session-1-20261005-10000Hz-600mV,10 kHz,SMILE_LEFT,T002,1,44,L4->L5,R8->R7,19.4164878389476,False,0.0,0.0,0.0,0.0,4.407323750000003
session-1-20261005-10000Hz-600mV,10 kHz,SMILE_LEFT,T002,1,45,L4->L5,R7->R6,20.39607805437114,False,0.0,0.0,0.0,0.0,4.507217950000005
session-1-20261005-10000Hz-600mV,10 kHz,SMILE_LEFT,T002,1,46,L4->L5,R6->R5,6.0,False,0.0,0.0,0.0,0.0,4.607695100000001
session-1-20261005-10000Hz-600mV,10 kHz,SMILE_LEFT,T002,1,47,L4->L5,R5->R4,44.92215489043241,False,2.2260730867409517,-2.130822596630327,0.6442021803766105,1.0000000000000002,4.707775699999999
session-1-20261005-10000Hz-600mV,10 kHz,SMILE_LEFT,T002,1,48,L4->L5,R4->R3,33.54101966249685,False,5.96284793999944,-5.333333333333334,2.666666666666667,2.0000000000000004,4.810321600000002
session-1-20261005-10000Hz-600mV,10 kHz,SMILE_LEFT,T002,1,49,L4->L5,R3->R2,15.0,False,0.0,0.0,0.0,0.0,4.9129251000000025
session-1-20261005-10000Hz-600mV,10 kHz,SMILE_LEFT,T002,1,50,L4->L5,R2->R1,101.24228365658294,True,0.0,0.0,0.0,0.0,5.013431050000008
session-1-20261005-10000Hz-600mV,10 kHz,SMILE_LEFT,T002,1,51,L4->L5,R1->L1,10.44030650891055,False,13.545709229571926,11.926605504587155,6.422018348623852,1.414213562373095,5.113449600000003
session-1-20261005-10000Hz-600mV,10 kHz,SMILE_LEFT,T002,1,52,L5->L6,L1->L2,99.62429422585639,True,1.0037712264569914,0.947103274559194,-0.3324937027707809,1.0000000000000002,5.217437150000002
session-1-20261005-10000Hz-600mV,10 kHz,SMILE_LEFT,T002,1,53,L5->L6,L2->L3,209.65209276322523,True,3.472471842912847,-3.4558856986849893,0.3389907630704828,7.280109889280519,5.321396100000001
session-1-20261005-10000Hz-600mV,10 kHz,SMILE_LEFT,T002,1,54,L5->L6,L3->L4,327.2308053958246,True,1.858859994229576,-1.809861785580874,0.4239820694807621,6.082762530298219,5.420992350000006
session-1-20261005-10000Hz-600mV,10 kHz,SMILE_LEFT,T002,1,55,L5->L6,L7->L8,217.4626404695758,True,9.905452808824728,9.904842461408334,-0.1099598223725947,21.54065922853802,5.5230052
session-1-20261005-10000Hz-600mV,10 kHz,SMILE_LEFT,T002,1,56,L5->L6,L8->R8,64.62197768561404,True,10.380684981717495,10.344827586206899,0.8620689655172412,6.7082039324993685,5.623904850000002
session-1-20261005-10000Hz-600mV,10 kHz,SMILE_LEFT,T002,1,57,L5->L6,R8->R7,19.924858845171276,False,5.018856132284956,-4.785894206549118,1.5113350125944585,1.0,5.72242765
session-1-20261005-10000Hz-600mV,10 kHz,SMILE_LEFT,T002,1,58,L5->L6,R7->R6,5.0,False,28.284271247461906,4.0,-28.000000000000004,1.4142135623730954,5.82287015
session-1-20261005-10000Hz-600mV,10 kHz,SMILE_LEFT,T002,1,59,L5->L6,R6->R5,33.95585369269929,False,0.0,0.0,0.0,0.0,5.923324050000005
session-1-20261005-10000Hz-600mV,10 kHz,SMILE_LEFT,T002,1,60,L5->L6,R5->R4,6.0827625302982185,False,16.439898730535724,2.702702702702702,-16.216216216216214,0.9999999999999994,6.0219503500000044
session-1-20261005-10000Hz-600mV,10 kHz,SMILE_LEFT,T002,1,61,L5->L6,R4->R3,7.211102550927979,False,13.867504905630728,11.538461538461538,7.6923076923076925,1.0000000000000002,6.120425900000001
session-1-20261005-10000Hz-600mV,10 kHz,SMILE_LEFT,T002,1,62,L5->L6,R3->R2,4.123105625617661,False,0.0,0.0,0.0,0.0,6.218436199999999
session-1-20261005-10000Hz-600mV,10 kHz,SMILE_LEFT,T002,1,63,L5->L6,R2->R1,30.80584360149873,False,0.0,0.0,0.0,0.0,6.316979500000002
session-1-20261005-10000Hz-600mV,10 kHz,SMILE_LEFT,T002,1,64,L5->L6,R1->L1,72.44998274671983,True,1.3802625785239062,-1.2383311106877501,0.6096399314155078,1.0000000000000002,6.415963850000004
session-1-20261005-10000Hz-600mV,10 kHz,SMILE_LEFT,T002,1,65,L6->L7,L1->L2,61.26989472816157,True,3.6495378153016858,-3.6494405966968566,-0.026638252530634,2.2360679774997902,6.518924600000005
session-1-20261005-10000Hz-600mV,10 kHz,SMILE_LEFT,T002,1,66,L6->L7,L2->L3,56.85947590331799,True,10.255022231932038,-10.176306835756263,-1.268171976492422,5.830951894845301,6.621958500000005
session-1-20261005-10000Hz-600mV,10 kHz,SMILE_LEFT,T002,1,67,L6->L7,L3->L4,37.64306044943742,False,20.23154604045412,-20.11291460832745,-2.187720536344389,7.615773105863907,6.723917999999998
session-1-20261005-10000Hz-600mV,10 kHz,SMILE_LEFT,T002,1,68,L6->L7,L4->L5,266.56331330473813,True,7.549655482595022,-7.5489754559783835,-0.10132852961044808,20.12461179749811,6.8254558
session-1-20261005-10000Hz-600mV,10 kHz,SMILE_LEFT,T002,1,69,L6->L7,L8->R8,354.74215988517636,True,0.891429894093206,0.6150569762082612,0.645253571939416,3.1622776601683795,6.9299482500000025
session-1-20261005-10000Hz-600mV,10 kHz,SMILE_LEFT,T002,1,70,L6->L7,R8->R7,65.76473218982952,True,11.069930108232665,-10.820809248554914,2.3352601156069364,7.280109889280516,7.035448950000003
session-1-20261005-10000Hz-600mV,10 kHz,SMILE_LEFT,T002,1,71,L6->L7,R7->R6,50.08991914547277,True,13.392323339586925,-13.391789557592668,-0.11956954962136325,6.708203932499369,7.134357899999998
session-1-20261005-10000Hz-600mV,10 kHz,SMILE_LEFT,T002,1,72,L6->L7,R6->R5,23.40939982143925,False,13.508580673957482,-13.503649635036496,0.36496350364963515,3.16227766016838,7.233370100000002
session-1-20261005-10000Hz-600mV,10 kHz,SMILE_LEFT,T002,1,73,L6->L7,R5->R4,18.38477631085024,False,24.325212770525994,-24.2603550295858,-1.7751479289940832,4.47213595499958,7.334908949999999
session-1-20261005-10000Hz-600mV,10 kHz,SMILE_LEFT,T002,1,74,L6->L7,R4->R3,14.212670403551895,False,9.950371902099892,-9.900990099009901,0.9900990099009898,1.4142135623730951,7.435962150000002
session-1-20261005-10000Hz-600mV,10 kHz,SMILE_LEFT,T002,1,75,L6->L7,R3->R2,4.123105625617661,False,34.29971702850176,-29.411764705882355,-17.64705882352941,1.414213562373095,7.538244950000006
session-1-20261005-10000Hz-600mV,10 kHz,SMILE_LEFT,T002,1,76,L6->L7,R2->R1,46.61544808322667,False,2.145211600700721,-0.8283479061205707,-1.9788311090658077,1.0000000000000004,7.641009100000005
session-1-20261005-10000Hz-600mV,10 kHz,SMILE_LEFT,T002,1,77,L6->L7,R1->L1,49.64876634922564,False,8.304547985373995,-8.275862068965516,0.689655172413793,4.12310562561766,7.741374399999998
session-1-20261005-10000Hz-600mV,10 kHz,SMILE_LEFT,T002,1,78,L7->L8,L1->L2,18.681541692269406,False,11.969397463728034,-11.74785100286533,-2.292263610315186,2.23606797749979,7.841362349999997
session-1-20261005-10000Hz-600mV,10 kHz,SMILE_LEFT,T002,1,79,L7->L8,L2->L3,29.154759474226502,False,7.669649888473705,7.647058823529412,0.5882352941176473,2.23606797749979,7.940938150000001
session-1-20261005-10000Hz-600mV,10 kHz,SMILE_LEFT,T002,1,80,L7->L8,L3->L4,30.413812651491096,False,17.706312815307246,17.62162162162162,-1.7297297297297294,5.385164807134505,8.038865999999999
session-1-20261005-10000Hz-600mV,10 kHz,SMILE_LEFT,T002,1,81,L7->L8,L4->L5,105.54619841567009,True,13.988967183910733,13.985637342908438,0.30520646319569167,14.764823060233399,8.136043749999999
session-1-20261005-10000Hz-600mV,10 kHz,SMILE_LEFT,T002,1,82,L7->L8,L5->L6,243.31050121192877,True,8.824489878832749,8.824324324324325,0.05405405405405425,21.470910553583888,8.234052000000005
session-1-20261005-10000Hz-600mV,10 kHz,SMILE_LEFT,T002,1,83,L7->L8,R8->R7,164.84234892769516,True,3.033201135827755,2.785853604681117,1.1997203106024363,5.0,8.330883749999998
session-1-20261005-10000Hz-600mV,10 kHz,SMILE_LEFT,T002,1,84,L7->L8,R7->R6,83.24061508662703,True,1.6989465549976392,1.6308269591571656,0.4762592004618271,1.4142135623730951,8.4278738
session-1-20261005-10000Hz-600mV,10 kHz,SMILE_LEFT,T002,1,85,L7->L8,R6->R5,31.38470965295043,False,7.124704998790963,5.98984771573604,3.857868020304569,2.2360679774997894,8.525018750000001
session-1-20261005-10000Hz-600mV,10 kHz,SMILE_LEFT,T002,1,86,L7->L8,R5->R4,20.248456731316587,False,11.043152607484654,-10.97560975609756,-1.2195121951219514,2.2360679774997894,8.622410200000004
session-1-20261005-10000Hz-600mV,10 kHz,SMILE_LEFT,T002,1,87,L7->L8,R4->R3,14.212670403551895,False,15.732919388188815,-14.356435643564359,6.435643564356434,2.23606797749979,8.720847849999998
session-1-20261005-10000Hz-600mV,10 kHz,SMILE_LEFT,T002,1,88,L7->L8,R3->R2,3.0,False,47.14045207910317,33.33333333333333,33.33333333333333,1.414213562373095,8.821424350000001
session-1-20261005-10000Hz-600mV,10 kHz,SMILE_LEFT,T002,1,89,L7->L8,R2->R1,43.41658669218482,False,8.304547985373995,-8.275862068965518,-0.6896551724137927,3.605551275463989,8.924931
session-1-20261005-10000Hz-600mV,10 kHz,SMILE_LEFT,T002,1,90,L7->L8,R1->L1,62.64982043070834,True,3.569153051241248,3.56687898089172,-0.12738853503184702,2.2360679774997894,9.025876150000002
session-1-20261005-10000Hz-600mV,10 kHz,SMILE_LEFT,T002,1,91,L8->R8,L1->L2,2.23606797749979,False,63.2455532033676,20.0,60.00000000000001,1.4142135623730954,9.123968350000006
session-1-20261005-10000Hz-600mV,10 kHz,SMILE_LEFT,T002,1,92,L8->R8,L2->L3,25.63201123595259,False,12.337220169960087,12.32876712328767,-0.45662100456621,3.1622776601683786,9.22298945
session-1-20261005-10000Hz-600mV,10 kHz,SMILE_LEFT,T002,1,93,L8->R8,L3->L4,31.304951684997057,False,17.202277969703278,17.142857142857142,-1.4285714285714286,5.385164807134504,9.32251635
session-1-20261005-10000Hz-600mV,10 kHz,SMILE_LEFT,T002,1,94,L8->R8,L4->L5,77.3886296557834,True,17.336407072555136,17.331774920687927,0.4007346802471199,13.416407864998737,9.424029650000008
session-1-20261005-10000Hz-600mV,10 kHz,SMILE_LEFT,T002,1,95,L8->R8,L5->L6,68.4470598345904,True,12.48264536996187,12.443970117395944,-0.9818569903948771,8.54400374531753,9.524978050000001
session-1-20261005-10000Hz-600mV,10 kHz,SMILE_LEFT,T002,1,96,L8->R8,L6->L7,368.95799218881274,True,0.8131006953400707,0.3680305590244619,0.7250422390362153,3.0,9.622449500000002
session-1-20261005-10000Hz-600mV,10 kHz,SMILE_LEFT,T002,1,97,L8->R8,R7->R6,404.7344808636892,True,1.44068572620802,1.4370307063060865,0.10255784140162379,5.830951894845301,9.720081399999998
session-1-20261005-10000Hz-600mV,10 kHz,SMILE_LEFT,T002,1,98,L8->R8,R6->R5,99.76472322419383,True,1.417548725309485,1.3563749623229178,0.4119360996684417,1.4142135623730954,9.81904205
session-1-20261005-10000Hz-600mV,10 kHz,SMILE_LEFT,T002,1,99,L8->R8,R5->R4,52.32590180780451,True,0.0,0.0,0.0,0.0,9.9183606
session-1-20261005-10000Hz-600mV,10 kHz,SMILE_LEFT,T002,1,100,L8->R8,R4->R3,25.495097567963924,False,3.922322702763681,2.6153846153846154,2.923076923076923,1.0,10.016887750000002
session-1-20261005-10000Hz-600mV,10 kHz,SMILE_LEFT,T002,1,101,L8->R8,R3->R2,11.180339887498949,False,0.0,0.0,0.0,0.0,10.11450585
session-1-20261005-10000Hz-600mV,10 kHz,SMILE_LEFT,T002,1,102,L8->R8,R2->R1,30.463092423455635,False,3.2826608214930637,-3.0172413793103448,1.2931034482758619,1.0,10.219513599999999
session-1-20261005-10000Hz-600mV,10 kHz,SMILE_LEFT,T002,1,103,L8->R8,R1->L1,78.7210264160726,True,4.5801629369098755,4.534452154268194,0.6454736162659352,3.60555127546399,10.327933950000002
session-1-20261005-10000Hz-600mV,10 kHz,SMILE_LEFT,T002,1,104,R8->R7,L1->L2,6.4031242374328485,False,15.61737618886061,-9.756097560975611,-12.195121951219514,1.0000000000000002,10.4288454
session-1-20261005-10000Hz-600mV,10 kHz,SMILE_LEFT,T002,1,105,R8->R7,L2->L3,13.601470508735444,False,7.352146220938079,-7.027027027027027,2.1621621621621623,1.0000000000000002,10.527011250000001
session-1-20261005-10000Hz-600mV,10 kHz,SMILE_LEFT,T002,1,106,R8->R7,L3->L4,16.55294535724685,False,0.0,0.0,0.0,0.0,10.626580750000002
session-1-20261005-10000Hz-600mV,10 kHz,SMILE_LEFT,T002,1,107,R8->R7,L4->L5,36.76955262170048,False,0.0,0.0,0.0,0.0,10.726449299999999
session-1-20261005-10000Hz-600mV,10 kHz,SMILE_LEFT,T002,1,108,R8->R7,L5->L6,20.248456731316587,False,0.0,0.0,0.0,0.0,10.826388900000005
session-1-20261005-10000Hz-600mV,10 kHz,SMILE_LEFT,T002,1,109,R8->R7,L6->L7,72.71863585079137,True,10.011340014983643,-9.64447806354009,2.6853252647503782,7.280109889280519,10.926897600000004
session-1-20261005-10000Hz-600mV,10 kHz,SMILE_LEFT,T002,1,110,R8->R7,L7->L8,163.37074401495514,True,3.4625870645325247,3.3270887973023604,0.9591607343574374,5.656854249492381,11.027502749999996
session-1-20261005-10000Hz-600mV,10 kHz,SMILE_LEFT,T002,1,111,R8->R7,R6->R5,236.79949324270103,True,3.98395326057033,-3.978671041837572,-0.20508613617719434,9.433981132056605,11.128450049999998
session-1-20261005-10000Hz-600mV,10 kHz,SMILE_LEFT,T002,1,112,R8->R7,R5->R4,66.18912297349165,True,3.378301263177821,-3.3782241497375027,0.02282583884957766,2.2360679774997894,11.230891350000007
session-1-20261005-10000Hz-600mV,10 kHz,SMILE_LEFT,T002,1,113,R8->R7,R4->R3,26.907248094147423,False,3.7164707312358316,-2.7624309392265194,2.4861878453038675,1.0000000000000002,11.331375300000005
session-1-20261005-10000Hz-600mV,10 kHz,SMILE_LEFT,T002,1,114,R8->R7,R3->R2,13.0,False,7.692307692307692,-7.100591715976331,2.9585798816568047,0.9999999999999999,11.428418450000002
session-1-20261005-10000Hz-600mV,10 kHz,SMILE_LEFT,T002,1,115,R8->R7,R2->R1,18.027756377319946,False,7.84464540552736,7.692307692307692,1.5384615384615385,1.414213562373095,11.526430250000004
session-1-20261005-10000Hz-600mV,10 kHz,SMILE_LEFT,T002,1,116,R8->R7,R1->L1,61.7170964968379,True,1.6202965738208952,-1.4439485429246521,0.7351010763980047,1.0000000000000002,11.627978249999998
session-1-20261005-10000Hz-600mV,10 kHz,SMILE_LEFT,T002,1,117,R7->R6,L1->L2,26.627053911388693,False,3.7555788309433984,-2.1156558533145273,-3.1029619181946404,0.9999999999999999,11.728867750000006
session-1-20261005-10000Hz-600mV,10 kHz,SMILE_LEFT,T002,1,118,R7->R6,L2->L3,16.278820596099706,False,0.0,0.0,0.0,0.0,11.826932600000006
session-1-20261005-10000Hz-600mV,10 kHz,SMILE_LEFT,T002,1,119,R7->R6,L3->L4,28.178005607210743,False,0.0,0.0,0.0,0.0,11.926466900000008
session-1-20261005-10000Hz-600mV,10 kHz,SMILE_LEFT,T002,1,120,R7->R6,L4->L5,46.238512086787566,False,3.058518751033081,2.8063610851262863,1.216089803554724,1.4142135623730951,12.025002299999997
session-1-20261005-10000Hz-600mV,10 kHz,SMILE_LEFT,T002,1,121,R7->R6,L5->L6,9.219544457292889,False,15.339299776947406,-8.235294117647058,-12.941176470588237,1.4142135623730951,12.124895600000002
session-1-20261005-10000Hz-600mV,10 kHz,SMILE_LEFT,T002,1,122,R7->R6,L6->L7,60.83584469702052,True,12.51856227819731,-12.510132396649553,0.45933531477978906,7.615773105863909,12.224382300000002
session-1-20261005-10000Hz-600mV,10 kHz,SMILE_LEFT,T002,1,123,R7->R6,L7->L8,82.0792300158816,True,1.7229859028885348,1.5882440255306516,0.6679530948493394,1.4142135623730951,12.320310400000004
session-1-20261005-10000Hz-600mV,10 kHz,SMILE_LEFT,T002,1,124,R7->R6,L8->R8,392.7709256042254,True,2.099496351098195,2.0768916632635204,-0.3072555082356144,8.24621125123532,12.417372650000004
session-1-20261005-10000Hz-600mV,10 kHz,SMILE_LEFT,T002,1,125,R7->R6,R5->R4,108.07867504739312,True,0.9252519052083993,-0.8560910880917729,0.35099734611762684,0.9999999999999997,12.519459500000004
session-1-20261005-10000Hz-600mV,10 kHz,SMILE_LEFT,T002,1,126,R7->R6,R4->R3,10.63014581273465,False,9.407208683835973,-6.1946902654867255,7.079646017699115,1.0,12.621996550000006
session-1-20261005-10000Hz-600mV,10 kHz,SMILE_LEFT,T002,1,127,R7->R6,R3->R2,23.40939982143925,False,0.0,0.0,0.0,0.0,12.719837000000005
session-1-20261005-10000Hz-600mV,10 kHz,SMILE_LEFT,T002,1,128,R7->R6,R2->R1,11.40175425099138,False,12.403473458920846,10.76923076923077,-6.153846153846154,1.414213562373095,12.820306900000006
session-1-20261005-10000Hz-600mV,10 kHz,SMILE_LEFT,T002,1,129,R7->R6,R1->L1,71.58910531638176,True,0.0,0.0,0.0,0.0,12.920356350000006
session-1-20261005-10000Hz-600mV,10 kHz,SMILE_LEFT,T002,1,130,R6->R5,L1->L2,3.6055512754639896,False,27.735009811261456,-15.384615384615385,-23.076923076923077,1.0000000000000002,13.019837700000004
session-1-20261005-10000Hz-600mV,10 kHz,SMILE_LEFT,T002,1,131,R6->R5,L2->L3,21.587033144922902,False,4.632410546120795,-4.506437768240343,1.0729613733905579,1.0,13.118884250000008
session-1-20261005-10000Hz-600mV,10 kHz,SMILE_LEFT,T002,1,132,R6->R5,L3->L4,4.123105625617661,False,0.0,0.0,0.0,0.0,13.21542325
session-1-20261005-10000Hz-600mV,10 kHz,SMILE_LEFT,T002,1,133,R6->R5,L4->L5,18.439088914585778,False,0.0,0.0,0.0,0.0,13.312944049999999
session-1-20261005-10000Hz-600mV,10 kHz,SMILE_LEFT,T002,1,134,R6->R5,L5->L6,30.14962686336267,False,0.0,0.0,0.0,0.0,13.410886750000003
session-1-20261005-10000Hz-600mV,10 kHz,SMILE_LEFT,T002,1,135,R6->R5,L6->L7,24.351591323771842,False,12.98591791445427,-12.984822934232715,0.16863406408094422,3.1622776601683795,13.508886450000006
session-1-20261005-10000Hz-600mV,10 kHz,SMILE_LEFT,T002,1,136,R6->R5,L7->L8,25.0,False,5.65685424949238,4.96,2.7199999999999993,1.414213562373095,13.609450250000002
session-1-20261005-10000Hz-600mV,10 kHz,SMILE_LEFT,T002,1,137,R6->R5,L8->R8,86.97700845625813,True,2.570872483645304,2.5512227362855255,0.3172504957038996,2.2360679774997894,13.712552100000003
session-1-20261005-10000Hz-600mV,10 kHz,SMILE_LEFT,T002,1,138,R6->R5,R8->R7,205.30221625691235,True,4.161671462243585,-4.161427317374078,-0.045078175045671263,8.544003745317532,13.811968
session-1-20261005-10000Hz-600mV,10 kHz,SMILE_LEFT,T002,1,139,R6->R5,R4->R3,365.87429535292586,True,0.3865299039411696,0.3525966652722166,0.15836968863921597,1.4142135623730956,13.910366700000004
session-1-20261005-10000Hz-600mV,10 kHz,SMILE_LEFT,T002,1,140,R6->R5,R3->R2,203.423204182807,True,0.4915860036799666,0.46156448611681683,-0.16915975930982816,0.9999999999999997,14.009337000000002
session-1-20261005-10000Hz-600mV,10 kHz,SMILE_LEFT,T002,1,141,R6->R5,R2->R1,135.4400236266961,True,0.0,0.0,0.0,0.0,14.107378550000007
session-1-20261005-10000Hz-600mV,10 kHz,SMILE_LEFT,T002,1,142,R6->R5,R1->L1,91.78779875342909,True,0.0,0.0,0.0,0.0,14.207946550000003
session-1-20261005-10000Hz-600mV,10 kHz,SMILE_LEFT,T002,1,143,R5->R4,L1->L2,61.465437442517235,True,0.0,0.0,0.0,0.0,14.308309700000002
session-1-20261005-10000Hz-600mV,10 kHz,SMILE_LEFT,T002,1,144,R5->R4,L2->L3,11.0,False,0.0,0.0,0.0,0.0,14.406804899999997
session-1-20261005-10000Hz-600mV,10 kHz,SMILE_LEFT,T002,1,145,R5->R4,L3->L4,61.68468205316454,True,1.621148017165954,-1.5243101182654404,0.5519053876478319,1.0000000000000002,14.504341350000004
session-1-20261005-10000Hz-600mV,10 kHz,SMILE_LEFT,T002,1,146,R5->R4,L4->L5,69.92138442565334,True,1.4301776319421837,-1.370423399468194,0.40908161178155045,0.9999999999999998,14.601309
session-1-20261005-10000Hz-600mV,10 kHz,SMILE_LEFT,T002,1,147,R5->R4,L5->L6,7.810249675906654,False,12.803687993289598,-8.196721311475411,-9.836065573770494,1.0,14.699298499999998
session-1-20261005-10000Hz-600mV,10 kHz,SMILE_LEFT,T002,1,148,R5->R4,L6->L7,27.202941017470888,False,14.704292441876158,-14.054054054054054,4.324324324324325,4.000000000000001,14.797366750000009
session-1-20261005-10000Hz-600mV,10 kHz,SMILE_LEFT,T002,1,149,R5->R4,L7->L8,21.0,False,10.647942749998998,-9.523809523809524,-4.761904761904762,2.23606797749979,14.893944300000001
session-1-20261005-10000Hz-600mV,10 kHz,SMILE_LEFT,T002,1,150,R5->R4,L8->R8,48.27007354458868,False,2.0716769761626046,0.47210300429184554,2.017167381974249,1.0000000000000002,14.993455150000003
session-1-20261005-10000Hz-600mV,10 kHz,SMILE_LEFT,T002,1,151,R5->R4,R8->R7,59.43904440685432,True,3.36479164488278,-3.283328615907161,0.7359184828757429,1.9999999999999996,15.093434450000004
session-1-20261005-10000Hz-600mV,10 kHz,SMILE_LEFT,T002,1,152,R5->R4,R7->R6,92.19544457292888,True,1.0846522890932808,-1.0588235294117647,0.2352941176470588,1.0,15.190893549999998
session-1-20261005-10000Hz-600mV,10 kHz,SMILE_LEFT,T002,1,153,R5->R4,R3->R2,267.21714016881475,True,0.37422749130847244,-0.35571738673762343,0.11623835865835726,0.9999999999999999,15.289380100000002
session-1-20261005-10000Hz-600mV,10 kHz,SMILE_LEFT,T002,1,154,R5->R4,R2->R1,41.62931659299729,False,4.804306588920634,-4.385458742065781,1.9619157530294287,1.9999999999999996,15.387379550000006
session-1-20261005-10000Hz-600mV,10 kHz,SMILE_LEFT,T002,1,155,R5->R4,R1->L1,21.2602916254693,False,0.0,0.0,0.0,0.0,15.484357200000005
session-1-20261005-10000Hz-600mV,10 kHz,SMILE_LEFT,T002,1,156,R4->R3,L1->L2,34.0147027033899,False,2.939905160189274,-2.9386343993085564,0.08643042350907519,1.0000000000000002,15.580847000000006
session-1-20261005-10000Hz-600mV,10 kHz,SMILE_LEFT,T002,1,157,R4->R3,L2->L3,5.8309518948453,False,17.14985851425088,8.823529411764707,-14.705882352941178,0.9999999999999998,15.677892700000001
session-1-20261005-10000Hz-600mV,10 kHz,SMILE_LEFT,T002,1,158,R4->R3,L3->L4,39.20459156782532,False,3.607265133540433,-2.797657774886142,-2.277163305139883,1.4142135623730951,15.774975800000007
session-1-20261005-10000Hz-600mV,10 kHz,SMILE_LEFT,T002,1,159,R4->R3,L4->L5,18.027756377319946,False,11.09400392450458,-11.076923076923077,0.6153846153846153,1.9999999999999996,15.874929050000006
session-1-20261005-10000Hz-600mV,10 kHz,SMILE_LEFT,T002,1,160,R4->R3,L5->L6,5.385164807134504,False,0.0,0.0,0.0,0.0,15.975363900000005
session-1-20261005-10000Hz-600mV,10 kHz,SMILE_LEFT,T002,1,161,R4->R3,L6->L7,6.0827625302982185,False,36.76073110469038,-35.13513513513512,-10.81081081081081,2.236067977499789,16.0733666
session-1-20261005-10000Hz-600mV,10 kHz,SMILE_LEFT,T002,1,162,R4->R3,L7->L8,12.206555615733702,False,16.38463841038081,-13.422818791946309,9.395973154362416,1.9999999999999998,16.17191665
session-1-20261005-10000Hz-600mV,10 kHz,SMILE_LEFT,T002,1,163,R4->R3,L8->R8,20.248456731316587,False,4.9386479832479475,-4.634146341463414,1.7073170731707314,1.0,16.272441999999998
session-1-20261005-10000Hz-600mV,10 kHz,SMILE_LEFT,T002,1,164,R4->R3,R8->R7,18.788294228055936,False,5.322462954123494,-4.815864022662889,2.2662889518413594,0.9999999999999999,16.372427950000002
session-1-20261005-10000Hz-600mV,10 kHz,SMILE_LEFT,T002,1,165,R4->R3,R7->R6,16.643316977093235,False,0.0,0.0,0.0,0.0,16.47040905
session-1-20261005-10000Hz-600mV,10 kHz,SMILE_LEFT,T002,1,166,R4->R3,R6->R5,306.3396807467162,True,0.652870041231653,0.6393589361067303,-0.13213418012872427,2.0000000000000004,16.569305350000008
session-1-20261005-10000Hz-600mV,10 kHz,SMILE_LEFT,T002,1,167,R4->R3,R2->R1,445.6601844455033,True,0.31733002223043094,0.19384431029187416,-0.25124236580687065,1.4142135623730954,16.66743555
session-1-20261005-10000Hz-600mV,10 kHz,SMILE_LEFT,T002,1,168,R4->R3,R1->L1,111.23398761170077,True,0.8990057998197751,-0.8324577709528812,0.3394487998060292,1.0,16.76940235
session-1-20261005-10000Hz-600mV,10 kHz,SMILE_LEFT,T002,1,169,R3->R2,L1->L2,29.966648127543394,False,3.337043221329999,3.0066815144766146,-1.447661469933185,1.0,16.872877000000003
session-1-20261005-10000Hz-600mV,10 kHz,SMILE_LEFT,T002,1,170,R3->R2,L2->L3,18.027756377319946,False,0.0,0.0,0.0,0.0,16.973333800000006
session-1-20261005-10000Hz-600mV,10 kHz,SMILE_LEFT,T002,1,171,R3->R2,L3->L4,11.045361017187261,False,0.0,0.0,0.0,0.0,17.0729745
session-1-20261005-10000Hz-600mV,10 kHz,SMILE_LEFT,T002,1,172,R3->R2,L4->L5,6.324555320336759,False,22.360679774997898,10.0,20.0,1.4142135623730951,17.172044800000002
session-1-20261005-10000Hz-600mV,10 kHz,SMILE_LEFT,T002,1,173,R3->R2,L5->L6,7.810249675906654,False,0.0,0.0,0.0,0.0,17.27128545
session-1-20261005-10000Hz-600mV,10 kHz,SMILE_LEFT,T002,1,174,R3->R2,L6->L7,11.180339887498949,False,17.88854381999832,-17.6,3.2,2.0,17.369705300000007
session-1-20261005-10000Hz-600mV,10 kHz,SMILE_LEFT,T002,1,175,R3->R2,L7->L8,7.0710678118654755,False,0.0,0.0,0.0,0.0,17.46795005
session-1-20261005-10000Hz-600mV,10 kHz,SMILE_LEFT,T002,1,176,R3->R2,L8->R8,11.045361017187261,False,12.803687993289595,9.83606557377049,-8.19672131147541,1.4142135623730947,17.566480300000002
session-1-20261005-10000Hz-600mV,10 kHz,SMILE_LEFT,T002,1,177,R3->R2,R8->R7,14.317821063276352,False,0.0,0.0,0.0,0.0,17.663945650000002
session-1-20261005-10000Hz-600mV,10 kHz,SMILE_LEFT,T002,1,178,R3->R2,R7->R6,17.46424919657298,False,0.0,0.0,0.0,0.0,17.761437550000004
session-1-20261005-10000Hz-600mV,10 kHz,SMILE_LEFT,T002,1,179,R3->R2,R6->R5,187.0721785835617,True,0.7559721456610887,0.5886387015658933,0.4743399245628072,1.4142135623730951,17.862118100000004
session-1-20261005-10000Hz-600mV,10 kHz,SMILE_LEFT,T002,1,180,R3->R2,R5->R4,265.0226405422752,True,0.5336199048803555,-0.43709156142773753,-0.30610646810085856,1.4142135623730954,17.961409250000003
session-1-20261005-10000Hz-600mV,10 kHz,SMILE_LEFT,T002,1,181,R3->R2,R1->L1,65.29931086925804,True,1.531409729579222,-1.3602251407129455,0.7035647279549718,1.0,18.058399750000007
session-1-20261005-10000Hz-600mV,10 kHz,SMILE_LEFT,T002,1,182,R2->R1,L1->L2,255.07057846799972,True,0.3920483522663342,-0.3919398718126066,0.00922211463088486,1.0,18.158493300000004
session-1-20261005-10000Hz-600mV,10 kHz,SMILE_LEFT,T002,1,183,R2->R1,L2->L3,9.219544457292889,False,0.0,0.0,0.0,0.0,18.26056045
session-1-20261005-10000Hz-600mV,10 kHz,SMILE_LEFT,T002,1,184,R2->R1,L3->L4,11.180339887498949,False,8.94427190999916,-8.0,-4.0,1.0,18.3609723
session-1-20261005-10000Hz-600mV,10 kHz,SMILE_LEFT,T002,1,185,R2->R1,L4->L5,12.041594578792294,False,8.304547985373995,-8.275862068965518,0.6896551724137931,0.9999999999999998,18.4593584
session-1-20261005-10000Hz-600mV,10 kHz,SMILE_LEFT,T002,1,186,R2->R1,L5->L6,11.6619037896906,False,8.57492925712544,-4.411764705882353,-7.352941176470589,0.9999999999999998,18.557435050000002
session-1-20261005-10000Hz-600mV,10 kHz,SMILE_LEFT,T002,1,187,R2->R1,L6->L7,3.1622776601683795,False,0.0,0.0,0.0,0.0,18.655954200000004
session-1-20261005-10000Hz-600mV,10 kHz,SMILE_LEFT,T002,1,188,R2->R1,L7->L8,9.486832980505138,False,10.5409255338946,-3.3333333333333335,10.0,1.0000000000000002,18.753955350000005
session-1-20261005-10000Hz-600mV,10 kHz,SMILE_LEFT,T002,1,189,R2->R1,L8->R8,5.8309518948453,False,34.29971702850176,17.647058823529413,29.411764705882355,1.9999999999999996,18.8519467
session-1-20261005-10000Hz-600mV,10 kHz,SMILE_LEFT,T002,1,190,R2->R1,R8->R7,13.601470508735444,False,7.352146220938077,-5.945945945945946,-4.324324324324324,1.0,18.9494191
session-1-20261005-10000Hz-600mV,10 kHz,SMILE_LEFT,T002,1,191,R2->R1,R7->R6,20.808652046684813,False,0.0,0.0,0.0,0.0,19.04639935
session-1-20261005-10000Hz-600mV,10 kHz,SMILE_LEFT,T002,1,192,R2->R1,R6->R5,103.07764064044152,True,1.3719886811400706,-1.0070588235294118,0.9317647058823529,1.414213562373095,19.1439857
session-1-20261005-10000Hz-600mV,10 kHz,SMILE_LEFT,T002,1,193,R2->R1,R5->R4,11.180339887498949,False,8.94427190999916,-4.0,8.0,1.0,19.241964050000007
session-1-20261005-10000Hz-600mV,10 kHz,SMILE_LEFT,T002,1,194,R2->R1,R4->R3,326.1533381708671,True,0.613208502238977,0.6129202075656163,0.018801233360908477,1.9999999999999998,19.339073350000007
session-1-20261005-10000Hz-600mV,10 kHz,SMILE_LEFT,T002,1,195,R1->L1,L2->L3,24.041630560342615,False,0.0,0.0,0.0,0.0,19.43852355
session-1-20261005-10000Hz-600mV,10 kHz,SMILE_LEFT,T002,1,196,R1->L1,L3->L4,26.076809620810597,False,0.0,0.0,0.0,0.0,19.538400950000003
session-1-20261005-10000Hz-600mV,10 kHz,SMILE_LEFT,T002,1,197,R1->L1,L4->L5,23.345235059857504,False,4.283529368781194,4.220183486238533,-0.7339449541284404,1.0,19.636432299999996
session-1-20261005-10000Hz-600mV,10 kHz,SMILE_LEFT,T002,1,198,R1->L1,L5->L6,10.19803902718557,False,0.0,0.0,0.0,0.0,19.736165300000003
session-1-20261005-10000Hz-600mV,10 kHz,SMILE_LEFT,T002,1,199,R1->L1,L6->L7,7.0,False,28.57142857142857,-28.57142857142857,0.0,2.0,19.835674350000005
session-1-20261005-10000Hz-600mV,10 kHz,SMILE_LEFT,T002,1,200,R1->L1,L7->L8,8.246211251235321,False,17.14985851425088,8.823529411764705,14.705882352941178,1.414213562373095,19.934871700000002
session-1-20261005-10000Hz-600mV,10 kHz,SMILE_LEFT,T002,1,201,R1->L1,L8->R8,15.0,False,13.333333333333334,13.333333333333334,0.0,2.0,20.034414050000002
session-1-20261005-10000Hz-600mV,10 kHz,SMILE_LEFT,T002,1,202,R1->L1,R8->R7,10.04987562112089,False,0.0,0.0,0.0,0.0,20.1340522
session-1-20261005-10000Hz-600mV,10 kHz,SMILE_LEFT,T002,1,203,R1->L1,R7->R6,5.0,False,20.0,-12.0,-16.0,1.0,20.237425350000002
session-1-20261005-10000Hz-600mV,10 kHz,SMILE_LEFT,T002,1,204,R1->L1,R6->R5,24.020824298928627,False,0.0,0.0,0.0,0.0,20.339931050000004
session-1-20261005-10000Hz-600mV,10 kHz,SMILE_LEFT,T002,1,205,R1->L1,R5->R4,37.48332962798263,False,0.0,0.0,0.0,0.0,20.43832675
session-1-20261005-10000Hz-600mV,10 kHz,SMILE_LEFT,T002,1,206,R1->L1,R4->R3,37.0,False,2.7027027027027026,0.0,-2.7027027027027026,1.0,20.536413300000007
session-1-20261005-10000Hz-600mV,10 kHz,SMILE_LEFT,T002,1,207,R1->L1,R3->R2,4.123105625617661,False,0.0,0.0,0.0,0.0,20.633471550000003
session-1-20261005-10000Hz-600mV,10 kHz,SMILE_RIGHT,T003,1,0,L1->L2,L3->L4,285.2367437761131,True,0.350585968259726,-0.08849557522123894,-0.3392330383480826,0.9999999999999998,0.051507050000004995
session-1-20261005-10000Hz-600mV,10 kHz,SMILE_RIGHT,T003,1,1,L1->L2,L4->L5,97.52948272189288,True,2.0506619579876553,1.9764507989907487,-0.5466778805719092,2.0000000000000004,0.15253240000000545
session-1-20261005-10000Hz-600mV,10 kHz,SMILE_RIGHT,T003,1,2,L1->L2,L5->L6,80.41144197189851,True,1.7587218033813172,1.4537581193937519,0.9897927621404268,1.414213562373095,0.25039699999999954
session-1-20261005-10000Hz-600mV,10 kHz,SMILE_RIGHT,T003,1,3,L1->L2,L6->L7,54.708317466359716,True,1.8278756253377788,-1.7373872368860677,0.567991981289676,0.9999999999999999,0.34784975000000173
session-1-20261005-10000Hz-600mV,10 kHz,SMILE_RIGHT,T003,1,4,L1->L2,L7->L8,15.132745950421555,False,6.608186004550898,-6.550218340611353,-0.8733624454148471,0.9999999999999999,0.44532319999999714
session-1-20261005-10000Hz-600mV,10 kHz,SMILE_RIGHT,T003,1,5,L1->L2,L8->R8,3.6055512754639896,False,0.0,0.0,0.0,0.0,0.5449028499999997
session-1-20261005-10000Hz-600mV,10 kHz,SMILE_RIGHT,T003,1,6,L1->L2,R8->R7,3.1622776601683795,False,31.622776601683793,-10.0,30.0,1.0,0.6449640500000058
session-1-20261005-10000Hz-600mV,10 kHz,SMILE_RIGHT,T003,1,7,L1->L2,R7->R6,26.92582403567252,False,0.0,0.0,0.0,0.0,0.7434312500000004
session-1-20261005-10000Hz-600mV,10 kHz,SMILE_RIGHT,T003,1,8,L1->L2,R6->R5,7.280109889280519,False,19.425717247145283,9.433962264150944,16.9811320754717,1.4142135623730951,0.8418849999999978
session-1-20261005-10000Hz-600mV,10 kHz,SMILE_RIGHT,T003,1,9,L1->L2,R5->R4,65.55150646628955,True,1.5255179536022703,1.4195950663253434,-0.5585292064230859,1.0000000000000002,0.938869099999998
session-1-20261005-10000Hz-600mV,10 kHz,SMILE_RIGHT,T003,1,10,L1->L2,R4->R3,42.04759208325727,False,2.3782574707724704,-2.3755656108597285,0.11312217194570134,0.9999999999999998,1.0354044500000015
session-1-20261005-10000Hz-600mV,10 kHz,SMILE_RIGHT,T003,1,11,L1->L2,R3->R2,29.5296461204668,False,0.0,0.0,0.0,0.0,1.133386300000005
session-1-20261005-10000Hz-600mV,10 kHz,SMILE_RIGHT,T003,1,12,L1->L2,R2->R1,368.4698088039236,True,0.38380717458608676,-0.3255505634528983,-0.20328496722398173,1.4142135623730951,1.2318964999999977
session-1-20261005-10000Hz-600mV,10 kHz,SMILE_RIGHT,T003,1,13,L2->L3,L4->L5,253.298243183801,True,0.8827806894330609,-0.8665835411471321,-0.16832917705735662,2.2360679774997894,1.329954149999999
session-1-20261005-10000Hz-600mV,10 kHz,SMILE_RIGHT,T003,1,14,L2->L3,L5->L6,165.65627063289816,True,0.6036596116642305,-0.5866919320749217,0.1421179214342978,0.9999999999999998,1.4289251500000049
session-1-20261005-10000Hz-600mV,10 kHz,SMILE_RIGHT,T003,1,15,L2->L3,L6->L7,46.17358552246078,False,0.0,0.0,0.0,0.0,1.5279464500000017
session-1-20261005-10000Hz-600mV,10 kHz,SMILE_RIGHT,T003,1,16,L2->L3,L7->L8,18.027756377319946,False,7.844645405527362,-5.846153846153846,-5.23076923076923,1.4142135623730951,1.6269208000000006
session-1-20261005-10000Hz-600mV,10 kHz,SMILE_RIGHT,T003,1,17,L2->L3,L8->R8,15.132745950421555,False,9.345386270319954,7.4235807860262,5.676855895196507,1.4142135623730947,1.7274067500000072
session-1-20261005-10000Hz-600mV,10 kHz,SMILE_RIGHT,T003,1,18,L2->L3,R8->R7,9.055385138137417,False,0.0,0.0,0.0,0.0,1.8268394999999984
session-1-20261005-10000Hz-600mV,10 kHz,SMILE_RIGHT,T003,1,19,L2->L3,R7->R6,6.324555320336759,False,15.811388300841896,-5.0,-15.0,1.0,1.9285074000000009
session-1-20261005-10000Hz-600mV,10 kHz,SMILE_RIGHT,T003,1,20,L2->L3,R6->R5,16.1245154965971,False,6.201736729460423,-0.7692307692307693,-6.153846153846154,0.9999999999999999,2.0320819000000014
session-1-20261005-10000Hz-600mV,10 kHz,SMILE_RIGHT,T003,1,21,L2->L3,R5->R4,8.06225774829855,False,0.0,0.0,0.0,0.0,2.131974300000003
session-1-20261005-10000Hz-600mV,10 kHz,SMILE_RIGHT,T003,1,22,L2->L3,R4->R3,9.848857801796104,False,10.153461651336189,9.278350515463917,-4.123711340206185,0.9999999999999998,2.2304530000000042
session-1-20261005-10000Hz-600mV,10 kHz,SMILE_RIGHT,T003,1,23,L2->L3,R3->R2,8.0,False,12.5,0.0,12.5,1.0,2.3284268000000026
session-1-20261005-10000Hz-600mV,10 kHz,SMILE_RIGHT,T003,1,24,L2->L3,R2->R1,49.24428900898052,False,2.030692330267238,-1.8556701030927836,0.8247422680412372,1.0,2.425410300000003
session-1-20261005-10000Hz-600mV,10 kHz,SMILE_RIGHT,T003,1,25,L2->L3,R1->L1,12.206555615733702,False,11.585688927269846,-2.0134228187919465,11.409395973154362,1.414213562373095,2.5253878000000043
session-1-20261005-10000Hz-600mV,10 kHz,SMILE_RIGHT,T003,1,26,L3->L4,L1->L2,290.5942188000305,True,0.7694812328797626,-0.7484161288412574,-0.17881461306175614,2.2360679774997894,2.6309300500000035
session-1-20261005-10000Hz-600mV,10 kHz,SMILE_RIGHT,T003,1,27,L3->L4,L5->L6,256.51705596314645,True,1.2327748142496617,-1.2325040652877617,-0.025835473625020894,3.1622776601683795,2.734952800000002
session-1-20261005-10000Hz-600mV,10 kHz,SMILE_RIGHT,T003,1,28,L3->L4,L6->L7,20.09975124224178,False,0.0,0.0,0.0,0.0,2.8333452000000037
session-1-20261005-10000Hz-600mV,10 kHz,SMILE_RIGHT,T003,1,29,L3->L4,L7->L8,20.591260281974,False,6.868028197434452,6.60377358490566,1.8867924528301887,1.4142135623730951,2.930317550000005
session-1-20261005-10000Hz-600mV,10 kHz,SMILE_RIGHT,T003,1,30,L3->L4,L8->R8,19.697715603592208,False,10.153461651336189,9.278350515463917,-4.123711340206185,1.9999999999999996,3.0273328999999976
session-1-20261005-10000Hz-600mV,10 kHz,SMILE_RIGHT,T003,1,31,L3->L4,R8->R7,8.485281374238571,False,11.785113019775793,-8.333333333333332,-8.333333333333332,1.0,3.123547600000002
session-1-20261005-10000Hz-600mV,10 kHz,SMILE_RIGHT,T003,1,32,L3->L4,R7->R6,26.076809620810597,False,0.0,0.0,0.0,0.0,3.2201014500000014
session-1-20261005-10000Hz-600mV,10 kHz,SMILE_RIGHT,T003,1,33,L3->L4,R6->R5,11.0,False,9.090909090909092,9.090909090909092,0.0,1.0,3.3178596999999996
session-1-20261005-10000Hz-600mV,10 kHz,SMILE_RIGHT,T003,1,34,L3->L4,R5->R4,62.76941930590086,True,3.5623524993954825,-3.5532994923857872,-0.2538071065989848,2.23606797749979,3.4163349000000025
session-1-20261005-10000Hz-600mV,10 kHz,SMILE_RIGHT,T003,1,35,L3->L4,R4->R3,50.08991914547277,True,3.9928193818631144,-3.9856516540454363,0.23913909924272617,1.9999999999999996,3.513827600000006
session-1-20261005-10000Hz-600mV,10 kHz,SMILE_RIGHT,T003,1,36,L3->L4,R3->R2,13.601470508735444,False,10.397504898200726,-9.18918918918919,-4.864864864864865,1.4142135623730951,3.6108417499999987
session-1-20261005-10000Hz-600mV,10 kHz,SMILE_RIGHT,T003,1,37,L3->L4,R2->R1,23.430749027719962,False,6.035716402834571,6.010928961748635,0.5464480874316939,1.4142135623730954,3.7078507000000016
session-1-20261005-10000Hz-600mV,10 kHz,SMILE_RIGHT,T003,1,38,L3->L4,R1->L1,117.00427342623004,True,1.7093392757666919,-1.6216216216216217,0.5405405405405406,2.0000000000000004,3.8048215000000027
session-1-20261005-10000Hz-600mV,10 kHz,SMILE_RIGHT,T003,1,39,L4->L5,L1->L2,86.02325267042627,True,2.324952774876386,-2.2162162162162162,0.7027027027027027,2.0000000000000004,3.902321750000006
session-1-20261005-10000Hz-600mV,10 kHz,SMILE_RIGHT,T003,1,40,L4->L5,L2->L3,267.67517628648346,True,1.9049280491125857,-1.881367759944173,0.2986741102581996,5.0990195135927845,3.998354650000003
session-1-20261005-10000Hz-600mV,10 kHz,SMILE_RIGHT,T003,1,41,L4->L5,L6->L7,205.1974658712919,True,0.6891964071623314,-0.63173894456847,-0.27549517883437036,1.4142135623730951,4.094845350000007
session-1-20261005-10000Hz-600mV,10 kHz,SMILE_RIGHT,T003,1,42,L4->L5,L7->L8,69.26037828369117,True,0.0,0.0,0.0,0.0,4.192847500000006
session-1-20261005-10000Hz-600mV,10 kHz,SMILE_RIGHT,T003,1,43,L4->L5,L8->R8,49.64876634922564,False,6.36929755298482,6.369168356997972,-0.04056795131845837,3.1622776601683795,4.290370599999996
session-1-20261005-10000Hz-600mV,10 kHz,SMILE_RIGHT,T003,1,44,L4->L5,R8->R7,19.4164878389476,False,5.150262026246048,5.039787798408488,-1.0610079575596816,1.0,4.386851350000008
session-1-20261005-10000Hz-600mV,10 kHz,SMILE_RIGHT,T003,1,45,L4->L5,R7->R6,20.39607805437114,False,15.504341823651057,-15.384615384615385,-1.923076923076923,3.16227766016838,4.483320150000004
session-1-20261005-10000Hz-600mV,10 kHz,SMILE_RIGHT,T003,1,46,L4->L5,R6->R5,6.0,False,37.26779962499649,-33.33333333333333,-16.666666666666664,2.23606797749979,4.580901250000004
session-1-20261005-10000Hz-600mV,10 kHz,SMILE_RIGHT,T003,1,47,L4->L5,R5->R4,44.92215489043241,False,4.977650744835554,-4.905847373637265,-0.8424182358771061,2.23606797749979,4.678441499999998
session-1-20261005-10000Hz-600mV,10 kHz,SMILE_RIGHT,T003,1,48,L4->L5,R4->R3,33.54101966249685,False,8.94427190999916,-8.0,4.0,3.0000000000000004,4.776377000000004
session-1-20261005-10000Hz-600mV,10 kHz,SMILE_RIGHT,T003,1,49,L4->L5,R3->R2,15.0,False,0.0,0.0,0.0,0.0,4.8743729500000015
session-1-20261005-10000Hz-600mV,10 kHz,SMILE_RIGHT,T003,1,50,L4->L5,R2->R1,101.24228365658294,True,2.208630521496931,-2.195121951219512,-0.2439024390243903,2.23606797749979,4.971349800000006
session-1-20261005-10000Hz-600mV,10 kHz,SMILE_RIGHT,T003,1,51,L4->L5,R1->L1,10.44030650891055,False,9.578262852211514,9.174311926605503,-2.7522935779816513,1.0,5.06884445
session-1-20261005-10000Hz-600mV,10 kHz,SMILE_RIGHT,T003,1,52,L5->L6,L1->L2,99.62429422585639,True,3.011313679370974,2.841309823677582,-0.9974811083123427,3.000000000000001,5.166918400000007
session-1-20261005-10000Hz-600mV,10 kHz,SMILE_RIGHT,T003,1,53,L5->L6,L2->L3,209.65209276322523,True,0.4769806906384521,-0.4436456295217728,0.17518314601628976,0.9999999999999999,5.265914099999996
session-1-20261005-10000Hz-600mV,10 kHz,SMILE_RIGHT,T003,1,54,L5->L6,L3->L4,327.2308053958246,True,0.9663752947535696,-0.9637654090399702,0.07097497198356371,3.16227766016838,5.364837450000003
session-1-20261005-10000Hz-600mV,10 kHz,SMILE_RIGHT,T003,1,55,L5->L6,L7->L8,217.4626404695758,True,4.113015408387129,-4.102347219285262,-0.296045675618524,8.944271909999157,5.4623908499999985
session-1-20261005-10000Hz-600mV,10 kHz,SMILE_RIGHT,T003,1,56,L5->L6,L8->R8,64.62197768561404,True,2.1884405476620428,2.0114942528735633,0.8620689655172413,1.414213562373095,5.560413050000001
session-1-20261005-10000Hz-600mV,10 kHz,SMILE_RIGHT,T003,1,57,L5->L6,R8->R7,19.924858845171276,False,14.195468819753524,12.594458438287154,6.54911838790932,2.8284271247461903,5.658949
session-1-20261005-10000Hz-600mV,10 kHz,SMILE_RIGHT,T003,1,58,L5->L6,R7->R6,5.0,False,28.284271247461906,4.0,-28.000000000000004,1.4142135623730954,5.7559095500000055
session-1-20261005-10000Hz-600mV,10 kHz,SMILE_RIGHT,T003,1,59,L5->L6,R6->R5,33.95585369269929,False,2.9450003202688024,2.862098872506505,-0.6938421509106679,1.0000000000000002,5.852885250000007
session-1-20261005-10000Hz-600mV,10 kHz,SMILE_RIGHT,T003,1,60,L5->L6,R5->R4,6.0827625302982185,False,0.0,0.0,0.0,0.0,5.950364999999998
session-1-20261005-10000Hz-600mV,10 kHz,SMILE_RIGHT,T003,1,61,L5->L6,R4->R3,7.211102550927979,False,13.867504905630728,11.538461538461538,7.6923076923076925,1.0000000000000002,6.047825699999997
session-1-20261005-10000Hz-600mV,10 kHz,SMILE_RIGHT,T003,1,62,L5->L6,R3->R2,4.123105625617661,False,0.0,0.0,0.0,0.0,6.144841200000002
session-1-20261005-10000Hz-600mV,10 kHz,SMILE_RIGHT,T003,1,63,L5->L6,R2->R1,30.80584360149873,False,0.0,0.0,0.0,0.0,6.241943150000004
session-1-20261005-10000Hz-600mV,10 kHz,SMILE_RIGHT,T003,1,64,L5->L6,R1->L1,72.44998274671983,True,2.7605251570478124,-2.4766622213755003,1.2192798628310155,2.0000000000000004,6.340485750000006
session-1-20261005-10000Hz-600mV,10 kHz,SMILE_RIGHT,T003,1,65,L6->L7,L1->L2,61.26989472816157,True,0.0,0.0,0.0,0.0,6.438954700000004
session-1-20261005-10000Hz-600mV,10 kHz,SMILE_RIGHT,T003,1,66,L6->L7,L2->L3,56.85947590331799,True,0.0,0.0,0.0,0.0,6.542372899999997
session-1-20261005-10000Hz-600mV,10 kHz,SMILE_RIGHT,T003,1,67,L6->L7,L3->L4,37.64306044943742,False,5.940186453498648,5.85744530698659,0.9880028228652079,2.236067977499789,6.646926799999996
session-1-20261005-10000Hz-600mV,10 kHz,SMILE_RIGHT,T003,1,68,L6->L7,L4->L5,266.56331330473813,True,0.8388506091772249,-0.8387750506642649,-0.01125872551227201,2.2360679774997902,6.746420000000008
session-1-20261005-10000Hz-600mV,10 kHz,SMILE_RIGHT,T003,1,69,L6->L7,L8->R8,354.74215988517636,True,1.5180504084650062,1.5153923173503283,-0.0897951399373818,5.3851648071345055,6.843810650000002
session-1-20261005-10000Hz-600mV,10 kHz,SMILE_RIGHT,T003,1,70,L6->L7,R8->R7,65.76473218982952,True,7.602859212697055,7.514450867052022,1.15606936416185,4.999999999999999,6.940814800000005
session-1-20261005-10000Hz-600mV,10 kHz,SMILE_RIGHT,T003,1,71,L6->L7,R7->R6,50.08991914547277,True,9.982048454657788,-9.804703068951774,-1.8732562774013553,5.0,7.038381750000006
session-1-20261005-10000Hz-600mV,10 kHz,SMILE_RIGHT,T003,1,72,L6->L7,R6->R5,23.40939982143925,False,4.271788288583805,-4.014598540145985,1.4598540145985401,1.0,7.1353175500000035
session-1-20261005-10000Hz-600mV,10 kHz,SMILE_RIGHT,T003,1,73,L6->L7,R5->R4,18.38477631085024,False,5.439282932204212,-5.029585798816568,2.0710059171597632,1.0000000000000002,7.232420350000005
session-1-20261005-10000Hz-600mV,10 kHz,SMILE_RIGHT,T003,1,74,L6->L7,R4->R3,14.212670403551895,False,9.950371902099892,-9.900990099009901,0.9900990099009898,1.4142135623730951,7.329938349999999
session-1-20261005-10000Hz-600mV,10 kHz,SMILE_RIGHT,T003,1,75,L6->L7,R3->R2,4.123105625617661,False,24.253562503633297,-23.52941176470588,5.88235294117647,1.0,7.427878750000005
session-1-20261005-10000Hz-600mV,10 kHz,SMILE_RIGHT,T003,1,76,L6->L7,R2->R1,46.61544808322667,False,2.145211600700721,-1.9788311090658077,0.8283479061205707,1.0000000000000004,7.529886249999997
session-1-20261005-10000Hz-600mV,10 kHz,SMILE_RIGHT,T003,1,77,L6->L7,R1->L1,49.64876634922564,False,2.848436459479425,-1.2576064908722107,2.5557809330628802,1.414213562373095,7.638431750000002
session-1-20261005-10000Hz-600mV,10 kHz,SMILE_RIGHT,T003,1,78,L7->L8,L1->L2,18.681541692269406,False,16.92728422663831,-16.9054441260745,-0.8595988538681947,3.162277660168379,7.742448150000001
session-1-20261005-10000Hz-600mV,10 kHz,SMILE_RIGHT,T003,1,79,L7->L8,L2->L3,29.154759474226502,False,0.0,0.0,0.0,0.0,7.840578150000006
session-1-20261005-10000Hz-600mV,10 kHz,SMILE_RIGHT,T003,1,80,L7->L8,L3->L4,30.413812651491096,False,9.299811099505542,8.864864864864867,2.810810810810811,2.82842712474619,7.9400024000000045
session-1-20261005-10000Hz-600mV,10 kHz,SMILE_RIGHT,T003,1,81,L7->L8,L4->L5,105.54619841567009,True,0.9474524094763922,0.8438061041292639,-0.43087971274685816,1.0,8.038983350000002
session-1-20261005-10000Hz-600mV,10 kHz,SMILE_RIGHT,T003,1,82,L7->L8,L5->L6,243.31050121192877,True,4.047855621824368,-4.040540540540541,0.24324324324324315,9.848857801796106,8.136939300000002
session-1-20261005-10000Hz-600mV,10 kHz,SMILE_RIGHT,T003,1,83,L7->L8,R8->R7,164.84234892769516,True,6.916762788907197,6.8487101166599205,0.9678725205166895,11.40175425099138,8.23541015
session-1-20261005-10000Hz-600mV,10 kHz,SMILE_RIGHT,T003,1,84,L7->L8,R7->R6,83.24061508662703,True,9.14910719717569,-9.106653196709482,0.8803579160051953,7.615773105863907,8.337534650000002
session-1-20261005-10000Hz-600mV,10 kHz,SMILE_RIGHT,T003,1,85,L7->L8,R6->R5,31.38470965295043,False,4.506059090593329,-1.116751269035533,4.365482233502538,1.414213562373095,8.440467500000004
session-1-20261005-10000Hz-600mV,10 kHz,SMILE_RIGHT,T003,1,86,L7->L8,R5->R4,20.248456731316587,False,11.043152607484654,-10.97560975609756,-1.2195121951219514,2.2360679774997894,8.540587800000004
session-1-20261005-10000Hz-600mV,10 kHz,SMILE_RIGHT,T003,1,87,L7->L8,R4->R3,14.212670403551895,False,22.249707974499238,-18.81188118811881,11.881188118811881,3.162277660168379,8.644033700000001
session-1-20261005-10000Hz-600mV,10 kHz,SMILE_RIGHT,T003,1,88,L7->L8,R3->R2,3.0,False,33.33333333333333,0.0,33.33333333333333,1.0,8.746837499999991
session-1-20261005-10000Hz-600mV,10 kHz,SMILE_RIGHT,T003,1,89,L7->L8,R2->R1,43.41658669218482,False,7.283570407292298,-7.161803713527851,1.3262599469496021,3.1622776601683795,8.845442249999998
session-1-20261005-10000Hz-600mV,10 kHz,SMILE_RIGHT,T003,1,90,L7->L8,R1->L1,62.64982043070834,True,1.5961737689352444,0.7643312101910829,1.4012738853503186,1.0,8.944931650000008
session-1-20261005-10000Hz-600mV,10 kHz,SMILE_RIGHT,T003,1,91,L8->R8,L1->L2,2.23606797749979,False,63.2455532033676,-20.0,-60.00000000000001,1.4142135623730954,9.043937050000004
session-1-20261005-10000Hz-600mV,10 kHz,SMILE_RIGHT,T003,1,92,L8->R8,L2->L3,25.63201123595259,False,5.517372590682452,5.0228310502283104,2.28310502283105,1.4142135623730947,9.143454900000002
session-1-20261005-10000Hz-600mV,10 kHz,SMILE_RIGHT,T003,1,93,L8->R8,L3->L4,31.304951684997057,False,7.142857142857142,7.142857142857142,0.0,2.23606797749979,9.242930649999998
session-1-20261005-10000Hz-600mV,10 kHz,SMILE_RIGHT,T003,1,94,L8->R8,L4->L5,77.3886296557834,True,4.086230334138054,4.057438637502087,-0.48422107196526964,3.162277660168379,9.3414948
session-1-20261005-10000Hz-600mV,10 kHz,SMILE_RIGHT,T003,1,95,L8->R8,L5->L6,68.4470598345904,True,2.92196626828561,2.6467449306296693,-1.2379935965848454,1.9999999999999998,9.440536900000005
session-1-20261005-10000Hz-600mV,10 kHz,SMILE_RIGHT,T003,1,96,L8->R8,L6->L7,368.95799218881274,True,2.064130135976718,2.059795783442298,-0.13369573202086238,7.615773105863909,9.542783500000006
session-1-20261005-10000Hz-600mV,10 kHz,SMILE_RIGHT,T003,1,97,L8->R8,R7->R6,404.7344808636892,True,0.9883022547187333,-0.8815090653806239,0.4468591661070754,4.000000000000001,9.645764699999994
session-1-20261005-10000Hz-600mV,10 kHz,SMILE_RIGHT,T003,1,98,L8->R8,R6->R5,99.76472322419383,True,4.482682666246347,4.481060986637195,-0.12056666331759257,4.4721359549995805,9.744487100000008
session-1-20261005-10000Hz-600mV,10 kHz,SMILE_RIGHT,T003,1,99,L8->R8,R5->R4,52.32590180780451,True,11.14352871788557,11.10299488677867,0.9495982468955446,5.830951894845301,9.842901900000008
session-1-20261005-10000Hz-600mV,10 kHz,SMILE_RIGHT,T003,1,100,L8->R8,R4->R3,25.495097567963924,False,3.922322702763681,2.923076923076923,-2.6153846153846154,1.0,9.9413853
session-1-20261005-10000Hz-600mV,10 kHz,SMILE_RIGHT,T003,1,101,L8->R8,R3->R2,11.180339887498949,False,12.649110640673516,12.0,4.0,1.414213562373095,10.043409250000003
session-1-20261005-10000Hz-600mV,10 kHz,SMILE_RIGHT,T003,1,102,L8->R8,R2->R1,30.463092423455635,False,13.534757300092743,-13.36206896551724,2.1551724137931028,4.123105625617661,10.144918400000002
session-1-20261005-10000Hz-600mV,10 kHz,SMILE_RIGHT,T003,1,103,L8->R8,R1->L1,78.7210264160726,True,4.5801629369098755,4.534452154268194,0.6454736162659352,3.60555127546399,10.242954899999994
session-1-20261005-10000Hz-600mV,10 kHz,SMILE_RIGHT,T003,1,104,R8->R7,L1->L2,6.4031242374328485,False,66.25891564490794,-65.85365853658539,-7.317073170731707,4.2426406871192865,10.34354475
session-1-20261005-10000Hz-600mV,10 kHz,SMILE_RIGHT,T003,1,105,R8->R7,L2->L3,13.601470508735444,False,10.397504898200726,9.18918918918919,4.864864864864865,1.4142135623730951,10.445042899999997
session-1-20261005-10000Hz-600mV,10 kHz,SMILE_RIGHT,T003,1,106,R8->R7,L3->L4,16.55294535724685,False,8.543576577167611,-8.029197080291972,-2.9197080291970807,1.4142135623730951,10.545954899999991
session-1-20261005-10000Hz-600mV,10 kHz,SMILE_RIGHT,T003,1,107,R8->R7,L4->L5,36.76955262170048,False,0.0,0.0,0.0,0.0,10.64692759999999
session-1-20261005-10000Hz-600mV,10 kHz,SMILE_RIGHT,T003,1,108,R8->R7,L5->L6,20.248456731316587,False,13.968605915391564,12.682926829268293,5.853658536585366,2.82842712474619,10.749439549999998
session-1-20261005-10000Hz-600mV,10 kHz,SMILE_RIGHT,T003,1,109,R8->R7,L6->L7,72.71863585079137,True,8.805341522867916,8.736762481089256,1.096822995461422,6.403124237432847,10.850531949999997
session-1-20261005-10000Hz-600mV,10 kHz,SMILE_RIGHT,T003,1,110,R8->R7,L7->L8,163.37074401495514,True,6.979067347546418,6.89396777819408,1.0865492693892846,11.401754250991377,10.94998175
session-1-20261005-10000Hz-600mV,10 kHz,SMILE_RIGHT,T003,1,111,R8->R7,R6->R5,236.79949324270103,True,0.42229820102489746,0.3691550451189499,-0.20508613617719443,1.0,11.049413199999996
session-1-20261005-10000Hz-600mV,10 kHz,SMILE_RIGHT,T003,1,112,R8->R7,R5->R4,66.18912297349165,True,14.25306864367255,14.197671764437342,1.255421136726775,9.433981132056603,11.147396100000002
session-1-20261005-10000Hz-600mV,10 kHz,SMILE_RIGHT,T003,1,113,R8->R7,R4->R3,26.907248094147423,False,13.39992578523194,13.259668508287293,-1.9337016574585637,3.60555127546399,11.24690230000001
session-1-20261005-10000Hz-600mV,10 kHz,SMILE_RIGHT,T003,1,114,R8->R7,R3->R2,13.0,False,10.878565864408426,10.059171597633137,4.1420118343195265,1.4142135623730954,11.346919750000005
session-1-20261005-10000Hz-600mV,10 kHz,SMILE_RIGHT,T003,1,115,R8->R7,R2->R1,18.027756377319946,False,12.403473458920843,12.307692307692305,-1.538461538461538,2.236067977499789,11.446486700000001
session-1-20261005-10000Hz-600mV,10 kHz,SMILE_RIGHT,T003,1,116,R8->R7,R1->L1,61.7170964968379,True,5.842062378369859,5.802047781569965,0.6825938566552904,3.6055512754639896,11.548946950000008
session-1-20261005-10000Hz-600mV,10 kHz,SMILE_RIGHT,T003,1,117,R7->R6,L1->L2,26.627053911388693,False,0.0,0.0,0.0,0.0,11.650536850000002
session-1-20261005-10000Hz-600mV,10 kHz,SMILE_RIGHT,T003,1,118,R7->R6,L2->L3,16.278820596099706,False,6.142951168339512,-6.037735849056604,1.1320754716981134,1.0,11.74896685000001
session-1-20261005-10000Hz-600mV,10 kHz,SMILE_RIGHT,T003,1,119,R7->R6,L3->L4,28.178005607210743,False,3.548867204938381,-3.1486146095717884,1.63727959697733,1.0000000000000002,11.84635740000001
session-1-20261005-10000Hz-600mV,10 kHz,SMILE_RIGHT,T003,1,120,R7->R6,L4->L5,46.238512086787566,False,4.835942759799001,-4.817586529466792,-0.42095416276894304,2.2360679774997894,11.94490240000001
session-1-20261005-10000Hz-600mV,10 kHz,SMILE_RIGHT,T003,1,121,R7->R6,L5->L6,9.219544457292889,False,15.339299776947406,-8.235294117647058,-12.941176470588237,1.4142135623730951,12.04450585
session-1-20261005-10000Hz-600mV,10 kHz,SMILE_RIGHT,T003,1,122,R7->R6,L6->L7,60.83584469702052,True,8.85196027761943,-8.83544987841124,0.5403944879762226,5.385164807134503,12.14348365
session-1-20261005-10000Hz-600mV,10 kHz,SMILE_RIGHT,T003,1,123,R7->R6,L7->L8,82.0792300158816,True,8.869612797137451,-8.816980852011282,0.9648211370046014,7.280109889280519,12.244054550000008
session-1-20261005-10000Hz-600mV,10 kHz,SMILE_RIGHT,T003,1,124,R7->R6,L8->R8,392.7709256042254,True,1.0184053195502025,-0.9412130758609961,0.38893102308305627,3.9999999999999996,12.343988650000007
session-1-20261005-10000Hz-600mV,10 kHz,SMILE_RIGHT,T003,1,125,R7->R6,R5->R4,108.07867504739312,True,21.65959178457183,-21.641982706960018,0.873212909853608,23.409399821439244,12.441425700000003
session-1-20261005-10000Hz-600mV,10 kHz,SMILE_RIGHT,T003,1,126,R7->R6,R4->R3,10.63014581273465,False,98.21414205253257,-83.1858407079646,52.21238938053098,10.44030650891055,12.540472149999992
session-1-20261005-10000Hz-600mV,10 kHz,SMILE_RIGHT,T003,1,127,R7->R6,R3->R2,23.40939982143925,False,19.10401799752175,-18.978102189781023,-2.1897810218978098,4.47213595499958,12.64261315000001
session-1-20261005-10000Hz-600mV,10 kHz,SMILE_RIGHT,T003,1,128,R7->R6,R2->R1,11.40175425099138,False,8.770580193070291,2.307692307692308,-8.461538461538462,0.9999999999999999,12.74465215
session-1-20261005-10000Hz-600mV,10 kHz,SMILE_RIGHT,T003,1,129,R7->R6,R1->L1,71.58910531638176,True,8.834522085987723,-8.702439024390243,1.5219512195121947,6.324555320336757,12.844473900000004
session-1-20261005-10000Hz-600mV,10 kHz,SMILE_RIGHT,T003,1,130,R6->R5,L1->L2,3.6055512754639896,False,62.01736729460423,7.692307692307692,61.53846153846154,2.23606797749979,12.949387200000011
session-1-20261005-10000Hz-600mV,10 kHz,SMILE_RIGHT,T003,1,131,R6->R5,L2->L3,21.587033144922902,False,4.632410546120795,-4.506437768240343,1.0729613733905579,1.0,13.054469050000002
session-1-20261005-10000Hz-600mV,10 kHz,SMILE_RIGHT,T003,1,132,R6->R5,L3->L4,4.123105625617661,False,34.29971702850176,29.411764705882355,17.64705882352941,1.414213562373095,13.154489199999993
session-1-20261005-10000Hz-600mV,10 kHz,SMILE_RIGHT,T003,1,133,R6->R5,L4->L5,18.439088914585778,False,12.126781251816649,-11.76470588235294,-2.941176470588235,2.2360679774997902,13.253377850000014
session-1-20261005-10000Hz-600mV,10 kHz,SMILE_RIGHT,T003,1,134,R6->R5,L5->L6,30.14962686336267,False,4.6906502982019465,3.6303630363036308,2.9702970297029703,1.4142135623730951,13.351007599999996
session-1-20261005-10000Hz-600mV,10 kHz,SMILE_RIGHT,T003,1,135,R6->R5,L6->L7,24.351591323771842,False,4.106507811765909,-3.87858347386172,1.3490725126475547,1.0,13.448426650000009
session-1-20261005-10000Hz-600mV,10 kHz,SMILE_RIGHT,T003,1,136,R6->R5,L7->L8,25.0,False,4.0,1.1199999999999999,3.84,1.0,13.545981700000006
session-1-20261005-10000Hz-600mV,10 kHz,SMILE_RIGHT,T003,1,137,R6->R5,L8->R8,86.97700845625813,True,5.141744967290608,5.102445472571051,0.6345009914077993,4.472135954999579,13.645455250000005
session-1-20261005-10000Hz-600mV,10 kHz,SMILE_RIGHT,T003,1,138,R6->R5,R8->R7,205.30221625691235,True,1.089159200649644,1.0818762010961114,0.12574438302213575,2.2360679774997902,13.745960649999994
session-1-20261005-10000Hz-600mV,10 kHz,SMILE_RIGHT,T003,1,139,R6->R5,R4->R3,365.87429535292586,True,1.366589581040929,1.313273172772366,0.3779955776011475,5.000000000000001,13.845523500000006
session-1-20261005-10000Hz-600mV,10 kHz,SMILE_RIGHT,T003,1,140,R6->R5,R3->R2,203.423204182807,True,0.9831720073599332,-0.9231289722336337,0.3383195186196563,1.9999999999999993,13.943961200000011
session-1-20261005-10000Hz-600mV,10 kHz,SMILE_RIGHT,T003,1,141,R6->R5,R2->R1,135.4400236266961,True,2.215002566943351,2.126035761011775,-0.6214566070649803,2.9999999999999996,14.043448500000004
session-1-20261005-10000Hz-600mV,10 kHz,SMILE_RIGHT,T003,1,142,R6->R5,R1->L1,91.78779875342909,True,1.0894694214056866,0.4391691394658753,0.9970326409495548,0.9999999999999999,14.143421550000006
session-1-20261005-10000Hz-600mV,10 kHz,SMILE_RIGHT,T003,1,143,R5->R4,L1->L2,61.465437442517235,True,3.6379273792543514,3.62625727898359,0.2911593435680255,2.2360679774997902,14.244344000000005
session-1-20261005-10000Hz-600mV,10 kHz,SMILE_RIGHT,T003,1,144,R5->R4,L2->L3,11.0,False,0.0,0.0,0.0,0.0,14.344831700000007
session-1-20261005-10000Hz-600mV,10 kHz,SMILE_RIGHT,T003,1,145,R5->R4,L3->L4,61.68468205316454,True,1.621148017165954,-1.5243101182654404,0.5519053876478319,1.0000000000000002,14.442955699999992
session-1-20261005-10000Hz-600mV,10 kHz,SMILE_RIGHT,T003,1,146,R5->R4,L4->L5,69.92138442565334,True,1.4301776319421837,-1.370423399468194,0.40908161178155045,0.9999999999999998,14.543508800000005
session-1-20261005-10000Hz-600mV,10 kHz,SMILE_RIGHT,T003,1,147,R5->R4,L5->L6,7.810249675906654,False,0.0,0.0,0.0,0.0,14.6438853
session-1-20261005-10000Hz-600mV,10 kHz,SMILE_RIGHT,T003,1,148,R5->R4,L6->L7,27.202941017470888,False,7.352146220938079,-7.027027027027027,2.1621621621621623,2.0000000000000004,14.742389300000006
session-1-20261005-10000Hz-600mV,10 kHz,SMILE_RIGHT,T003,1,149,R5->R4,L7->L8,21.0,False,9.523809523809524,-9.523809523809524,0.0,2.0,14.844020100000002
session-1-20261005-10000Hz-600mV,10 kHz,SMILE_RIGHT,T003,1,150,R5->R4,L8->R8,48.27007354458868,False,6.551217820804184,6.523605150214593,0.6008583690987125,3.1622776601683795,14.944065049999999
session-1-20261005-10000Hz-600mV,10 kHz,SMILE_RIGHT,T003,1,151,R5->R4,R8->R7,59.43904440685432,True,10.64040544973403,10.585904330597225,1.0755731672799318,6.324555320336758,15.042613100000004
session-1-20261005-10000Hz-600mV,10 kHz,SMILE_RIGHT,T003,1,152,R5->R4,R7->R6,92.19544457292888,True,21.310036298862176,-21.294117647058822,-0.8235294117647061,19.646882704388503,15.142598750000012
session-1-20261005-10000Hz-600mV,10 kHz,SMILE_RIGHT,T003,1,153,R5->R4,R3->R2,267.21714016881475,True,1.4969099652338897,-1.4228695469504937,0.46495343463342903,3.9999999999999996,15.242170350000002
session-1-20261005-10000Hz-600mV,10 kHz,SMILE_RIGHT,T003,1,154,R5->R4,R2->R1,41.62931659299729,False,39.617327047941316,-39.00750144258511,6.924408540103865,16.49242250247064,15.34163449999999
session-1-20261005-10000Hz-600mV,10 kHz,SMILE_RIGHT,T003,1,155,R5->R4,R1->L1,21.2602916254693,False,19.393457522841704,-15.929203539823009,11.061946902654867,4.123105625617661,15.439844600000008
session-1-20261005-10000Hz-600mV,10 kHz,SMILE_RIGHT,T003,1,156,R4->R3,L1->L2,34.0147027033899,False,2.939905160189274,-2.9386343993085564,0.08643042350907519,1.0000000000000002,15.537347849999996
session-1-20261005-10000Hz-600mV,10 kHz,SMILE_RIGHT,T003,1,157,R4->R3,L2->L3,5.8309518948453,False,17.14985851425088,14.705882352941178,8.823529411764707,0.9999999999999998,15.633432300000003
session-1-20261005-10000Hz-600mV,10 kHz,SMILE_RIGHT,T003,1,158,R4->R3,L3->L4,39.20459156782532,False,8.066090051461263,-7.872478854912167,-1.756668835393624,3.162277660168379,15.736497250000006
session-1-20261005-10000Hz-600mV,10 kHz,SMILE_RIGHT,T003,1,159,R4->R3,L4->L5,18.027756377319946,False,16.641005886756872,-16.615384615384617,0.923076923076923,3.0,15.84144405
session-1-20261005-10000Hz-600mV,10 kHz,SMILE_RIGHT,T003,1,160,R4->R3,L5->L6,5.385164807134504,False,0.0,0.0,0.0,0.0,15.943882350000003
session-1-20261005-10000Hz-600mV,10 kHz,SMILE_RIGHT,T003,1,161,R4->R3,L6->L7,6.0827625302982185,False,36.76073110469038,-35.13513513513512,-10.81081081081081,2.236067977499789,16.0454473
session-1-20261005-10000Hz-600mV,10 kHz,SMILE_RIGHT,T003,1,162,R4->R3,L7->L8,12.206555615733702,False,25.906388007541985,-24.832214765100673,7.3825503355704685,3.1622776601683786,16.141942800000002
session-1-20261005-10000Hz-600mV,10 kHz,SMILE_RIGHT,T003,1,163,R4->R3,L8->R8,20.248456731316587,False,0.0,0.0,0.0,0.0,16.2393621
session-1-20261005-10000Hz-600mV,10 kHz,SMILE_RIGHT,T003,1,164,R4->R3,R8->R7,18.788294228055936,False,10.644925908246988,9.631728045325778,-4.532577903682719,1.9999999999999998,16.336926150000004
session-1-20261005-10000Hz-600mV,10 kHz,SMILE_RIGHT,T003,1,165,R4->R3,R7->R6,16.643316977093235,False,42.48592886620874,-38.628158844765345,17.68953068592058,7.071067811865475,16.4350133
session-1-20261005-10000Hz-600mV,10 kHz,SMILE_RIGHT,T003,1,166,R4->R3,R6->R5,306.3396807467162,True,1.4598617926670663,1.4108520523421848,0.3750905758492818,4.47213595499958,16.537506999999998
session-1-20261005-10000Hz-600mV,10 kHz,SMILE_RIGHT,T003,1,167,R4->R3,R2->R1,445.6601844455033,True,2.9513398093507024,-2.950461450156838,-0.0719993152512675,13.152946437965907,16.638613299999996
session-1-20261005-10000Hz-600mV,10 kHz,SMILE_RIGHT,T003,1,168,R4->R3,R1->L1,111.23398761170077,True,1.7980115996395503,-1.6649155419057624,0.6788975996120584,2.0,16.74107455
session-1-20261005-10000Hz-600mV,10 kHz,SMILE_RIGHT,T003,1,169,R3->R2,L1->L2,29.966648127543394,False,3.337043221329999,3.0066815144766146,-1.447661469933185,1.0,16.84550395
session-1-20261005-10000Hz-600mV,10 kHz,SMILE_RIGHT,T003,1,170,R3->R2,L2->L3,18.027756377319946,False,0.0,0.0,0.0,0.0,16.94497485
session-1-20261005-10000Hz-600mV,10 kHz,SMILE_RIGHT,T003,1,171,R3->R2,L3->L4,11.045361017187261,False,12.803687993289595,-9.83606557377049,-8.19672131147541,1.4142135623730947,17.04539375000001
session-1-20261005-10000Hz-600mV,10 kHz,SMILE_RIGHT,T003,1,172,R3->R2,L4->L5,6.324555320336759,False,15.811388300841896,-5.0,15.0,1.0,17.14538584999999
session-1-20261005-10000Hz-600mV,10 kHz,SMILE_RIGHT,T003,1,173,R3->R2,L5->L6,7.810249675906654,False,0.0,0.0,0.0,0.0,17.25203580000001
session-1-20261005-10000Hz-600mV,10 kHz,SMILE_RIGHT,T003,1,174,R3->R2,L6->L7,11.180339887498949,False,8.94427190999916,-8.8,1.6,1.0,17.36158235
session-1-20261005-10000Hz-600mV,10 kHz,SMILE_RIGHT,T003,1,175,R3->R2,L7->L8,7.0710678118654755,False,0.0,0.0,0.0,0.0,17.461616049999996
session-1-20261005-10000Hz-600mV,10 kHz,SMILE_RIGHT,T003,1,176,R3->R2,L8->R8,11.045361017187261,False,9.053574604251853,9.016393442622949,0.8196721311475409,1.0,17.560056249999995
session-1-20261005-10000Hz-600mV,10 kHz,SMILE_RIGHT,T003,1,177,R3->R2,R8->R7,14.317821063276352,False,6.984302957695782,6.829268292682928,1.4634146341463417,0.9999999999999998,17.65894235000001
session-1-20261005-10000Hz-600mV,10 kHz,SMILE_RIGHT,T003,1,178,R3->R2,R7->R6,17.46424919657298,False,17.177950029416042,-15.737704918032785,-6.885245901639345,2.999999999999999,17.75790080000001
session-1-20261005-10000Hz-600mV,10 kHz,SMILE_RIGHT,T003,1,179,R3->R2,R6->R5,187.0721785835617,True,1.1952969139668086,-1.0058292376271574,0.6457880900674363,2.23606797749979,17.856969799999995
session-1-20261005-10000Hz-600mV,10 kHz,SMILE_RIGHT,T003,1,180,R3->R2,R5->R4,265.0226405422752,True,0.8437271521121616,-0.6777054828651565,0.5025841080911769,2.23606797749979,17.955049249999995
session-1-20261005-10000Hz-600mV,10 kHz,SMILE_RIGHT,T003,1,181,R3->R2,R1->L1,65.29931086925804,True,6.125638918316888,-5.440900562851782,2.8142589118198873,4.0,18.053535800000013
session-1-20261005-10000Hz-600mV,10 kHz,SMILE_RIGHT,T003,1,182,R2->R1,L1->L2,255.07057846799972,True,0.3920483522663342,-0.00922211463088486,-0.3919398718126066,1.0,18.151485650000005
session-1-20261005-10000Hz-600mV,10 kHz,SMILE_RIGHT,T003,1,183,R2->R1,L2->L3,9.219544457292889,False,0.0,0.0,0.0,0.0,18.250448249999998
session-1-20261005-10000Hz-600mV,10 kHz,SMILE_RIGHT,T003,1,184,R2->R1,L3->L4,11.180339887498949,False,8.94427190999916,-8.0,-4.0,1.0,18.349369450000005
session-1-20261005-10000Hz-600mV,10 kHz,SMILE_RIGHT,T003,1,185,R2->R1,L4->L5,12.041594578792294,False,8.304547985373995,-8.275862068965518,0.6896551724137931,0.9999999999999998,18.44739520000001
session-1-20261005-10000Hz-600mV,10 kHz,SMILE_RIGHT,T003,1,186,R2->R1,L5->L6,11.6619037896906,False,8.57492925712544,-4.411764705882353,-7.352941176470589,0.9999999999999998,18.5454104
session-1-20261005-10000Hz-600mV,10 kHz,SMILE_RIGHT,T003,1,187,R2->R1,L6->L7,3.1622776601683795,False,31.622776601683793,-10.0,-30.0,1.0,18.642985650000007
session-1-20261005-10000Hz-600mV,10 kHz,SMILE_RIGHT,T003,1,188,R2->R1,L7->L8,9.486832980505138,False,10.5409255338946,-3.3333333333333335,10.0,1.0000000000000002,18.7414245
session-1-20261005-10000Hz-600mV,10 kHz,SMILE_RIGHT,T003,1,189,R2->R1,L8->R8,5.8309518948453,False,34.29971702850176,17.647058823529413,29.411764705882355,1.9999999999999996,18.839898999999996
session-1-20261005-10000Hz-600mV,10 kHz,SMILE_RIGHT,T003,1,190,R2->R1,R8->R7,13.601470508735444,False,7.352146220938077,-5.945945945945946,-4.324324324324324,1.0,18.937823950000002
session-1-20261005-10000Hz-600mV,10 kHz,SMILE_RIGHT,T003,1,191,R2->R1,R7->R6,20.808652046684813,False,4.805693313322127,2.771362586605081,-3.9260969976905304,1.0,19.037826450000004
session-1-20261005-10000Hz-600mV,10 kHz,SMILE_RIGHT,T003,1,192,R2->R1,R6->R5,103.07764064044152,True,0.970142500145332,0.9694117647058823,0.03764705882352941,1.0,19.13756460000001
session-1-20261005-10000Hz-600mV,10 kHz,SMILE_RIGHT,T003,1,193,R2->R1,R5->R4,11.180339887498949,False,80.99382692526635,-44.0,68.0,9.055385138137417,19.236047250000006
session-1-20261005-10000Hz-600mV,10 kHz,SMILE_RIGHT,T003,1,194,R2->R1,R4->R3,326.1533381708671,True,1.2641617126290532,-1.2352410318116869,0.2688576370609912,4.123105625617661,19.337472299999995
session-1-20261005-10000Hz-600mV,10 kHz,SMILE_RIGHT,T003,1,195,R1->L1,L2->L3,24.041630560342615,False,4.159451654038515,-3.9792387543252596,1.2110726643598615,0.9999999999999999,19.438884800000004
session-1-20261005-10000Hz-600mV,10 kHz,SMILE_RIGHT,T003,1,196,R1->L1,L3->L4,26.076809620810597,False,3.8348249442368525,3.823529411764706,-0.2941176470588236,1.0000000000000002,19.537889099999994
session-1-20261005-10000Hz-600mV,10 kHz,SMILE_RIGHT,T003,1,197,R1->L1,L4->L5,23.345235059857504,False,4.283529368781194,4.220183486238533,-0.7339449541284404,1.0,19.636941349999994
session-1-20261005-10000Hz-600mV,10 kHz,SMILE_RIGHT,T003,1,198,R1->L1,L5->L6,10.19803902718557,False,0.0,0.0,0.0,0.0,19.738396750000014
session-1-20261005-10000Hz-600mV,10 kHz,SMILE_RIGHT,T003,1,199,R1->L1,L6->L7,7.0,False,20.203050891044217,14.285714285714285,14.285714285714285,1.4142135623730951,19.840386399999993
session-1-20261005-10000Hz-600mV,10 kHz,SMILE_RIGHT,T003,1,200,R1->L1,L7->L8,8.246211251235321,False,0.0,0.0,0.0,0.0,19.940405899999995
session-1-20261005-10000Hz-600mV,10 kHz,SMILE_RIGHT,T003,1,201,R1->L1,L8->R8,15.0,False,13.333333333333334,13.333333333333334,0.0,2.0,20.039928050000007
session-1-20261005-10000Hz-600mV,10 kHz,SMILE_RIGHT,T003,1,202,R1->L1,R8->R7,10.04987562112089,False,19.900743804199784,19.801980198019802,1.9801980198019806,2.0,20.138403099999998
session-1-20261005-10000Hz-600mV,10 kHz,SMILE_RIGHT,T003,1,203,R1->L1,R7->R6,5.0,False,60.0,-36.0,-48.0,3.0,20.236413050000003
session-1-20261005-10000Hz-600mV,10 kHz,SMILE_RIGHT,T003,1,204,R1->L1,R6->R5,24.020824298928627,False,4.163054471218133,4.159445407279029,-0.17331022530329288,0.9999999999999999,20.333870949999998
session-1-20261005-10000Hz-600mV,10 kHz,SMILE_RIGHT,T003,1,205,R1->L1,R5->R4,37.48332962798263,False,8.00355792768312,7.900355871886119,-1.2811387900355873,2.9999999999999996,20.431442749999995
session-1-20261005-10000Hz-600mV,10 kHz,SMILE_RIGHT,T003,1,206,R1->L1,R4->R3,37.0,False,3.822198817224582,2.7027027027027026,-2.7027027027027026,1.4142135623730954,20.529479599999995
session-1-20261005-10000Hz-600mV,10 kHz,SMILE_RIGHT,T003,1,207,R1->L1,R3->R2,4.123105625617661,False,24.253562503633297,23.52941176470588,-5.88235294117647,1.0,20.6274709
session-1-20261005-10000Hz-600mV,10 kHz,SMILE_BOTH,T004,1,0,L1->L2,L3->L4,285.2367437761131,True,3.3259505261886964,3.31858407079646,0.22123893805309736,9.486832980505138,0.04920839999999771
session-1-20261005-10000Hz-600mV,10 kHz,SMILE_BOTH,T004,1,1,L1->L2,L4->L5,97.52948272189288,True,7.250184882071769,7.190916736753575,-0.9251471825063079,7.0710678118654755,0.14813409999999294
session-1-20261005-10000Hz-600mV,10 kHz,SMILE_BOTH,T004,1,2,L1->L2,L5->L6,80.41144197189851,True,1.2436041133915636,-1.2217754407670893,0.23198267862666253,1.0,0.24715605000000096
session-1-20261005-10000Hz-600mV,10 kHz,SMILE_BOTH,T004,1,3,L1->L2,L6->L7,54.708317466359716,True,7.536524273759595,-7.517540928833946,0.5345806882726363,4.123105625617661,0.34629244999999287
session-1-20261005-10000Hz-600mV,10 kHz,SMILE_BOTH,T004,1,4,L1->L2,L7->L8,15.132745950421555,False,48.10832028193611,-44.104803493449786,-19.213973799126634,7.280109889280518,0.44526799999999866
session-1-20261005-10000Hz-600mV,10 kHz,SMILE_BOTH,T004,1,5,L1->L2,L8->R8,3.6055512754639896,False,39.2232270276368,7.692307692307694,38.46153846153846,1.4142135623730951,0.5451926000000071
session-1-20261005-10000Hz-600mV,10 kHz,SMILE_BOTH,T004,1,6,L1->L2,R8->R7,3.1622776601683795,False,223.60679774997897,-99.99999999999999,200.0,7.071067811865476,0.6446769000000074
session-1-20261005-10000Hz-600mV,10 kHz,SMILE_BOTH,T004,1,7,L1->L2,R7->R6,26.92582403567252,False,7.427813527082075,-6.344827586206897,3.8620689655172415,2.0,0.7431305000000066
session-1-20261005-10000Hz-600mV,10 kHz,SMILE_BOTH,T004,1,8,L1->L2,R6->R5,7.280109889280519,False,30.71475584169756,22.641509433962266,20.754716981132074,2.23606797749979,0.8410691999999926
session-1-20261005-10000Hz-600mV,10 kHz,SMILE_BOTH,T004,1,9,L1->L2,R5->R4,65.55150646628955,True,3.0510359072045405,2.8391901326506868,-1.1170584128461718,2.0000000000000004,0.9395582500000046
session-1-20261005-10000Hz-600mV,10 kHz,SMILE_BOTH,T004,1,10,L1->L2,R4->R3,42.04759208325727,False,2.3782574707724704,-2.3755656108597285,0.11312217194570134,0.9999999999999998,1.0391142000000002
session-1-20261005-10000Hz-600mV,10 kHz,SMILE_BOTH,T004,1,11,L1->L2,R3->R2,29.5296461204668,False,3.3864273073929816,2.9816513761467887,-1.605504587155963,0.9999999999999999,1.138232599999995
session-1-20261005-10000Hz-600mV,10 kHz,SMILE_BOTH,T004,1,12,L1->L2,R2->R1,368.4698088039236,True,1.213704854005927,-1.1799366575826766,-0.28430433821904694,4.47213595499958,1.2387319999999988
session-1-20261005-10000Hz-600mV,10 kHz,SMILE_BOTH,T004,1,13,L2->L3,L4->L5,253.298243183801,True,2.874125693796402,-2.8740648379052365,-0.01870324189526191,7.280109889280517,1.3386414999999943
session-1-20261005-10000Hz-600mV,10 kHz,SMILE_BOTH,T004,1,14,L2->L3,L5->L6,165.65627063289816,True,3.671918066885555,-3.6622695138838273,0.2660155965308651,6.082762530298218,1.437671349999988
session-1-20261005-10000Hz-600mV,10 kHz,SMILE_BOTH,T004,1,15,L2->L3,L6->L7,46.17358552246078,False,11.66286903258776,-11.632270168855536,-0.8442776735459663,5.385164807134505,1.5386522999999954
session-1-20261005-10000Hz-600mV,10 kHz,SMILE_BOTH,T004,1,16,L2->L3,L7->L8,18.027756377319946,False,0.0,0.0,0.0,0.0,1.6396384999999896
session-1-20261005-10000Hz-600mV,10 kHz,SMILE_BOTH,T004,1,17,L2->L3,L8->R8,15.132745950421555,False,27.246248890491703,27.074235807860266,3.056768558951965,4.123105625617661,1.73774315
session-1-20261005-10000Hz-600mV,10 kHz,SMILE_BOTH,T004,1,18,L2->L3,R8->R7,9.055385138137417,False,0.0,0.0,0.0,0.0,1.8372546999999884
session-1-20261005-10000Hz-600mV,10 kHz,SMILE_BOTH,T004,1,19,L2->L3,R7->R6,6.324555320336759,False,15.811388300841896,-5.0,-15.0,1.0,1.9381612500000074
session-1-20261005-10000Hz-600mV,10 kHz,SMILE_BOTH,T004,1,20,L2->L3,R6->R5,16.1245154965971,False,6.201736729460423,-0.7692307692307693,-6.153846153846154,0.9999999999999999,2.036660149999989
session-1-20261005-10000Hz-600mV,10 kHz,SMILE_BOTH,T004,1,21,L2->L3,R5->R4,8.06225774829855,False,0.0,0.0,0.0,0.0,2.135676849999996
session-1-20261005-10000Hz-600mV,10 kHz,SMILE_BOTH,T004,1,22,L2->L3,R4->R3,9.848857801796104,False,0.0,0.0,0.0,0.0,2.2361675500000047
session-1-20261005-10000Hz-600mV,10 kHz,SMILE_BOTH,T004,1,23,L2->L3,R3->R2,8.0,False,12.5,0.0,12.5,1.0,2.336648949999997
session-1-20261005-10000Hz-600mV,10 kHz,SMILE_BOTH,T004,1,24,L2->L3,R2->R1,49.24428900898052,False,2.030692330267238,-1.8556701030927836,0.8247422680412372,1.0,2.435200149999986
session-1-20261005-10000Hz-600mV,10 kHz,SMILE_BOTH,T004,1,25,L2->L3,R1->L1,12.206555615733702,False,24.576957615571214,-20.13422818791946,14.09395973154362,2.9999999999999996,2.5326775999999995
session-1-20261005-10000Hz-600mV,10 kHz,SMILE_BOTH,T004,1,26,L3->L4,L1->L2,290.5942188000305,True,3.7063124169309445,3.6639232636627383,0.5589436911599266,10.770329614269007,2.631182349999989
session-1-20261005-10000Hz-600mV,10 kHz,SMILE_BOTH,T004,1,27,L3->L4,L5->L6,256.51705596314645,True,1.6073417068259286,-1.6048388322365923,0.08966429081624899,4.123105625617661,2.7303667999999988
session-1-20261005-10000Hz-600mV,10 kHz,SMILE_BOTH,T004,1,28,L3->L4,L6->L7,20.09975124224178,False,20.513217183267983,-20.297029702970296,-2.9702970297029703,4.123105625617661,2.8281821500000035
session-1-20261005-10000Hz-600mV,10 kHz,SMILE_BOTH,T004,1,29,L3->L4,L7->L8,20.591260281974,False,30.714755841697556,30.18867924528302,-5.660377358490567,6.324555320336758,2.927244950000002
session-1-20261005-10000Hz-600mV,10 kHz,SMILE_BOTH,T004,1,30,L3->L4,L8->R8,19.697715603592208,False,15.230192477004284,13.917525773195875,-6.185567010309277,2.9999999999999996,3.0262017000000014
session-1-20261005-10000Hz-600mV,10 kHz,SMILE_BOTH,T004,1,31,L3->L4,R8->R7,8.485281374238571,False,37.26779962499649,-33.33333333333333,16.666666666666664,3.1622776601683795,3.1276521499999888
session-1-20261005-10000Hz-600mV,10 kHz,SMILE_BOTH,T004,1,32,L3->L4,R7->R6,26.076809620810597,False,3.8348249442368516,-3.2352941176470584,2.0588235294117645,1.0,3.2301525000000026
session-1-20261005-10000Hz-600mV,10 kHz,SMILE_BOTH,T004,1,33,L3->L4,R6->R5,11.0,False,28.747978728803446,27.27272727272727,9.090909090909092,3.162277660168379,3.329623099999992
session-1-20261005-10000Hz-600mV,10 kHz,SMILE_BOTH,T004,1,34,L3->L4,R5->R4,62.76941930590086,True,3.5623524993954825,-3.5532994923857872,-0.2538071065989848,2.23606797749979,3.4296350999999987
session-1-20261005-10000Hz-600mV,10 kHz,SMILE_BOTH,T004,1,35,L3->L4,R4->R3,50.08991914547277,True,5.9892290727946715,-5.978477481068155,0.35870864886408926,2.9999999999999996,3.535146400000002
session-1-20261005-10000Hz-600mV,10 kHz,SMILE_BOTH,T004,1,36,L3->L4,R3->R2,13.601470508735444,False,10.397504898200726,-9.18918918918919,-4.864864864864865,1.4142135623730951,3.639156749999998
session-1-20261005-10000Hz-600mV,10 kHz,SMILE_BOTH,T004,1,37,L3->L4,R2->R1,23.430749027719962,False,9.543305571897804,-3.8251366120218573,8.743169398907105,2.23606797749979,3.7381454499999904
session-1-20261005-10000Hz-600mV,10 kHz,SMILE_BOTH,T004,1,38,L3->L4,R1->L1,117.00427342623004,True,1.9110994086122908,-1.3513513513513513,1.3513513513513513,2.23606797749979,3.8373010499999936
session-1-20261005-10000Hz-600mV,10 kHz,SMILE_BOTH,T004,1,39,L4->L5,L1->L2,86.02325267042627,True,2.5993762245501815,2.5675675675675675,0.4054054054054053,2.23606797749979,3.9353300999999874
session-1-20261005-10000Hz-600mV,10 kHz,SMILE_BOTH,T004,1,40,L4->L5,L2->L3,267.67517628648346,True,3.9003641106176588,-3.892533147243545,0.24703419399860435,10.44030650891055,4.034155499999997
session-1-20261005-10000Hz-600mV,10 kHz,SMILE_BOTH,T004,1,41,L4->L5,L6->L7,205.1974658712919,True,8.510947794807201,-8.50472616729207,-0.32536930603714415,17.46424919657298,4.133636199999998
session-1-20261005-10000Hz-600mV,10 kHz,SMILE_BOTH,T004,1,42,L4->L5,L7->L8,69.26037828369117,True,15.550492043450346,15.509693558474044,1.125703564727955,10.770329614269006,4.233608250000003
session-1-20261005-10000Hz-600mV,10 kHz,SMILE_BOTH,T004,1,43,L4->L5,L8->R8,49.64876634922564,False,22.964828915974078,22.920892494929003,-1.4198782961460443,11.401754250991377,4.336178899999993
session-1-20261005-10000Hz-600mV,10 kHz,SMILE_BOTH,T004,1,44,L4->L5,R8->R7,19.4164878389476,False,5.150262026246048,-5.039787798408488,1.0610079575596816,1.0,4.440271899999999
session-1-20261005-10000Hz-600mV,10 kHz,SMILE_BOTH,T004,1,45,L4->L5,R7->R6,20.39607805437114,False,15.504341823651057,-15.384615384615385,-1.923076923076923,3.16227766016838,4.543281900000011
session-1-20261005-10000Hz-600mV,10 kHz,SMILE_BOTH,T004,1,46,L4->L5,R6->R5,6.0,False,37.26779962499649,-33.33333333333333,-16.666666666666664,2.23606797749979,4.643146699999988
session-1-20261005-10000Hz-600mV,10 kHz,SMILE_BOTH,T004,1,47,L4->L5,R5->R4,44.92215489043241,False,7.039461192102977,-7.036669970267592,-0.19821605550049567,3.1622776601683795,4.7400989999999865
session-1-20261005-10000Hz-600mV,10 kHz,SMILE_BOTH,T004,1,48,L4->L5,R4->R3,33.54101966249685,False,9.428090415820636,-9.333333333333334,1.3333333333333335,3.1622776601683804,4.83816379999999
session-1-20261005-10000Hz-600mV,10 kHz,SMILE_BOTH,T004,1,49,L4->L5,R3->R2,15.0,False,0.0,0.0,0.0,0.0,4.939122949999998
session-1-20261005-10000Hz-600mV,10 kHz,SMILE_BOTH,T004,1,50,L4->L5,R2->R1,101.24228365658294,True,0.9877295966495897,-0.9268292682926829,0.3414634146341463,1.0000000000000002,5.041073650000001
session-1-20261005-10000Hz-600mV,10 kHz,SMILE_BOTH,T004,1,51,L4->L5,R1->L1,10.44030650891055,False,39.49218944959795,39.449541284403665,-1.8348623853211004,4.123105625617661,5.144176799999997
session-1-20261005-10000Hz-600mV,10 kHz,SMILE_BOTH,T004,1,52,L5->L6,L1->L2,99.62429422585639,True,3.1742033253447586,3.1738035264483626,-0.05037783375314864,3.1622776601683795,5.2452191
session-1-20261005-10000Hz-600mV,10 kHz,SMILE_BOTH,T004,1,53,L5->L6,L2->L3,209.65209276322523,True,4.075324807259077,-4.074714474223051,0.07052827956499973,8.544003745317529,5.349758399999999
session-1-20261005-10000Hz-600mV,10 kHz,SMILE_BOTH,T004,1,54,L5->L6,L3->L4,327.2308053958246,True,0.9167841017813538,-0.846096376540904,0.35300709749719833,3.0000000000000004,5.454815800000006
session-1-20261005-10000Hz-600mV,10 kHz,SMILE_BOTH,T004,1,55,L5->L6,L7->L8,217.4626404695758,True,5.761892736649022,5.72848382321844,0.6195813068301966,12.529964086141664,5.554751049999993
session-1-20261005-10000Hz-600mV,10 kHz,SMILE_BOTH,T004,1,56,L5->L6,L8->R8,64.62197768561404,True,16.666666666666668,16.666666666666668,-3.1902960477734386e-16,10.770329614269007,5.654777199999998
session-1-20261005-10000Hz-600mV,10 kHz,SMILE_BOTH,T004,1,57,L5->L6,R8->R7,19.924858845171276,False,27.027367415652137,26.952141057934508,2.015113350125945,5.385164807134504,5.753200099999987
session-1-20261005-10000Hz-600mV,10 kHz,SMILE_BOTH,T004,1,58,L5->L6,R7->R6,5.0,False,20.0,-12.0,-16.0,1.0,5.851074149999988
session-1-20261005-10000Hz-600mV,10 kHz,SMILE_BOTH,T004,1,59,L5->L6,R6->R5,33.95585369269929,False,4.164859394117249,3.555941023417173,2.168256721595837,1.4142135623730954,5.9491556499999945
session-1-20261005-10000Hz-600mV,10 kHz,SMILE_BOTH,T004,1,60,L5->L6,R5->R4,6.0827625302982185,False,36.76073110469038,21.621621621621617,-29.729729729729726,2.236067977499789,6.0496425999999985
session-1-20261005-10000Hz-600mV,10 kHz,SMILE_BOTH,T004,1,61,L5->L6,R4->R3,7.211102550927979,False,13.867504905630728,11.538461538461538,7.6923076923076925,1.0000000000000002,6.150640449999997
session-1-20261005-10000Hz-600mV,10 kHz,SMILE_BOTH,T004,1,62,L5->L6,R3->R2,4.123105625617661,False,24.253562503633297,-23.52941176470588,-5.88235294117647,1.0,6.253665100000006
session-1-20261005-10000Hz-600mV,10 kHz,SMILE_BOTH,T004,1,63,L5->L6,R2->R1,30.80584360149873,False,6.492274731611955,-5.268703898840886,3.7934668071654376,2.0000000000000004,6.359174050000007
session-1-20261005-10000Hz-600mV,10 kHz,SMILE_BOTH,T004,1,64,L5->L6,R1->L1,72.44998274671983,True,3.086360952378595,-1.8670222899599922,2.4576109735187655,2.23606797749979,6.46015349999999
session-1-20261005-10000Hz-600mV,10 kHz,SMILE_BOTH,T004,1,65,L6->L7,L1->L2,61.26989472816157,True,6.7294152273490875,-6.579648375066596,1.4118273841236015,4.123105625617661,6.557686799999999
session-1-20261005-10000Hz-600mV,10 kHz,SMILE_BOTH,T004,1,66,L6->L7,L2->L3,56.85947590331799,True,11.797864517614936,-11.784720074234457,-0.5567584287039903,6.7082039324993685,6.656738300000001
session-1-20261005-10000Hz-600mV,10 kHz,SMILE_BOTH,T004,1,67,L6->L7,L3->L4,37.64306044943742,False,14.305863399092953,-14.25546930134086,-1.199717713479181,5.385164807134503,6.755658499999996
session-1-20261005-10000Hz-600mV,10 kHz,SMILE_BOTH,T004,1,68,L6->L7,L4->L5,266.56331330473813,True,8.388506091772246,-8.387750506642648,-0.11258725512272011,22.360679774997898,6.856175900000011
session-1-20261005-10000Hz-600mV,10 kHz,SMILE_BOTH,T004,1,69,L6->L7,L8->R8,354.74215988517636,True,2.42495148302278,2.38553106276124,0.43546669633349755,8.602325267042625,6.956172499999994
session-1-20261005-10000Hz-600mV,10 kHz,SMILE_BOTH,T004,1,70,L6->L7,R8->R7,65.76473218982952,True,8.188529973162904,8.138728323699421,-0.9017341040462425,5.385164807134503,7.056137799999988
session-1-20261005-10000Hz-600mV,10 kHz,SMILE_BOTH,T004,1,71,L6->L7,R7->R6,50.08991914547277,True,17.173765527669296,-16.939019529693105,-2.8298126743722603,8.602325267042625,7.160273700000005
session-1-20261005-10000Hz-600mV,10 kHz,SMILE_BOTH,T004,1,72,L6->L7,R6->R5,23.40939982143925,False,13.508580673957482,-13.503649635036496,0.36496350364963515,3.16227766016838,7.262792849999997
session-1-20261005-10000Hz-600mV,10 kHz,SMILE_BOTH,T004,1,73,L6->L7,R5->R4,18.38477631085024,False,34.401045807689066,-34.319526627218934,2.366863905325443,6.324555320336759,7.360718849999998
session-1-20261005-10000Hz-600mV,10 kHz,SMILE_BOTH,T004,1,74,L6->L7,R4->R3,14.212670403551895,False,31.46583877637763,-28.712871287128717,12.871287128712869,4.47213595499958,7.4576576000000045
session-1-20261005-10000Hz-600mV,10 kHz,SMILE_BOTH,T004,1,75,L6->L7,R3->R2,4.123105625617661,False,48.507125007266595,-47.05882352941176,11.76470588235294,2.0,7.5567662499999955
session-1-20261005-10000Hz-600mV,10 kHz,SMILE_BOTH,T004,1,76,L6->L7,R2->R1,46.61544808322667,False,6.783754721229938,-6.764841233317993,0.5062126092959044,3.16227766016838,7.656332700000007
session-1-20261005-10000Hz-600mV,10 kHz,SMILE_BOTH,T004,1,77,L6->L7,R1->L1,49.64876634922564,False,8.304547985373995,-8.275862068965516,0.689655172413793,4.12310562561766,7.755675599999989
session-1-20261005-10000Hz-600mV,10 kHz,SMILE_BOTH,T004,1,78,L7->L8,L1->L2,18.681541692269406,False,52.71972711905063,-52.14899713467048,-7.736389684813753,9.848857801796104,7.8556780499999945
session-1-20261005-10000Hz-600mV,10 kHz,SMILE_BOTH,T004,1,79,L7->L8,L2->L3,29.154759474226502,False,4.85071250072666,4.470588235294119,1.8823529411764708,1.4142135623730951,7.954732699999994
session-1-20261005-10000Hz-600mV,10 kHz,SMILE_BOTH,T004,1,80,L7->L8,L3->L4,30.413812651491096,False,29.408584883752305,29.405405405405403,-0.43243243243243173,8.944271909999156,8.053164999999993
session-1-20261005-10000Hz-600mV,10 kHz,SMILE_BOTH,T004,1,81,L7->L8,L4->L5,105.54619841567009,True,13.988967183910733,13.985637342908438,0.30520646319569167,14.764823060233399,8.150724400000001
session-1-20261005-10000Hz-600mV,10 kHz,SMILE_BOTH,T004,1,82,L7->L8,L5->L6,243.31050121192877,True,5.016863454282857,4.972972972972973,0.6621621621621623,12.206555615733702,8.247751249999993
session-1-20261005-10000Hz-600mV,10 kHz,SMILE_BOTH,T004,1,83,L7->L8,R8->R7,164.84234892769516,True,21.746169531710187,21.5912854671917,-2.5908070511169177,35.84689665786984,8.346214150000009
session-1-20261005-10000Hz-600mV,10 kHz,SMILE_BOTH,T004,1,84,L7->L8,R7->R6,83.24061508662703,True,2.402673259824709,2.1070861596189925,-1.1545677586953385,2.0,8.4457242
session-1-20261005-10000Hz-600mV,10 kHz,SMILE_BOTH,T004,1,85,L7->L8,R6->R5,31.38470965295043,False,21.374114996372896,21.31979695431472,-1.522842639593908,6.708203932499369,8.549685799999992
session-1-20261005-10000Hz-600mV,10 kHz,SMILE_BOTH,T004,1,86,L7->L8,R5->R4,20.248456731316587,False,26.595433314212634,-26.585365853658534,-0.7317073170731712,5.385164807134502,8.652609949999999
session-1-20261005-10000Hz-600mV,10 kHz,SMILE_BOTH,T004,1,87,L7->L8,R4->R3,14.212670403551895,False,44.499415948998475,-37.62376237623762,23.762376237623762,6.324555320336758,8.754118599999998
session-1-20261005-10000Hz-600mV,10 kHz,SMILE_BOTH,T004,1,88,L7->L8,R3->R2,3.0,False,47.14045207910317,33.33333333333333,33.33333333333333,1.414213562373095,8.856181899999996
session-1-20261005-10000Hz-600mV,10 kHz,SMILE_BOTH,T004,1,89,L7->L8,R2->R1,43.41658669218482,False,24.80694691784169,-24.615384615384613,3.0769230769230775,10.770329614269007,8.954668300000009
session-1-20261005-10000Hz-600mV,10 kHz,SMILE_BOTH,T004,1,90,L7->L8,R1->L1,62.64982043070834,True,4.514661183864803,4.3312101910828025,1.2738853503184715,2.8284271247461903,9.060980650000005
session-1-20261005-10000Hz-600mV,10 kHz,SMILE_BOTH,T004,1,91,L8->R8,L1->L2,2.23606797749979,False,44.721359549995796,40.0,20.0,1.0000000000000002,9.168499099999991
session-1-20261005-10000Hz-600mV,10 kHz,SMILE_BOTH,T004,1,92,L8->R8,L2->L3,25.63201123595259,False,14.066595251825904,13.698630136986301,3.1963470319634704,3.6055512754639887,9.267669900000001
session-1-20261005-10000Hz-600mV,10 kHz,SMILE_BOTH,T004,1,93,L8->R8,L3->L4,31.304951684997057,False,17.202277969703278,17.142857142857142,-1.4285714285714286,5.385164807134504,9.365625199999997
session-1-20261005-10000Hz-600mV,10 kHz,SMILE_BOTH,T004,1,94,L8->R8,L4->L5,77.3886296557834,True,18.501194719380013,18.50058440474203,-0.15027550509266974,14.317821063276353,9.463123949999996
session-1-20261005-10000Hz-600mV,10 kHz,SMILE_BOTH,T004,1,95,L8->R8,L5->L6,68.4470598345904,True,17.6531263764938,17.652081109925295,-0.1921024546424756,12.083045973594572,9.559655499999991
session-1-20261005-10000Hz-600mV,10 kHz,SMILE_BOTH,T004,1,96,L8->R8,L6->L7,368.95799218881274,True,2.3315188853912727,2.3051494894586058,0.34966576066994787,8.602325267042625,9.657235549999996
session-1-20261005-10000Hz-600mV,10 kHz,SMILE_BOTH,T004,1,97,L8->R8,R7->R6,404.7344808636892,True,3.7061334551952507,3.649960319882792,0.6428178987851778,15.000000000000005,9.755708049999996
session-1-20261005-10000Hz-600mV,10 kHz,SMILE_BOTH,T004,1,98,L8->R8,R6->R5,99.76472322419383,True,11.689406247821363,11.674871897920227,0.5827388727016982,11.661903789690603,9.854661450000009
session-1-20261005-10000Hz-600mV,10 kHz,SMILE_BOTH,T004,1,99,L8->R8,R5->R4,52.32590180780451,True,13.781133820521042,13.659605551497444,1.8261504747991237,7.211102550927978,9.953710849999993
session-1-20261005-10000Hz-600mV,10 kHz,SMILE_BOTH,T004,1,100,L8->R8,R4->R3,25.495097567963924,False,5.547001962252291,5.538461538461538,0.3076923076923077,1.414213562373095,10.051117349999998
session-1-20261005-10000Hz-600mV,10 kHz,SMILE_BOTH,T004,1,101,L8->R8,R3->R2,11.180339887498949,False,20.0,20.0,0.0,2.23606797749979,10.148136649999998
session-1-20261005-10000Hz-600mV,10 kHz,SMILE_BOTH,T004,1,102,L8->R8,R2->R1,30.463092423455635,False,19.96764624465598,-19.396551724137932,4.7413793103448265,6.08276253029822,10.245188350000006
session-1-20261005-10000Hz-600mV,10 kHz,SMILE_BOTH,T004,1,103,L8->R8,R1->L1,78.7210264160726,True,6.351543199618573,6.228820396966273,1.2425367113119252,5.0,10.342687299999994
session-1-20261005-10000Hz-600mV,10 kHz,SMILE_BOTH,T004,1,104,R8->R7,L1->L2,6.4031242374328485,False,139.68605915391564,-136.58536585365854,29.268292682926838,8.944271909999157,10.441119850000007
session-1-20261005-10000Hz-600mV,10 kHz,SMILE_BOTH,T004,1,105,R8->R7,L2->L3,13.601470508735444,False,7.352146220938079,2.1621621621621623,7.027027027027027,1.0000000000000002,10.540095949999994
session-1-20261005-10000Hz-600mV,10 kHz,SMILE_BOTH,T004,1,106,R8->R7,L3->L4,16.55294535724685,False,27.017161347914964,-27.00729927007299,-0.72992700729927,4.4721359549995805,10.638155799999993
session-1-20261005-10000Hz-600mV,10 kHz,SMILE_BOTH,T004,1,107,R8->R7,L4->L5,36.76955262170048,False,5.439282932204212,-5.029585798816568,2.0710059171597632,2.0000000000000004,10.73567804999999
session-1-20261005-10000Hz-600mV,10 kHz,SMILE_BOTH,T004,1,108,R8->R7,L5->L6,20.248456731316587,False,28.797018815893548,28.292682926829272,5.365853658536586,5.830951894845302,10.833183200000008
session-1-20261005-10000Hz-600mV,10 kHz,SMILE_BOTH,T004,1,109,R8->R7,L6->L7,72.71863585079137,True,7.405481062906791,7.299546142208774,-1.2481089258698939,5.385164807134504,10.930151550000005
session-1-20261005-10000Hz-600mV,10 kHz,SMILE_BOTH,T004,1,110,R8->R7,L7->L8,163.37074401495514,True,22.50681591946141,22.360434619707757,-2.562757587111277,36.76955262170047,11.027694400000001
session-1-20261005-10000Hz-600mV,10 kHz,SMILE_BOTH,T004,1,111,R8->R7,R6->R5,236.79949324270103,True,3.2161272820201243,-3.199343724364233,0.32813781788351115,7.615773105863909,11.125715549999995
session-1-20261005-10000Hz-600mV,10 kHz,SMILE_BOTH,T004,1,112,R8->R7,R5->R4,66.18912297349165,True,12.180638428352395,12.166172106824924,0.593471810089021,8.062257748298547,11.22882835
session-1-20261005-10000Hz-600mV,10 kHz,SMILE_BOTH,T004,1,113,R8->R7,R4->R3,26.907248094147423,False,16.62056238286334,16.02209944751381,-4.41988950276243,4.47213595499958,11.332832699999997
session-1-20261005-10000Hz-600mV,10 kHz,SMILE_BOTH,T004,1,114,R8->R7,R3->R2,13.0,False,7.692307692307692,2.9585798816568047,7.100591715976331,0.9999999999999999,11.431807399999997
session-1-20261005-10000Hz-600mV,10 kHz,SMILE_BOTH,T004,1,115,R8->R7,R2->R1,18.027756377319946,False,37.210420376762535,36.92307692307692,-4.615384615384614,6.708203932499368,11.529760049999993
session-1-20261005-10000Hz-600mV,10 kHz,SMILE_BOTH,T004,1,116,R8->R7,R1->L1,61.7170964968379,True,3.6230932827735276,2.9141506957206618,2.1527960094512997,2.23606797749979,11.627685499999998
session-1-20261005-10000Hz-600mV,10 kHz,SMILE_BOTH,T004,1,117,R7->R6,L1->L2,26.627053911388693,False,8.397729560848628,-8.321579689703809,1.1283497884344142,2.2360679774997894,11.72622475
session-1-20261005-10000Hz-600mV,10 kHz,SMILE_BOTH,T004,1,118,R7->R6,L2->L3,16.278820596099706,False,8.687444855261388,-7.169811320754717,-4.905660377358491,1.4142135623730951,11.825726900000006
session-1-20261005-10000Hz-600mV,10 kHz,SMILE_BOTH,T004,1,119,R7->R6,L3->L4,28.178005607210743,False,7.935508313361896,-7.934508816120907,0.12594458438287165,2.23606797749979,11.925644349999999
session-1-20261005-10000Hz-600mV,10 kHz,SMILE_BOTH,T004,1,120,R7->R6,L4->L5,46.238512086787566,False,6.839055837767721,-6.828811973807296,0.37418147801683804,3.1622776601683786,12.02572465
session-1-20261005-10000Hz-600mV,10 kHz,SMILE_BOTH,T004,1,121,R7->R6,L5->L6,9.219544457292889,False,15.339299776947406,-8.235294117647058,-12.941176470588237,1.4142135623730951,12.124686400000002
session-1-20261005-10000Hz-600mV,10 kHz,SMILE_BOTH,T004,1,122,R7->R6,L6->L7,60.83584469702052,True,14.702305778023018,-14.698730072953254,-0.32423669278573364,8.944271909999157,12.221585399999995
session-1-20261005-10000Hz-600mV,10 kHz,SMILE_BOTH,T004,1,123,R7->R6,L7->L8,82.0792300158816,True,2.4366700316426186,2.256197120379991,-0.9202909306813122,2.0,12.32007695
session-1-20261005-10000Hz-600mV,10 kHz,SMILE_BOTH,T004,1,124,R7->R6,L8->R8,392.7709256042254,True,3.6453362838021426,3.6423390311728214,0.14779378877156135,14.317821063276348,12.419072200000002
session-1-20261005-10000Hz-600mV,10 kHz,SMILE_BOTH,T004,1,125,R7->R6,R5->R4,108.07867504739312,True,20.792450540673297,-20.785891618868245,0.522215563735981,22.472205054244224,12.517064599999998
session-1-20261005-10000Hz-600mV,10 kHz,SMILE_BOTH,T004,1,126,R7->R6,R4->R3,10.63014581273465,False,80.37522622767816,-70.79646017699115,38.05309734513274,8.544003745317532,12.615607999999995
session-1-20261005-10000Hz-600mV,10 kHz,SMILE_BOTH,T004,1,127,R7->R6,R3->R2,23.40939982143925,False,19.10401799752175,-18.978102189781023,-2.1897810218978098,4.47213595499958,12.715625899999992
session-1-20261005-10000Hz-600mV,10 kHz,SMILE_BOTH,T004,1,128,R7->R6,R2->R1,11.40175425099138,False,24.806946917841692,-12.307692307692308,-21.53846153846154,2.82842712474619,12.814239200000003
session-1-20261005-10000Hz-600mV,10 kHz,SMILE_BOTH,T004,1,129,R7->R6,R1->L1,71.58910531638176,True,10.169298606410447,-9.93170731707317,2.1853658536585363,7.280109889280518,12.910246450000002
session-1-20261005-10000Hz-600mV,10 kHz,SMILE_BOTH,T004,1,130,R6->R5,L1->L2,3.6055512754639896,False,39.2232270276368,-7.692307692307694,38.46153846153846,1.4142135623730951,13.008181699999994
session-1-20261005-10000Hz-600mV,10 kHz,SMILE_BOTH,T004,1,131,R6->R5,L2->L3,21.587033144922902,False,6.551217820804184,-5.579399141630901,-3.4334763948497855,1.414213562373095,13.106230100000005
session-1-20261005-10000Hz-600mV,10 kHz,SMILE_BOTH,T004,1,132,R6->R5,L3->L4,4.123105625617661,False,54.23261445466405,52.94117647058824,11.76470588235294,2.2360679774997902,13.2027267
session-1-20261005-10000Hz-600mV,10 kHz,SMILE_BOTH,T004,1,133,R6->R5,L4->L5,18.439088914585778,False,17.14985851425088,-17.058823529411764,-1.7647058823529416,3.1622776601683795,13.305146750000006
session-1-20261005-10000Hz-600mV,10 kHz,SMILE_BOTH,T004,1,134,R6->R5,L5->L6,30.14962686336267,False,4.6906502982019465,3.6303630363036308,2.9702970297029703,1.4142135623730951,13.410609800000003
session-1-20261005-10000Hz-600mV,10 kHz,SMILE_BOTH,T004,1,135,R6->R5,L6->L7,24.351591323771842,False,9.182430617242481,-9.106239460370993,-1.1804384485666106,2.2360679774997894,13.510583449999999
session-1-20261005-10000Hz-600mV,10 kHz,SMILE_BOTH,T004,1,136,R6->R5,L7->L8,25.0,False,21.540659228538015,21.439999999999998,2.079999999999999,5.385164807134504,13.608610299999995
session-1-20261005-10000Hz-600mV,10 kHz,SMILE_BOTH,T004,1,137,R6->R5,L8->R8,86.97700845625813,True,12.382961664731832,12.372769332452084,0.5023132848645079,10.77032961426901,13.7072888
session-1-20261005-10000Hz-600mV,10 kHz,SMILE_BOTH,T004,1,138,R6->R5,R8->R7,205.30221625691235,True,3.5460454455933834,-3.537450473320838,0.2467436949868325,7.280109889280519,13.810780249999993
session-1-20261005-10000Hz-600mV,10 kHz,SMILE_BOTH,T004,1,139,R6->R5,R4->R3,365.87429535292586,True,0.9854617613915841,0.9606765075001494,0.21962588896193153,3.60555127546399,13.913689000000005
session-1-20261005-10000Hz-600mV,10 kHz,SMILE_BOTH,T004,1,140,R6->R5,R3->R2,203.423204182807,True,0.4915860036799666,-0.46156448611681683,0.16915975930982816,0.9999999999999997,14.011640999999997
session-1-20261005-10000Hz-600mV,10 kHz,SMILE_BOTH,T004,1,141,R6->R5,R2->R1,135.4400236266961,True,2.953336755924468,2.8347143480156998,-0.8286088094199738,4.0,14.1096517
session-1-20261005-10000Hz-600mV,10 kHz,SMILE_BOTH,T004,1,142,R6->R5,R1->L1,91.78779875342909,True,2.178938842811373,-1.9940652818991096,0.8783382789317506,1.9999999999999998,14.208697399999991
session-1-20261005-10000Hz-600mV,10 kHz,SMILE_BOTH,T004,1,143,R5->R4,L1->L2,61.465437442517235,True,1.6269305834440775,1.508734780307041,-0.6087877183695077,1.0,14.31022745
session-1-20261005-10000Hz-600mV,10 kHz,SMILE_BOTH,T004,1,144,R5->R4,L2->L3,11.0,False,0.0,0.0,0.0,0.0,14.410229549999997
session-1-20261005-10000Hz-600mV,10 kHz,SMILE_BOTH,T004,1,145,R5->R4,L3->L4,61.68468205316454,True,3.6249971679720696,-3.6005256241787134,-0.42049934296977665,2.2360679774997902,14.510727400000007
session-1-20261005-10000Hz-600mV,10 kHz,SMILE_BOTH,T004,1,146,R5->R4,L4->L5,69.92138442565334,True,1.4301776319421837,-1.370423399468194,0.40908161178155045,0.9999999999999998,14.611672400000003
session-1-20261005-10000Hz-600mV,10 kHz,SMILE_BOTH,T004,1,147,R5->R4,L5->L6,7.810249675906654,False,12.803687993289598,-8.196721311475411,-9.836065573770494,1.0,14.711098550000003
session-1-20261005-10000Hz-600mV,10 kHz,SMILE_BOTH,T004,1,148,R5->R4,L6->L7,27.202941017470888,False,18.744368523675355,-18.64864864864865,1.8918918918918923,5.099019513592785,14.81157884999999
session-1-20261005-10000Hz-600mV,10 kHz,SMILE_BOTH,T004,1,149,R5->R4,L7->L8,21.0,False,19.63383631246505,-19.047619047619047,-4.761904761904762,4.123105625617661,14.91056365
session-1-20261005-10000Hz-600mV,10 kHz,SMILE_BOTH,T004,1,150,R5->R4,L8->R8,48.27007354458868,False,11.156321943781682,11.030042918454937,1.6738197424892705,5.385164807134504,15.009125249999997
session-1-20261005-10000Hz-600mV,10 kHz,SMILE_BOTH,T004,1,151,R5->R4,R8->R7,59.43904440685432,True,8.578569128215632,8.576280781205774,-0.19813189923577695,5.0990195135927845,15.108224649999997
session-1-20261005-10000Hz-600mV,10 kHz,SMILE_BOTH,T004,1,152,R5->R4,R7->R6,92.19544457292888,True,20.262976960311573,-20.235294117647058,-1.058823529411765,18.681541692269402,15.208690599999997
session-1-20261005-10000Hz-600mV,10 kHz,SMILE_BOTH,T004,1,153,R5->R4,R3->R2,267.21714016881475,True,2.2763369619386795,-2.250542679084098,0.3417127652125201,6.082762530298221,15.30957165000001
session-1-20261005-10000Hz-600mV,10 kHz,SMILE_BOTH,T004,1,154,R5->R4,R2->R1,41.62931659299729,False,32.048722285223896,-31.448355452971725,6.174264281592613,13.341664064126332,15.409538449999985
session-1-20261005-10000Hz-600mV,10 kHz,SMILE_BOTH,T004,1,155,R5->R4,R1->L1,21.2602916254693,False,14.11081302575396,-9.29203539823009,10.619469026548673,3.0000000000000004,15.507556600000001
session-1-20261005-10000Hz-600mV,10 kHz,SMILE_BOTH,T004,1,156,R4->R3,L1->L2,34.0147027033899,False,5.879810320378548,-5.877268798617113,0.17286084701815038,2.0000000000000004,15.605059799999992
session-1-20261005-10000Hz-600mV,10 kHz,SMILE_BOTH,T004,1,157,R4->R3,L2->L3,5.8309518948453,False,17.14985851425088,14.705882352941178,8.823529411764707,0.9999999999999998,15.703587049999996
session-1-20261005-10000Hz-600mV,10 kHz,SMILE_BOTH,T004,1,158,R4->R3,L3->L4,39.20459156782532,False,8.066090051461263,-7.872478854912167,-1.756668835393624,3.162277660168379,15.802589499999996
session-1-20261005-10000Hz-600mV,10 kHz,SMILE_BOTH,T004,1,159,R4->R3,L4->L5,18.027756377319946,False,16.641005886756872,-16.615384615384617,0.923076923076923,3.0,15.901618549999995
session-1-20261005-10000Hz-600mV,10 kHz,SMILE_BOTH,T004,1,160,R4->R3,L5->L6,5.385164807134504,False,18.569533817705185,6.896551724137932,17.24137931034483,0.9999999999999999,16.000607099999996
session-1-20261005-10000Hz-600mV,10 kHz,SMILE_BOTH,T004,1,161,R4->R3,L6->L7,6.0827625302982185,False,51.987524491003626,-51.35135135135134,-8.108108108108107,3.162277660168378,16.099190249999992
session-1-20261005-10000Hz-600mV,10 kHz,SMILE_BOTH,T004,1,162,R4->R3,L7->L8,12.206555615733702,False,33.77779740177616,-31.543624161073826,12.080536912751677,4.123105625617661,16.19668809999999
session-1-20261005-10000Hz-600mV,10 kHz,SMILE_BOTH,T004,1,163,R4->R3,L8->R8,20.248456731316587,False,4.9386479832479475,-1.7073170731707314,-4.634146341463414,1.0,16.295178849999985
session-1-20261005-10000Hz-600mV,10 kHz,SMILE_BOTH,T004,1,164,R4->R3,R8->R7,18.788294228055936,False,21.289851816493975,19.263456090651555,-9.065155807365437,3.9999999999999996,16.394691899999998
session-1-20261005-10000Hz-600mV,10 kHz,SMILE_BOTH,T004,1,165,R4->R3,R7->R6,16.643316977093235,False,36.54777793795632,-33.574007220216615,14.440433212996393,6.082762530298219,16.49313509999999
session-1-20261005-10000Hz-600mV,10 kHz,SMILE_BOTH,T004,1,166,R4->R3,R6->R5,306.3396807467162,True,1.0322781731900326,1.0251054942244577,0.12147819786027876,3.16227766016838,16.593171600000005
session-1-20261005-10000Hz-600mV,10 kHz,SMILE_BOTH,T004,1,167,R4->R3,R2->R1,445.6601844455033,True,2.5087141005000677,-2.505374774058093,-0.129397370766264,11.18033988749895,16.692684099999994
session-1-20261005-10000Hz-600mV,10 kHz,SMILE_BOTH,T004,1,168,R4->R3,R1->L1,111.23398761170077,True,3.5960231992791005,-3.329831083811525,1.3577951992241168,4.0,16.789076499999993
session-1-20261005-10000Hz-600mV,10 kHz,SMILE_BOTH,T004,1,169,R3->R2,L1->L2,29.966648127543394,False,3.337043221329999,3.0066815144766146,-1.447661469933185,1.0,16.88711964999999
session-1-20261005-10000Hz-600mV,10 kHz,SMILE_BOTH,T004,1,170,R3->R2,L2->L3,18.027756377319946,False,7.844645405527362,5.846153846153846,5.23076923076923,1.4142135623730951,16.984642749999992
session-1-20261005-10000Hz-600mV,10 kHz,SMILE_BOTH,T004,1,171,R3->R2,L3->L4,11.045361017187261,False,20.244408254472894,-18.85245901639344,-7.377049180327868,2.2360679774997894,17.081569799999997
session-1-20261005-10000Hz-600mV,10 kHz,SMILE_BOTH,T004,1,172,R3->R2,L4->L5,6.324555320336759,False,15.811388300841896,15.0,5.0,1.0,17.179182150000003
session-1-20261005-10000Hz-600mV,10 kHz,SMILE_BOTH,T004,1,173,R3->R2,L5->L6,7.810249675906654,False,0.0,0.0,0.0,0.0,17.27665859999999
session-1-20261005-10000Hz-600mV,10 kHz,SMILE_BOTH,T004,1,174,R3->R2,L6->L7,11.180339887498949,False,17.88854381999832,-17.6,3.2,2.0,17.3751934
session-1-20261005-10000Hz-600mV,10 kHz,SMILE_BOTH,T004,1,175,R3->R2,L7->L8,7.0710678118654755,False,20.0,0.0,-20.0,1.4142135623730951,17.4742351
session-1-20261005-10000Hz-600mV,10 kHz,SMILE_BOTH,T004,1,176,R3->R2,L8->R8,11.045361017187261,False,27.16072381275556,27.04918032786885,2.4590163934426226,3.0000000000000004,17.573215000000005
session-1-20261005-10000Hz-600mV,10 kHz,SMILE_BOTH,T004,1,177,R3->R2,R8->R7,14.317821063276352,False,0.0,0.0,0.0,0.0,17.673296649999997
session-1-20261005-10000Hz-600mV,10 kHz,SMILE_BOTH,T004,1,178,R3->R2,R7->R6,17.46424919657298,False,18.107149208503706,-13.442622950819672,-12.131147540983607,3.162277660168379,17.773275749999996
session-1-20261005-10000Hz-600mV,10 kHz,SMILE_BOTH,T004,1,179,R3->R2,R6->R5,187.0721785835617,True,0.7559721456610887,-0.4743399245628072,0.5886387015658933,1.4142135623730951,17.873345650000005
session-1-20261005-10000Hz-600mV,10 kHz,SMILE_BOTH,T004,1,180,R3->R2,R5->R4,265.0226405422752,True,1.8866312665850988,-1.85799507382149,0.32746273331719744,5.000000000000001,17.973205199999995
session-1-20261005-10000Hz-600mV,10 kHz,SMILE_BOTH,T004,1,181,R3->R2,R1->L1,65.29931086925804,True,6.125638918316888,-5.440900562851782,2.8142589118198873,4.0,18.071579350000007
session-1-20261005-10000Hz-600mV,10 kHz,SMILE_BOTH,T004,1,182,R2->R1,L1->L2,255.07057846799972,True,0.5544400968810745,0.3827177571817217,-0.40116198644349144,1.4142135623730947,18.1685818
session-1-20261005-10000Hz-600mV,10 kHz,SMILE_BOTH,T004,1,183,R2->R1,L2->L3,9.219544457292889,False,0.0,0.0,0.0,0.0,18.267114550000002
session-1-20261005-10000Hz-600mV,10 kHz,SMILE_BOTH,T004,1,184,R2->R1,L3->L4,11.180339887498949,False,0.0,0.0,0.0,0.0,18.365620649999997
session-1-20261005-10000Hz-600mV,10 kHz,SMILE_BOTH,T004,1,185,R2->R1,L4->L5,12.041594578792294,False,0.0,0.0,0.0,0.0,18.462608200000005
session-1-20261005-10000Hz-600mV,10 kHz,SMILE_BOTH,T004,1,186,R2->R1,L5->L6,11.6619037896906,False,8.57492925712544,-7.352941176470589,4.411764705882353,0.9999999999999998,18.560139149999998
session-1-20261005-10000Hz-600mV,10 kHz,SMILE_BOTH,T004,1,187,R2->R1,L6->L7,3.1622776601683795,False,31.622776601683793,30.0,-10.0,1.0,18.6576977
session-1-20261005-10000Hz-600mV,10 kHz,SMILE_BOTH,T004,1,188,R2->R1,L7->L8,9.486832980505138,False,42.1637021355784,-13.333333333333334,40.0,4.000000000000001,18.75615485
session-1-20261005-10000Hz-600mV,10 kHz,SMILE_BOTH,T004,1,189,R2->R1,L8->R8,5.8309518948453,False,68.59943405700352,35.294117647058826,58.82352941176471,3.999999999999999,18.85513055
session-1-20261005-10000Hz-600mV,10 kHz,SMILE_BOTH,T004,1,190,R2->R1,R8->R7,13.601470508735444,False,29.408584883752308,-23.783783783783782,-17.297297297297295,4.0,18.954721199999994
session-1-20261005-10000Hz-600mV,10 kHz,SMILE_BOTH,T004,1,191,R2->R1,R7->R6,20.808652046684813,False,4.805693313322127,-3.9260969976905304,-2.771362586605081,1.0,19.054233049999993
session-1-20261005-10000Hz-600mV,10 kHz,SMILE_BOTH,T004,1,192,R2->R1,R6->R5,103.07764064044152,True,1.940285000290664,1.9388235294117646,0.07529411764705882,2.0,19.153662800000006
session-1-20261005-10000Hz-600mV,10 kHz,SMILE_BOTH,T004,1,193,R2->R1,R5->R4,11.180339887498949,False,54.405882034941776,-32.0,44.0,6.08276253029822,19.255063750000005
session-1-20261005-10000Hz-600mV,10 kHz,SMILE_BOTH,T004,1,194,R2->R1,R4->R3,326.1533381708671,True,0.613208502238977,-0.6129202075656163,-0.018801233360908477,1.9999999999999998,19.359520849999996
session-1-20261005-10000Hz-600mV,10 kHz,SMILE_BOTH,T004,1,195,R1->L1,L2->L3,24.041630560342615,False,4.159451654038515,3.9792387543252596,-1.2110726643598615,0.9999999999999999,19.46063455000001
session-1-20261005-10000Hz-600mV,10 kHz,SMILE_BOTH,T004,1,196,R1->L1,L3->L4,26.076809620810597,False,3.8348249442368525,3.823529411764706,-0.2941176470588236,1.0000000000000002,19.55866019999999
session-1-20261005-10000Hz-600mV,10 kHz,SMILE_BOTH,T004,1,197,R1->L1,L4->L5,23.345235059857504,False,8.567058737562387,8.440366972477065,-1.4678899082568808,2.0,19.658190599999998
session-1-20261005-10000Hz-600mV,10 kHz,SMILE_BOTH,T004,1,198,R1->L1,L5->L6,10.19803902718557,False,0.0,0.0,0.0,0.0,19.757258300000004
session-1-20261005-10000Hz-600mV,10 kHz,SMILE_BOTH,T004,1,199,R1->L1,L6->L7,7.0,False,14.285714285714285,-14.285714285714285,0.0,1.0,19.857667399999997
session-1-20261005-10000Hz-600mV,10 kHz,SMILE_BOTH,T004,1,200,R1->L1,L7->L8,8.246211251235321,False,12.126781251816649,11.76470588235294,2.941176470588235,1.0,19.957641350000003
session-1-20261005-10000Hz-600mV,10 kHz,SMILE_BOTH,T004,1,201,R1->L1,L8->R8,15.0,False,26.666666666666668,26.666666666666668,0.0,4.0,20.057694099999992
session-1-20261005-10000Hz-600mV,10 kHz,SMILE_BOTH,T004,1,202,R1->L1,R8->R7,10.04987562112089,False,19.900743804199784,19.801980198019802,1.9801980198019806,2.0,20.157691400000004
session-1-20261005-10000Hz-600mV,10 kHz,SMILE_BOTH,T004,1,203,R1->L1,R7->R6,5.0,False,60.0,-36.0,-48.0,3.0,20.255643349999986
session-1-20261005-10000Hz-600mV,10 kHz,SMILE_BOTH,T004,1,204,R1->L1,R6->R5,24.020824298928627,False,5.887448094094637,3.9861351819757362,-4.332755632582322,1.414213562373095,20.352593549999995
session-1-20261005-10000Hz-600mV,10 kHz,SMILE_BOTH,T004,1,205,R1->L1,R5->R4,37.48332962798263,False,2.6678526425610407,2.633451957295373,-0.4270462633451957,1.0,20.44976855
session-1-20261005-10000Hz-600mV,10 kHz,SMILE_BOTH,T004,1,206,R1->L1,R4->R3,37.0,False,2.7027027027027026,0.0,-2.7027027027027026,1.0,20.5497601
session-1-20261005-10000Hz-600mV,10 kHz,SMILE_BOTH,T004,1,207,R1->L1,R3->R2,4.123105625617661,False,0.0,0.0,0.0,0.0,20.64964309999999
session-1-20261005-10000Hz-600mV,10 kHz,PUFF_LEFT,T005,1,0,L1->L2,L3->L4,285.2367437761131,True,2.1325311913785825,2.1238938053097343,-0.19174041297935102,6.082762530298219,0.04835634999999172
session-1-20261005-10000Hz-600mV,10 kHz,PUFF_LEFT,T005,1,1,L1->L2,L4->L5,97.52948272189288,True,4.1013239159753105,3.9529015979814974,-1.0933557611438185,4.000000000000001,0.1454794500000105
session-1-20261005-10000Hz-600mV,10 kHz,PUFF_LEFT,T005,1,2,L1->L2,L5->L6,80.41144197189851,True,3.932621505871645,3.89730900092793,0.5258274048871017,3.1622776601683795,0.24243805000000407
session-1-20261005-10000Hz-600mV,10 kHz,PUFF_LEFT,T005,1,3,L1->L2,L6->L7,54.708317466359716,True,1.8278756253377788,-1.7373872368860677,0.567991981289676,0.9999999999999999,0.33984575000000916
session-1-20261005-10000Hz-600mV,10 kHz,PUFF_LEFT,T005,1,4,L1->L2,L7->L8,15.132745950421555,False,20.896918976428644,-18.777292576419214,-9.170305676855895,3.162277660168379,0.4414338500000099
session-1-20261005-10000Hz-600mV,10 kHz,PUFF_LEFT,T005,1,5,L1->L2,L8->R8,3.6055512754639896,False,27.735009811261456,-15.384615384615385,23.076923076923077,1.0000000000000002,0.5434781999999956
session-1-20261005-10000Hz-600mV,10 kHz,PUFF_LEFT,T005,1,6,L1->L2,R8->R7,3.1622776601683795,False,63.245553203367585,-20.0,60.0,2.0,0.6419149500000003
session-1-20261005-10000Hz-600mV,10 kHz,PUFF_LEFT,T005,1,7,L1->L2,R7->R6,26.92582403567252,False,3.7139067635410377,3.1724137931034484,-1.9310344827586208,1.0,0.7399908500000123
session-1-20261005-10000Hz-600mV,10 kHz,PUFF_LEFT,T005,1,8,L1->L2,R6->R5,7.280109889280519,False,13.736056394868903,13.20754716981132,3.7735849056603774,1.0000000000000002,0.838418450000006
session-1-20261005-10000Hz-600mV,10 kHz,PUFF_LEFT,T005,1,9,L1->L2,R5->R4,65.55150646628955,True,0.0,0.0,0.0,0.0,0.9373110000000082
session-1-20261005-10000Hz-600mV,10 kHz,PUFF_LEFT,T005,1,10,L1->L2,R4->R3,42.04759208325727,False,2.3782574707724704,-2.3755656108597285,0.11312217194570134,0.9999999999999998,1.0358600500000108
session-1-20261005-10000Hz-600mV,10 kHz,PUFF_LEFT,T005,1,11,L1->L2,R3->R2,29.5296461204668,False,4.789131426105757,-4.587155963302751,-1.3761467889908259,1.414213562373095,1.1333748500000098
session-1-20261005-10000Hz-600mV,10 kHz,PUFF_LEFT,T005,1,12,L1->L2,R2->R1,368.4698088039236,True,0.27139265581787114,-0.06113279811445827,-0.26441776533844,1.0000000000000002,1.2318917999999996
session-1-20261005-10000Hz-600mV,10 kHz,PUFF_LEFT,T005,1,13,L2->L3,L4->L5,253.298243183801,True,2.126017432827934,-2.1134663341645883,-0.23067331670822946,5.385164807134504,1.330900100000008
session-1-20261005-10000Hz-600mV,10 kHz,PUFF_LEFT,T005,1,14,L2->L3,L5->L6,165.65627063289816,True,3.0780721394437545,-3.075577581808906,0.12389767509656735,5.0990195135927845,1.4278514500000057
session-1-20261005-10000Hz-600mV,10 kHz,PUFF_LEFT,T005,1,15,L2->L3,L6->L7,46.17358552246078,False,4.331480818242099,-4.127579737335835,1.3133208255159474,1.9999999999999998,1.5258244500000018
session-1-20261005-10000Hz-600mV,10 kHz,PUFF_LEFT,T005,1,16,L2->L3,L7->L8,18.027756377319946,False,5.54700196225229,-0.30769230769230765,-5.538461538461538,0.9999999999999998,1.623882050000006
session-1-20261005-10000Hz-600mV,10 kHz,PUFF_LEFT,T005,1,17,L2->L3,L8->R8,15.132745950421555,False,13.216372009101796,-13.100436681222707,1.7467248908296942,1.9999999999999998,1.7219081500000044
session-1-20261005-10000Hz-600mV,10 kHz,PUFF_LEFT,T005,1,18,L2->L3,R8->R7,9.055385138137417,False,0.0,0.0,0.0,0.0,1.8269064500000098
session-1-20261005-10000Hz-600mV,10 kHz,PUFF_LEFT,T005,1,19,L2->L3,R7->R6,6.324555320336759,False,0.0,0.0,0.0,0.0,1.9309317499999992
session-1-20261005-10000Hz-600mV,10 kHz,PUFF_LEFT,T005,1,20,L2->L3,R6->R5,16.1245154965971,False,6.201736729460423,-0.7692307692307693,-6.153846153846154,0.9999999999999999,2.028364950000011
session-1-20261005-10000Hz-600mV,10 kHz,PUFF_LEFT,T005,1,21,L2->L3,R5->R4,8.06225774829855,False,0.0,0.0,0.0,0.0,2.1253461499999986
session-1-20261005-10000Hz-600mV,10 kHz,PUFF_LEFT,T005,1,22,L2->L3,R4->R3,9.848857801796104,False,0.0,0.0,0.0,0.0,2.22285205
session-1-20261005-10000Hz-600mV,10 kHz,PUFF_LEFT,T005,1,23,L2->L3,R3->R2,8.0,False,12.5,0.0,12.5,1.0,2.3208838500000013
session-1-20261005-10000Hz-600mV,10 kHz,PUFF_LEFT,T005,1,24,L2->L3,R2->R1,49.24428900898052,False,6.092076990801714,-5.56701030927835,2.4742268041237114,3.0,2.4183883500000007
session-1-20261005-10000Hz-600mV,10 kHz,PUFF_LEFT,T005,1,25,L2->L3,R1->L1,12.206555615733702,False,25.906388007541985,-24.832214765100673,7.3825503355704685,3.1622776601683786,2.516325750000007
session-1-20261005-10000Hz-600mV,10 kHz,PUFF_LEFT,T005,1,26,L3->L4,L1->L2,290.5942188000305,True,1.4188532871175026,1.418674877138966,0.02249985197465807,4.12310562561766,2.6143927500000075
session-1-20261005-10000Hz-600mV,10 kHz,PUFF_LEFT,T005,1,27,L3->L4,L5->L6,256.51705596314645,True,2.0993398614040646,-2.0926733636266928,-0.16717071169131167,5.3851648071345055,2.71245605
session-1-20261005-10000Hz-600mV,10 kHz,PUFF_LEFT,T005,1,28,L3->L4,L6->L7,20.09975124224178,False,4.975185951049946,4.9504950495049505,-0.49504950495049516,1.0,2.8099565500000097
session-1-20261005-10000Hz-600mV,10 kHz,PUFF_LEFT,T005,1,29,L3->L4,L7->L8,20.591260281974,False,17.51010489931187,17.45283018867924,1.4150943396226412,3.6055512754639882,2.905479900000003
session-1-20261005-10000Hz-600mV,10 kHz,PUFF_LEFT,T005,1,30,L3->L4,L8->R8,19.697715603592208,False,5.076730825668094,-2.0618556701030926,-4.639175257731958,0.9999999999999998,3.00194925000001
session-1-20261005-10000Hz-600mV,10 kHz,PUFF_LEFT,T005,1,31,L3->L4,R8->R7,8.485281374238571,False,23.570226039551585,-16.666666666666664,16.666666666666664,2.0,3.10087965000001
session-1-20261005-10000Hz-600mV,10 kHz,PUFF_LEFT,T005,1,32,L3->L4,R7->R6,26.076809620810597,False,0.0,0.0,0.0,0.0,3.2008787000000183
session-1-20261005-10000Hz-600mV,10 kHz,PUFF_LEFT,T005,1,33,L3->L4,R6->R5,11.0,False,9.090909090909092,9.090909090909092,0.0,1.0,3.299368000000001
session-1-20261005-10000Hz-600mV,10 kHz,PUFF_LEFT,T005,1,34,L3->L4,R5->R4,62.76941930590086,True,5.037927218598784,-5.025380710659898,0.35532994923857864,3.1622776601683795,3.396362950000011
session-1-20261005-10000Hz-600mV,10 kHz,PUFF_LEFT,T005,1,35,L3->L4,R4->R3,50.08991914547277,True,5.9892290727946715,-5.978477481068155,0.35870864886408926,2.9999999999999996,3.492922050000004
session-1-20261005-10000Hz-600mV,10 kHz,PUFF_LEFT,T005,1,36,L3->L4,R3->R2,13.601470508735444,False,10.397504898200726,-9.18918918918919,-4.864864864864865,1.4142135623730951,3.589322899999999
session-1-20261005-10000Hz-600mV,10 kHz,PUFF_LEFT,T005,1,37,L3->L4,R2->R1,23.430749027719962,False,9.543305571897804,-3.8251366120218573,8.743169398907105,2.23606797749979,3.686527650000002
session-1-20261005-10000Hz-600mV,10 kHz,PUFF_LEFT,T005,1,38,L3->L4,R1->L1,117.00427342623004,True,1.7093392757666919,-1.6216216216216217,0.5405405405405406,2.0000000000000004,3.7848564500000066
session-1-20261005-10000Hz-600mV,10 kHz,PUFF_LEFT,T005,1,39,L4->L5,L1->L2,86.02325267042627,True,1.6439898730535727,1.4594594594594594,0.7567567567567567,1.414213562373095,3.8838559500000116
session-1-20261005-10000Hz-600mV,10 kHz,PUFF_LEFT,T005,1,40,L4->L5,L2->L3,267.67517628648346,True,3.0806783675785034,-3.0621074668527566,0.33775296580600145,8.24621125123532,3.9859248000000065
session-1-20261005-10000Hz-600mV,10 kHz,PUFF_LEFT,T005,1,41,L4->L5,L6->L7,205.1974658712919,True,0.4873354530738895,-0.4536170617014202,0.17812188286704983,1.0000000000000002,4.087384749999998
session-1-20261005-10000Hz-600mV,10 kHz,PUFF_LEFT,T005,1,42,L4->L5,L7->L8,69.26037828369117,True,6.456990368550497,6.378986866791744,1.000625390869293,4.472135954999579,4.183885350000011
session-1-20261005-10000Hz-600mV,10 kHz,PUFF_LEFT,T005,1,43,L4->L5,L8->R8,49.64876634922564,False,8.304547985373995,-8.275862068965516,0.689655172413793,4.12310562561766,4.28086605
session-1-20261005-10000Hz-600mV,10 kHz,PUFF_LEFT,T005,1,44,L4->L5,R8->R7,19.4164878389476,False,5.150262026246048,-1.0610079575596816,-5.039787798408488,1.0,4.378874400000015
session-1-20261005-10000Hz-600mV,10 kHz,PUFF_LEFT,T005,1,45,L4->L5,R7->R6,20.39607805437114,False,0.0,0.0,0.0,0.0,4.476809350000011
session-1-20261005-10000Hz-600mV,10 kHz,PUFF_LEFT,T005,1,46,L4->L5,R6->R5,6.0,False,23.570226039551585,-16.666666666666664,-16.666666666666664,1.414213562373095,4.577410050000012
session-1-20261005-10000Hz-600mV,10 kHz,PUFF_LEFT,T005,1,47,L4->L5,R5->R4,44.92215489043241,False,4.4521461734819034,-4.261645193260654,1.288404360753221,2.0000000000000004,4.678999350000012
session-1-20261005-10000Hz-600mV,10 kHz,PUFF_LEFT,T005,1,48,L4->L5,R4->R3,33.54101966249685,False,5.96284793999944,-5.333333333333334,2.666666666666667,2.0000000000000004,4.7774121000000065
session-1-20261005-10000Hz-600mV,10 kHz,PUFF_LEFT,T005,1,49,L4->L5,R3->R2,15.0,False,0.0,0.0,0.0,0.0,4.8744219000000015
session-1-20261005-10000Hz-600mV,10 kHz,PUFF_LEFT,T005,1,50,L4->L5,R2->R1,101.24228365658294,True,1.9754591932991794,-1.8536585365853657,0.6829268292682926,2.0000000000000004,4.974939149999997
session-1-20261005-10000Hz-600mV,10 kHz,PUFF_LEFT,T005,1,51,L4->L5,R1->L1,10.44030650891055,False,30.289126640769133,30.27522935779816,0.9174311926605507,3.162277660168379,5.0758981999999975
session-1-20261005-10000Hz-600mV,10 kHz,PUFF_LEFT,T005,1,52,L5->L6,L1->L2,99.62429422585639,True,4.13865479063796,4.120906801007558,-0.38287153652392947,4.1231056256176615,5.174433400000012
session-1-20261005-10000Hz-600mV,10 kHz,PUFF_LEFT,T005,1,53,L5->L6,L2->L3,209.65209276322523,True,2.4321338491724305,-2.393411293625154,0.432270100559676,5.0990195135927845,5.275853800000007
session-1-20261005-10000Hz-600mV,10 kHz,PUFF_LEFT,T005,1,54,L5->L6,L3->L4,327.2308053958246,True,1.858859994229576,-1.809861785580874,0.4239820694807621,6.082762530298219,5.376401250000001
session-1-20261005-10000Hz-600mV,10 kHz,PUFF_LEFT,T005,1,55,L5->L6,L7->L8,217.4626404695758,True,6.789590629613953,-6.754070628039754,-0.6935927257348277,14.7648230602334,5.478500549999993
session-1-20261005-10000Hz-600mV,10 kHz,PUFF_LEFT,T005,1,56,L5->L6,L8->R8,64.62197768561404,True,15.240724834685196,15.229885057471265,0.5747126436781607,9.848857801796104,5.581507300000013
session-1-20261005-10000Hz-600mV,10 kHz,PUFF_LEFT,T005,1,57,L5->L6,R8->R7,19.924858845171276,False,25.591245354435806,25.440806045340054,-2.7707808564231735,5.099019513592785,5.679906900000006
session-1-20261005-10000Hz-600mV,10 kHz,PUFF_LEFT,T005,1,58,L5->L6,R7->R6,5.0,False,40.0,24.0,32.0,2.0,5.777295550000005
session-1-20261005-10000Hz-600mV,10 kHz,PUFF_LEFT,T005,1,59,L5->L6,R6->R5,33.95585369269929,False,6.585220909879694,6.418039895923677,1.4744145706851692,2.23606797749979,5.874804400000002
session-1-20261005-10000Hz-600mV,10 kHz,PUFF_LEFT,T005,1,60,L5->L6,R5->R4,6.0827625302982185,False,0.0,0.0,0.0,0.0,5.972824649999993
session-1-20261005-10000Hz-600mV,10 kHz,PUFF_LEFT,T005,1,61,L5->L6,R4->R3,7.211102550927979,False,13.867504905630728,7.6923076923076925,-11.538461538461538,1.0000000000000002,6.06983240000001
session-1-20261005-10000Hz-600mV,10 kHz,PUFF_LEFT,T005,1,62,L5->L6,R3->R2,4.123105625617661,False,0.0,0.0,0.0,0.0,6.1668280500000066
session-1-20261005-10000Hz-600mV,10 kHz,PUFF_LEFT,T005,1,63,L5->L6,R2->R1,30.80584360149873,False,6.492274731611955,-5.268703898840886,3.7934668071654376,2.0000000000000004,6.264382800000007
session-1-20261005-10000Hz-600mV,10 kHz,PUFF_LEFT,T005,1,64,L5->L6,R1->L1,72.44998274671983,True,2.7605251570478124,-2.4766622213755003,1.2192798628310155,2.0000000000000004,6.362375450000002
session-1-20261005-10000Hz-600mV,10 kHz,PUFF_LEFT,T005,1,65,L6->L7,L1->L2,61.26989472816157,True,2.3081703806536464,-2.1843367075119873,-0.7458710708577517,1.4142135623730954,6.461359849999994
session-1-20261005-10000Hz-600mV,10 kHz,PUFF_LEFT,T005,1,66,L6->L7,L2->L3,56.85947590331799,True,2.4872082267831273,-2.319826786266625,-0.8969996906897618,1.414213562373095,6.56037735000001
session-1-20261005-10000Hz-600mV,10 kHz,PUFF_LEFT,T005,1,67,L6->L7,L3->L4,37.64306044943742,False,5.940186453498648,5.85744530698659,0.9880028228652079,2.236067977499789,6.659832100000003
session-1-20261005-10000Hz-600mV,10 kHz,PUFF_LEFT,T005,1,68,L6->L7,L4->L5,266.56331330473813,True,1.1863139083033638,-1.1765368160324252,0.15199279441567218,3.162277660168379,6.759892350000015
session-1-20261005-10000Hz-600mV,10 kHz,PUFF_LEFT,T005,1,69,L6->L7,L8->R8,354.74215988517636,True,13.63916869347381,13.533637418349995,-1.6933933027129255,48.383881613611784,6.859367700000007
session-1-20261005-10000Hz-600mV,10 kHz,PUFF_LEFT,T005,1,70,L6->L7,R8->R7,65.76473218982952,True,23.160660287891154,23.075144508670522,-1.988439306358381,15.231546211727816,6.957331100000005
session-1-20261005-10000Hz-600mV,10 kHz,PUFF_LEFT,T005,1,71,L6->L7,R7->R6,50.08991914547277,True,14.534081934006293,14.308489438023116,-2.5508170585890793,7.280109889280517,7.0554025
session-1-20261005-10000Hz-600mV,10 kHz,PUFF_LEFT,T005,1,72,L6->L7,R6->R5,23.40939982143925,False,6.041220933301769,5.474452554744526,2.5547445255474455,1.414213562373095,7.153955300000007
session-1-20261005-10000Hz-600mV,10 kHz,PUFF_LEFT,T005,1,73,L6->L7,R5->R4,18.38477631085024,False,0.0,0.0,0.0,0.0,7.256377700000016
session-1-20261005-10000Hz-600mV,10 kHz,PUFF_LEFT,T005,1,74,L6->L7,R4->R3,14.212670403551895,False,0.0,0.0,0.0,0.0,7.359916699999999
session-1-20261005-10000Hz-600mV,10 kHz,PUFF_LEFT,T005,1,75,L6->L7,R3->R2,4.123105625617661,False,0.0,0.0,0.0,0.0,7.457561250000012
session-1-20261005-10000Hz-600mV,10 kHz,PUFF_LEFT,T005,1,76,L6->L7,R2->R1,46.61544808322667,False,4.796838965287947,-4.7860101242521855,-0.3221352968246663,2.23606797749979,7.558063400000009
session-1-20261005-10000Hz-600mV,10 kHz,PUFF_LEFT,T005,1,77,L6->L7,R1->L1,49.64876634922564,False,4.503773491110449,3.204868154158215,3.1643002028397564,2.2360679774997894,7.659410550000004
session-1-20261005-10000Hz-600mV,10 kHz,PUFF_LEFT,T005,1,78,L7->L8,L1->L2,18.681541692269406,False,23.93879492745607,-23.49570200573066,-4.584527220630372,4.47213595499958,7.759949450000008
session-1-20261005-10000Hz-600mV,10 kHz,PUFF_LEFT,T005,1,79,L7->L8,L2->L3,29.154759474226502,False,4.85071250072666,4.470588235294119,1.8823529411764708,1.4142135623730951,7.8609690500000085
session-1-20261005-10000Hz-600mV,10 kHz,PUFF_LEFT,T005,1,80,L7->L8,L3->L4,30.413812651491096,False,21.05334280448697,20.64864864864865,4.108108108108109,6.4031242374328485,7.958871900000005
session-1-20261005-10000Hz-600mV,10 kHz,PUFF_LEFT,T005,1,81,L7->L8,L4->L5,105.54619841567009,True,4.737262047381961,4.66786355475763,0.8078994614003592,4.999999999999999,8.05734170000001
session-1-20261005-10000Hz-600mV,10 kHz,PUFF_LEFT,T005,1,82,L7->L8,L5->L6,243.31050121192877,True,6.627135046075259,-6.621621621621622,-0.2702702702702704,16.124515496597102,8.155883450000005
session-1-20261005-10000Hz-600mV,10 kHz,PUFF_LEFT,T005,1,83,L7->L8,R8->R7,164.84234892769516,True,10.312883861814367,10.308026349685349,-0.31649063408530537,17.0,8.253928150000007
session-1-20261005-10000Hz-600mV,10 kHz,PUFF_LEFT,T005,1,84,L7->L8,R7->R6,83.24061508662703,True,7.004936098534509,6.999567037090489,0.27420984269014304,5.830951894845299,8.352598250000014
session-1-20261005-10000Hz-600mV,10 kHz,PUFF_LEFT,T005,1,85,L7->L8,R6->R5,31.38470965295043,False,13.518177271779988,13.096446700507613,3.3502538071065993,4.242640687119285,8.451875299999998
session-1-20261005-10000Hz-600mV,10 kHz,PUFF_LEFT,T005,1,86,L7->L8,R5->R4,20.248456731316587,False,11.043152607484654,-10.97560975609756,-1.2195121951219514,2.2360679774997894,8.550870350000011
session-1-20261005-10000Hz-600mV,10 kHz,PUFF_LEFT,T005,1,87,L7->L8,R4->R3,14.212670403551895,False,15.732919388188815,-14.356435643564359,6.435643564356434,2.23606797749979,8.648306800000015
session-1-20261005-10000Hz-600mV,10 kHz,PUFF_LEFT,T005,1,88,L7->L8,R3->R2,3.0,False,47.14045207910317,33.33333333333333,33.33333333333333,1.414213562373095,8.745366849999996
session-1-20261005-10000Hz-600mV,10 kHz,PUFF_LEFT,T005,1,89,L7->L8,R2->R1,43.41658669218482,False,19.67912357065944,-19.46949602122016,2.864721485411141,8.544003745317532,8.843536250000014
session-1-20261005-10000Hz-600mV,10 kHz,PUFF_LEFT,T005,1,90,L7->L8,R1->L1,62.64982043070834,True,3.192347537870489,1.5286624203821657,2.802547770700637,2.0,8.942454850000004
session-1-20261005-10000Hz-600mV,10 kHz,PUFF_LEFT,T005,1,91,L8->R8,L1->L2,2.23606797749979,False,100.0,60.00000000000001,80.0,2.23606797749979,9.041402050000002
session-1-20261005-10000Hz-600mV,10 kHz,PUFF_LEFT,T005,1,92,L8->R8,L2->L3,25.63201123595259,False,8.723732043170227,-8.67579908675799,-0.91324200913242,2.236067977499789,9.13995095
session-1-20261005-10000Hz-600mV,10 kHz,PUFF_LEFT,T005,1,93,L8->R8,L3->L4,31.304951684997057,False,11.517511068997926,-11.428571428571429,-1.4285714285714286,3.605551275463989,9.237862450000009
session-1-20261005-10000Hz-600mV,10 kHz,PUFF_LEFT,T005,1,94,L8->R8,L4->L5,77.3886296557834,True,6.460897449973571,-6.328268492235766,-1.3023877108031392,5.000000000000001,9.342340450000009
session-1-20261005-10000Hz-600mV,10 kHz,PUFF_LEFT,T005,1,95,L8->R8,L5->L6,68.4470598345904,True,18.992780743856464,18.975453575240127,-0.8110992529348983,12.999999999999998,9.446378800000005
session-1-20261005-10000Hz-600mV,10 kHz,PUFF_LEFT,T005,1,96,L8->R8,L6->L7,368.95799218881274,True,14.40308169151973,14.292220671417027,-1.783589216190406,53.141321022345686,9.544943150000009
session-1-20261005-10000Hz-600mV,10 kHz,PUFF_LEFT,T005,1,97,L8->R8,R7->R6,404.7344808636892,True,8.305561847908036,-8.28398754654783,0.598254074842806,33.61547262794322,9.644896700000004
session-1-20261005-10000Hz-600mV,10 kHz,PUFF_LEFT,T005,1,98,L8->R8,R6->R5,99.76472322419383,True,6.339470622420369,-6.249372048628555,1.0650055259720685,6.324555320336759,9.744412800000006
session-1-20261005-10000Hz-600mV,10 kHz,PUFF_LEFT,T005,1,99,L8->R8,R5->R4,52.32590180780451,True,10.291585278194473,-10.262965668371075,0.7669831994156319,5.385164807134505,9.845448500000003
session-1-20261005-10000Hz-600mV,10 kHz,PUFF_LEFT,T005,1,100,L8->R8,R4->R3,25.495097567963924,False,3.922322702763681,-2.923076923076923,2.6153846153846154,1.0,9.945906500000007
session-1-20261005-10000Hz-600mV,10 kHz,PUFF_LEFT,T005,1,101,L8->R8,R3->R2,11.180339887498949,False,20.0,-20.0,0.0,2.23606797749979,10.044393650000004
session-1-20261005-10000Hz-600mV,10 kHz,PUFF_LEFT,T005,1,102,L8->R8,R2->R1,30.463092423455635,False,7.340252743933793,7.327586206896551,0.4310344827586208,2.23606797749979,10.143341000000007
session-1-20261005-10000Hz-600mV,10 kHz,PUFF_LEFT,T005,1,103,L8->R8,R1->L1,78.7210264160726,True,2.840496471274729,-2.840083911570114,-0.04841052121994519,2.2360679774997894,10.241812450000012
session-1-20261005-10000Hz-600mV,10 kHz,PUFF_LEFT,T005,1,104,R8->R7,L1->L2,6.4031242374328485,False,15.61737618886061,-9.756097560975611,-12.195121951219514,1.0000000000000002,10.339332950000014
session-1-20261005-10000Hz-600mV,10 kHz,PUFF_LEFT,T005,1,105,R8->R7,L2->L3,13.601470508735444,False,0.0,0.0,0.0,0.0,10.436833050000004
session-1-20261005-10000Hz-600mV,10 kHz,PUFF_LEFT,T005,1,106,R8->R7,L3->L4,16.55294535724685,False,8.543576577167611,-8.029197080291972,-2.9197080291970807,1.4142135623730951,10.534319200000013
session-1-20261005-10000Hz-600mV,10 kHz,PUFF_LEFT,T005,1,107,R8->R7,L4->L5,36.76955262170048,False,6.081303192631498,-6.06508875739645,-0.4437869822485208,2.23606797749979,10.632811649999994
session-1-20261005-10000Hz-600mV,10 kHz,PUFF_LEFT,T005,1,108,R8->R7,L5->L6,20.248456731316587,False,22.086305214969308,21.95121951219512,2.439024390243903,4.472135954999579,10.730834050000013
session-1-20261005-10000Hz-600mV,10 kHz,PUFF_LEFT,T005,1,109,R8->R7,L6->L7,72.71863585079137,True,20.945863510119807,20.72617246596066,-3.0257186081694405,15.23154621172781,10.828348050000002
session-1-20261005-10000Hz-600mV,10 kHz,PUFF_LEFT,T005,1,110,R8->R7,L7->L8,163.37074401495514,True,6.592569360694764,6.541775946047208,-0.8167853128512549,10.770329614269007,10.926330100000001
session-1-20261005-10000Hz-600mV,10 kHz,PUFF_LEFT,T005,1,111,R8->R7,R6->R5,236.79949324270103,True,2.832862452802626,-2.8301886792452833,0.1230516817063167,6.708203932499369,11.023311649999997
session-1-20261005-10000Hz-600mV,10 kHz,PUFF_LEFT,T005,1,112,R8->R7,R5->R4,66.18912297349165,True,3.0216445091756055,-2.6934489842501708,1.369550330974663,1.9999999999999998,11.120311999999998
session-1-20261005-10000Hz-600mV,10 kHz,PUFF_LEFT,T005,1,113,R8->R7,R4->R3,26.907248094147423,False,0.0,0.0,0.0,0.0,11.21832305000001
session-1-20261005-10000Hz-600mV,10 kHz,PUFF_LEFT,T005,1,114,R8->R7,R3->R2,13.0,False,7.692307692307692,-7.100591715976331,2.9585798816568047,0.9999999999999999,11.315820250000016
session-1-20261005-10000Hz-600mV,10 kHz,PUFF_LEFT,T005,1,115,R8->R7,R2->R1,18.027756377319946,False,7.84464540552736,-7.692307692307692,-1.5384615384615385,1.414213562373095,11.412804500000007
session-1-20261005-10000Hz-600mV,10 kHz,PUFF_LEFT,T005,1,116,R8->R7,R1->L1,61.7170964968379,True,3.2405931476417904,-2.8878970858493043,1.4702021527960094,2.0000000000000004,11.510797800000006
session-1-20261005-10000Hz-600mV,10 kHz,PUFF_LEFT,T005,1,117,R7->R6,L1->L2,26.627053911388693,False,3.7555788309433984,3.1029619181946404,-2.1156558533145273,0.9999999999999999,11.608832000000007
session-1-20261005-10000Hz-600mV,10 kHz,PUFF_LEFT,T005,1,118,R7->R6,L2->L3,16.278820596099706,False,6.142951168339512,1.1320754716981134,6.037735849056604,1.0,11.706357650000015
session-1-20261005-10000Hz-600mV,10 kHz,PUFF_LEFT,T005,1,119,R7->R6,L3->L4,28.178005607210743,False,3.548867204938381,-3.1486146095717884,1.63727959697733,1.0000000000000002,11.80788595
session-1-20261005-10000Hz-600mV,10 kHz,PUFF_LEFT,T005,1,120,R7->R6,L4->L5,46.238512086787566,False,0.0,0.0,0.0,0.0,11.910402149999996
session-1-20261005-10000Hz-600mV,10 kHz,PUFF_LEFT,T005,1,121,R7->R6,L5->L6,9.219544457292889,False,10.84652289093281,10.588235294117647,2.3529411764705883,1.0000000000000002,12.008854600000006
session-1-20261005-10000Hz-600mV,10 kHz,PUFF_LEFT,T005,1,122,R7->R6,L6->L7,60.83584469702052,True,11.96680990547184,11.807619562280463,-1.9454201567144014,7.280109889280516,12.106393949999998
session-1-20261005-10000Hz-600mV,10 kHz,PUFF_LEFT,T005,1,123,R7->R6,L7->L8,82.0792300158816,True,5.023323957619822,4.972539706100639,-0.7124833011726287,4.123105625617661,12.20390015000001
session-1-20261005-10000Hz-600mV,10 kHz,PUFF_LEFT,T005,1,124,R7->R6,L8->R8,392.7709256042254,True,7.659227287942366,-7.658051844505377,0.13418120296365446,30.08321791298264,12.30649840000001
session-1-20261005-10000Hz-600mV,10 kHz,PUFF_LEFT,T005,1,125,R7->R6,R5->R4,108.07867504739312,True,6.73593554518331,-6.694632308877664,0.7447992466398423,7.280109889280517,12.408469150000002
session-1-20261005-10000Hz-600mV,10 kHz,PUFF_LEFT,T005,1,126,R7->R6,R4->R3,10.63014581273465,False,29.74820586543648,-25.663716814159294,15.04424778761062,3.162277660168379,12.505419849999996
session-1-20261005-10000Hz-600mV,10 kHz,PUFF_LEFT,T005,1,127,R7->R6,R3->R2,23.40939982143925,False,6.041220933301769,-5.474452554744526,-2.5547445255474455,1.414213562373095,12.601403000000005
session-1-20261005-10000Hz-600mV,10 kHz,PUFF_LEFT,T005,1,128,R7->R6,R2->R1,11.40175425099138,False,36.162028533978955,31.538461538461544,17.692307692307693,4.123105625617661,12.69687875000001
session-1-20261005-10000Hz-600mV,10 kHz,PUFF_LEFT,T005,1,129,R7->R6,R1->L1,71.58910531638176,True,4.190581774617469,-3.68780487804878,1.9902439024390242,2.9999999999999996,12.793335749999997
session-1-20261005-10000Hz-600mV,10 kHz,PUFF_LEFT,T005,1,130,R6->R5,L1->L2,3.6055512754639896,False,0.0,0.0,0.0,0.0,12.890826950000005
session-1-20261005-10000Hz-600mV,10 kHz,PUFF_LEFT,T005,1,131,R6->R5,L2->L3,21.587033144922902,False,6.551217820804184,-5.579399141630901,-3.4334763948497855,1.414213562373095,12.98788470000001
session-1-20261005-10000Hz-600mV,10 kHz,PUFF_LEFT,T005,1,132,R6->R5,L3->L4,4.123105625617661,False,0.0,0.0,0.0,0.0,13.084833100000012
session-1-20261005-10000Hz-600mV,10 kHz,PUFF_LEFT,T005,1,133,R6->R5,L4->L5,18.439088914585778,False,5.423261445466405,-5.294117647058823,1.1764705882352942,1.0000000000000002,13.182886550000006
session-1-20261005-10000Hz-600mV,10 kHz,PUFF_LEFT,T005,1,134,R6->R5,L5->L6,30.14962686336267,False,7.4165693248330795,6.93069306930693,2.6402640264026402,2.2360679774997894,13.280931850000016
session-1-20261005-10000Hz-600mV,10 kHz,PUFF_LEFT,T005,1,135,R6->R5,L6->L7,24.351591323771842,False,9.182430617242481,9.106239460370993,1.1804384485666106,2.2360679774997894,13.381423850000019
session-1-20261005-10000Hz-600mV,10 kHz,PUFF_LEFT,T005,1,136,R6->R5,L7->L8,25.0,False,14.422205101855956,13.76,4.319999999999999,3.605551275463989,13.486347050000006
session-1-20261005-10000Hz-600mV,10 kHz,PUFF_LEFT,T005,1,137,R6->R5,L8->R8,86.97700845625813,True,6.993529253604209,-6.886979510905486,1.2161269001982815,6.082762530298219,13.588324500000013
session-1-20261005-10000Hz-600mV,10 kHz,PUFF_LEFT,T005,1,138,R6->R5,R8->R7,205.30221625691235,True,0.48708680219438744,-0.4578993570428717,0.16607748701036798,1.0000000000000002,13.688806250000013
session-1-20261005-10000Hz-600mV,10 kHz,PUFF_LEFT,T005,1,139,R6->R5,R4->R3,365.87429535292586,True,0.8643071405489191,0.8635630191836493,-0.03585728799378472,3.1622776601683804,13.789922050000015
session-1-20261005-10000Hz-600mV,10 kHz,PUFF_LEFT,T005,1,140,R6->R5,R3->R2,203.423204182807,True,0.0,0.0,0.0,0.0,13.89239345
session-1-20261005-10000Hz-600mV,10 kHz,PUFF_LEFT,T005,1,141,R6->R5,R2->R1,135.4400236266961,True,2.215002566943351,2.126035761011775,-0.6214566070649803,2.9999999999999996,13.994325250000003
session-1-20261005-10000Hz-600mV,10 kHz,PUFF_LEFT,T005,1,142,R6->R5,R1->L1,91.78779875342909,True,3.268408264217059,-2.9910979228486645,1.3175074183976259,2.999999999999999,14.092871500000015
session-1-20261005-10000Hz-600mV,10 kHz,PUFF_LEFT,T005,1,143,R5->R4,L1->L2,61.465437442517235,True,1.6269305834440775,0.6087877183695077,1.508734780307041,1.0,14.194910800000002
session-1-20261005-10000Hz-600mV,10 kHz,PUFF_LEFT,T005,1,144,R5->R4,L2->L3,11.0,False,0.0,0.0,0.0,0.0,14.295376200000007
session-1-20261005-10000Hz-600mV,10 kHz,PUFF_LEFT,T005,1,145,R5->R4,L3->L4,61.68468205316454,True,3.242296034331908,-3.0486202365308808,1.1038107752956638,2.0000000000000004,14.395347000000001
session-1-20261005-10000Hz-600mV,10 kHz,PUFF_LEFT,T005,1,146,R5->R4,L4->L5,69.92138442565334,True,1.4301776319421837,-1.370423399468194,0.40908161178155045,0.9999999999999998,14.495804449999994
session-1-20261005-10000Hz-600mV,10 kHz,PUFF_LEFT,T005,1,147,R5->R4,L5->L6,7.810249675906654,False,0.0,0.0,0.0,0.0,14.59283735000001
session-1-20261005-10000Hz-600mV,10 kHz,PUFF_LEFT,T005,1,148,R5->R4,L6->L7,27.202941017470888,False,3.6760731104690394,1.0810810810810811,3.5135135135135136,1.0000000000000002,14.689107650000011
session-1-20261005-10000Hz-600mV,10 kHz,PUFF_LEFT,T005,1,149,R5->R4,L7->L8,21.0,False,0.0,0.0,0.0,0.0,14.792601449999992
session-1-20261005-10000Hz-600mV,10 kHz,PUFF_LEFT,T005,1,150,R5->R4,L8->R8,48.27007354458868,False,12.601519085483407,-12.57510729613734,0.8154506437768241,6.082762530298219,14.896309500000001
session-1-20261005-10000Hz-600mV,10 kHz,PUFF_LEFT,T005,1,151,R5->R4,R8->R7,59.43904440685432,True,1.68239582244139,1.6416643079535804,-0.36795924143787145,0.9999999999999998,14.99435385000001
session-1-20261005-10000Hz-600mV,10 kHz,PUFF_LEFT,T005,1,152,R5->R4,R7->R6,92.19544457292888,True,6.597682302498802,-6.588235294117648,0.35294117647058815,6.08276253029822,15.094928350000018
session-1-20261005-10000Hz-600mV,10 kHz,PUFF_LEFT,T005,1,153,R5->R4,R3->R2,267.21714016881475,True,1.1834112355856388,-1.1833905188712275,-0.00700231076255167,3.162277660168379,15.1949331
session-1-20261005-10000Hz-600mV,10 kHz,PUFF_LEFT,T005,1,154,R5->R4,R2->R1,41.62931659299729,False,9.608613177841267,-8.770917484131562,3.9238315060588573,3.999999999999999,15.292868299999995
session-1-20261005-10000Hz-600mV,10 kHz,PUFF_LEFT,T005,1,155,R5->R4,R1->L1,21.2602916254693,False,9.407208683835973,-6.1946902654867255,7.079646017699115,2.0,15.392363950000004
session-1-20261005-10000Hz-600mV,10 kHz,PUFF_LEFT,T005,1,156,R4->R3,L1->L2,34.0147027033899,False,0.0,0.0,0.0,0.0,15.494403600000012
session-1-20261005-10000Hz-600mV,10 kHz,PUFF_LEFT,T005,1,157,R4->R3,L2->L3,5.8309518948453,False,17.14985851425088,14.705882352941178,8.823529411764707,0.9999999999999998,15.594901400000012
session-1-20261005-10000Hz-600mV,10 kHz,PUFF_LEFT,T005,1,158,R4->R3,L3->L4,39.20459156782532,False,8.066090051461263,-7.872478854912167,-1.756668835393624,3.162277660168379,15.692371249999994
session-1-20261005-10000Hz-600mV,10 kHz,PUFF_LEFT,T005,1,159,R4->R3,L4->L5,18.027756377319946,False,11.09400392450458,-11.076923076923077,0.6153846153846153,1.9999999999999996,15.788831250000001
session-1-20261005-10000Hz-600mV,10 kHz,PUFF_LEFT,T005,1,160,R4->R3,L5->L6,5.385164807134504,False,0.0,0.0,0.0,0.0,15.885898850000004
session-1-20261005-10000Hz-600mV,10 kHz,PUFF_LEFT,T005,1,161,R4->R3,L6->L7,6.0827625302982185,False,23.249527748763853,-18.918918918918916,-13.513513513513512,1.4142135623730947,15.984354949999997
session-1-20261005-10000Hz-600mV,10 kHz,PUFF_LEFT,T005,1,162,R4->R3,L7->L8,12.206555615733702,False,25.906388007541985,-24.832214765100673,7.3825503355704685,3.1622776601683786,16.08439220000001
session-1-20261005-10000Hz-600mV,10 kHz,PUFF_LEFT,T005,1,163,R4->R3,L8->R8,20.248456731316587,False,4.9386479832479475,4.634146341463414,-1.7073170731707314,1.0,16.183888850000002
session-1-20261005-10000Hz-600mV,10 kHz,PUFF_LEFT,T005,1,164,R4->R3,R8->R7,18.788294228055936,False,5.322462954123494,-4.815864022662889,2.2662889518413594,0.9999999999999999,16.28029980000001
session-1-20261005-10000Hz-600mV,10 kHz,PUFF_LEFT,T005,1,165,R4->R3,R7->R6,16.643316977093235,False,12.016835362522194,-10.108303249097474,6.498194945848376,1.9999999999999996,16.378454950000005
session-1-20261005-10000Hz-600mV,10 kHz,PUFF_LEFT,T005,1,166,R4->R3,R6->R5,306.3396807467162,True,1.305740082463306,1.2787178722134607,-0.26426836025744854,4.000000000000001,16.478963800000017
session-1-20261005-10000Hz-600mV,10 kHz,PUFF_LEFT,T005,1,167,R4->R3,R2->R1,445.6601844455033,True,0.5017428201000134,0.473785703856243,0.16514528253437588,2.23606797749979,16.576830400000006
session-1-20261005-10000Hz-600mV,10 kHz,PUFF_LEFT,T005,1,168,R4->R3,R1->L1,111.23398761170077,True,3.5960231992791005,-3.329831083811525,1.3577951992241168,4.0,16.6753346
session-1-20261005-10000Hz-600mV,10 kHz,PUFF_LEFT,T005,1,169,R3->R2,L1->L2,29.966648127543394,False,0.0,0.0,0.0,0.0,16.782315350000005
session-1-20261005-10000Hz-600mV,10 kHz,PUFF_LEFT,T005,1,170,R3->R2,L2->L3,18.027756377319946,False,5.54700196225229,5.538461538461538,-0.30769230769230765,0.9999999999999998,16.887332200000017
session-1-20261005-10000Hz-600mV,10 kHz,PUFF_LEFT,T005,1,171,R3->R2,L3->L4,11.045361017187261,False,20.244408254472894,-18.85245901639344,-7.377049180327868,2.2360679774997894,16.98538810000001
session-1-20261005-10000Hz-600mV,10 kHz,PUFF_LEFT,T005,1,172,R3->R2,L4->L5,6.324555320336759,False,15.811388300841896,-5.0,15.0,1.0,17.083411650000002
session-1-20261005-10000Hz-600mV,10 kHz,PUFF_LEFT,T005,1,173,R3->R2,L5->L6,7.810249675906654,False,0.0,0.0,0.0,0.0,17.181401050000005
session-1-20261005-10000Hz-600mV,10 kHz,PUFF_LEFT,T005,1,174,R3->R2,L6->L7,11.180339887498949,False,8.94427190999916,1.6,8.8,1.0,17.279940100000005
session-1-20261005-10000Hz-600mV,10 kHz,PUFF_LEFT,T005,1,175,R3->R2,L7->L8,7.0710678118654755,False,14.142135623730953,10.0,10.0,1.0000000000000002,17.385007400000006
session-1-20261005-10000Hz-600mV,10 kHz,PUFF_LEFT,T005,1,176,R3->R2,L8->R8,11.045361017187261,False,27.16072381275556,-27.04918032786885,-2.4590163934426226,3.0000000000000004,17.48995475000001
session-1-20261005-10000Hz-600mV,10 kHz,PUFF_LEFT,T005,1,177,R3->R2,R8->R7,14.317821063276352,False,6.984302957695782,6.829268292682928,1.4634146341463417,0.9999999999999998,17.593320050000003
session-1-20261005-10000Hz-600mV,10 kHz,PUFF_LEFT,T005,1,178,R3->R2,R7->R6,17.46424919657298,False,5.725983343138682,-5.245901639344262,-2.2950819672131146,0.9999999999999999,17.696797100000012
session-1-20261005-10000Hz-600mV,10 kHz,PUFF_LEFT,T005,1,179,R3->R2,R6->R5,187.0721785835617,True,0.5345530305851004,-0.5314893130643502,0.05714938850154304,1.0000000000000002,17.794864750000002
session-1-20261005-10000Hz-600mV,10 kHz,PUFF_LEFT,T005,1,180,R3->R2,R5->R4,265.0226405422752,True,1.1932103814594464,-1.1802895909563336,-0.17512137477397954,3.1622776601683795,17.8934589
session-1-20261005-10000Hz-600mV,10 kHz,PUFF_LEFT,T005,1,181,R3->R2,R1->L1,65.29931086925804,True,4.594229188737666,-4.080675422138837,2.110694183864916,3.0,17.99251310000001
session-1-20261005-10000Hz-600mV,10 kHz,PUFF_LEFT,T005,1,182,R2->R1,L1->L2,255.07057846799972,True,0.876646766134307,0.7746576289943283,-0.4103841010743763,2.23606797749979,18.091467750000007
session-1-20261005-10000Hz-600mV,10 kHz,PUFF_LEFT,T005,1,183,R2->R1,L2->L3,9.219544457292889,False,10.84652289093281,10.588235294117647,2.3529411764705883,1.0000000000000002,18.190389999999994
session-1-20261005-10000Hz-600mV,10 kHz,PUFF_LEFT,T005,1,184,R2->R1,L3->L4,11.180339887498949,False,0.0,0.0,0.0,0.0,18.289412000000013
session-1-20261005-10000Hz-600mV,10 kHz,PUFF_LEFT,T005,1,185,R2->R1,L4->L5,12.041594578792294,False,0.0,0.0,0.0,0.0,18.387921050000003
session-1-20261005-10000Hz-600mV,10 kHz,PUFF_LEFT,T005,1,186,R2->R1,L5->L6,11.6619037896906,False,12.12678125181665,-11.764705882352942,-2.9411764705882355,1.4142135623730951,18.48534705
session-1-20261005-10000Hz-600mV,10 kHz,PUFF_LEFT,T005,1,187,R2->R1,L6->L7,3.1622776601683795,False,0.0,0.0,0.0,0.0,18.583320850000007
session-1-20261005-10000Hz-600mV,10 kHz,PUFF_LEFT,T005,1,188,R2->R1,L7->L8,9.486832980505138,False,31.6227766016838,-10.0,30.000000000000004,3.0000000000000004,18.681388650000002
session-1-20261005-10000Hz-600mV,10 kHz,PUFF_LEFT,T005,1,189,R2->R1,L8->R8,5.8309518948453,False,54.23261445466405,-41.17647058823529,-35.294117647058826,3.1622776601683795,18.77992055
session-1-20261005-10000Hz-600mV,10 kHz,PUFF_LEFT,T005,1,190,R2->R1,R8->R7,13.601470508735444,False,14.704292441876154,11.891891891891891,8.648648648648647,2.0,18.877909599999995
session-1-20261005-10000Hz-600mV,10 kHz,PUFF_LEFT,T005,1,191,R2->R1,R7->R6,20.808652046684813,False,4.805693313322127,3.9260969976905304,2.771362586605081,1.0,18.974353850000014
session-1-20261005-10000Hz-600mV,10 kHz,PUFF_LEFT,T005,1,192,R2->R1,R6->R5,103.07764064044152,True,1.940285000290664,1.9388235294117646,0.07529411764705882,2.0,19.07205395000001
session-1-20261005-10000Hz-600mV,10 kHz,PUFF_LEFT,T005,1,193,R2->R1,R5->R4,11.180339887498949,False,8.94427190999916,-4.0,8.0,1.0,19.17077325000001
session-1-20261005-10000Hz-600mV,10 kHz,PUFF_LEFT,T005,1,194,R2->R1,R4->R3,326.1533381708671,True,1.5633810594087743,1.5228999022335865,0.35346318718507935,5.099019513592784,19.26891305000001
session-1-20261005-10000Hz-600mV,10 kHz,PUFF_LEFT,T005,1,195,R1->L1,L2->L3,24.041630560342615,False,4.159451654038515,3.9792387543252596,-1.2110726643598615,0.9999999999999999,19.366817100000006
session-1-20261005-10000Hz-600mV,10 kHz,PUFF_LEFT,T005,1,196,R1->L1,L3->L4,26.076809620810597,False,3.8348249442368525,3.823529411764706,-0.2941176470588236,1.0000000000000002,19.465383400000007
session-1-20261005-10000Hz-600mV,10 kHz,PUFF_LEFT,T005,1,197,R1->L1,L4->L5,23.345235059857504,False,4.283529368781194,4.220183486238533,-0.7339449541284404,1.0,19.563944550000002
session-1-20261005-10000Hz-600mV,10 kHz,PUFF_LEFT,T005,1,198,R1->L1,L5->L6,10.19803902718557,False,0.0,0.0,0.0,0.0,19.661896150000004
session-1-20261005-10000Hz-600mV,10 kHz,PUFF_LEFT,T005,1,199,R1->L1,L6->L7,7.0,False,20.203050891044217,14.285714285714285,14.285714285714285,1.4142135623730951,19.75993265000001
session-1-20261005-10000Hz-600mV,10 kHz,PUFF_LEFT,T005,1,200,R1->L1,L7->L8,8.246211251235321,False,24.253562503633297,23.52941176470588,5.88235294117647,2.0,19.858409800000004
session-1-20261005-10000Hz-600mV,10 kHz,PUFF_LEFT,T005,1,201,R1->L1,L8->R8,15.0,False,13.333333333333334,-13.333333333333334,0.0,2.0,19.955814100000012
session-1-20261005-10000Hz-600mV,10 kHz,PUFF_LEFT,T005,1,202,R1->L1,R8->R7,10.04987562112089,False,14.07195089460584,10.891089108910892,-8.910891089108912,1.4142135623730951,20.053029300000006
session-1-20261005-10000Hz-600mV,10 kHz,PUFF_LEFT,T005,1,203,R1->L1,R7->R6,5.0,False,40.0,-24.0,-32.0,2.0,20.1498876
session-1-20261005-10000Hz-600mV,10 kHz,PUFF_LEFT,T005,1,204,R1->L1,R6->R5,24.020824298928627,False,4.163054471218133,-0.17331022530329288,-4.159445407279029,0.9999999999999999,20.245907200000005
session-1-20261005-10000Hz-600mV,10 kHz,PUFF_LEFT,T005,1,205,R1->L1,R5->R4,37.48332962798263,False,0.0,0.0,0.0,0.0,20.343437550000004
session-1-20261005-10000Hz-600mV,10 kHz,PUFF_LEFT,T005,1,206,R1->L1,R4->R3,37.0,False,2.7027027027027026,0.0,-2.7027027027027026,1.0,20.444156300000017
session-1-20261005-10000Hz-600mV,10 kHz,PUFF_LEFT,T005,1,207,R1->L1,R3->R2,4.123105625617661,False,0.0,0.0,0.0,0.0,20.5486145
session-1-20261005-10000Hz-600mV,10 kHz,PUFF_RIGHT,T006,1,0,L1->L2,L3->L4,285.2367437761131,True,2.1325311913785825,2.1238938053097343,-0.19174041297935102,6.082762530298219,0.04891239999999186
session-1-20261005-10000Hz-600mV,10 kHz,PUFF_RIGHT,T006,1,1,L1->L2,L4->L5,97.52948272189288,True,1.450036976414354,0.7148864592094196,-1.261564339781329,1.4142135623730951,0.14746415000000468
session-1-20261005-10000Hz-600mV,10 kHz,PUFF_RIGHT,T006,1,2,L1->L2,L5->L6,80.41144197189851,True,1.7587218033813172,1.4537581193937519,0.9897927621404268,1.414213562373095,0.24542225000000428
session-1-20261005-10000Hz-600mV,10 kHz,PUFF_RIGHT,T006,1,3,L1->L2,L6->L7,54.708317466359716,True,1.8278756253377788,-1.7373872368860677,0.567991981289676,0.9999999999999999,0.34300090000000694
session-1-20261005-10000Hz-600mV,10 kHz,PUFF_RIGHT,T006,1,4,L1->L2,L7->L8,15.132745950421555,False,0.0,0.0,0.0,0.0,0.44195420000001207
session-1-20261005-10000Hz-600mV,10 kHz,PUFF_RIGHT,T006,1,5,L1->L2,L8->R8,3.6055512754639896,False,27.735009811261456,-23.076923076923077,-15.384615384615385,1.0000000000000002,0.5419056500000039
session-1-20261005-10000Hz-600mV,10 kHz,PUFF_RIGHT,T006,1,6,L1->L2,R8->R7,3.1622776601683795,False,161.245154965971,-80.0,140.0,5.099019513592785,0.6409809000000024
session-1-20261005-10000Hz-600mV,10 kHz,PUFF_RIGHT,T006,1,7,L1->L2,R7->R6,26.92582403567252,False,0.0,0.0,0.0,0.0,0.7394898499999982
session-1-20261005-10000Hz-600mV,10 kHz,PUFF_RIGHT,T006,1,8,L1->L2,R6->R5,7.280109889280519,False,0.0,0.0,0.0,0.0,0.8374311500000005
session-1-20261005-10000Hz-600mV,10 kHz,PUFF_RIGHT,T006,1,9,L1->L2,R5->R4,65.55150646628955,True,1.5255179536022703,1.4195950663253434,-0.5585292064230859,1.0000000000000002,0.9348823000000124
session-1-20261005-10000Hz-600mV,10 kHz,PUFF_RIGHT,T006,1,10,L1->L2,R4->R3,42.04759208325727,False,2.3782574707724704,-2.3755656108597285,0.11312217194570134,0.9999999999999998,1.0328308499999963
session-1-20261005-10000Hz-600mV,10 kHz,PUFF_RIGHT,T006,1,11,L1->L2,R3->R2,29.5296461204668,False,0.0,0.0,0.0,0.0,1.1313530500000155
session-1-20261005-10000Hz-600mV,10 kHz,PUFF_RIGHT,T006,1,12,L1->L2,R2->R1,368.4698088039236,True,0.6068524270029635,0.46770273256242173,-0.3866833615673566,2.23606797749979,1.2299095500000163
session-1-20261005-10000Hz-600mV,10 kHz,PUFF_RIGHT,T006,1,13,L2->L3,L4->L5,253.298243183801,True,3.006642687346895,-2.9800498753117206,-0.3990024937655861,7.615773105863908,1.3284489500000092
session-1-20261005-10000Hz-600mV,10 kHz,PUFF_RIGHT,T006,1,14,L2->L3,L5->L6,165.65627063289816,True,3.0780721394437545,-3.075577581808906,0.12389767509656735,5.0990195135927845,1.426949950000008
session-1-20261005-10000Hz-600mV,10 kHz,PUFF_RIGHT,T006,1,15,L2->L3,L6->L7,46.17358552246078,False,3.062819459158444,-2.720450281425891,-1.4071294559099439,1.414213562373095,1.5248960500000095
session-1-20261005-10000Hz-600mV,10 kHz,PUFF_RIGHT,T006,1,16,L2->L3,L7->L8,18.027756377319946,False,0.0,0.0,0.0,0.0,1.625893099999999
session-1-20261005-10000Hz-600mV,10 kHz,PUFF_RIGHT,T006,1,17,L2->L3,L8->R8,15.132745950421555,False,19.824558013652695,-19.650655021834062,2.620087336244542,2.9999999999999996,1.7274802499999993
session-1-20261005-10000Hz-600mV,10 kHz,PUFF_RIGHT,T006,1,18,L2->L3,R8->R7,9.055385138137417,False,0.0,0.0,0.0,0.0,1.8259647
session-1-20261005-10000Hz-600mV,10 kHz,PUFF_RIGHT,T006,1,19,L2->L3,R7->R6,6.324555320336759,False,15.811388300841896,5.0,15.0,1.0,1.9259636000000029
session-1-20261005-10000Hz-600mV,10 kHz,PUFF_RIGHT,T006,1,20,L2->L3,R6->R5,16.1245154965971,False,6.201736729460423,-0.7692307692307693,-6.153846153846154,0.9999999999999999,2.0264776499999897
session-1-20261005-10000Hz-600mV,10 kHz,PUFF_RIGHT,T006,1,21,L2->L3,R5->R4,8.06225774829855,False,0.0,0.0,0.0,0.0,2.1249638500000145
session-1-20261005-10000Hz-600mV,10 kHz,PUFF_RIGHT,T006,1,22,L2->L3,R4->R3,9.848857801796104,False,0.0,0.0,0.0,0.0,2.2229381499999903
session-1-20261005-10000Hz-600mV,10 kHz,PUFF_RIGHT,T006,1,23,L2->L3,R3->R2,8.0,False,17.67766952966369,12.5,12.5,1.4142135623730951,2.3203636500000044
session-1-20261005-10000Hz-600mV,10 kHz,PUFF_RIGHT,T006,1,24,L2->L3,R2->R1,49.24428900898052,False,6.421612990679357,-6.391752577319589,0.6185567010309277,3.16227766016838,2.418344700000006
session-1-20261005-10000Hz-600mV,10 kHz,PUFF_RIGHT,T006,1,25,L2->L3,R1->L1,12.206555615733702,False,16.38463841038081,-13.422818791946309,9.395973154362416,1.9999999999999998,2.516905300000005
session-1-20261005-10000Hz-600mV,10 kHz,PUFF_RIGHT,T006,1,26,L3->L4,L1->L2,290.5942188000305,True,2.0932152592078963,2.0889336254366744,-0.13381490911244,6.082762530298219,2.614468300000013
session-1-20261005-10000Hz-600mV,10 kHz,PUFF_RIGHT,T006,1,27,L3->L4,L5->L6,256.51705596314645,True,2.0993398614040646,-2.0926733636266928,-0.16717071169131167,5.3851648071345055,2.7129784499999943
session-1-20261005-10000Hz-600mV,10 kHz,PUFF_RIGHT,T006,1,28,L3->L4,L6->L7,20.09975124224178,False,0.0,0.0,0.0,0.0,2.8129847000000012
session-1-20261005-10000Hz-600mV,10 kHz,PUFF_RIGHT,T006,1,29,L3->L4,L7->L8,20.591260281974,False,4.856429311786321,4.245283018867925,-2.3584905660377355,1.0,2.915897799999996
session-1-20261005-10000Hz-600mV,10 kHz,PUFF_RIGHT,T006,1,30,L3->L4,L8->R8,19.697715603592208,False,7.17958158617738,2.5773195876288657,-6.701030927835052,1.4142135623730947,3.0173348500000117
session-1-20261005-10000Hz-600mV,10 kHz,PUFF_RIGHT,T006,1,31,L3->L4,R8->R7,8.485281374238571,False,26.352313834736496,-25.0,8.333333333333332,2.2360679774997902,3.118448950000001
session-1-20261005-10000Hz-600mV,10 kHz,PUFF_RIGHT,T006,1,32,L3->L4,R7->R6,26.076809620810597,False,3.8348249442368516,3.2352941176470584,-2.0588235294117645,1.0,3.2190578000000016
session-1-20261005-10000Hz-600mV,10 kHz,PUFF_RIGHT,T006,1,33,L3->L4,R6->R5,11.0,False,0.0,0.0,0.0,0.0,3.315985800000007
session-1-20261005-10000Hz-600mV,10 kHz,PUFF_RIGHT,T006,1,34,L3->L4,R5->R4,62.76941930590086,True,4.779397409078746,-4.416243654822336,1.8274111675126905,3.0,3.414946999999998
session-1-20261005-10000Hz-600mV,10 kHz,PUFF_RIGHT,T006,1,35,L3->L4,R4->R3,50.08991914547277,True,5.9892290727946715,-5.978477481068155,0.35870864886408926,2.9999999999999996,3.5134266000000025
session-1-20261005-10000Hz-600mV,10 kHz,PUFF_RIGHT,T006,1,36,L3->L4,R3->R2,13.601470508735444,False,10.397504898200726,-9.18918918918919,-4.864864864864865,1.4142135623730951,3.6114028000000076
session-1-20261005-10000Hz-600mV,10 kHz,PUFF_RIGHT,T006,1,37,L3->L4,R2->R1,23.430749027719962,False,6.035716402834571,-0.5464480874316939,6.010928961748635,1.4142135623730954,3.709917500000003
session-1-20261005-10000Hz-600mV,10 kHz,PUFF_RIGHT,T006,1,38,L3->L4,R1->L1,117.00427342623004,True,2.5640089136500377,-2.4324324324324325,0.8108108108108109,3.0000000000000004,3.810388000000003
session-1-20261005-10000Hz-600mV,10 kHz,PUFF_RIGHT,T006,1,39,L4->L5,L1->L2,86.02325267042627,True,4.793012932694109,-4.783783783783784,0.2972972972972973,4.1231056256176615,3.913354800000022
session-1-20261005-10000Hz-600mV,10 kHz,PUFF_RIGHT,T006,1,40,L4->L5,L2->L3,267.67517628648346,True,3.544158674748274,-3.54221912072575,0.11723656664340547,9.486832980505138,4.013992399999992
session-1-20261005-10000Hz-600mV,10 kHz,PUFF_RIGHT,T006,1,41,L4->L5,L6->L7,205.1974658712919,True,0.4873354530738895,-0.17812188286704983,-0.4536170617014202,1.0000000000000002,4.112842850000007
session-1-20261005-10000Hz-600mV,10 kHz,PUFF_RIGHT,T006,1,42,L4->L5,L7->L8,69.26037828369117,True,1.443826939414033,0.4377736085053157,1.3758599124452782,0.9999999999999998,4.211315400000004
session-1-20261005-10000Hz-600mV,10 kHz,PUFF_RIGHT,T006,1,43,L4->L5,L8->R8,49.64876634922564,False,8.304547985373995,-8.275862068965516,0.689655172413793,4.12310562561766,4.310880999999981
session-1-20261005-10000Hz-600mV,10 kHz,PUFF_RIGHT,T006,1,44,L4->L5,R8->R7,19.4164878389476,False,0.0,0.0,0.0,0.0,4.411401800000007
session-1-20261005-10000Hz-600mV,10 kHz,PUFF_RIGHT,T006,1,45,L4->L5,R7->R6,20.39607805437114,False,9.8058067569092,9.615384615384615,-1.9230769230769231,2.0,4.509862900000016
session-1-20261005-10000Hz-600mV,10 kHz,PUFF_RIGHT,T006,1,46,L4->L5,R6->R5,6.0,False,16.666666666666664,16.666666666666664,0.0,1.0,4.609829349999998
session-1-20261005-10000Hz-600mV,10 kHz,PUFF_RIGHT,T006,1,47,L4->L5,R5->R4,44.92215489043241,False,4.977650744835554,-4.905847373637265,-0.8424182358771061,2.23606797749979,4.710328349999983
session-1-20261005-10000Hz-600mV,10 kHz,PUFF_RIGHT,T006,1,48,L4->L5,R4->R3,33.54101966249685,False,8.94427190999916,-8.0,4.0,3.0000000000000004,4.808386550000009
session-1-20261005-10000Hz-600mV,10 kHz,PUFF_RIGHT,T006,1,49,L4->L5,R3->R2,15.0,False,0.0,0.0,0.0,0.0,4.906391200000016
session-1-20261005-10000Hz-600mV,10 kHz,PUFF_RIGHT,T006,1,50,L4->L5,R2->R1,101.24228365658294,True,2.208630521496931,-2.195121951219512,-0.2439024390243903,2.23606797749979,5.0048134500000145
session-1-20261005-10000Hz-600mV,10 kHz,PUFF_RIGHT,T006,1,51,L4->L5,R1->L1,10.44030650891055,False,9.578262852211514,9.174311926605503,-2.7522935779816513,1.0,5.102855749999989
session-1-20261005-10000Hz-600mV,10 kHz,PUFF_RIGHT,T006,1,52,L5->L6,L1->L2,99.62429422585639,True,2.244500696216168,2.2267002518891688,0.2821158690176322,2.2360679774997902,5.19990534999998
session-1-20261005-10000Hz-600mV,10 kHz,PUFF_RIGHT,T006,1,53,L5->L6,L2->L3,209.65209276322523,True,3.016690764675324,-3.0122400691632163,0.163807617054193,6.324555320336759,5.2974643499999985
session-1-20261005-10000Hz-600mV,10 kHz,PUFF_RIGHT,T006,1,54,L5->L6,L3->L4,327.2308053958246,True,1.2599992291771778,-1.2457975345536048,0.18864400448262983,4.123105625617661,5.401386950000003
session-1-20261005-10000Hz-600mV,10 kHz,PUFF_RIGHT,T006,1,55,L5->L6,L7->L8,217.4626404695758,True,2.29924551141442,2.2266864030450413,0.5730598435187143,4.999999999999999,5.505389550000004
session-1-20261005-10000Hz-600mV,10 kHz,PUFF_RIGHT,T006,1,56,L5->L6,L8->R8,64.62197768561404,True,6.3803457790731395,-6.321839080459771,0.8620689655172415,4.1231056256176615,5.60410985
session-1-20261005-10000Hz-600mV,10 kHz,PUFF_RIGHT,T006,1,57,L5->L6,R8->R7,19.924858845171276,False,15.871016626723792,15.869017632241814,0.2518891687657433,3.162277660168379,5.703591300000014
session-1-20261005-10000Hz-600mV,10 kHz,PUFF_RIGHT,T006,1,58,L5->L6,R7->R6,5.0,False,40.0,24.0,32.0,2.0,5.803387200000017
session-1-20261005-10000Hz-600mV,10 kHz,PUFF_RIGHT,T006,1,59,L5->L6,R6->R5,33.95585369269929,False,6.585220909879694,6.418039895923677,1.4744145706851692,2.23606797749979,5.9018449
session-1-20261005-10000Hz-600mV,10 kHz,PUFF_RIGHT,T006,1,60,L5->L6,R5->R4,6.0827625302982185,False,16.439898730535724,2.702702702702702,-16.216216216216214,0.9999999999999994,6.00200605000002
session-1-20261005-10000Hz-600mV,10 kHz,PUFF_RIGHT,T006,1,61,L5->L6,R4->R3,7.211102550927979,False,13.867504905630728,11.538461538461538,7.6923076923076925,1.0000000000000002,6.102380200000013
session-1-20261005-10000Hz-600mV,10 kHz,PUFF_RIGHT,T006,1,62,L5->L6,R3->R2,4.123105625617661,False,0.0,0.0,0.0,0.0,6.208403100000012
session-1-20261005-10000Hz-600mV,10 kHz,PUFF_RIGHT,T006,1,63,L5->L6,R2->R1,30.80584360149873,False,6.492274731611955,-5.268703898840886,3.7934668071654376,2.0000000000000004,6.313408599999988
session-1-20261005-10000Hz-600mV,10 kHz,PUFF_RIGHT,T006,1,64,L5->L6,R1->L1,72.44998274671983,True,2.7605251570478124,-2.4766622213755003,1.2192798628310155,2.0000000000000004,6.412889800000002
session-1-20261005-10000Hz-600mV,10 kHz,PUFF_RIGHT,T006,1,65,L6->L7,L1->L2,61.26989472816157,True,0.0,0.0,0.0,0.0,6.511326699999998
session-1-20261005-10000Hz-600mV,10 kHz,PUFF_RIGHT,T006,1,66,L6->L7,L2->L3,56.85947590331799,True,0.0,0.0,0.0,0.0,6.609899900000002
session-1-20261005-10000Hz-600mV,10 kHz,PUFF_RIGHT,T006,1,67,L6->L7,L3->L4,37.64306044943742,False,3.7569037838267225,3.3168666196189127,1.7642907551164428,1.414213562373095,6.707447349999981
session-1-20261005-10000Hz-600mV,10 kHz,PUFF_RIGHT,T006,1,68,L6->L7,L4->L5,266.56331330473813,True,0.3751453970174766,0.3377617653681603,-0.16325151992794418,0.9999999999999999,6.8053825500000045
session-1-20261005-10000Hz-600mV,10 kHz,PUFF_RIGHT,T006,1,69,L6->L7,L8->R8,354.74215988517636,True,7.699395125839019,-7.696953322420177,0.193893930484258,27.31300056749533,6.903831399999987
session-1-20261005-10000Hz-600mV,10 kHz,PUFF_RIGHT,T006,1,70,L6->L7,R8->R7,65.76473218982952,True,4.80847036834345,4.7398843930635834,-0.8092485549132946,3.1622776601683786,7.00185070000002
session-1-20261005-10000Hz-600mV,10 kHz,PUFF_RIGHT,T006,1,71,L6->L7,R7->R6,50.08991914547277,True,12.143686063122725,11.638102829812674,-3.467516939019529,6.0827625302982185,7.101358450000006
session-1-20261005-10000Hz-600mV,10 kHz,PUFF_RIGHT,T006,1,72,L6->L7,R6->R5,23.40939982143925,False,12.082441866603538,10.948905109489052,5.109489051094891,2.82842712474619,7.200351550000008
session-1-20261005-10000Hz-600mV,10 kHz,PUFF_RIGHT,T006,1,73,L6->L7,R5->R4,18.38477631085024,False,17.200522903844533,-17.159763313609467,1.1834319526627215,3.1622776601683795,7.298381400000025
session-1-20261005-10000Hz-600mV,10 kHz,PUFF_RIGHT,T006,1,74,L6->L7,R4->R3,14.212670403551895,False,15.732919388188815,-14.356435643564359,6.435643564356434,2.23606797749979,7.396948349999988
session-1-20261005-10000Hz-600mV,10 kHz,PUFF_RIGHT,T006,1,75,L6->L7,R3->R2,4.123105625617661,False,24.253562503633297,-23.52941176470588,5.88235294117647,1.0,7.494947449999998
session-1-20261005-10000Hz-600mV,10 kHz,PUFF_RIGHT,T006,1,76,L6->L7,R2->R1,46.61544808322667,False,6.783754721229938,-6.764841233317993,0.5062126092959044,3.16227766016838,7.5949581999999936
session-1-20261005-10000Hz-600mV,10 kHz,PUFF_RIGHT,T006,1,77,L6->L7,R1->L1,49.64876634922564,False,4.503773491110449,-3.1643002028397564,3.204868154158215,2.2360679774997894,7.694938550000003
session-1-20261005-10000Hz-600mV,10 kHz,PUFF_RIGHT,T006,1,78,L7->L8,L1->L2,18.681541692269406,False,0.0,0.0,0.0,0.0,7.794924649999999
session-1-20261005-10000Hz-600mV,10 kHz,PUFF_RIGHT,T006,1,79,L7->L8,L2->L3,29.154759474226502,False,0.0,0.0,0.0,0.0,7.894469150000006
session-1-20261005-10000Hz-600mV,10 kHz,PUFF_RIGHT,T006,1,80,L7->L8,L3->L4,30.413812651491096,False,4.649905549752771,4.432432432432433,1.4054054054054055,1.414213562373095,7.991902749999994
session-1-20261005-10000Hz-600mV,10 kHz,PUFF_RIGHT,T006,1,81,L7->L8,L4->L5,105.54619841567009,True,0.9474524094763922,0.43087971274685816,0.8438061041292639,1.0,8.094823800000015
session-1-20261005-10000Hz-600mV,10 kHz,PUFF_RIGHT,T006,1,82,L7->L8,L5->L6,243.31050121192877,True,1.2996881122750907,0.9324324324324325,0.9054054054054054,3.162277660168379,8.19838935
session-1-20261005-10000Hz-600mV,10 kHz,PUFF_RIGHT,T006,1,83,L7->L8,R8->R7,164.84234892769516,True,10.312883861814367,10.308026349685349,-0.31649063408530537,17.0,8.296954650000018
session-1-20261005-10000Hz-600mV,10 kHz,PUFF_RIGHT,T006,1,84,L7->L8,R7->R6,83.24061508662703,True,23.663587280191464,23.58204647135229,-1.9627651897820748,19.69771560359221,8.394492400000004
session-1-20261005-10000Hz-600mV,10 kHz,PUFF_RIGHT,T006,1,85,L7->L8,R6->R5,31.38470965295043,False,25.688489195695425,25.68527918781726,-0.4060913705583751,8.062257748298551,8.494519950000026
session-1-20261005-10000Hz-600mV,10 kHz,PUFF_RIGHT,T006,1,86,L7->L8,R5->R4,20.248456731316587,False,15.617376188860607,-15.609756097560975,0.48780487804878025,3.1622776601683795,8.594510249999999
session-1-20261005-10000Hz-600mV,10 kHz,PUFF_RIGHT,T006,1,87,L7->L8,R4->R3,14.212670403551895,False,15.732919388188815,-14.356435643564359,6.435643564356434,2.23606797749979,8.69299955000001
session-1-20261005-10000Hz-600mV,10 kHz,PUFF_RIGHT,T006,1,88,L7->L8,R3->R2,3.0,False,33.33333333333333,0.0,33.33333333333333,1.0,8.791899049999998
session-1-20261005-10000Hz-600mV,10 kHz,PUFF_RIGHT,T006,1,89,L7->L8,R2->R1,43.41658669218482,False,8.304547985373995,-8.275862068965518,-0.6896551724137927,3.605551275463989,8.890375900000024
session-1-20261005-10000Hz-600mV,10 kHz,PUFF_RIGHT,T006,1,90,L7->L8,R1->L1,62.64982043070834,True,1.5961737689352444,-1.4012738853503186,0.7643312101910829,1.0,8.989420949999996
session-1-20261005-10000Hz-600mV,10 kHz,PUFF_RIGHT,T006,1,91,L8->R8,L1->L2,2.23606797749979,False,63.2455532033676,-20.0,-60.00000000000001,1.4142135623730954,9.09090565000001
session-1-20261005-10000Hz-600mV,10 kHz,PUFF_RIGHT,T006,1,92,L8->R8,L2->L3,25.63201123595259,False,8.723732043170227,-8.67579908675799,-0.91324200913242,2.236067977499789,9.191869649999987
session-1-20261005-10000Hz-600mV,10 kHz,PUFF_RIGHT,T006,1,93,L8->R8,L3->L4,31.304951684997057,False,3.1943828249996997,-1.4285714285714286,-2.857142857142857,1.0,9.289454300000003
session-1-20261005-10000Hz-600mV,10 kHz,PUFF_RIGHT,T006,1,94,L8->R8,L4->L5,77.3886296557834,True,6.460897449973571,-6.328268492235766,-1.3023877108031392,5.000000000000001,9.387414249999992
session-1-20261005-10000Hz-600mV,10 kHz,PUFF_RIGHT,T006,1,95,L8->R8,L5->L6,68.4470598345904,True,3.2668576019240056,-3.265741728922092,-0.0853788687299894,2.2360679774997894,9.48543285000001
session-1-20261005-10000Hz-600mV,10 kHz,PUFF_RIGHT,T006,1,96,L8->R8,L6->L7,368.95799218881274,True,7.87864318510856,-7.878498494086535,0.04774847572173649,29.068883707497267,9.588346799999997
session-1-20261005-10000Hz-600mV,10 kHz,PUFF_RIGHT,T006,1,97,L8->R8,R7->R6,404.7344808636892,True,7.910277651373818,7.725413588913986,-1.7001404065685861,32.01562118716425,9.691849099999999
session-1-20261005-10000Hz-600mV,10 kHz,PUFF_RIGHT,T006,1,98,L8->R8,R6->R5,99.76472322419383,True,17.930730664985386,17.92424394654878,-0.48226665327037027,17.888543819998322,9.789426949999992
session-1-20261005-10000Hz-600mV,10 kHz,PUFF_RIGHT,T006,1,99,L8->R8,R5->R4,52.32590180780451,True,17.09339275766692,-17.0927684441198,-0.14609203798393008,8.944271909999161,9.888768000000013
session-1-20261005-10000Hz-600mV,10 kHz,PUFF_RIGHT,T006,1,100,L8->R8,R4->R3,25.495097567963924,False,21.122354181147664,-19.846153846153847,7.230769230769231,5.385164807134504,9.991191049999983
session-1-20261005-10000Hz-600mV,10 kHz,PUFF_RIGHT,T006,1,101,L8->R8,R3->R2,11.180339887498949,False,20.0,-20.0,0.0,2.23606797749979,10.092366250000012
session-1-20261005-10000Hz-600mV,10 kHz,PUFF_RIGHT,T006,1,102,L8->R8,R2->R1,30.463092423455635,False,0.0,0.0,0.0,0.0,10.19184534999998
session-1-20261005-10000Hz-600mV,10 kHz,PUFF_RIGHT,T006,1,103,L8->R8,R1->L1,78.7210264160726,True,4.0170686335496395,-3.9857995804421487,0.5002420526060996,3.1622776601683786,10.290913349999997
session-1-20261005-10000Hz-600mV,10 kHz,PUFF_RIGHT,T006,1,104,R8->R7,L1->L2,6.4031242374328485,False,66.25891564490794,-65.85365853658539,-7.317073170731707,4.2426406871192865,10.388953600000022
session-1-20261005-10000Hz-600mV,10 kHz,PUFF_RIGHT,T006,1,105,R8->R7,L2->L3,13.601470508735444,False,0.0,0.0,0.0,0.0,10.486083649999998
session-1-20261005-10000Hz-600mV,10 kHz,PUFF_RIGHT,T006,1,106,R8->R7,L3->L4,16.55294535724685,False,13.508580673957482,-13.503649635036496,-0.364963503649635,2.2360679774997902,10.582062399999998
session-1-20261005-10000Hz-600mV,10 kHz,PUFF_RIGHT,T006,1,107,R8->R7,L4->L5,36.76955262170048,False,6.081303192631498,-6.06508875739645,-0.4437869822485208,2.23606797749979,10.678479350000018
session-1-20261005-10000Hz-600mV,10 kHz,PUFF_RIGHT,T006,1,108,R8->R7,L5->L6,20.248456731316587,False,13.968605915391564,12.682926829268293,5.853658536585366,2.82842712474619,10.776396950000006
session-1-20261005-10000Hz-600mV,10 kHz,PUFF_RIGHT,T006,1,109,R8->R7,L6->L7,72.71863585079137,True,2.75032662068046,2.344931921331316,-1.437216338880484,1.9999999999999998,10.87835195000001
session-1-20261005-10000Hz-600mV,10 kHz,PUFF_RIGHT,T006,1,110,R8->R7,L7->L8,163.37074401495514,True,7.396089211963483,7.3735481453728,-0.5769951292618954,12.083045973594574,10.978896199999994
session-1-20261005-10000Hz-600mV,10 kHz,PUFF_RIGHT,T006,1,111,R8->R7,R6->R5,236.79949324270103,True,6.334473015373461,-6.275635767022149,-0.8613617719442165,15.0,11.075455850000012
session-1-20261005-10000Hz-600mV,10 kHz,PUFF_RIGHT,T006,1,112,R8->R7,R5->R4,66.18912297349165,True,4.2732506455463355,4.062999315224834,1.323898653275508,2.82842712474619,11.171869650000005
session-1-20261005-10000Hz-600mV,10 kHz,PUFF_RIGHT,T006,1,113,R8->R7,R4->R3,26.907248094147423,False,11.75251236805671,10.773480662983424,-4.696132596685083,3.162277660168379,11.268357599999987
session-1-20261005-10000Hz-600mV,10 kHz,PUFF_RIGHT,T006,1,114,R8->R7,R3->R2,13.0,False,7.692307692307692,-7.100591715976331,2.9585798816568047,0.9999999999999999,11.365402300000014
session-1-20261005-10000Hz-600mV,10 kHz,PUFF_RIGHT,T006,1,115,R8->R7,R2->R1,18.027756377319946,False,17.541160386140582,16.92307692307692,-4.615384615384614,3.1622776601683786,11.463339599999998
session-1-20261005-10000Hz-600mV,10 kHz,PUFF_RIGHT,T006,1,116,R8->R7,R1->L1,61.7170964968379,True,2.291445389764169,2.179049619322657,0.7088474665266475,1.4142135623730954,11.562364950000003
session-1-20261005-10000Hz-600mV,10 kHz,PUFF_RIGHT,T006,1,117,R7->R6,L1->L2,26.627053911388693,False,3.7555788309433984,3.1029619181946404,-2.1156558533145273,0.9999999999999999,11.66450970000001
session-1-20261005-10000Hz-600mV,10 kHz,PUFF_RIGHT,T006,1,118,R7->R6,L2->L3,16.278820596099706,False,6.142951168339512,1.1320754716981134,6.037735849056604,1.0,11.766631800000013
session-1-20261005-10000Hz-600mV,10 kHz,PUFF_RIGHT,T006,1,119,R7->R6,L3->L4,28.178005607210743,False,5.018856132284956,4.785894206549118,1.5113350125944585,1.4142135623730951,11.865044450000013
session-1-20261005-10000Hz-600mV,10 kHz,PUFF_RIGHT,T006,1,120,R7->R6,L4->L5,46.238512086787566,False,6.839055837767721,6.828811973807296,-0.37418147801683804,3.1622776601683786,11.962854649999983
session-1-20261005-10000Hz-600mV,10 kHz,PUFF_RIGHT,T006,1,121,R7->R6,L5->L6,9.219544457292889,False,10.84652289093281,10.588235294117647,2.3529411764705883,1.0000000000000002,12.061384500000017
session-1-20261005-10000Hz-600mV,10 kHz,PUFF_RIGHT,T006,1,122,R7->R6,L6->L7,60.83584469702052,True,10.396100114718235,10.321534720345852,-1.242907322345312,6.324555320336758,12.159404199999997
session-1-20261005-10000Hz-600mV,10 kHz,PUFF_RIGHT,T006,1,123,R7->R6,L7->L8,82.0792300158816,True,23.11628161879569,23.066646875463857,-1.5140270149918362,18.973665961010273,12.255894999999995
session-1-20261005-10000Hz-600mV,10 kHz,PUFF_RIGHT,T006,1,124,R7->R6,L8->R8,392.7709256042254,True,9.087520044983062,8.916243704179063,-1.7560235692199988,35.69313659514949,12.352391749999995
session-1-20261005-10000Hz-600mV,10 kHz,PUFF_RIGHT,T006,1,125,R7->R6,R5->R4,108.07867504739312,True,4.626259526041997,-4.280455440458865,1.7549867305881346,4.999999999999998,12.450017149999994
session-1-20261005-10000Hz-600mV,10 kHz,PUFF_RIGHT,T006,1,126,R7->R6,R4->R3,10.63014581273465,False,13.303802104754785,0.8849557522123894,13.27433628318584,1.4142135623730951,12.547536899999997
session-1-20261005-10000Hz-600mV,10 kHz,PUFF_RIGHT,T006,1,127,R7->R6,R3->R2,23.40939982143925,False,6.041220933301769,-5.474452554744526,-2.5547445255474455,1.414213562373095,12.645464550000028
session-1-20261005-10000Hz-600mV,10 kHz,PUFF_RIGHT,T006,1,128,R7->R6,R2->R1,11.40175425099138,False,26.311740579210873,25.384615384615383,6.923076923076923,2.9999999999999996,12.744961400000008
session-1-20261005-10000Hz-600mV,10 kHz,PUFF_RIGHT,T006,1,129,R7->R6,R1->L1,71.58910531638176,True,3.123475237772121,-1.795121951219512,2.5560975609756094,2.2360679774997894,12.84596255000001
session-1-20261005-10000Hz-600mV,10 kHz,PUFF_RIGHT,T006,1,130,R6->R5,L1->L2,3.6055512754639896,False,0.0,0.0,0.0,0.0,12.944894749999989
session-1-20261005-10000Hz-600mV,10 kHz,PUFF_RIGHT,T006,1,131,R6->R5,L2->L3,21.587033144922902,False,0.0,0.0,0.0,0.0,13.044399549999994
session-1-20261005-10000Hz-600mV,10 kHz,PUFF_RIGHT,T006,1,132,R6->R5,L3->L4,4.123105625617661,False,24.253562503633297,-23.52941176470588,5.88235294117647,1.0,13.143900249999987
session-1-20261005-10000Hz-600mV,10 kHz,PUFF_RIGHT,T006,1,133,R6->R5,L4->L5,18.439088914585778,False,5.423261445466405,1.1764705882352942,5.294117647058823,1.0000000000000002,13.240840949999992
session-1-20261005-10000Hz-600mV,10 kHz,PUFF_RIGHT,T006,1,134,R6->R5,L5->L6,30.14962686336267,False,4.6906502982019465,3.6303630363036308,2.9702970297029703,1.4142135623730951,13.339852250000021
session-1-20261005-10000Hz-600mV,10 kHz,PUFF_RIGHT,T006,1,135,R6->R5,L6->L7,24.351591323771842,False,12.98591791445427,12.984822934232715,-0.16863406408094422,3.1622776601683795,13.438924999999998
session-1-20261005-10000Hz-600mV,10 kHz,PUFF_RIGHT,T006,1,136,R6->R5,L7->L8,25.0,False,26.832815729997478,26.399999999999995,4.8,6.708203932499369,13.537405649999997
session-1-20261005-10000Hz-600mV,10 kHz,PUFF_RIGHT,T006,1,137,R6->R5,L8->R8,86.97700845625813,True,19.646579934085505,19.643093192333115,0.3701255783212165,17.088007490635064,13.636446149999998
session-1-20261005-10000Hz-600mV,10 kHz,PUFF_RIGHT,T006,1,138,R6->R5,R8->R7,205.30221625691235,True,3.9270193450856623,-3.869605447341574,-0.669055019098911,8.06225774829855,13.734974150000014
session-1-20261005-10000Hz-600mV,10 kHz,PUFF_RIGHT,T006,1,139,R6->R5,R4->R3,365.87429535292586,True,0.8643071405489191,-0.8635630191836493,0.03585728799378472,3.1622776601683804,13.83358029999998
session-1-20261005-10000Hz-600mV,10 kHz,PUFF_RIGHT,T006,1,140,R6->R5,R3->R2,203.423204182807,True,1.0992197210158672,-1.092288731543462,-0.12324496749716052,2.2360679774997894,13.932378700000001
session-1-20261005-10000Hz-600mV,10 kHz,PUFF_RIGHT,T006,1,141,R6->R5,R2->R1,135.4400236266961,True,1.476668377962234,1.4173571740078499,-0.4143044047099869,2.0,14.030907150000004
session-1-20261005-10000Hz-600mV,10 kHz,PUFF_RIGHT,T006,1,142,R6->R5,R1->L1,91.78779875342909,True,2.178938842811373,-1.9940652818991096,0.8783382789317506,1.9999999999999998,14.129376599999986
session-1-20261005-10000Hz-600mV,10 kHz,PUFF_RIGHT,T006,1,143,R5->R4,L1->L2,61.465437442517235,True,0.0,0.0,0.0,0.0,14.227884650000007
session-1-20261005-10000Hz-600mV,10 kHz,PUFF_RIGHT,T006,1,144,R5->R4,L2->L3,11.0,False,0.0,0.0,0.0,0.0,14.326411349999987
session-1-20261005-10000Hz-600mV,10 kHz,PUFF_RIGHT,T006,1,145,R5->R4,L3->L4,61.68468205316454,True,3.242296034331908,-3.0486202365308808,1.1038107752956638,2.0000000000000004,14.42495615
session-1-20261005-10000Hz-600mV,10 kHz,PUFF_RIGHT,T006,1,146,R5->R4,L4->L5,69.92138442565334,True,2.8603552638843674,-2.740846798936388,0.8181632235631009,1.9999999999999996,14.52193800000002
session-1-20261005-10000Hz-600mV,10 kHz,PUFF_RIGHT,T006,1,147,R5->R4,L5->L6,7.810249675906654,False,12.803687993289598,-8.196721311475411,-9.836065573770494,1.0,14.618879100000001
session-1-20261005-10000Hz-600mV,10 kHz,PUFF_RIGHT,T006,1,148,R5->R4,L6->L7,27.202941017470888,False,7.352146220938079,-7.027027027027027,2.1621621621621623,2.0000000000000004,14.716900199999984
session-1-20261005-10000Hz-600mV,10 kHz,PUFF_RIGHT,T006,1,149,R5->R4,L7->L8,21.0,False,9.523809523809524,-9.523809523809524,0.0,2.0,14.814638349999981
session-1-20261005-10000Hz-600mV,10 kHz,PUFF_RIGHT,T006,1,150,R5->R4,L8->R8,48.27007354458868,False,17.08348598975724,-17.081545064377686,-0.25751072961373384,8.246211251235323,14.910901449999997
session-1-20261005-10000Hz-600mV,10 kHz,PUFF_RIGHT,T006,1,151,R5->R4,R8->R7,59.43904440685432,True,5.320202724867015,5.292952165298613,0.5377865836399659,3.162277660168379,15.011451000000008
session-1-20261005-10000Hz-600mV,10 kHz,PUFF_RIGHT,T006,1,152,R5->R4,R7->R6,92.19544457292888,True,4.338609156373123,-4.235294117647059,0.9411764705882352,4.0,15.113957500000012
session-1-20261005-10000Hz-600mV,10 kHz,PUFF_RIGHT,T006,1,153,R5->R4,R3->R2,267.21714016881475,True,2.3668224711712775,-2.366781037742455,-0.01400462152510334,6.324555320336758,15.2128972
session-1-20261005-10000Hz-600mV,10 kHz,PUFF_RIGHT,T006,1,154,R5->R4,R2->R1,41.62931659299729,False,14.611728051575646,-14.13733410271206,3.693017888055395,6.08276253029822,15.311347950000012
session-1-20261005-10000Hz-600mV,10 kHz,PUFF_RIGHT,T006,1,155,R5->R4,R1->L1,21.2602916254693,False,9.407208683835973,-6.1946902654867255,7.079646017699115,2.0,15.414375950000007
session-1-20261005-10000Hz-600mV,10 kHz,PUFF_RIGHT,T006,1,156,R4->R3,L1->L2,34.0147027033899,False,2.939905160189274,-2.9386343993085564,0.08643042350907519,1.0000000000000002,15.515897149999986
session-1-20261005-10000Hz-600mV,10 kHz,PUFF_RIGHT,T006,1,157,R4->R3,L2->L3,5.8309518948453,False,17.14985851425088,14.705882352941178,8.823529411764707,0.9999999999999998,15.611875799999993
session-1-20261005-10000Hz-600mV,10 kHz,PUFF_RIGHT,T006,1,158,R4->R3,L3->L4,39.20459156782532,False,8.066090051461263,-7.872478854912167,-1.756668835393624,3.162277660168379,15.709872849999996
session-1-20261005-10000Hz-600mV,10 kHz,PUFF_RIGHT,T006,1,159,R4->R3,L4->L5,18.027756377319946,False,11.09400392450458,-11.076923076923077,0.6153846153846153,1.9999999999999996,15.80989855
session-1-20261005-10000Hz-600mV,10 kHz,PUFF_RIGHT,T006,1,160,R4->R3,L5->L6,5.385164807134504,False,0.0,0.0,0.0,0.0,15.908351150000001
session-1-20261005-10000Hz-600mV,10 kHz,PUFF_RIGHT,T006,1,161,R4->R3,L6->L7,6.0827625302982185,False,36.76073110469038,-35.13513513513512,-10.81081081081081,2.236067977499789,16.007886749999997
session-1-20261005-10000Hz-600mV,10 kHz,PUFF_RIGHT,T006,1,162,R4->R3,L7->L8,12.206555615733702,False,18.318582636182796,-18.120805369127517,2.684563758389261,2.23606797749979,16.109913050000003
session-1-20261005-10000Hz-600mV,10 kHz,PUFF_RIGHT,T006,1,163,R4->R3,L8->R8,20.248456731316587,False,15.617376188860607,-15.609756097560975,0.48780487804878025,3.1622776601683795,16.209892899999986
session-1-20261005-10000Hz-600mV,10 kHz,PUFF_RIGHT,T006,1,164,R4->R3,R8->R7,18.788294228055936,False,5.322462954123494,4.815864022662889,-2.2662889518413594,0.9999999999999999,16.309948399999982
session-1-20261005-10000Hz-600mV,10 kHz,PUFF_RIGHT,T006,1,165,R4->R3,R7->R6,16.643316977093235,False,8.497185773241748,-1.8050541516245486,8.303249097472925,1.4142135623730947,16.413472499999997
session-1-20261005-10000Hz-600mV,10 kHz,PUFF_RIGHT,T006,1,166,R4->R3,R6->R5,306.3396807467162,True,0.3264350206158265,-0.31967946805336517,0.06606709006436214,1.0000000000000002,16.515366249999985
session-1-20261005-10000Hz-600mV,10 kHz,PUFF_RIGHT,T006,1,167,R4->R3,R2->R1,445.6601844455033,True,0.0,0.0,0.0,0.0,16.613969600000004
session-1-20261005-10000Hz-600mV,10 kHz,PUFF_RIGHT,T006,1,168,R4->R3,R1->L1,111.23398761170077,True,2.697017399459325,-2.497373312858644,1.0183463994180877,3.0,16.711900150000005
session-1-20261005-10000Hz-600mV,10 kHz,PUFF_RIGHT,T006,1,169,R3->R2,L1->L2,29.966648127543394,False,0.0,0.0,0.0,0.0,16.810342000000006
session-1-20261005-10000Hz-600mV,10 kHz,PUFF_RIGHT,T006,1,170,R3->R2,L2->L3,18.027756377319946,False,7.844645405527362,5.846153846153846,5.23076923076923,1.4142135623730951,16.914347199999995
session-1-20261005-10000Hz-600mV,10 kHz,PUFF_RIGHT,T006,1,171,R3->R2,L3->L4,11.045361017187261,False,20.244408254472894,-18.85245901639344,-7.377049180327868,2.2360679774997894,17.018552550000024
session-1-20261005-10000Hz-600mV,10 kHz,PUFF_RIGHT,T006,1,172,R3->R2,L4->L5,6.324555320336759,False,15.811388300841896,-5.0,15.0,1.0,17.117661050000024
session-1-20261005-10000Hz-600mV,10 kHz,PUFF_RIGHT,T006,1,173,R3->R2,L5->L6,7.810249675906654,False,0.0,0.0,0.0,0.0,17.216639949999987
session-1-20261005-10000Hz-600mV,10 kHz,PUFF_RIGHT,T006,1,174,R3->R2,L6->L7,11.180339887498949,False,0.0,0.0,0.0,0.0,17.314927150000003
session-1-20261005-10000Hz-600mV,10 kHz,PUFF_RIGHT,T006,1,175,R3->R2,L7->L8,7.0710678118654755,False,0.0,0.0,0.0,0.0,17.412355199999993
session-1-20261005-10000Hz-600mV,10 kHz,PUFF_RIGHT,T006,1,176,R3->R2,L8->R8,11.045361017187261,False,20.2444082544729,-17.21311475409836,-10.655737704918032,2.23606797749979,17.509829299999993
session-1-20261005-10000Hz-600mV,10 kHz,PUFF_RIGHT,T006,1,177,R3->R2,R8->R7,14.317821063276352,False,9.877295966495895,5.365853658536586,8.292682926829269,1.414213562373095,17.607925650000013
session-1-20261005-10000Hz-600mV,10 kHz,PUFF_RIGHT,T006,1,178,R3->R2,R7->R6,17.46424919657298,False,5.725983343138682,2.2950819672131146,-5.245901639344262,0.9999999999999999,17.705922599999994
session-1-20261005-10000Hz-600mV,10 kHz,PUFF_RIGHT,T006,1,179,R3->R2,R6->R5,187.0721785835617,True,1.0691060611702008,-1.0629786261287004,0.11429877700308608,2.0000000000000004,17.804458550000007
session-1-20261005-10000Hz-600mV,10 kHz,PUFF_RIGHT,T006,1,180,R3->R2,R5->R4,265.0226405422752,True,2.2951859953745823,-2.2950866352492274,0.02135626521633894,6.082762530298221,17.903979150000012
session-1-20261005-10000Hz-600mV,10 kHz,PUFF_RIGHT,T006,1,181,R3->R2,R1->L1,65.29931086925804,True,3.062819459158444,-2.720450281425891,1.4071294559099436,2.0,18.005144749999985
session-1-20261005-10000Hz-600mV,10 kHz,PUFF_RIGHT,T006,1,182,R2->R1,L1->L2,255.07057846799972,True,1.2397657460776519,1.166597500806935,-0.4196062157052612,3.162277660168379,18.1045644
session-1-20261005-10000Hz-600mV,10 kHz,PUFF_RIGHT,T006,1,183,R2->R1,L2->L3,9.219544457292889,False,0.0,0.0,0.0,0.0,18.201973999999993
session-1-20261005-10000Hz-600mV,10 kHz,PUFF_RIGHT,T006,1,184,R2->R1,L3->L4,11.180339887498949,False,0.0,0.0,0.0,0.0,18.300359450000016
session-1-20261005-10000Hz-600mV,10 kHz,PUFF_RIGHT,T006,1,185,R2->R1,L4->L5,12.041594578792294,False,8.304547985373995,-8.275862068965518,0.6896551724137931,0.9999999999999998,18.39936920000001
session-1-20261005-10000Hz-600mV,10 kHz,PUFF_RIGHT,T006,1,186,R2->R1,L5->L6,11.6619037896906,False,12.12678125181665,-11.764705882352942,-2.9411764705882355,1.4142135623730951,18.49795675
session-1-20261005-10000Hz-600mV,10 kHz,PUFF_RIGHT,T006,1,187,R2->R1,L6->L7,3.1622776601683795,False,44.721359549995796,20.0,-40.0,1.4142135623730951,18.596409400000013
session-1-20261005-10000Hz-600mV,10 kHz,PUFF_RIGHT,T006,1,188,R2->R1,L7->L8,9.486832980505138,False,10.5409255338946,-10.0,-3.3333333333333335,1.0000000000000002,18.696397000000005
session-1-20261005-10000Hz-600mV,10 kHz,PUFF_RIGHT,T006,1,189,R2->R1,L8->R8,5.8309518948453,False,17.14985851425088,-8.823529411764707,-14.705882352941178,0.9999999999999998,18.79597495
session-1-20261005-10000Hz-600mV,10 kHz,PUFF_RIGHT,T006,1,190,R2->R1,R8->R7,13.601470508735444,False,0.0,0.0,0.0,0.0,18.89291360000003
session-1-20261005-10000Hz-600mV,10 kHz,PUFF_RIGHT,T006,1,191,R2->R1,R7->R6,20.808652046684813,False,10.745856927604471,10.623556581986142,1.6166281755196306,2.23606797749979,18.98986755
session-1-20261005-10000Hz-600mV,10 kHz,PUFF_RIGHT,T006,1,192,R2->R1,R6->R5,103.07764064044152,True,1.3719886811400706,0.9317647058823529,1.0070588235294118,1.414213562373095,19.088426100000007
session-1-20261005-10000Hz-600mV,10 kHz,PUFF_RIGHT,T006,1,193,R2->R1,R5->R4,11.180339887498949,False,26.832815729997478,-12.0,24.0,3.0000000000000004,19.185948949999997
session-1-20261005-10000Hz-600mV,10 kHz,PUFF_RIGHT,T006,1,194,R2->R1,R4->R3,326.1533381708671,True,0.9695677738278144,0.9099796946679702,0.33466195382417085,3.1622776601683795,19.28289979999998
session-1-20261005-10000Hz-600mV,10 kHz,PUFF_RIGHT,T006,1,195,R1->L1,L2->L3,24.041630560342615,False,0.0,0.0,0.0,0.0,19.380330650000005
session-1-20261005-10000Hz-600mV,10 kHz,PUFF_RIGHT,T006,1,196,R1->L1,L3->L4,26.076809620810597,False,3.8348249442368525,3.823529411764706,-0.2941176470588236,1.0000000000000002,19.478382200000013
session-1-20261005-10000Hz-600mV,10 kHz,PUFF_RIGHT,T006,1,197,R1->L1,L4->L5,23.345235059857504,False,0.0,0.0,0.0,0.0,19.576978149999988
session-1-20261005-10000Hz-600mV,10 kHz,PUFF_RIGHT,T006,1,198,R1->L1,L5->L6,10.19803902718557,False,0.0,0.0,0.0,0.0,19.67497115000002
session-1-20261005-10000Hz-600mV,10 kHz,PUFF_RIGHT,T006,1,199,R1->L1,L6->L7,7.0,False,20.203050891044217,14.285714285714285,14.285714285714285,1.4142135623730951,19.775908900000005
session-1-20261005-10000Hz-600mV,10 kHz,PUFF_RIGHT,T006,1,200,R1->L1,L7->L8,8.246211251235321,False,0.0,0.0,0.0,0.0,19.87937405000001
session-1-20261005-10000Hz-600mV,10 kHz,PUFF_RIGHT,T006,1,201,R1->L1,L8->R8,15.0,False,13.333333333333334,-13.333333333333334,0.0,2.0,19.979407800000004
session-1-20261005-10000Hz-600mV,10 kHz,PUFF_RIGHT,T006,1,202,R1->L1,R8->R7,10.04987562112089,False,19.900743804199784,19.801980198019802,1.9801980198019806,2.0,20.07888340000001
session-1-20261005-10000Hz-600mV,10 kHz,PUFF_RIGHT,T006,1,203,R1->L1,R7->R6,5.0,False,0.0,0.0,0.0,0.0,20.178888299999997
session-1-20261005-10000Hz-600mV,10 kHz,PUFF_RIGHT,T006,1,204,R1->L1,R6->R5,24.020824298928627,False,0.0,0.0,0.0,0.0,20.277885300000023
session-1-20261005-10000Hz-600mV,10 kHz,PUFF_RIGHT,T006,1,205,R1->L1,R5->R4,37.48332962798263,False,0.0,0.0,0.0,0.0,20.377854950000014
session-1-20261005-10000Hz-600mV,10 kHz,PUFF_RIGHT,T006,1,206,R1->L1,R4->R3,37.0,False,2.7027027027027026,0.0,-2.7027027027027026,1.0,20.475887799999995
session-1-20261005-10000Hz-600mV,10 kHz,PUFF_RIGHT,T006,1,207,R1->L1,R3->R2,4.123105625617661,False,0.0,0.0,0.0,0.0,20.57239539999999
session-1-20261005-10000Hz-600mV,10 kHz,PUFF_BOTH,T007,1,0,L1->L2,L3->L4,285.2367437761131,True,0.495803431090608,-0.4277286135693215,-0.25073746312684364,1.414213562373095,0.04876649999999927
session-1-20261005-10000Hz-600mV,10 kHz,PUFF_BOTH,T007,1,1,L1->L2,L4->L5,97.52948272189288,True,7.250184882071769,7.190916736753575,-0.9251471825063079,7.0710678118654755,0.14629529999999136
session-1-20261005-10000Hz-600mV,10 kHz,PUFF_BOTH,T007,1,2,L1->L2,L5->L6,80.41144197189851,True,2.7807833346418924,2.675533560160841,0.7578100835137642,2.23606797749979,0.24330294999998614
session-1-20261005-10000Hz-600mV,10 kHz,PUFF_BOTH,T007,1,3,L1->L2,L6->L7,54.708317466359716,True,0.0,0.0,0.0,0.0,0.3398353499999871
session-1-20261005-10000Hz-600mV,10 kHz,PUFF_BOTH,T007,1,4,L1->L2,L7->L8,15.132745950421555,False,14.776353114138544,-12.22707423580786,-8.296943231441048,2.23606797749979,0.4378412499999911
session-1-20261005-10000Hz-600mV,10 kHz,PUFF_BOTH,T007,1,5,L1->L2,L8->R8,3.6055512754639896,False,55.47001962252291,-46.15384615384615,-30.76923076923077,2.0000000000000004,0.5366972000000203
session-1-20261005-10000Hz-600mV,10 kHz,PUFF_BOTH,T007,1,6,L1->L2,R8->R7,3.1622776601683795,False,126.49110640673517,-40.0,120.0,4.0,0.6352412500000071
session-1-20261005-10000Hz-600mV,10 kHz,PUFF_BOTH,T007,1,7,L1->L2,R7->R6,26.92582403567252,False,8.304547985373997,8.275862068965518,-0.6896551724137935,2.23606797749979,0.732750349999975
session-1-20261005-10000Hz-600mV,10 kHz,PUFF_BOTH,T007,1,8,L1->L2,R6->R5,7.280109889280519,False,0.0,0.0,0.0,0.0,0.8302017000000035
session-1-20261005-10000Hz-600mV,10 kHz,PUFF_BOTH,T007,1,9,L1->L2,R5->R4,65.55150646628955,True,1.5255179536022703,1.4195950663253434,-0.5585292064230859,1.0000000000000002,0.9282105999999999
session-1-20261005-10000Hz-600mV,10 kHz,PUFF_BOTH,T007,1,10,L1->L2,R4->R3,42.04759208325727,False,2.3782574707724704,-2.3755656108597285,0.11312217194570134,0.9999999999999998,1.024760499999985
session-1-20261005-10000Hz-600mV,10 kHz,PUFF_BOTH,T007,1,11,L1->L2,R3->R2,29.5296461204668,False,3.3864273073929816,-1.605504587155963,-2.9816513761467887,0.9999999999999999,1.121320499999996
session-1-20261005-10000Hz-600mV,10 kHz,PUFF_BOTH,T007,1,12,L1->L2,R2->R1,368.4698088039236,True,0.6068524270029635,0.46770273256242173,-0.3866833615673566,2.23606797749979,1.2187817499999767
session-1-20261005-10000Hz-600mV,10 kHz,PUFF_BOTH,T007,1,13,L2->L3,L4->L5,253.298243183801,True,0.8827806894330609,-0.8665835411471321,-0.16832917705735662,2.2360679774997894,1.3167341999999849
session-1-20261005-10000Hz-600mV,10 kHz,PUFF_BOTH,T007,1,14,L2->L3,L5->L6,165.65627063289816,True,1.8109788349926916,-1.7600757962247648,0.42635376430289335,2.999999999999999,1.414162800000014
session-1-20261005-10000Hz-600mV,10 kHz,PUFF_BOTH,T007,1,15,L2->L3,L6->L7,46.17358552246078,False,2.1657404091210495,-2.0637898686679175,0.6566604127579737,0.9999999999999999,1.5137450000000001
session-1-20261005-10000Hz-600mV,10 kHz,PUFF_BOTH,T007,1,16,L2->L3,L7->L8,18.027756377319946,False,5.54700196225229,5.538461538461538,-0.30769230769230765,0.9999999999999998,1.6137966500000118
session-1-20261005-10000Hz-600mV,10 kHz,PUFF_BOTH,T007,1,17,L2->L3,L8->R8,15.132745950421555,False,19.824558013652695,-19.650655021834062,2.620087336244542,2.9999999999999996,1.7123074000000145
session-1-20261005-10000Hz-600mV,10 kHz,PUFF_BOTH,T007,1,18,L2->L3,R8->R7,9.055385138137417,False,11.043152607484656,10.975609756097562,1.2195121951219512,1.0,1.8098188499999992
session-1-20261005-10000Hz-600mV,10 kHz,PUFF_BOTH,T007,1,19,L2->L3,R7->R6,6.324555320336759,False,15.811388300841896,5.0,15.0,1.0,1.9057506999999987
session-1-20261005-10000Hz-600mV,10 kHz,PUFF_BOTH,T007,1,20,L2->L3,R6->R5,16.1245154965971,False,8.770580193070293,5.384615384615385,-6.923076923076923,1.4142135623730951,2.0022043499999995
session-1-20261005-10000Hz-600mV,10 kHz,PUFF_BOTH,T007,1,21,L2->L3,R5->R4,8.06225774829855,False,0.0,0.0,0.0,0.0,2.099257950000009
session-1-20261005-10000Hz-600mV,10 kHz,PUFF_BOTH,T007,1,22,L2->L3,R4->R3,9.848857801796104,False,0.0,0.0,0.0,0.0,2.1968953000000226
session-1-20261005-10000Hz-600mV,10 kHz,PUFF_BOTH,T007,1,23,L2->L3,R3->R2,8.0,False,17.67766952966369,12.5,12.5,1.4142135623730951,2.2958825999999988
session-1-20261005-10000Hz-600mV,10 kHz,PUFF_BOTH,T007,1,24,L2->L3,R2->R1,49.24428900898052,False,4.061384660534476,-3.711340206185567,1.6494845360824744,2.0,2.395313449999975
session-1-20261005-10000Hz-600mV,10 kHz,PUFF_BOTH,T007,1,25,L2->L3,R1->L1,12.206555615733702,False,16.38463841038081,-13.422818791946309,9.395973154362416,1.9999999999999998,2.493802649999992
session-1-20261005-10000Hz-600mV,10 kHz,PUFF_BOTH,T007,1,26,L3->L4,L1->L2,290.5942188000305,True,0.7694812328797626,-0.7484161288412574,-0.17881461306175614,2.2360679774997894,2.59082085
session-1-20261005-10000Hz-600mV,10 kHz,PUFF_BOTH,T007,1,27,L3->L4,L5->L6,256.51705596314645,True,2.4655496284993235,-2.4650081305755234,-0.05167094725004179,6.324555320336759,2.6892594499999802
session-1-20261005-10000Hz-600mV,10 kHz,PUFF_BOTH,T007,1,28,L3->L4,L6->L7,20.09975124224178,False,9.950371902099892,9.900990099009901,-0.9900990099009903,2.0,2.789725049999987
session-1-20261005-10000Hz-600mV,10 kHz,PUFF_BOTH,T007,1,29,L3->L4,L7->L8,20.591260281974,False,17.51010489931187,17.45283018867924,1.4150943396226412,3.6055512754639882,2.890814699999993
session-1-20261005-10000Hz-600mV,10 kHz,PUFF_BOTH,T007,1,30,L3->L4,L8->R8,19.697715603592208,False,7.17958158617738,2.5773195876288657,-6.701030927835052,1.4142135623730947,2.991314850000009
session-1-20261005-10000Hz-600mV,10 kHz,PUFF_BOTH,T007,1,31,L3->L4,R8->R7,8.485281374238571,False,37.26779962499649,-33.33333333333333,16.666666666666664,3.1622776601683795,3.090190799999988
session-1-20261005-10000Hz-600mV,10 kHz,PUFF_BOTH,T007,1,32,L3->L4,R7->R6,26.076809620810597,False,8.57492925712544,8.52941176470588,-0.8823529411764705,2.2360679774997894,3.189707150000004
session-1-20261005-10000Hz-600mV,10 kHz,PUFF_BOTH,T007,1,33,L3->L4,R6->R5,11.0,False,9.090909090909092,-9.090909090909092,0.0,1.0,3.2878073500000085
session-1-20261005-10000Hz-600mV,10 kHz,PUFF_BOTH,T007,1,34,L3->L4,R5->R4,62.76941930590086,True,5.037927218598784,-5.025380710659898,0.35532994923857864,3.1622776601683795,3.384815799999984
session-1-20261005-10000Hz-600mV,10 kHz,PUFF_BOTH,T007,1,35,L3->L4,R4->R3,50.08991914547277,True,5.9892290727946715,-5.978477481068155,0.35870864886408926,2.9999999999999996,3.4822334499999954
session-1-20261005-10000Hz-600mV,10 kHz,PUFF_BOTH,T007,1,36,L3->L4,R3->R2,13.601470508735444,False,10.397504898200726,-9.18918918918919,-4.864864864864865,1.4142135623730951,3.5796924500000102
session-1-20261005-10000Hz-600mV,10 kHz,PUFF_BOTH,T007,1,37,L3->L4,R2->R1,23.430749027719962,False,6.035716402834571,-0.5464480874316939,6.010928961748635,1.4142135623730954,3.6767212499999857
session-1-20261005-10000Hz-600mV,10 kHz,PUFF_BOTH,T007,1,38,L3->L4,R1->L1,117.00427342623004,True,0.8546696378833459,-0.8108108108108109,0.2702702702702703,1.0000000000000002,3.7747043999999903
session-1-20261005-10000Hz-600mV,10 kHz,PUFF_BOTH,T007,1,39,L4->L5,L1->L2,86.02325267042627,True,2.5993762245501815,2.5675675675675675,0.4054054054054053,2.23606797749979,3.8737091000000134
session-1-20261005-10000Hz-600mV,10 kHz,PUFF_BOTH,T007,1,40,L4->L5,L2->L3,267.67517628648346,True,1.9049280491125857,-1.881367759944173,0.2986741102581996,5.0990195135927845,3.971213199999994
session-1-20261005-10000Hz-600mV,10 kHz,PUFF_BOTH,T007,1,41,L4->L5,L6->L7,205.1974658712919,True,0.0,0.0,0.0,0.0,4.068245150000024
session-1-20261005-10000Hz-600mV,10 kHz,PUFF_BOTH,T007,1,42,L4->L5,L7->L8,69.26037828369117,True,6.456990368550497,6.378986866791744,1.000625390869293,4.472135954999579,4.171309949999994
session-1-20261005-10000Hz-600mV,10 kHz,PUFF_BOTH,T007,1,43,L4->L5,L8->R8,49.64876634922564,False,9.0075469822209,-8.924949290060852,-1.2170385395537524,4.47213595499958,4.27428175
session-1-20261005-10000Hz-600mV,10 kHz,PUFF_BOTH,T007,1,44,L4->L5,R8->R7,19.4164878389476,False,0.0,0.0,0.0,0.0,4.371718850000008
session-1-20261005-10000Hz-600mV,10 kHz,PUFF_BOTH,T007,1,45,L4->L5,R7->R6,20.39607805437114,False,15.504341823651057,15.384615384615385,1.923076923076923,3.16227766016838,4.469705549999986
session-1-20261005-10000Hz-600mV,10 kHz,PUFF_BOTH,T007,1,46,L4->L5,R6->R5,6.0,False,16.666666666666664,16.666666666666664,0.0,1.0,4.567674349999976
session-1-20261005-10000Hz-600mV,10 kHz,PUFF_BOTH,T007,1,47,L4->L5,R5->R4,44.92215489043241,False,4.4521461734819034,-4.261645193260654,1.288404360753221,2.0000000000000004,4.665240899999986
session-1-20261005-10000Hz-600mV,10 kHz,PUFF_BOTH,T007,1,48,L4->L5,R4->R3,33.54101966249685,False,8.94427190999916,-8.0,4.0,3.0000000000000004,4.762236849999994
session-1-20261005-10000Hz-600mV,10 kHz,PUFF_BOTH,T007,1,49,L4->L5,R3->R2,15.0,False,0.0,0.0,0.0,0.0,4.85927719999998
session-1-20261005-10000Hz-600mV,10 kHz,PUFF_BOTH,T007,1,50,L4->L5,R2->R1,101.24228365658294,True,0.9877295966495897,-0.9268292682926829,0.3414634146341463,1.0000000000000002,4.959768449999984
session-1-20261005-10000Hz-600mV,10 kHz,PUFF_BOTH,T007,1,51,L4->L5,R1->L1,10.44030650891055,False,30.289126640769133,30.27522935779816,0.9174311926605507,3.162277660168379,5.060326449999991
session-1-20261005-10000Hz-600mV,10 kHz,PUFF_BOTH,T007,1,52,L5->L6,L1->L2,99.62429422585639,True,4.489001392432336,4.4534005037783375,0.5642317380352644,4.4721359549995805,5.15788495000001
session-1-20261005-10000Hz-600mV,10 kHz,PUFF_BOTH,T007,1,53,L5->L6,L2->L3,209.65209276322523,True,0.9539613812769042,-0.8872912590435456,0.3503662920325795,1.9999999999999998,5.256304699999987
session-1-20261005-10000Hz-600mV,10 kHz,PUFF_BOTH,T007,1,54,L5->L6,L3->L4,327.2308053958246,True,1.858859994229576,-1.809861785580874,0.4239820694807621,6.082762530298219,5.3561894500000164
session-1-20261005-10000Hz-600mV,10 kHz,PUFF_BOTH,T007,1,55,L5->L6,L7->L8,217.4626404695758,True,7.81743473880903,-7.779657432861072,-0.7676041446394587,17.000000000000004,5.456203450000004
session-1-20261005-10000Hz-600mV,10 kHz,PUFF_BOTH,T007,1,56,L5->L6,L8->R8,64.62197768561404,True,11.785113019775793,11.7816091954023,0.2873563218390803,7.615773105863909,5.553227649999997
session-1-20261005-10000Hz-600mV,10 kHz,PUFF_BOTH,T007,1,57,L5->L6,R8->R7,19.924858845171276,False,31.742033253447584,31.738035264483628,0.5037783375314866,6.324555320336758,5.6501772499999845
session-1-20261005-10000Hz-600mV,10 kHz,PUFF_BOTH,T007,1,58,L5->L6,R7->R6,5.0,False,82.4621125123532,32.0,76.0,4.12310562561766,5.755163750000008
session-1-20261005-10000Hz-600mV,10 kHz,PUFF_BOTH,T007,1,59,L5->L6,R6->R5,33.95585369269929,False,6.585220909879694,6.418039895923677,1.4744145706851692,2.23606797749979,5.859719749999982
session-1-20261005-10000Hz-600mV,10 kHz,PUFF_BOTH,T007,1,60,L5->L6,R5->R4,6.0827625302982185,False,16.439898730535724,-2.702702702702702,16.216216216216214,0.9999999999999994,5.959222199999971
session-1-20261005-10000Hz-600mV,10 kHz,PUFF_BOTH,T007,1,61,L5->L6,R4->R3,7.211102550927979,False,13.867504905630728,7.6923076923076925,-11.538461538461538,1.0000000000000002,6.060749700000002
session-1-20261005-10000Hz-600mV,10 kHz,PUFF_BOTH,T007,1,62,L5->L6,R3->R2,4.123105625617661,False,0.0,0.0,0.0,0.0,6.161209299999996
session-1-20261005-10000Hz-600mV,10 kHz,PUFF_BOTH,T007,1,63,L5->L6,R2->R1,30.80584360149873,False,0.0,0.0,0.0,0.0,6.259690899999981
session-1-20261005-10000Hz-600mV,10 kHz,PUFF_BOTH,T007,1,64,L5->L6,R1->L1,72.44998274671983,True,2.7605251570478124,-2.4766622213755003,1.2192798628310155,2.0000000000000004,6.358257199999997
session-1-20261005-10000Hz-600mV,10 kHz,PUFF_BOTH,T007,1,65,L6->L7,L1->L2,61.26989472816157,True,0.0,0.0,0.0,0.0,6.457300950000018
session-1-20261005-10000Hz-600mV,10 kHz,PUFF_BOTH,T007,1,66,L6->L7,L2->L3,56.85947590331799,True,0.0,0.0,0.0,0.0,6.556304600000004
session-1-20261005-10000Hz-600mV,10 kHz,PUFF_BOTH,T007,1,67,L6->L7,L3->L4,37.64306044943742,False,5.940186453498648,5.85744530698659,0.9880028228652079,2.236067977499789,6.6542441
session-1-20261005-10000Hz-600mV,10 kHz,PUFF_BOTH,T007,1,68,L6->L7,L4->L5,266.56331330473813,True,0.5305357083239547,-0.17451024544021615,0.5010132852961046,1.4142135623730951,6.752442150000007
session-1-20261005-10000Hz-600mV,10 kHz,PUFF_BOTH,T007,1,69,L6->L7,L8->R8,354.74215988517636,True,12.747759170496536,12.648400375073503,-1.5884998649099664,45.221676218380054,6.851970350000016
session-1-20261005-10000Hz-600mV,10 kHz,PUFF_BOTH,T007,1,70,L6->L7,R8->R7,65.76473218982952,True,26.555645579400405,26.473988439306357,-2.0809248554913284,17.46424919657298,6.9512842000000035
session-1-20261005-10000Hz-600mV,10 kHz,PUFF_BOTH,T007,1,71,L6->L7,R7->R6,50.08991914547277,True,39.778181288943294,39.338381825428456,-5.898764447987245,19.924858845171272,7.049760149999997
session-1-20261005-10000Hz-600mV,10 kHz,PUFF_BOTH,T007,1,72,L6->L7,R6->R5,23.40939982143925,False,24.908592015695703,24.45255474452555,4.744525547445255,5.830951894845302,7.147239100000007
session-1-20261005-10000Hz-600mV,10 kHz,PUFF_BOTH,T007,1,73,L6->L7,R5->R4,18.38477631085024,False,7.69230769230769,7.10059171597633,2.9585798816568047,1.414213562373095,7.244236149999978
session-1-20261005-10000Hz-600mV,10 kHz,PUFF_BOTH,T007,1,74,L6->L7,R4->R3,14.212670403551895,False,0.0,0.0,0.0,0.0,7.341822199999996
session-1-20261005-10000Hz-600mV,10 kHz,PUFF_BOTH,T007,1,75,L6->L7,R3->R2,4.123105625617661,False,0.0,0.0,0.0,0.0,7.439831650000002
session-1-20261005-10000Hz-600mV,10 kHz,PUFF_BOTH,T007,1,76,L6->L7,R2->R1,46.61544808322667,False,2.145211600700721,-0.8283479061205707,-1.9788311090658077,1.0000000000000004,7.538289600000013
session-1-20261005-10000Hz-600mV,10 kHz,PUFF_BOTH,T007,1,77,L6->L7,R1->L1,49.64876634922564,False,2.014148736276902,0.6490872210953347,1.9066937119675456,1.0000000000000002,7.636913249999992
session-1-20261005-10000Hz-600mV,10 kHz,PUFF_BOTH,T007,1,78,L7->L8,L1->L2,18.681541692269406,False,16.92728422663831,-16.9054441260745,-0.8595988538681947,3.162277660168379,7.735549850000012
session-1-20261005-10000Hz-600mV,10 kHz,PUFF_BOTH,T007,1,79,L7->L8,L2->L3,29.154759474226502,False,4.85071250072666,4.470588235294119,1.8823529411764708,1.4142135623730951,7.839061149999992
session-1-20261005-10000Hz-600mV,10 kHz,PUFF_BOTH,T007,1,80,L7->L8,L3->L4,30.413812651491096,False,23.70995913455277,23.56756756756757,2.594594594594595,7.211102550927979,7.942830700000002
session-1-20261005-10000Hz-600mV,10 kHz,PUFF_BOTH,T007,1,81,L7->L8,L4->L5,105.54619841567009,True,5.5245494223121145,5.511669658886894,0.3770197486535011,5.8309518948453,8.043292200000025
session-1-20261005-10000Hz-600mV,10 kHz,PUFF_BOTH,T007,1,82,L7->L8,L5->L6,243.31050121192877,True,7.544910581025841,-7.540540540540541,-0.2567567567567569,18.35755975068582,8.14484545000002
session-1-20261005-10000Hz-600mV,10 kHz,PUFF_BOTH,T007,1,83,L7->L8,R8->R7,164.84234892769516,True,11.397735078561062,11.360541714201597,-0.9200309130386781,18.788294228055936,8.245339050000013
session-1-20261005-10000Hz-600mV,10 kHz,PUFF_BOTH,T007,1,84,L7->L8,R7->R6,83.24061508662703,True,30.12936939722121,30.00432962909511,-2.7420984269014284,25.079872407968907,8.343833250000017
session-1-20261005-10000Hz-600mV,10 kHz,PUFF_BOTH,T007,1,85,L7->L8,R6->R5,31.38470965295043,False,30.0591633198994,30.050761421319795,0.710659898477158,9.433981132056603,8.446803249999988
session-1-20261005-10000Hz-600mV,10 kHz,PUFF_BOTH,T007,1,86,L7->L8,R5->R4,20.248456731316587,False,6.984302957695782,-6.341463414634147,-2.926829268292683,1.414213562373095,8.5487502
session-1-20261005-10000Hz-600mV,10 kHz,PUFF_BOTH,T007,1,87,L7->L8,R4->R3,14.212670403551895,False,15.732919388188815,-14.356435643564359,6.435643564356434,2.23606797749979,8.645739599999985
session-1-20261005-10000Hz-600mV,10 kHz,PUFF_BOTH,T007,1,88,L7->L8,R3->R2,3.0,False,47.14045207910317,33.33333333333333,33.33333333333333,1.414213562373095,8.744271650000002
session-1-20261005-10000Hz-600mV,10 kHz,PUFF_BOTH,T007,1,89,L7->L8,R2->R1,43.41658669218482,False,14.567140814584596,-14.323607427055702,2.6525198938992043,6.324555320336759,8.844252599999976
session-1-20261005-10000Hz-600mV,10 kHz,PUFF_BOTH,T007,1,90,L7->L8,R1->L1,62.64982043070834,True,2.2573305919324014,2.1656050955414012,0.6369426751592357,1.4142135623730951,8.944246049999975
session-1-20261005-10000Hz-600mV,10 kHz,PUFF_BOTH,T007,1,91,L8->R8,L1->L2,2.23606797749979,False,63.2455532033676,-20.0,-60.00000000000001,1.4142135623730954,9.043375650000002
session-1-20261005-10000Hz-600mV,10 kHz,PUFF_BOTH,T007,1,92,L8->R8,L2->L3,25.63201123595259,False,8.723732043170227,-8.67579908675799,-0.91324200913242,2.236067977499789,9.142381900000004
session-1-20261005-10000Hz-600mV,10 kHz,PUFF_BOTH,T007,1,93,L8->R8,L3->L4,31.304951684997057,False,7.142857142857142,-5.714285714285714,-4.285714285714286,2.23606797749979,9.239369649999986
session-1-20261005-10000Hz-600mV,10 kHz,PUFF_BOTH,T007,1,94,L8->R8,L4->L5,77.3886296557834,True,5.48225327931262,-5.159459008181667,-1.853397896142929,4.242640687119285,9.336796550000003
session-1-20261005-10000Hz-600mV,10 kHz,PUFF_BOTH,T007,1,95,L8->R8,L5->L6,68.4470598345904,True,13.860102980947723,13.767342582710778,-1.6008537886872998,9.486832980505136,9.435195199999981
session-1-20261005-10000Hz-600mV,10 kHz,PUFF_BOTH,T007,1,96,L8->R8,L6->L7,368.95799218881274,True,12.343191125031188,12.232424887974728,-1.6498934841695436,45.541190146942796,9.531719750000008
session-1-20261005-10000Hz-600mV,10 kHz,PUFF_BOTH,T007,1,97,L8->R8,R7->R6,404.7344808636892,True,9.300680379173142,9.162444295220071,-1.597582565166962,37.64306044943742,9.627810299999993
session-1-20261005-10000Hz-600mV,10 kHz,PUFF_BOTH,T007,1,98,L8->R8,R6->R5,99.76472322419383,True,15.267467015870025,15.211494021902944,-1.3061388526072537,15.231546211727817,9.725943300000012
session-1-20261005-10000Hz-600mV,10 kHz,PUFF_BOTH,T007,1,99,L8->R8,R5->R4,52.32590180780451,True,18.029275762332887,-17.932797662527395,-1.8626734842951063,9.433981132056605,9.827229899999992
session-1-20261005-10000Hz-600mV,10 kHz,PUFF_BOTH,T007,1,100,L8->R8,R4->R3,25.495097567963924,False,16.172150801252798,-14.307692307692307,7.538461538461538,4.123105625617661,9.928181449999983
session-1-20261005-10000Hz-600mV,10 kHz,PUFF_BOTH,T007,1,101,L8->R8,R3->R2,11.180339887498949,False,25.298221281347033,-24.0,-8.0,2.82842712474619,10.02665214999999
session-1-20261005-10000Hz-600mV,10 kHz,PUFF_BOTH,T007,1,102,L8->R8,R2->R1,30.463092423455635,False,7.340252743933793,7.327586206896551,0.4310344827586208,2.23606797749979,10.125300549999992
session-1-20261005-10000Hz-600mV,10 kHz,PUFF_BOTH,T007,1,103,L8->R8,R1->L1,78.7210264160726,True,4.5801629369098755,-4.534452154268194,-0.6454736162659352,3.60555127546399,10.225347299999981
session-1-20261005-10000Hz-600mV,10 kHz,PUFF_BOTH,T007,1,104,R8->R7,L1->L2,6.4031242374328485,False,44.17261042993862,-43.90243902439025,-4.878048780487805,2.8284271247461903,10.32524859999998
session-1-20261005-10000Hz-600mV,10 kHz,PUFF_BOTH,T007,1,105,R8->R7,L2->L3,13.601470508735444,False,0.0,0.0,0.0,0.0,10.423709500000001
session-1-20261005-10000Hz-600mV,10 kHz,PUFF_BOTH,T007,1,106,R8->R7,L3->L4,16.55294535724685,False,8.543576577167611,-8.029197080291972,-2.9197080291970807,1.4142135623730951,10.521792250000004
session-1-20261005-10000Hz-600mV,10 kHz,PUFF_BOTH,T007,1,107,R8->R7,L4->L5,36.76955262170048,False,6.081303192631498,-6.06508875739645,-0.4437869822485208,2.23606797749979,10.618758299999996
session-1-20261005-10000Hz-600mV,10 kHz,PUFF_BOTH,T007,1,108,R8->R7,L5->L6,20.248456731316587,False,24.693239916239744,23.658536585365855,7.073170731707318,5.000000000000001,10.715317199999987
session-1-20261005-10000Hz-600mV,10 kHz,PUFF_BOTH,T007,1,109,R8->R7,L6->L7,72.71863585079137,True,22.76300313335252,22.61724659606656,-2.571860816944024,16.55294535724685,10.811755900000009
session-1-20261005-10000Hz-600mV,10 kHz,PUFF_BOTH,T007,1,110,R8->R7,L7->L8,163.37074401495514,True,8.525631906229858,8.44511052828775,-1.1689771449981263,13.928388277184121,10.908258749999987
session-1-20261005-10000Hz-600mV,10 kHz,PUFF_BOTH,T007,1,111,R8->R7,R6->R5,236.79949324270103,True,9.722034684781693,-9.680065627563577,-0.9023789991796551,23.02172886644268,11.011906900000014
session-1-20261005-10000Hz-600mV,10 kHz,PUFF_BOTH,T007,1,112,R8->R7,R5->R4,66.18912297349165,True,1.5108222545878027,0.6847751654873315,1.3467244921250854,0.9999999999999999,11.115794899999997
session-1-20261005-10000Hz-600mV,10 kHz,PUFF_BOTH,T007,1,113,R8->R7,R4->R3,26.907248094147423,False,8.31028119143167,8.011049723756905,-2.209944751381215,2.23606797749979,11.213736249999982
session-1-20261005-10000Hz-600mV,10 kHz,PUFF_BOTH,T007,1,114,R8->R7,R3->R2,13.0,False,7.692307692307692,-7.100591715976331,2.9585798816568047,0.9999999999999999,11.310701499999993
session-1-20261005-10000Hz-600mV,10 kHz,PUFF_BOTH,T007,1,115,R8->R7,R2->R1,18.027756377319946,False,11.094003924504582,9.23076923076923,-6.153846153846152,2.0,11.408263000000005
session-1-20261005-10000Hz-600mV,10 kHz,PUFF_BOTH,T007,1,116,R8->R7,R1->L1,61.7170964968379,True,0.0,0.0,0.0,0.0,11.507341550000007
session-1-20261005-10000Hz-600mV,10 kHz,PUFF_BOTH,T007,1,117,R7->R6,L1->L2,26.627053911388693,False,11.87618303809359,11.42454160789845,-3.244005641748942,3.1622776601683795,11.605325749999992
session-1-20261005-10000Hz-600mV,10 kHz,PUFF_BOTH,T007,1,118,R7->R6,L2->L3,16.278820596099706,False,6.142951168339512,1.1320754716981134,6.037735849056604,1.0,11.71030085000001
session-1-20261005-10000Hz-600mV,10 kHz,PUFF_BOTH,T007,1,119,R7->R6,L3->L4,28.178005607210743,False,7.935508313361896,7.934508816120907,-0.12594458438287165,2.23606797749979,11.815239049999974
session-1-20261005-10000Hz-600mV,10 kHz,PUFF_BOTH,T007,1,120,R7->R6,L4->L5,46.238512086787566,False,9.671885519598002,9.635173058933583,0.8419083255378861,4.472135954999579,11.912173149999973
session-1-20261005-10000Hz-600mV,10 kHz,PUFF_BOTH,T007,1,121,R7->R6,L5->L6,9.219544457292889,False,44.721359549995796,40.0,20.0,4.1231056256176615,12.00924864999999
session-1-20261005-10000Hz-600mV,10 kHz,PUFF_BOTH,T007,1,122,R7->R6,L6->L7,60.83584469702052,True,31.18830034415471,30.964604161037556,-3.7287219670359355,18.973665961010276,12.109784200000007
session-1-20261005-10000Hz-600mV,10 kHz,PUFF_BOTH,T007,1,123,R7->R6,L7->L8,82.0792300158816,True,28.52049150182055,28.499332046905153,-1.098411755974469,23.409399821439255,12.21130015
session-1-20261005-10000Hz-600mV,10 kHz,PUFF_BOTH,T007,1,124,R7->R6,L8->R8,392.7709256042254,True,9.38923311913666,9.248779728915077,-1.6179530560255138,36.87817782917155,12.311432450000012
session-1-20261005-10000Hz-600mV,10 kHz,PUFF_BOTH,T007,1,125,R7->R6,R5->R4,108.07867504739312,True,6.542518964786319,-6.343634962760038,1.6008903347316152,7.071067811865474,12.410252900000017
session-1-20261005-10000Hz-600mV,10 kHz,PUFF_BOTH,T007,1,126,R7->R6,R4->R3,10.63014581273465,False,18.814417367671947,-12.389380530973451,14.15929203539823,2.0,12.50774149999998
session-1-20261005-10000Hz-600mV,10 kHz,PUFF_BOTH,T007,1,127,R7->R6,R3->R2,23.40939982143925,False,6.041220933301769,-5.474452554744526,-2.5547445255474455,1.414213562373095,12.607315400000005
session-1-20261005-10000Hz-600mV,10 kHz,PUFF_BOTH,T007,1,128,R7->R6,R2->R1,11.40175425099138,False,35.082320772281165,33.84615384615385,9.230769230769232,3.9999999999999996,12.70624325
session-1-20261005-10000Hz-600mV,10 kHz,PUFF_BOTH,T007,1,129,R7->R6,R1->L1,71.58910531638176,True,4.190581774617469,-3.68780487804878,1.9902439024390242,2.9999999999999996,12.804227800000007
session-1-20261005-10000Hz-600mV,10 kHz,PUFF_BOTH,T007,1,130,R6->R5,L1->L2,3.6055512754639896,False,27.735009811261456,-15.384615384615385,-23.076923076923077,1.0000000000000002,12.90275835
session-1-20261005-10000Hz-600mV,10 kHz,PUFF_BOTH,T007,1,131,R6->R5,L2->L3,21.587033144922902,False,0.0,0.0,0.0,0.0,13.000239499999992
session-1-20261005-10000Hz-600mV,10 kHz,PUFF_BOTH,T007,1,132,R6->R5,L3->L4,4.123105625617661,False,24.253562503633297,-23.52941176470588,5.88235294117647,1.0,13.097155000000015
session-1-20261005-10000Hz-600mV,10 kHz,PUFF_BOTH,T007,1,133,R6->R5,L4->L5,18.439088914585778,False,7.669649888473703,6.470588235294119,4.117647058823529,1.4142135623730951,13.194734699999998
session-1-20261005-10000Hz-600mV,10 kHz,PUFF_BOTH,T007,1,134,R6->R5,L5->L6,30.14962686336267,False,7.4165693248330795,6.93069306930693,2.6402640264026402,2.2360679774997894,13.29225864999998
session-1-20261005-10000Hz-600mV,10 kHz,PUFF_BOTH,T007,1,135,R6->R5,L6->L7,24.351591323771842,False,22.114221348144692,22.091062394603707,1.0118043844856661,5.385164807134503,13.389782849999989
session-1-20261005-10000Hz-600mV,10 kHz,PUFF_BOTH,T007,1,136,R6->R5,L7->L8,25.0,False,34.17601498127013,34.08,2.559999999999999,8.544003745317532,13.487259850000015
session-1-20261005-10000Hz-600mV,10 kHz,PUFF_BOTH,T007,1,137,R6->R5,L8->R8,86.97700845625813,True,14.946478650778005,14.92399206873761,0.8195637805684075,13.000000000000002,13.584222699999998
session-1-20261005-10000Hz-600mV,10 kHz,PUFF_BOTH,T007,1,138,R6->R5,R8->R7,205.30221625691235,True,6.534955203897863,-6.491257206576669,-0.7544662981328145,13.416407864998739,13.681701800000013
session-1-20261005-10000Hz-600mV,10 kHz,PUFF_BOTH,T007,1,139,R6->R5,R4->R3,365.87429535292586,True,1.126918637900067,-1.1190461961393654,0.13297077631028506,4.123105625617661,13.781323200000003
session-1-20261005-10000Hz-600mV,10 kHz,PUFF_BOTH,T007,1,140,R6->R5,R3->R2,203.423204182807,True,0.9831720073599332,-0.9231289722336337,0.3383195186196563,1.9999999999999993,13.879772250000002
session-1-20261005-10000Hz-600mV,10 kHz,PUFF_BOTH,T007,1,141,R6->R5,R2->R1,135.4400236266961,True,2.3348177115535247,2.3331879633667683,0.08722197993894458,3.162277660168379,13.9772538
session-1-20261005-10000Hz-600mV,10 kHz,PUFF_BOTH,T007,1,142,R6->R5,R1->L1,91.78779875342909,True,2.43612768567048,-2.4332344213649852,-0.11869436201780417,2.2360679774997894,14.075332599999996
session-1-20261005-10000Hz-600mV,10 kHz,PUFF_BOTH,T007,1,143,R5->R4,L1->L2,61.465437442517235,True,1.6269305834440775,1.508734780307041,-0.6087877183695077,1.0,14.173830949999996
session-1-20261005-10000Hz-600mV,10 kHz,PUFF_BOTH,T007,1,144,R5->R4,L2->L3,11.0,False,0.0,0.0,0.0,0.0,14.27375459999999
session-1-20261005-10000Hz-600mV,10 kHz,PUFF_BOTH,T007,1,145,R5->R4,L3->L4,61.68468205316454,True,3.242296034331908,-3.0486202365308808,1.1038107752956638,2.0000000000000004,14.37223345000001
session-1-20261005-10000Hz-600mV,10 kHz,PUFF_BOTH,T007,1,146,R5->R4,L4->L5,69.92138442565334,True,1.4301776319421837,-1.370423399468194,0.40908161178155045,0.9999999999999998,14.472110749999985
session-1-20261005-10000Hz-600mV,10 kHz,PUFF_BOTH,T007,1,147,R5->R4,L5->L6,7.810249675906654,False,12.803687993289598,-9.836065573770494,8.196721311475411,1.0,14.57257494999999
session-1-20261005-10000Hz-600mV,10 kHz,PUFF_BOTH,T007,1,148,R5->R4,L6->L7,27.202941017470888,False,3.6760731104690394,1.0810810810810811,3.5135135135135136,1.0000000000000002,14.66976194999998
session-1-20261005-10000Hz-600mV,10 kHz,PUFF_BOTH,T007,1,149,R5->R4,L7->L8,21.0,False,0.0,0.0,0.0,0.0,14.767233849999997
session-1-20261005-10000Hz-600mV,10 kHz,PUFF_BOTH,T007,1,150,R5->R4,L8->R8,48.27007354458868,False,19.09991798288123,-19.098712446351936,0.21459227467811168,9.219544457292889,14.86574164999999
session-1-20261005-10000Hz-600mV,10 kHz,PUFF_BOTH,T007,1,151,R5->R4,R8->R7,59.43904440685432,True,6.936695680023748,6.934616473252193,0.16982734220209447,4.123105625617661,14.96376219999999
session-1-20261005-10000Hz-600mV,10 kHz,PUFF_BOTH,T007,1,152,R5->R4,R7->R6,92.19544457292888,True,5.530663187549721,-5.529411764705882,0.11764705882352934,5.0990195135927845,15.061197550000003
session-1-20261005-10000Hz-600mV,10 kHz,PUFF_BOTH,T007,1,153,R5->R4,R3->R2,267.21714016881475,True,1.9081932807047757,-1.8948252923464748,0.22547440655416284,5.099019513592785,15.160677249999992
session-1-20261005-10000Hz-600mV,10 kHz,PUFF_BOTH,T007,1,154,R5->R4,R2->R1,41.62931659299729,False,22.146759091509463,-21.696480092325444,4.443162146566647,9.219544457292885,15.260242299999987
session-1-20261005-10000Hz-600mV,10 kHz,PUFF_BOTH,T007,1,155,R5->R4,R1->L1,21.2602916254693,False,9.407208683835973,-6.1946902654867255,7.079646017699115,2.0,15.358824899999973
session-1-20261005-10000Hz-600mV,10 kHz,PUFF_BOTH,T007,1,156,R4->R3,L1->L2,34.0147027033899,False,0.0,0.0,0.0,0.0,15.458585800000009
session-1-20261005-10000Hz-600mV,10 kHz,PUFF_BOTH,T007,1,157,R4->R3,L2->L3,5.8309518948453,False,17.14985851425088,14.705882352941178,8.823529411764707,0.9999999999999998,15.559044400000005
session-1-20261005-10000Hz-600mV,10 kHz,PUFF_BOTH,T007,1,158,R4->R3,L3->L4,39.20459156782532,False,5.101443274928473,-5.074821080026025,0.520494469746259,1.9999999999999998,15.658659749999998
session-1-20261005-10000Hz-600mV,10 kHz,PUFF_BOTH,T007,1,159,R4->R3,L4->L5,18.027756377319946,False,11.09400392450458,-11.076923076923077,0.6153846153846153,1.9999999999999996,15.758697500000011
session-1-20261005-10000Hz-600mV,10 kHz,PUFF_BOTH,T007,1,160,R4->R3,L5->L6,5.385164807134504,False,18.569533817705185,-6.896551724137932,-17.24137931034483,0.9999999999999999,15.859168850000003
session-1-20261005-10000Hz-600mV,10 kHz,PUFF_BOTH,T007,1,161,R4->R3,L6->L7,6.0827625302982185,False,0.0,0.0,0.0,0.0,15.960438400000015
session-1-20261005-10000Hz-600mV,10 kHz,PUFF_BOTH,T007,1,162,R4->R3,L7->L8,12.206555615733702,False,25.906388007541985,-24.832214765100673,7.3825503355704685,3.1622776601683786,16.05997105
session-1-20261005-10000Hz-600mV,10 kHz,PUFF_BOTH,T007,1,163,R4->R3,L8->R8,20.248456731316587,False,11.043152607484654,-10.97560975609756,-1.2195121951219514,2.2360679774997894,16.157317249999977
session-1-20261005-10000Hz-600mV,10 kHz,PUFF_BOTH,T007,1,164,R4->R3,R8->R7,18.788294228055936,False,5.322462954123494,4.815864022662889,-2.2662889518413594,0.9999999999999999,16.255785549999985
session-1-20261005-10000Hz-600mV,10 kHz,PUFF_BOTH,T007,1,165,R4->R3,R7->R6,16.643316977093235,False,12.016835362522194,-10.108303249097474,6.498194945848376,1.9999999999999996,16.353788700000024
session-1-20261005-10000Hz-600mV,10 kHz,PUFF_BOTH,T007,1,166,R4->R3,R6->R5,306.3396807467162,True,0.9793050618474797,-0.9590384041600956,0.19820127019308642,3.0000000000000013,16.451227999999986
session-1-20261005-10000Hz-600mV,10 kHz,PUFF_BOTH,T007,1,167,R4->R3,R2->R1,445.6601844455033,True,0.22438621059321565,-0.2225433380493724,0.028699027757498254,1.0000000000000002,16.54876299999998
session-1-20261005-10000Hz-600mV,10 kHz,PUFF_BOTH,T007,1,168,R4->R3,R1->L1,111.23398761170077,True,2.697017399459325,-2.497373312858644,1.0183463994180877,3.0,16.646765499999987
session-1-20261005-10000Hz-600mV,10 kHz,PUFF_BOTH,T007,1,169,R3->R2,L1->L2,29.966648127543394,False,0.0,0.0,0.0,0.0,16.744261799999975
session-1-20261005-10000Hz-600mV,10 kHz,PUFF_BOTH,T007,1,170,R3->R2,L2->L3,18.027756377319946,False,7.844645405527362,5.846153846153846,5.23076923076923,1.4142135623730951,16.842279750000017
session-1-20261005-10000Hz-600mV,10 kHz,PUFF_BOTH,T007,1,171,R3->R2,L3->L4,11.045361017187261,False,20.244408254472894,-18.85245901639344,-7.377049180327868,2.2360679774997894,16.94172180000001
session-1-20261005-10000Hz-600mV,10 kHz,PUFF_BOTH,T007,1,172,R3->R2,L4->L5,6.324555320336759,False,15.811388300841896,15.0,5.0,1.0,17.040206799999993
session-1-20261005-10000Hz-600mV,10 kHz,PUFF_BOTH,T007,1,173,R3->R2,L5->L6,7.810249675906654,False,12.803687993289598,8.196721311475411,9.836065573770494,1.0,17.138269500000007
session-1-20261005-10000Hz-600mV,10 kHz,PUFF_BOTH,T007,1,174,R3->R2,L6->L7,11.180339887498949,False,12.64911064067352,-7.200000000000001,10.4,1.4142135623730954,17.237947300000002
session-1-20261005-10000Hz-600mV,10 kHz,PUFF_BOTH,T007,1,175,R3->R2,L7->L8,7.0710678118654755,False,14.142135623730953,10.0,10.0,1.0000000000000002,17.336864299999974
session-1-20261005-10000Hz-600mV,10 kHz,PUFF_BOTH,T007,1,176,R3->R2,L8->R8,11.045361017187261,False,37.328844382739995,-35.245901639344254,-12.295081967213115,4.12310562561766,17.4337697
session-1-20261005-10000Hz-600mV,10 kHz,PUFF_BOTH,T007,1,177,R3->R2,R8->R7,14.317821063276352,False,15.61737618886061,12.195121951219514,9.75609756097561,2.23606797749979,17.531331249999994
session-1-20261005-10000Hz-600mV,10 kHz,PUFF_BOTH,T007,1,178,R3->R2,R7->R6,17.46424919657298,False,0.0,0.0,0.0,0.0,17.631274399999995
session-1-20261005-10000Hz-600mV,10 kHz,PUFF_BOTH,T007,1,179,R3->R2,R6->R5,187.0721785835617,True,1.1952969139668086,-1.0058292376271574,0.6457880900674363,2.23606797749979,17.731295899999992
session-1-20261005-10000Hz-600mV,10 kHz,PUFF_BOTH,T007,1,180,R3->R2,R5->R4,265.0226405422752,True,2.2639575199021187,-2.229594088585788,0.39295527998063695,6.000000000000001,17.82974705000001
session-1-20261005-10000Hz-600mV,10 kHz,PUFF_BOTH,T007,1,181,R3->R2,R1->L1,65.29931086925804,True,4.594229188737666,-4.080675422138837,2.110694183864916,3.0,17.928750449999995
session-1-20261005-10000Hz-600mV,10 kHz,PUFF_BOTH,T007,1,182,R2->R1,L1->L2,255.07057846799972,True,1.2397657460776519,1.166597500806935,-0.4196062157052612,3.162277660168379,18.02673710000002
session-1-20261005-10000Hz-600mV,10 kHz,PUFF_BOTH,T007,1,183,R2->R1,L2->L3,9.219544457292889,False,0.0,0.0,0.0,0.0,18.1242704
session-1-20261005-10000Hz-600mV,10 kHz,PUFF_BOTH,T007,1,184,R2->R1,L3->L4,11.180339887498949,False,0.0,0.0,0.0,0.0,18.222762749999987
session-1-20261005-10000Hz-600mV,10 kHz,PUFF_BOTH,T007,1,185,R2->R1,L4->L5,12.041594578792294,False,0.0,0.0,0.0,0.0,18.321723849999984
session-1-20261005-10000Hz-600mV,10 kHz,PUFF_BOTH,T007,1,186,R2->R1,L5->L6,11.6619037896906,False,12.12678125181665,-11.764705882352942,-2.9411764705882355,1.4142135623730951,18.420822299999998
session-1-20261005-10000Hz-600mV,10 kHz,PUFF_BOTH,T007,1,187,R2->R1,L6->L7,3.1622776601683795,False,0.0,0.0,0.0,0.0,18.518845949999985
session-1-20261005-10000Hz-600mV,10 kHz,PUFF_BOTH,T007,1,188,R2->R1,L7->L8,9.486832980505138,False,21.0818510677892,-6.666666666666667,20.0,2.0000000000000004,18.61731019999999
session-1-20261005-10000Hz-600mV,10 kHz,PUFF_BOTH,T007,1,189,R2->R1,L8->R8,5.8309518948453,False,54.23261445466405,-41.17647058823529,-35.294117647058826,3.1622776601683795,18.715249400000005
session-1-20261005-10000Hz-600mV,10 kHz,PUFF_BOTH,T007,1,190,R2->R1,R8->R7,13.601470508735444,False,7.352146220938077,5.945945945945946,4.324324324324324,1.0,18.81374785
session-1-20261005-10000Hz-600mV,10 kHz,PUFF_BOTH,T007,1,191,R2->R1,R7->R6,20.808652046684813,False,10.745856927604471,10.623556581986142,1.6166281755196306,2.23606797749979,18.912281699999994
session-1-20261005-10000Hz-600mV,10 kHz,PUFF_BOTH,T007,1,192,R2->R1,R6->R5,103.07764064044152,True,1.3719886811400706,0.9317647058823529,1.0070588235294118,1.414213562373095,19.01077705
session-1-20261005-10000Hz-600mV,10 kHz,PUFF_BOTH,T007,1,193,R2->R1,R5->R4,11.180339887498949,False,35.77708763999664,-16.0,32.0,4.0,19.10976654999999
session-1-20261005-10000Hz-600mV,10 kHz,PUFF_BOTH,T007,1,194,R2->R1,R4->R3,326.1533381708671,True,0.9695677738278144,0.9099796946679702,0.33466195382417085,3.1622776601683795,19.207819849999993
session-1-20261005-10000Hz-600mV,10 kHz,PUFF_BOTH,T007,1,195,R1->L1,L2->L3,24.041630560342615,False,0.0,0.0,0.0,0.0,19.30586415000002
session-1-20261005-10000Hz-600mV,10 kHz,PUFF_BOTH,T007,1,196,R1->L1,L3->L4,26.076809620810597,False,3.8348249442368525,3.823529411764706,-0.2941176470588236,1.0000000000000002,19.404823050000005
session-1-20261005-10000Hz-600mV,10 kHz,PUFF_BOTH,T007,1,197,R1->L1,L4->L5,23.345235059857504,False,8.567058737562387,8.440366972477065,-1.4678899082568808,2.0,19.5028078
session-1-20261005-10000Hz-600mV,10 kHz,PUFF_BOTH,T007,1,198,R1->L1,L5->L6,10.19803902718557,False,0.0,0.0,0.0,0.0,19.59980490000001
session-1-20261005-10000Hz-600mV,10 kHz,PUFF_BOTH,T007,1,199,R1->L1,L6->L7,7.0,False,20.203050891044217,14.285714285714285,14.285714285714285,1.4142135623730951,19.703687050000013
session-1-20261005-10000Hz-600mV,10 kHz,PUFF_BOTH,T007,1,200,R1->L1,L7->L8,8.246211251235321,False,24.253562503633297,23.52941176470588,5.88235294117647,2.0,19.807756549999993
session-1-20261005-10000Hz-600mV,10 kHz,PUFF_BOTH,T007,1,201,R1->L1,L8->R8,15.0,False,13.333333333333334,-13.333333333333334,0.0,2.0,19.90866785
session-1-20261005-10000Hz-600mV,10 kHz,PUFF_BOTH,T007,1,202,R1->L1,R8->R7,10.04987562112089,False,19.900743804199784,19.801980198019802,1.9801980198019806,2.0,20.01177095
session-1-20261005-10000Hz-600mV,10 kHz,PUFF_BOTH,T007,1,203,R1->L1,R7->R6,5.0,False,20.0,-12.0,-16.0,1.0,20.112247300000007
session-1-20261005-10000Hz-600mV,10 kHz,PUFF_BOTH,T007,1,204,R1->L1,R6->R5,24.020824298928627,False,0.0,0.0,0.0,0.0,20.212356150000005
session-1-20261005-10000Hz-600mV,10 kHz,PUFF_BOTH,T007,1,205,R1->L1,R5->R4,37.48332962798263,False,2.6678526425610407,2.633451957295373,-0.4270462633451957,1.0,20.311824099999995
session-1-20261005-10000Hz-600mV,10 kHz,PUFF_BOTH,T007,1,206,R1->L1,R4->R3,37.0,False,2.7027027027027026,0.0,-2.7027027027027026,1.0,20.410676849999987
session-1-20261005-10000Hz-600mV,10 kHz,PUFF_BOTH,T007,1,207,R1->L1,R3->R2,4.123105625617661,False,0.0,0.0,0.0,0.0,20.50868785
session-2-20261005-50000Hz-600mV,50 kHz,SMILE_LEFT,T002,1,0,L1->L2,L3->L4,343.42393626536864,True,4.045275393592516,3.957944717653044,0.8360183143971512,13.892443989449802,0.05031275000000335
session-2-20261005-50000Hz-600mV,50 kHz,SMILE_LEFT,T002,1,1,L1->L2,L4->L5,106.7379969832674,True,3.7474939693940974,3.6162555955411215,-0.9830597735451592,3.999999999999999,0.15069560000000592
session-2-20261005-50000Hz-600mV,50 kHz,SMILE_LEFT,T002,1,2,L1->L2,L5->L6,96.84007434941385,True,1.032630351347983,-0.9916826615483045,0.28790786948176583,1.0000000000000002,0.25063050000000686
session-2-20261005-50000Hz-600mV,50 kHz,SMILE_LEFT,T002,1,3,L1->L2,L6->L7,56.46237685397242,True,5.313272602318608,-4.893350062735257,2.070263488080301,2.9999999999999996,0.34960780000000824
session-2-20261005-50000Hz-600mV,50 kHz,SMILE_LEFT,T002,1,4,L1->L2,L7->L8,21.095023109728984,False,24.171670668808733,-23.14606741573034,-6.966292134831462,5.099019513592785,0.4476092500000064
session-2-20261005-50000Hz-600mV,50 kHz,SMILE_LEFT,T002,1,5,L1->L2,L8->R8,7.211102550927979,False,57.17718748968657,38.46153846153847,42.30769230769231,4.1231056256176615,0.5460806000000034
session-2-20261005-50000Hz-600mV,50 kHz,SMILE_LEFT,T002,1,6,L1->L2,R8->R7,4.0,False,111.80339887498948,-50.0,100.0,4.47213595499958,0.6446792000000059
session-2-20261005-50000Hz-600mV,50 kHz,SMILE_LEFT,T002,1,7,L1->L2,R7->R6,25.0,False,4.0,-3.2,2.4,1.0,0.743230600000004
session-2-20261005-50000Hz-600mV,50 kHz,SMILE_LEFT,T002,1,8,L1->L2,R6->R5,11.40175425099138,False,0.0,0.0,0.0,0.0,0.8428184999999999
session-2-20261005-50000Hz-600mV,50 kHz,SMILE_LEFT,T002,1,9,L1->L2,R5->R4,72.11102550927978,True,1.3867504905630728,0.46153846153846156,1.3076923076923077,1.0,0.942821600000002
session-2-20261005-50000Hz-600mV,50 kHz,SMILE_LEFT,T002,1,10,L1->L2,R4->R3,52.15361924162119,True,0.0,0.0,0.0,0.0,1.0422198999999992
session-2-20261005-50000Hz-600mV,50 kHz,SMILE_LEFT,T002,1,11,L1->L2,R3->R2,29.410882339705488,False,0.0,0.0,0.0,0.0,1.1412175000000033
session-2-20261005-50000Hz-600mV,50 kHz,SMILE_LEFT,T002,1,12,L1->L2,R2->R1,435.2470562795342,True,0.22975456940431496,-0.2195945945945946,0.06756756756756757,1.0000000000000002,1.2403181000000032
session-2-20261005-50000Hz-600mV,50 kHz,SMILE_LEFT,T002,1,13,L2->L3,L4->L5,290.73871431235295,True,3.3875288418641967,-3.3799051213193105,-0.22714098120171783,9.848857801796106,1.3398398
session-2-20261005-50000Hz-600mV,50 kHz,SMILE_LEFT,T002,1,14,L2->L3,L5->L6,193.2174940319846,True,4.909924449664335,-4.909865266654167,0.024107358101411566,9.486832980505138,1.4396817000000013
session-2-20261005-50000Hz-600mV,50 kHz,SMILE_LEFT,T002,1,15,L2->L3,L6->L7,51.07837115648854,True,14.90997644097049,-14.909927175162895,-0.038328861632809456,7.615773105863907,1.5386053000000075
session-2-20261005-50000Hz-600mV,50 kHz,SMILE_LEFT,T002,1,16,L2->L3,L7->L8,22.02271554554524,False,6.421612990679355,4.742268041237113,4.329896907216495,1.414213562373095,1.6375892000000007
session-2-20261005-50000Hz-600mV,50 kHz,SMILE_LEFT,T002,1,17,L2->L3,L8->R8,18.248287590894655,False,21.919864974047638,21.62162162162162,-3.6036036036036037,3.999999999999999,1.7371551000000025
session-2-20261005-50000Hz-600mV,50 kHz,SMILE_LEFT,T002,1,18,L2->L3,R8->R7,11.0,False,0.0,0.0,0.0,0.0,1.8371781500000068
session-2-20261005-50000Hz-600mV,50 kHz,SMILE_LEFT,T002,1,19,L2->L3,R7->R6,7.211102550927979,False,0.0,0.0,0.0,0.0,1.9371274500000055
session-2-20261005-50000Hz-600mV,50 kHz,SMILE_LEFT,T002,1,20,L2->L3,R6->R5,21.095023109728984,False,4.740454631399772,-4.719101123595506,0.44943820224719105,0.9999999999999999,2.0361559000000042
session-2-20261005-50000Hz-600mV,50 kHz,SMILE_LEFT,T002,1,21,L2->L3,R5->R4,4.0,False,0.0,0.0,0.0,0.0,2.135206950000004
session-2-20261005-50000Hz-600mV,50 kHz,SMILE_LEFT,T002,1,22,L2->L3,R4->R3,15.0,False,0.0,0.0,0.0,0.0,2.2337215500000056
session-2-20261005-50000Hz-600mV,50 kHz,SMILE_LEFT,T002,1,23,L2->L3,R3->R2,10.04987562112089,False,0.0,0.0,0.0,0.0,2.331654300000004
session-2-20261005-50000Hz-600mV,50 kHz,SMILE_LEFT,T002,1,24,L2->L3,R2->R1,59.304300012730955,True,0.0,0.0,0.0,0.0,2.4295774500000036
session-2-20261005-50000Hz-600mV,50 kHz,SMILE_LEFT,T002,1,25,L2->L3,R1->L1,28.844410203711917,False,6.933752452815364,-5.769230769230769,-3.8461538461538463,2.0000000000000004,2.52757965
session-2-20261005-50000Hz-600mV,50 kHz,SMILE_LEFT,T002,1,26,L3->L4,L1->L2,370.7344062802911,True,3.982587752880579,3.8313785978289343,1.0869881551759264,14.7648230602334,2.6246613000000067
session-2-20261005-50000Hz-600mV,50 kHz,SMILE_LEFT,T002,1,27,L3->L4,L5->L6,297.5987231155403,True,2.0439477920530718,-2.01433975046576,0.3466380624400158,6.08276253029822,2.7221707500000036
session-2-20261005-50000Hz-600mV,50 kHz,SMILE_LEFT,T002,1,28,L3->L4,L6->L7,29.120439557122076,False,29.340229320913174,-29.245283018867923,-2.3584905660377364,8.54400374531753,2.8206798000000006
session-2-20261005-50000Hz-600mV,50 kHz,SMILE_LEFT,T002,1,29,L3->L4,L7->L8,22.47220505424423,False,22.690339026742524,21.18811881188119,-8.118811881188119,5.0990195135927845,2.9208257000000017
session-2-20261005-50000Hz-600mV,50 kHz,SMILE_LEFT,T002,1,30,L3->L4,L8->R8,21.470910553583888,False,16.79272644942464,16.70281995661605,1.735357917570499,3.6055512754639882,3.0213383000000036
session-2-20261005-50000Hz-600mV,50 kHz,SMILE_LEFT,T002,1,31,L3->L4,R8->R7,8.485281374238571,False,23.570226039551585,-16.666666666666664,16.666666666666664,2.0,3.1206909000000067
session-2-20261005-50000Hz-600mV,50 kHz,SMILE_LEFT,T002,1,32,L3->L4,R7->R6,25.80697580112788,False,3.8749212914606423,-3.153153153153153,2.2522522522522523,0.9999999999999999,3.2201008000000044
session-2-20261005-50000Hz-600mV,50 kHz,SMILE_LEFT,T002,1,33,L3->L4,R6->R5,16.0312195418814,False,0.0,0.0,0.0,0.0,3.319262000000002
session-2-20261005-50000Hz-600mV,50 kHz,SMILE_LEFT,T002,1,34,L3->L4,R5->R4,63.89053137985315,True,1.5651771528626444,-1.4943655071043604,0.46545810877021065,0.9999999999999999,3.4177394500000062
session-2-20261005-50000Hz-600mV,50 kHz,SMILE_LEFT,T002,1,35,L3->L4,R4->R3,63.0,True,0.0,0.0,0.0,0.0,3.5165897999999984
session-2-20261005-50000Hz-600mV,50 kHz,SMILE_LEFT,T002,1,36,L3->L4,R3->R2,16.15549442140351,False,0.0,0.0,0.0,0.0,3.6161691499999975
session-2-20261005-50000Hz-600mV,50 kHz,SMILE_LEFT,T002,1,37,L3->L4,R2->R1,33.28663395418647,False,4.248592886620874,-4.1516245487364625,0.9025270758122743,1.4142135623730947,3.714727349999997
session-2-20261005-50000Hz-600mV,50 kHz,SMILE_LEFT,T002,1,38,L3->L4,R1->L1,139.30183056945089,True,0.0,0.0,0.0,0.0,3.8122293500000026
session-2-20261005-50000Hz-600mV,50 kHz,SMILE_LEFT,T002,1,39,L4->L5,L1->L2,87.66413177577247,True,5.703586973049608,5.595315549772283,-1.1060507482108002,5.000000000000001,3.9096908
session-2-20261005-50000Hz-600mV,50 kHz,SMILE_LEFT,T002,1,40,L4->L5,L2->L3,286.0,True,3.443656574054583,-3.4427111350188278,-0.08068854222700372,9.848857801796107,4.009231149999998
session-2-20261005-50000Hz-600mV,50 kHz,SMILE_LEFT,T002,1,41,L4->L5,L6->L7,214.7091055358389,True,8.331525472734267,-8.329718004338394,-0.17353579175705,17.88854381999832,4.109675900000006
session-2-20261005-50000Hz-600mV,50 kHz,SMILE_LEFT,T002,1,42,L4->L5,L7->L8,75.96051605933178,True,14.718620235236592,14.471403812824956,2.68630849220104,11.180339887498949,4.208593100000009
session-2-20261005-50000Hz-600mV,50 kHz,SMILE_LEFT,T002,1,43,L4->L5,L8->R8,53.450912059571074,True,24.960591971297035,24.886244312215613,-1.9250962548127408,13.341664064126336,4.306700300000003
session-2-20261005-50000Hz-600mV,50 kHz,SMILE_LEFT,T002,1,44,L4->L5,R8->R7,23.345235059857504,False,0.0,0.0,0.0,0.0,4.405776750000008
session-2-20261005-50000Hz-600mV,50 kHz,SMILE_LEFT,T002,1,45,L4->L5,R7->R6,22.360679774997898,False,0.0,0.0,0.0,0.0,4.504187750000007
session-2-20261005-50000Hz-600mV,50 kHz,SMILE_LEFT,T002,1,46,L4->L5,R6->R5,7.280109889280519,False,13.736056394868903,-3.7735849056603774,-13.20754716981132,1.0000000000000002,4.602194650000001
session-2-20261005-50000Hz-600mV,50 kHz,SMILE_LEFT,T002,1,47,L4->L5,R5->R4,45.60701700396552,False,0.0,0.0,0.0,0.0,4.7013344500000045
session-2-20261005-50000Hz-600mV,50 kHz,SMILE_LEFT,T002,1,48,L4->L5,R4->R3,36.06937759374287,False,0.0,0.0,0.0,0.0,4.802745199999997
session-2-20261005-50000Hz-600mV,50 kHz,SMILE_LEFT,T002,1,49,L4->L5,R3->R2,16.1245154965971,False,0.0,0.0,0.0,0.0,4.904193499999998
session-2-20261005-50000Hz-600mV,50 kHz,SMILE_LEFT,T002,1,50,L4->L5,R2->R1,126.19429464123962,True,0.0,0.0,0.0,0.0,5.003204350000004
session-2-20261005-50000Hz-600mV,50 kHz,SMILE_LEFT,T002,1,51,L4->L5,R1->L1,37.0,False,6.043426966215648,0.8035062089116143,-5.989773557341125,2.23606797749979,5.101731750000006
session-2-20261005-50000Hz-600mV,50 kHz,SMILE_LEFT,T002,1,52,L5->L6,L1->L2,105.94810050208545,True,0.9438583563660172,0.8997772828507795,-0.28507795100222716,0.9999999999999999,5.199740850000005
session-2-20261005-50000Hz-600mV,50 kHz,SMILE_LEFT,T002,1,53,L5->L6,L2->L3,211.1516043036377,True,4.664353763390482,-4.658517438600426,-0.2332623079511047,9.848857801796104,5.2971556500000005
session-2-20261005-50000Hz-600mV,50 kHz,SMILE_LEFT,T002,1,54,L5->L6,L3->L4,327.6171546180084,True,2.517026698693526,-2.4875853651719413,0.3838521237643595,8.246211251235321,5.393756950000004
session-2-20261005-50000Hz-600mV,50 kHz,SMILE_LEFT,T002,1,55,L5->L6,L7->L8,211.29363454680785,True,8.688174534959343,8.65046477769067,0.8086011871430173,18.357559750685816,5.491172100000007
session-2-20261005-50000Hz-600mV,50 kHz,SMILE_LEFT,T002,1,56,L5->L6,L8->R8,62.39390995922599,True,17.261828311941578,17.26175186231698,0.05137426149499078,10.770329614269007,5.590119300000005
session-2-20261005-50000Hz-600mV,50 kHz,SMILE_LEFT,T002,1,57,L5->L6,R8->R7,19.6468827043885,False,5.089865985592875,4.922279792746114,-1.2953367875647668,0.9999999999999999,5.689624500000001
session-2-20261005-50000Hz-600mV,50 kHz,SMILE_LEFT,T002,1,58,L5->L6,R7->R6,3.1622776601683795,False,0.0,0.0,0.0,0.0,5.78868945
session-2-20261005-50000Hz-600mV,50 kHz,SMILE_LEFT,T002,1,59,L5->L6,R6->R5,42.720018726587654,False,0.0,0.0,0.0,0.0,5.887254950000006
session-2-20261005-50000Hz-600mV,50 kHz,SMILE_LEFT,T002,1,60,L5->L6,R5->R4,6.0,False,16.666666666666664,0.0,-16.666666666666664,1.0,5.985727300000001
session-2-20261005-50000Hz-600mV,50 kHz,SMILE_LEFT,T002,1,61,L5->L6,R4->R3,8.0,False,0.0,0.0,0.0,0.0,6.094693200000002
session-2-20261005-50000Hz-600mV,50 kHz,SMILE_LEFT,T002,1,62,L5->L6,R3->R2,3.1622776601683795,False,44.721359549995796,-20.0,40.0,1.4142135623730951,6.204256300000004
session-2-20261005-50000Hz-600mV,50 kHz,SMILE_LEFT,T002,1,63,L5->L6,R2->R1,38.8329756778952,False,0.0,0.0,0.0,0.0,6.304076500000001
session-2-20261005-50000Hz-600mV,50 kHz,SMILE_LEFT,T002,1,64,L5->L6,R1->L1,79.40403012442125,True,2.5187638421703804,-2.505947660586836,0.253766851704996,1.9999999999999991,6.4044747000000015
session-2-20261005-50000Hz-600mV,50 kHz,SMILE_LEFT,T002,1,65,L6->L7,L1->L2,52.0,True,6.081303192631498,-6.06508875739645,0.4437869822485208,3.162277660168379,6.504100550000004
session-2-20261005-50000Hz-600mV,50 kHz,SMILE_LEFT,T002,1,66,L6->L7,L2->L3,55.362442142665635,True,13.025260938354934,-12.659053833605222,-3.066884176182709,7.211102550927978,6.60212640000001
session-2-20261005-50000Hz-600mV,50 kHz,SMILE_LEFT,T002,1,67,L6->L7,L3->L4,45.221676218380054,False,19.778727057365952,-19.559902200489,-2.9339853300733494,8.94427190999916,6.699628400000002
session-2-20261005-50000Hz-600mV,50 kHz,SMILE_LEFT,T002,1,68,L6->L7,L4->L5,247.3418686757258,True,7.974017107946127,-7.945666742946811,-0.6718101278237275,19.723082923316017,6.798109350000004
session-2-20261005-50000Hz-600mV,50 kHz,SMILE_LEFT,T002,1,69,L6->L7,L8->R8,344.30509726113553,True,2.677725229928965,2.5635618241020364,0.7735393855549746,9.219544457292887,6.897200900000001
session-2-20261005-50000Hz-600mV,50 kHz,SMILE_LEFT,T002,1,70,L6->L7,R8->R7,60.415229867972855,True,3.310423554409472,-2.904109589041096,1.5890410958904109,1.9999999999999998,6.997257350000005
session-2-20261005-50000Hz-600mV,50 kHz,SMILE_LEFT,T002,1,71,L6->L7,R7->R6,45.880278987817846,False,11.737428206494505,-11.68646080760095,-1.0926365795724464,5.385164807134503,7.0971091999999985
session-2-20261005-50000Hz-600mV,50 kHz,SMILE_LEFT,T002,1,72,L6->L7,R6->R5,23.769728648009426,False,15.168668220223594,-14.867256637168142,-3.0088495575221237,3.605551275463989,7.196244800000002
session-2-20261005-50000Hz-600mV,50 kHz,SMILE_LEFT,T002,1,73,L6->L7,R5->R4,16.643316977093235,False,26.870460745022957,-26.714801444043324,2.888086642599279,4.472135954999579,7.295226149999998
session-2-20261005-50000Hz-600mV,50 kHz,SMILE_LEFT,T002,1,74,L6->L7,R4->R3,13.601470508735444,False,14.704292441876158,-4.324324324324325,14.054054054054054,2.0000000000000004,7.394671199999998
session-2-20261005-50000Hz-600mV,50 kHz,SMILE_LEFT,T002,1,75,L6->L7,R3->R2,3.1622776601683795,False,44.721359549995796,-40.0,20.0,1.4142135623730951,7.493266800000008
session-2-20261005-50000Hz-600mV,50 kHz,SMILE_LEFT,T002,1,76,L6->L7,R2->R1,61.522353661088104,True,1.6254254600023277,-1.6116248348745046,-0.21136063408190223,1.0000000000000002,7.591846050000001
session-2-20261005-50000Hz-600mV,50 kHz,SMILE_LEFT,T002,1,77,L6->L7,R1->L1,69.26037828369118,True,6.456990368550499,-5.5034396497811136,-3.377110694183865,4.4721359549995805,7.690665900000006
session-2-20261005-50000Hz-600mV,50 kHz,SMILE_LEFT,T002,1,78,L7->L8,L1->L2,19.026297590440446,False,28.303797843676215,-25.690607734806626,-11.878453038674031,5.385164807134503,7.789180050000006
session-2-20261005-50000Hz-600mV,50 kHz,SMILE_LEFT,T002,1,79,L7->L8,L2->L3,29.427877939124325,False,7.598468303169563,7.274826789838337,2.1939953810623556,2.2360679774997902,7.886715250000002
session-2-20261005-50000Hz-600mV,50 kHz,SMILE_LEFT,T002,1,80,L7->L8,L3->L4,31.622776601683796,False,14.142135623730953,14.000000000000002,2.0,4.4721359549995805,7.983784700000001
session-2-20261005-50000Hz-600mV,50 kHz,SMILE_LEFT,T002,1,81,L7->L8,L4->L5,100.56838469419701,True,12.01475593978769,11.963614791378287,1.1073759145738578,12.08304597359457,8.08239545
session-2-20261005-50000Hz-600mV,50 kHz,SMILE_LEFT,T002,1,82,L7->L8,L5->L6,221.6528817768901,True,8.476449337107079,8.473437818033787,0.22593120293099922,18.788294228055936,8.182436950000003
session-2-20261005-50000Hz-600mV,50 kHz,SMILE_LEFT,T002,1,83,L7->L8,R8->R7,147.73286702694156,True,12.843225981358714,12.783505154639178,-1.2371134020618555,18.97366596101028,8.281744300000007
session-2-20261005-50000Hz-600mV,50 kHz,SMILE_LEFT,T002,1,84,L7->L8,R7->R6,75.15317691222374,True,9.687028796910912,9.560906515580736,-1.5580736543909346,7.280109889280517,8.379142899999998
session-2-20261005-50000Hz-600mV,50 kHz,SMILE_LEFT,T002,1,85,L7->L8,R6->R5,28.0178514522438,False,14.71599502426323,13.757961783439491,-5.222929936305732,4.123105625617661,8.475618700000005
session-2-20261005-50000Hz-600mV,50 kHz,SMILE_LEFT,T002,1,86,L7->L8,R5->R4,17.88854381999832,False,12.5,-12.5,0.0,2.23606797749979,8.573101000000001
session-2-20261005-50000Hz-600mV,50 kHz,SMILE_LEFT,T002,1,87,L7->L8,R4->R3,13.0,False,15.384615384615383,-5.9171597633136095,14.201183431952662,1.9999999999999998,8.670051750000006
session-2-20261005-50000Hz-600mV,50 kHz,SMILE_LEFT,T002,1,88,L7->L8,R3->R2,2.23606797749979,False,44.721359549995796,20.0,-40.0,1.0000000000000002,8.76655015
session-2-20261005-50000Hz-600mV,50 kHz,SMILE_LEFT,T002,1,89,L7->L8,R2->R1,56.32051136131489,True,8.877760302855437,-6.494325346784362,-6.05296343001261,4.999999999999999,8.8646259
session-2-20261005-50000Hz-600mV,50 kHz,SMILE_LEFT,T002,1,90,L7->L8,R1->L1,74.027022093287,True,3.020610466650885,2.737226277372263,1.2773722627737227,2.2360679774997902,8.963302550000002
session-2-20261005-50000Hz-600mV,50 kHz,SMILE_LEFT,T002,1,91,L8->R8,L1->L2,8.54400374531753,False,42.199785755477706,-9.58904109589041,41.0958904109589,3.605551275463989,9.062799200000008
session-2-20261005-50000Hz-600mV,50 kHz,SMILE_LEFT,T002,1,92,L8->R8,L2->L3,26.305892875931807,False,12.021175920858623,11.849710982658959,2.0231213872832368,3.162277660168378,9.1622263
session-2-20261005-50000Hz-600mV,50 kHz,SMILE_LEFT,T002,1,93,L8->R8,L3->L4,31.016124838541646,False,13.293426071377413,13.201663201663202,-1.5592515592515592,4.123105625617661,9.261242200000005
session-2-20261005-50000Hz-600mV,50 kHz,SMILE_LEFT,T002,1,94,L8->R8,L4->L5,74.63243262818116,True,18.224610976434306,18.22262118491921,-0.2692998204667865,13.601470508735444,9.359180650000006
session-2-20261005-50000Hz-600mV,50 kHz,SMILE_LEFT,T002,1,95,L8->R8,L5->L6,65.14598989960933,True,16.532605661324975,16.49387370405278,1.1310084825636193,10.77032961426901,9.456692300000007
session-2-20261005-50000Hz-600mV,50 kHz,SMILE_LEFT,T002,1,96,L8->R8,L6->L7,358.3978236541065,True,1.9729661692058258,1.8178421007559422,0.76684131445165,7.0710678118654755,9.555242100000008
session-2-20261005-50000Hz-600mV,50 kHz,SMILE_LEFT,T002,1,97,L8->R8,R7->R6,382.602927328059,True,5.13505812451416,5.059944666461727,-0.8750896608259043,19.6468827043885,9.653671150000001
session-2-20261005-50000Hz-600mV,50 kHz,SMILE_LEFT,T002,1,98,L8->R8,R6->R5,87.32124598286491,True,6.167072797141762,6.111475409836065,-0.8262295081967211,5.385164807134505,9.751156250000001
session-2-20261005-50000Hz-600mV,50 kHz,SMILE_LEFT,T002,1,99,L8->R8,R5->R4,46.95742752749558,False,9.523809523809526,9.523809523809526,0.0,4.47213595499958,9.850285500000005
session-2-20261005-50000Hz-600mV,50 kHz,SMILE_LEFT,T002,1,100,L8->R8,R4->R3,22.80350850198276,False,4.3852900965351465,2.6923076923076925,-3.4615384615384617,1.0,9.950711700000006
session-2-20261005-50000Hz-600mV,50 kHz,SMILE_LEFT,T002,1,101,L8->R8,R3->R2,8.602325267042627,False,11.624763874381928,9.45945945945946,-6.756756756756757,1.0,10.04913175
session-2-20261005-50000Hz-600mV,50 kHz,SMILE_LEFT,T002,1,102,L8->R8,R2->R1,47.801673610868484,False,2.0919769632765197,-2.013129102844639,-0.5689277899343544,1.0,10.147211650000003
session-2-20261005-50000Hz-600mV,50 kHz,SMILE_LEFT,T002,1,103,L8->R8,R1->L1,88.36288813749809,True,3.5787395894616756,3.483606557377049,0.8196721311475409,3.1622776601683786,10.246706600000003
session-2-20261005-50000Hz-600mV,50 kHz,SMILE_LEFT,T002,1,104,R8->R7,L1->L2,10.816653826391969,False,33.33333333333333,-30.76923076923077,12.820512820512823,3.6055512754639896,10.346188500000004
session-2-20261005-50000Hz-600mV,50 kHz,SMILE_LEFT,T002,1,105,R8->R7,L2->L3,16.0,False,0.0,0.0,0.0,0.0,10.444756350000006
session-2-20261005-50000Hz-600mV,50 kHz,SMILE_LEFT,T002,1,106,R8->R7,L3->L4,17.720045146669353,False,7.980868844676222,-7.0063694267515935,-3.821656050955414,1.4142135623730954,10.543775900000007
session-2-20261005-50000Hz-600mV,50 kHz,SMILE_LEFT,T002,1,107,R8->R7,L4->L5,37.85498646149539,False,0.0,0.0,0.0,0.0,10.643304800000003
session-2-20261005-50000Hz-600mV,50 kHz,SMILE_LEFT,T002,1,108,R8->R7,L5->L6,19.1049731745428,False,5.234239225902137,5.205479452054795,-0.547945205479452,0.9999999999999999,10.741716600000004
session-2-20261005-50000Hz-600mV,50 kHz,SMILE_LEFT,T002,1,109,R8->R7,L6->L7,66.18912297349165,True,3.0216445091756055,-2.6934489842501708,1.369550330974663,1.9999999999999998,10.840703850000004
session-2-20261005-50000Hz-600mV,50 kHz,SMILE_LEFT,T002,1,110,R8->R7,L7->L8,149.9399879951976,True,12.88062522483765,12.876968241259673,0.3069121964238054,19.313207915827967,10.940745300000003
session-2-20261005-50000Hz-600mV,50 kHz,SMILE_LEFT,T002,1,111,R8->R7,R6->R5,209.50656314301943,True,4.269208456201615,-4.264916957145788,0.19137447884628517,8.944271909999161,11.039119500000005
session-2-20261005-50000Hz-600mV,50 kHz,SMILE_LEFT,T002,1,112,R8->R7,R5->R4,60.82762530298219,True,2.3249527748763854,-2.2162162162162167,-0.7027027027027027,1.414213562373095,11.140157300000006
session-2-20261005-50000Hz-600mV,50 kHz,SMILE_LEFT,T002,1,113,R8->R7,R4->R3,24.08318915758459,False,5.872202195147035,5.862068965517241,-0.34482758620689674,1.4142135623730951,11.241749250000005
session-2-20261005-50000Hz-600mV,50 kHz,SMILE_LEFT,T002,1,114,R8->R7,R3->R2,10.295630140987,False,9.712858623572641,-8.49056603773585,4.716981132075471,1.0,11.339175150000003
session-2-20261005-50000Hz-600mV,50 kHz,SMILE_LEFT,T002,1,115,R8->R7,R2->R1,36.6742416417845,False,6.097107608496924,3.717472118959108,4.83271375464684,2.2360679774997902,11.436658450000003
session-2-20261005-50000Hz-600mV,50 kHz,SMILE_LEFT,T002,1,116,R8->R7,R1->L1,74.00675644831357,True,1.91092493475347,-1.3328464487858318,1.3693627898484573,1.4142135623730956,11.535650750000002
session-2-20261005-50000Hz-600mV,50 kHz,SMILE_LEFT,T002,1,117,R7->R6,L1->L2,25.455844122715714,False,0.0,0.0,0.0,0.0,11.635131700000002
session-2-20261005-50000Hz-600mV,50 kHz,SMILE_LEFT,T002,1,118,R7->R6,L2->L3,20.024984394500787,False,4.993761694389224,-4.987531172069825,0.24937655860349126,1.0,11.733706450000007
session-2-20261005-50000Hz-600mV,50 kHz,SMILE_LEFT,T002,1,119,R7->R6,L3->L4,26.400757564888174,False,0.0,0.0,0.0,0.0,11.832166200000003
session-2-20261005-50000Hz-600mV,50 kHz,SMILE_LEFT,T002,1,120,R7->R6,L4->L5,46.84015371452148,False,2.13492040631365,0.5925250683682771,2.051048313582498,1.0000000000000002,11.931600600000003
session-2-20261005-50000Hz-600mV,50 kHz,SMILE_LEFT,T002,1,121,R7->R6,L5->L6,11.045361017187261,False,9.053574604251853,-9.016393442622949,-0.8196721311475409,1.0,12.030115100000003
session-2-20261005-50000Hz-600mV,50 kHz,SMILE_LEFT,T002,1,122,R7->R6,L6->L7,58.9406481131655,True,10.320148700467923,-10.276338514680486,0.9499136442141624,6.082762530298221,12.127628000000001
session-2-20261005-50000Hz-600mV,50 kHz,SMILE_LEFT,T002,1,123,R7->R6,L7->L8,80.95677859203637,True,10.185942912563583,10.161733292645712,-0.7018614586512053,8.24621125123532,12.226227450000003
session-2-20261005-50000Hz-600mV,50 kHz,SMILE_LEFT,T002,1,124,R7->R6,L8->R8,391.86222068477076,True,5.455376200613349,5.370027872567663,-0.9612128474302534,21.377558326431945,12.32523955
session-2-20261005-50000Hz-600mV,50 kHz,SMILE_LEFT,T002,1,125,R7->R6,R5->R4,106.06601717798212,True,2.1081851067789197,-2.106666666666667,0.07999999999999993,2.23606797749979,12.424160400000005
session-2-20261005-50000Hz-600mV,50 kHz,SMILE_LEFT,T002,1,126,R7->R6,R4->R3,15.264337522473749,False,9.264821092241588,-9.012875536480685,2.1459227467811157,1.4142135623730951,12.52369445
session-2-20261005-50000Hz-600mV,50 kHz,SMILE_LEFT,T002,1,127,R7->R6,R3->R2,22.825424421026653,False,4.381079543383234,-3.8387715930902107,2.111324376199616,0.9999999999999998,12.623727300000006
session-2-20261005-50000Hz-600mV,50 kHz,SMILE_LEFT,T002,1,128,R7->R6,R2->R1,28.442925306655788,False,3.5158127696731505,-3.4610630407911,0.6180469715698393,1.0000000000000002,12.723806200000006
session-2-20261005-50000Hz-600mV,50 kHz,SMILE_LEFT,T002,1,129,R7->R6,R1->L1,79.40403012442125,True,2.5187638421703804,-2.505947660586836,0.253766851704996,1.9999999999999991,12.824765450000008
session-2-20261005-50000Hz-600mV,50 kHz,SMILE_LEFT,T002,1,130,R6->R5,L1->L2,10.295630140987,False,9.712858623572641,-8.49056603773585,4.716981132075471,1.0,12.925292599999999
session-2-20261005-50000Hz-600mV,50 kHz,SMILE_LEFT,T002,1,131,R6->R5,L2->L3,26.076809620810597,False,3.8348249442368525,-3.823529411764706,0.2941176470588236,1.0000000000000002,13.02479245
session-2-20261005-50000Hz-600mV,50 kHz,SMILE_LEFT,T002,1,132,R6->R5,L3->L4,5.8309518948453,False,0.0,0.0,0.0,0.0,13.123792600000002
session-2-20261005-50000Hz-600mV,50 kHz,SMILE_LEFT,T002,1,133,R6->R5,L4->L5,19.4164878389476,False,0.0,0.0,0.0,0.0,13.221814900000005
session-2-20261005-50000Hz-600mV,50 kHz,SMILE_LEFT,T002,1,134,R6->R5,L5->L6,43.46262762420146,False,2.3008272961461866,-2.1175224986765486,-0.8999470619375332,1.0,13.320768750000006
session-2-20261005-50000Hz-600mV,50 kHz,SMILE_LEFT,T002,1,135,R6->R5,L6->L7,26.248809496813376,False,12.047318414773372,-12.046444121915819,-0.1451378809869375,3.1622776601683795,13.420153300000003
session-2-20261005-50000Hz-600mV,50 kHz,SMILE_LEFT,T002,1,136,R6->R5,L7->L8,25.298221281347036,False,12.5,12.5,2.0816681711721685e-16,3.1622776601683795,13.51858085
session-2-20261005-50000Hz-600mV,50 kHz,SMILE_LEFT,T002,1,137,R6->R5,L8->R8,84.30895563343198,True,6.048016459559622,5.936972425436129,-1.1536297129994373,5.099019513592785,13.617115149999997
session-2-20261005-50000Hz-600mV,50 kHz,SMILE_LEFT,T002,1,138,R6->R5,R8->R7,202.2325394193526,True,4.691051701048508,-4.6799354491662175,0.32275416890801495,9.486832980505136,13.714670900000009
session-2-20261005-50000Hz-600mV,50 kHz,SMILE_LEFT,T002,1,139,R6->R5,R4->R3,394.62007044751283,True,0.25340829696420797,-0.09632364745545031,-0.23438754214159577,1.0,13.812138600000004
session-2-20261005-50000Hz-600mV,50 kHz,SMILE_LEFT,T002,1,140,R6->R5,R3->R2,213.55093069335942,True,0.662237133681137,-0.6095956495044295,-0.2587492325234629,1.414213562373095,13.91013625
session-2-20261005-50000Hz-600mV,50 kHz,SMILE_LEFT,T002,1,141,R6->R5,R2->R1,145.6605643267937,True,1.3730552323777507,1.1217419993401516,-0.791817881887166,2.0,14.007129800000001
session-2-20261005-50000Hz-600mV,50 kHz,SMILE_LEFT,T002,1,142,R6->R5,R1->L1,107.67079455451234,True,1.857513923134863,-1.8459415164323298,0.20702147847839214,2.0000000000000004,14.105195850000008
session-2-20261005-50000Hz-600mV,50 kHz,SMILE_LEFT,T002,1,143,R5->R4,L1->L2,69.83552104767314,True,1.4319360477275611,-0.6971498872257536,-1.2507689153167931,0.9999999999999999,14.204155950000008
session-2-20261005-50000Hz-600mV,50 kHz,SMILE_LEFT,T002,1,144,R5->R4,L2->L3,14.0356688476182,False,7.124704998790965,7.1065989847715745,-0.5076142131979696,1.0000000000000002,14.302708200000005
session-2-20261005-50000Hz-600mV,50 kHz,SMILE_LEFT,T002,1,145,R5->R4,L3->L4,62.6418390534633,True,2.2576182049286544,-1.987767584097859,-1.0703363914373087,1.414213562373095,14.401132700000005
session-2-20261005-50000Hz-600mV,50 kHz,SMILE_LEFT,T002,1,146,R5->R4,L4->L5,73.97972695272672,True,1.35172166915269,-1.3155490590169925,0.3106157500456788,1.0000000000000002,14.500134699999997
session-2-20261005-50000Hz-600mV,50 kHz,SMILE_LEFT,T002,1,147,R5->R4,L5->L6,13.453624047073712,False,7.432941462471663,-5.524861878453039,-4.972375690607735,1.0000000000000002,14.5985954
session-2-20261005-50000Hz-600mV,50 kHz,SMILE_LEFT,T002,1,148,R5->R4,L6->L7,28.861739379323623,False,13.85917857350474,-13.445378151260504,3.361344537815126,3.9999999999999996,14.696075100000002
session-2-20261005-50000Hz-600mV,50 kHz,SMILE_LEFT,T002,1,149,R5->R4,L7->L8,26.019223662515373,False,7.686624420240879,-7.680945347119645,-0.29542097488921715,1.9999999999999998,14.793620000000004
session-2-20261005-50000Hz-600mV,50 kHz,SMILE_LEFT,T002,1,150,R5->R4,L8->R8,52.17278984298233,True,9.583539647865967,9.368111682586333,-2.020573108008817,5.0,14.8921092
session-2-20261005-50000Hz-600mV,50 kHz,SMILE_LEFT,T002,1,151,R5->R4,R8->R7,66.49060083951716,True,3.007943942072706,-2.940511196561864,0.6333408731056323,2.0,14.989622450000006
session-2-20261005-50000Hz-600mV,50 kHz,SMILE_LEFT,T002,1,152,R5->R4,R7->R6,101.5332457867865,True,2.20230128582257,-2.1728586671840135,-0.3589096905616452,2.236067977499789,15.087130200000004
session-2-20261005-50000Hz-600mV,50 kHz,SMILE_LEFT,T002,1,153,R5->R4,R3->R2,292.5149568825499,True,1.0810652876933375,-1.0810494945363176,-0.005843510781277373,3.16227766016838,15.185151050000009
session-2-20261005-50000Hz-600mV,50 kHz,SMILE_LEFT,T002,1,154,R5->R4,R2->R1,67.68308503607086,True,2.954948047852908,-2.881466928618206,-0.6548788474132285,2.0,15.28221165
session-2-20261005-50000Hz-600mV,50 kHz,SMILE_LEFT,T002,1,155,R5->R4,R1->L1,31.304951684997057,False,3.1943828249996997,-2.857142857142857,-1.4285714285714286,1.0,15.379200099999998
session-2-20261005-50000Hz-600mV,50 kHz,SMILE_LEFT,T002,1,156,R4->R3,L1->L2,44.181444068749045,False,4.526787302125927,-4.508196721311474,0.40983606557377045,2.0,15.476643100000004
session-2-20261005-50000Hz-600mV,50 kHz,SMILE_LEFT,T002,1,157,R4->R3,L2->L3,11.40175425099138,False,0.0,0.0,0.0,0.0,15.574138650000002
session-2-20261005-50000Hz-600mV,50 kHz,SMILE_LEFT,T002,1,158,R4->R3,L3->L4,47.51841748206689,False,4.2088943739651805,-4.162976085031001,0.6200177147918512,2.0,15.671112600000008
session-2-20261005-50000Hz-600mV,50 kHz,SMILE_LEFT,T002,1,159,R4->R3,L4->L5,25.0,False,8.94427190999916,-8.799999999999999,1.6,2.23606797749979,15.767575550000004
session-2-20261005-50000Hz-600mV,50 kHz,SMILE_LEFT,T002,1,160,R4->R3,L5->L6,3.6055512754639896,False,0.0,0.0,0.0,0.0,15.863586150000003
session-2-20261005-50000Hz-600mV,50 kHz,SMILE_LEFT,T002,1,161,R4->R3,L6->L7,5.8309518948453,False,34.29971702850176,-29.411764705882355,17.647058823529413,1.9999999999999996,15.9606317
session-2-20261005-50000Hz-600mV,50 kHz,SMILE_LEFT,T002,1,162,R4->R3,L7->L8,12.041594578792296,False,16.609095970747994,-12.413793103448276,11.03448275862069,2.0,16.0586598
session-2-20261005-50000Hz-600mV,50 kHz,SMILE_LEFT,T002,1,163,R4->R3,L8->R8,21.470910553583888,False,4.657464328326222,2.1691973969631233,4.1214750542299345,0.9999999999999999,16.1567394
session-2-20261005-50000Hz-600mV,50 kHz,SMILE_LEFT,T002,1,164,R4->R3,R8->R7,20.591260281974,False,4.856429311786321,4.245283018867925,-2.3584905660377355,1.0,16.2547159
session-2-20261005-50000Hz-600mV,50 kHz,SMILE_LEFT,T002,1,165,R4->R3,R7->R6,21.470910553583888,False,4.657464328326222,-4.1214750542299345,2.1691973969631233,0.9999999999999999,16.3531032
session-2-20261005-50000Hz-600mV,50 kHz,SMILE_LEFT,T002,1,166,R4->R3,R6->R5,376.3641853311763,True,0.26570009553912904,-0.0797740910695376,-0.25344158136251327,1.0000000000000002,16.452087800000008
session-2-20261005-50000Hz-600mV,50 kHz,SMILE_LEFT,T002,1,167,R4->R3,R2->R1,562.8943062422999,True,1.0806225010348345,1.066435221713745,-0.17453053495344797,6.082762530298221,16.550097300000004
session-2-20261005-50000Hz-600mV,50 kHz,SMILE_LEFT,T002,1,168,R4->R3,R1->L1,123.79418403139945,True,1.6155847834440389,-1.5921696574225126,0.2740619902120718,1.9999999999999998,16.646573100000005
session-2-20261005-50000Hz-600mV,50 kHz,SMILE_LEFT,T002,1,169,R3->R2,L1->L2,30.80584360149873,False,4.5907314880488865,0.737618545837724,-4.531085353003162,1.4142135623730954,16.7436138
session-2-20261005-50000Hz-600mV,50 kHz,SMILE_LEFT,T002,1,170,R3->R2,L2->L3,25.01999200639361,False,3.9968038348871584,-0.1597444089456869,-3.993610223642172,1.0000000000000002,16.8427615
session-2-20261005-50000Hz-600mV,50 kHz,SMILE_LEFT,T002,1,171,R3->R2,L3->L4,16.1245154965971,False,0.0,0.0,0.0,0.0,16.941808200000004
session-2-20261005-50000Hz-600mV,50 kHz,SMILE_LEFT,T002,1,172,R3->R2,L4->L5,8.485281374238571,False,0.0,0.0,0.0,0.0,17.039188150000008
session-2-20261005-50000Hz-600mV,50 kHz,SMILE_LEFT,T002,1,173,R3->R2,L5->L6,10.770329614269007,False,0.0,0.0,0.0,0.0,17.13761935
session-2-20261005-50000Hz-600mV,50 kHz,SMILE_LEFT,T002,1,174,R3->R2,L6->L7,13.341664064126334,False,16.760038078849774,-16.292134831460675,-3.932584269662921,2.23606797749979,17.237603300000004
session-2-20261005-50000Hz-600mV,50 kHz,SMILE_LEFT,T002,1,175,R3->R2,L7->L8,10.295630140987,False,0.0,0.0,0.0,0.0,17.33713865
session-2-20261005-50000Hz-600mV,50 kHz,SMILE_LEFT,T002,1,176,R3->R2,L8->R8,15.03329637837291,False,13.303802104754789,13.274336283185843,0.8849557522123894,2.0000000000000004,17.435615650000003
session-2-20261005-50000Hz-600mV,50 kHz,SMILE_LEFT,T002,1,177,R3->R2,R8->R7,19.026297590440446,False,5.255883312276366,-5.248618784530387,-0.2762430939226519,0.9999999999999999,17.533635550000007
session-2-20261005-50000Hz-600mV,50 kHz,SMILE_LEFT,T002,1,178,R3->R2,R7->R6,25.01999200639361,False,5.6523341894422146,-3.8338658146964857,-4.15335463258786,1.4142135623730951,17.63270945
session-2-20261005-50000Hz-600mV,50 kHz,SMILE_LEFT,T002,1,179,R3->R2,R6->R5,233.85465571589546,True,0.6047403922935748,-0.5119953188999415,-0.32182562902282036,1.4142135623730951,17.733759150000004
session-2-20261005-50000Hz-600mV,50 kHz,SMILE_LEFT,T002,1,180,R3->R2,R5->R4,319.513692977312,True,1.2904315890807327,-1.2900508379942994,0.031345198797128014,4.1231056256176615,17.8326585
session-2-20261005-50000Hz-600mV,50 kHz,SMILE_LEFT,T002,1,181,R3->R2,R1->L1,74.16872656315464,True,1.3482771598464758,-1.3452099618251228,0.09089256498818397,1.0,17.930201150000002
session-2-20261005-50000Hz-600mV,50 kHz,SMILE_LEFT,T002,1,182,R2->R1,L1->L2,381.6346420334506,True,0.5859185019434888,-0.23138453087987917,0.5382951697620928,2.23606797749979,18.02973325
session-2-20261005-50000Hz-600mV,50 kHz,SMILE_LEFT,T002,1,183,R2->R1,L2->L3,20.808652046684813,False,4.805693313322127,3.9260969976905304,2.771362586605081,1.0,18.1285923
session-2-20261005-50000Hz-600mV,50 kHz,SMILE_LEFT,T002,1,184,R2->R1,L3->L4,22.0,False,0.0,0.0,0.0,0.0,18.226663750000007
session-2-20261005-50000Hz-600mV,50 kHz,SMILE_LEFT,T002,1,185,R2->R1,L4->L5,20.615528128088304,False,4.85071250072666,4.705882352941177,-1.1764705882352942,1.0,18.32522735
session-2-20261005-50000Hz-600mV,50 kHz,SMILE_LEFT,T002,1,186,R2->R1,L5->L6,21.2602916254693,False,4.703604341917987,3.5398230088495577,3.0973451327433628,1.0,18.423239799999998
session-2-20261005-50000Hz-600mV,50 kHz,SMILE_LEFT,T002,1,187,R2->R1,L6->L7,7.615773105863909,False,18.56953381770518,-17.241379310344826,6.89655172413793,1.414213562373095,18.521243849999998
session-2-20261005-50000Hz-600mV,50 kHz,SMILE_LEFT,T002,1,188,R2->R1,L7->L8,14.317821063276352,False,25.182262437346942,-9.26829268292683,23.414634146341466,3.605551275463989,18.62075945
session-2-20261005-50000Hz-600mV,50 kHz,SMILE_LEFT,T002,1,189,R2->R1,L8->R8,14.422205101855958,False,15.504341823651057,15.384615384615385,1.923076923076923,2.23606797749979,18.721783200000004
session-2-20261005-50000Hz-600mV,50 kHz,SMILE_LEFT,T002,1,190,R2->R1,R8->R7,23.40939982143925,False,8.54357657716761,-8.02919708029197,-2.9197080291970803,2.0,18.821754300000002
session-2-20261005-50000Hz-600mV,50 kHz,SMILE_LEFT,T002,1,191,R2->R1,R7->R6,37.64306044943742,False,2.6565321418092744,-2.540578687367678,-0.776287932251235,0.9999999999999998,18.919348250000006
session-2-20261005-50000Hz-600mV,50 kHz,SMILE_LEFT,T002,1,192,R2->R1,R6->R5,153.46986674914396,True,0.0,0.0,0.0,0.0,19.01777760000001
session-2-20261005-50000Hz-600mV,50 kHz,SMILE_LEFT,T002,1,193,R2->R1,R5->R4,8.602325267042627,False,11.624763874381928,-9.45945945945946,6.756756756756757,1.0,19.117112150000004
session-2-20261005-50000Hz-600mV,50 kHz,SMILE_LEFT,T002,1,194,R2->R1,R4->R3,502.7255712612996,True,1.0142749454338953,1.003826172284585,0.14521253655043068,5.0990195135927845,19.216199300000007
session-2-20261005-50000Hz-600mV,50 kHz,SMILE_LEFT,T002,1,195,R1->L1,L2->L3,27.313000567495326,False,3.6612601296910627,3.351206434316354,-1.4745308310991958,1.0000000000000002,19.3157388
session-2-20261005-50000Hz-600mV,50 kHz,SMILE_LEFT,T002,1,196,R1->L1,L3->L4,34.785054261852174,False,0.0,0.0,0.0,0.0,19.41576150000001
session-2-20261005-50000Hz-600mV,50 kHz,SMILE_LEFT,T002,1,197,R1->L1,L4->L5,31.38470965295043,False,4.506059090593329,4.365482233502538,1.116751269035533,1.414213562373095,19.514697849999997
session-2-20261005-50000Hz-600mV,50 kHz,SMILE_LEFT,T002,1,198,R1->L1,L5->L6,11.180339887498949,False,0.0,0.0,0.0,0.0,19.613679100000006
session-2-20261005-50000Hz-600mV,50 kHz,SMILE_LEFT,T002,1,199,R1->L1,L6->L7,12.0,False,25.0,-25.0,0.0,3.0,19.712779700000006
session-2-20261005-50000Hz-600mV,50 kHz,SMILE_LEFT,T002,1,200,R1->L1,L7->L8,12.36931687685298,False,18.07753815155468,13.725490196078432,11.76470588235294,2.23606797749979,19.811320650000006
session-2-20261005-50000Hz-600mV,50 kHz,SMILE_LEFT,T002,1,201,R1->L1,L8->R8,21.023796041628636,False,19.026059766179763,19.004524886877828,-0.9049773755656108,3.999999999999999,19.909829950000002
session-2-20261005-50000Hz-600mV,50 kHz,SMILE_LEFT,T002,1,202,R1->L1,R8->R7,15.03329637837291,False,0.0,0.0,0.0,0.0,20.008213400000002
session-2-20261005-50000Hz-600mV,50 kHz,SMILE_LEFT,T002,1,203,R1->L1,R7->R6,5.0,False,20.0,16.0,12.0,1.0,20.106677150000003
session-2-20261005-50000Hz-600mV,50 kHz,SMILE_LEFT,T002,1,204,R1->L1,R6->R5,35.0,False,0.0,0.0,0.0,0.0,20.20475100000001
session-2-20261005-50000Hz-600mV,50 kHz,SMILE_LEFT,T002,1,205,R1->L1,R5->R4,51.47815070493499,True,1.9425717247145278,-1.9245283018867922,0.2641509433962264,0.9999999999999996,20.302698
session-2-20261005-50000Hz-600mV,50 kHz,SMILE_LEFT,T002,1,206,R1->L1,R4->R3,53.23532661682465,True,1.8784518919133613,-1.8701482004234298,-0.17642907551164436,0.9999999999999999,20.400624900000004
session-2-20261005-50000Hz-600mV,50 kHz,SMILE_LEFT,T002,1,207,R1->L1,R3->R2,5.8309518948453,False,0.0,0.0,0.0,0.0,20.4996114
session-2-20261005-50000Hz-600mV,50 kHz,SMILE_RIGHT,T003,1,0,L1->L2,L3->L4,343.42393626536864,True,0.920808751584759,0.9208071900966593,0.0016957775139901854,3.1622776601683795,0.04980170000000328
session-2-20261005-50000Hz-600mV,50 kHz,SMILE_RIGHT,T003,1,1,L1->L2,L4->L5,106.7379969832674,True,0.0,0.0,0.0,0.0,0.1488301499999949
session-2-20261005-50000Hz-600mV,50 kHz,SMILE_RIGHT,T003,1,2,L1->L2,L5->L6,96.84007434941385,True,2.065260702695966,1.983365323096609,-0.5758157389635317,2.0000000000000004,0.24695200000000028
session-2-20261005-50000Hz-600mV,50 kHz,SMILE_RIGHT,T003,1,3,L1->L2,L6->L7,56.46237685397242,True,0.0,0.0,0.0,0.0,0.34592084999999884
session-2-20261005-50000Hz-600mV,50 kHz,SMILE_RIGHT,T003,1,4,L1->L2,L7->L8,21.095023109728984,False,19.545395158709695,-18.426966292134832,-6.51685393258427,4.12310562561766,0.4452944499999987
session-2-20261005-50000Hz-600mV,50 kHz,SMILE_RIGHT,T003,1,5,L1->L2,L8->R8,7.211102550927979,False,31.008683647302114,-30.76923076923077,-3.846153846153846,2.23606797749979,0.5442235000000011
session-2-20261005-50000Hz-600mV,50 kHz,SMILE_RIGHT,T003,1,6,L1->L2,R8->R7,4.0,False,167.70509831248424,-75.0,150.0,6.708203932499369,0.6432231000000002
session-2-20261005-50000Hz-600mV,50 kHz,SMILE_RIGHT,T003,1,7,L1->L2,R7->R6,25.0,False,4.0,-3.2,2.4,1.0,0.7433003000000014
session-2-20261005-50000Hz-600mV,50 kHz,SMILE_RIGHT,T003,1,8,L1->L2,R6->R5,11.40175425099138,False,36.162028533978955,31.538461538461544,17.692307692307693,4.123105625617661,0.8432437499999992
session-2-20261005-50000Hz-600mV,50 kHz,SMILE_RIGHT,T003,1,9,L1->L2,R5->R4,72.11102550927978,True,3.1008683647302115,3.0769230769230775,0.3846153846153846,2.23606797749979,0.942685449999999
session-2-20261005-50000Hz-600mV,50 kHz,SMILE_RIGHT,T003,1,10,L1->L2,R4->R3,52.15361924162119,True,1.9174124721184262,1.911764705882353,-0.1470588235294118,1.0000000000000002,1.0467972499999973
session-2-20261005-50000Hz-600mV,50 kHz,SMILE_RIGHT,T003,1,11,L1->L2,R3->R2,29.410882339705488,False,0.0,0.0,0.0,0.0,1.1503788499999956
session-2-20261005-50000Hz-600mV,50 kHz,SMILE_RIGHT,T003,1,12,L1->L2,R2->R1,435.2470562795342,True,0.22975456940431496,-0.06756756756756757,-0.2195945945945946,1.0000000000000002,1.2493320999999966
session-2-20261005-50000Hz-600mV,50 kHz,SMILE_RIGHT,T003,1,13,L2->L3,L4->L5,290.73871431235295,True,2.5040042935111786,-2.4973677672751364,0.18218599533887772,7.280109889280517,1.3477152999999973
session-2-20261005-50000Hz-600mV,50 kHz,SMILE_RIGHT,T003,1,14,L2->L3,L5->L6,193.2174940319846,True,1.157280291157093,-1.1464388074893526,-0.15803712533147618,2.23606797749979,1.4451397499999956
session-2-20261005-50000Hz-600mV,50 kHz,SMILE_RIGHT,T003,1,15,L2->L3,L6->L7,51.07837115648854,True,2.768713117417892,-2.5680337293982367,-1.0348792640858566,1.4142135623730951,1.5432235500000004
session-2-20261005-50000Hz-600mV,50 kHz,SMILE_RIGHT,T003,1,16,L2->L3,L7->L8,22.02271554554524,False,4.540766091864998,-4.536082474226804,0.2061855670103093,0.9999999999999999,1.6402615499999982
session-2-20261005-50000Hz-600mV,50 kHz,SMILE_RIGHT,T003,1,17,L2->L3,L8->R8,18.248287590894655,False,5.479966243511909,5.405405405405405,-0.9009009009009009,0.9999999999999998,1.7371899500000012
session-2-20261005-50000Hz-600mV,50 kHz,SMILE_RIGHT,T003,1,18,L2->L3,R8->R7,11.0,False,9.090909090909092,0.0,9.090909090909092,1.0,1.8352640499999993
session-2-20261005-50000Hz-600mV,50 kHz,SMILE_RIGHT,T003,1,19,L2->L3,R7->R6,7.211102550927979,False,31.00868364730211,-15.384615384615389,-26.923076923076923,2.2360679774997894,1.9327439500000025
session-2-20261005-50000Hz-600mV,50 kHz,SMILE_RIGHT,T003,1,20,L2->L3,R6->R5,21.095023109728984,False,4.740454631399772,-0.44943820224719105,-4.719101123595506,0.9999999999999999,2.0312516999999986
session-2-20261005-50000Hz-600mV,50 kHz,SMILE_RIGHT,T003,1,21,L2->L3,R5->R4,4.0,False,25.0,25.0,0.0,1.0,2.1310179000000034
session-2-20261005-50000Hz-600mV,50 kHz,SMILE_RIGHT,T003,1,22,L2->L3,R4->R3,15.0,False,6.666666666666667,4.0,-5.333333333333334,1.0,2.230957250000003
session-2-20261005-50000Hz-600mV,50 kHz,SMILE_RIGHT,T003,1,23,L2->L3,R3->R2,10.04987562112089,False,9.950371902099892,-0.9900990099009903,-9.900990099009901,1.0,2.329751349999995
session-2-20261005-50000Hz-600mV,50 kHz,SMILE_RIGHT,T003,1,24,L2->L3,R2->R1,59.304300012730955,True,3.770498896403413,-3.184532271822576,2.0187659937446685,2.23606797749979,2.4283120500000024
session-2-20261005-50000Hz-600mV,50 kHz,SMILE_RIGHT,T003,1,25,L2->L3,R1->L1,28.844410203711917,False,7.752170911825528,-7.6923076923076925,-0.9615384615384615,2.23606797749979,2.527368799999998
session-2-20261005-50000Hz-600mV,50 kHz,SMILE_RIGHT,T003,1,26,L3->L4,L1->L2,370.7344062802911,True,1.9636995557883132,1.9600710107389192,0.11932132359360903,7.280109889280517,2.626433949999999
session-2-20261005-50000Hz-600mV,50 kHz,SMILE_RIGHT,T003,1,27,L3->L4,L5->L6,297.5987231155403,True,0.7513701517568859,-0.7452153785355389,-0.09597470784169819,2.23606797749979,2.725939150000002
session-2-20261005-50000Hz-600mV,50 kHz,SMILE_RIGHT,T003,1,28,L3->L4,L6->L7,29.120439557122076,False,0.0,0.0,0.0,0.0,2.826800199999994
session-2-20261005-50000Hz-600mV,50 kHz,SMILE_RIGHT,T003,1,29,L3->L4,L7->L8,22.47220505424423,False,9.950371902099892,9.900990099009901,-0.9900990099009898,2.23606797749979,2.926295499999995
session-2-20261005-50000Hz-600mV,50 kHz,SMILE_RIGHT,T003,1,30,L3->L4,L8->R8,21.470910553583888,False,10.414406840917833,10.412147505422992,-0.21691973969631212,2.2360679774997894,3.0253878999999984
session-2-20261005-50000Hz-600mV,50 kHz,SMILE_RIGHT,T003,1,31,L3->L4,R8->R7,8.485281374238571,False,26.352313834736496,-25.0,8.333333333333332,2.2360679774997902,3.1252450499999966
session-2-20261005-50000Hz-600mV,50 kHz,SMILE_RIGHT,T003,1,32,L3->L4,R7->R6,25.80697580112788,False,11.624763874381927,-9.459459459459458,6.756756756756756,2.9999999999999996,3.2237498
session-2-20261005-50000Hz-600mV,50 kHz,SMILE_RIGHT,T003,1,33,L3->L4,R6->R5,16.0312195418814,False,18.71348584655416,18.67704280155642,-1.1673151750972763,3.0000000000000004,3.3217379000000022
session-2-20261005-50000Hz-600mV,50 kHz,SMILE_RIGHT,T003,1,34,L3->L4,R5->R4,63.89053137985315,True,2.213494757094859,-1.9598236158745712,-1.0289073983341497,1.4142135623730951,3.4207283499999974
session-2-20261005-50000Hz-600mV,50 kHz,SMILE_RIGHT,T003,1,35,L3->L4,R4->R3,63.0,True,4.761904761904762,-4.761904761904762,0.0,3.0,3.5192908000000003
session-2-20261005-50000Hz-600mV,50 kHz,SMILE_RIGHT,T003,1,36,L3->L4,R3->R2,16.15549442140351,False,6.18984460590173,-5.74712643678161,-2.298850574712644,1.0,3.616818600000002
session-2-20261005-50000Hz-600mV,50 kHz,SMILE_RIGHT,T003,1,37,L3->L4,R2->R1,33.28663395418647,False,4.248592886620874,-4.1516245487364625,0.9025270758122743,1.4142135623730947,3.7227755499999944
session-2-20261005-50000Hz-600mV,50 kHz,SMILE_RIGHT,T003,1,38,L3->L4,R1->L1,139.30183056945089,True,2.8714626244669086,-2.844627673280083,0.39165163617624327,4.0,3.8287341000000055
session-2-20261005-50000Hz-600mV,50 kHz,SMILE_RIGHT,T003,1,39,L4->L5,L1->L2,87.66413177577247,True,1.1407173946099214,-1.1190631099544566,0.22121014964216001,1.0,3.9277038500000003
session-2-20261005-50000Hz-600mV,50 kHz,SMILE_RIGHT,T003,1,40,L4->L5,L2->L3,286.0,True,2.883290647285078,-2.850995158687467,0.4303388918773536,8.246211251235323,4.0272164
session-2-20261005-50000Hz-600mV,50 kHz,SMILE_RIGHT,T003,1,41,L4->L5,L6->L7,214.7091055358389,True,0.6586649219387843,-0.6203904555314533,-0.22125813449023862,1.4142135623730951,4.12572625
session-2-20261005-50000Hz-600mV,50 kHz,SMILE_RIGHT,T003,1,42,L4->L5,L7->L8,75.96051605933178,True,2.6329468304794377,-2.5303292894280762,0.7279029462738301,2.0000000000000004,4.22420485
session-2-20261005-50000Hz-600mV,50 kHz,SMILE_RIGHT,T003,1,43,L4->L5,L8->R8,53.450912059571074,True,5.916227690640749,5.915295764788239,0.10500525026251314,3.1622776601683795,4.3228341000000015
session-2-20261005-50000Hz-600mV,50 kHz,SMILE_RIGHT,T003,1,44,L4->L5,R8->R7,23.345235059857504,False,4.283529368781194,-4.220183486238533,0.7339449541284404,1.0,4.421325850000002
session-2-20261005-50000Hz-600mV,50 kHz,SMILE_RIGHT,T003,1,45,L4->L5,R7->R6,22.360679774997898,False,24.083189157584595,-23.6,-4.8,5.3851648071345055,4.518858100000003
session-2-20261005-50000Hz-600mV,50 kHz,SMILE_RIGHT,T003,1,46,L4->L5,R6->R5,7.280109889280519,False,68.68028197434451,-64.15094339622641,-24.528301886792452,5.0,4.617317749999998
session-2-20261005-50000Hz-600mV,50 kHz,SMILE_RIGHT,T003,1,47,L4->L5,R5->R4,45.60701700396552,False,4.385290096535146,-4.230769230769231,1.153846153846154,1.9999999999999998,4.716793199999998
session-2-20261005-50000Hz-600mV,50 kHz,SMILE_RIGHT,T003,1,48,L4->L5,R4->R3,36.06937759374287,False,8.76720883788401,-7.763259031514219,4.073789392774788,3.1622776601683795,4.81527595
session-2-20261005-50000Hz-600mV,50 kHz,SMILE_RIGHT,T003,1,49,L4->L5,R3->R2,16.1245154965971,False,0.0,0.0,0.0,0.0,4.913734249999997
session-2-20261005-50000Hz-600mV,50 kHz,SMILE_RIGHT,T003,1,50,L4->L5,R2->R1,126.19429464123962,True,3.169715407001309,-3.1648351648351647,0.1758241758241758,3.9999999999999996,5.013199450000002
session-2-20261005-50000Hz-600mV,50 kHz,SMILE_RIGHT,T003,1,51,L4->L5,R1->L1,37.0,False,6.043426966215649,-4.309715120525932,-4.236669101533966,2.2360679774997902,5.113052449999998
session-2-20261005-50000Hz-600mV,50 kHz,SMILE_RIGHT,T003,1,52,L5->L6,L1->L2,105.94810050208545,True,1.8877167127320345,1.799554565701559,-0.5701559020044543,1.9999999999999998,5.210613249999994
session-2-20261005-50000Hz-600mV,50 kHz,SMILE_RIGHT,T003,1,53,L5->L6,L2->L3,211.1516043036377,True,1.05898697046332,-0.7827744757205339,-0.713244364696647,2.23606797749979,5.308831599999998
session-2-20261005-50000Hz-600mV,50 kHz,SMILE_RIGHT,T003,1,54,L5->L6,L3->L4,327.6171546180084,True,1.258513349346763,-1.2437926825859706,0.19192606188217975,4.123105625617661,5.408336199999994
session-2-20261005-50000Hz-600mV,50 kHz,SMILE_RIGHT,T003,1,55,L5->L6,L7->L8,211.29363454680785,True,7.8340956142622815,-7.83290402060701,-0.13663344159480362,16.55294535724685,5.508321649999999
session-2-20261005-50000Hz-600mV,50 kHz,SMILE_RIGHT,T003,1,56,L5->L6,L8->R8,62.39390995922599,True,2.266589100278015,2.080657590547136,0.8990495761623427,1.4142135623730951,5.6078119000000015
session-2-20261005-50000Hz-600mV,50 kHz,SMILE_RIGHT,T003,1,57,L5->L6,R8->R7,19.6468827043885,False,18.35177279629517,17.357512953367877,5.958549222797928,3.605551275463989,5.706255200000001
session-2-20261005-50000Hz-600mV,50 kHz,SMILE_RIGHT,T003,1,58,L5->L6,R7->R6,3.1622776601683795,False,70.71067811865474,-50.0,-49.99999999999999,2.23606797749979,5.805813499999999
session-2-20261005-50000Hz-600mV,50 kHz,SMILE_RIGHT,T003,1,59,L5->L6,R6->R5,42.720018726587654,False,3.310423554409472,2.904109589041096,-1.5890410958904106,1.414213562373095,5.90532425
session-2-20261005-50000Hz-600mV,50 kHz,SMILE_RIGHT,T003,1,60,L5->L6,R5->R4,6.0,False,23.570226039551585,-16.666666666666664,-16.666666666666664,1.414213562373095,6.003253049999998
session-2-20261005-50000Hz-600mV,50 kHz,SMILE_RIGHT,T003,1,61,L5->L6,R4->R3,8.0,False,12.5,0.0,-12.5,1.0,6.100794199999996
session-2-20261005-50000Hz-600mV,50 kHz,SMILE_RIGHT,T003,1,62,L5->L6,R3->R2,3.1622776601683795,False,0.0,0.0,0.0,0.0,6.1993255499999975
session-2-20261005-50000Hz-600mV,50 kHz,SMILE_RIGHT,T003,1,63,L5->L6,R2->R1,38.8329756778952,False,3.6417852036461493,-3.050397877984085,1.9893899204244034,1.4142135623730954,6.298292950000004
session-2-20261005-50000Hz-600mV,50 kHz,SMILE_RIGHT,T003,1,64,L5->L6,R1->L1,79.40403012442125,True,3.7781457632555715,-3.7589214908802537,0.38065027755749403,2.999999999999999,6.397723999999997
session-2-20261005-50000Hz-600mV,50 kHz,SMILE_RIGHT,T003,1,65,L6->L7,L1->L2,52.0,True,0.0,0.0,0.0,0.0,6.497249999999994
session-2-20261005-50000Hz-600mV,50 kHz,SMILE_RIGHT,T003,1,66,L6->L7,L2->L3,55.362442142665635,True,2.5544638343965267,-2.316476345840131,-1.0766721044045677,1.4142135623730951,6.596295600000005
session-2-20261005-50000Hz-600mV,50 kHz,SMILE_RIGHT,T003,1,67,L6->L7,L3->L4,45.221676218380054,False,0.0,0.0,0.0,0.0,6.694751600000004
session-2-20261005-50000Hz-600mV,50 kHz,SMILE_RIGHT,T003,1,68,L6->L7,L4->L5,247.3418686757258,True,0.9040394129274392,-0.9039197096995651,-0.014711170682271405,2.2360679774997894,6.793667650000003
session-2-20261005-50000Hz-600mV,50 kHz,SMILE_RIGHT,T003,1,69,L6->L7,L8->R8,344.30509726113553,True,3.592545383512453,3.540397820255429,-0.6098898317952525,12.369316876852984,6.892789800000003
session-2-20261005-50000Hz-600mV,50 kHz,SMILE_RIGHT,T003,1,70,L6->L7,R8->R7,60.415229867972855,True,17.041448263105742,17.041095890410958,0.10958904109589056,10.295630140987,6.991879850000004
session-2-20261005-50000Hz-600mV,50 kHz,SMILE_RIGHT,T003,1,71,L6->L7,R7->R6,45.880278987817846,False,12.709059368173278,-12.304038004750595,-3.1828978622327786,5.8309518948453,7.091286749999995
session-2-20261005-50000Hz-600mV,50 kHz,SMILE_RIGHT,T003,1,72,L6->L7,R6->R5,23.769728648009426,False,11.899282346174592,-10.973451327433628,-4.601769911504424,2.8284271247461903,7.192256299999997
session-2-20261005-50000Hz-600mV,50 kHz,SMILE_RIGHT,T003,1,73,L6->L7,R5->R4,16.643316977093235,False,12.016835362522194,-10.108303249097474,6.498194945848376,1.9999999999999996,7.293200799999994
session-2-20261005-50000Hz-600mV,50 kHz,SMILE_RIGHT,T003,1,74,L6->L7,R4->R3,13.601470508735444,False,14.704292441876158,-4.324324324324325,14.054054054054054,2.0000000000000004,7.391755199999999
session-2-20261005-50000Hz-600mV,50 kHz,SMILE_RIGHT,T003,1,75,L6->L7,R3->R2,3.1622776601683795,False,31.622776601683793,-30.0,-10.0,1.0,7.490340549999999
session-2-20261005-50000Hz-600mV,50 kHz,SMILE_RIGHT,T003,1,76,L6->L7,R2->R1,61.522353661088104,True,6.701800858157771,-6.657859973579922,0.7661822985468956,4.1231056256176615,7.589255649999998
session-2-20261005-50000Hz-600mV,50 kHz,SMILE_RIGHT,T003,1,77,L6->L7,R1->L1,69.26037828369118,True,3.2284951842752485,-3.0018761726078798,1.188242651657286,2.23606797749979,7.688264849999996
session-2-20261005-50000Hz-600mV,50 kHz,SMILE_RIGHT,T003,1,78,L7->L8,L1->L2,19.026297590440446,False,28.303797843676215,-25.690607734806626,-11.878453038674031,5.385164807134503,7.787241299999998
session-2-20261005-50000Hz-600mV,50 kHz,SMILE_RIGHT,T003,1,79,L7->L8,L2->L3,29.427877939124325,False,0.0,0.0,0.0,0.0,7.885193700000002
session-2-20261005-50000Hz-600mV,50 kHz,SMILE_RIGHT,T003,1,80,L7->L8,L3->L4,31.622776601683796,False,4.472135954999579,3.9999999999999996,2.0,1.414213562373095,7.982175150000003
session-2-20261005-50000Hz-600mV,50 kHz,SMILE_RIGHT,T003,1,81,L7->L8,L4->L5,100.56838469419701,True,1.9886965531777143,-1.8785841407949377,0.6525608068024521,1.9999999999999998,8.0802452
session-2-20261005-50000Hz-600mV,50 kHz,SMILE_RIGHT,T003,1,82,L7->L8,L5->L6,221.6528817768901,True,7.288646234550295,-7.284754732342763,0.23814370038672922,16.155494421403517,8.178796300000002
session-2-20261005-50000Hz-600mV,50 kHz,SMILE_RIGHT,T003,1,83,L7->L8,R8->R7,147.73286702694156,True,17.870605300087732,17.86941580756014,0.20618556701030968,26.400757564888178,8.277344900000003
session-2-20261005-50000Hz-600mV,50 kHz,SMILE_RIGHT,T003,1,84,L7->L8,R7->R6,75.15317691222374,True,4.79760327321245,-4.745042492917847,-0.708215297450425,3.605551275463989,8.376242649999995
session-2-20261005-50000Hz-600mV,50 kHz,SMILE_RIGHT,T003,1,85,L7->L8,R6->R5,28.0178514522438,False,3.5691530512412486,2.9299363057324843,-2.038216560509554,1.0,8.481816449999997
session-2-20261005-50000Hz-600mV,50 kHz,SMILE_RIGHT,T003,1,86,L7->L8,R5->R4,17.88854381999832,False,16.770509831248425,-15.000000000000002,7.500000000000001,3.000000000000001,8.5873876
session-2-20261005-50000Hz-600mV,50 kHz,SMILE_RIGHT,T003,1,87,L7->L8,R4->R3,13.0,False,23.076923076923077,-8.875739644970416,21.301775147928996,3.0,8.685818400000002
session-2-20261005-50000Hz-600mV,50 kHz,SMILE_RIGHT,T003,1,88,L7->L8,R3->R2,2.23606797749979,False,0.0,0.0,0.0,0.0,8.784756700000003
session-2-20261005-50000Hz-600mV,50 kHz,SMILE_RIGHT,T003,1,89,L7->L8,R2->R1,56.32051136131489,True,10.800261544635605,-10.403530895334173,-2.9003783102143754,6.082762530298219,8.884200800000002
session-2-20261005-50000Hz-600mV,50 kHz,SMILE_RIGHT,T003,1,90,L7->L8,R1->L1,74.027022093287,True,4.870588027869559,-3.9781021897810223,2.81021897810219,3.60555127546399,8.982803100000012
session-2-20261005-50000Hz-600mV,50 kHz,SMILE_RIGHT,T003,1,91,L8->R8,L1->L2,8.54400374531753,False,26.171196129510683,2.73972602739726,-26.027397260273972,2.2360679774997894,9.08083225
session-2-20261005-50000Hz-600mV,50 kHz,SMILE_RIGHT,T003,1,92,L8->R8,L2->L3,26.305892875931807,False,5.376033305704704,4.3352601156069355,3.1791907514450863,1.4142135623730947,9.179245699999996
session-2-20261005-50000Hz-600mV,50 kHz,SMILE_RIGHT,T003,1,93,L8->R8,L3->L4,31.016124838541646,False,7.209372509105906,7.172557172557173,0.7276507276507278,2.2360679774997902,9.278226950000004
session-2-20261005-50000Hz-600mV,50 kHz,SMILE_RIGHT,T003,1,94,L8->R8,L4->L5,74.63243262818116,True,4.237135986070358,4.236983842010772,0.03590664272890479,3.1622776601683795,9.378205000000008
session-2-20261005-50000Hz-600mV,50 kHz,SMILE_RIGHT,T003,1,95,L8->R8,L5->L6,65.14598989960933,True,3.0700277992275837,2.9217719132893496,-0.9425070688030159,2.0000000000000004,9.476665800000006
session-2-20261005-50000Hz-600mV,50 kHz,SMILE_RIGHT,T003,1,96,L8->R8,L6->L7,358.3978236541065,True,3.7225851228947526,3.675388675661158,-0.5908959976333019,13.34166406412634,9.572210000000013
session-2-20261005-50000Hz-600mV,50 kHz,SMILE_RIGHT,T003,1,97,L8->R8,R7->R6,382.602927328059,True,2.155292252681771,2.119069576800902,-0.3934829388256994,8.246211251235321,9.66830945000001
session-2-20261005-50000Hz-600mV,50 kHz,SMILE_RIGHT,T003,1,98,L8->R8,R6->R5,87.32124598286491,True,14.165300480572874,13.652459016393442,-3.777049180327868,12.369316876852984,9.766845599999996
session-2-20261005-50000Hz-600mV,50 kHz,SMILE_RIGHT,T003,1,99,L8->R8,R5->R4,46.95742752749558,False,19.04761904761905,19.04761904761905,0.0,8.94427190999916,9.866352399999997
session-2-20261005-50000Hz-600mV,50 kHz,SMILE_RIGHT,T003,1,100,L8->R8,R4->R3,22.80350850198276,False,4.3852900965351465,2.6923076923076925,-3.4615384615384617,1.0,9.964777099999992
session-2-20261005-50000Hz-600mV,50 kHz,SMILE_RIGHT,T003,1,101,L8->R8,R3->R2,8.602325267042627,False,25.993762245501824,25.67567567567568,-4.054054054054054,2.2360679774997902,10.062804749999998
session-2-20261005-50000Hz-600mV,50 kHz,SMILE_RIGHT,T003,1,102,L8->R8,R2->R1,47.801673610868484,False,15.229822178496422,-12.954048140043763,-8.00875273522976,7.28010988928052,10.162316250000003
session-2-20261005-50000Hz-600mV,50 kHz,SMILE_RIGHT,T003,1,103,L8->R8,R1->L1,88.36288813749809,True,3.2009219983223987,2.4590163934426226,2.0491803278688523,2.8284271247461894,10.261854999999997
session-2-20261005-50000Hz-600mV,50 kHz,SMILE_RIGHT,T003,1,104,R8->R7,L1->L2,10.816653826391969,False,62.01736729460423,-53.846153846153854,30.76923076923077,6.70820393249937,10.360229849999996
session-2-20261005-50000Hz-600mV,50 kHz,SMILE_RIGHT,T003,1,105,R8->R7,L2->L3,16.0,False,8.838834764831844,6.25,6.25,1.4142135623730951,10.458746349999998
session-2-20261005-50000Hz-600mV,50 kHz,SMILE_RIGHT,T003,1,106,R8->R7,L3->L4,17.720045146669353,False,17.84576525620624,-17.8343949044586,-0.6369426751592355,3.162277660168379,10.5578371
session-2-20261005-50000Hz-600mV,50 kHz,SMILE_RIGHT,T003,1,107,R8->R7,L4->L5,37.85498646149539,False,5.906931124580456,-5.722260990928123,-1.465457083042568,2.2360679774997894,10.658388250000002
session-2-20261005-50000Hz-600mV,50 kHz,SMILE_RIGHT,T003,1,108,R8->R7,L5->L6,19.1049731745428,False,16.55211777204736,16.164383561643834,3.5616438356164384,3.162277660168379,10.759425899999997
session-2-20261005-50000Hz-600mV,50 kHz,SMILE_RIGHT,T003,1,109,R8->R7,L6->L7,66.18912297349165,True,16.272053670483686,16.206345583200182,-1.4608536863729737,10.770329614269007,10.859825849999993
session-2-20261005-50000Hz-600mV,50 kHz,SMILE_RIGHT,T003,1,110,R8->R7,L7->L8,149.9399879951976,True,16.47204218213489,16.466506538564182,0.42700827328529445,24.698178070456937,10.958780399999995
session-2-20261005-50000Hz-600mV,50 kHz,SMILE_RIGHT,T003,1,111,R8->R7,R6->R5,209.50656314301943,True,0.9546240318183741,0.46476659148383576,0.8338459435445289,1.9999999999999998,11.057268550000003
session-2-20261005-50000Hz-600mV,50 kHz,SMILE_RIGHT,T003,1,112,R8->R7,R5->R4,60.82762530298219,True,18.38036555234519,18.378378378378375,-0.27027027027026984,11.180339887498945,11.1552394
session-2-20261005-50000Hz-600mV,50 kHz,SMILE_RIGHT,T003,1,113,R8->R7,R4->R3,24.08318915758459,False,24.211709905575116,23.103448275862068,-7.241379310344828,5.830951894845301,11.252302799999995
session-2-20261005-50000Hz-600mV,50 kHz,SMILE_RIGHT,T003,1,114,R8->R7,R3->R2,10.295630140987,False,13.736056394868903,13.20754716981132,3.7735849056603774,1.4142135623730951,11.350748799999991
session-2-20261005-50000Hz-600mV,50 kHz,SMILE_RIGHT,T003,1,115,R8->R7,R2->R1,36.6742416417845,False,12.194215216993848,7.434944237918216,9.66542750929368,4.4721359549995805,11.449744549999991
session-2-20261005-50000Hz-600mV,50 kHz,SMILE_RIGHT,T003,1,116,R8->R7,R1->L1,74.00675644831357,True,4.871921765659481,4.0898301990140595,2.6474347270403507,3.60555127546399,11.548318499999993
session-2-20261005-50000Hz-600mV,50 kHz,SMILE_RIGHT,T003,1,117,R7->R6,L1->L2,25.455844122715714,False,0.0,0.0,0.0,0.0,11.647820300000006
session-2-20261005-50000Hz-600mV,50 kHz,SMILE_RIGHT,T003,1,118,R7->R6,L2->L3,20.024984394500787,False,15.791661046371633,-15.211970074812967,-4.239401496259351,3.162277660168379,11.746826749999997
session-2-20261005-50000Hz-600mV,50 kHz,SMILE_RIGHT,T003,1,119,R7->R6,L3->L4,26.400757564888174,False,8.46971141643928,-8.464849354375897,-0.28694404591104744,2.2360679774997902,11.845264
session-2-20261005-50000Hz-600mV,50 kHz,SMILE_RIGHT,T003,1,120,R7->R6,L4->L5,46.84015371452148,False,10.886000811760738,-10.847766636280767,0.9115770282588876,5.099019513592785,11.943752849999996
session-2-20261005-50000Hz-600mV,50 kHz,SMILE_RIGHT,T003,1,121,R7->R6,L5->L6,11.045361017187261,False,28.629916715693405,-26.22950819672131,-11.475409836065573,3.1622776601683786,12.041821749999997
session-2-20261005-50000Hz-600mV,50 kHz,SMILE_RIGHT,T003,1,122,R7->R6,L6->L7,58.9406481131655,True,9.136589059548578,-9.067357512953368,-1.122625215889465,5.385164807134505,12.139264650000001
session-2-20261005-50000Hz-600mV,50 kHz,SMILE_RIGHT,T003,1,123,R7->R6,L7->L8,80.95677859203637,True,3.90613079616714,-3.9060115959719255,-0.03051571559353068,3.162277660168379,12.237686699999998
session-2-20261005-50000Hz-600mV,50 kHz,SMILE_RIGHT,T003,1,124,R7->R6,L8->R8,391.86222068477076,True,1.3742495507028072,1.3740915366380995,0.02083930292531717,5.385164807134505,12.337253349999997
session-2-20261005-50000Hz-600mV,50 kHz,SMILE_RIGHT,T003,1,125,R7->R6,R5->R4,106.06601717798212,True,31.012542265634686,-30.61333333333333,4.959999999999998,32.89376840679705,12.435800700000001
session-2-20261005-50000Hz-600mV,50 kHz,SMILE_RIGHT,T003,1,126,R7->R6,R4->R3,15.264337522473749,False,89.10619598597017,-66.95278969957081,58.798283261802574,13.601470508735442,12.533679799999987
session-2-20261005-50000Hz-600mV,50 kHz,SMILE_RIGHT,T003,1,127,R7->R6,R3->R2,22.825424421026653,False,27.708379934922977,-27.255278310940493,4.990403071017275,6.324555320336758,12.632253550000001
session-2-20261005-50000Hz-600mV,50 kHz,SMILE_RIGHT,T003,1,128,R7->R6,R2->R1,28.442925306655788,False,7.031625539346301,-6.9221260815822,1.2360939431396787,2.0000000000000004,12.731320350000004
session-2-20261005-50000Hz-600mV,50 kHz,SMILE_RIGHT,T003,1,129,R7->R6,R1->L1,79.40403012442125,True,14.080317925903806,-14.036478984932591,-1.1102299762093577,11.180339887498945,12.830837650000007
session-2-20261005-50000Hz-600mV,50 kHz,SMILE_RIGHT,T003,1,130,R6->R5,L1->L2,10.295630140987,False,43.43722427630693,1.8867924528301894,43.39622641509433,4.472135954999579,12.929240149999998
session-2-20261005-50000Hz-600mV,50 kHz,SMILE_RIGHT,T003,1,131,R6->R5,L2->L3,26.076809620810597,False,0.0,0.0,0.0,0.0,13.025643650000006
session-2-20261005-50000Hz-600mV,50 kHz,SMILE_RIGHT,T003,1,132,R6->R5,L3->L4,5.8309518948453,False,38.34824944236853,38.235294117647065,-2.941176470588235,2.23606797749979,13.122842999999989
session-2-20261005-50000Hz-600mV,50 kHz,SMILE_RIGHT,T003,1,133,R6->R5,L4->L5,19.4164878389476,False,18.569533817705185,-17.24137931034483,-6.896551724137931,3.605551275463989,13.220830400000011
session-2-20261005-50000Hz-600mV,50 kHz,SMILE_RIGHT,T003,1,134,R6->R5,L5->L6,43.46262762420146,False,2.3008272961461866,0.8999470619375332,-2.1175224986765486,1.0,13.318758349999996
session-2-20261005-50000Hz-600mV,50 kHz,SMILE_RIGHT,T003,1,135,R6->R5,L6->L7,26.248809496813376,False,5.387724584403653,-4.78955007256894,-2.4673439767779386,1.414213562373095,13.416809450000002
session-2-20261005-50000Hz-600mV,50 kHz,SMILE_RIGHT,T003,1,136,R6->R5,L7->L8,25.298221281347036,False,0.0,0.0,0.0,0.0,13.514219999999995
session-2-20261005-50000Hz-600mV,50 kHz,SMILE_RIGHT,T003,1,137,R6->R5,L8->R8,84.30895563343198,True,13.523775932612923,13.421496904895891,-1.6601012943162634,11.401754250991381,13.611248349999997
session-2-20261005-50000Hz-600mV,50 kHz,SMILE_RIGHT,T003,1,138,R6->R5,R8->R7,202.2325394193526,True,2.0387943688270282,1.2103281334050564,1.64066702528241,4.1231056256176615,13.709328800000009
session-2-20261005-50000Hz-600mV,50 kHz,SMILE_RIGHT,T003,1,139,R6->R5,R4->R3,394.62007044751283,True,1.2670414848210398,1.2265211109327339,0.31786803660298607,5.0,13.8077337
session-2-20261005-50000Hz-600mV,50 kHz,SMILE_RIGHT,T003,1,140,R6->R5,R3->R2,213.55093069335942,True,1.6883800336329353,-1.653363740022805,-0.3420752565564424,3.6055512754639882,13.905745050000007
session-2-20261005-50000Hz-600mV,50 kHz,SMILE_RIGHT,T003,1,141,R6->R5,R2->R1,145.6605643267937,True,4.175984459768648,2.969317057076872,-2.9363246453315734,6.0827625302982185,14.004298149999997
session-2-20261005-50000Hz-600mV,50 kHz,SMILE_RIGHT,T003,1,142,R6->R5,R1->L1,107.67079455451234,True,3.348680847375511,-2.5618907961701023,2.156473734149918,3.6055512754639896,14.105933249999993
session-2-20261005-50000Hz-600mV,50 kHz,SMILE_RIGHT,T003,1,143,R5->R4,L1->L2,69.83552104767314,True,1.4319360477275611,1.2507689153167931,-0.6971498872257536,0.9999999999999999,14.207152500000007
session-2-20261005-50000Hz-600mV,50 kHz,SMILE_RIGHT,T003,1,144,R5->R4,L2->L3,14.0356688476182,False,0.0,0.0,0.0,0.0,14.306693300000006
session-2-20261005-50000Hz-600mV,50 kHz,SMILE_RIGHT,T003,1,145,R5->R4,L3->L4,62.6418390534633,True,3.5696078073176603,-3.516819571865443,-0.6116207951070336,2.236067977499789,14.407358450000004
session-2-20261005-50000Hz-600mV,50 kHz,SMILE_RIGHT,T003,1,146,R5->R4,L4->L5,73.97972695272672,True,3.0225415388848953,-2.941713868079664,-0.694317558925635,2.23606797749979,14.507842199999999
session-2-20261005-50000Hz-600mV,50 kHz,SMILE_RIGHT,T003,1,147,R5->R4,L5->L6,13.453624047073712,False,7.432941462471663,-5.524861878453039,-4.972375690607735,1.0000000000000002,14.607407350000003
session-2-20261005-50000Hz-600mV,50 kHz,SMILE_RIGHT,T003,1,148,R5->R4,L6->L7,28.861739379323623,False,0.0,0.0,0.0,0.0,14.705972450000004
session-2-20261005-50000Hz-600mV,50 kHz,SMILE_RIGHT,T003,1,149,R5->R4,L7->L8,26.019223662515373,False,7.686624420240879,-7.680945347119645,-0.29542097488921715,1.9999999999999998,14.804925749999995
session-2-20261005-50000Hz-600mV,50 kHz,SMILE_RIGHT,T003,1,150,R5->R4,L8->R8,52.17278984298233,True,15.805578494178427,15.797207935341659,0.514327700220426,8.246211251235323,14.903715500000004
session-2-20261005-50000Hz-600mV,50 kHz,SMILE_RIGHT,T003,1,151,R5->R4,R8->R7,66.49060083951716,True,16.814917817458145,16.2859081655734,4.1845736258764985,11.180339887498945,15.002260799999988
session-2-20261005-50000Hz-600mV,50 kHz,SMILE_RIGHT,T003,1,152,R5->R4,R7->R6,101.5332457867865,True,28.030719121577864,-28.024056649529538,-0.6111165001455037,28.46049894151541,15.101824399999998
session-2-20261005-50000Hz-600mV,50 kHz,SMILE_RIGHT,T003,1,153,R5->R4,R3->R2,292.5149568825499,True,1.0810652876933375,-1.0810494945363176,-0.005843510781277373,3.16227766016838,15.199812050000006
session-2-20261005-50000Hz-600mV,50 kHz,SMILE_RIGHT,T003,1,154,R5->R4,R2->R1,67.68308503607086,True,37.66834439413722,-34.3811394891945,-15.389652914210872,25.495097567963928,15.298306499999995
session-2-20261005-50000Hz-600mV,50 kHz,SMILE_RIGHT,T003,1,155,R5->R4,R1->L1,31.304951684997057,False,22.360679774997898,-20.0,-10.0,7.0,15.397819349999992
session-2-20261005-50000Hz-600mV,50 kHz,SMILE_RIGHT,T003,1,156,R4->R3,L1->L2,44.181444068749045,False,2.2633936510629633,-2.254098360655737,0.20491803278688522,1.0,15.4957517
session-2-20261005-50000Hz-600mV,50 kHz,SMILE_RIGHT,T003,1,157,R4->R3,L2->L3,11.40175425099138,False,8.770580193070291,8.461538461538462,2.307692307692308,0.9999999999999999,15.5936916
session-2-20261005-50000Hz-600mV,50 kHz,SMILE_RIGHT,T003,1,158,R4->R3,L3->L4,47.51841748206689,False,8.67685803546318,-8.635961027457927,-0.8414526129317982,4.123105625617661,15.693214499999996
session-2-20261005-50000Hz-600mV,50 kHz,SMILE_RIGHT,T003,1,159,R4->R3,L4->L5,25.0,False,17.88854381999832,-17.599999999999998,3.2,4.47213595499958,15.7931952
session-2-20261005-50000Hz-600mV,50 kHz,SMILE_RIGHT,T003,1,160,R4->R3,L5->L6,3.6055512754639896,False,27.735009811261456,-23.076923076923077,15.384615384615385,1.0000000000000002,15.893177250000008
session-2-20261005-50000Hz-600mV,50 kHz,SMILE_RIGHT,T003,1,161,R4->R3,L6->L7,5.8309518948453,False,34.29971702850176,-29.411764705882355,17.647058823529413,1.9999999999999996,15.99319754999999
session-2-20261005-50000Hz-600mV,50 kHz,SMILE_RIGHT,T003,1,162,R4->R3,L7->L8,12.041594578792296,False,24.913643956121987,-18.620689655172413,16.551724137931036,3.0,16.09982654999999
session-2-20261005-50000Hz-600mV,50 kHz,SMILE_RIGHT,T003,1,163,R4->R3,L8->R8,21.470910553583888,False,4.657464328326222,4.1214750542299345,-2.1691973969631233,0.9999999999999999,16.206927199999996
session-2-20261005-50000Hz-600mV,50 kHz,SMILE_RIGHT,T003,1,164,R4->R3,R8->R7,20.591260281974,False,24.763027827182427,23.584905660377355,-7.547169811320755,5.0990195135927845,16.307433849999995
session-2-20261005-50000Hz-600mV,50 kHz,SMILE_RIGHT,T003,1,165,R4->R3,R7->R6,21.470910553583888,False,62.13832445918026,-60.08676789587852,15.835140997830798,13.341664064126332,16.4088821
session-2-20261005-50000Hz-600mV,50 kHz,SMILE_RIGHT,T003,1,166,R4->R3,R6->R5,376.3641853311763,True,1.328500477695645,1.2530885986586657,0.44122837980938934,5.0,16.509397199999995
session-2-20261005-50000Hz-600mV,50 kHz,SMILE_RIGHT,T003,1,167,R4->R3,R2->R1,562.8943062422999,True,3.2757639773759966,-3.2564304876124357,0.3553732049865867,18.439088914585785,16.609399499999995
session-2-20261005-50000Hz-600mV,50 kHz,SMILE_RIGHT,T003,1,168,R4->R3,R1->L1,123.79418403139945,True,4.0389619586100975,-3.9804241435562813,0.6851549755301796,5.0,16.709397849999988
session-2-20261005-50000Hz-600mV,50 kHz,SMILE_RIGHT,T003,1,169,R3->R2,L1->L2,30.80584360149873,False,3.2461373658059776,2.634351949420443,-1.8967334035827188,1.0000000000000002,16.80936815000001
session-2-20261005-50000Hz-600mV,50 kHz,SMILE_RIGHT,T003,1,170,R3->R2,L2->L3,25.01999200639361,False,0.0,0.0,0.0,0.0,16.90790720000001
session-2-20261005-50000Hz-600mV,50 kHz,SMILE_RIGHT,T003,1,171,R3->R2,L3->L4,16.1245154965971,False,6.201736729460423,-5.384615384615385,-3.076923076923077,0.9999999999999999,17.0059737
session-2-20261005-50000Hz-600mV,50 kHz,SMILE_RIGHT,T003,1,172,R3->R2,L4->L5,8.485281374238571,False,0.0,0.0,0.0,0.0,17.105925799999994
session-2-20261005-50000Hz-600mV,50 kHz,SMILE_RIGHT,T003,1,173,R3->R2,L5->L6,10.770329614269007,False,9.284766908852593,3.448275862068966,-8.620689655172415,0.9999999999999999,17.20575794999999
session-2-20261005-50000Hz-600mV,50 kHz,SMILE_RIGHT,T003,1,174,R3->R2,L6->L7,13.341664064126334,False,7.495316889958616,-1.6853932584269662,-7.303370786516854,1.0000000000000002,17.30417575
session-2-20261005-50000Hz-600mV,50 kHz,SMILE_RIGHT,T003,1,175,R3->R2,L7->L8,10.295630140987,False,0.0,0.0,0.0,0.0,17.400682899999993
session-2-20261005-50000Hz-600mV,50 kHz,SMILE_RIGHT,T003,1,176,R3->R2,L8->R8,15.03329637837291,False,14.87410293271824,12.831858407079647,7.52212389380531,2.23606797749979,17.497195500000004
session-2-20261005-50000Hz-600mV,50 kHz,SMILE_RIGHT,T003,1,177,R3->R2,R8->R7,19.026297590440446,False,7.432941462471663,4.972375690607735,5.524861878453039,1.414213562373095,17.5942718
session-2-20261005-50000Hz-600mV,50 kHz,SMILE_RIGHT,T003,1,178,R3->R2,R7->R6,25.01999200639361,False,25.27800695827793,-23.642172523961662,-8.945686900958467,6.324555320336759,17.692377899999997
session-2-20261005-50000Hz-600mV,50 kHz,SMILE_RIGHT,T003,1,179,R3->R2,R6->R5,233.85465571589546,True,1.2094807845871496,-1.023990637799883,-0.6436512580456407,2.8284271247461903,17.791845999999993
session-2-20261005-50000Hz-600mV,50 kHz,SMILE_RIGHT,T003,1,180,R3->R2,R5->R4,319.513692977312,True,0.44261438350109,-0.38495822272722824,-0.21843685411748576,1.4142135623730951,17.891327250000003
session-2-20261005-50000Hz-600mV,50 kHz,SMILE_RIGHT,T003,1,181,R3->R2,R1->L1,74.16872656315464,True,9.437940118925331,-9.416469732775859,0.6362479549172878,7.0,17.991352949999992
session-2-20261005-50000Hz-600mV,50 kHz,SMILE_RIGHT,T003,1,182,R2->R1,L1->L2,381.6346420334506,True,1.1117021936251306,0.8301005870438395,0.7394692574410382,4.242640687119285,18.09131275
session-2-20261005-50000Hz-600mV,50 kHz,SMILE_RIGHT,T003,1,183,R2->R1,L2->L3,20.808652046684813,False,0.0,0.0,0.0,0.0,18.190855650000003
session-2-20261005-50000Hz-600mV,50 kHz,SMILE_RIGHT,T003,1,184,R2->R1,L3->L4,22.0,False,4.545454545454546,-4.545454545454546,0.0,1.0,18.289361999999997
session-2-20261005-50000Hz-600mV,50 kHz,SMILE_RIGHT,T003,1,185,R2->R1,L4->L5,20.615528128088304,False,0.0,0.0,0.0,0.0,18.387625799999995
session-2-20261005-50000Hz-600mV,50 kHz,SMILE_RIGHT,T003,1,186,R2->R1,L5->L6,21.2602916254693,False,0.0,0.0,0.0,0.0,18.486601399999998
session-2-20261005-50000Hz-600mV,50 kHz,SMILE_RIGHT,T003,1,187,R2->R1,L6->L7,7.615773105863909,False,0.0,0.0,0.0,0.0,18.584752100000003
session-2-20261005-50000Hz-600mV,50 kHz,SMILE_RIGHT,T003,1,188,R2->R1,L7->L8,14.317821063276352,False,15.61737618886061,-3.902439024390244,15.121951219512198,2.23606797749979,18.6827612
session-2-20261005-50000Hz-600mV,50 kHz,SMILE_RIGHT,T003,1,189,R2->R1,L8->R8,14.422205101855958,False,15.504341823651055,7.692307692307694,13.461538461538462,2.2360679774997894,18.780322799999993
session-2-20261005-50000Hz-600mV,50 kHz,SMILE_RIGHT,T003,1,190,R2->R1,R8->R7,23.40939982143925,False,17.61303432410752,-17.518248175182478,-1.8248175182481754,4.12310562561766,18.87859524999999
session-2-20261005-50000Hz-600mV,50 kHz,SMILE_RIGHT,T003,1,191,R2->R1,R7->R6,37.64306044943742,False,2.6565321418092744,-2.540578687367678,-0.776287932251235,0.9999999999999998,18.977136849999994
session-2-20261005-50000Hz-600mV,50 kHz,SMILE_RIGHT,T003,1,192,R2->R1,R6->R5,153.46986674914396,True,2.6865896953941664,2.5474461851993375,-0.8533944720417781,4.12310562561766,19.075333400000005
session-2-20261005-50000Hz-600mV,50 kHz,SMILE_RIGHT,T003,1,193,R2->R1,R5->R4,8.602325267042627,False,187.44368523675357,-164.86486486486487,89.1891891891892,16.124515496597102,19.174196749999993
session-2-20261005-50000Hz-600mV,50 kHz,SMILE_RIGHT,T003,1,194,R2->R1,R4->R3,502.7255712612996,True,2.076740692285978,-1.954236288889856,0.7027178880478607,10.440306508910549,19.271756600000003
session-2-20261005-50000Hz-600mV,50 kHz,SMILE_RIGHT,T003,1,195,R1->L1,L2->L3,27.313000567495326,False,3.6612601296910627,-3.351206434316354,1.4745308310991958,1.0000000000000002,19.3678472
session-2-20261005-50000Hz-600mV,50 kHz,SMILE_RIGHT,T003,1,196,R1->L1,L3->L4,34.785054261852174,False,0.0,0.0,0.0,0.0,19.464766499999996
session-2-20261005-50000Hz-600mV,50 kHz,SMILE_RIGHT,T003,1,197,R1->L1,L4->L5,31.38470965295043,False,3.186264939385831,1.6243654822335025,2.7411167512690358,1.0,19.562265300000007
session-2-20261005-50000Hz-600mV,50 kHz,SMILE_RIGHT,T003,1,198,R1->L1,L5->L6,11.180339887498949,False,12.64911064067352,7.200000000000001,-10.4,1.4142135623730954,19.660845699999996
session-2-20261005-50000Hz-600mV,50 kHz,SMILE_RIGHT,T003,1,199,R1->L1,L6->L7,12.0,False,0.0,0.0,0.0,0.0,19.759348799999998
session-2-20261005-50000Hz-600mV,50 kHz,SMILE_RIGHT,T003,1,200,R1->L1,L7->L8,12.36931687685298,False,8.084520834544433,7.8431372549019605,1.9607843137254901,1.0,19.858393199999995
session-2-20261005-50000Hz-600mV,50 kHz,SMILE_RIGHT,T003,1,201,R1->L1,L8->R8,21.023796041628636,False,19.6116135138184,19.23076923076923,3.8461538461538463,4.12310562561766,19.9578676
session-2-20261005-50000Hz-600mV,50 kHz,SMILE_RIGHT,T003,1,202,R1->L1,R8->R7,15.03329637837291,False,19.955703157132184,19.911504424778766,1.3274336283185841,3.0000000000000013,20.056338049999994
session-2-20261005-50000Hz-600mV,50 kHz,SMILE_RIGHT,T003,1,203,R1->L1,R7->R6,5.0,False,82.46211251235322,-52.0,-64.0,4.123105625617661,20.154322899999997
session-2-20261005-50000Hz-600mV,50 kHz,SMILE_RIGHT,T003,1,204,R1->L1,R6->R5,35.0,False,5.714285714285714,5.714285714285714,0.0,2.0,20.25433290000001
session-2-20261005-50000Hz-600mV,50 kHz,SMILE_RIGHT,T003,1,205,R1->L1,R5->R4,51.47815070493499,True,5.8277151741435835,5.7735849056603765,-0.7924528301886792,2.9999999999999987,20.35584265
session-2-20261005-50000Hz-600mV,50 kHz,SMILE_RIGHT,T003,1,206,R1->L1,R4->R3,53.23532661682465,True,1.8784518919133613,1.8701482004234298,0.17642907551164436,0.9999999999999999,20.454859299999995
session-2-20261005-50000Hz-600mV,50 kHz,SMILE_RIGHT,T003,1,207,R1->L1,R3->R2,5.8309518948453,False,38.34824944236853,38.235294117647065,-2.941176470588235,2.23606797749979,20.5523039
session-2-20261005-50000Hz-600mV,50 kHz,SMILE_BOTH,T004,1,0,L1->L2,L3->L4,343.42393626536864,True,5.159816563565567,5.15685942004409,-0.17466508394098684,17.720045146669346,0.04831025000000011
session-2-20261005-50000Hz-600mV,50 kHz,SMILE_BOTH,T004,1,1,L1->L2,L4->L5,106.7379969832674,True,4.777136219252946,4.766084437812691,-0.32476081804616863,5.099019513592784,0.14725144999999884
session-2-20261005-50000Hz-600mV,50 kHz,SMILE_BOTH,T004,1,2,L1->L2,L5->L6,96.84007434941385,True,1.032630351347983,0.28790786948176583,0.9916826615483045,1.0000000000000002,0.24772439999999563
session-2-20261005-50000Hz-600mV,50 kHz,SMILE_BOTH,T004,1,3,L1->L2,L6->L7,56.46237685397242,True,9.03082689342017,-8.845671267252197,1.819322459222083,5.099019513592786,0.3471963999999872
session-2-20261005-50000Hz-600mV,50 kHz,SMILE_BOTH,T004,1,4,L1->L2,L7->L8,21.095023109728984,False,43.70483222197018,-41.57303370786518,-13.483146067415733,9.219544457292889,0.4457550499999883
session-2-20261005-50000Hz-600mV,50 kHz,SMILE_BOTH,T004,1,5,L1->L2,L8->R8,7.211102550927979,False,41.60251471689219,34.61538461538461,23.076923076923077,3.0000000000000004,0.5437661499999962
session-2-20261005-50000Hz-600mV,50 kHz,SMILE_BOTH,T004,1,6,L1->L2,R8->R7,4.0,False,213.60009363293827,-75.0,200.0,8.54400374531753,0.6433803999999981
session-2-20261005-50000Hz-600mV,50 kHz,SMILE_BOTH,T004,1,7,L1->L2,R7->R6,25.0,False,8.0,-6.4,4.8,2.0,0.7433307999999954
session-2-20261005-50000Hz-600mV,50 kHz,SMILE_BOTH,T004,1,8,L1->L2,R6->R5,11.40175425099138,False,26.311740579210873,25.384615384615383,6.923076923076923,2.9999999999999996,0.8483540999999946
session-2-20261005-50000Hz-600mV,50 kHz,SMILE_BOTH,T004,1,9,L1->L2,R5->R4,72.11102550927978,True,3.1008683647302115,3.0769230769230775,0.3846153846153846,2.23606797749979,0.9523618999999997
session-2-20261005-50000Hz-600mV,50 kHz,SMILE_BOTH,T004,1,10,L1->L2,R4->R3,52.15361924162119,True,0.0,0.0,0.0,0.0,1.0508204000000063
session-2-20261005-50000Hz-600mV,50 kHz,SMILE_BOTH,T004,1,11,L1->L2,R3->R2,29.410882339705488,False,3.4001020045902295,1.0404624277456647,3.236994219653179,1.0,1.150318850000005
session-2-20261005-50000Hz-600mV,50 kHz,SMILE_BOTH,T004,1,12,L1->L2,R2->R1,435.2470562795342,True,0.9473023576222941,0.8108108108108109,-0.4898648648648649,4.123105625617661,1.2497723000000036
session-2-20261005-50000Hz-600mV,50 kHz,SMILE_BOTH,T004,1,13,L2->L3,L4->L5,290.73871431235295,True,4.0258484111423725,-4.025837286611695,0.009464207550071487,11.704699910719624,1.348196950000002
session-2-20261005-50000Hz-600mV,50 kHz,SMILE_BOTH,T004,1,14,L2->L3,L5->L6,193.2174940319846,True,5.403396085440532,-5.400048214716203,0.19018026946669161,10.440306508910547,1.4447066000000035
session-2-20261005-50000Hz-600mV,50 kHz,SMILE_BOTH,T004,1,15,L2->L3,L6->L7,51.07837115648854,True,16.727243942727362,-16.71138367190494,0.7282483710233806,8.544003745317529,1.5417561000000006
session-2-20261005-50000Hz-600mV,50 kHz,SMILE_BOTH,T004,1,16,L2->L3,L7->L8,22.02271554554524,False,4.540766091864998,0.2061855670103093,4.536082474226804,0.9999999999999999,1.6402927999999974
session-2-20261005-50000Hz-600mV,50 kHz,SMILE_BOTH,T004,1,17,L2->L3,L8->R8,18.248287590894655,False,27.399831217559544,27.027027027027028,-4.504504504504505,4.999999999999998,1.7387495499999943
session-2-20261005-50000Hz-600mV,50 kHz,SMILE_BOTH,T004,1,18,L2->L3,R8->R7,11.0,False,12.856486930664502,-9.090909090909092,9.090909090909092,1.4142135623730951,1.8356507999999963
session-2-20261005-50000Hz-600mV,50 kHz,SMILE_BOTH,T004,1,19,L2->L3,R7->R6,7.211102550927979,False,31.00868364730211,-15.384615384615389,-26.923076923076923,2.2360679774997894,1.9326911499999966
session-2-20261005-50000Hz-600mV,50 kHz,SMILE_BOTH,T004,1,20,L2->L3,R6->R5,21.095023109728984,False,6.70401523153991,-5.168539325842698,-4.269662921348314,1.4142135623730951,2.0302694999999886
session-2-20261005-50000Hz-600mV,50 kHz,SMILE_BOTH,T004,1,21,L2->L3,R5->R4,4.0,False,25.0,25.0,0.0,1.0,2.127713049999997
session-2-20261005-50000Hz-600mV,50 kHz,SMILE_BOTH,T004,1,22,L2->L3,R4->R3,15.0,False,6.666666666666667,4.0,-5.333333333333334,1.0,2.2257181499999916
session-2-20261005-50000Hz-600mV,50 kHz,SMILE_BOTH,T004,1,23,L2->L3,R3->R2,10.04987562112089,False,9.950371902099892,-9.900990099009901,0.9900990099009903,1.0,2.323725699999997
session-2-20261005-50000Hz-600mV,50 kHz,SMILE_BOTH,T004,1,24,L2->L3,R2->R1,59.304300012730955,True,6.952456440313007,-6.539664486778504,2.3599658800113734,4.123105625617661,2.4212524999999943
session-2-20261005-50000Hz-600mV,50 kHz,SMILE_BOTH,T004,1,25,L2->L3,R1->L1,28.844410203711917,False,18.66969984514192,-18.269230769230766,-3.846153846153846,5.385164807134504,2.5182459499999936
session-2-20261005-50000Hz-600mV,50 kHz,SMILE_BOTH,T004,1,26,L3->L4,L1->L2,370.7344062802911,True,6.5184378729927035,6.376415121795058,1.353278426122639,24.166091947189138,2.6157295000000005
session-2-20261005-50000Hz-600mV,50 kHz,SMILE_BOTH,T004,1,27,L3->L4,L5->L6,297.5987231155403,True,1.7133875643724226,-1.6970586574832045,0.23598486986958728,5.099019513592785,2.714228999999989
session-2-20261005-50000Hz-600mV,50 kHz,SMILE_BOTH,T004,1,28,L3->L4,L6->L7,29.120439557122076,False,21.718612138153464,-21.698113207547166,-0.9433962264150947,6.324555320336758,2.8122168499999844
session-2-20261005-50000Hz-600mV,50 kHz,SMILE_BOTH,T004,1,29,L3->L4,L7->L8,22.47220505424423,False,32.396063811751105,31.08910891089109,-9.108910891089108,7.280109889280517,2.9097677999999974
session-2-20261005-50000Hz-600mV,50 kHz,SMILE_BOTH,T004,1,30,L3->L4,L8->R8,21.470910553583888,False,16.79272644942464,16.70281995661605,1.735357917570499,3.6055512754639882,3.0072067499999946
session-2-20261005-50000Hz-600mV,50 kHz,SMILE_BOTH,T004,1,31,L3->L4,R8->R7,8.485281374238571,False,42.49182927993987,-41.666666666666664,8.333333333333332,3.60555127546399,3.1042811500000056
session-2-20261005-50000Hz-600mV,50 kHz,SMILE_BOTH,T004,1,32,L3->L4,R7->R6,25.80697580112788,False,11.624763874381927,-9.459459459459458,6.756756756756756,2.9999999999999996,3.2023777999999936
session-2-20261005-50000Hz-600mV,50 kHz,SMILE_BOTH,T004,1,33,L3->L4,R6->R5,16.0312195418814,False,18.71348584655416,18.67704280155642,-1.1673151750972763,3.0000000000000004,3.3012588499999964
session-2-20261005-50000Hz-600mV,50 kHz,SMILE_BOTH,T004,1,34,L3->L4,R5->R4,63.89053137985315,True,2.213494757094859,-1.9598236158745712,-1.0289073983341497,1.4142135623730951,3.400363849999991
session-2-20261005-50000Hz-600mV,50 kHz,SMILE_BOTH,T004,1,35,L3->L4,R4->R3,63.0,True,1.5873015873015872,-1.5873015873015872,0.0,1.0,3.500382249999987
session-2-20261005-50000Hz-600mV,50 kHz,SMILE_BOTH,T004,1,36,L3->L4,R3->R2,16.15549442140351,False,6.18984460590173,-5.74712643678161,-2.298850574712644,1.0,3.5987566999999956
session-2-20261005-50000Hz-600mV,50 kHz,SMILE_BOTH,T004,1,37,L3->L4,R2->R1,33.28663395418647,False,19.00028500641266,-18.4115523465704,-4.693140794223828,6.324555320336758,3.6961656999999946
session-2-20261005-50000Hz-600mV,50 kHz,SMILE_BOTH,T004,1,38,L3->L4,R1->L1,139.30183056945089,True,4.366606314814775,-4.1690286008760635,1.2986343725843856,6.082762530298221,3.7942194999999828
session-2-20261005-50000Hz-600mV,50 kHz,SMILE_BOTH,T004,1,39,L4->L5,L1->L2,87.66413177577247,True,8.066090051461263,8.054651919323357,-0.4294079375406635,7.071067811865475,3.8912650999999983
session-2-20261005-50000Hz-600mV,50 kHz,SMILE_BOTH,T004,1,40,L4->L5,L2->L3,286.0,True,4.092552416335534,-4.088219472834858,0.1882732651963422,11.704699910719626,3.9892770000000013
session-2-20261005-50000Hz-600mV,50 kHz,SMILE_BOTH,T004,1,41,L4->L5,L6->L7,214.7091055358389,True,8.958811510888905,-8.950108459869847,-0.39479392624728865,19.235384061671343,4.088246749999982
session-2-20261005-50000Hz-600mV,50 kHz,SMILE_BOTH,T004,1,42,L4->L5,L7->L8,75.96051605933178,True,14.178852610554202,14.10745233968804,1.4211438474870017,10.770329614269007,4.1867132
session-2-20261005-50000Hz-600mV,50 kHz,SMILE_BOTH,T004,1,43,L4->L5,L8->R8,53.450912059571074,True,28.618891523740093,28.456422821141057,-3.0451522576128807,15.297058540778357,4.285735599999995
session-2-20261005-50000Hz-600mV,50 kHz,SMILE_BOTH,T004,1,44,L4->L5,R8->R7,23.345235059857504,False,8.567058737562387,-8.440366972477065,1.4678899082568808,2.0,4.383745050000002
session-2-20261005-50000Hz-600mV,50 kHz,SMILE_BOTH,T004,1,45,L4->L5,R7->R6,22.360679774997898,False,22.803508501982762,-22.8,-0.3999999999999999,5.099019513592785,4.481278799999998
session-2-20261005-50000Hz-600mV,50 kHz,SMILE_BOTH,T004,1,46,L4->L5,R6->R5,7.280109889280519,False,38.851434494290565,-33.9622641509434,-18.867924528301888,2.8284271247461903,4.579785699999988
session-2-20261005-50000Hz-600mV,50 kHz,SMILE_BOTH,T004,1,47,L4->L5,R5->R4,45.60701700396552,False,2.192645048267573,-2.1153846153846154,0.576923076923077,0.9999999999999999,4.678211149999996
session-2-20261005-50000Hz-600mV,50 kHz,SMILE_BOTH,T004,1,48,L4->L5,R4->R3,36.06937759374287,False,5.544869730014276,-3.843197540353574,3.996925441967717,2.0,4.777143600000002
session-2-20261005-50000Hz-600mV,50 kHz,SMILE_BOTH,T004,1,49,L4->L5,R3->R2,16.1245154965971,False,0.0,0.0,0.0,0.0,4.876137499999999
session-2-20261005-50000Hz-600mV,50 kHz,SMILE_BOTH,T004,1,50,L4->L5,R2->R1,126.19429464123962,True,4.267359964603868,-3.868131868131868,1.802197802197802,5.385164807134503,4.975270949999995
session-2-20261005-50000Hz-600mV,50 kHz,SMILE_BOTH,T004,1,51,L4->L5,R1->L1,37.0,False,19.110994086122908,-8.692476260043827,-17.01972242512783,7.071067811865476,5.074404349999995
session-2-20261005-50000Hz-600mV,50 kHz,SMILE_BOTH,T004,1,52,L5->L6,L1->L2,105.94810050208545,True,3.403129700652838,3.2694877505567925,0.9443207126948775,3.6055512754639882,5.174408799999995
session-2-20261005-50000Hz-600mV,50 kHz,SMILE_BOTH,T004,1,53,L5->L6,L2->L3,211.1516043036377,True,4.23594788185328,-4.2166647975776606,-0.40372322529998883,8.94427190999916,5.27477334999999
session-2-20261005-50000Hz-600mV,50 kHz,SMILE_BOTH,T004,1,54,L5->L6,L3->L4,327.6171546180084,True,1.8566678956083775,-1.806527349463818,0.42857275954273144,6.08276253029822,5.3747326000000015
session-2-20261005-50000Hz-600mV,50 kHz,SMILE_BOTH,T004,1,55,L5->L6,L7->L8,211.29363454680785,True,4.7327502418368885,4.614178519431068,1.052749468025535,10.0,5.473756949999995
session-2-20261005-50000Hz-600mV,50 kHz,SMILE_BOTH,T004,1,56,L5->L6,L8->R8,62.39390995922599,True,24.411911710103652,24.402774210120732,0.6678653994348829,15.231546211727819,5.573247349999988
session-2-20261005-50000Hz-600mV,50 kHz,SMILE_BOTH,T004,1,57,L5->L6,R8->R7,19.6468827043885,False,29.678763713201423,28.497409326424872,8.290155440414509,5.8309518948453,5.67277374999999
session-2-20261005-50000Hz-600mV,50 kHz,SMILE_BOTH,T004,1,58,L5->L6,R7->R6,3.1622776601683795,False,31.622776601683793,-30.0,-10.0,1.0,5.77075275
session-2-20261005-50000Hz-600mV,50 kHz,SMILE_BOTH,T004,1,59,L5->L6,R6->R5,42.720018726587654,False,2.340822943922611,2.246575342465753,0.6575342465753424,0.9999999999999998,5.869165299999992
session-2-20261005-50000Hz-600mV,50 kHz,SMILE_BOTH,T004,1,60,L5->L6,R5->R4,6.0,False,37.26779962499649,-16.666666666666664,-33.33333333333333,2.23606797749979,5.967152399999989
session-2-20261005-50000Hz-600mV,50 kHz,SMILE_BOTH,T004,1,61,L5->L6,R4->R3,8.0,False,17.67766952966369,12.5,-12.5,1.4142135623730951,6.065192049999993
session-2-20261005-50000Hz-600mV,50 kHz,SMILE_BOTH,T004,1,62,L5->L6,R3->R2,3.1622776601683795,False,31.622776601683793,-30.0,10.0,1.0,6.164253149999993
session-2-20261005-50000Hz-600mV,50 kHz,SMILE_BOTH,T004,1,63,L5->L6,R2->R1,38.8329756778952,False,13.130643285972255,-13.12997347480106,-0.1326259946949601,5.0990195135927845,6.2627590499999855
session-2-20261005-50000Hz-600mV,50 kHz,SMILE_BOTH,T004,1,64,L5->L6,R1->L1,79.40403012442125,True,7.660521160911986,-7.39095955590801,2.014274385408406,6.082762530298218,6.362259449999996
session-2-20261005-50000Hz-600mV,50 kHz,SMILE_BOTH,T004,1,65,L6->L7,L1->L2,52.0,True,7.929049280033963,-7.840236686390534,1.183431952662722,4.123105625617661,6.462704649999992
session-2-20261005-50000Hz-600mV,50 kHz,SMILE_BOTH,T004,1,66,L6->L7,L2->L3,55.362442142665635,True,14.562684441417167,-14.355628058727572,-2.446982055464927,8.06225774829855,6.5617943499999996
session-2-20261005-50000Hz-600mV,50 kHz,SMILE_BOTH,T004,1,67,L6->L7,L3->L4,45.221676218380054,False,16.840979244304364,-16.772616136919318,-1.515892420537897,7.615773105863909,6.660832049999996
session-2-20261005-50000Hz-600mV,50 kHz,SMILE_BOTH,T004,1,68,L6->L7,L4->L5,247.3418686757258,True,8.52869076419299,-8.485076334630095,-0.8614207721730034,21.095023109728984,6.758678799999998
session-2-20261005-50000Hz-600mV,50 kHz,SMILE_BOTH,T004,1,69,L6->L7,L8->R8,344.30509726113553,True,4.937481360348983,4.923827037605656,0.36694616435813954,17.0,6.854814849999997
session-2-20261005-50000Hz-600mV,50 kHz,SMILE_BOTH,T004,1,70,L6->L7,R8->R7,60.415229867972855,True,10.598526648703947,10.438356164383562,1.8356164383561642,6.403124237432849,6.951866899999985
session-2-20261005-50000Hz-600mV,50 kHz,SMILE_BOTH,T004,1,71,L6->L7,R7->R6,45.880278987817846,False,21.466429627446637,-21.282660332541568,-2.802850356294537,9.848857801796104,7.049220099999999
session-2-20261005-50000Hz-600mV,50 kHz,SMILE_BOTH,T004,1,72,L6->L7,R6->R5,23.769728648009426,False,17.848923519261888,-16.460176991150444,-6.902654867256637,4.242640687119286,7.146199049999993
session-2-20261005-50000Hz-600mV,50 kHz,SMILE_BOTH,T004,1,73,L6->L7,R5->R4,16.643316977093235,False,38.00057001282532,-36.8231046931408,9.386281588447655,6.324555320336758,7.244262449999994
session-2-20261005-50000Hz-600mV,50 kHz,SMILE_BOTH,T004,1,74,L6->L7,R4->R3,13.601470508735444,False,22.056438662814234,-6.486486486486487,21.08108108108108,3.0000000000000004,7.3433351999999985
session-2-20261005-50000Hz-600mV,50 kHz,SMILE_BOTH,T004,1,75,L6->L7,R3->R2,3.1622776601683795,False,44.721359549995796,-40.0,20.0,1.4142135623730951,7.4423506999999915
session-2-20261005-50000Hz-600mV,50 kHz,SMILE_BOTH,T004,1,76,L6->L7,R2->R1,61.522353661088104,True,11.493493650809093,-11.492734478203435,0.1321003963011888,7.071067811865477,7.54085289999999
session-2-20261005-50000Hz-600mV,50 kHz,SMILE_BOTH,T004,1,77,L6->L7,R1->L1,69.26037828369118,True,11.550615515312268,-11.507191994996873,-1.0006253908692933,8.000000000000002,7.640339299999994
session-2-20261005-50000Hz-600mV,50 kHz,SMILE_BOTH,T004,1,78,L7->L8,L1->L2,19.026297590440446,False,56.60759568735243,-51.38121546961325,-23.756906077348063,10.770329614269006,7.740296099999995
session-2-20261005-50000Hz-600mV,50 kHz,SMILE_BOTH,T004,1,79,L7->L8,L2->L3,29.427877939124325,False,3.3981383301529244,3.348729792147806,-0.5773672055427251,1.0000000000000002,7.838268649999989
session-2-20261005-50000Hz-600mV,50 kHz,SMILE_BOTH,T004,1,80,L7->L8,L3->L4,31.622776601683796,False,24.083189157584588,24.0,2.0,7.615773105863908,7.9346599
session-2-20261005-50000Hz-600mV,50 kHz,SMILE_BOTH,T004,1,81,L7->L8,L4->L5,100.56838469419701,True,10.709458690242318,10.698042317579592,0.49436424757761493,10.770329614269007,8.03118984999999
session-2-20261005-50000Hz-600mV,50 kHz,SMILE_BOTH,T004,1,82,L7->L8,L5->L6,221.6528817768901,True,4.87999693019093,4.8056177488296346,0.8487685731732139,10.816653826391969,8.12922055
session-2-20261005-50000Hz-600mV,50 kHz,SMILE_BOTH,T004,1,83,L7->L8,R8->R7,147.73286702694156,True,25.272852383200583,25.223367697594508,-1.580756013745704,37.33630940518895,8.228225699999996
session-2-20261005-50000Hz-600mV,50 kHz,SMILE_BOTH,T004,1,84,L7->L8,R7->R6,75.15317691222374,True,1.8817748237374536,0.6373937677053824,-1.7705382436260624,1.414213562373095,8.327236099999993
session-2-20261005-50000Hz-600mV,50 kHz,SMILE_BOTH,T004,1,85,L7->L8,R6->R5,28.0178514522438,False,18.199181055278352,16.687898089171973,-7.261146496815287,5.0990195135927845,8.425704699999997
session-2-20261005-50000Hz-600mV,50 kHz,SMILE_BOTH,T004,1,86,L7->L8,R5->R4,17.88854381999832,False,30.10398644698074,-30.000000000000004,2.5,5.385164807134505,8.523233950000005
session-2-20261005-50000Hz-600mV,50 kHz,SMILE_BOTH,T004,1,87,L7->L8,R4->R3,13.0,False,46.790481002293994,-24.85207100591716,39.64497041420118,6.082762530298219,8.620182749999984
session-2-20261005-50000Hz-600mV,50 kHz,SMILE_BOTH,T004,1,88,L7->L8,R3->R2,2.23606797749979,False,0.0,0.0,0.0,0.0,8.717134999999999
session-2-20261005-50000Hz-600mV,50 kHz,SMILE_BOTH,T004,1,89,L7->L8,R2->R1,56.32051136131489,True,21.962366068553038,-20.617906683480452,-7.566204287515762,12.36931687685298,8.816133800000003
session-2-20261005-50000Hz-600mV,50 kHz,SMILE_BOTH,T004,1,90,L7->L8,R1->L1,74.027022093287,True,4.271788288583805,-1.2408759124087592,4.087591240875913,3.16227766016838,8.915721299999987
session-2-20261005-50000Hz-600mV,50 kHz,SMILE_BOTH,T004,1,91,L8->R8,L1->L2,8.54400374531753,False,16.552117772047357,-6.8493150684931505,15.068493150684931,1.4142135623730947,9.013770899999997
session-2-20261005-50000Hz-600mV,50 kHz,SMILE_BOTH,T004,1,92,L8->R8,L2->L3,26.305892875931807,False,15.673695795325143,15.606936416184972,1.4450867052023117,4.12310562561766,9.112757049999999
session-2-20261005-50000Hz-600mV,50 kHz,SMILE_BOTH,T004,1,93,L8->R8,L3->L4,31.016124838541646,False,13.293426071377413,13.201663201663202,-1.5592515592515592,4.123105625617661,9.211268549999986
session-2-20261005-50000Hz-600mV,50 kHz,SMILE_BOTH,T004,1,94,L8->R8,L4->L5,74.63243262818116,True,19.91904621598129,19.910233393177737,0.5924596050269297,14.866068747318506,9.308715499999991
session-2-20261005-50000Hz-600mV,50 kHz,SMILE_BOTH,T004,1,95,L8->R8,L5->L6,65.14598989960933,True,23.380635147611986,23.279924599434494,2.167766258246937,15.231546211727814,9.406661449999987
session-2-20261005-50000Hz-600mV,50 kHz,SMILE_BOTH,T004,1,96,L8->R8,L6->L7,358.3978236541065,True,4.4990550813609405,4.459357410334063,0.5963456313400649,16.124515496597102,9.504735449999984
session-2-20261005-50000Hz-600mV,50 kHz,SMILE_BOTH,T004,1,97,L8->R8,R7->R6,382.602927328059,True,5.732238473088364,5.732144686955632,-0.03279024490214173,21.931712199461312,9.60253809999999
session-2-20261005-50000Hz-600mV,50 kHz,SMILE_BOTH,T004,1,98,L8->R8,R6->R5,87.32124598286491,True,20.0,19.895081967213113,-2.0459016393442617,17.46424919657298,9.700083849999984
session-2-20261005-50000Hz-600mV,50 kHz,SMILE_BOTH,T004,1,99,L8->R8,R5->R4,46.95742752749558,False,23.80952380952381,23.80952380952381,0.0,11.180339887498949,9.796814400000002
session-2-20261005-50000Hz-600mV,50 kHz,SMILE_BOTH,T004,1,100,L8->R8,R4->R3,22.80350850198276,False,9.805806756909202,8.846153846153847,-4.230769230769231,2.23606797749979,9.894340749999984
session-2-20261005-50000Hz-600mV,50 kHz,SMILE_BOTH,T004,1,101,L8->R8,R3->R2,8.602325267042627,False,25.993762245501824,25.67567567567568,-4.054054054054054,2.2360679774997902,9.991855099999995
session-2-20261005-50000Hz-600mV,50 kHz,SMILE_BOTH,T004,1,102,L8->R8,R2->R1,47.801673610868484,False,23.01174659604172,-22.144420131291028,-6.258205689277899,11.000000000000002,10.089798599999995
session-2-20261005-50000Hz-600mV,50 kHz,SMILE_BOTH,T004,1,103,L8->R8,R1->L1,88.36288813749809,True,3.5787395894616756,1.4344262295081966,3.2786885245901636,3.1622776601683786,10.189251199999987
session-2-20261005-50000Hz-600mV,50 kHz,SMILE_BOTH,T004,1,104,R8->R7,L1->L2,10.816653826391969,False,91.0527225875113,-76.92307692307693,48.71794871794872,9.848857801796104,10.28774
session-2-20261005-50000Hz-600mV,50 kHz,SMILE_BOTH,T004,1,105,R8->R7,L2->L3,16.0,False,0.0,0.0,0.0,0.0,10.3852318
session-2-20261005-50000Hz-600mV,50 kHz,SMILE_BOTH,T004,1,106,R8->R7,L3->L4,17.720045146669353,False,25.237723256253442,-24.840764331210192,-4.45859872611465,4.4721359549995805,10.483266400000005
session-2-20261005-50000Hz-600mV,50 kHz,SMILE_BOTH,T004,1,107,R8->R7,L4->L5,37.85498646149539,False,5.906931124580456,-5.722260990928123,-1.465457083042568,2.2360679774997894,10.582298249999994
session-2-20261005-50000Hz-600mV,50 kHz,SMILE_BOTH,T004,1,108,R8->R7,L5->L6,19.1049731745428,False,28.18724087145114,27.123287671232877,7.671232876712329,5.385164807134505,10.680771799999988
session-2-20261005-50000Hz-600mV,50 kHz,SMILE_BOTH,T004,1,109,R8->R7,L6->L7,66.18912297349165,True,10.134903789533462,10.134672449212507,-0.06847751654873298,6.7082039324993685,10.778711599999994
session-2-20261005-50000Hz-600mV,50 kHz,SMILE_BOTH,T004,1,110,R8->R7,L7->L8,149.9399879951976,True,26.155359638625043,26.154256738724307,-0.2401921537229789,39.21734310225515,10.882824549999995
session-2-20261005-50000Hz-600mV,50 kHz,SMILE_BOTH,T004,1,111,R8->R7,R6->R5,209.50656314301943,True,0.6750211263824148,-0.18453967603034657,0.6493062675141823,1.414213562373095,10.98632409999999
session-2-20261005-50000Hz-600mV,50 kHz,SMILE_BOTH,T004,1,112,R8->R7,R5->R4,60.82762530298219,True,18.38036555234519,18.378378378378375,-0.27027027027026984,11.180339887498945,11.084636399999994
session-2-20261005-50000Hz-600mV,50 kHz,SMILE_BOTH,T004,1,113,R8->R7,R4->R3,24.08318915758459,False,27.854300726557778,25.86206896551724,-10.344827586206897,6.708203932499369,11.1837771
session-2-20261005-50000Hz-600mV,50 kHz,SMILE_BOTH,T004,1,114,R8->R7,R3->R2,10.295630140987,False,13.736056394868903,13.20754716981132,3.7735849056603774,1.4142135623730951,11.281781850000002
session-2-20261005-50000Hz-600mV,50 kHz,SMILE_BOTH,T004,1,115,R8->R7,R2->R1,36.6742416417845,False,12.194215216993847,0.14869888475836418,12.193308550185874,4.472135954999579,11.37965014999999
session-2-20261005-50000Hz-600mV,50 kHz,SMILE_BOTH,T004,1,116,R8->R7,R1->L1,74.00675644831357,True,4.272958054008109,-1.2963301077232061,4.071572028482747,3.16227766016838,11.477699999999999
session-2-20261005-50000Hz-600mV,50 kHz,SMILE_BOTH,T004,1,117,R7->R6,L1->L2,25.455844122715714,False,5.555555555555555,-5.555555555555555,0.0,1.4142135623730951,11.57574425
session-2-20261005-50000Hz-600mV,50 kHz,SMILE_BOTH,T004,1,118,R7->R6,L2->L3,20.024984394500787,False,15.791661046371633,-15.211970074812967,-4.239401496259351,3.162277660168379,11.673254449999988
session-2-20261005-50000Hz-600mV,50 kHz,SMILE_BOTH,T004,1,119,R7->R6,L3->L4,26.400757564888174,False,11.977980754514663,-11.908177905308465,1.2912482065997128,3.1622776601683795,11.770796449999992
session-2-20261005-50000Hz-600mV,50 kHz,SMILE_BOTH,T004,1,120,R7->R6,L4->L5,46.84015371452148,False,11.496898238113562,-11.440291704649043,-1.1394712853236102,5.385164807134504,11.868788999999992
session-2-20261005-50000Hz-600mV,50 kHz,SMILE_BOTH,T004,1,121,R7->R6,L5->L6,11.045361017187261,False,27.16072381275556,-27.04918032786885,-2.4590163934426226,3.0000000000000004,11.9674203
session-2-20261005-50000Hz-600mV,50 kHz,SMILE_BOTH,T004,1,122,R7->R6,L6->L7,58.9406481131655,True,17.71325365962257,-17.70293609671848,-0.6044905008635582,10.44030650891055,12.067360300000004
session-2-20261005-50000Hz-600mV,50 kHz,SMILE_BOTH,T004,1,123,R7->R6,L7->L8,80.95677859203637,True,1.235227015441507,1.1748550503509307,-0.3814464449191334,0.9999999999999999,12.167741800000002
session-2-20261005-50000Hz-600mV,50 kHz,SMILE_BOTH,T004,1,124,R7->R6,L8->R8,391.86222068477076,True,5.167238805499761,5.166844669045821,-0.06382036520878367,20.248456731316587,12.267307299999985
session-2-20261005-50000Hz-600mV,50 kHz,SMILE_BOTH,T004,1,125,R7->R6,R5->R4,106.06601717798212,True,27.14569742866978,-26.853333333333335,3.9733333333333323,28.792360097775937,12.365850199999997
session-2-20261005-50000Hz-600mV,50 kHz,SMILE_BOTH,T004,1,126,R7->R6,R4->R3,15.264337522473749,False,76.68003864227154,-60.08583690987125,47.63948497854077,11.704699910719626,12.463564599999998
session-2-20261005-50000Hz-600mV,50 kHz,SMILE_BOTH,T004,1,127,R7->R6,R3->R2,22.825424421026653,False,27.708379934922977,-27.255278310940493,4.990403071017275,6.324555320336758,12.562091499999994
session-2-20261005-50000Hz-600mV,50 kHz,SMILE_BOTH,T004,1,128,R7->R6,R2->R1,28.442925306655788,False,11.11797617887212,-9.765142150803461,5.3152039555006185,3.16227766016838,12.661790350000004
session-2-20261005-50000Hz-600mV,50 kHz,SMILE_BOTH,T004,1,129,R7->R6,R1->L1,79.40403012442125,True,15.164966513568457,-15.162569389373513,0.2696272799365582,12.041594578792292,12.761298400000001
session-2-20261005-50000Hz-600mV,50 kHz,SMILE_BOTH,T004,1,130,R6->R5,L1->L2,10.295630140987,False,27.472112789737807,-7.547169811320755,26.41509433962264,2.8284271247461903,12.859804949999997
session-2-20261005-50000Hz-600mV,50 kHz,SMILE_BOTH,T004,1,131,R6->R5,L2->L3,26.076809620810597,False,5.423261445466405,-4.117647058823529,-3.529411764705883,1.4142135623730954,12.957856149999984
session-2-20261005-50000Hz-600mV,50 kHz,SMILE_BOTH,T004,1,132,R6->R5,L3->L4,5.8309518948453,False,38.34824944236853,38.235294117647065,-2.941176470588235,2.23606797749979,13.057446049999996
session-2-20261005-50000Hz-600mV,50 kHz,SMILE_BOTH,T004,1,133,R6->R5,L4->L5,19.4164878389476,False,11.516335992621968,-11.140583554376656,-2.917771883289125,2.23606797749979,13.157959849999997
session-2-20261005-50000Hz-600mV,50 kHz,SMILE_BOTH,T004,1,134,R6->R5,L5->L6,43.46262762420146,False,0.0,0.0,0.0,0.0,13.257954399999988
session-2-20261005-50000Hz-600mV,50 kHz,SMILE_BOTH,T004,1,135,R6->R5,L6->L7,26.248809496813376,False,12.047318414773372,-12.046444121915819,-0.1451378809869375,3.1622776601683795,13.357870599999998
session-2-20261005-50000Hz-600mV,50 kHz,SMILE_BOTH,T004,1,136,R6->R5,L7->L8,25.298221281347036,False,17.677669529663692,17.5,2.5,4.4721359549995805,13.455747149999993
session-2-20261005-50000Hz-600mV,50 kHz,SMILE_BOTH,T004,1,137,R6->R5,L8->R8,84.30895563343198,True,21.01798677677206,20.906021384355657,-2.166572875633089,17.720045146669356,13.55178445
session-2-20261005-50000Hz-600mV,50 kHz,SMILE_BOTH,T004,1,138,R6->R5,R8->R7,202.2325394193526,True,1.563683900349503,0.10758472296933833,1.559978483055406,3.162277660168379,13.649317749999994
session-2-20261005-50000Hz-600mV,50 kHz,SMILE_BOTH,T004,1,139,R6->R5,R4->R3,394.62007044751283,True,0.5666381780744225,-0.041740247230695145,0.5650987317386418,2.2360679774997894,13.747711049999992
session-2-20261005-50000Hz-600mV,50 kHz,SMILE_BOTH,T004,1,140,R6->R5,R3->R2,213.55093069335942,True,1.930736434737473,-1.9121129725462676,0.267520392947987,4.12310562561766,13.846127149999987
session-2-20261005-50000Hz-600mV,50 kHz,SMILE_BOTH,T004,1,141,R6->R5,R2->R1,145.6605643267937,True,6.899517153162817,5.212801055757176,-4.519960409105906,10.04987562112089,13.94469685
session-2-20261005-50000Hz-600mV,50 kHz,SMILE_BOTH,T004,1,142,R6->R5,R1->L1,107.67079455451234,True,6.761452740645183,-6.2537738290347615,2.570516691106702,7.280109889280519,14.04277764999999
session-2-20261005-50000Hz-600mV,50 kHz,SMILE_BOTH,T004,1,143,R5->R4,L1->L2,69.83552104767314,True,2.0250633791472445,0.5536190280910397,-1.947918802542547,1.4142135623730947,14.140274399999996
session-2-20261005-50000Hz-600mV,50 kHz,SMILE_BOTH,T004,1,144,R5->R4,L2->L3,14.0356688476182,False,10.075854437197568,6.598984771573605,-7.614213197969544,1.4142135623730951,14.238221999999993
session-2-20261005-50000Hz-600mV,50 kHz,SMILE_BOTH,T004,1,145,R5->R4,L3->L4,62.6418390534633,True,3.5696078073176603,-3.516819571865443,-0.6116207951070336,2.236067977499789,14.336659549999993
session-2-20261005-50000Hz-600mV,50 kHz,SMILE_BOTH,T004,1,146,R5->R4,L4->L5,73.97972695272672,True,3.0225415388848953,-2.941713868079664,-0.694317558925635,2.23606797749979,14.435698450000004
session-2-20261005-50000Hz-600mV,50 kHz,SMILE_BOTH,T004,1,147,R5->R4,L5->L6,13.453624047073712,False,7.432941462471663,-5.524861878453039,-4.972375690607735,1.0000000000000002,14.534239949999986
session-2-20261005-50000Hz-600mV,50 kHz,SMILE_BOTH,T004,1,148,R5->R4,L6->L7,28.861739379323623,False,17.66705549716692,-17.64705882352941,0.8403361344537815,5.099019513592784,14.631181649999988
session-2-20261005-50000Hz-600mV,50 kHz,SMILE_BOTH,T004,1,149,R5->R4,L7->L8,26.019223662515373,False,19.216561050602195,-19.202363367799112,-0.7385524372230429,4.999999999999999,14.728644499999987
session-2-20261005-50000Hz-600mV,50 kHz,SMILE_BOTH,T004,1,150,R5->R4,L8->R8,52.17278984298233,True,23.317758351066598,23.291697281410727,-1.1021307861866276,12.165525060596439,14.827671199999983
session-2-20261005-50000Hz-600mV,50 kHz,SMILE_BOTH,T004,1,151,R5->R4,R8->R7,66.49060083951716,True,13.451934253966519,13.02872653245872,3.347658900701199,8.944271909999157,14.926244449999999
session-2-20261005-50000Hz-600mV,50 kHz,SMILE_BOTH,T004,1,152,R5->R4,R7->R6,101.5332457867865,True,24.91619477473587,-24.91027257735959,-0.5432146667960033,25.298221281347026,15.024716900000001
session-2-20261005-50000Hz-600mV,50 kHz,SMILE_BOTH,T004,1,153,R5->R4,R3->R2,292.5149568825499,True,3.151819843863472,-3.1367965873897035,0.30736866709519084,9.219544457292887,15.124708649999988
session-2-20261005-50000Hz-600mV,50 kHz,SMILE_BOTH,T004,1,154,R5->R4,R2->R1,67.68308503607086,True,31.341957040361134,-29.273084479371313,-11.19842829076621,21.213203435596427,15.223309600000007
session-2-20261005-50000Hz-600mV,50 kHz,SMILE_BOTH,T004,1,155,R5->R4,R1->L1,31.304951684997057,False,25.753937681885635,-24.285714285714285,-8.571428571428571,8.06225774829855,15.319768749999994
session-2-20261005-50000Hz-600mV,50 kHz,SMILE_BOTH,T004,1,156,R4->R3,L1->L2,44.181444068749045,False,4.526787302125927,-4.508196721311474,0.40983606557377045,2.0,15.416231949999997
session-2-20261005-50000Hz-600mV,50 kHz,SMILE_BOTH,T004,1,157,R4->R3,L2->L3,11.40175425099138,False,0.0,0.0,0.0,0.0,15.512781899999993
session-2-20261005-50000Hz-600mV,50 kHz,SMILE_BOTH,T004,1,158,R4->R3,L3->L4,47.51841748206689,False,6.654846326399235,-6.554472984942428,-1.1514614703277237,3.16227766016838,15.610281699999987
session-2-20261005-50000Hz-600mV,50 kHz,SMILE_BOTH,T004,1,159,R4->R3,L4->L5,25.0,False,12.649110640673516,-12.0,4.0,3.162277660168379,15.710267549999998
session-2-20261005-50000Hz-600mV,50 kHz,SMILE_BOTH,T004,1,160,R4->R3,L5->L6,3.6055512754639896,False,0.0,0.0,0.0,0.0,15.809352149999995
session-2-20261005-50000Hz-600mV,50 kHz,SMILE_BOTH,T004,1,161,R4->R3,L6->L7,5.8309518948453,False,51.44957554275265,-44.11764705882353,26.47058823529412,2.9999999999999996,15.906954799999994
session-2-20261005-50000Hz-600mV,50 kHz,SMILE_BOTH,T004,1,162,R4->R3,L7->L8,12.041594578792296,False,42.34505222898966,-36.55172413793103,21.379310344827584,5.099019513592785,16.004378349999996
session-2-20261005-50000Hz-600mV,50 kHz,SMILE_BOTH,T004,1,163,R4->R3,L8->R8,21.470910553583888,False,4.657464328326222,2.1691973969631233,4.1214750542299345,0.9999999999999999,16.102244199999987
session-2-20261005-50000Hz-600mV,50 kHz,SMILE_BOTH,T004,1,164,R4->R3,R8->R7,20.591260281974,False,34.340140987172255,32.075471698113205,-12.264150943396228,7.071067811865475,16.201207199999985
session-2-20261005-50000Hz-600mV,50 kHz,SMILE_BOTH,T004,1,165,R4->R3,R7->R6,21.470910553583888,False,53.103263704334225,-51.84381778741866,11.496746203904554,11.40175425099138,16.299209799999986
session-2-20261005-50000Hz-600mV,50 kHz,SMILE_BOTH,T004,1,166,R4->R3,R6->R5,376.3641853311763,True,0.26570009553912904,0.0797740910695376,0.25344158136251327,1.0000000000000002,16.39665275
session-2-20261005-50000Hz-600mV,50 kHz,SMILE_BOTH,T004,1,167,R4->R3,R2->R1,562.8943062422999,True,1.2561981411873993,-1.126716111724791,-0.5554678870127822,7.071067811865478,16.49415719999999
session-2-20261005-50000Hz-600mV,50 kHz,SMILE_BOTH,T004,1,168,R4->R3,R1->L1,123.79418403139945,True,6.4623391337761555,-6.36867862969005,1.0962479608482871,7.999999999999999,16.593246500000006
session-2-20261005-50000Hz-600mV,50 kHz,SMILE_BOTH,T004,1,169,R3->R2,L1->L2,30.80584360149873,False,3.2461373658059776,2.634351949420443,-1.8967334035827188,1.0000000000000002,16.693330849999995
session-2-20261005-50000Hz-600mV,50 kHz,SMILE_BOTH,T004,1,170,R3->R2,L2->L3,25.01999200639361,False,5.6523341894422146,-4.15335463258786,-3.8338658146964857,1.4142135623730951,16.793908549999983
session-2-20261005-50000Hz-600mV,50 kHz,SMILE_BOTH,T004,1,171,R3->R2,L3->L4,16.1245154965971,False,0.0,0.0,0.0,0.0,16.89383954999998
session-2-20261005-50000Hz-600mV,50 kHz,SMILE_BOTH,T004,1,172,R3->R2,L4->L5,8.485281374238571,False,0.0,0.0,0.0,0.0,16.99227839999999
session-2-20261005-50000Hz-600mV,50 kHz,SMILE_BOTH,T004,1,173,R3->R2,L5->L6,10.770329614269007,False,0.0,0.0,0.0,0.0,17.090204749999998
session-2-20261005-50000Hz-600mV,50 kHz,SMILE_BOTH,T004,1,174,R3->R2,L6->L7,13.341664064126334,False,16.760038078849774,-16.292134831460675,-3.932584269662921,2.23606797749979,17.18765334999999
session-2-20261005-50000Hz-600mV,50 kHz,SMILE_BOTH,T004,1,175,R3->R2,L7->L8,10.295630140987,False,0.0,0.0,0.0,0.0,17.28616565
session-2-20261005-50000Hz-600mV,50 kHz,SMILE_BOTH,T004,1,176,R3->R2,L8->R8,15.03329637837291,False,33.25950526188697,33.1858407079646,2.2123893805309733,5.000000000000002,17.38375359999999
session-2-20261005-50000Hz-600mV,50 kHz,SMILE_BOTH,T004,1,177,R3->R2,R8->R7,19.026297590440446,False,7.432941462471663,4.972375690607735,5.524861878453039,1.414213562373095,17.481312950000003
session-2-20261005-50000Hz-600mV,50 kHz,SMILE_BOTH,T004,1,178,R3->R2,R7->R6,25.01999200639361,False,25.27800695827793,-23.642172523961662,-8.945686900958467,6.324555320336759,17.58025395
session-2-20261005-50000Hz-600mV,50 kHz,SMILE_BOTH,T004,1,179,R3->R2,R6->R5,233.85465571589546,True,1.352240625908323,-1.3458162668227032,-0.13165593914569926,3.1622776601683786,17.680297350000004
session-2-20261005-50000Hz-600mV,50 kHz,SMILE_BOTH,T004,1,180,R3->R2,R5->R4,319.513692977312,True,2.8854927534975934,-2.8817992144109557,0.14595108189912726,9.219544457292887,17.779792299999983
session-2-20261005-50000Hz-600mV,50 kHz,SMILE_BOTH,T004,1,181,R3->R2,R1->L1,74.16872656315464,True,10.870157978826212,-10.670787129612798,2.0723504817305947,8.06225774829855,17.877725899999987
session-2-20261005-50000Hz-600mV,50 kHz,SMILE_BOTH,T004,1,182,R2->R1,L1->L2,381.6346420334506,True,2.4719928677831366,2.168285900648838,1.1871330976003296,9.433981132056603,17.975761149999997
session-2-20261005-50000Hz-600mV,50 kHz,SMILE_BOTH,T004,1,183,R2->R1,L2->L3,20.808652046684813,False,0.0,0.0,0.0,0.0,18.073807299999984
session-2-20261005-50000Hz-600mV,50 kHz,SMILE_BOTH,T004,1,184,R2->R1,L3->L4,22.0,False,4.545454545454546,0.0,4.545454545454546,1.0,18.172718999999987
session-2-20261005-50000Hz-600mV,50 kHz,SMILE_BOTH,T004,1,185,R2->R1,L4->L5,20.615528128088304,False,14.55213750217998,14.117647058823529,-3.5294117647058822,3.0000000000000004,18.272218599999988
session-2-20261005-50000Hz-600mV,50 kHz,SMILE_BOTH,T004,1,186,R2->R1,L5->L6,21.2602916254693,False,4.703604341917987,-3.0973451327433628,3.5398230088495577,1.0,18.37135155
session-2-20261005-50000Hz-600mV,50 kHz,SMILE_BOTH,T004,1,187,R2->R1,L6->L7,7.615773105863909,False,13.130643285972255,-5.1724137931034475,12.068965517241379,1.0,18.47082404999999
session-2-20261005-50000Hz-600mV,50 kHz,SMILE_BOTH,T004,1,188,R2->R1,L7->L8,14.317821063276352,False,37.61162249014876,-6.341463414634147,37.07317073170732,5.385164807134505,18.569706249999996
session-2-20261005-50000Hz-600mV,50 kHz,SMILE_BOTH,T004,1,189,R2->R1,L8->R8,14.422205101855958,False,42.176369614348665,38.46153846153847,17.307692307692307,6.08276253029822,18.668181950000005
session-2-20261005-50000Hz-600mV,50 kHz,SMILE_BOTH,T004,1,190,R2->R1,R8->R7,23.40939982143925,False,25.984273739164326,-25.54744525547445,-4.744525547445256,6.08276253029822,18.76633394999999
session-2-20261005-50000Hz-600mV,50 kHz,SMILE_BOTH,T004,1,191,R2->R1,R7->R6,37.64306044943742,False,8.400692245562725,-8.398023994354268,0.21171489061397297,3.1622776601683786,18.8643364
session-2-20261005-50000Hz-600mV,50 kHz,SMILE_BOTH,T004,1,192,R2->R1,R6->R5,153.46986674914396,True,4.561155976920171,4.547191440580818,-0.3566424659279073,7.000000000000003,18.96467785
session-2-20261005-50000Hz-600mV,50 kHz,SMILE_BOTH,T004,1,193,R2->R1,R5->R4,8.602325267042627,False,129.9688112275091,-117.56756756756756,55.40540540540542,11.180339887498949,19.064675100000002
session-2-20261005-50000Hz-600mV,50 kHz,SMILE_BOTH,T004,1,194,R2->R1,R4->R3,502.7255712612996,True,0.8201503685744703,0.24136143677319538,0.783831157783115,4.12310562561766,19.161758799999987
session-2-20261005-50000Hz-600mV,50 kHz,SMILE_BOTH,T004,1,195,R1->L1,L2->L3,27.313000567495326,False,0.0,0.0,0.0,0.0,19.259362749999994
session-2-20261005-50000Hz-600mV,50 kHz,SMILE_BOTH,T004,1,196,R1->L1,L3->L4,34.785054261852174,False,2.8747978728803454,2.7272727272727275,-0.9090909090909091,1.0000000000000002,19.35941634999999
session-2-20261005-50000Hz-600mV,50 kHz,SMILE_BOTH,T004,1,197,R1->L1,L4->L5,31.38470965295043,False,7.124704998790965,7.1065989847715745,-0.5076142131979693,2.23606797749979,19.459438449999993
session-2-20261005-50000Hz-600mV,50 kHz,SMILE_BOTH,T004,1,198,R1->L1,L5->L6,11.180339887498949,False,12.64911064067352,7.200000000000001,-10.4,1.4142135623730954,19.559450799999993
session-2-20261005-50000Hz-600mV,50 kHz,SMILE_BOTH,T004,1,199,R1->L1,L6->L7,12.0,False,16.666666666666664,-16.666666666666664,0.0,2.0,19.659380099999993
session-2-20261005-50000Hz-600mV,50 kHz,SMILE_BOTH,T004,1,200,R1->L1,L7->L8,12.36931687685298,False,18.07753815155468,13.725490196078432,11.76470588235294,2.23606797749979,19.757391499999997
session-2-20261005-50000Hz-600mV,50 kHz,SMILE_BOTH,T004,1,201,R1->L1,L8->R8,21.023796041628636,False,33.295604590814584,33.257918552036195,-1.583710407239819,6.999999999999998,19.85581409999999
session-2-20261005-50000Hz-600mV,50 kHz,SMILE_BOTH,T004,1,202,R1->L1,R8->R7,15.03329637837291,False,14.87410293271824,12.831858407079647,7.52212389380531,2.23606797749979,19.954688649999994
session-2-20261005-50000Hz-600mV,50 kHz,SMILE_BOTH,T004,1,203,R1->L1,R7->R6,5.0,False,63.245553203367585,-36.0,-52.0,3.1622776601683795,20.054176400000003
session-2-20261005-50000Hz-600mV,50 kHz,SMILE_BOTH,T004,1,204,R1->L1,R6->R5,35.0,False,2.857142857142857,2.857142857142857,0.0,1.0,20.1527392
session-2-20261005-50000Hz-600mV,50 kHz,SMILE_BOTH,T004,1,205,R1->L1,R5->R4,51.47815070493499,True,3.8851434494290555,3.8490566037735845,-0.5283018867924528,1.9999999999999991,20.2492108
session-2-20261005-50000Hz-600mV,50 kHz,SMILE_BOTH,T004,1,206,R1->L1,R4->R3,53.23532661682465,True,0.0,0.0,0.0,0.0,20.346641050000002
session-2-20261005-50000Hz-600mV,50 kHz,SMILE_BOTH,T004,1,207,R1->L1,R3->R2,5.8309518948453,False,17.14985851425088,14.705882352941178,-8.823529411764707,0.9999999999999998,20.44512059999998
session-2-20261005-50000Hz-600mV,50 kHz,PUFF_LEFT,T005,1,0,L1->L2,L3->L4,343.42393626536864,True,4.604043757923795,4.604035950483296,0.008478887569950928,15.811388300841896,0.04931999999999448
session-2-20261005-50000Hz-600mV,50 kHz,PUFF_LEFT,T005,1,1,L1->L2,L4->L5,106.7379969832674,True,3.7474939693940974,3.6162555955411215,-0.9830597735451592,3.999999999999999,0.1477019499999983
session-2-20261005-50000Hz-600mV,50 kHz,PUFF_LEFT,T005,1,2,L1->L2,L5->L6,96.84007434941385,True,4.381079543383234,3.8387715930902107,2.1113243761996157,4.242640687119286,0.24518679999999904
session-2-20261005-50000Hz-600mV,50 kHz,PUFF_LEFT,T005,1,3,L1->L2,L6->L7,56.46237685397242,True,1.7710908674395363,0.6900878293601004,1.631116687578419,1.0000000000000002,0.342823750000008
session-2-20261005-50000Hz-600mV,50 kHz,PUFF_LEFT,T005,1,4,L1->L2,L7->L8,21.095023109728984,False,17.091952242522623,-13.258426966292133,-10.786516853932584,3.6055512754639887,0.44178379999999606
session-2-20261005-50000Hz-600mV,50 kHz,PUFF_LEFT,T005,1,5,L1->L2,L8->R8,7.211102550927979,False,31.00868364730211,-26.923076923076923,15.384615384615389,2.2360679774997894,0.540805050000003
session-2-20261005-50000Hz-600mV,50 kHz,PUFF_LEFT,T005,1,6,L1->L2,R8->R7,4.0,False,100.0,0.0,100.0,4.0,0.6387525000000096
session-2-20261005-50000Hz-600mV,50 kHz,PUFF_LEFT,T005,1,7,L1->L2,R7->R6,25.0,False,5.656854249492381,0.8,-5.6000000000000005,1.4142135623730951,0.7351919500000008
session-2-20261005-50000Hz-600mV,50 kHz,PUFF_LEFT,T005,1,8,L1->L2,R6->R5,11.40175425099138,False,17.541160386140582,16.923076923076923,4.615384615384616,1.9999999999999998,0.8358450500000032
session-2-20261005-50000Hz-600mV,50 kHz,PUFF_LEFT,T005,1,9,L1->L2,R5->R4,72.11102550927978,True,1.3867504905630728,0.46153846153846156,1.3076923076923077,1.0,0.9372909500000048
session-2-20261005-50000Hz-600mV,50 kHz,PUFF_LEFT,T005,1,10,L1->L2,R4->R3,52.15361924162119,True,1.9174124721184262,1.911764705882353,-0.1470588235294118,1.0000000000000002,1.0358114
session-2-20261005-50000Hz-600mV,50 kHz,PUFF_LEFT,T005,1,11,L1->L2,R3->R2,29.410882339705488,False,3.4001020045902295,-3.236994219653179,1.0404624277456647,1.0,1.1353134499999982
session-2-20261005-50000Hz-600mV,50 kHz,PUFF_LEFT,T005,1,12,L1->L2,R2->R1,435.2470562795342,True,1.624610140343864,1.4695945945945947,-0.6925675675675677,7.071067811865477,1.23322730000001
session-2-20261005-50000Hz-600mV,50 kHz,PUFF_LEFT,T005,1,13,L2->L3,L4->L5,290.73871431235295,True,3.5909584774781953,-3.5845686095896085,0.21412769582036928,10.44030650891055,1.3297423500000036
session-2-20261005-50000Hz-600mV,50 kHz,PUFF_LEFT,T005,1,14,L2->L3,L5->L6,193.2174940319846,True,4.421961783596667,-4.41968231859213,-0.14196555326386848,8.54400374531753,1.427299650000009
session-2-20261005-50000Hz-600mV,50 kHz,PUFF_LEFT,T005,1,15,L2->L3,L6->L7,51.07837115648854,True,6.191030740741763,-6.170946722882331,0.4982752012265236,3.162277660168379,1.5272641999999905
session-2-20261005-50000Hz-600mV,50 kHz,PUFF_LEFT,T005,1,16,L2->L3,L7->L8,22.02271554554524,False,4.540766091864998,4.536082474226804,-0.2061855670103093,0.9999999999999999,1.6272074999999973
session-2-20261005-50000Hz-600mV,50 kHz,PUFF_LEFT,T005,1,17,L2->L3,L8->R8,18.248287590894655,False,16.439898730535727,-16.216216216216218,2.7027027027027026,2.999999999999999,1.726678149999998
session-2-20261005-50000Hz-600mV,50 kHz,PUFF_LEFT,T005,1,18,L2->L3,R8->R7,11.0,False,12.856486930664502,9.090909090909092,-9.090909090909092,1.4142135623730951,1.8255860499999983
session-2-20261005-50000Hz-600mV,50 kHz,PUFF_LEFT,T005,1,19,L2->L3,R7->R6,7.211102550927979,False,13.867504905630728,-11.538461538461538,-7.6923076923076925,1.0000000000000002,1.9231074500000034
session-2-20261005-50000Hz-600mV,50 kHz,PUFF_LEFT,T005,1,20,L2->L3,R6->R5,21.095023109728984,False,6.70401523153991,-5.168539325842698,-4.269662921348314,1.4142135623730951,2.0202936000000022
session-2-20261005-50000Hz-600mV,50 kHz,PUFF_LEFT,T005,1,21,L2->L3,R5->R4,4.0,False,25.0,25.0,0.0,1.0,2.118269650000002
session-2-20261005-50000Hz-600mV,50 kHz,PUFF_LEFT,T005,1,22,L2->L3,R4->R3,15.0,False,6.666666666666667,4.0,-5.333333333333334,1.0,2.216603649999996
session-2-20261005-50000Hz-600mV,50 kHz,PUFF_LEFT,T005,1,23,L2->L3,R3->R2,10.04987562112089,False,9.950371902099892,-9.900990099009901,0.9900990099009903,1.0,2.3146672500000136
session-2-20261005-50000Hz-600mV,50 kHz,PUFF_LEFT,T005,1,24,L2->L3,R2->R1,59.304300012730955,True,8.598060364085185,-8.217230594256469,2.5305658231447254,5.099019513592786,2.412231399999996
session-2-20261005-50000Hz-600mV,50 kHz,PUFF_LEFT,T005,1,25,L2->L3,R1->L1,28.844410203711917,False,14.294296872421642,-13.461538461538463,-4.8076923076923075,4.1231056256176615,2.5096676999999943
session-2-20261005-50000Hz-600mV,50 kHz,PUFF_LEFT,T005,1,26,L3->L4,L1->L2,370.7344062802911,True,5.374429377916228,5.353453042693751,0.4743750181892261,19.924858845171272,2.608747700000009
session-2-20261005-50000Hz-600mV,50 kHz,PUFF_LEFT,T005,1,27,L3->L4,L5->L6,297.5987231155403,True,1.8095389492124125,-1.807711850053633,-0.0812962231129679,5.385164807134505,2.708764500000001
session-2-20261005-50000Hz-600mV,50 kHz,PUFF_LEFT,T005,1,28,L3->L4,L6->L7,29.120439557122076,False,7.67868896042439,5.660377358490567,-5.188679245283018,2.23606797749979,2.8081089499999905
session-2-20261005-50000Hz-600mV,50 kHz,PUFF_LEFT,T005,1,29,L3->L4,L7->L8,22.47220505424423,False,22.249707974499238,20.792079207920793,7.9207920792079225,5.0,2.9076278999999943
session-2-20261005-50000Hz-600mV,50 kHz,PUFF_LEFT,T005,1,30,L3->L4,L8->R8,21.470910553583888,False,10.414406840917833,-0.21691973969631212,-10.412147505422992,2.2360679774997894,3.0066856500000085
session-2-20261005-50000Hz-600mV,50 kHz,PUFF_LEFT,T005,1,31,L3->L4,R8->R7,8.485281374238571,False,48.591265790377506,-25.0,41.666666666666664,4.123105625617661,3.1047894499999984
session-2-20261005-50000Hz-600mV,50 kHz,PUFF_LEFT,T005,1,32,L3->L4,R7->R6,25.80697580112788,False,3.8749212914606423,-3.153153153153153,2.2522522522522523,0.9999999999999999,3.2048262499999964
session-2-20261005-50000Hz-600mV,50 kHz,PUFF_LEFT,T005,1,33,L3->L4,R6->R5,16.0312195418814,False,12.475657231036108,12.45136186770428,-0.7782101167315175,2.0000000000000004,3.305749250000005
session-2-20261005-50000Hz-600mV,50 kHz,PUFF_LEFT,T005,1,34,L3->L4,R5->R4,63.89053137985315,True,3.4998425106304527,-3.454189122978932,-0.5634492895639392,2.23606797749979,3.4046690499999954
session-2-20261005-50000Hz-600mV,50 kHz,PUFF_LEFT,T005,1,35,L3->L4,R4->R3,63.0,True,3.1746031746031744,-3.1746031746031744,0.0,2.0,3.503128800000013
session-2-20261005-50000Hz-600mV,50 kHz,PUFF_LEFT,T005,1,36,L3->L4,R3->R2,16.15549442140351,False,0.0,0.0,0.0,0.0,3.6007458999999926
session-2-20261005-50000Hz-600mV,50 kHz,PUFF_LEFT,T005,1,37,L3->L4,R2->R1,33.28663395418647,False,21.24296443310437,-19.314079422382672,-8.84476534296029,7.071067811865475,3.6986035000000044
session-2-20261005-50000Hz-600mV,50 kHz,PUFF_LEFT,T005,1,38,L3->L4,R1->L1,139.30183056945089,True,4.366606314814775,-4.1690286008760635,1.2986343725843856,6.082762530298221,3.7966881000000114
session-2-20261005-50000Hz-600mV,50 kHz,PUFF_LEFT,T005,1,39,L4->L5,L1->L2,87.66413177577247,True,3.4221521838297644,3.35718932986337,-0.66363044892648,3.0,3.8941673500000036
session-2-20261005-50000Hz-600mV,50 kHz,PUFF_LEFT,T005,1,40,L4->L5,L2->L3,286.0,True,3.7658495154786737,-3.7654653039268426,0.053792361484669246,10.770329614269007,3.9921473500000104
session-2-20261005-50000Hz-600mV,50 kHz,PUFF_LEFT,T005,1,41,L4->L5,L6->L7,214.7091055358389,True,0.9314928656652446,-0.841648590021692,0.39913232104121477,2.0,4.090638799999994
session-2-20261005-50000Hz-600mV,50 kHz,PUFF_LEFT,T005,1,42,L4->L5,L7->L8,75.96051605933178,True,5.427958944350979,5.424610051993067,-0.1906412478336221,4.123105625617661,4.188640149999998
session-2-20261005-50000Hz-600mV,50 kHz,PUFF_LEFT,T005,1,43,L4->L5,L8->R8,53.450912059571074,True,3.7417509317165614,-3.5701785089254465,1.12005600280014,2.0000000000000004,4.286191599999995
session-2-20261005-50000Hz-600mV,50 kHz,PUFF_LEFT,T005,1,44,L4->L5,R8->R7,23.345235059857504,False,9.578262852211514,2.7522935779816518,-9.174311926605505,2.23606797749979,4.385168649999997
session-2-20261005-50000Hz-600mV,50 kHz,PUFF_LEFT,T005,1,45,L4->L5,R7->R6,22.360679774997898,False,8.94427190999916,-8.8,1.6,2.0,4.484272300000001
session-2-20261005-50000Hz-600mV,50 kHz,PUFF_LEFT,T005,1,46,L4->L5,R6->R5,7.280109889280519,False,38.851434494290565,-33.9622641509434,-18.867924528301888,2.8284271247461903,4.581326450000006
session-2-20261005-50000Hz-600mV,50 kHz,PUFF_LEFT,T005,1,47,L4->L5,R5->R4,45.60701700396552,False,4.9029033784546,-4.8076923076923075,-0.9615384615384616,2.2360679774997894,4.678186650000001
session-2-20261005-50000Hz-600mV,50 kHz,PUFF_LEFT,T005,1,48,L4->L5,R4->R3,36.06937759374287,False,3.920814986889116,-3.920061491160646,0.07686395080707142,1.4142135623730951,4.776621150000011
session-2-20261005-50000Hz-600mV,50 kHz,PUFF_LEFT,T005,1,49,L4->L5,R3->R2,16.1245154965971,False,6.201736729460423,-0.7692307692307693,6.153846153846154,0.9999999999999999,4.875693150000004
session-2-20261005-50000Hz-600mV,50 kHz,PUFF_LEFT,T005,1,50,L4->L5,R2->R1,126.19429464123962,True,3.5438495596916697,-3.0769230769230766,1.7582417582417582,4.472135954999579,4.973211050000003
session-2-20261005-50000Hz-600mV,50 kHz,PUFF_LEFT,T005,1,51,L4->L5,R1->L1,37.0,False,16.43989873053573,-7.815924032140248,-14.463111760409058,6.08276253029822,5.071952299999992
session-2-20261005-50000Hz-600mV,50 kHz,PUFF_LEFT,T005,1,52,L5->L6,L1->L2,105.94810050208545,True,4.221062891931273,4.169265033407572,0.6592427616926503,4.472135954999579,5.170448550000003
session-2-20261005-50000Hz-600mV,50 kHz,PUFF_LEFT,T005,1,53,L5->L6,L2->L3,211.1516043036377,True,3.6067796553003526,-3.6043512392060113,-0.1323315016261075,7.615773105863908,5.267627199999993
session-2-20261005-50000Hz-600mV,50 kHz,PUFF_LEFT,T005,1,54,L5->L6,L3->L4,327.6171546180084,True,1.9304713538920142,-1.9248506982940943,0.14720542610380774,6.32455532033676,5.365661899999992
session-2-20261005-50000Hz-600mV,50 kHz,PUFF_LEFT,T005,1,55,L5->L6,L7->L8,211.29363454680785,True,6.574946765077399,-6.536006271698959,-0.7145257027662674,13.892443989449806,5.464347250000003
session-2-20261005-50000Hz-600mV,50 kHz,PUFF_LEFT,T005,1,56,L5->L6,L8->R8,62.39390995922599,True,20.896918976428644,20.52401746724891,3.9301310043668125,13.038404810405297,5.56280885000001
session-2-20261005-50000Hz-600mV,50 kHz,PUFF_LEFT,T005,1,57,L5->L6,R8->R7,19.6468827043885,False,30.96044610140377,30.829015544041454,-2.849740932642487,6.082762530298221,5.660662400000007
session-2-20261005-50000Hz-600mV,50 kHz,PUFF_LEFT,T005,1,58,L5->L6,R7->R6,3.1622776601683795,False,70.71067811865477,10.0,70.0,2.2360679774997902,5.758148199999994
session-2-20261005-50000Hz-600mV,50 kHz,PUFF_LEFT,T005,1,59,L5->L6,R6->R5,42.720018726587654,False,4.681645887845222,4.493150684931506,1.3150684931506849,1.9999999999999996,5.855768900000001
session-2-20261005-50000Hz-600mV,50 kHz,PUFF_LEFT,T005,1,60,L5->L6,R5->R4,6.0,False,23.570226039551585,-16.666666666666664,-16.666666666666664,1.414213562373095,5.953927750000005
session-2-20261005-50000Hz-600mV,50 kHz,PUFF_LEFT,T005,1,61,L5->L6,R4->R3,8.0,False,12.5,0.0,-12.5,1.0,6.052329350000008
session-2-20261005-50000Hz-600mV,50 kHz,PUFF_LEFT,T005,1,62,L5->L6,R3->R2,3.1622776601683795,False,0.0,0.0,0.0,0.0,6.1517008
session-2-20261005-50000Hz-600mV,50 kHz,PUFF_LEFT,T005,1,63,L5->L6,R2->R1,38.8329756778952,False,10.617537166910045,-10.610079575596817,0.3978779840848808,4.123105625617661,6.251248849999996
session-2-20261005-50000Hz-600mV,50 kHz,PUFF_LEFT,T005,1,64,L5->L6,R1->L1,79.40403012442125,True,6.2969096054259515,-6.26486915146709,0.63441712926249,4.999999999999998,6.35025834999999
session-2-20261005-50000Hz-600mV,50 kHz,PUFF_LEFT,T005,1,65,L6->L7,L1->L2,52.0,True,1.923076923076923,-0.7396449704142012,-1.7751479289940828,0.9999999999999999,6.44777345
session-2-20261005-50000Hz-600mV,50 kHz,PUFF_LEFT,T005,1,66,L6->L7,L2->L3,55.362442142665635,True,5.108927668793053,-4.632952691680262,-2.1533442088091355,2.8284271247461903,6.544780099999997
session-2-20261005-50000Hz-600mV,50 kHz,PUFF_LEFT,T005,1,67,L6->L7,L3->L4,45.221676218380054,False,0.0,0.0,0.0,0.0,6.641759350000001
session-2-20261005-50000Hz-600mV,50 kHz,PUFF_LEFT,T005,1,68,L6->L7,L4->L5,247.3418686757258,True,1.715294183647307,-1.6182287750498545,-0.5688319330478276,4.242640687119285,6.73925890000001
session-2-20261005-50000Hz-600mV,50 kHz,PUFF_LEFT,T005,1,69,L6->L7,L8->R8,344.30509726113553,True,19.65788063391265,19.2963069188332,-3.752973529262902,67.68308503607088,6.838743350000001
session-2-20261005-50000Hz-600mV,50 kHz,PUFF_LEFT,T005,1,70,L6->L7,R8->R7,60.415229867972855,True,34.12306495090726,33.013698630136986,-8.63013698630137,20.6155281280883,6.937191900000002
session-2-20261005-50000Hz-600mV,50 kHz,PUFF_LEFT,T005,1,71,L6->L7,R7->R6,45.880278987817846,False,17.97332412347549,17.95724465558195,-0.7600950118764849,8.246211251235321,7.034632049999999
session-2-20261005-50000Hz-600mV,50 kHz,PUFF_LEFT,T005,1,72,L6->L7,R6->R5,23.769728648009426,False,4.207031619116712,3.893805309734513,-1.592920353982301,1.0,7.133174300000007
session-2-20261005-50000Hz-600mV,50 kHz,PUFF_LEFT,T005,1,73,L6->L7,R5->R4,16.643316977093235,False,6.008417681261097,-3.249097472924188,-5.054151624548737,0.9999999999999998,7.231714600000004
session-2-20261005-50000Hz-600mV,50 kHz,PUFF_LEFT,T005,1,74,L6->L7,R4->R3,13.601470508735444,False,10.397504898200726,4.864864864864865,9.18918918918919,1.4142135623730951,7.329700799999998
session-2-20261005-50000Hz-600mV,50 kHz,PUFF_LEFT,T005,1,75,L6->L7,R3->R2,3.1622776601683795,False,31.622776601683793,-30.0,-10.0,1.0,7.4276418000000035
session-2-20261005-50000Hz-600mV,50 kHz,PUFF_LEFT,T005,1,76,L6->L7,R2->R1,61.522353661088104,True,6.501701840009311,-6.446499339498018,-0.8454425363276089,4.000000000000001,7.526651799999996
session-2-20261005-50000Hz-600mV,50 kHz,PUFF_LEFT,T005,1,77,L6->L7,R1->L1,69.26037828369118,True,3.2284951842752494,-1.6885553470919326,2.7517198248905568,2.2360679774997902,7.625657399999994
session-2-20261005-50000Hz-600mV,50 kHz,PUFF_LEFT,T005,1,78,L7->L8,L1->L2,19.026297590440446,False,28.303797843676215,-25.690607734806626,-11.878453038674031,5.385164807134503,7.723672500000006
session-2-20261005-50000Hz-600mV,50 kHz,PUFF_LEFT,T005,1,79,L7->L8,L2->L3,29.427877939124325,False,3.3981383301529244,0.5773672055427251,3.348729792147806,1.0000000000000002,7.821669450000002
session-2-20261005-50000Hz-600mV,50 kHz,PUFF_LEFT,T005,1,80,L7->L8,L3->L4,31.622776601683796,False,20.248456731316587,18.999999999999996,7.000000000000001,6.4031242374328485,7.9202041000000065
session-2-20261005-50000Hz-600mV,50 kHz,PUFF_LEFT,T005,1,81,L7->L8,L4->L5,100.56838469419701,True,4.971741382944287,4.736009491793554,1.5127545975875023,5.0,8.018146050000013
session-2-20261005-50000Hz-600mV,50 kHz,PUFF_LEFT,T005,1,82,L7->L8,L5->L6,221.6528817768901,True,5.4513371884589565,-5.450844697740688,-0.07327498473437809,12.083045973594576,8.114682049999999
session-2-20261005-50000Hz-600mV,50 kHz,PUFF_LEFT,T005,1,83,L7->L8,R8->R7,147.73286702694156,True,14.783663315664622,14.63917525773196,-2.0618556701030926,21.840329667841555,8.21174425000001
session-2-20261005-50000Hz-600mV,50 kHz,PUFF_LEFT,T005,1,84,L7->L8,R7->R6,75.15317691222374,True,10.13366755574267,10.127478753541077,-0.3541076487252124,7.615773105863909,8.31024690000001
session-2-20261005-50000Hz-600mV,50 kHz,PUFF_LEFT,T005,1,85,L7->L8,R6->R5,28.0178514522438,False,12.868764336229072,12.86624203821656,-0.2547770700636941,3.605551275463989,8.408692699999989
session-2-20261005-50000Hz-600mV,50 kHz,PUFF_LEFT,T005,1,86,L7->L8,R5->R4,17.88854381999832,False,5.5901699437494745,-5.0,2.5,1.0000000000000002,8.506152350000008
session-2-20261005-50000Hz-600mV,50 kHz,PUFF_LEFT,T005,1,87,L7->L8,R4->R3,13.0,False,17.20052290384454,-13.017751479289943,11.242603550295858,2.2360679774997902,8.6046872
session-2-20261005-50000Hz-600mV,50 kHz,PUFF_LEFT,T005,1,88,L7->L8,R3->R2,2.23606797749979,False,44.721359549995796,20.0,-40.0,1.0000000000000002,8.7037732
session-2-20261005-50000Hz-600mV,50 kHz,PUFF_LEFT,T005,1,89,L7->L8,R2->R1,56.32051136131489,True,18.107149208503703,-17.276166456494323,-5.422446406052963,10.198039027185567,8.800681700000013
session-2-20261005-50000Hz-600mV,50 kHz,PUFF_LEFT,T005,1,90,L7->L8,R1->L1,74.027022093287,True,6.754290336978739,-3.905109489051095,5.510948905109489,5.000000000000001,8.898612100000008
session-2-20261005-50000Hz-600mV,50 kHz,PUFF_LEFT,T005,1,91,L8->R8,L1->L2,8.54400374531753,False,11.704114719613054,4.10958904109589,10.95890410958904,0.9999999999999997,8.997112150000007
session-2-20261005-50000Hz-600mV,50 kHz,PUFF_LEFT,T005,1,92,L8->R8,L2->L3,26.305892875931807,False,3.8014296063485267,-0.5780346820809248,-3.757225433526011,0.9999999999999997,9.094669949999997
session-2-20261005-50000Hz-600mV,50 kHz,PUFF_LEFT,T005,1,93,L8->R8,L3->L4,31.016124838541646,False,7.209372509105906,-7.172557172557173,-0.7276507276507278,2.2360679774997902,9.191611749999993
session-2-20261005-50000Hz-600mV,50 kHz,PUFF_LEFT,T005,1,94,L8->R8,L4->L5,74.63243262818116,True,2.996107588559899,-2.1005385996409336,-2.1364452423698386,2.23606797749979,9.288658999999996
session-2-20261005-50000Hz-600mV,50 kHz,PUFF_LEFT,T005,1,95,L8->R8,L5->L6,65.14598989960933,True,20.87844628609598,20.876531573986803,-0.2827521206409046,13.601470508735446,9.38630305000001
session-2-20261005-50000Hz-600mV,50 kHz,PUFF_LEFT,T005,1,96,L8->R8,L6->L7,358.3978236541065,True,19.316940883407803,18.942148245607207,-3.7867169070993163,69.2314957226839,9.484242200000011
session-2-20261005-50000Hz-600mV,50 kHz,PUFF_LEFT,T005,1,97,L8->R8,R7->R6,382.602927328059,True,5.259921019956667,-5.256686135874578,-0.18444512757454645,20.12461179749811,9.58326815000001
session-2-20261005-50000Hz-600mV,50 kHz,PUFF_LEFT,T005,1,98,L8->R8,R6->R5,87.32124598286491,True,2.290393337255473,-1.1278688524590164,-1.9934426229508195,2.0,9.681735200000006
session-2-20261005-50000Hz-600mV,50 kHz,PUFF_LEFT,T005,1,99,L8->R8,R5->R4,46.95742752749558,False,6.734350297014741,-6.666666666666668,0.9523809523809524,3.1622776601683804,9.7802978
session-2-20261005-50000Hz-600mV,50 kHz,PUFF_LEFT,T005,1,100,L8->R8,R4->R3,22.80350850198276,False,4.3852900965351465,-2.6923076923076925,3.4615384615384617,1.0,9.879264849999998
session-2-20261005-50000Hz-600mV,50 kHz,PUFF_LEFT,T005,1,101,L8->R8,R3->R2,8.602325267042627,False,16.439898730535727,-16.216216216216218,-2.7027027027027026,1.414213562373095,9.977181349999995
session-2-20261005-50000Hz-600mV,50 kHz,PUFF_LEFT,T005,1,102,L8->R8,R2->R1,47.801673610868484,False,2.9585021936377367,-2.5820568927789935,1.4442013129102846,1.4142135623730951,10.076182250000002
session-2-20261005-50000Hz-600mV,50 kHz,PUFF_LEFT,T005,1,103,L8->R8,R1->L1,88.36288813749809,True,2.2633936510629633,-2.254098360655737,0.20491803278688522,2.0,10.175686350000007
session-2-20261005-50000Hz-600mV,50 kHz,PUFF_LEFT,T005,1,104,R8->R7,L1->L2,10.816653826391969,False,20.672455764868076,-20.51282051282051,-2.564102564102564,2.23606797749979,10.274244049999993
session-2-20261005-50000Hz-600mV,50 kHz,PUFF_LEFT,T005,1,105,R8->R7,L2->L3,16.0,False,6.25,-6.25,0.0,1.0,10.372693749999996
session-2-20261005-50000Hz-600mV,50 kHz,PUFF_LEFT,T005,1,106,R8->R7,L3->L4,17.720045146669353,False,12.618861628126721,-12.420382165605096,-2.229299363057325,2.2360679774997902,10.470624850000007
session-2-20261005-50000Hz-600mV,50 kHz,PUFF_LEFT,T005,1,107,R8->R7,L4->L5,37.85498646149539,False,5.906931124580457,-3.6985345429169576,-4.6057222609909285,2.23606797749979,10.567723099999995
session-2-20261005-50000Hz-600mV,50 kHz,PUFF_LEFT,T005,1,108,R8->R7,L5->L6,19.1049731745428,False,23.40822943922611,21.91780821917808,8.219178082191782,4.472135954999578,10.66472755000001
session-2-20261005-50000Hz-600mV,50 kHz,PUFF_LEFT,T005,1,109,R8->R7,L6->L7,66.18912297349165,True,30.10292016280539,29.696416343300612,-4.930381191508787,19.924858845171272,10.762668149999996
session-2-20261005-50000Hz-600mV,50 kHz,PUFF_LEFT,T005,1,110,R8->R7,L7->L8,149.9399879951976,True,12.949506064766048,12.823592207099011,-1.8014411529223382,19.4164878389476,10.862128049999995
session-2-20261005-50000Hz-600mV,50 kHz,PUFF_LEFT,T005,1,111,R8->R7,R6->R5,209.50656314301943,True,1.3500422527648297,-1.2986125350283646,-0.36907935206069314,2.82842712474619,10.962746400000015
session-2-20261005-50000Hz-600mV,50 kHz,PUFF_LEFT,T005,1,112,R8->R7,R5->R4,60.82762530298219,True,2.3249527748763854,-2.2162162162162167,-0.7027027027027027,1.414213562373095,11.062275900000003
session-2-20261005-50000Hz-600mV,50 kHz,PUFF_LEFT,T005,1,113,R8->R7,R4->R3,24.08318915758459,False,5.872202195147035,5.862068965517241,-0.34482758620689674,1.4142135623730951,11.160681750000009
session-2-20261005-50000Hz-600mV,50 kHz,PUFF_LEFT,T005,1,114,R8->R7,R3->R2,10.295630140987,False,0.0,0.0,0.0,0.0,11.257594400000002
session-2-20261005-50000Hz-600mV,50 kHz,PUFF_LEFT,T005,1,115,R8->R7,R2->R1,36.6742416417845,False,11.242510931487221,-11.003717472118959,-2.304832713754647,4.123105625617661,11.3531725
session-2-20261005-50000Hz-600mV,50 kHz,PUFF_LEFT,T005,1,116,R8->R7,R1->L1,74.00675644831357,True,6.889937835816314,-6.737264926054411,1.4423954719737082,5.099019513592786,11.448706600000008
session-2-20261005-50000Hz-600mV,50 kHz,PUFF_LEFT,T005,1,117,R7->R6,L1->L2,25.455844122715714,False,8.784104611578831,2.7777777777777777,-8.333333333333332,2.23606797749979,11.545666850000003
session-2-20261005-50000Hz-600mV,50 kHz,PUFF_LEFT,T005,1,118,R7->R6,L2->L3,20.024984394500787,False,4.993761694389224,-4.987531172069825,0.24937655860349126,1.0,11.644241800000003
session-2-20261005-50000Hz-600mV,50 kHz,PUFF_LEFT,T005,1,119,R7->R6,L3->L4,26.400757564888174,False,3.7877700953928506,-3.443328550932568,1.5781922525107603,1.0,11.742732650000008
session-2-20261005-50000Hz-600mV,50 kHz,PUFF_LEFT,T005,1,120,R7->R6,L4->L5,46.84015371452148,False,4.2698408126273,-4.102096627164996,1.1850501367365542,2.0000000000000004,11.841681350000002
session-2-20261005-50000Hz-600mV,50 kHz,PUFF_LEFT,T005,1,121,R7->R6,L5->L6,11.045361017187261,False,9.053574604251853,-0.8196721311475409,9.016393442622949,1.0,11.94114780000001
session-2-20261005-50000Hz-600mV,50 kHz,PUFF_LEFT,T005,1,122,R7->R6,L6->L7,58.9406481131655,True,14.495944681356612,14.421416234887738,1.4680483592400695,8.54400374531753,12.039145149999996
session-2-20261005-50000Hz-600mV,50 kHz,PUFF_LEFT,T005,1,123,R7->R6,L7->L8,80.95677859203637,True,11.18545635785486,10.955141898077509,-2.2581629539212695,9.055385138137416,12.135648650000007
session-2-20261005-50000Hz-600mV,50 kHz,PUFF_LEFT,T005,1,124,R7->R6,L8->R8,391.86222068477076,True,4.122748652108421,-4.122274609914299,-0.06251790877595152,16.155494421403514,12.23111505
session-2-20261005-50000Hz-600mV,50 kHz,PUFF_LEFT,T005,1,125,R7->R6,R5->R4,106.06601717798212,True,8.055363982396383,-7.973333333333334,1.1466666666666665,8.544003745317532,12.32811670000001
session-2-20261005-50000Hz-600mV,50 kHz,PUFF_LEFT,T005,1,126,R7->R6,R4->R3,15.264337522473749,False,27.0113630516044,-19.313304721030043,18.884120171673818,4.123105625617661,12.427174699999995
session-2-20261005-50000Hz-600mV,50 kHz,PUFF_LEFT,T005,1,127,R7->R6,R3->R2,22.825424421026653,False,8.762159086766468,-7.677543186180421,4.222648752399232,1.9999999999999996,12.525740900000002
session-2-20261005-50000Hz-600mV,50 kHz,PUFF_LEFT,T005,1,128,R7->R6,R2->R1,28.442925306655788,False,21.38585417891184,-7.169344870210137,-20.14833127317676,6.08276253029822,12.625175049999996
session-2-20261005-50000Hz-600mV,50 kHz,PUFF_LEFT,T005,1,129,R7->R6,R1->L1,79.40403012442125,True,8.815673447596332,-8.770816812053924,0.8881839809674861,6.999999999999997,12.724164349999995
session-2-20261005-50000Hz-600mV,50 kHz,PUFF_LEFT,T005,1,130,R6->R5,L1->L2,10.295630140987,False,13.736056394868903,-3.7735849056603774,13.20754716981132,1.4142135623730951,12.821681850000004
session-2-20261005-50000Hz-600mV,50 kHz,PUFF_LEFT,T005,1,131,R6->R5,L2->L3,26.076809620810597,False,3.8348249442368525,-3.823529411764706,0.2941176470588236,1.0000000000000002,12.920199150000002
session-2-20261005-50000Hz-600mV,50 kHz,PUFF_LEFT,T005,1,132,R6->R5,L3->L4,5.8309518948453,False,34.29971702850176,29.411764705882355,-17.647058823529413,1.9999999999999996,13.017746299999999
session-2-20261005-50000Hz-600mV,50 kHz,PUFF_LEFT,T005,1,133,R6->R5,L4->L5,19.4164878389476,False,11.516335992621968,-11.140583554376656,-2.917771883289125,2.23606797749979,13.115243300000003
session-2-20261005-50000Hz-600mV,50 kHz,PUFF_LEFT,T005,1,134,R6->R5,L5->L6,43.46262762420146,False,2.3008272961461866,2.1175224986765486,0.8999470619375332,1.0,13.213262150000006
session-2-20261005-50000Hz-600mV,50 kHz,PUFF_LEFT,T005,1,135,R6->R5,L6->L7,26.248809496813376,False,8.518740546199819,8.41799709724238,1.3062409288824381,2.2360679774997894,13.312280049999998
session-2-20261005-50000Hz-600mV,50 kHz,PUFF_LEFT,T005,1,136,R6->R5,L7->L8,25.298221281347036,False,16.29800601300662,16.249999999999996,-1.2499999999999998,4.12310562561766,13.411678899999998
session-2-20261005-50000Hz-600mV,50 kHz,PUFF_LEFT,T005,1,137,R6->R5,L8->R8,84.30895563343198,True,2.3722272266019124,-2.1947101857062465,0.9003939223410242,2.0000000000000004,13.508674150000004
session-2-20261005-50000Hz-600mV,50 kHz,PUFF_LEFT,T005,1,138,R6->R5,R8->R7,202.2325394193526,True,0.9889605331280384,0.914470145239376,-0.3765465303926842,2.0,13.604689400000012
session-2-20261005-50000Hz-600mV,50 kHz,PUFF_LEFT,T005,1,139,R6->R5,R4->R3,394.62007044751283,True,0.5666381780744225,0.5650987317386418,0.041740247230695145,2.2360679774997894,13.701713500000011
session-2-20261005-50000Hz-600mV,50 kHz,PUFF_LEFT,T005,1,140,R6->R5,R3->R2,213.55093069335942,True,1.324474267362274,-1.219191299008859,-0.5174984650469258,2.82842712474619,13.798663099999999
session-2-20261005-50000Hz-600mV,50 kHz,PUFF_LEFT,T005,1,141,R6->R5,R2->R1,145.6605643267937,True,6.865276161888755,5.6087099967007585,-3.95908940943583,10.000000000000002,13.89512400000001
session-2-20261005-50000Hz-600mV,50 kHz,PUFF_LEFT,T005,1,142,R6->R5,R1->L1,107.67079455451234,True,7.430055692539452,-7.383766065729319,0.8280859139135686,8.000000000000002,13.99268275
session-2-20261005-50000Hz-600mV,50 kHz,PUFF_LEFT,T005,1,143,R5->R4,L1->L2,69.83552104767314,True,1.4319360477275611,-0.6971498872257536,-1.2507689153167931,0.9999999999999999,14.09125745
session-2-20261005-50000Hz-600mV,50 kHz,PUFF_LEFT,T005,1,144,R5->R4,L2->L3,14.0356688476182,False,0.0,0.0,0.0,0.0,14.190759100000008
session-2-20261005-50000Hz-600mV,50 kHz,PUFF_LEFT,T005,1,145,R5->R4,L3->L4,62.6418390534633,True,3.5696078073176603,-3.516819571865443,-0.6116207951070336,2.236067977499789,14.289205300000006
session-2-20261005-50000Hz-600mV,50 kHz,PUFF_LEFT,T005,1,146,R5->R4,L4->L5,73.97972695272672,True,3.0225415388848953,-2.941713868079664,-0.694317558925635,2.23606797749979,14.387126749999993
session-2-20261005-50000Hz-600mV,50 kHz,PUFF_LEFT,T005,1,147,R5->R4,L5->L6,13.453624047073712,False,7.432941462471663,-5.524861878453039,-4.972375690607735,1.0000000000000002,14.4861559
session-2-20261005-50000Hz-600mV,50 kHz,PUFF_LEFT,T005,1,148,R5->R4,L6->L7,28.861739379323623,False,3.464794643376185,0.8403361344537815,3.361344537815126,0.9999999999999999,14.58523575000001
session-2-20261005-50000Hz-600mV,50 kHz,PUFF_LEFT,T005,1,149,R5->R4,L7->L8,26.019223662515373,False,3.8433122101204393,0.14771048744460857,-3.8404726735598227,0.9999999999999999,14.684255750000005
session-2-20261005-50000Hz-600mV,50 kHz,PUFF_LEFT,T005,1,150,R5->R4,L8->R8,52.17278984298233,True,6.061162666756896,-5.216752387950036,3.0859662013225564,3.1622776601683795,14.786321549999997
session-2-20261005-50000Hz-600mV,50 kHz,PUFF_LEFT,T005,1,151,R5->R4,R8->R7,66.49060083951716,True,2.126937558868606,1.1535851617281159,-1.7869260348337481,1.414213562373095,14.88933625
session-2-20261005-50000Hz-600mV,50 kHz,PUFF_LEFT,T005,1,152,R5->R4,R7->R6,101.5332457867865,True,8.121685845197788,-8.109418954311765,0.44621204772528866,8.24621125123532,14.988185299999998
session-2-20261005-50000Hz-600mV,50 kHz,PUFF_LEFT,T005,1,153,R5->R4,R3->R2,292.5149568825499,True,1.5288571916666895,-1.512300590194589,-0.22439081400105182,4.4721359549995805,15.085621650000007
session-2-20261005-50000Hz-600mV,50 kHz,PUFF_LEFT,T005,1,154,R5->R4,R2->R1,67.68308503607086,True,11.911776397310893,-11.853307138179437,-1.1787819253438114,8.06225774829855,15.183189099999993
session-2-20261005-50000Hz-600mV,50 kHz,PUFF_LEFT,T005,1,155,R5->R4,R1->L1,31.304951684997057,False,16.288220358559112,-15.714285714285714,-4.285714285714286,5.0990195135927845,15.280737049999999
session-2-20261005-50000Hz-600mV,50 kHz,PUFF_LEFT,T005,1,156,R4->R3,L1->L2,44.181444068749045,False,2.2633936510629633,-2.254098360655737,0.20491803278688522,1.0,15.379170649999992
session-2-20261005-50000Hz-600mV,50 kHz,PUFF_LEFT,T005,1,157,R4->R3,L2->L3,11.40175425099138,False,0.0,0.0,0.0,0.0,15.477172999999993
session-2-20261005-50000Hz-600mV,50 kHz,PUFF_LEFT,T005,1,158,R4->R3,L3->L4,47.51841748206689,False,4.7056869651512825,-4.472984942426927,-1.4614703277236494,2.23606797749979,15.574177600000013
session-2-20261005-50000Hz-600mV,50 kHz,PUFF_LEFT,T005,1,159,R4->R3,L4->L5,25.0,False,8.94427190999916,-8.799999999999999,1.6,2.23606797749979,15.671637349999997
session-2-20261005-50000Hz-600mV,50 kHz,PUFF_LEFT,T005,1,160,R4->R3,L5->L6,3.6055512754639896,False,0.0,0.0,0.0,0.0,15.7681958
session-2-20261005-50000Hz-600mV,50 kHz,PUFF_LEFT,T005,1,161,R4->R3,L6->L7,5.8309518948453,False,17.14985851425088,-8.823529411764707,-14.705882352941178,0.9999999999999998,15.866794850000005
session-2-20261005-50000Hz-600mV,50 kHz,PUFF_LEFT,T005,1,162,R4->R3,L7->L8,12.041594578792296,False,26.26128657194451,-13.10344827586207,22.75862068965517,3.162277660168379,15.967757800000001
session-2-20261005-50000Hz-600mV,50 kHz,PUFF_LEFT,T005,1,163,R4->R3,L8->R8,21.470910553583888,False,10.414406840917835,6.073752711496747,-8.459869848156181,2.2360679774997894,16.0661298
session-2-20261005-50000Hz-600mV,50 kHz,PUFF_LEFT,T005,1,164,R4->R3,R8->R7,20.591260281974,False,6.868028197434452,-1.8867924528301887,6.60377358490566,1.4142135623730951,16.16370635
session-2-20261005-50000Hz-600mV,50 kHz,PUFF_LEFT,T005,1,165,R4->R3,R7->R6,21.470910553583888,False,13.972392984978669,-12.364425162689804,6.507592190889371,2.9999999999999996,16.261233599999997
session-2-20261005-50000Hz-600mV,50 kHz,PUFF_LEFT,T005,1,166,R4->R3,R6->R5,376.3641853311763,True,0.5314001910782581,0.5068831627250265,-0.1595481821390752,2.0000000000000004,16.359256399999992
session-2-20261005-50000Hz-600mV,50 kHz,PUFF_LEFT,T005,1,167,R4->R3,R2->R1,562.8943062422999,True,1.4322862496370896,1.2886223765188576,-0.6252169796433644,8.062257748298551,16.458207150000007
session-2-20261005-50000Hz-600mV,50 kHz,PUFF_LEFT,T005,1,168,R4->R3,R1->L1,123.79418403139945,True,6.4623391337761555,-6.36867862969005,1.0962479608482871,7.999999999999999,16.558134300000006
session-2-20261005-50000Hz-600mV,50 kHz,PUFF_LEFT,T005,1,169,R3->R2,L1->L2,30.80584360149873,False,3.2461373658059776,-1.8967334035827188,-2.634351949420443,1.0000000000000002,16.657207150000005
session-2-20261005-50000Hz-600mV,50 kHz,PUFF_LEFT,T005,1,170,R3->R2,L2->L3,25.01999200639361,False,3.9968038348871584,-3.993610223642172,0.1597444089456869,1.0000000000000002,16.756285950000006
session-2-20261005-50000Hz-600mV,50 kHz,PUFF_LEFT,T005,1,171,R3->R2,L3->L4,16.1245154965971,False,6.201736729460423,5.384615384615385,3.076923076923077,0.9999999999999999,16.856839649999998
session-2-20261005-50000Hz-600mV,50 kHz,PUFF_LEFT,T005,1,172,R3->R2,L4->L5,8.485281374238571,False,0.0,0.0,0.0,0.0,16.956392100000002
session-2-20261005-50000Hz-600mV,50 kHz,PUFF_LEFT,T005,1,173,R3->R2,L5->L6,10.770329614269007,False,0.0,0.0,0.0,0.0,17.056944450000003
session-2-20261005-50000Hz-600mV,50 kHz,PUFF_LEFT,T005,1,174,R3->R2,L6->L7,13.341664064126334,False,0.0,0.0,0.0,0.0,17.15778850000001
session-2-20261005-50000Hz-600mV,50 kHz,PUFF_LEFT,T005,1,175,R3->R2,L7->L8,10.295630140987,False,21.718612138153464,21.698113207547166,0.9433962264150947,2.2360679774997894,17.256686050000013
session-2-20261005-50000Hz-600mV,50 kHz,PUFF_LEFT,T005,1,176,R3->R2,L8->R8,15.03329637837291,False,14.874102932718241,-13.716814159292037,5.7522123893805315,2.2360679774997902,17.3549309
session-2-20261005-50000Hz-600mV,50 kHz,PUFF_LEFT,T005,1,177,R3->R2,R8->R7,19.026297590440446,False,11.752512368056712,10.773480662983426,-4.696132596685083,2.2360679774997894,17.454465
session-2-20261005-50000Hz-600mV,50 kHz,PUFF_LEFT,T005,1,178,R3->R2,R7->R6,25.01999200639361,False,7.993607669774317,-7.987220447284344,-0.3194888178913738,2.0000000000000004,17.55379260000001
session-2-20261005-50000Hz-600mV,50 kHz,PUFF_LEFT,T005,1,179,R3->R2,R6->R5,233.85465571589546,True,0.9561785163757169,-0.607080163838502,-0.7387361029842012,2.23606797749979,17.651767750000005
session-2-20261005-50000Hz-600mV,50 kHz,PUFF_LEFT,T005,1,180,R3->R2,R5->R4,319.513692977312,True,1.6854253590680677,-1.6750090607215278,-0.18709165532035774,5.385164807134505,17.750798700000004
session-2-20261005-50000Hz-600mV,50 kHz,PUFF_LEFT,T005,1,181,R3->R2,R1->L1,74.16872656315464,True,8.201249788371046,-7.980367205962552,1.8905653517542265,6.082762530298219,17.851724899999994
session-2-20261005-50000Hz-600mV,50 kHz,PUFF_LEFT,T005,1,182,R2->R1,L1->L2,381.6346420334506,True,2.3436740077739553,2.153180679048371,0.9255381235195167,8.94427190999916,17.950705349999993
session-2-20261005-50000Hz-600mV,50 kHz,PUFF_LEFT,T005,1,183,R2->R1,L2->L3,20.808652046684813,False,4.805693313322127,3.9260969976905304,2.771362586605081,1.0,18.04772145000001
session-2-20261005-50000Hz-600mV,50 kHz,PUFF_LEFT,T005,1,184,R2->R1,L3->L4,22.0,False,10.163945352271773,9.090909090909092,4.545454545454546,2.23606797749979,18.145787900000002
session-2-20261005-50000Hz-600mV,50 kHz,PUFF_LEFT,T005,1,185,R2->R1,L4->L5,20.615528128088304,False,9.70142500145332,9.411764705882353,-2.3529411764705883,2.0,18.24318205
session-2-20261005-50000Hz-600mV,50 kHz,PUFF_LEFT,T005,1,186,R2->R1,L5->L6,21.2602916254693,False,4.703604341917987,-3.0973451327433628,3.5398230088495577,1.0,18.340170099999995
session-2-20261005-50000Hz-600mV,50 kHz,PUFF_LEFT,T005,1,187,R2->R1,L6->L7,7.615773105863909,False,29.361010975735173,-22.413793103448278,18.96551724137931,2.23606797749979,18.436740549999996
session-2-20261005-50000Hz-600mV,50 kHz,PUFF_LEFT,T005,1,188,R2->R1,L7->L8,14.317821063276352,False,34.92151478847891,7.3170731707317085,34.146341463414636,4.999999999999999,18.5327403
session-2-20261005-50000Hz-600mV,50 kHz,PUFF_LEFT,T005,1,189,R2->R1,L8->R8,14.422205101855958,False,46.513025470953174,-46.15384615384615,-5.769230769230768,6.70820393249937,18.628332150000006
session-2-20261005-50000Hz-600mV,50 kHz,PUFF_LEFT,T005,1,190,R2->R1,R8->R7,23.40939982143925,False,19.10401799752175,18.978102189781023,-2.1897810218978098,4.47213595499958,18.725345599999997
session-2-20261005-50000Hz-600mV,50 kHz,PUFF_LEFT,T005,1,191,R2->R1,R7->R6,37.64306044943742,False,3.7569037838267225,1.7642907551164428,3.3168666196189127,1.414213562373095,18.823677950000004
session-2-20261005-50000Hz-600mV,50 kHz,PUFF_LEFT,T005,1,192,R2->R1,R6->R5,153.46986674914396,True,3.9095622659315743,3.8975926633549864,-0.30569354222392053,6.000000000000001,18.9220452
session-2-20261005-50000Hz-600mV,50 kHz,PUFF_LEFT,T005,1,193,R2->R1,R5->R4,8.602325267042627,False,23.249527748763857,-18.91891891891892,13.513513513513514,2.0,19.019566749999996
session-2-20261005-50000Hz-600mV,50 kHz,PUFF_LEFT,T005,1,194,R2->R1,R4->R3,502.7255712612996,True,1.887079854860656,1.8197069634752878,0.4997368764664685,9.486832980505136,19.117620750000015
session-2-20261005-50000Hz-600mV,50 kHz,PUFF_LEFT,T005,1,195,R1->L1,L2->L3,27.313000567495326,False,3.6612601296910627,-3.351206434316354,1.4745308310991958,1.0000000000000002,19.216120450000005
session-2-20261005-50000Hz-600mV,50 kHz,PUFF_LEFT,T005,1,196,R1->L1,L3->L4,34.785054261852174,False,2.8747978728803454,2.7272727272727275,-0.9090909090909091,1.0000000000000002,19.312690250000003
session-2-20261005-50000Hz-600mV,50 kHz,PUFF_LEFT,T005,1,197,R1->L1,L4->L5,31.38470965295043,False,4.506059090593329,4.365482233502538,1.116751269035533,1.414213562373095,19.409735900000015
session-2-20261005-50000Hz-600mV,50 kHz,PUFF_LEFT,T005,1,198,R1->L1,L5->L6,11.180339887498949,False,0.0,0.0,0.0,0.0,19.50812350000001
session-2-20261005-50000Hz-600mV,50 kHz,PUFF_LEFT,T005,1,199,R1->L1,L6->L7,12.0,False,11.785113019775793,8.333333333333332,8.333333333333332,1.414213562373095,19.607118500000013
session-2-20261005-50000Hz-600mV,50 kHz,PUFF_LEFT,T005,1,200,R1->L1,L7->L8,12.36931687685298,False,24.253562503633297,23.52941176470588,5.88235294117647,2.9999999999999996,19.70568025
session-2-20261005-50000Hz-600mV,50 kHz,PUFF_LEFT,T005,1,201,R1->L1,L8->R8,21.023796041628636,False,6.726727939963125,-4.524886877828053,4.97737556561086,1.4142135623730947,19.80882650000001
session-2-20261005-50000Hz-600mV,50 kHz,PUFF_LEFT,T005,1,202,R1->L1,R8->R7,15.03329637837291,False,18.814417367671947,14.15929203539823,-12.389380530973453,2.8284271247461903,19.91125550000001
session-2-20261005-50000Hz-600mV,50 kHz,PUFF_LEFT,T005,1,203,R1->L1,R7->R6,5.0,False,20.0,-16.0,-12.0,1.0,20.008150400000005
session-2-20261005-50000Hz-600mV,50 kHz,PUFF_LEFT,T005,1,204,R1->L1,R6->R5,35.0,False,2.857142857142857,-2.857142857142857,0.0,1.0,20.104687049999995
session-2-20261005-50000Hz-600mV,50 kHz,PUFF_LEFT,T005,1,205,R1->L1,R5->R4,51.47815070493499,True,0.0,0.0,0.0,0.0,20.201268099999993
session-2-20261005-50000Hz-600mV,50 kHz,PUFF_LEFT,T005,1,206,R1->L1,R4->R3,53.23532661682465,True,1.8784518919133613,-1.8701482004234298,-0.17642907551164436,0.9999999999999999,20.298190000000005
session-2-20261005-50000Hz-600mV,50 kHz,PUFF_LEFT,T005,1,207,R1->L1,R3->R2,5.8309518948453,False,0.0,0.0,0.0,0.0,20.395163550000007
session-2-20261005-50000Hz-600mV,50 kHz,PUFF_RIGHT,T006,1,0,L1->L2,L3->L4,343.42393626536864,True,6.359582825049567,6.354078344921148,-0.2645412921824655,21.840329667841555,0.049867699999992965
session-2-20261005-50000Hz-600mV,50 kHz,PUFF_RIGHT,T006,1,1,L1->L2,L4->L5,106.7379969832674,True,2.0949128152089296,-2.0538927411568504,-0.41253401211270074,2.2360679774997894,0.14930325000000266
session-2-20261005-50000Hz-600mV,50 kHz,PUFF_RIGHT,T006,1,2,L1->L2,L5->L6,96.84007434941385,True,2.309031661243581,2.271273192578375,0.4158669225847728,2.23606797749979,0.247295500000007
session-2-20261005-50000Hz-600mV,50 kHz,PUFF_RIGHT,T006,1,3,L1->L2,L6->L7,56.46237685397242,True,1.7710908674395363,1.631116687578419,-0.6900878293601004,1.0000000000000002,0.34383939999999313
session-2-20261005-50000Hz-600mV,50 kHz,PUFF_RIGHT,T006,1,4,L1->L2,L7->L8,21.095023109728984,False,4.740454631399772,-4.719101123595506,-0.44943820224719105,0.9999999999999999,0.44077665000000366
session-2-20261005-50000Hz-600mV,50 kHz,PUFF_RIGHT,T006,1,5,L1->L2,L8->R8,7.211102550927979,False,31.00868364730211,-26.923076923076923,15.384615384615389,2.2360679774997894,0.5387170500000025
session-2-20261005-50000Hz-600mV,50 kHz,PUFF_RIGHT,T006,1,6,L1->L2,R8->R7,4.0,False,134.6291201783626,-50.0,125.0,5.385164807134504,0.6428160000000105
session-2-20261005-50000Hz-600mV,50 kHz,PUFF_RIGHT,T006,1,7,L1->L2,R7->R6,25.0,False,4.0,3.2,-2.4,1.0,0.7463817000000006
session-2-20261005-50000Hz-600mV,50 kHz,PUFF_RIGHT,T006,1,8,L1->L2,R6->R5,11.40175425099138,False,8.770580193070291,8.461538461538462,2.307692307692308,0.9999999999999999,0.8438525999999911
session-2-20261005-50000Hz-600mV,50 kHz,PUFF_RIGHT,T006,1,9,L1->L2,R5->R4,72.11102550927978,True,0.0,0.0,0.0,0.0,0.9443258000000014
session-2-20261005-50000Hz-600mV,50 kHz,PUFF_RIGHT,T006,1,10,L1->L2,R4->R3,52.15361924162119,True,1.9174124721184262,1.911764705882353,-0.1470588235294118,1.0000000000000002,1.0453308499999991
session-2-20261005-50000Hz-600mV,50 kHz,PUFF_RIGHT,T006,1,11,L1->L2,R3->R2,29.410882339705488,False,3.4001020045902295,-3.236994219653179,1.0404624277456647,1.0,1.1448415499999953
session-2-20261005-50000Hz-600mV,50 kHz,PUFF_RIGHT,T006,1,12,L1->L2,R2->R1,435.2470562795342,True,1.3975424859373686,1.25,-0.625,6.08276253029822,1.2429123499999974
session-2-20261005-50000Hz-600mV,50 kHz,PUFF_RIGHT,T006,1,13,L2->L3,L4->L5,290.73871431235295,True,4.0258484111423725,-4.025837286611695,0.009464207550071487,11.704699910719624,1.340171650000002
session-2-20261005-50000Hz-600mV,50 kHz,PUFF_RIGHT,T006,1,14,L2->L3,L5->L6,193.2174940319846,True,3.9415546423571874,-3.9294993705300945,-0.3080384646291485,7.61577310586391,1.4376357499999983
session-2-20261005-50000Hz-600mV,50 kHz,PUFF_RIGHT,T006,1,15,L2->L3,L6->L7,51.07837115648854,True,4.377719819312874,-3.334610962054427,-2.8363357608279034,2.2360679774997894,1.5338476499999985
session-2-20261005-50000Hz-600mV,50 kHz,PUFF_RIGHT,T006,1,16,L2->L3,L7->L8,22.02271554554524,False,10.15346165133619,-8.8659793814433,4.948453608247423,2.2360679774997894,1.6308358499999969
session-2-20261005-50000Hz-600mV,50 kHz,PUFF_RIGHT,T006,1,17,L2->L3,L8->R8,18.248287590894655,False,16.439898730535727,-16.216216216216218,2.7027027027027026,2.999999999999999,1.7308267999999885
session-2-20261005-50000Hz-600mV,50 kHz,PUFF_RIGHT,T006,1,18,L2->L3,R8->R7,11.0,False,0.0,0.0,0.0,0.0,1.831356249999999
session-2-20261005-50000Hz-600mV,50 kHz,PUFF_RIGHT,T006,1,19,L2->L3,R7->R6,7.211102550927979,False,19.6116135138184,19.23076923076923,-3.846153846153847,1.4142135623730951,1.929287500000001
session-2-20261005-50000Hz-600mV,50 kHz,PUFF_RIGHT,T006,1,20,L2->L3,R6->R5,21.095023109728984,False,4.740454631399772,-0.44943820224719105,-4.719101123595506,0.9999999999999999,2.0262591000000043
session-2-20261005-50000Hz-600mV,50 kHz,PUFF_RIGHT,T006,1,21,L2->L3,R5->R4,4.0,False,25.0,25.0,0.0,1.0,2.1242723000000012
session-2-20261005-50000Hz-600mV,50 kHz,PUFF_RIGHT,T006,1,22,L2->L3,R4->R3,15.0,False,6.666666666666667,4.0,-5.333333333333334,1.0,2.2222414000000015
session-2-20261005-50000Hz-600mV,50 kHz,PUFF_RIGHT,T006,1,23,L2->L3,R3->R2,10.04987562112089,False,9.950371902099892,-9.900990099009901,0.9900990099009903,1.0,2.3187058999999977
session-2-20261005-50000Hz-600mV,50 kHz,PUFF_RIGHT,T006,1,24,L2->L3,R2->R1,59.304300012730955,True,8.43109184144597,-8.38783053738982,0.8529997156667614,5.000000000000001,2.4152694499999967
session-2-20261005-50000Hz-600mV,50 kHz,PUFF_RIGHT,T006,1,25,L2->L3,R1->L1,28.844410203711917,False,10.963225241337863,-10.576923076923077,-2.8846153846153846,3.162277660168379,2.5128985000000057
session-2-20261005-50000Hz-600mV,50 kHz,PUFF_RIGHT,T006,1,26,L3->L4,L1->L2,370.7344062802911,True,5.891098667364939,5.880213032216757,0.35796397078082715,21.84032966784155,2.6102855500000004
session-2-20261005-50000Hz-600mV,50 kHz,PUFF_RIGHT,T006,1,27,L3->L4,L5->L6,297.5987231155403,True,1.2115479655684422,-1.1731496640885226,-0.3026026082538249,3.6055512754639896,2.7074512000000084
session-2-20261005-50000Hz-600mV,50 kHz,PUFF_RIGHT,T006,1,28,L3->L4,L6->L7,29.120439557122076,False,3.434014098717226,-3.30188679245283,0.9433962264150944,1.0000000000000002,2.8044550500000014
session-2-20261005-50000Hz-600mV,50 kHz,PUFF_RIGHT,T006,1,29,L3->L4,L7->L8,22.47220505424423,False,4.4499415948998475,3.762376237623762,-2.376237623762376,0.9999999999999999,2.9012564500000053
session-2-20261005-50000Hz-600mV,50 kHz,PUFF_RIGHT,T006,1,30,L3->L4,L8->R8,21.470910553583888,False,6.586649219387841,1.9522776572668112,-6.290672451193058,1.4142135623730947,2.9987595999999996
session-2-20261005-50000Hz-600mV,50 kHz,PUFF_RIGHT,T006,1,31,L3->L4,R8->R7,8.485281374238571,False,37.26779962499649,-33.33333333333333,16.666666666666664,3.1622776601683795,3.0967654499999924
session-2-20261005-50000Hz-600mV,50 kHz,PUFF_RIGHT,T006,1,32,L3->L4,R7->R6,25.80697580112788,False,7.749842582921285,4.504504504504505,6.306306306306306,1.9999999999999998,3.1953454499999907
session-2-20261005-50000Hz-600mV,50 kHz,PUFF_RIGHT,T006,1,33,L3->L4,R6->R5,16.0312195418814,False,6.237828615518054,6.22568093385214,-0.38910505836575876,1.0000000000000002,3.2938455999999974
session-2-20261005-50000Hz-600mV,50 kHz,PUFF_RIGHT,T006,1,34,L3->L4,R5->R4,63.89053137985315,True,3.4998425106304527,-3.454189122978932,-0.5634492895639392,2.23606797749979,3.3912719999999865
session-2-20261005-50000Hz-600mV,50 kHz,PUFF_RIGHT,T006,1,35,L3->L4,R4->R3,63.0,True,3.1746031746031744,-3.1746031746031744,0.0,2.0,3.488703600000008
session-2-20261005-50000Hz-600mV,50 kHz,PUFF_RIGHT,T006,1,36,L3->L4,R3->R2,16.15549442140351,False,0.0,0.0,0.0,0.0,3.5862744499999906
session-2-20261005-50000Hz-600mV,50 kHz,PUFF_RIGHT,T006,1,37,L3->L4,R2->R1,33.28663395418647,False,18.27388896897816,-16.787003610108307,-7.220216606498196,6.082762530298219,3.6832594500000084
session-2-20261005-50000Hz-600mV,50 kHz,PUFF_RIGHT,T006,1,38,L3->L4,R1->L1,139.30183056945089,True,5.025059592817089,-4.978098428240145,0.6853903633084257,7.000000000000001,3.781758499999995
session-2-20261005-50000Hz-600mV,50 kHz,PUFF_RIGHT,T006,1,39,L4->L5,L1->L2,87.66413177577247,True,1.6132180102922524,-1.3402732595966165,-0.8978529603122966,1.414213562373095,3.8797705000000065
session-2-20261005-50000Hz-600mV,50 kHz,PUFF_RIGHT,T006,1,40,L4->L5,L2->L3,286.0,True,3.7658495154786737,-3.7654653039268426,0.053792361484669246,10.770329614269007,3.976721699999999
session-2-20261005-50000Hz-600mV,50 kHz,PUFF_RIGHT,T006,1,41,L4->L5,L6->L7,214.7091055358389,True,0.4657464328326223,0.420824295010846,-0.19956616052060738,1.0,4.07536485
session-2-20261005-50000Hz-600mV,50 kHz,PUFF_RIGHT,T006,1,42,L4->L5,L7->L8,75.96051605933178,True,2.9437240470473185,-2.166377816291161,1.9930675909878686,2.23606797749979,4.174970700000003
session-2-20261005-50000Hz-600mV,50 kHz,PUFF_RIGHT,T006,1,43,L4->L5,L8->R8,53.450912059571074,True,7.483501863433123,-7.140357017850893,2.24011200560028,4.000000000000001,4.275353949999996
session-2-20261005-50000Hz-600mV,50 kHz,PUFF_RIGHT,T006,1,44,L4->L5,R8->R7,23.345235059857504,False,6.057825328153826,-4.954128440366972,-3.486238532110092,1.414213562373095,4.373760900000008
session-2-20261005-50000Hz-600mV,50 kHz,PUFF_RIGHT,T006,1,45,L4->L5,R7->R6,22.360679774997898,False,8.94427190999916,8.8,-1.6,2.0,4.470729750000004
session-2-20261005-50000Hz-600mV,50 kHz,PUFF_RIGHT,T006,1,46,L4->L5,R6->R5,7.280109889280519,False,19.425717247145283,-16.9811320754717,-9.433962264150944,1.4142135623730951,4.568769750000001
session-2-20261005-50000Hz-600mV,50 kHz,PUFF_RIGHT,T006,1,47,L4->L5,R5->R4,45.60701700396552,False,4.385290096535146,-4.230769230769231,1.153846153846154,1.9999999999999998,4.666709949999984
session-2-20261005-50000Hz-600mV,50 kHz,PUFF_RIGHT,T006,1,48,L4->L5,R4->R3,36.06937759374287,False,6.199352821346414,-5.841660261337433,2.0753266717909296,2.23606797749979,4.763245299999994
session-2-20261005-50000Hz-600mV,50 kHz,PUFF_RIGHT,T006,1,49,L4->L5,R3->R2,16.1245154965971,False,6.201736729460423,-0.7692307692307693,6.153846153846154,0.9999999999999999,4.859789999999975
session-2-20261005-50000Hz-600mV,50 kHz,PUFF_RIGHT,T006,1,50,L4->L5,R2->R1,126.19429464123962,True,3.267267856553518,-3.120879120879121,0.967032967032967,4.123105625617661,4.95770564999998
session-2-20261005-50000Hz-600mV,50 kHz,PUFF_RIGHT,T006,1,51,L4->L5,R1->L1,37.0,False,11.14352871788557,-6.06281957633309,-9.349890430971513,4.123105625617661,5.055712700000015
session-2-20261005-50000Hz-600mV,50 kHz,PUFF_RIGHT,T006,1,52,L5->L6,L1->L2,105.94810050208545,True,2.1105314459656364,2.084632516703786,0.32962138084632514,2.2360679774997894,5.152732500000013
session-2-20261005-50000Hz-600mV,50 kHz,PUFF_RIGHT,T006,1,53,L5->L6,L2->L3,211.1516043036377,True,2.7615001619690966,-2.7206459571604804,-0.47325333632387584,5.830951894845301,5.24825229999999
session-2-20261005-50000Hz-600mV,50 kHz,PUFF_RIGHT,T006,1,54,L5->L6,L3->L4,327.6171546180084,True,1.258513349346763,-1.2437926825859706,0.19192606188217975,4.123105625617661,5.344750949999991
session-2-20261005-50000Hz-600mV,50 kHz,PUFF_RIGHT,T006,1,55,L5->L6,L7->L8,211.29363454680785,True,1.4966270360917289,-1.1042669951842312,1.0101915108074813,3.1622776601683795,5.441757150000001
session-2-20261005-50000Hz-600mV,50 kHz,PUFF_RIGHT,T006,1,56,L5->L6,L8->R8,62.39390995922599,True,5.068247305281729,-3.8787567428718215,3.262265604931929,3.1622776601683795,5.539268349999986
session-2-20261005-50000Hz-600mV,50 kHz,PUFF_RIGHT,T006,1,57,L5->L6,R8->R7,19.6468827043885,False,11.381286340149634,11.139896373056994,2.3316062176165806,2.2360679774997894,5.640791549999989
session-2-20261005-50000Hz-600mV,50 kHz,PUFF_RIGHT,T006,1,58,L5->L6,R7->R6,3.1622776601683795,False,63.245553203367585,60.0,20.0,2.0,5.740815950000012
session-2-20261005-50000Hz-600mV,50 kHz,PUFF_RIGHT,T006,1,59,L5->L6,R6->R5,42.720018726587654,False,5.234239225902136,3.8356164383561637,3.5616438356164384,2.2360679774997894,5.83631299999999
session-2-20261005-50000Hz-600mV,50 kHz,PUFF_RIGHT,T006,1,60,L5->L6,R5->R4,6.0,False,37.26779962499649,-16.666666666666664,-33.33333333333333,2.23606797749979,5.932348899999994
session-2-20261005-50000Hz-600mV,50 kHz,PUFF_RIGHT,T006,1,61,L5->L6,R4->R3,8.0,False,17.67766952966369,12.5,-12.5,1.4142135623730951,6.030333649999989
session-2-20261005-50000Hz-600mV,50 kHz,PUFF_RIGHT,T006,1,62,L5->L6,R3->R2,3.1622776601683795,False,44.721359549995796,-20.0,40.0,1.4142135623730951,6.128786349999984
session-2-20261005-50000Hz-600mV,50 kHz,PUFF_RIGHT,T006,1,63,L5->L6,R2->R1,38.8329756778952,False,10.300524052492095,-10.079575596816976,-2.122015915119363,4.0,6.226299050000023
session-2-20261005-50000Hz-600mV,50 kHz,PUFF_RIGHT,T006,1,64,L5->L6,R1->L1,79.40403012442125,True,6.2969096054259515,-6.26486915146709,0.63441712926249,4.999999999999998,6.3233531999999855
session-2-20261005-50000Hz-600mV,50 kHz,PUFF_RIGHT,T006,1,65,L6->L7,L1->L2,52.0,True,1.923076923076923,1.7751479289940828,-0.7396449704142012,0.9999999999999999,6.4197374999999965
session-2-20261005-50000Hz-600mV,50 kHz,PUFF_RIGHT,T006,1,66,L6->L7,L2->L3,55.362442142665635,True,2.5544638343965267,-2.316476345840131,-1.0766721044045677,1.4142135623730951,6.515766849999977
session-2-20261005-50000Hz-600mV,50 kHz,PUFF_RIGHT,T006,1,67,L6->L7,L3->L4,45.221676218380054,False,2.211328910434233,-2.1026894865525674,0.684596577017115,1.0000000000000002,6.6123316000000045
session-2-20261005-50000Hz-600mV,50 kHz,PUFF_RIGHT,T006,1,68,L6->L7,L4->L5,247.3418686757258,True,0.0,0.0,0.0,0.0,6.710953749999987
session-2-20261005-50000Hz-600mV,50 kHz,PUFF_RIGHT,T006,1,69,L6->L7,L8->R8,344.30509726113553,True,3.8966625738982796,-3.892160005398748,-0.18726907698277467,13.416407864998739,6.8104028999999855
session-2-20261005-50000Hz-600mV,50 kHz,PUFF_RIGHT,T006,1,70,L6->L7,R8->R7,60.415229867972855,True,7.402332101976053,7.397260273972603,-0.273972602739726,4.47213595499958,6.909310249999976
session-2-20261005-50000Hz-600mV,50 kHz,PUFF_RIGHT,T006,1,71,L6->L7,R7->R6,45.880278987817846,False,15.25709990093705,14.631828978622327,-4.323040380047506,6.999999999999998,7.009368349999988
session-2-20261005-50000Hz-600mV,50 kHz,PUFF_RIGHT,T006,1,72,L6->L7,R6->R5,23.769728648009426,False,5.949641173087296,5.486725663716814,2.300884955752212,1.4142135623730951,7.108827050000002
session-2-20261005-50000Hz-600mV,50 kHz,PUFF_RIGHT,T006,1,73,L6->L7,R5->R4,16.643316977093235,False,19.00028500641266,-18.4115523465704,4.693140794223828,3.162277660168379,7.20621675000001
session-2-20261005-50000Hz-600mV,50 kHz,PUFF_RIGHT,T006,1,74,L6->L7,R4->R3,13.601470508735444,False,14.704292441876158,-4.324324324324325,14.054054054054054,2.0000000000000004,7.303284899999994
session-2-20261005-50000Hz-600mV,50 kHz,PUFF_RIGHT,T006,1,75,L6->L7,R3->R2,3.1622776601683795,False,31.622776601683793,-30.0,-10.0,1.0,7.4007927999999765
session-2-20261005-50000Hz-600mV,50 kHz,PUFF_RIGHT,T006,1,76,L6->L7,R2->R1,61.522353661088104,True,8.288076138442397,-8.269484808454425,0.5548216644649934,5.099019513592786,7.498681050000016
session-2-20261005-50000Hz-600mV,50 kHz,PUFF_RIGHT,T006,1,77,L6->L7,R1->L1,69.26037828369118,True,5.953050976316331,-5.878674171357099,0.9380863039399625,4.123105625617662,7.596286649999996
session-2-20261005-50000Hz-600mV,50 kHz,PUFF_RIGHT,T006,1,78,L7->L8,L1->L2,19.026297590440446,False,7.432941462471663,-4.972375690607735,-5.524861878453039,1.414213562373095,7.693836949999991
session-2-20261005-50000Hz-600mV,50 kHz,PUFF_RIGHT,T006,1,79,L7->L8,L2->L3,29.427877939124325,False,0.0,0.0,0.0,0.0,7.791278499999976
session-2-20261005-50000Hz-600mV,50 kHz,PUFF_RIGHT,T006,1,80,L7->L8,L3->L4,31.622776601683796,False,4.472135954999579,-2.0,3.9999999999999996,1.414213562373095,7.889240050000012
session-2-20261005-50000Hz-600mV,50 kHz,PUFF_RIGHT,T006,1,81,L7->L8,L4->L5,100.56838469419701,True,1.9886965531777143,-1.8785841407949377,0.6525608068024521,1.9999999999999998,7.986783900000006
session-2-20261005-50000Hz-600mV,50 kHz,PUFF_RIGHT,T006,1,82,L7->L8,L5->L6,221.6528817768901,True,1.4266801472725468,-1.0584164461632402,0.9566456340321595,3.1622776601683795,8.084786350000002
session-2-20261005-50000Hz-600mV,50 kHz,PUFF_RIGHT,T006,1,83,L7->L8,R8->R7,147.73286702694156,True,11.994653257110217,11.890034364261169,-1.5807560137457044,17.720045146669353,8.183836849999977
session-2-20261005-50000Hz-600mV,50 kHz,PUFF_RIGHT,T006,1,84,L7->L8,R7->R6,75.15317691222374,True,30.020059393773113,29.32011331444759,-6.4447592067988655,22.56102834535695,8.281763500000011
session-2-20261005-50000Hz-600mV,50 kHz,PUFF_RIGHT,T006,1,85,L7->L8,R6->R5,28.0178514522438,False,19.220477402821103,18.72611464968153,-4.3312101910828025,5.385164807134504,8.380283899999995
session-2-20261005-50000Hz-600mV,50 kHz,PUFF_RIGHT,T006,1,86,L7->L8,R5->R4,17.88854381999832,False,5.5901699437494745,-5.0,2.5,1.0000000000000002,8.479917349999994
session-2-20261005-50000Hz-600mV,50 kHz,PUFF_RIGHT,T006,1,87,L7->L8,R4->R3,13.0,False,7.692307692307692,-2.9585798816568047,7.100591715976331,0.9999999999999999,8.57886400000001
session-2-20261005-50000Hz-600mV,50 kHz,PUFF_RIGHT,T006,1,88,L7->L8,R3->R2,2.23606797749979,False,0.0,0.0,0.0,0.0,8.676716849999991
session-2-20261005-50000Hz-600mV,50 kHz,PUFF_RIGHT,T006,1,89,L7->L8,R2->R1,56.32051136131489,True,7.32078868951768,-6.872635561160151,-2.5220680958385873,4.123105625617661,8.775777300000016
session-2-20261005-50000Hz-600mV,50 kHz,PUFF_RIGHT,T006,1,90,L7->L8,R1->L1,74.027022093287,True,5.569730497090409,-5.364963503649635,1.4963503649635037,4.123105625617661,8.87530025000001
session-2-20261005-50000Hz-600mV,50 kHz,PUFF_RIGHT,T006,1,91,L8->R8,L1->L2,8.54400374531753,False,11.704114719613054,-4.10958904109589,-10.95890410958904,0.9999999999999997,8.973233600000015
session-2-20261005-50000Hz-600mV,50 kHz,PUFF_RIGHT,T006,1,92,L8->R8,L2->L3,26.305892875931807,False,5.376033305704704,-4.3352601156069355,-3.1791907514450863,1.4142135623730947,9.070728550000013
session-2-20261005-50000Hz-600mV,50 kHz,PUFF_RIGHT,T006,1,93,L8->R8,L3->L4,31.016124838541646,False,0.0,0.0,0.0,0.0,9.168698549999988
session-2-20261005-50000Hz-600mV,50 kHz,PUFF_RIGHT,T006,1,94,L8->R8,L4->L5,74.63243262818116,True,4.831078324120624,-4.649910233393177,-1.3105924596050267,3.6055512754639887,9.266775499999994
session-2-20261005-50000Hz-600mV,50 kHz,PUFF_RIGHT,T006,1,95,L8->R8,L5->L6,65.14598989960933,True,3.432395425943476,-3.3930254476908575,-0.5183788878416588,2.23606797749979,9.365337650000015
session-2-20261005-50000Hz-600mV,50 kHz,PUFF_RIGHT,T006,1,96,L8->R8,L6->L7,358.3978236541065,True,4.185293271891253,-4.047520805922973,-1.0650141301216824,15.0,9.463328750000016
session-2-20261005-50000Hz-600mV,50 kHz,PUFF_RIGHT,T006,1,97,L8->R8,R7->R6,382.602927328059,True,15.340740535680764,14.765857157495645,-4.160262321959218,58.694122363316765,9.561829450000005
session-2-20261005-50000Hz-600mV,50 kHz,PUFF_RIGHT,T006,1,98,L8->R8,R6->R5,87.32124598286491,True,22.117421365721015,21.888524590163932,-3.173770491803278,19.313207915827967,9.660332049999994
session-2-20261005-50000Hz-600mV,50 kHz,PUFF_RIGHT,T006,1,99,L8->R8,R5->R4,46.95742752749558,False,6.734350297014741,-6.666666666666668,0.9523809523809524,3.1622776601683804,9.757265449999977
session-2-20261005-50000Hz-600mV,50 kHz,PUFF_RIGHT,T006,1,100,L8->R8,R4->R3,22.80350850198276,False,13.867504905630728,-11.538461538461538,7.6923076923076925,3.1622776601683795,9.854352199999994
session-2-20261005-50000Hz-600mV,50 kHz,PUFF_RIGHT,T006,1,101,L8->R8,R3->R2,8.602325267042627,False,16.439898730535727,-16.216216216216218,-2.7027027027027026,1.414213562373095,9.951356400000009
session-2-20261005-50000Hz-600mV,50 kHz,PUFF_RIGHT,T006,1,102,L8->R8,R2->R1,47.801673610868484,False,2.0919769632765197,-2.013129102844639,-0.5689277899343544,1.0,10.048258650000008
session-2-20261005-50000Hz-600mV,50 kHz,PUFF_RIGHT,T006,1,103,L8->R8,R1->L1,88.36288813749809,True,2.530551031809112,-2.35655737704918,-0.9221311475409835,2.2360679774997894,10.146704349999993
session-2-20261005-50000Hz-600mV,50 kHz,PUFF_RIGHT,T006,1,104,R8->R7,L1->L2,10.816653826391969,False,33.33333333333333,-30.76923076923077,12.820512820512823,3.6055512754639896,10.246254599999986
session-2-20261005-50000Hz-600mV,50 kHz,PUFF_RIGHT,T006,1,105,R8->R7,L2->L3,16.0,False,6.25,0.0,6.25,1.0,10.345329600000014
session-2-20261005-50000Hz-600mV,50 kHz,PUFF_RIGHT,T006,1,106,R8->R7,L3->L4,17.720045146669353,False,12.618861628126721,-12.420382165605096,-2.229299363057325,2.2360679774997902,10.443343999999996
session-2-20261005-50000Hz-600mV,50 kHz,PUFF_RIGHT,T006,1,107,R8->R7,L4->L5,37.85498646149539,False,3.735871267082812,-3.14026517794836,-2.0237264480111654,1.4142135623730947,10.539800850000006
session-2-20261005-50000Hz-600mV,50 kHz,PUFF_RIGHT,T006,1,108,R8->R7,L5->L6,19.1049731745428,False,7.402332101976052,5.753424657534246,4.657534246575342,1.4142135623730947,10.646771349999995
session-2-20261005-50000Hz-600mV,50 kHz,PUFF_RIGHT,T006,1,109,R8->R7,L6->L7,66.18912297349165,True,7.703712157713453,7.418397626112759,-2.077151335311572,5.0990195135927845,10.754774999999995
session-2-20261005-50000Hz-600mV,50 kHz,PUFF_RIGHT,T006,1,110,R8->R7,L7->L8,149.9399879951976,True,8.89800262259168,8.833733653589537,-1.0675206832132373,13.341664064126334,10.852897750000011
session-2-20261005-50000Hz-600mV,50 kHz,PUFF_RIGHT,T006,1,111,R8->R7,R6->R5,209.50656314301943,True,3.056288137886049,-3.0141480418289937,-0.5057754083794684,6.4031242374328485,10.95026919999998
session-2-20261005-50000Hz-600mV,50 kHz,PUFF_RIGHT,T006,1,112,R8->R7,R5->R4,60.82762530298219,True,5.927489783638192,5.891891891891892,0.6486486486486488,3.6055512754639896,11.04870219999998
session-2-20261005-50000Hz-600mV,50 kHz,PUFF_RIGHT,T006,1,113,R8->R7,R4->R3,24.08318915758459,False,17.616606585441104,17.586206896551722,-1.0344827586206902,4.242640687119286,11.148197600000003
session-2-20261005-50000Hz-600mV,50 kHz,PUFF_RIGHT,T006,1,114,R8->R7,R3->R2,10.295630140987,False,0.0,0.0,0.0,0.0,11.248771699999992
session-2-20261005-50000Hz-600mV,50 kHz,PUFF_RIGHT,T006,1,115,R8->R7,R2->R1,36.6742416417845,False,3.8561494363984954,1.2639405204460967,3.6431226765799254,1.4142135623730954,11.348282549999993
session-2-20261005-50000Hz-600mV,50 kHz,PUFF_RIGHT,T006,1,116,R8->R7,R1->L1,74.00675644831357,True,1.3512279797026394,0.018258170531312765,1.3511046193171445,1.0000000000000002,11.44521524999999
session-2-20261005-50000Hz-600mV,50 kHz,PUFF_RIGHT,T006,1,117,R7->R6,L1->L2,25.455844122715714,False,11.785113019775793,8.333333333333332,-8.333333333333332,3.0000000000000004,11.542305800000008
session-2-20261005-50000Hz-600mV,50 kHz,PUFF_RIGHT,T006,1,118,R7->R6,L2->L3,20.024984394500787,False,4.993761694389224,-4.987531172069825,0.24937655860349126,1.0,11.640343999999999
session-2-20261005-50000Hz-600mV,50 kHz,PUFF_RIGHT,T006,1,119,R7->R6,L3->L4,26.400757564888174,False,3.7877700953928506,3.443328550932568,-1.5781922525107603,1.0,11.738251899999995
session-2-20261005-50000Hz-600mV,50 kHz,PUFF_RIGHT,T006,1,120,R7->R6,L4->L5,46.84015371452148,False,3.0192333931958424,2.643573381950775,1.4585232452142207,1.4142135623730954,11.836735900000008
session-2-20261005-50000Hz-600mV,50 kHz,PUFF_RIGHT,T006,1,121,R7->R6,L5->L6,11.045361017187261,False,0.0,0.0,0.0,0.0,11.935801700000013
session-2-20261005-50000Hz-600mV,50 kHz,PUFF_RIGHT,T006,1,122,R7->R6,L6->L7,58.9406481131655,True,11.99692917914491,11.917098445595856,-1.3816925734024181,7.071067811865476,12.033834300000024
session-2-20261005-50000Hz-600mV,50 kHz,PUFF_RIGHT,T006,1,123,R7->R6,L7->L8,80.95677859203637,True,25.464857281408953,25.404333231614277,-1.7546536466280134,20.6155281280883,12.130786749999999
session-2-20261005-50000Hz-600mV,50 kHz,PUFF_RIGHT,T006,1,124,R7->R6,L8->R8,391.86222068477076,True,15.774482606178086,15.451040662689831,-3.177993696110865,61.81423784210235,12.227228950000011
session-2-20261005-50000Hz-600mV,50 kHz,PUFF_RIGHT,T006,1,125,R7->R6,R5->R4,106.06601717798212,True,8.432740427115679,-8.426666666666668,0.31999999999999973,8.94427190999916,12.324230749999998
session-2-20261005-50000Hz-600mV,50 kHz,PUFF_RIGHT,T006,1,126,R7->R6,R4->R3,15.264337522473749,False,23.62075176964294,-21.459227467811157,9.871244635193133,3.605551275463989,12.422238249999992
session-2-20261005-50000Hz-600mV,50 kHz,PUFF_RIGHT,T006,1,127,R7->R6,R3->R2,22.825424421026653,False,9.796391673838652,-9.788867562380037,0.3838771593090214,2.2360679774997894,12.519724450000012
session-2-20261005-50000Hz-600mV,50 kHz,PUFF_RIGHT,T006,1,128,R7->R6,R2->R1,28.442925306655788,False,22.23595235774424,-10.630407911001237,-19.530284301606923,6.32455532033676,12.616308400000008
session-2-20261005-50000Hz-600mV,50 kHz,PUFF_RIGHT,T006,1,129,R7->R6,R1->L1,79.40403012442125,True,7.660521160911986,-7.39095955590801,2.014274385408406,6.082762530298218,12.713850250000007
session-2-20261005-50000Hz-600mV,50 kHz,PUFF_RIGHT,T006,1,130,R6->R5,L1->L2,10.295630140987,False,13.736056394868903,-3.7735849056603774,13.20754716981132,1.4142135623730951,12.810849899999994
session-2-20261005-50000Hz-600mV,50 kHz,PUFF_RIGHT,T006,1,131,R6->R5,L2->L3,26.076809620810597,False,0.0,0.0,0.0,0.0,12.90627864999999
session-2-20261005-50000Hz-600mV,50 kHz,PUFF_RIGHT,T006,1,132,R6->R5,L3->L4,5.8309518948453,False,0.0,0.0,0.0,0.0,13.002327699999995
session-2-20261005-50000Hz-600mV,50 kHz,PUFF_RIGHT,T006,1,133,R6->R5,L4->L5,19.4164878389476,False,0.0,0.0,0.0,0.0,13.099771699999991
session-2-20261005-50000Hz-600mV,50 kHz,PUFF_RIGHT,T006,1,134,R6->R5,L5->L6,43.46262762420146,False,0.0,0.0,0.0,0.0,13.203205449999984
session-2-20261005-50000Hz-600mV,50 kHz,PUFF_RIGHT,T006,1,135,R6->R5,L6->L7,26.248809496813376,False,5.387724584403653,4.78955007256894,2.4673439767779386,1.414213562373095,13.306284500000004
session-2-20261005-50000Hz-600mV,50 kHz,PUFF_RIGHT,T006,1,136,R6->R5,L7->L8,25.298221281347036,False,19.764235376052373,18.75,6.25,5.000000000000001,13.40325704999998
session-2-20261005-50000Hz-600mV,50 kHz,PUFF_RIGHT,T006,1,137,R6->R5,L8->R8,84.30895563343198,True,22.90765882547534,22.903770399549806,-0.4220596510973548,19.31320791582797,13.501274200000012
session-2-20261005-50000Hz-600mV,50 kHz,PUFF_RIGHT,T006,1,138,R6->R5,R8->R7,202.2325394193526,True,1.3986013986013983,-1.29101667563206,-0.5379236148466917,2.8284271247461894,13.598288249999996
session-2-20261005-50000Hz-600mV,50 kHz,PUFF_RIGHT,T006,1,139,R6->R5,R4->R3,394.62007044751283,True,0.5068165939284159,-0.46877508428319153,0.19264729491090063,2.0,13.695352600000007
session-2-20261005-50000Hz-600mV,50 kHz,PUFF_RIGHT,T006,1,140,R6->R5,R3->R2,213.55093069335942,True,1.0470888467869004,-1.0437680905183755,-0.08332602403297958,2.23606797749979,13.793850800000001
session-2-20261005-50000Hz-600mV,50 kHz,PUFF_RIGHT,T006,1,141,R6->R5,R2->R1,145.6605643267937,True,4.8544833287898905,4.322005938634113,-2.210491586935005,7.071067811865475,13.892856249999994
session-2-20261005-50000Hz-600mV,50 kHz,PUFF_RIGHT,T006,1,142,R6->R5,R1->L1,107.67079455451234,True,4.735749870417477,-4.511343051841629,1.4405244544121452,5.099019513592786,13.992351450000001
session-2-20261005-50000Hz-600mV,50 kHz,PUFF_RIGHT,T006,1,143,R5->R4,L1->L2,69.83552104767314,True,1.4319360477275611,-0.6971498872257536,-1.2507689153167931,0.9999999999999999,14.091847149999978
session-2-20261005-50000Hz-600mV,50 kHz,PUFF_RIGHT,T006,1,144,R5->R4,L2->L3,14.0356688476182,False,0.0,0.0,0.0,0.0,14.191278049999994
session-2-20261005-50000Hz-600mV,50 kHz,PUFF_RIGHT,T006,1,145,R5->R4,L3->L4,62.6418390534633,True,3.1927542840705043,-3.0581039755351678,0.9174311926605503,1.9999999999999998,14.289724500000005
session-2-20261005-50000Hz-600mV,50 kHz,PUFF_RIGHT,T006,1,146,R5->R4,L4->L5,73.97972695272672,True,4.274519237127064,-4.257262927096656,-0.3837018088799562,3.16227766016838,14.387287350000008
session-2-20261005-50000Hz-600mV,50 kHz,PUFF_RIGHT,T006,1,147,R5->R4,L5->L6,13.453624047073712,False,14.865882924943326,-11.049723756906078,-9.94475138121547,2.0000000000000004,14.484307400000006
session-2-20261005-50000Hz-600mV,50 kHz,PUFF_RIGHT,T006,1,148,R5->R4,L6->L7,28.861739379323623,False,4.899959575500253,-4.201680672268907,-2.5210084033613445,1.4142135623730951,14.582267950000016
session-2-20261005-50000Hz-600mV,50 kHz,PUFF_RIGHT,T006,1,149,R5->R4,L7->L8,26.019223662515373,False,8.593907360584257,-7.828655834564254,3.5450516986706058,2.2360679774997894,14.679756150000003
session-2-20261005-50000Hz-600mV,50 kHz,PUFF_RIGHT,T006,1,150,R5->R4,L8->R8,52.17278984298233,True,5.750123788719581,-5.6208670095518,1.2123438648052902,3.0000000000000004,14.77674669999999
session-2-20261005-50000Hz-600mV,50 kHz,PUFF_RIGHT,T006,1,151,R5->R4,R8->R7,66.49060083951716,True,6.725967126983259,6.51436326622936,1.6738294503505995,4.472135954999579,14.873747100000003
session-2-20261005-50000Hz-600mV,50 kHz,PUFF_RIGHT,T006,1,152,R5->R4,R7->R6,101.5332457867865,True,6.964288157116809,-6.159666310990397,-3.2495877388689496,7.071067811865473,14.9724042
session-2-20261005-50000Hz-600mV,50 kHz,PUFF_RIGHT,T006,1,153,R5->R4,R3->R2,292.5149568825499,True,1.8409878470921226,-1.837199789633612,-0.11803891778180327,5.385164807134506,15.072935550000011
session-2-20261005-50000Hz-600mV,50 kHz,PUFF_RIGHT,T006,1,154,R5->R4,R2->R1,67.68308503607086,True,14.774740239264542,-14.40733464309103,-3.2743942370661423,10.0,15.173839600000008
session-2-20261005-50000Hz-600mV,50 kHz,PUFF_RIGHT,T006,1,155,R5->R4,R1->L1,31.304951684997057,False,13.170777796132697,-12.857142857142856,-2.857142857142857,4.123105625617661,15.274435699999998
session-2-20261005-50000Hz-600mV,50 kHz,PUFF_RIGHT,T006,1,156,R4->R3,L1->L2,44.181444068749045,False,2.2633936510629633,-2.254098360655737,0.20491803278688522,1.0,15.373364449999997
session-2-20261005-50000Hz-600mV,50 kHz,PUFF_RIGHT,T006,1,157,R4->R3,L2->L3,11.40175425099138,False,8.770580193070291,8.461538461538462,2.307692307692308,0.9999999999999999,15.473364599999996
session-2-20261005-50000Hz-600mV,50 kHz,PUFF_RIGHT,T006,1,158,R4->R3,L3->L4,47.51841748206689,False,6.654846326399235,-6.554472984942428,-1.1514614703277237,3.16227766016838,15.572862499999985
session-2-20261005-50000Hz-600mV,50 kHz,PUFF_RIGHT,T006,1,159,R4->R3,L4->L5,25.0,False,12.649110640673516,-12.0,4.0,3.162277660168379,15.671805199999994
session-2-20261005-50000Hz-600mV,50 kHz,PUFF_RIGHT,T006,1,160,R4->R3,L5->L6,3.6055512754639896,False,0.0,0.0,0.0,0.0,15.77025710000001
session-2-20261005-50000Hz-600mV,50 kHz,PUFF_RIGHT,T006,1,161,R4->R3,L6->L7,5.8309518948453,False,34.29971702850176,-29.411764705882355,17.647058823529413,1.9999999999999996,15.86774220000001
session-2-20261005-50000Hz-600mV,50 kHz,PUFF_RIGHT,T006,1,162,R4->R3,L7->L8,12.041594578792296,False,11.74440439029407,-11.724137931034482,-0.6896551724137935,1.4142135623730951,15.965357649999987
session-2-20261005-50000Hz-600mV,50 kHz,PUFF_RIGHT,T006,1,163,R4->R3,L8->R8,21.470910553583888,False,6.586649219387841,-6.290672451193058,-1.9522776572668112,1.4142135623730947,16.06331879999999
session-2-20261005-50000Hz-600mV,50 kHz,PUFF_RIGHT,T006,1,164,R4->R3,R8->R7,20.591260281974,False,15.357377920848778,15.09433962264151,-2.8301886792452833,3.162277660168379,16.162312799999995
session-2-20261005-50000Hz-600mV,50 kHz,PUFF_RIGHT,T006,1,165,R4->R3,R7->R6,21.470910553583888,False,19.203217373235425,-14.316702819956614,12.798264642082428,4.12310562561766,16.262461900000005
session-2-20261005-50000Hz-600mV,50 kHz,PUFF_RIGHT,T006,1,166,R4->R3,R6->R5,376.3641853311763,True,0.5314001910782581,-0.5068831627250265,0.1595481821390752,2.0000000000000004,16.36294774999999
session-2-20261005-50000Hz-600mV,50 kHz,PUFF_RIGHT,T006,1,167,R4->R3,R2->R1,562.8943062422999,True,0.5617888873807806,0.44753037715007105,-0.33959286728736,3.16227766016838,16.46084135000001
session-2-20261005-50000Hz-600mV,50 kHz,PUFF_RIGHT,T006,1,168,R4->R3,R1->L1,123.79418403139945,True,4.846754350332116,-4.776508972267537,0.8221859706362155,5.999999999999999,16.55779344999999
session-2-20261005-50000Hz-600mV,50 kHz,PUFF_RIGHT,T006,1,169,R3->R2,L1->L2,30.80584360149873,False,0.0,0.0,0.0,0.0,16.65581209999999
session-2-20261005-50000Hz-600mV,50 kHz,PUFF_RIGHT,T006,1,170,R3->R2,L2->L3,25.01999200639361,False,0.0,0.0,0.0,0.0,16.75383629999999
session-2-20261005-50000Hz-600mV,50 kHz,PUFF_RIGHT,T006,1,171,R3->R2,L3->L4,16.1245154965971,False,0.0,0.0,0.0,0.0,16.852408050000008
session-2-20261005-50000Hz-600mV,50 kHz,PUFF_RIGHT,T006,1,172,R3->R2,L4->L5,8.485281374238571,False,0.0,0.0,0.0,0.0,16.950462399999992
session-2-20261005-50000Hz-600mV,50 kHz,PUFF_RIGHT,T006,1,173,R3->R2,L5->L6,10.770329614269007,False,9.284766908852593,-8.620689655172415,-3.448275862068966,0.9999999999999999,17.04836209999999
session-2-20261005-50000Hz-600mV,50 kHz,PUFF_RIGHT,T006,1,174,R3->R2,L6->L7,13.341664064126334,False,7.495316889958616,-1.6853932584269662,-7.303370786516854,1.0000000000000002,17.147252449999996
session-2-20261005-50000Hz-600mV,50 kHz,PUFF_RIGHT,T006,1,175,R3->R2,L7->L8,10.295630140987,False,13.736056394868903,-13.20754716981132,3.7735849056603774,1.4142135623730951,17.2483517
session-2-20261005-50000Hz-600mV,50 kHz,PUFF_RIGHT,T006,1,176,R3->R2,L8->R8,15.03329637837291,False,14.874102932718241,-13.716814159292037,5.7522123893805315,2.2360679774997902,17.34890795000001
session-2-20261005-50000Hz-600mV,50 kHz,PUFF_RIGHT,T006,1,177,R3->R2,R8->R7,19.026297590440446,False,7.432941462471663,4.972375690607735,5.524861878453039,1.414213562373095,17.446906150000018
session-2-20261005-50000Hz-600mV,50 kHz,PUFF_RIGHT,T006,1,178,R3->R2,R7->R6,25.01999200639361,False,7.993607669774317,0.3194888178913738,-7.987220447284344,2.0000000000000004,17.54538954999998
session-2-20261005-50000Hz-600mV,50 kHz,PUFF_RIGHT,T006,1,179,R3->R2,R6->R5,233.85465571589546,True,0.6047403922935748,-0.5119953188999415,-0.32182562902282036,1.4142135623730951,17.643845949999985
session-2-20261005-50000Hz-600mV,50 kHz,PUFF_RIGHT,T006,1,180,R3->R2,R5->R4,319.513692977312,True,1.6854253590680677,-1.6750090607215278,-0.18709165532035774,5.385164807134505,17.740876049999997
session-2-20261005-50000Hz-600mV,50 kHz,PUFF_RIGHT,T006,1,181,R3->R2,R1->L1,74.16872656315464,True,5.5590891426548055,-5.289947282312307,1.7087802217778583,4.123105625617661,17.838356500000003
session-2-20261005-50000Hz-600mV,50 kHz,PUFF_RIGHT,T006,1,182,R2->R1,L1->L2,381.6346420334506,True,1.7577555058304661,1.6148855092862784,0.6941535926396376,6.708203932499368,17.93731274999999
session-2-20261005-50000Hz-600mV,50 kHz,PUFF_RIGHT,T006,1,183,R2->R1,L2->L3,20.808652046684813,False,4.805693313322127,3.9260969976905304,2.771362586605081,1.0,18.035860350000007
session-2-20261005-50000Hz-600mV,50 kHz,PUFF_RIGHT,T006,1,184,R2->R1,L3->L4,22.0,False,4.545454545454546,4.545454545454546,0.0,1.0,18.133928499999996
session-2-20261005-50000Hz-600mV,50 kHz,PUFF_RIGHT,T006,1,185,R2->R1,L4->L5,20.615528128088304,False,4.85071250072666,4.705882352941177,-1.1764705882352942,1.0,18.232998449999997
session-2-20261005-50000Hz-600mV,50 kHz,PUFF_RIGHT,T006,1,186,R2->R1,L5->L6,21.2602916254693,False,0.0,0.0,0.0,0.0,18.331988149999972
session-2-20261005-50000Hz-600mV,50 kHz,PUFF_RIGHT,T006,1,187,R2->R1,L6->L7,7.615773105863909,False,0.0,0.0,0.0,0.0,18.43040295
session-2-20261005-50000Hz-600mV,50 kHz,PUFF_RIGHT,T006,1,188,R2->R1,L7->L8,14.317821063276352,False,22.08630521496931,-21.951219512195124,-2.4390243902439033,3.1622776601683795,18.529341750000015
session-2-20261005-50000Hz-600mV,50 kHz,PUFF_RIGHT,T006,1,189,R2->R1,L8->R8,14.422205101855958,False,31.008683647302114,-30.76923076923077,-3.846153846153846,4.47213595499958,18.627744150000012
session-2-20261005-50000Hz-600mV,50 kHz,PUFF_RIGHT,T006,1,190,R2->R1,R8->R7,23.40939982143925,False,6.041220933301769,-5.474452554744526,2.5547445255474455,1.414213562373095,18.725792549999994
session-2-20261005-50000Hz-600mV,50 kHz,PUFF_RIGHT,T006,1,191,R2->R1,R7->R6,37.64306044943742,False,13.282660709046374,12.491178546224416,-4.516584333098094,4.999999999999999,18.824917449999987
session-2-20261005-50000Hz-600mV,50 kHz,PUFF_RIGHT,T006,1,192,R2->R1,R6->R5,153.46986674914396,True,1.9547811329657871,1.9487963316774932,-0.15284677111196027,3.0000000000000004,18.925497000000007
session-2-20261005-50000Hz-600mV,50 kHz,PUFF_RIGHT,T006,1,193,R2->R1,R5->R4,8.602325267042627,False,81.3733471206735,-66.21621621621621,47.297297297297305,7.0,19.025460100000004
session-2-20261005-50000Hz-600mV,50 kHz,PUFF_RIGHT,T006,1,194,R2->R1,R4->R3,502.7255712612996,True,0.4447889873374987,0.2199950145014699,0.3865739733236261,2.23606797749979,19.124411100000003
session-2-20261005-50000Hz-600mV,50 kHz,PUFF_RIGHT,T006,1,195,R1->L1,L2->L3,27.313000567495326,False,5.177803730784977,-4.825737265415549,-1.8766756032171583,1.414213562373095,19.221899800000017
session-2-20261005-50000Hz-600mV,50 kHz,PUFF_RIGHT,T006,1,196,R1->L1,L3->L4,34.785054261852174,False,0.0,0.0,0.0,0.0,19.3198864
session-2-20261005-50000Hz-600mV,50 kHz,PUFF_RIGHT,T006,1,197,R1->L1,L4->L5,31.38470965295043,False,3.186264939385831,1.6243654822335025,2.7411167512690358,1.0,19.419331450000016
session-2-20261005-50000Hz-600mV,50 kHz,PUFF_RIGHT,T006,1,198,R1->L1,L5->L6,11.180339887498949,False,0.0,0.0,0.0,0.0,19.520291499999985
session-2-20261005-50000Hz-600mV,50 kHz,PUFF_RIGHT,T006,1,199,R1->L1,L6->L7,12.0,False,0.0,0.0,0.0,0.0,19.620778200000018
session-2-20261005-50000Hz-600mV,50 kHz,PUFF_RIGHT,T006,1,200,R1->L1,L7->L8,12.36931687685298,False,8.084520834544433,-1.9607843137254901,7.8431372549019605,1.0,19.719312549999984
session-2-20261005-50000Hz-600mV,50 kHz,PUFF_RIGHT,T006,1,201,R1->L1,L8->R8,21.023796041628636,False,6.726727939963125,-4.524886877828053,4.97737556561086,1.4142135623730947,19.81826645000001
session-2-20261005-50000Hz-600mV,50 kHz,PUFF_RIGHT,T006,1,202,R1->L1,R8->R7,15.03329637837291,False,13.303802104754789,13.274336283185843,0.8849557522123894,2.0000000000000004,19.917245999999977
session-2-20261005-50000Hz-600mV,50 kHz,PUFF_RIGHT,T006,1,203,R1->L1,R7->R6,5.0,False,28.284271247461906,28.000000000000004,-4.0,1.4142135623730954,20.015264049999985
session-2-20261005-50000Hz-600mV,50 kHz,PUFF_RIGHT,T006,1,204,R1->L1,R6->R5,35.0,False,0.0,0.0,0.0,0.0,20.11387860000002
session-2-20261005-50000Hz-600mV,50 kHz,PUFF_RIGHT,T006,1,205,R1->L1,R5->R4,51.47815070493499,True,0.0,0.0,0.0,0.0,20.21289545000002
session-2-20261005-50000Hz-600mV,50 kHz,PUFF_RIGHT,T006,1,206,R1->L1,R4->R3,53.23532661682465,True,1.8784518919133613,-1.8701482004234298,-0.17642907551164436,0.9999999999999999,20.310433049999972
session-2-20261005-50000Hz-600mV,50 kHz,PUFF_RIGHT,T006,1,207,R1->L1,R3->R2,5.8309518948453,False,0.0,0.0,0.0,0.0,20.4079031
session-2-20261005-50000Hz-600mV,50 kHz,PUFF_BOTH,T007,1,0,L1->L2,L3->L4,343.42393626536864,True,4.239721883366378,4.236052229947431,-0.17636086145497704,14.560219778561036,0.049812600000024077
session-2-20261005-50000Hz-600mV,50 kHz,PUFF_BOTH,T007,1,1,L1->L2,L4->L5,106.7379969832674,True,0.0,0.0,0.0,0.0,0.14923990000002618
session-2-20261005-50000Hz-600mV,50 kHz,PUFF_BOTH,T007,1,2,L1->L2,L5->L6,96.84007434941385,True,3.723201680385547,3.5508637236084453,1.1196417146513113,3.6055512754639896,0.24715894999999932
session-2-20261005-50000Hz-600mV,50 kHz,PUFF_BOTH,T007,1,3,L1->L2,L6->L7,56.46237685397242,True,3.9602795739238723,3.9523212045169385,0.25094102885821834,2.2360679774997902,0.34566570000001207
session-2-20261005-50000Hz-600mV,50 kHz,PUFF_BOTH,T007,1,4,L1->L2,L7->L8,21.095023109728984,False,10.5999788000636,-8.98876404494382,-5.617977528089888,2.2360679774997894,0.4446836500000302
session-2-20261005-50000Hz-600mV,50 kHz,PUFF_BOTH,T007,1,5,L1->L2,L8->R8,7.211102550927979,False,39.2232270276368,-38.46153846153846,7.692307692307694,2.8284271247461903,0.5481546000000037
session-2-20261005-50000Hz-600mV,50 kHz,PUFF_BOTH,T007,1,6,L1->L2,R8->R7,4.0,False,127.47548783981964,-25.0,125.0,5.099019513592785,0.6517211000000032
session-2-20261005-50000Hz-600mV,50 kHz,PUFF_BOTH,T007,1,7,L1->L2,R7->R6,25.0,False,8.94427190999916,8.799999999999999,-1.6,2.23606797749979,0.7502927499999998
session-2-20261005-50000Hz-600mV,50 kHz,PUFF_BOTH,T007,1,8,L1->L2,R6->R5,11.40175425099138,False,0.0,0.0,0.0,0.0,0.8502435000000048
session-2-20261005-50000Hz-600mV,50 kHz,PUFF_BOTH,T007,1,9,L1->L2,R5->R4,72.11102550927978,True,1.3867504905630728,0.46153846153846156,1.3076923076923077,1.0,0.9502147500000149
session-2-20261005-50000Hz-600mV,50 kHz,PUFF_BOTH,T007,1,10,L1->L2,R4->R3,52.15361924162119,True,0.0,0.0,0.0,0.0,1.049678699999987
session-2-20261005-50000Hz-600mV,50 kHz,PUFF_BOTH,T007,1,11,L1->L2,R3->R2,29.410882339705488,False,3.4001020045902295,-3.236994219653179,1.0404624277456647,1.0,1.149171750000022
session-2-20261005-50000Hz-600mV,50 kHz,PUFF_BOTH,T007,1,12,L1->L2,R2->R1,435.2470562795342,True,0.9190182776172598,0.8783783783783784,-0.2702702702702703,4.000000000000001,1.247305950000026
session-2-20261005-50000Hz-600mV,50 kHz,PUFF_BOTH,T007,1,13,L2->L3,L4->L5,290.73871431235295,True,2.9387224076867677,-2.9386364442972237,-0.02247749293142005,8.544003745317532,1.3452302000000316
session-2-20261005-50000Hz-600mV,50 kHz,PUFF_BOTH,T007,1,14,L2->L3,L5->L6,193.2174940319846,True,2.787100016028084,-2.7830605630407415,-0.15000133929767234,5.385164807134504,1.4440698000000225
session-2-20261005-50000Hz-600mV,50 kHz,PUFF_BOTH,T007,1,15,L2->L3,L6->L7,51.07837115648854,True,4.377719819312875,-4.369490226140284,-0.2683020314296665,2.23606797749979,1.5415805000000375
session-2-20261005-50000Hz-600mV,50 kHz,PUFF_BOTH,T007,1,16,L2->L3,L7->L8,22.02271554554524,False,4.540766091864998,0.2061855670103093,4.536082474226804,0.9999999999999999,1.6386036000000104
session-2-20261005-50000Hz-600mV,50 kHz,PUFF_BOTH,T007,1,17,L2->L3,L8->R8,18.248287590894655,False,21.919864974047638,-21.62162162162162,3.6036036036036037,3.999999999999999,1.7360576000000094
session-2-20261005-50000Hz-600mV,50 kHz,PUFF_BOTH,T007,1,18,L2->L3,R8->R7,11.0,False,9.090909090909092,9.090909090909092,0.0,1.0,1.8341067500000179
session-2-20261005-50000Hz-600mV,50 kHz,PUFF_BOTH,T007,1,19,L2->L3,R7->R6,7.211102550927979,False,19.6116135138184,19.23076923076923,-3.846153846153847,1.4142135623730951,1.9327086000000122
session-2-20261005-50000Hz-600mV,50 kHz,PUFF_BOTH,T007,1,20,L2->L3,R6->R5,21.095023109728984,False,4.740454631399772,-0.44943820224719105,-4.719101123595506,0.9999999999999999,2.0307313000000136
session-2-20261005-50000Hz-600mV,50 kHz,PUFF_BOTH,T007,1,21,L2->L3,R5->R4,4.0,False,25.0,25.0,0.0,1.0,2.129288750000029
session-2-20261005-50000Hz-600mV,50 kHz,PUFF_BOTH,T007,1,22,L2->L3,R4->R3,15.0,False,6.666666666666667,4.0,-5.333333333333334,1.0,2.228292449999998
session-2-20261005-50000Hz-600mV,50 kHz,PUFF_BOTH,T007,1,23,L2->L3,R3->R2,10.04987562112089,False,9.950371902099892,-9.900990099009901,0.9900990099009903,1.0,2.3277941999999996
session-2-20261005-50000Hz-600mV,50 kHz,PUFF_BOTH,T007,1,24,L2->L3,R2->R1,59.304300012730955,True,5.058655104867582,-5.032698322433893,0.5117998294000569,3.0000000000000004,2.42829315000003
session-2-20261005-50000Hz-600mV,50 kHz,PUFF_BOTH,T007,1,25,L2->L3,R1->L1,28.844410203711917,False,7.752170911825528,-7.6923076923076925,-0.9615384615384615,2.23606797749979,2.5272428500000217
session-2-20261005-50000Hz-600mV,50 kHz,PUFF_BOTH,T007,1,26,L3->L4,L1->L2,370.7344062802911,True,3.6687909938556245,3.656762026716335,0.29684817089141763,13.601470508735442,2.6257456500000274
session-2-20261005-50000Hz-600mV,50 kHz,PUFF_BOTH,T007,1,27,L3->L4,L5->L6,297.5987231155403,True,1.5027403035137719,-1.4904307570710777,-0.19194941568339638,4.47213595499958,2.7257021000000066
session-2-20261005-50000Hz-600mV,50 kHz,PUFF_BOTH,T007,1,28,L3->L4,L6->L7,29.120439557122076,False,7.67868896042439,5.660377358490567,-5.188679245283018,2.23606797749979,2.8251221000000157
session-2-20261005-50000Hz-600mV,50 kHz,PUFF_BOTH,T007,1,29,L3->L4,L7->L8,22.47220505424423,False,22.249707974499238,22.178217821782177,1.7821782178217827,5.0,2.9251530500000342
session-2-20261005-50000Hz-600mV,50 kHz,PUFF_BOTH,T007,1,30,L3->L4,L8->R8,21.470910553583888,False,10.414406840917833,-0.21691973969631212,-10.412147505422992,2.2360679774997894,3.024682900000016
session-2-20261005-50000Hz-600mV,50 kHz,PUFF_BOTH,T007,1,31,L3->L4,R8->R7,8.485281374238571,False,48.591265790377506,-41.666666666666664,25.0,4.123105625617661,3.1231444500000123
session-2-20261005-50000Hz-600mV,50 kHz,PUFF_BOTH,T007,1,32,L3->L4,R7->R6,25.80697580112788,False,7.749842582921285,4.504504504504505,6.306306306306306,1.9999999999999998,3.221590550000002
session-2-20261005-50000Hz-600mV,50 kHz,PUFF_BOTH,T007,1,33,L3->L4,R6->R5,16.0312195418814,False,0.0,0.0,0.0,0.0,3.320138700000001
session-2-20261005-50000Hz-600mV,50 kHz,PUFF_BOTH,T007,1,34,L3->L4,R5->R4,63.89053137985315,True,2.213494757094859,-1.9598236158745712,-1.0289073983341497,1.4142135623730951,3.4192006000000106
session-2-20261005-50000Hz-600mV,50 kHz,PUFF_BOTH,T007,1,35,L3->L4,R4->R3,63.0,True,1.5873015873015872,-1.5873015873015872,0.0,1.0,3.517731050000009
session-2-20261005-50000Hz-600mV,50 kHz,PUFF_BOTH,T007,1,36,L3->L4,R3->R2,16.15549442140351,False,0.0,0.0,0.0,0.0,3.6161882000000105
session-2-20261005-50000Hz-600mV,50 kHz,PUFF_BOTH,T007,1,37,L3->L4,R2->R1,33.28663395418647,False,15.318519501283125,-14.259927797833939,-5.5956678700361016,5.099019513592785,3.7151992000000007
session-2-20261005-50000Hz-600mV,50 kHz,PUFF_BOTH,T007,1,38,L3->L4,R1->L1,139.30183056945089,True,3.5893282805836346,-3.555784591600103,0.489564545220304,5.0,3.8137298000000044
session-2-20261005-50000Hz-600mV,50 kHz,PUFF_BOTH,T007,1,39,L4->L5,L1->L2,87.66413177577247,True,0.0,0.0,0.0,0.0,3.9156394000000034
session-2-20261005-50000Hz-600mV,50 kHz,PUFF_BOTH,T007,1,40,L4->L5,L2->L3,286.0,True,2.5454929682799015,-2.5282409897794516,0.29585798816568054,7.280109889280519,4.018606450000021
session-2-20261005-50000Hz-600mV,50 kHz,PUFF_BOTH,T007,1,41,L4->L5,L6->L7,214.7091055358389,True,0.4657464328326223,0.19956616052060738,0.420824295010846,1.0,4.118176800000015
session-2-20261005-50000Hz-600mV,50 kHz,PUFF_BOTH,T007,1,42,L4->L5,L7->L8,75.96051605933178,True,5.887448094094637,5.788561525129983,1.074523396880416,4.47213595499958,4.217708550000026
session-2-20261005-50000Hz-600mV,50 kHz,PUFF_BOTH,T007,1,43,L4->L5,L8->R8,53.450912059571074,True,7.483501863433123,-7.140357017850893,2.24011200560028,4.000000000000001,4.318171949999993
session-2-20261005-50000Hz-600mV,50 kHz,PUFF_BOTH,T007,1,44,L4->L5,R8->R7,23.345235059857504,False,4.283529368781194,-0.7339449541284404,-4.220183486238533,1.0,4.417659799999996
session-2-20261005-50000Hz-600mV,50 kHz,PUFF_BOTH,T007,1,45,L4->L5,R7->R6,22.360679774997898,False,17.88854381999832,17.6,-3.2,4.0,4.516586100000012
session-2-20261005-50000Hz-600mV,50 kHz,PUFF_BOTH,T007,1,46,L4->L5,R6->R5,7.280109889280519,False,19.425717247145283,-16.9811320754717,-9.433962264150944,1.4142135623730951,4.615685000000013
session-2-20261005-50000Hz-600mV,50 kHz,PUFF_BOTH,T007,1,47,L4->L5,R5->R4,45.60701700396552,False,3.1008683647302115,-2.6923076923076925,-1.5384615384615385,1.414213562373095,4.714177150000012
session-2-20261005-50000Hz-600mV,50 kHz,PUFF_BOTH,T007,1,48,L4->L5,R4->R3,36.06937759374287,False,3.920814986889116,-3.920061491160646,0.07686395080707142,1.4142135623730951,4.812088799999998
session-2-20261005-50000Hz-600mV,50 kHz,PUFF_BOTH,T007,1,49,L4->L5,R3->R2,16.1245154965971,False,0.0,0.0,0.0,0.0,4.9101072500000384
session-2-20261005-50000Hz-600mV,50 kHz,PUFF_BOTH,T007,1,50,L4->L5,R2->R1,126.19429464123962,True,2.5058800551629408,-2.32967032967033,0.9230769230769231,3.1622776601683795,5.009223100000014
session-2-20261005-50000Hz-600mV,50 kHz,PUFF_BOTH,T007,1,51,L4->L5,R1->L1,37.0,False,11.14352871788557,-6.06281957633309,-9.349890430971513,4.123105625617661,5.107818250000008
session-2-20261005-50000Hz-600mV,50 kHz,PUFF_BOTH,T007,1,52,L5->L6,L1->L2,105.94810050208545,True,4.221062891931273,4.169265033407572,0.6592427616926503,4.472135954999579,5.207338950000036
session-2-20261005-50000Hz-600mV,50 kHz,PUFF_BOTH,T007,1,53,L5->L6,L2->L3,211.1516043036377,True,1.7075651815930213,-1.666479757766065,-0.3723225299988786,3.6055512754639887,5.307310849999993
session-2-20261005-50000Hz-600mV,50 kHz,PUFF_BOTH,T007,1,54,L5->L6,L3->L4,327.6171546180084,True,1.6437371276890071,-1.6434833648551705,0.028882077273531884,5.385164807134505,5.4067557500000305
session-2-20261005-50000Hz-600mV,50 kHz,PUFF_BOTH,T007,1,55,L5->L6,L7->L8,211.29363454680785,True,5.930119055889451,-5.91107626833912,-0.4748572068540712,12.529964086141668,5.506181699999985
session-2-20261005-50000Hz-600mV,50 kHz,PUFF_BOTH,T007,1,56,L5->L6,L8->R8,62.39390995922599,True,16.501017723869406,16.362702286154637,2.1320318520421266,10.295630140986999,5.605678300000022
session-2-20261005-50000Hz-600mV,50 kHz,PUFF_BOTH,T007,1,57,L5->L6,R8->R7,19.6468827043885,False,32.19113899898252,32.12435233160622,2.072538860103627,6.324555320336757,5.706178600000015
session-2-20261005-50000Hz-600mV,50 kHz,PUFF_BOTH,T007,1,58,L5->L6,R7->R6,3.1622776601683795,False,161.245154965971,140.0,80.0,5.099019513592785,5.8056368000000305
session-2-20261005-50000Hz-600mV,50 kHz,PUFF_BOTH,T007,1,59,L5->L6,R6->R5,42.720018726587654,False,5.234239225902136,3.8356164383561637,3.5616438356164384,2.2360679774997894,5.9035988999999915
session-2-20261005-50000Hz-600mV,50 kHz,PUFF_BOTH,T007,1,60,L5->L6,R5->R4,6.0,False,16.666666666666664,-16.666666666666664,0.0,1.0,6.000666849999988
session-2-20261005-50000Hz-600mV,50 kHz,PUFF_BOTH,T007,1,61,L5->L6,R4->R3,8.0,False,12.5,0.0,-12.5,1.0,6.097247049999993
session-2-20261005-50000Hz-600mV,50 kHz,PUFF_BOTH,T007,1,62,L5->L6,R3->R2,3.1622776601683795,False,0.0,0.0,0.0,0.0,6.195147700000035
session-2-20261005-50000Hz-600mV,50 kHz,PUFF_BOTH,T007,1,63,L5->L6,R2->R1,38.8329756778952,False,5.758167996310984,-5.570291777188328,1.4588859416445625,2.23606797749979,6.293208800000002
session-2-20261005-50000Hz-600mV,50 kHz,PUFF_BOTH,T007,1,64,L5->L6,R1->L1,79.40403012442125,True,5.037527684340761,-5.011895321173672,0.507533703409992,3.9999999999999982,6.391781199999997
session-2-20261005-50000Hz-600mV,50 kHz,PUFF_BOTH,T007,1,65,L6->L7,L1->L2,52.0,True,3.846153846153846,3.5502958579881656,-1.4792899408284024,1.9999999999999998,6.491252400000008
session-2-20261005-50000Hz-600mV,50 kHz,PUFF_BOTH,T007,1,66,L6->L7,L2->L3,55.362442142665635,True,2.5544638343965267,-2.316476345840131,-1.0766721044045677,1.4142135623730951,6.5907458499999905
session-2-20261005-50000Hz-600mV,50 kHz,PUFF_BOTH,T007,1,67,L6->L7,L3->L4,45.221676218380054,False,2.211328910434233,2.1026894865525674,-0.684596577017115,1.0000000000000002,6.690750700000024
session-2-20261005-50000Hz-600mV,50 kHz,PUFF_BOTH,T007,1,68,L6->L7,L4->L5,247.3418686757258,True,0.5717647278824356,-0.5394095916832848,-0.18961064434927585,1.414213562373095,6.789749300000011
session-2-20261005-50000Hz-600mV,50 kHz,PUFF_BOTH,T007,1,69,L6->L7,L8->R8,344.30509726113553,True,17.547004197312653,17.20176134158892,-3.463634369780507,60.41522986797286,6.889263349999993
session-2-20261005-50000Hz-600mV,50 kHz,PUFF_BOTH,T007,1,70,L6->L7,R8->R7,60.415229867972855,True,34.561836582352015,33.8082191780822,-7.178082191780823,20.8806130178211,6.9877512000000195
session-2-20261005-50000Hz-600mV,50 kHz,PUFF_BOTH,T007,1,71,L6->L7,R7->R6,45.880278987817846,False,48.737017882857934,48.45605700712589,-5.225653206650832,22.360679774997894,7.084689350000019
session-2-20261005-50000Hz-600mV,50 kHz,PUFF_BOTH,T007,1,72,L6->L7,R6->R5,23.769728648009426,False,17.346035735931494,17.168141592920357,-2.4778761061946906,4.1231056256176615,7.183161650000017
session-2-20261005-50000Hz-600mV,50 kHz,PUFF_BOTH,T007,1,73,L6->L7,R5->R4,16.643316977093235,False,6.008417681261097,5.054151624548737,-3.249097472924188,0.9999999999999998,7.282206400000035
session-2-20261005-50000Hz-600mV,50 kHz,PUFF_BOTH,T007,1,74,L6->L7,R4->R3,13.601470508735444,False,7.352146220938079,7.027027027027027,2.1621621621621623,1.0000000000000002,7.38070725
session-2-20261005-50000Hz-600mV,50 kHz,PUFF_BOTH,T007,1,75,L6->L7,R3->R2,3.1622776601683795,False,0.0,0.0,0.0,0.0,7.479709000000014
session-2-20261005-50000Hz-600mV,50 kHz,PUFF_BOTH,T007,1,76,L6->L7,R2->R1,61.522353661088104,True,1.6254254600023277,-1.6116248348745046,-0.21136063408190223,1.0000000000000002,7.5791863999999975
session-2-20261005-50000Hz-600mV,50 kHz,PUFF_BOTH,T007,1,77,L6->L7,R1->L1,69.26037828369118,True,2.041879639438963,-1.5634771732332706,1.3133208255159476,1.4142135623730951,7.678751300000016
session-2-20261005-50000Hz-600mV,50 kHz,PUFF_BOTH,T007,1,78,L7->L8,L1->L2,19.026297590440446,False,16.620562382863337,-15.469613259668508,-6.077348066298343,3.1622776601683786,7.778862000000032
session-2-20261005-50000Hz-600mV,50 kHz,PUFF_BOTH,T007,1,79,L7->L8,L2->L3,29.427877939124325,False,4.805693313322127,3.9260969976905313,2.771362586605081,1.4142135623730951,7.878759300000013
session-2-20261005-50000Hz-600mV,50 kHz,PUFF_BOTH,T007,1,80,L7->L8,L3->L4,31.622776601683796,False,15.811388300841896,15.0,5.0,5.000000000000001,7.977697549999988
session-2-20261005-50000Hz-600mV,50 kHz,PUFF_BOTH,T007,1,81,L7->L8,L4->L5,100.56838469419701,True,4.971741382944287,4.736009491793554,1.5127545975875023,5.0,8.076359050000008
session-2-20261005-50000Hz-600mV,50 kHz,PUFF_BOTH,T007,1,82,L7->L8,L5->L6,221.6528817768901,True,5.652966920932704,-5.631996743334011,-0.4864644819865661,12.52996408614167,8.175878100000006
session-2-20261005-50000Hz-600mV,50 kHz,PUFF_BOTH,T007,1,83,L7->L8,R8->R7,147.73286702694156,True,14.134033568855855,14.020618556701034,-1.7869415807560136,20.880613017821105,8.276270900000014
session-2-20261005-50000Hz-600mV,50 kHz,PUFF_BOTH,T007,1,84,L7->L8,R7->R6,75.15317691222374,True,35.82792523477873,35.269121813031155,-6.303116147308782,26.925824035672516,8.376242350000012
session-2-20261005-50000Hz-600mV,50 kHz,PUFF_BOTH,T007,1,85,L7->L8,R6->R5,28.0178514522438,False,28.77543184223316,28.662420382165603,-2.5477707006369426,8.06225774829855,8.475780800000024
session-2-20261005-50000Hz-600mV,50 kHz,PUFF_BOTH,T007,1,86,L7->L8,R5->R4,17.88854381999832,False,5.5901699437494745,-5.0,2.5,1.0000000000000002,8.57584730000002
session-2-20261005-50000Hz-600mV,50 kHz,PUFF_BOTH,T007,1,87,L7->L8,R4->R3,13.0,False,15.384615384615383,-5.9171597633136095,14.201183431952662,1.9999999999999998,8.67586990000001
session-2-20261005-50000Hz-600mV,50 kHz,PUFF_BOTH,T007,1,88,L7->L8,R3->R2,2.23606797749979,False,0.0,0.0,0.0,0.0,8.775415350000003
session-2-20261005-50000Hz-600mV,50 kHz,PUFF_BOTH,T007,1,89,L7->L8,R2->R1,56.32051136131489,True,11.229577231219766,-10.21437578814628,-4.665825977301387,6.324555320336758,8.873824400000018
session-2-20261005-50000Hz-600mV,50 kHz,PUFF_BOTH,T007,1,90,L7->L8,R1->L1,74.027022093287,True,4.271788288583805,-1.2408759124087592,4.087591240875913,3.16227766016838,8.972744100000028
session-2-20261005-50000Hz-600mV,50 kHz,PUFF_BOTH,T007,1,91,L8->R8,L1->L2,8.54400374531753,False,0.0,0.0,0.0,0.0,9.072688
session-2-20261005-50000Hz-600mV,50 kHz,PUFF_BOTH,T007,1,92,L8->R8,L2->L3,26.305892875931807,False,5.376033305704704,-4.3352601156069355,-3.1791907514450863,1.4142135623730947,9.172196150000019
session-2-20261005-50000Hz-600mV,50 kHz,PUFF_BOTH,T007,1,93,L8->R8,L3->L4,31.016124838541646,False,7.209372509105906,-7.172557172557173,-0.7276507276507278,2.2360679774997902,9.271183150000013
session-2-20261005-50000Hz-600mV,50 kHz,PUFF_BOTH,T007,1,94,L8->R8,L4->L5,74.63243262818116,True,5.6847144568583525,-5.062836624775583,-2.585278276481149,4.242640687119285,9.368668050000025
session-2-20261005-50000Hz-600mV,50 kHz,PUFF_BOTH,T007,1,95,L8->R8,L5->L6,65.14598989960933,True,17.501851255252404,17.483506126295943,-0.8011310084825635,11.401754250991381,9.46666375000001
session-2-20261005-50000Hz-600mV,50 kHz,PUFF_BOTH,T007,1,96,L8->R8,L6->L7,358.3978236541065,True,16.972096728379572,16.559101277549846,-3.72132130261816,60.827625302982206,9.564608900000025
session-2-20261005-50000Hz-600mV,50 kHz,PUFF_BOTH,T007,1,97,L8->R8,R7->R6,382.602927328059,True,14.526489202395872,13.94405164463572,-4.072138538784712,55.578772926361026,9.663116850000023
session-2-20261005-50000Hz-600mV,50 kHz,PUFF_BOTH,T007,1,98,L8->R8,R6->R5,87.32124598286491,True,19.56912925176108,19.331147540983608,-3.0426229508196716,17.088007490635064,9.763116550000007
session-2-20261005-50000Hz-600mV,50 kHz,PUFF_BOTH,T007,1,99,L8->R8,R5->R4,46.95742752749558,False,13.468700594029482,-13.333333333333336,1.9047619047619049,6.324555320336761,9.863106700000003
session-2-20261005-50000Hz-600mV,50 kHz,PUFF_BOTH,T007,1,100,L8->R8,R4->R3,22.80350850198276,False,13.867504905630728,-11.538461538461538,7.6923076923076925,3.1622776601683795,9.962166800000006
session-2-20261005-50000Hz-600mV,50 kHz,PUFF_BOTH,T007,1,101,L8->R8,R3->R2,8.602325267042627,False,25.993762245501824,-25.67567567567568,4.054054054054054,2.2360679774997902,10.06129205000002
session-2-20261005-50000Hz-600mV,50 kHz,PUFF_BOTH,T007,1,102,L8->R8,R2->R1,47.801673610868484,False,4.183953926553039,4.026258205689278,1.1378555798687089,2.0,10.16178800000003
session-2-20261005-50000Hz-600mV,50 kHz,PUFF_BOTH,T007,1,103,L8->R8,R1->L1,88.36288813749809,True,4.0803909327335806,-3.5860655737704907,-1.9467213114754096,3.6055512754639887,10.260737800000015
session-2-20261005-50000Hz-600mV,50 kHz,PUFF_BOTH,T007,1,104,R8->R7,L1->L2,10.816653826391969,False,33.33333333333333,-30.76923076923077,12.820512820512823,3.6055512754639896,10.358747000000022
session-2-20261005-50000Hz-600mV,50 kHz,PUFF_BOTH,T007,1,105,R8->R7,L2->L3,16.0,False,0.0,0.0,0.0,0.0,10.457712500000014
session-2-20261005-50000Hz-600mV,50 kHz,PUFF_BOTH,T007,1,106,R8->R7,L3->L4,17.720045146669353,False,12.618861628126721,-12.420382165605096,-2.229299363057325,2.2360679774997902,10.567213750000008
session-2-20261005-50000Hz-600mV,50 kHz,PUFF_BOTH,T007,1,107,R8->R7,L4->L5,37.85498646149539,False,3.735871267082812,-3.14026517794836,-2.0237264480111654,1.4142135623730947,10.675168200000002
session-2-20261005-50000Hz-600mV,50 kHz,PUFF_BOTH,T007,1,108,R8->R7,L5->L6,19.1049731745428,False,23.40822943922611,21.91780821917808,8.219178082191782,4.472135954999578,10.772707200000013
session-2-20261005-50000Hz-600mV,50 kHz,PUFF_BOTH,T007,1,109,R8->R7,L6->L7,66.18912297349165,True,30.10292016280539,29.696416343300612,-4.930381191508787,19.924858845171272,10.870692850000012
session-2-20261005-50000Hz-600mV,50 kHz,PUFF_BOTH,T007,1,110,R8->R7,L7->L8,149.9399879951976,True,12.949506064766048,12.823592207099011,-1.8014411529223382,19.4164878389476,10.970118050000025
session-2-20261005-50000Hz-600mV,50 kHz,PUFF_BOTH,T007,1,111,R8->R7,R6->R5,209.50656314301943,True,3.7279260175610798,-3.6634543093431753,-0.690315084409815,7.810249675906653,11.069738650000005
session-2-20261005-50000Hz-600mV,50 kHz,PUFF_BOTH,T007,1,112,R8->R7,R5->R4,60.82762530298219,True,3.676073110469038,3.6756756756756754,-0.05405405405405397,2.236067977499789,11.168305950000018
session-2-20261005-50000Hz-600mV,50 kHz,PUFF_BOTH,T007,1,113,R8->R7,R4->R3,24.08318915758459,False,14.971236790408557,14.482758620689653,-3.793103448275862,3.605551275463989,11.266801049999998
session-2-20261005-50000Hz-600mV,50 kHz,PUFF_BOTH,T007,1,114,R8->R7,R3->R2,10.295630140987,False,0.0,0.0,0.0,0.0,11.365252099999992
session-2-20261005-50000Hz-600mV,50 kHz,PUFF_BOTH,T007,1,115,R8->R7,R2->R1,36.6742416417845,False,3.8561494363984954,1.2639405204460967,3.6431226765799254,1.4142135623730954,11.4635916
session-2-20261005-50000Hz-600mV,50 kHz,PUFF_BOTH,T007,1,116,R8->R7,R1->L1,74.00675644831357,True,1.91092493475347,-1.3328464487858318,1.3693627898484573,1.4142135623730956,11.561180550000017
session-2-20261005-50000Hz-600mV,50 kHz,PUFF_BOTH,T007,1,117,R7->R6,L1->L2,25.455844122715714,False,15.713484026367722,11.11111111111111,-11.11111111111111,4.0,11.65979655000001
session-2-20261005-50000Hz-600mV,50 kHz,PUFF_BOTH,T007,1,118,R7->R6,L2->L3,20.024984394500787,False,4.993761694389224,-4.987531172069825,0.24937655860349126,1.0,11.759247799999997
session-2-20261005-50000Hz-600mV,50 kHz,PUFF_BOTH,T007,1,119,R7->R6,L3->L4,26.400757564888174,False,7.575540190785701,6.886657101865136,-3.1563845050215207,2.0,11.85820185
session-2-20261005-50000Hz-600mV,50 kHz,PUFF_BOTH,T007,1,120,R7->R6,L4->L5,46.84015371452148,False,4.773827155068792,4.6946216955332725,0.8659981768459437,2.23606797749979,11.95668925000004
session-2-20261005-50000Hz-600mV,50 kHz,PUFF_BOTH,T007,1,121,R7->R6,L5->L6,11.045361017187261,False,28.629916715693405,26.22950819672131,11.475409836065573,3.1622776601683786,12.054656649999998
session-2-20261005-50000Hz-600mV,50 kHz,PUFF_BOTH,T007,1,122,R7->R6,L6->L7,58.9406481131655,True,37.05478369682723,37.046632124352335,0.7772020725388606,21.840329667841555,12.153905850000001
session-2-20261005-50000Hz-600mV,50 kHz,PUFF_BOTH,T007,1,123,R7->R6,L7->L8,80.95677859203637,True,35.37151875923279,35.18462007934086,-3.6313701556301496,28.635642126552703,12.253398950000019
session-2-20261005-50000Hz-600mV,50 kHz,PUFF_BOTH,T007,1,124,R7->R6,L8->R8,391.86222068477076,True,14.435824508948958,14.076949126051733,-3.1988329990361817,56.56854249492379,12.351688400000029
session-2-20261005-50000Hz-600mV,50 kHz,PUFF_BOTH,T007,1,125,R7->R6,R5->R4,106.06601717798212,True,8.432740427115679,-8.426666666666668,0.31999999999999973,8.94427190999916,12.451553000000018
session-2-20261005-50000Hz-600mV,50 kHz,PUFF_BOTH,T007,1,126,R7->R6,R4->R3,15.264337522473749,False,20.71676976162604,-15.879828326180256,13.304721030042918,3.1622776601683795,12.55022655000002
session-2-20261005-50000Hz-600mV,50 kHz,PUFF_BOTH,T007,1,127,R7->R6,R3->R2,22.825424421026653,False,9.796391673838652,-9.788867562380037,0.3838771593090214,2.2360679774997894,12.648732650000028
session-2-20261005-50000Hz-600mV,50 kHz,PUFF_BOTH,T007,1,128,R7->R6,R2->R1,28.442925306655788,False,28.992134818515545,-11.866501854140916,-26.45241038318912,8.246211251235323,12.746731700000026
session-2-20261005-50000Hz-600mV,50 kHz,PUFF_BOTH,T007,1,129,R7->R6,R1->L1,79.40403012442125,True,6.421612990679355,-6.137985725614591,1.887390959555908,5.099019513592784,12.844664499999993
session-2-20261005-50000Hz-600mV,50 kHz,PUFF_BOTH,T007,1,130,R6->R5,L1->L2,10.295630140987,False,0.0,0.0,0.0,0.0,12.94215945000002
session-2-20261005-50000Hz-600mV,50 kHz,PUFF_BOTH,T007,1,131,R6->R5,L2->L3,26.076809620810597,False,0.0,0.0,0.0,0.0,13.040230949999994
session-2-20261005-50000Hz-600mV,50 kHz,PUFF_BOTH,T007,1,132,R6->R5,L3->L4,5.8309518948453,False,17.14985851425088,-8.823529411764707,-14.705882352941178,0.9999999999999998,13.138301949999999
session-2-20261005-50000Hz-600mV,50 kHz,PUFF_BOTH,T007,1,133,R6->R5,L4->L5,19.4164878389476,False,0.0,0.0,0.0,0.0,13.237212400000004
session-2-20261005-50000Hz-600mV,50 kHz,PUFF_BOTH,T007,1,134,R6->R5,L5->L6,43.46262762420146,False,3.253861166888154,1.2175754367390152,3.0174695606140816,1.414213562373095,13.337116049999992
session-2-20261005-50000Hz-600mV,50 kHz,PUFF_BOTH,T007,1,135,R6->R5,L6->L7,26.248809496813376,False,17.037481092399638,16.83599419448476,2.6124818577648763,4.472135954999579,13.43561895000002
session-2-20261005-50000Hz-600mV,50 kHz,PUFF_BOTH,T007,1,136,R6->R5,L7->L8,25.298221281347036,False,30.103986446980734,30.0,2.5,7.615773105863908,13.533592900000002
session-2-20261005-50000Hz-600mV,50 kHz,PUFF_BOTH,T007,1,137,R6->R5,L8->R8,84.30895563343198,True,19.16225186283436,19.16150815981992,-0.16882386043894182,16.155494421403514,13.632093300000037
session-2-20261005-50000Hz-600mV,50 kHz,PUFF_BOTH,T007,1,138,R6->R5,R8->R7,202.2325394193526,True,1.1056914895693633,-0.8337816030123721,-0.7261968800430338,2.23606797749979,13.730628050000007
session-2-20261005-50000Hz-600mV,50 kHz,PUFF_BOTH,T007,1,139,R6->R5,R4->R3,394.62007044751283,True,1.2921338511268115,-1.2682613581634292,0.24723069513565574,5.0990195135927845,13.829144900000017
session-2-20261005-50000Hz-600mV,50 kHz,PUFF_BOTH,T007,1,140,R6->R5,R3->R2,213.55093069335942,True,2.094177693573801,-2.087536181036751,-0.16665204806595915,4.47213595499958,13.928566800000027
session-2-20261005-50000Hz-600mV,50 kHz,PUFF_BOTH,T007,1,141,R6->R5,R2->R1,145.6605643267937,True,4.8544833287898905,4.322005938634113,-2.210491586935005,7.071067811865475,14.028089800000004
session-2-20261005-50000Hz-600mV,50 kHz,PUFF_BOTH,T007,1,142,R6->R5,R1->L1,107.67079455451234,True,4.643784807837157,-4.614853791080824,0.5175536961959802,5.000000000000002,14.12719765
session-2-20261005-50000Hz-600mV,50 kHz,PUFF_BOTH,T007,1,143,R5->R4,L1->L2,69.83552104767314,True,1.4319360477275611,-0.6971498872257536,-1.2507689153167931,0.9999999999999999,14.225719250000026
session-2-20261005-50000Hz-600mV,50 kHz,PUFF_BOTH,T007,1,144,R5->R4,L2->L3,14.0356688476182,False,0.0,0.0,0.0,0.0,14.323634750000025
session-2-20261005-50000Hz-600mV,50 kHz,PUFF_BOTH,T007,1,145,R5->R4,L3->L4,62.6418390534633,True,3.1927542840705043,-3.0581039755351678,0.9174311926605503,1.9999999999999998,14.425181750000007
session-2-20261005-50000Hz-600mV,50 kHz,PUFF_BOTH,T007,1,146,R5->R4,L4->L5,73.97972695272672,True,3.0225415388848953,-2.941713868079664,-0.694317558925635,2.23606797749979,14.525777599999998
session-2-20261005-50000Hz-600mV,50 kHz,PUFF_BOTH,T007,1,147,R5->R4,L5->L6,13.453624047073712,False,0.0,0.0,0.0,0.0,14.623808550000007
session-2-20261005-50000Hz-600mV,50 kHz,PUFF_BOTH,T007,1,148,R5->R4,L6->L7,28.861739379323623,False,7.747516350666293,5.042016806722689,5.88235294117647,2.2360679774997902,14.722732950000022
session-2-20261005-50000Hz-600mV,50 kHz,PUFF_BOTH,T007,1,149,R5->R4,L7->L8,26.019223662515373,False,0.0,0.0,0.0,0.0,14.82170475000001
session-2-20261005-50000Hz-600mV,50 kHz,PUFF_BOTH,T007,1,150,R5->R4,L8->R8,52.17278984298233,True,13.416955507012354,-13.115356355620866,2.8288023512123437,7.0,14.920675000000017
session-2-20261005-50000Hz-600mV,50 kHz,PUFF_BOTH,T007,1,151,R5->R4,R8->R7,66.49060083951716,True,8.09913692934168,7.984618864510293,1.3571590137977831,5.385164807134504,15.019158200000021
session-2-20261005-50000Hz-600mV,50 kHz,PUFF_BOTH,T007,1,152,R5->R4,R7->R6,101.5332457867865,True,6.306431147566198,-5.218740906004462,-3.540595596081094,6.403124237432848,15.117809600000015
session-2-20261005-50000Hz-600mV,50 kHz,PUFF_BOTH,T007,1,153,R5->R4,R3->R2,292.5149568825499,True,2.603549981521725,-2.5933500847309063,-0.23023432478232914,7.615773105863909,15.216262199999989
session-2-20261005-50000Hz-600mV,50 kHz,PUFF_BOTH,T007,1,154,R5->R4,R2->R1,67.68308503607086,True,13.297266215338086,-12.966601178781925,-2.9469548133595285,8.999999999999998,15.315664450000014
session-2-20261005-50000Hz-600mV,50 kHz,PUFF_BOTH,T007,1,155,R5->R4,R1->L1,31.304951684997057,False,13.170777796132697,-12.857142857142856,-2.857142857142857,4.123105625617661,15.415167550000007
session-2-20261005-50000Hz-600mV,50 kHz,PUFF_BOTH,T007,1,156,R4->R3,L1->L2,44.181444068749045,False,4.526787302125927,-4.508196721311474,0.40983606557377045,2.0,15.514134550000023
session-2-20261005-50000Hz-600mV,50 kHz,PUFF_BOTH,T007,1,157,R4->R3,L2->L3,11.40175425099138,False,0.0,0.0,0.0,0.0,15.61825435
session-2-20261005-50000Hz-600mV,50 kHz,PUFF_BOTH,T007,1,158,R4->R3,L3->L4,47.51841748206689,False,6.654846326399235,-6.554472984942428,-1.1514614703277237,3.16227766016838,15.72183130000002
session-2-20261005-50000Hz-600mV,50 kHz,PUFF_BOTH,T007,1,159,R4->R3,L4->L5,25.0,False,8.94427190999916,-8.799999999999999,1.6,2.23606797749979,15.820761050000016
session-2-20261005-50000Hz-600mV,50 kHz,PUFF_BOTH,T007,1,160,R4->R3,L5->L6,3.6055512754639896,False,27.735009811261456,-23.076923076923077,15.384615384615385,1.0000000000000002,15.920686950000032
session-2-20261005-50000Hz-600mV,50 kHz,PUFF_BOTH,T007,1,161,R4->R3,L6->L7,5.8309518948453,False,17.14985851425088,14.705882352941178,-8.823529411764707,0.9999999999999998,16.02111425000001
session-2-20261005-50000Hz-600mV,50 kHz,PUFF_BOTH,T007,1,162,R4->R3,L7->L8,12.041594578792296,False,16.609095970747994,-12.413793103448276,11.03448275862069,2.0,16.122500550000012
session-2-20261005-50000Hz-600mV,50 kHz,PUFF_BOTH,T007,1,163,R4->R3,L8->R8,21.470910553583888,False,10.414406840917835,-8.459869848156181,-6.073752711496747,2.2360679774997894,16.22198290000003
session-2-20261005-50000Hz-600mV,50 kHz,PUFF_BOTH,T007,1,164,R4->R3,R8->R7,20.591260281974,False,10.859306069076732,10.849056603773583,-0.47169811320754734,2.2360679774997894,16.319655400000016
session-2-20261005-50000Hz-600mV,50 kHz,PUFF_BOTH,T007,1,165,R4->R3,R7->R6,21.470910553583888,False,19.203217373235425,-14.316702819956614,12.798264642082428,4.12310562561766,16.418236800000017
session-2-20261005-50000Hz-600mV,50 kHz,PUFF_BOTH,T007,1,166,R4->R3,R6->R5,376.3641853311763,True,1.0955095586445327,-1.0935404165195906,0.06565478291563716,4.1231056256176615,16.516793449999994
session-2-20261005-50000Hz-600mV,50 kHz,PUFF_BOTH,T007,1,167,R4->R3,R2->R1,562.8943062422999,True,1.0659194689770553,1.009310399242544,-0.3427489348272053,6.000000000000002,16.614721650000007
session-2-20261005-50000Hz-600mV,50 kHz,PUFF_BOTH,T007,1,168,R4->R3,R1->L1,123.79418403139945,True,4.0389619586100975,-3.9804241435562813,0.6851549755301796,5.0,16.71367484999999
session-2-20261005-50000Hz-600mV,50 kHz,PUFF_BOTH,T007,1,169,R3->R2,L1->L2,30.80584360149873,False,3.2461373658059776,-1.8967334035827188,-2.634351949420443,1.0000000000000002,16.812739950000008
session-2-20261005-50000Hz-600mV,50 kHz,PUFF_BOTH,T007,1,170,R3->R2,L2->L3,25.01999200639361,False,0.0,0.0,0.0,0.0,16.910724450000004
session-2-20261005-50000Hz-600mV,50 kHz,PUFF_BOTH,T007,1,171,R3->R2,L3->L4,16.1245154965971,False,0.0,0.0,0.0,0.0,17.00922915000001
session-2-20261005-50000Hz-600mV,50 kHz,PUFF_BOTH,T007,1,172,R3->R2,L4->L5,8.485281374238571,False,0.0,0.0,0.0,0.0,17.108808900000014
session-2-20261005-50000Hz-600mV,50 kHz,PUFF_BOTH,T007,1,173,R3->R2,L5->L6,10.770329614269007,False,0.0,0.0,0.0,0.0,17.208267550000016
session-2-20261005-50000Hz-600mV,50 kHz,PUFF_BOTH,T007,1,174,R3->R2,L6->L7,13.341664064126334,False,7.495316889958616,-7.303370786516854,1.6853932584269662,1.0000000000000002,17.30762790000003
session-2-20261005-50000Hz-600mV,50 kHz,PUFF_BOTH,T007,1,175,R3->R2,L7->L8,10.295630140987,False,9.712858623572641,8.49056603773585,4.716981132075471,1.0,17.406632550000012
session-2-20261005-50000Hz-600mV,50 kHz,PUFF_BOTH,T007,1,176,R3->R2,L8->R8,15.03329637837291,False,27.42649065010927,-26.991150442477878,4.8672566371681425,4.1231056256176615,17.505112300000008
session-2-20261005-50000Hz-600mV,50 kHz,PUFF_BOTH,T007,1,177,R3->R2,R8->R7,19.026297590440446,False,10.511766624552733,10.497237569060774,0.5524861878453038,1.9999999999999998,17.60411719999999
session-2-20261005-50000Hz-600mV,50 kHz,PUFF_BOTH,T007,1,178,R3->R2,R7->R6,25.01999200639361,False,7.993607669774317,0.3194888178913738,-7.987220447284344,2.0000000000000004,17.70266964999999
session-2-20261005-50000Hz-600mV,50 kHz,PUFF_BOTH,T007,1,179,R3->R2,R6->R5,233.85465571589546,True,1.7631060681668556,-1.7627267407840843,-0.0365710942071387,4.1231056256176615,17.801746950000023
session-2-20261005-50000Hz-600mV,50 kHz,PUFF_BOTH,T007,1,180,R3->R2,R5->R4,319.513692977312,True,2.674064972208945,-2.66336236029347,-0.23900714082810098,8.544003745317532,17.901243900000026
session-2-20261005-50000Hz-600mV,50 kHz,PUFF_BOTH,T007,1,181,R3->R2,R1->L1,74.16872656315464,True,5.393108639385903,-5.380839847300491,0.3635702599527359,4.0,17.999255550000015
session-2-20261005-50000Hz-600mV,50 kHz,PUFF_BOTH,T007,1,182,R2->R1,L1->L2,381.6346420334506,True,1.3101535996204836,1.0916955611246524,0.7243640358405713,5.0,18.096798600000028
session-2-20261005-50000Hz-600mV,50 kHz,PUFF_BOTH,T007,1,183,R2->R1,L2->L3,20.808652046684813,False,4.805693313322127,3.9260969976905304,2.771362586605081,1.0,18.195347199999986
session-2-20261005-50000Hz-600mV,50 kHz,PUFF_BOTH,T007,1,184,R2->R1,L3->L4,22.0,False,4.545454545454546,4.545454545454546,0.0,1.0,18.29529475000001
session-2-20261005-50000Hz-600mV,50 kHz,PUFF_BOTH,T007,1,185,R2->R1,L4->L5,20.615528128088304,False,4.85071250072666,4.705882352941177,-1.1764705882352942,1.0,18.395749800000004
session-2-20261005-50000Hz-600mV,50 kHz,PUFF_BOTH,T007,1,186,R2->R1,L5->L6,21.2602916254693,False,6.651901052377393,-6.63716814159292,0.4424778761061947,1.4142135623730951,18.494181950000012
session-2-20261005-50000Hz-600mV,50 kHz,PUFF_BOTH,T007,1,187,R2->R1,L6->L7,7.615773105863909,False,47.343207647399936,-46.55172413793103,8.620689655172415,3.6055512754639896,18.591724700000015
session-2-20261005-50000Hz-600mV,50 kHz,PUFF_BOTH,T007,1,188,R2->R1,L7->L8,14.317821063276352,False,22.08630521496931,-2.4390243902439033,21.951219512195124,3.1622776601683795,18.690737250000012
session-2-20261005-50000Hz-600mV,50 kHz,PUFF_BOTH,T007,1,189,R2->R1,L8->R8,14.422205101855958,False,43.85290096535145,-42.30769230769231,-11.538461538461538,6.324555320336758,18.790162700000025
session-2-20261005-50000Hz-600mV,50 kHz,PUFF_BOTH,T007,1,190,R2->R1,R8->R7,23.40939982143925,False,0.0,0.0,0.0,0.0,18.89020180000003
session-2-20261005-50000Hz-600mV,50 kHz,PUFF_BOTH,T007,1,191,R2->R1,R7->R6,37.64306044943742,False,15.490111126000237,15.031757233592097,-3.740296400846859,5.830951894845301,18.99026095000002
session-2-20261005-50000Hz-600mV,50 kHz,PUFF_BOTH,T007,1,192,R2->R1,R6->R5,153.46986674914396,True,2.6865896953941664,2.6493440326073108,0.44580308240988414,4.12310562561766,19.089705650000013
session-2-20261005-50000Hz-600mV,50 kHz,PUFF_BOTH,T007,1,193,R2->R1,R5->R4,8.602325267042627,False,46.49905549752771,-37.83783783783784,27.027027027027028,4.0,19.18769420000001
session-2-20261005-50000Hz-600mV,50 kHz,PUFF_BOTH,T007,1,194,R2->R1,R4->R3,502.7255712612996,True,1.5148967033358822,1.4224497790157993,0.521103298738194,7.615773105863909,19.28463130000003
session-2-20261005-50000Hz-600mV,50 kHz,PUFF_BOTH,T007,1,195,R1->L1,L2->L3,27.313000567495326,False,3.6612601296910627,-3.351206434316354,1.4745308310991958,1.0000000000000002,19.382170700000017
session-2-20261005-50000Hz-600mV,50 kHz,PUFF_BOTH,T007,1,196,R1->L1,L3->L4,34.785054261852174,False,0.0,0.0,0.0,0.0,19.480202200000036
session-2-20261005-50000Hz-600mV,50 kHz,PUFF_BOTH,T007,1,197,R1->L1,L4->L5,31.38470965295043,False,4.506059090593329,4.365482233502538,1.116751269035533,1.414213562373095,19.578150300000033
session-2-20261005-50000Hz-600mV,50 kHz,PUFF_BOTH,T007,1,198,R1->L1,L5->L6,11.180339887498949,False,0.0,0.0,0.0,0.0,19.67568695
session-2-20261005-50000Hz-600mV,50 kHz,PUFF_BOTH,T007,1,199,R1->L1,L6->L7,12.0,False,11.785113019775793,8.333333333333332,8.333333333333332,1.414213562373095,19.77313010000003
session-2-20261005-50000Hz-600mV,50 kHz,PUFF_BOTH,T007,1,200,R1->L1,L7->L8,12.36931687685298,False,16.169041669088866,15.686274509803921,3.9215686274509802,2.0,19.87062879999999
session-2-20261005-50000Hz-600mV,50 kHz,PUFF_BOTH,T007,1,201,R1->L1,L8->R8,21.023796041628636,False,15.04142093990467,-14.027149321266968,5.4298642533936645,3.1622776601683786,19.968163150000038
session-2-20261005-50000Hz-600mV,50 kHz,PUFF_BOTH,T007,1,202,R1->L1,R8->R7,15.03329637837291,False,19.955703157132184,19.911504424778766,1.3274336283185841,3.0000000000000013,20.064592250000004
session-2-20261005-50000Hz-600mV,50 kHz,PUFF_BOTH,T007,1,203,R1->L1,R7->R6,5.0,False,28.284271247461906,28.000000000000004,-4.0,1.4142135623730954,20.160594850000024
session-2-20261005-50000Hz-600mV,50 kHz,PUFF_BOTH,T007,1,204,R1->L1,R6->R5,35.0,False,0.0,0.0,0.0,0.0,20.258879250000007
session-2-20261005-50000Hz-600mV,50 kHz,PUFF_BOTH,T007,1,205,R1->L1,R5->R4,51.47815070493499,True,0.0,0.0,0.0,0.0,20.35782255000001
session-2-20261005-50000Hz-600mV,50 kHz,PUFF_BOTH,T007,1,206,R1->L1,R4->R3,53.23532661682465,True,1.8784518919133613,-1.8701482004234298,-0.17642907551164436,0.9999999999999999,20.455664650000017
session-2-20261005-50000Hz-600mV,50 kHz,PUFF_BOTH,T007,1,207,R1->L1,R3->R2,5.8309518948453,False,0.0,0.0,0.0,0.0,20.55519185
session-3-20261005-80000Hz-600mV,80 kHz,SMILE_LEFT,T002,1,0,L1->L2,L3->L4,299.2607558635111,True,2.755527107936702,2.594995366079704,0.9267840593141797,8.246211251235323,0.04834689999999853
session-3-20261005-80000Hz-600mV,80 kHz,SMILE_LEFT,T002,1,1,L1->L2,L4->L5,93.38094023943,True,4.54336899611537,4.541284403669724,-0.1376146788990826,4.242640687119284,0.14730229999999978
session-3-20261005-80000Hz-600mV,80 kHz,SMILE_LEFT,T002,1,2,L1->L2,L5->L6,83.40863264674707,True,1.1989166687760109,0.733074601121173,-0.948684777921518,1.0000000000000002,0.2483686499999962
session-3-20261005-80000Hz-600mV,80 kHz,SMILE_LEFT,T002,1,3,L1->L2,L6->L7,45.79301256742124,False,3.088273697413863,-3.004291845493562,0.7153075822603718,1.4142135623730951,0.34725274999999556
session-3-20261005-80000Hz-600mV,80 kHz,SMILE_LEFT,T002,1,4,L1->L2,L7->L8,19.313207915827967,False,7.3225202593821255,-6.702412868632708,-2.949061662198392,1.4142135623730954,0.44530309999999673
session-3-20261005-80000Hz-600mV,80 kHz,SMILE_LEFT,T002,1,5,L1->L2,L8->R8,7.0710678118654755,False,31.622776601683793,26.0,17.999999999999996,2.23606797749979,0.543422900000003
session-3-20261005-80000Hz-600mV,80 kHz,SMILE_LEFT,T002,1,6,L1->L2,R8->R7,4.242640687119286,False,0.0,0.0,0.0,0.0,0.6434604999999962
session-3-20261005-80000Hz-600mV,80 kHz,SMILE_LEFT,T002,1,7,L1->L2,R7->R6,22.561028345356952,False,0.0,0.0,0.0,0.0,0.7439202999999992
session-3-20261005-80000Hz-600mV,80 kHz,SMILE_LEFT,T002,1,8,L1->L2,R6->R5,10.44030650891055,False,9.578262852211514,-2.7522935779816513,-9.174311926605503,1.0,0.8434258999999926
session-3-20261005-80000Hz-600mV,80 kHz,SMILE_LEFT,T002,1,9,L1->L2,R5->R4,60.4648658313239,True,0.0,0.0,0.0,0.0,0.942920799999996
session-3-20261005-80000Hz-600mV,80 kHz,SMILE_LEFT,T002,1,10,L1->L2,R4->R3,45.80392996239515,False,2.1832187779978622,-1.2869399428026693,-1.7635843660629171,1.0000000000000002,1.0423659999999941
session-3-20261005-80000Hz-600mV,80 kHz,SMILE_LEFT,T002,1,11,L1->L2,R3->R2,25.612496949731394,False,0.0,0.0,0.0,0.0,1.1413410000000042
session-3-20261005-80000Hz-600mV,80 kHz,SMILE_LEFT,T002,1,12,L1->L2,R2->R1,373.2077169620157,True,0.5991483765935559,-0.5341604204359439,0.2713879555440683,2.2360679774997902,1.242285349999996
session-3-20261005-80000Hz-600mV,80 kHz,SMILE_LEFT,T002,1,13,L2->L3,L4->L5,247.95160818191923,True,3.607265133540433,-3.5783994795055305,-0.4554326610279767,8.94427190999916,1.3427858499999985
session-3-20261005-80000Hz-600mV,80 kHz,SMILE_LEFT,T002,1,14,L2->L3,L5->L6,161.82088863926066,True,3.9569206987282204,-3.9524936989230888,0.18712289009394334,6.4031242374328485,1.4413373000000007
session-3-20261005-80000Hz-600mV,80 kHz,SMILE_LEFT,T002,1,15,L2->L3,L6->L7,40.8166632639171,False,14.285714285714285,-14.285714285714285,2.3324013122377234e-16,5.8309518948453,1.539798949999998
session-3-20261005-80000Hz-600mV,80 kHz,SMILE_LEFT,T002,1,16,L2->L3,L7->L8,18.867962264113206,False,5.2999894000318,2.8089887640449436,4.49438202247191,0.9999999999999999,1.638218099999996
session-3-20261005-80000Hz-600mV,80 kHz,SMILE_LEFT,T002,1,17,L2->L3,L8->R8,15.620499351813308,False,23.082176787424142,22.95081967213115,-2.459016393442624,3.60555127546399,1.7377314499999983
session-3-20261005-80000Hz-600mV,80 kHz,SMILE_LEFT,T002,1,18,L2->L3,R8->R7,9.848857801796104,False,14.35916317235476,-5.154639175257731,13.402061855670103,1.4142135623730947,1.8368096999999963
session-3-20261005-80000Hz-600mV,80 kHz,SMILE_LEFT,T002,1,19,L2->L3,R7->R6,7.280109889280519,False,0.0,0.0,0.0,0.0,1.9353679999999969
session-3-20261005-80000Hz-600mV,80 kHz,SMILE_LEFT,T002,1,20,L2->L3,R6->R5,18.027756377319946,False,0.0,0.0,0.0,0.0,2.034339349999996
session-3-20261005-80000Hz-600mV,80 kHz,SMILE_LEFT,T002,1,21,L2->L3,R5->R4,5.385164807134504,False,0.0,0.0,0.0,0.0,2.132343949999999
session-3-20261005-80000Hz-600mV,80 kHz,SMILE_LEFT,T002,1,22,L2->L3,R4->R3,16.278820596099706,False,0.0,0.0,0.0,0.0,2.2303981999999962
session-3-20261005-80000Hz-600mV,80 kHz,SMILE_LEFT,T002,1,23,L2->L3,R3->R2,7.211102550927979,False,0.0,0.0,0.0,0.0,2.3293323500000014
session-3-20261005-80000Hz-600mV,80 kHz,SMILE_LEFT,T002,1,24,L2->L3,R2->R1,51.61395160225576,True,0.0,0.0,0.0,0.0,2.430774299999996
session-3-20261005-80000Hz-600mV,80 kHz,SMILE_LEFT,T002,1,25,L2->L3,R1->L1,33.24154027718932,False,4.25435629811517,-2.6244343891402715,-3.3484162895927603,1.414213562373095,2.5323497500000016
session-3-20261005-80000Hz-600mV,80 kHz,SMILE_LEFT,T002,1,26,L3->L4,L1->L2,327.9466420014085,True,2.1561641152084445,1.7973202912160968,1.191084993816772,7.0710678118654755,2.631819549999996
session-3-20261005-80000Hz-600mV,80 kHz,SMILE_LEFT,T002,1,27,L3->L4,L5->L6,252.1606630701942,True,1.4298627040254523,-1.429582448690729,-0.02830856334041045,3.605551275463989,2.7308207499999995
session-3-20261005-80000Hz-600mV,80 kHz,SMILE_LEFT,T002,1,28,L3->L4,L6->L7,26.92582403567252,False,29.94247358081712,-29.931034482758623,-0.8275862068965526,8.062257748298551,2.8294130999999965
session-3-20261005-80000Hz-600mV,80 kHz,SMILE_LEFT,T002,1,29,L3->L4,L7->L8,23.08679276123039,False,12.251277836633776,10.881801125703564,-5.6285178236397755,2.82842712474619,2.929358299999997
session-3-20261005-80000Hz-600mV,80 kHz,SMILE_LEFT,T002,1,30,L3->L4,L8->R8,21.931712199461305,False,16.439898730535724,16.216216216216214,-2.702702702702702,3.6055512754639873,3.028868099999997
session-3-20261005-80000Hz-600mV,80 kHz,SMILE_LEFT,T002,1,31,L3->L4,R8->R7,9.0,False,11.11111111111111,-11.11111111111111,0.0,1.0,3.125978949999997
session-3-20261005-80000Hz-600mV,80 kHz,SMILE_LEFT,T002,1,32,L3->L4,R7->R6,23.769728648009423,False,4.207031619116712,-1.0619469026548671,4.070796460176991,0.9999999999999998,3.2238491000000025
session-3-20261005-80000Hz-600mV,80 kHz,SMILE_LEFT,T002,1,33,L3->L4,R6->R5,13.601470508735444,False,0.0,0.0,0.0,0.0,3.32382415
session-3-20261005-80000Hz-600mV,80 kHz,SMILE_LEFT,T002,1,34,L3->L4,R5->R4,57.384666941614284,True,2.464445012483873,-2.4597631339204376,0.15183723048891587,1.4142135623730951,3.4238831500000018
session-3-20261005-80000Hz-600mV,80 kHz,SMILE_LEFT,T002,1,35,L3->L4,R4->R3,58.18075283115543,True,1.7187814721168517,-0.827178729689808,-1.5066469719350073,1.0000000000000002,3.524395949999999
session-3-20261005-80000Hz-600mV,80 kHz,SMILE_LEFT,T002,1,36,L3->L4,R3->R2,18.027756377319946,False,0.0,0.0,0.0,0.0,3.6244193500000037
session-3-20261005-80000Hz-600mV,80 kHz,SMILE_LEFT,T002,1,37,L3->L4,R2->R1,39.45883931389771,False,3.584022203803136,2.1194605009633913,2.8901734104046244,1.4142135623730951,3.7237954
session-3-20261005-80000Hz-600mV,80 kHz,SMILE_LEFT,T002,1,38,L3->L4,R1->L1,123.84667940643381,True,1.1419067262449563,1.1344373451558223,0.1303950971443474,1.414213562373095,3.8223732499999983
session-3-20261005-80000Hz-600mV,80 kHz,SMILE_LEFT,T002,1,39,L4->L5,L1->L2,76.05918747922568,True,5.57807784664817,5.548833189282628,0.5704407951598961,4.2426406871192865,3.920360449999997
session-3-20261005-80000Hz-600mV,80 kHz,SMILE_LEFT,T002,1,40,L4->L5,L2->L3,240.6262662304346,True,2.787810340736156,-2.7771541078737845,-0.24351911020535053,6.7082039324993685,4.018744750000003
session-3-20261005-80000Hz-600mV,80 kHz,SMILE_LEFT,T002,1,41,L4->L5,L6->L7,175.41949720598336,True,9.191974525877908,-9.1901728844404,0.18198362147406763,16.124515496597102,4.116265800000001
session-3-20261005-80000Hz-600mV,80 kHz,SMILE_LEFT,T002,1,42,L4->L5,L7->L8,66.60330322138684,True,12.104891737125875,11.857529305680794,2.4346257889990985,8.062257748298547,4.213840299999994
session-3-20261005-80000Hz-600mV,80 kHz,SMILE_LEFT,T002,1,43,L4->L5,L8->R8,47.634021455258214,False,23.751319232224652,23.622741295724992,-2.4680475980608194,11.313708498984761,4.311874249999995
session-3-20261005-80000Hz-600mV,80 kHz,SMILE_LEFT,T002,1,44,L4->L5,R8->R7,22.022715545545243,False,4.540766091864999,-2.88659793814433,-3.5051546391752577,1.0000000000000002,4.410847299999993
session-3-20261005-80000Hz-600mV,80 kHz,SMILE_LEFT,T002,1,45,L4->L5,R7->R6,19.209372712298546,False,7.362101738323103,-7.317073170731707,-0.8130081300813006,1.414213562373095,4.510848250000002
session-3-20261005-80000Hz-600mV,80 kHz,SMILE_LEFT,T002,1,46,L4->L5,R6->R5,5.0,False,20.0,-16.0,12.0,1.0,4.61184325
session-3-20261005-80000Hz-600mV,80 kHz,SMILE_LEFT,T002,1,47,L4->L5,R5->R4,39.623225512317894,False,5.643326479831004,-5.414012738853504,-1.5923566878980893,2.23606797749979,4.711832449999996
session-3-20261005-80000Hz-600mV,80 kHz,SMILE_LEFT,T002,1,48,L4->L5,R4->R3,35.014282800023196,False,4.038961958610096,-2.7732463295269163,2.9363784665579113,1.414213562373095,4.81033695
session-3-20261005-80000Hz-600mV,80 kHz,SMILE_LEFT,T002,1,49,L4->L5,R3->R2,18.973665961010276,False,7.4535599249993,-6.666666666666667,-3.333333333333334,1.4142135623730951,4.908288749999997
session-3-20261005-80000Hz-600mV,80 kHz,SMILE_LEFT,T002,1,50,L4->L5,R2->R1,115.12167476196652,True,0.8686461537913418,0.46781860710782464,0.7319097562815967,1.0,5.005706499999995
session-3-20261005-80000Hz-600mV,80 kHz,SMILE_LEFT,T002,1,51,L4->L5,R1->L1,45.48626166217663,False,0.0,0.0,0.0,0.0,5.10277335
session-3-20261005-80000Hz-600mV,80 kHz,SMILE_LEFT,T002,1,52,L5->L6,L1->L2,88.72992730753249,True,2.254030923600469,1.7274228375460432,1.447986790295948,1.9999999999999996,5.200354299999994
session-3-20261005-80000Hz-600mV,80 kHz,SMILE_LEFT,T002,1,53,L5->L6,L2->L3,176.0113632695344,True,3.0595551941086616,-2.9632020658489346,-0.7617817947062622,5.385164807134505,5.299350099999998
session-3-20261005-80000Hz-600mV,80 kHz,SMILE_LEFT,T002,1,54,L5->L6,L3->L4,272.3692346796899,True,1.323773325465399,-1.3237177326952887,0.012131832580710353,3.605551275463988,5.397318249999998
session-3-20261005-80000Hz-600mV,80 kHz,SMILE_LEFT,T002,1,55,L5->L6,L7->L8,178.63090438107287,True,8.015310179884763,7.935065342066501,1.1313422545363372,14.317821063276352,5.495811850000003
session-3-20261005-80000Hz-600mV,80 kHz,SMILE_LEFT,T002,1,56,L5->L6,L8->R8,52.69724850502159,True,14.820981925009624,14.728123874684911,-1.6564638098667632,7.810249675906654,5.595344949999998
session-3-20261005-80000Hz-600mV,80 kHz,SMILE_LEFT,T002,1,57,L5->L6,R8->R7,17.029386365926403,False,5.872202195147035,-4.482758620689655,3.793103448275862,1.0000000000000002,5.694349150000001
session-3-20261005-80000Hz-600mV,80 kHz,SMILE_LEFT,T002,1,58,L5->L6,R7->R6,3.0,False,47.14045207910317,-33.33333333333333,-33.33333333333333,1.414213562373095,5.792863599999997
session-3-20261005-80000Hz-600mV,80 kHz,SMILE_LEFT,T002,1,59,L5->L6,R6->R5,45.09988913511873,False,2.2173003507924647,-0.14749262536873156,-2.2123893805309733,1.0000000000000002,5.891911700000001
session-3-20261005-80000Hz-600mV,80 kHz,SMILE_LEFT,T002,1,60,L5->L6,R5->R4,6.4031242374328485,False,22.08630521496931,2.4390243902439024,-21.951219512195124,1.4142135623730951,5.991878299999996
session-3-20261005-80000Hz-600mV,80 kHz,SMILE_LEFT,T002,1,61,L5->L6,R4->R3,5.8309518948453,False,0.0,0.0,0.0,0.0,6.0908178000000035
session-3-20261005-80000Hz-600mV,80 kHz,SMILE_LEFT,T002,1,62,L5->L6,R3->R2,2.8284271247461903,False,35.35533905932738,-25.0,-25.0,1.0000000000000002,6.190476099999998
session-3-20261005-80000Hz-600mV,80 kHz,SMILE_LEFT,T002,1,63,L5->L6,R2->R1,40.2616442783948,False,2.4837535026770388,-0.6169031462060456,-2.405922270203578,1.0000000000000002,6.291392949999995
session-3-20261005-80000Hz-600mV,80 kHz,SMILE_LEFT,T002,1,64,L5->L6,R1->L1,69.8927750200262,True,0.0,0.0,0.0,0.0,6.3908378
session-3-20261005-80000Hz-600mV,80 kHz,SMILE_LEFT,T002,1,65,L6->L7,L1->L2,39.824615503479755,False,7.102208242284351,-7.0617906683480465,0.7566204287515766,2.8284271247461907,6.489903599999998
session-3-20261005-80000Hz-600mV,80 kHz,SMILE_LEFT,T002,1,66,L6->L7,L2->L3,44.687805943008655,False,12.050635947538627,-11.4171256885328,-3.85578367551327,5.385164807134504,6.588778599999998
session-3-20261005-80000Hz-600mV,80 kHz,SMILE_LEFT,T002,1,67,L6->L7,L3->L4,40.22437072223754,False,22.23595235774424,-22.00247218788628,-3.213844252163165,8.944271909999161,6.687717999999997
session-3-20261005-80000Hz-600mV,80 kHz,SMILE_LEFT,T002,1,68,L6->L7,L4->L5,200.9975124224178,True,8.899883189799697,-8.871287128712872,-0.7128712871287126,17.88854381999832,6.787738349999998
session-3-20261005-80000Hz-600mV,80 kHz,SMILE_LEFT,T002,1,69,L6->L7,L8->R8,295.8530040408581,True,0.9560244736793603,0.22164082761142018,0.929977493173691,2.82842712474619,6.888294549999998
session-3-20261005-80000Hz-600mV,80 kHz,SMILE_LEFT,T002,1,70,L6->L7,R8->R7,50.566787519082126,True,14.26055105479414,-14.078998826750096,2.2682831443097387,7.211102550927978,6.988840099999997
session-3-20261005-80000Hz-600mV,80 kHz,SMILE_LEFT,T002,1,71,L6->L7,R7->R6,36.796738985948195,False,15.84638219455263,-15.214180206794683,-4.431314623338258,5.830951894845301,7.088865300000002
session-3-20261005-80000Hz-600mV,80 kHz,SMILE_LEFT,T002,1,72,L6->L7,R6->R5,17.204650534085253,False,18.380365552345197,-17.56756756756757,-5.405405405405405,3.1622776601683795,7.189291050000001
session-3-20261005-80000Hz-600mV,80 kHz,SMILE_LEFT,T002,1,73,L6->L7,R5->R4,11.704699910719626,False,30.80430342483094,-29.927007299270077,7.2992700729927,3.60555127546399,7.2897979500000005
session-3-20261005-80000Hz-600mV,80 kHz,SMILE_LEFT,T002,1,74,L6->L7,R4->R3,15.652475842498529,False,14.285714285714285,-8.571428571428571,11.428571428571429,2.23606797749979,7.388298900000002
session-3-20261005-80000Hz-600mV,80 kHz,SMILE_LEFT,T002,1,75,L6->L7,R3->R2,1.4142135623730951,False,100.0,0.0,100.0,1.4142135623730951,7.486317149999998
session-3-20261005-80000Hz-600mV,80 kHz,SMILE_LEFT,T002,1,76,L6->L7,R2->R1,59.464274989274024,True,2.3782574707724704,2.1493212669683257,1.0180995475113122,1.414213562373095,7.585814750000004
session-3-20261005-80000Hz-600mV,80 kHz,SMILE_LEFT,T002,1,77,L6->L7,R1->L1,66.30987860040162,True,6.744298209245242,-5.139868091880828,-4.3666136001819424,4.4721359549995805,7.6857361
session-3-20261005-80000Hz-600mV,80 kHz,SMILE_LEFT,T002,1,78,L7->L8,L1->L2,17.720045146669353,False,12.618861628126721,-8.598726114649683,-9.235668789808917,2.2360679774997902,7.784741149999995
session-3-20261005-80000Hz-600mV,80 kHz,SMILE_LEFT,T002,1,79,L7->L8,L2->L3,26.400757564888174,False,8.469711416439276,8.321377331420372,-1.57819225251076,2.23606797749979,7.8816691999999975
session-3-20261005-80000Hz-600mV,80 kHz,SMILE_LEFT,T002,1,80,L7->L8,L3->L4,30.0,False,9.428090415820636,9.333333333333334,-1.3333333333333335,2.8284271247461903,7.978695049999999
session-3-20261005-80000Hz-600mV,80 kHz,SMILE_LEFT,T002,1,81,L7->L8,L4->L5,88.72992730753249,True,9.694953583391875,9.665946907151021,0.74939667217071,8.602325267042627,8.076698
session-3-20261005-80000Hz-600mV,80 kHz,SMILE_LEFT,T002,1,82,L7->L8,L5->L6,187.27786842016332,True,7.883912383660889,7.826533230690274,0.9494482935591483,14.7648230602334,8.174739499999994
session-3-20261005-80000Hz-600mV,80 kHz,SMILE_LEFT,T002,1,83,L7->L8,R8->R7,122.31925441237779,True,1.828058867953267,1.8112551797887981,0.24729314262799096,2.23606797749979,8.272310499999996
session-3-20261005-80000Hz-600mV,80 kHz,SMILE_LEFT,T002,1,84,L7->L8,R7->R6,60.74537019394976,True,2.3281009858985935,2.2764227642276422,-0.4878048780487804,1.4142135623730947,8.369771649999997
session-3-20261005-80000Hz-600mV,80 kHz,SMILE_LEFT,T002,1,85,L7->L8,R6->R5,21.18962010041709,False,6.674086442659998,6.013363028953229,-2.89532293986637,1.4142135623730951,8.467234349999998
session-3-20261005-80000Hz-600mV,80 kHz,SMILE_LEFT,T002,1,86,L7->L8,R5->R4,13.416407864998739,False,7.4535599249993,-6.666666666666667,-3.3333333333333335,1.0,8.564724349999999
session-3-20261005-80000Hz-600mV,80 kHz,SMILE_LEFT,T002,1,87,L7->L8,R4->R3,13.92838827718412,False,10.153461651336189,-4.123711340206185,9.278350515463917,1.414213562373095,8.662741149999995
session-3-20261005-80000Hz-600mV,80 kHz,SMILE_LEFT,T002,1,88,L7->L8,R3->R2,1.0,False,100.0,0.0,-100.0,1.0,8.76074105
session-3-20261005-80000Hz-600mV,80 kHz,SMILE_LEFT,T002,1,89,L7->L8,R2->R1,55.362442142665635,True,4.0389619586100975,-2.9363784665579122,-2.7732463295269167,2.23606797749979,8.858733049999998
session-3-20261005-80000Hz-600mV,80 kHz,SMILE_LEFT,T002,1,90,L7->L8,R1->L1,67.60177512462228,True,4.183953926553039,4.0262582056892775,1.137855579868709,2.8284271247461894,8.956737449999999
session-3-20261005-80000Hz-600mV,80 kHz,SMILE_LEFT,T002,1,91,L8->R8,L1->L2,12.727922061357857,False,15.713484026367722,-11.11111111111111,11.11111111111111,2.0,9.054263650000003
session-3-20261005-80000Hz-600mV,80 kHz,SMILE_LEFT,T002,1,92,L8->R8,L2->L3,24.413111231467404,False,11.585688927269846,11.409395973154362,2.0134228187919465,2.82842712474619,9.152805249999993
session-3-20261005-80000Hz-600mV,80 kHz,SMILE_LEFT,T002,1,93,L8->R8,L3->L4,30.0,False,12.01850425154663,12.000000000000002,0.6666666666666667,3.6055512754639896,9.252267749999994
session-3-20261005-80000Hz-600mV,80 kHz,SMILE_LEFT,T002,1,94,L8->R8,L4->L5,67.26812023536856,True,18.146122670030675,18.011049723756905,2.209944751381215,12.206555615733704,9.350740299999998
session-3-20261005-80000Hz-600mV,80 kHz,SMILE_LEFT,T002,1,95,L8->R8,L5->L6,55.226805085936306,True,13.057250984747458,12.918032786885245,1.9016393442622952,7.211102550927978,9.449289899999997
session-3-20261005-80000Hz-600mV,80 kHz,SMILE_LEFT,T002,1,96,L8->R8,L6->L7,308.4493475434824,True,1.2968093568219061,-0.73575009722412,1.067888712542437,4.000000000000001,9.548772550000002
session-3-20261005-80000Hz-600mV,80 kHz,SMILE_LEFT,T002,1,97,L8->R8,R7->R6,322.59107241211746,True,4.1704886457261905,4.096478162686782,-0.7822034305482151,13.453624047073712,9.647706749999998
session-3-20261005-80000Hz-600mV,80 kHz,SMILE_LEFT,T002,1,98,L8->R8,R6->R5,70.66116330771806,True,4.4752697410275655,4.4261966753454836,0.6609252954135789,3.162277660168379,9.74527895
session-3-20261005-80000Hz-600mV,80 kHz,SMILE_LEFT,T002,1,99,L8->R8,R5->R4,38.47076812334269,False,5.812381937190963,5.81081081081081,0.13513513513513514,2.2360679774997894,9.842946149999996
session-3-20261005-80000Hz-600mV,80 kHz,SMILE_LEFT,T002,1,100,L8->R8,R4->R3,22.090722034374522,False,0.0,0.0,0.0,0.0,9.942410000000002
session-3-20261005-80000Hz-600mV,80 kHz,SMILE_LEFT,T002,1,101,L8->R8,R3->R2,5.385164807134504,False,18.569533817705185,17.24137931034483,6.896551724137932,0.9999999999999999,10.04234795
session-3-20261005-80000Hz-600mV,80 kHz,SMILE_LEFT,T002,1,102,L8->R8,R2->R1,50.80354318352215,True,4.401401629453763,-4.223169314219295,-1.239829523440527,2.23606797749979,10.1408542
session-3-20261005-80000Hz-600mV,80 kHz,SMILE_LEFT,T002,1,103,L8->R8,R1->L1,82.37718130647589,True,3.838778664207323,3.0061892130857646,2.3872679045092835,3.1622776601683795,10.2403592
session-3-20261005-80000Hz-600mV,80 kHz,SMILE_LEFT,T002,1,104,R8->R7,L1->L2,13.038404810405298,False,7.669649888473705,-7.647058823529412,0.5882352941176472,1.0000000000000002,10.339296349999998
session-3-20261005-80000Hz-600mV,80 kHz,SMILE_LEFT,T002,1,105,R8->R7,L2->L3,15.652475842498529,False,6.388765649999399,-2.857142857142857,-5.714285714285714,1.0,10.437259149999996
session-3-20261005-80000Hz-600mV,80 kHz,SMILE_LEFT,T002,1,106,R8->R7,L3->L4,18.439088914585774,False,5.423261445466404,-4.117647058823529,-3.5294117647058822,0.9999999999999999,10.534721650000002
session-3-20261005-80000Hz-600mV,80 kHz,SMILE_LEFT,T002,1,107,R8->R7,L4->L5,34.058772731852805,False,0.0,0.0,0.0,0.0,10.632729149999996
session-3-20261005-80000Hz-600mV,80 kHz,SMILE_LEFT,T002,1,108,R8->R7,L5->L6,17.46424919657298,False,12.803687993289598,-12.786885245901638,-0.6557377049180327,2.2360679774997894,10.73169575
session-3-20261005-80000Hz-600mV,80 kHz,SMILE_LEFT,T002,1,109,R8->R7,L6->L7,55.47071299343465,True,14.079951842030681,-13.779655508612285,2.8924276893077665,7.810249675906654,10.829722400000001
session-3-20261005-80000Hz-600mV,80 kHz,SMILE_LEFT,T002,1,110,R8->R7,L7->L8,124.19742348374221,True,1.8004141428847737,1.7504051863857375,0.42139384116693673,2.23606797749979,10.928248099999998
session-3-20261005-80000Hz-600mV,80 kHz,SMILE_LEFT,T002,1,111,R8->R7,R6->R5,169.04733065032406,True,3.7877700953928506,-3.705777373412184,0.783847149805788,6.403124237432847,11.026737349999998
session-3-20261005-80000Hz-600mV,80 kHz,SMILE_LEFT,T002,1,112,R8->R7,R5->R4,49.64876634922564,False,2.8484364594794256,-2.718052738336714,0.8519269776876268,1.4142135623730951,11.12533105
session-3-20261005-80000Hz-600mV,80 kHz,SMILE_LEFT,T002,1,113,R8->R7,R4->R3,23.021728866442675,False,4.343722427630693,0.18867924528301885,4.339622641509433,0.9999999999999999,11.224394799999999
session-3-20261005-80000Hz-600mV,80 kHz,SMILE_LEFT,T002,1,114,R8->R7,R3->R2,7.615773105863909,False,13.130643285972255,-12.068965517241379,-5.1724137931034475,1.0,11.324441799999995
session-3-20261005-80000Hz-600mV,80 kHz,SMILE_LEFT,T002,1,115,R8->R7,R2->R1,39.0,False,5.7335076346148455,2.564102564102564,5.128205128205128,2.23606797749979,11.424359349999996
session-3-20261005-80000Hz-600mV,80 kHz,SMILE_LEFT,T002,1,116,R8->R7,R1->L1,68.47627326307996,True,2.065260702695966,-1.983365323096609,-0.5758157389635316,1.4142135623730951,11.523946349999996
session-3-20261005-80000Hz-600mV,80 kHz,SMILE_LEFT,T002,1,117,R7->R6,L1->L2,24.020824298928627,False,4.163054471218133,0.17331022530329288,-4.159445407279029,0.9999999999999999,11.621940849999994
session-3-20261005-80000Hz-600mV,80 kHz,SMILE_LEFT,T002,1,118,R7->R6,L2->L3,18.35755975068582,False,0.0,0.0,0.0,0.0,11.721193749999998
session-3-20261005-80000Hz-600mV,80 kHz,SMILE_LEFT,T002,1,119,R7->R6,L3->L4,23.853720883753127,False,0.0,0.0,0.0,0.0,11.82257105
session-3-20261005-80000Hz-600mV,80 kHz,SMILE_LEFT,T002,1,120,R7->R6,L4->L5,41.036569057366385,False,2.436850894142897,-1.7814726840855106,-1.66270783847981,1.0000000000000002,11.921745199999997
session-3-20261005-80000Hz-600mV,80 kHz,SMILE_LEFT,T002,1,121,R7->R6,L5->L6,9.486832980505138,False,23.570226039551585,-16.666666666666664,-16.666666666666668,2.23606797749979,12.022794249999997
session-3-20261005-80000Hz-600mV,80 kHz,SMILE_LEFT,T002,1,122,R7->R6,L6->L7,49.51767361255979,False,14.279886949438495,-14.27406199021207,-0.4078303425774879,7.071067811865475,12.124365249999997
session-3-20261005-80000Hz-600mV,80 kHz,SMILE_LEFT,T002,1,123,R7->R6,L7->L8,68.0147042925278,True,2.0792762051726847,2.0752269779507135,-0.12970168612191962,1.4142135623730951,12.224417299999992
session-3-20261005-80000Hz-600mV,80 kHz,SMILE_LEFT,T002,1,124,R7->R6,L8->R8,333.7558988242755,True,4.454174083420645,4.346772238830088,-0.9722334437531979,14.866068747318506,12.324929699999998
session-3-20261005-80000Hz-600mV,80 kHz,SMILE_LEFT,T002,1,125,R7->R6,R5->R4,84.17244204607586,True,3.56411187209919,-3.2604093154551874,-1.4396612561750177,3.0,12.423280150000004
session-3-20261005-80000Hz-600mV,80 kHz,SMILE_LEFT,T002,1,126,R7->R6,R4->R3,15.811388300841898,False,8.944271909999157,-4.0,7.999999999999999,1.414213562373095,12.521813849999994
session-3-20261005-80000Hz-600mV,80 kHz,SMILE_LEFT,T002,1,127,R7->R6,R3->R2,17.08800749063506,False,0.0,0.0,0.0,0.0,12.621898099999996
session-3-20261005-80000Hz-600mV,80 kHz,SMILE_LEFT,T002,1,128,R7->R6,R2->R1,33.60059523282288,False,2.9761377531286874,-2.391496899911426,-1.7714791851195746,0.9999999999999998,12.721810400000003
session-3-20261005-80000Hz-600mV,80 kHz,SMILE_LEFT,T002,1,129,R7->R6,R1->L1,70.7248188403477,True,1.9996001199600144,-1.9592163134746103,-0.39984006397441024,1.4142135623730954,12.821821999999997
session-3-20261005-80000Hz-600mV,80 kHz,SMILE_LEFT,T002,1,130,R6->R5,L1->L2,12.206555615733702,False,8.192319205190405,-6.7114093959731544,-4.697986577181208,0.9999999999999999,12.921329100000001
session-3-20261005-80000Hz-600mV,80 kHz,SMILE_LEFT,T002,1,131,R6->R5,L2->L3,23.853720883753127,False,4.192218081503186,-2.2847100175746924,-3.5149384885764503,1.0,13.020213149999996
session-3-20261005-80000Hz-600mV,80 kHz,SMILE_LEFT,T002,1,132,R6->R5,L3->L4,3.0,False,33.33333333333333,33.33333333333333,0.0,1.0,13.1197995
session-3-20261005-80000Hz-600mV,80 kHz,SMILE_LEFT,T002,1,133,R6->R5,L4->L5,17.029386365926403,False,0.0,0.0,0.0,0.0,13.2192705
session-3-20261005-80000Hz-600mV,80 kHz,SMILE_LEFT,T002,1,134,R6->R5,L5->L6,48.093658625644196,False,2.0792762051726843,0.12970168612191957,-2.075226977950713,1.0,13.318332499999997
session-3-20261005-80000Hz-600mV,80 kHz,SMILE_LEFT,T002,1,135,R6->R5,L6->L7,20.518284528683193,False,13.784910335911555,-13.776722090261284,0.47505938242280277,2.8284271247461907,13.417811749999998
session-3-20261005-80000Hz-600mV,80 kHz,SMILE_LEFT,T002,1,136,R6->R5,L7->L8,19.1049731745428,False,5.234239225902136,3.8356164383561637,3.5616438356164384,0.9999999999999998,13.517690600000002
session-3-20261005-80000Hz-600mV,80 kHz,SMILE_LEFT,T002,1,137,R6->R5,L8->R8,68.24221567329126,True,6.21703244137159,6.1198196263689075,-1.0951256173502255,4.242640687119285,13.616286799999997
session-3-20261005-80000Hz-600mV,80 kHz,SMILE_LEFT,T002,1,138,R6->R5,R8->R7,166.41213898030398,True,4.693317280676894,-4.669049940418157,0.47665475029790927,7.810249675906656,13.719407699999998
session-3-20261005-80000Hz-600mV,80 kHz,SMILE_LEFT,T002,1,139,R6->R5,R4->R3,338.89526405661087,True,0.2950764162443282,0.15411406181976492,-0.25163256421419244,1.0000000000000002,13.82436165
session-3-20261005-80000Hz-600mV,80 kHz,SMILE_LEFT,T002,1,140,R6->R5,R3->R2,180.5602392554906,True,0.7832364246992385,-0.7668241212195571,0.1594994172136679,1.4142135623730954,13.924363300000003
session-3-20261005-80000Hz-600mV,80 kHz,SMILE_LEFT,T002,1,141,R6->R5,R2->R1,125.51493934986384,True,0.7967179087842061,0.15868985654436965,-0.7807540941982988,0.9999999999999998,14.023358850000001
session-3-20261005-80000Hz-600mV,80 kHz,SMILE_LEFT,T002,1,142,R6->R5,R1->L1,96.83491106000977,True,0.0,0.0,0.0,0.0,14.121416500000002
session-3-20261005-80000Hz-600mV,80 kHz,SMILE_LEFT,T002,1,143,R5->R4,L1->L2,60.74537019394976,True,1.646215994415983,-1.5447154471544717,-0.5691056910569106,1.0000000000000002,14.219320700000004
session-3-20261005-80000Hz-600mV,80 kHz,SMILE_LEFT,T002,1,144,R5->R4,L2->L3,13.038404810405298,False,0.0,0.0,0.0,0.0,14.318354050000003
session-3-20261005-80000Hz-600mV,80 kHz,SMILE_LEFT,T002,1,145,R5->R4,L3->L4,56.63920903402518,True,2.496880847194612,-2.4937655860349124,0.12468827930174563,1.414213562373095,14.417933949999998
session-3-20261005-80000Hz-600mV,80 kHz,SMILE_LEFT,T002,1,146,R5->R4,L4->L5,65.06919393998976,True,2.173399540921557,-2.1728861596598965,-0.0472366556447803,1.4142135623730951,14.516325649999999
session-3-20261005-80000Hz-600mV,80 kHz,SMILE_LEFT,T002,1,147,R5->R4,L5->L6,16.492422502470642,False,8.57492925712544,-4.411764705882352,-7.352941176470589,1.414213562373095,14.613185350000002
session-3-20261005-80000Hz-600mV,80 kHz,SMILE_LEFT,T002,1,148,R5->R4,L6->L7,24.041630560342618,False,17.64705882352941,-17.64705882352941,0.0,4.242640687119285,14.710665599999999
session-3-20261005-80000Hz-600mV,80 kHz,SMILE_LEFT,T002,1,149,R5->R4,L7->L8,23.259406699226012,False,9.613607115671604,-9.611829944547134,-0.18484288354898357,2.2360679774997894,14.80867335
session-3-20261005-80000Hz-600mV,80 kHz,SMILE_LEFT,T002,1,150,R5->R4,L8->R8,43.84062043356595,False,8.224225021923846,8.064516129032258,-1.6129032258064515,3.6055512754639896,14.906179950000002
session-3-20261005-80000Hz-600mV,80 kHz,SMILE_LEFT,T002,1,151,R5->R4,R8->R7,56.568542494923804,True,2.5,-2.5,0.0,1.4142135623730951,15.003187599999997
session-3-20261005-80000Hz-600mV,80 kHz,SMILE_LEFT,T002,1,152,R5->R4,R7->R6,82.32860985101108,True,1.7177668430602402,-1.7114192977279434,0.14753614635585718,1.414213562373095,15.100192650000004
session-3-20261005-80000Hz-600mV,80 kHz,SMILE_LEFT,T002,1,153,R5->R4,R3->R2,253.03161857759991,True,0.5589078433450336,-0.554470909800859,0.07028504490433424,1.4142135623730951,15.197711349999999
session-3-20261005-80000Hz-600mV,80 kHz,SMILE_LEFT,T002,1,154,R5->R4,R2->R1,63.32456079595025,True,1.579166104637163,-0.42394014962593507,-1.5211970074812966,0.9999999999999997,15.294693299999999
session-3-20261005-80000Hz-600mV,80 kHz,SMILE_LEFT,T002,1,155,R5->R4,R1->L1,35.05709628591621,False,4.034029375505464,-2.685109845402766,-3.010577705451587,1.414213562373095,15.39225295
session-3-20261005-80000Hz-600mV,80 kHz,SMILE_LEFT,T002,1,156,R4->R3,L1->L2,36.400549446402586,False,3.8851434494290564,-3.8490566037735845,-0.5283018867924529,1.4142135623730947,15.489821149999997
session-3-20261005-80000Hz-600mV,80 kHz,SMILE_LEFT,T002,1,157,R4->R3,L2->L3,11.40175425099138,False,12.403473458920846,6.153846153846154,-10.76923076923077,1.414213562373095,15.586837499999994
session-3-20261005-80000Hz-600mV,80 kHz,SMILE_LEFT,T002,1,158,R4->R3,L3->L4,41.23105625617661,False,5.423261445466404,-5.2941176470588225,1.1764705882352942,2.23606797749979,15.684776399999997
session-3-20261005-80000Hz-600mV,80 kHz,SMILE_LEFT,T002,1,159,R4->R3,L4->L5,23.086792761230395,False,6.125638918316887,-4.690431519699811,3.9399624765478425,1.414213562373095,15.782229699999995
session-3-20261005-80000Hz-600mV,80 kHz,SMILE_LEFT,T002,1,160,R4->R3,L5->L6,3.6055512754639896,False,27.735009811261456,-15.384615384615385,-23.076923076923077,1.0000000000000002,15.879708799999996
session-3-20261005-80000Hz-600mV,80 kHz,SMILE_LEFT,T002,1,161,R4->R3,L6->L7,6.0827625302982185,False,36.76073110469038,-35.13513513513512,10.81081081081081,2.236067977499789,15.978225099999996
session-3-20261005-80000Hz-600mV,80 kHz,SMILE_LEFT,T002,1,162,R4->R3,L7->L8,12.0,False,8.333333333333332,-8.333333333333332,0.0,1.0,16.077206499999996
session-3-20261005-80000Hz-600mV,80 kHz,SMILE_LEFT,T002,1,163,R4->R3,L8->R8,19.313207915827967,False,5.177803730784978,-1.8766756032171583,4.82573726541555,1.0000000000000002,16.175218249999993
session-3-20261005-80000Hz-600mV,80 kHz,SMILE_LEFT,T002,1,164,R4->R3,R8->R7,18.027756377319946,False,0.0,0.0,0.0,0.0,16.2738157
session-3-20261005-80000Hz-600mV,80 kHz,SMILE_LEFT,T002,1,165,R4->R3,R7->R6,19.6468827043885,False,7.198157507486945,-6.217616580310881,3.6269430051813476,1.414213562373095,16.372034149999998
session-3-20261005-80000Hz-600mV,80 kHz,SMILE_LEFT,T002,1,166,R4->R3,R6->R5,326.65884344373717,True,0.6845269988488538,0.606338912526006,-0.31769534983974657,2.23606797749979,16.47044245
session-3-20261005-80000Hz-600mV,80 kHz,SMILE_LEFT,T002,1,167,R4->R3,R2->R1,485.26796720987056,True,0.291429407653745,0.28409452831390536,-0.0649722912287407,1.4142135623730954,16.5708505
session-3-20261005-80000Hz-600mV,80 kHz,SMILE_LEFT,T002,1,168,R4->R3,R1->L1,110.11357772772621,True,1.284322598135871,-1.2783505154639174,-0.12371134020618557,1.414213562373095,16.6693146
session-3-20261005-80000Hz-600mV,80 kHz,SMILE_LEFT,T002,1,169,R3->R2,L1->L2,27.658633371878665,False,3.6155076303109364,0.7843137254901961,-3.5294117647058822,1.0000000000000002,16.767325199999995
session-3-20261005-80000Hz-600mV,80 kHz,SMILE_LEFT,T002,1,170,R3->R2,L2->L3,22.47220505424423,False,4.4499415948998475,3.762376237623762,-2.376237623762376,0.9999999999999999,16.8668015
session-3-20261005-80000Hz-600mV,80 kHz,SMILE_LEFT,T002,1,171,R3->R2,L3->L4,18.110770276274835,False,0.0,0.0,0.0,0.0,16.965788999999994
session-3-20261005-80000Hz-600mV,80 kHz,SMILE_LEFT,T002,1,172,R3->R2,L4->L5,8.246211251235321,False,12.126781251816649,11.76470588235294,-2.941176470588235,1.0,17.065259949999998
session-3-20261005-80000Hz-600mV,80 kHz,SMILE_LEFT,T002,1,173,R3->R2,L5->L6,12.041594578792294,False,0.0,0.0,0.0,0.0,17.164786099999993
session-3-20261005-80000Hz-600mV,80 kHz,SMILE_LEFT,T002,1,174,R3->R2,L6->L7,11.40175425099138,False,19.611613513818405,-19.230769230769234,3.8461538461538463,2.23606797749979,17.262317649999993
session-3-20261005-80000Hz-600mV,80 kHz,SMILE_LEFT,T002,1,175,R3->R2,L7->L8,11.045361017187261,False,0.0,0.0,0.0,0.0,17.360118199999995
session-3-20261005-80000Hz-600mV,80 kHz,SMILE_LEFT,T002,1,176,R3->R2,L8->R8,13.416407864998739,False,16.666666666666664,16.666666666666664,0.0,2.23606797749979,17.4591431
session-3-20261005-80000Hz-600mV,80 kHz,SMILE_LEFT,T002,1,177,R3->R2,R8->R7,17.88854381999832,False,7.90569415042095,-7.500000000000001,-2.5,1.4142135623730954,17.557245199999997
session-3-20261005-80000Hz-600mV,80 kHz,SMILE_LEFT,T002,1,178,R3->R2,R7->R6,20.591260281974,False,4.856429311786321,-2.3584905660377355,-4.245283018867925,1.0,17.65474425
session-3-20261005-80000Hz-600mV,80 kHz,SMILE_LEFT,T002,1,179,R3->R2,R6->R5,202.41047403728888,True,0.494045579783473,-0.3343910178179156,0.3636807420063461,1.0,17.7528345
session-3-20261005-80000Hz-600mV,80 kHz,SMILE_LEFT,T002,1,180,R3->R2,R5->R4,276.9440376682625,True,0.5106495789835747,-0.5084878354063992,0.04693733865289838,1.4142135623730951,17.849324349999996
session-3-20261005-80000Hz-600mV,80 kHz,SMILE_LEFT,T002,1,181,R3->R2,R1->L1,68.09552114493287,True,1.468525364350504,-1.2723743799870606,0.7332326935518655,1.0,17.946725649999998
session-3-20261005-80000Hz-600mV,80 kHz,SMILE_LEFT,T002,1,182,R2->R1,L1->L2,348.644518098306,True,0.4056319514464113,-0.03702088800770034,0.40393902248401936,1.4142135623730951,18.046220499999997
session-3-20261005-80000Hz-600mV,80 kHz,SMILE_LEFT,T002,1,183,R2->R1,L2->L3,26.076809620810597,False,0.0,0.0,0.0,0.0,18.1457064
session-3-20261005-80000Hz-600mV,80 kHz,SMILE_LEFT,T002,1,184,R2->R1,L3->L4,20.518284528683193,False,9.747403576571587,-7.1258907363420425,6.65083135391924,2.0000000000000004,18.244779199999996
session-3-20261005-80000Hz-600mV,80 kHz,SMILE_LEFT,T002,1,185,R2->R1,L4->L5,19.723082923316017,False,0.0,0.0,0.0,0.0,18.34280245
session-3-20261005-80000Hz-600mV,80 kHz,SMILE_LEFT,T002,1,186,R2->R1,L5->L6,24.186773244895647,False,0.0,0.0,0.0,0.0,18.44069495
session-3-20261005-80000Hz-600mV,80 kHz,SMILE_LEFT,T002,1,187,R2->R1,L6->L7,8.06225774829855,False,27.735009811261456,-26.153846153846157,-9.230769230769232,2.23606797749979,18.53771045
session-3-20261005-80000Hz-600mV,80 kHz,SMILE_LEFT,T002,1,188,R2->R1,L7->L8,16.401219466856727,False,6.097107608496924,-3.717472118959108,4.83271375464684,1.0,18.634265899999995
session-3-20261005-80000Hz-600mV,80 kHz,SMILE_LEFT,T002,1,189,R2->R1,L8->R8,14.0,False,21.428571428571427,21.428571428571427,0.0,3.0,18.732290799999994
session-3-20261005-80000Hz-600mV,80 kHz,SMILE_LEFT,T002,1,190,R2->R1,R8->R7,24.73863375370596,False,5.716619504750295,-4.901960784313726,-2.941176470588235,1.414213562373095,18.830844899999995
session-3-20261005-80000Hz-600mV,80 kHz,SMILE_LEFT,T002,1,191,R2->R1,R7->R6,36.1386219991853,False,0.0,0.0,0.0,0.0,18.929862449999995
session-3-20261005-80000Hz-600mV,80 kHz,SMILE_LEFT,T002,1,192,R2->R1,R6->R5,138.85243966167826,True,0.0,0.0,0.0,0.0,19.027772050000003
session-3-20261005-80000Hz-600mV,80 kHz,SMILE_LEFT,T002,1,193,R2->R1,R5->R4,8.06225774829855,False,12.403473458920846,-12.307692307692308,1.5384615384615385,0.9999999999999999,19.12479045
session-3-20261005-80000Hz-600mV,80 kHz,SMILE_LEFT,T002,1,194,R2->R1,R4->R3,460.8047308784926,True,0.21701166090321347,0.1389274798555154,0.16671297582661848,0.9999999999999998,19.223362
session-3-20261005-80000Hz-600mV,80 kHz,SMILE_LEFT,T002,1,195,R1->L1,L2->L3,23.259406699226012,False,4.299335803923477,3.8817005545286505,1.8484288354898335,0.9999999999999998,19.323278049999992
session-3-20261005-80000Hz-600mV,80 kHz,SMILE_LEFT,T002,1,196,R1->L1,L3->L4,30.528675044947498,False,0.0,0.0,0.0,0.0,19.4237774
session-3-20261005-80000Hz-600mV,80 kHz,SMILE_LEFT,T002,1,197,R1->L1,L4->L5,30.59411708155671,False,4.622501635210243,3.8461538461538463,-2.5641025641025648,1.4142135623730951,19.523865949999994
session-3-20261005-80000Hz-600mV,80 kHz,SMILE_LEFT,T002,1,198,R1->L1,L5->L6,9.219544457292887,False,0.0,0.0,0.0,0.0,19.62448155
session-3-20261005-80000Hz-600mV,80 kHz,SMILE_LEFT,T002,1,199,R1->L1,L6->L7,12.206555615733702,False,34.75706678180953,-34.22818791946308,-6.0402684563758395,4.242640687119284,19.724525800000002
session-3-20261005-80000Hz-600mV,80 kHz,SMILE_LEFT,T002,1,200,R1->L1,L7->L8,11.180339887498949,False,12.64911064067352,10.4,7.200000000000001,1.4142135623730954,19.822890949999994
session-3-20261005-80000Hz-600mV,80 kHz,SMILE_LEFT,T002,1,201,R1->L1,L8->R8,19.4164878389476,False,16.286558549611406,15.649867374005305,-4.509283819628647,3.1622776601683795,19.92083505
session-3-20261005-80000Hz-600mV,80 kHz,SMILE_LEFT,T002,1,202,R1->L1,R8->R7,14.317821063276352,False,6.984302957695782,-6.341463414634147,2.9268292682926833,0.9999999999999998,20.0187495
session-3-20261005-80000Hz-600mV,80 kHz,SMILE_LEFT,T002,1,203,R1->L1,R7->R6,5.385164807134504,False,18.569533817705185,17.24137931034483,6.896551724137932,0.9999999999999999,20.116717799999996
session-3-20261005-80000Hz-600mV,80 kHz,SMILE_LEFT,T002,1,204,R1->L1,R6->R5,31.906112267087636,False,3.1341957040361135,2.6522593320235757,-1.6699410609037328,1.0,20.216223049999996
session-3-20261005-80000Hz-600mV,80 kHz,SMILE_LEFT,T002,1,205,R1->L1,R5->R4,47.42362280551751,False,2.108653748577924,1.4228546020453536,1.5562472209871054,1.0000000000000002,20.315791999999995
session-3-20261005-80000Hz-600mV,80 kHz,SMILE_LEFT,T002,1,206,R1->L1,R4->R3,50.159744815937806,True,2.8194193721730048,2.6232114467408585,1.0333863275039747,1.414213562373095,20.4148664
session-3-20261005-80000Hz-600mV,80 kHz,SMILE_LEFT,T002,1,207,R1->L1,R3->R2,7.0,False,14.285714285714285,0.0,-14.285714285714285,1.0,20.513903
session-3-20261005-80000Hz-600mV,80 kHz,SMILE_RIGHT,T003,1,0,L1->L2,L3->L4,299.2607558635111,True,0.7471971963205328,0.7414272474513438,0.09267840593141796,2.2360679774997894,0.05024705000000296
session-3-20261005-80000Hz-600mV,80 kHz,SMILE_RIGHT,T003,1,1,L1->L2,L4->L5,93.38094023943,True,1.5144563320384565,1.513761467889908,-0.04587155963302753,1.4142135623730947,0.1491312500000035
session-3-20261005-80000Hz-600mV,80 kHz,SMILE_RIGHT,T003,1,2,L1->L2,L5->L6,83.40863264674707,True,1.6955242131382064,1.681759379042691,-0.215610176800345,1.4142135623730954,0.24509085000000397
session-3-20261005-80000Hz-600mV,80 kHz,SMILE_RIGHT,T003,1,3,L1->L2,L6->L7,45.79301256742124,False,0.0,0.0,0.0,0.0,0.3416552500000023
session-3-20261005-80000Hz-600mV,80 kHz,SMILE_RIGHT,T003,1,4,L1->L2,L7->L8,19.313207915827967,False,21.967560778146378,-20.107238605898125,-8.847184986595174,4.242640687119286,0.4402635499999974
session-3-20261005-80000Hz-600mV,80 kHz,SMILE_RIGHT,T003,1,5,L1->L2,L8->R8,7.0710678118654755,False,19.999999999999996,-12.0,-15.999999999999998,1.4142135623730947,0.5392632000000006
session-3-20261005-80000Hz-600mV,80 kHz,SMILE_RIGHT,T003,1,6,L1->L2,R8->R7,4.242640687119286,False,105.40925533894598,-33.33333333333333,100.0,4.4721359549995805,0.6392681999999965
session-3-20261005-80000Hz-600mV,80 kHz,SMILE_RIGHT,T003,1,7,L1->L2,R7->R6,22.561028345356952,False,6.268391408072227,-5.304518664047151,3.3398821218074657,1.414213562373095,0.739738250000002
session-3-20261005-80000Hz-600mV,80 kHz,SMILE_RIGHT,T003,1,8,L1->L2,R6->R5,10.44030650891055,False,21.41764684390596,21.100917431192656,3.669724770642201,2.236067977499789,0.8391520000000057
session-3-20261005-80000Hz-600mV,80 kHz,SMILE_RIGHT,T003,1,9,L1->L2,R5->R4,60.4648658313239,True,3.698127742047171,3.2275711159737424,-1.8052516411378554,2.2360679774997902,0.93911765
session-3-20261005-80000Hz-600mV,80 kHz,SMILE_RIGHT,T003,1,10,L1->L2,R4->R3,45.80392996239515,False,2.1832187779978622,-1.2869399428026693,-1.7635843660629171,1.0000000000000002,1.0391783500000003
session-3-20261005-80000Hz-600mV,80 kHz,SMILE_RIGHT,T003,1,11,L1->L2,R3->R2,25.612496949731394,False,3.9043440472151527,3.0487804878048785,2.439024390243903,1.0000000000000002,1.1392230500000053
session-3-20261005-80000Hz-600mV,80 kHz,SMILE_RIGHT,T003,1,12,L1->L2,R2->R1,373.2077169620157,True,0.267947299734367,-0.1593865770655639,0.21538726630481608,1.0000000000000002,1.2397586000000018
session-3-20261005-80000Hz-600mV,80 kHz,SMILE_RIGHT,T003,1,13,L2->L3,L4->L5,247.95160818191923,True,2.351649153478044,-2.3487312947299936,-0.11711125569290831,5.830951894845301,1.3402300499999953
session-3-20261005-80000Hz-600mV,80 kHz,SMILE_RIGHT,T003,1,14,L2->L3,L5->L6,161.82088863926066,True,0.6179671910152779,-0.50026731841442,-0.36278927671274724,1.0,1.438628399999999
session-3-20261005-80000Hz-600mV,80 kHz,SMILE_RIGHT,T003,1,15,L2->L3,L6->L7,40.8166632639171,False,0.0,0.0,0.0,0.0,1.5356737999999979
session-3-20261005-80000Hz-600mV,80 kHz,SMILE_RIGHT,T003,1,16,L2->L3,L7->L8,18.867962264113206,False,5.2999894000318,-4.49438202247191,2.8089887640449436,0.9999999999999999,1.6354272999999964
session-3-20261005-80000Hz-600mV,80 kHz,SMILE_RIGHT,T003,1,17,L2->L3,L8->R8,15.620499351813308,False,6.401843996644799,4.0983606557377055,4.918032786885247,1.0,1.7351810000000043
session-3-20261005-80000Hz-600mV,80 kHz,SMILE_RIGHT,T003,1,18,L2->L3,R8->R7,9.848857801796104,False,14.35916317235476,-5.154639175257731,13.402061855670103,1.4142135623730947,1.8345903500000063
session-3-20261005-80000Hz-600mV,80 kHz,SMILE_RIGHT,T003,1,19,L2->L3,R7->R6,7.280109889280519,False,19.425717247145283,-9.433962264150944,-16.9811320754717,1.4142135623730951,1.9361050500000019
session-3-20261005-80000Hz-600mV,80 kHz,SMILE_RIGHT,T003,1,20,L2->L3,R6->R5,18.027756377319946,False,7.84464540552736,1.5384615384615385,-7.692307692307692,1.414213562373095,2.040235349999996
session-3-20261005-80000Hz-600mV,80 kHz,SMILE_RIGHT,T003,1,21,L2->L3,R5->R4,5.385164807134504,False,18.569533817705185,17.24137931034483,-6.896551724137932,0.9999999999999999,2.1447482499999992
session-3-20261005-80000Hz-600mV,80 kHz,SMILE_RIGHT,T003,1,22,L2->L3,R4->R3,16.278820596099706,False,6.142951168339512,6.037735849056604,1.1320754716981134,1.0,2.2466784000000004
session-3-20261005-80000Hz-600mV,80 kHz,SMILE_RIGHT,T003,1,23,L2->L3,R3->R2,7.211102550927979,False,13.867504905630728,-7.6923076923076925,-11.538461538461538,1.0000000000000002,2.346153749999999
session-3-20261005-80000Hz-600mV,80 kHz,SMILE_RIGHT,T003,1,24,L2->L3,R2->R1,51.61395160225576,True,1.9374606457303212,-1.5765765765765765,1.1261261261261262,0.9999999999999999,2.4456361000000015
session-3-20261005-80000Hz-600mV,80 kHz,SMILE_RIGHT,T003,1,25,L2->L3,R1->L1,33.24154027718932,False,0.0,0.0,0.0,0.0,2.545643300000002
session-3-20261005-80000Hz-600mV,80 kHz,SMILE_RIGHT,T003,1,26,L3->L4,L1->L2,327.9466420014085,True,0.6818389613180385,0.6583045867465063,0.1775934690234219,2.23606797749979,2.645656449999997
session-3-20261005-80000Hz-600mV,80 kHz,SMILE_RIGHT,T003,1,27,L3->L4,L5->L6,252.1606630701942,True,0.3965725612490276,-0.32554847841472045,-0.2264685067232838,1.0,2.7456122999999977
session-3-20261005-80000Hz-600mV,80 kHz,SMILE_RIGHT,T003,1,28,L3->L4,L6->L7,26.92582403567252,False,3.7139067635410377,-3.1724137931034484,-1.9310344827586208,1.0,2.8450967500000033
session-3-20261005-80000Hz-600mV,80 kHz,SMILE_RIGHT,T003,1,29,L3->L4,L7->L8,23.08679276123039,False,0.0,0.0,0.0,0.0,2.9436753999999965
session-3-20261005-80000Hz-600mV,80 kHz,SMILE_RIGHT,T003,1,30,L3->L4,L8->R8,21.931712199461305,False,0.0,0.0,0.0,0.0,3.042342099999999
session-3-20261005-80000Hz-600mV,80 kHz,SMILE_RIGHT,T003,1,31,L3->L4,R8->R7,9.0,False,22.22222222222222,-22.22222222222222,0.0,2.0,3.1413359499999984
session-3-20261005-80000Hz-600mV,80 kHz,SMILE_RIGHT,T003,1,32,L3->L4,R7->R6,23.769728648009423,False,13.303802104754785,-7.256637168141593,11.150442477876107,3.162277660168379,3.2402702000000048
session-3-20261005-80000Hz-600mV,80 kHz,SMILE_RIGHT,T003,1,33,L3->L4,R6->R5,13.601470508735444,False,16.439898730535727,16.216216216216218,-2.7027027027027026,2.2360679774997894,3.3390315500000014
session-3-20261005-80000Hz-600mV,80 kHz,SMILE_RIGHT,T003,1,34,L3->L4,R5->R4,57.384666941614284,True,3.8966297038455666,-3.765563316125114,-1.002125721226845,2.2360679774997894,3.436526149999999
session-3-20261005-80000Hz-600mV,80 kHz,SMILE_RIGHT,T003,1,35,L3->L4,R4->R3,58.18075283115543,True,3.8433122101204393,-3.1610044313146233,-2.1861152141802065,2.23606797749979,3.5342594000000034
session-3-20261005-80000Hz-600mV,80 kHz,SMILE_RIGHT,T003,1,36,L3->L4,R3->R2,18.027756377319946,False,7.844645405527362,-5.23076923076923,-5.846153846153846,1.4142135623730951,3.6317604499999945
session-3-20261005-80000Hz-600mV,80 kHz,SMILE_RIGHT,T003,1,37,L3->L4,R2->R1,39.45883931389771,False,3.584022203803136,2.1194605009633913,2.8901734104046244,1.4142135623730951,3.729744950000004
session-3-20261005-80000Hz-600mV,80 kHz,SMILE_RIGHT,T003,1,38,L3->L4,R1->L1,123.84667940643381,True,1.8055130652002174,-1.7668535663059073,0.37162602686139,2.2360679774997894,3.828679749999999
session-3-20261005-80000Hz-600mV,80 kHz,SMILE_RIGHT,T003,1,39,L4->L5,L1->L2,76.05918747922568,True,1.8593592822160565,1.849611063094209,0.19014693171996538,1.4142135623730954,3.9281793000000036
session-3-20261005-80000Hz-600mV,80 kHz,SMILE_RIGHT,T003,1,40,L4->L5,L2->L3,240.6262662304346,True,1.8585402271574374,-1.8514360719158567,-0.16234607347023366,4.47213595499958,4.028289199999996
session-3-20261005-80000Hz-600mV,80 kHz,SMILE_RIGHT,T003,1,41,L4->L5,L6->L7,175.41949720598336,True,1.2746975183004459,-1.2738853503184715,-0.04549590536851679,2.23606797749979,4.127219700000005
session-3-20261005-80000Hz-600mV,80 kHz,SMILE_RIGHT,T003,1,42,L4->L5,L7->L8,66.60330322138684,True,3.3572929109344387,-3.1109107303877366,1.262398557258792,2.236067977499789,4.225782250000002
session-3-20261005-80000Hz-600mV,80 kHz,SMILE_RIGHT,T003,1,43,L4->L5,L8->R8,47.634021455258214,False,2.9689149040280816,2.952842661965624,-0.3085059497576024,1.4142135623730951,4.325267850000003
session-3-20261005-80000Hz-600mV,80 kHz,SMILE_RIGHT,T003,1,44,L4->L5,R8->R7,22.022715545545243,False,10.153461651336189,-9.896907216494846,2.268041237113402,2.2360679774997894,4.424676600000005
session-3-20261005-80000Hz-600mV,80 kHz,SMILE_RIGHT,T003,1,45,L4->L5,R7->R6,19.209372712298546,False,26.028960314767673,-25.203252032520325,-6.5040650406504055,4.999999999999999,4.5312833500000025
session-3-20261005-80000Hz-600mV,80 kHz,SMILE_RIGHT,T003,1,46,L4->L5,R6->R5,5.0,False,44.721359549995796,-40.0,-20.0,2.23606797749979,4.638320300000004
session-3-20261005-80000Hz-600mV,80 kHz,SMILE_RIGHT,T003,1,47,L4->L5,R5->R4,39.623225512317894,False,7.138306102482497,-7.133757961783441,0.2547770700636944,2.82842712474619,4.737240499999999
session-3-20261005-80000Hz-600mV,80 kHz,SMILE_RIGHT,T003,1,48,L4->L5,R4->R3,35.014282800023196,False,8.077923917220192,-5.546492659053833,5.872756933115823,2.82842712474619,4.8351884
session-3-20261005-80000Hz-600mV,80 kHz,SMILE_RIGHT,T003,1,49,L4->L5,R3->R2,18.973665961010276,False,7.4535599249993,-6.666666666666667,-3.333333333333334,1.4142135623730951,4.932722500000004
session-3-20261005-80000Hz-600mV,80 kHz,SMILE_RIGHT,T003,1,50,L4->L5,R2->R1,115.12167476196652,True,2.7469003267255467,-2.6635478759526148,0.6715460650418772,3.1622776601683795,5.030705400000002
session-3-20261005-80000Hz-600mV,80 kHz,SMILE_RIGHT,T003,1,51,L4->L5,R1->L1,45.48626166217663,False,2.198466005905106,-1.8366360560657324,-1.2083131947800874,1.0,5.1312573499999985
session-3-20261005-80000Hz-600mV,80 kHz,SMILE_RIGHT,T003,1,52,L5->L6,L1->L2,88.72992730753249,True,1.5938405510820688,1.5877048139209957,-0.1397180236250476,1.414213562373095,5.232257600000004
session-3-20261005-80000Hz-600mV,80 kHz,SMILE_RIGHT,T003,1,53,L5->L6,L2->L3,176.0113632695344,True,0.5681451364413636,-0.45836023240800516,-0.3357004519044545,1.0000000000000002,5.331764850000006
session-3-20261005-80000Hz-600mV,80 kHz,SMILE_RIGHT,T003,1,54,L5->L6,L3->L4,272.3692346796899,True,0.3671486616966906,-0.30733975871132974,-0.20084922828064972,0.9999999999999999,5.431760450000006
session-3-20261005-80000Hz-600mV,80 kHz,SMILE_RIGHT,T003,1,55,L5->L6,L7->L8,178.63090438107287,True,7.299075630603371,-7.298881193393712,-0.053276505061267694,13.038404810405298,5.532153700000002
session-3-20261005-80000Hz-600mV,80 kHz,SMILE_RIGHT,T003,1,56,L5->L6,L8->R8,52.69724850502159,True,2.6836573113268583,0.5401512423478575,2.6287360460929063,1.4142135623730956,5.6316552999999985
session-3-20261005-80000Hz-600mV,80 kHz,SMILE_RIGHT,T003,1,57,L5->L6,R8->R7,17.029386365926403,False,13.130643285972257,12.068965517241379,5.1724137931034475,2.2360679774997902,5.729753800000005
session-3-20261005-80000Hz-600mV,80 kHz,SMILE_RIGHT,T003,1,58,L5->L6,R7->R6,3.0,False,74.53559924999298,-33.33333333333333,-66.66666666666666,2.23606797749979,5.827685500000001
session-3-20261005-80000Hz-600mV,80 kHz,SMILE_RIGHT,T003,1,59,L5->L6,R6->R5,45.09988913511873,False,2.2173003507924647,2.2123893805309733,-0.14749262536873156,1.0000000000000002,5.926124250000001
session-3-20261005-80000Hz-600mV,80 kHz,SMILE_RIGHT,T003,1,60,L5->L6,R5->R4,6.4031242374328485,False,15.61737618886061,-9.756097560975611,-12.195121951219514,1.0000000000000002,6.031582750000005
session-3-20261005-80000Hz-600mV,80 kHz,SMILE_RIGHT,T003,1,61,L5->L6,R4->R3,5.8309518948453,False,0.0,0.0,0.0,0.0,6.1360725000000045
session-3-20261005-80000Hz-600mV,80 kHz,SMILE_RIGHT,T003,1,62,L5->L6,R3->R2,2.8284271247461903,False,35.35533905932738,-25.0,-25.0,1.0000000000000002,6.232638200000004
session-3-20261005-80000Hz-600mV,80 kHz,SMILE_RIGHT,T003,1,63,L5->L6,R2->R1,40.2616442783948,False,0.0,0.0,0.0,0.0,6.330217749999996
session-3-20261005-80000Hz-600mV,80 kHz,SMILE_RIGHT,T003,1,64,L5->L6,R1->L1,69.8927750200262,True,2.0234045106491827,-1.9856704196519963,-0.3889457523029683,1.4142135623730954,6.428173100000002
session-3-20261005-80000Hz-600mV,80 kHz,SMILE_RIGHT,T003,1,65,L6->L7,L1->L2,39.824615503479755,False,2.5110098047591274,-1.9546027742749057,-1.5762925598991173,1.0000000000000002,6.525675650000004
session-3-20261005-80000Hz-600mV,80 kHz,SMILE_RIGHT,T003,1,66,L6->L7,L2->L3,44.687805943008655,False,0.0,0.0,0.0,0.0,6.6241647499999985
session-3-20261005-80000Hz-600mV,80 kHz,SMILE_RIGHT,T003,1,67,L6->L7,L3->L4,40.22437072223754,False,2.4860550508181416,-2.0395550061804695,-1.4215080346106304,1.0,6.7221166
session-3-20261005-80000Hz-600mV,80 kHz,SMILE_RIGHT,T003,1,68,L6->L7,L4->L5,200.9975124224178,True,1.112485398724962,-1.108910891089109,-0.08910891089108908,2.23606797749979,6.820230549999998
session-3-20261005-80000Hz-600mV,80 kHz,SMILE_RIGHT,T003,1,69,L6->L7,L8->R8,295.8530040408581,True,1.9120489473587206,1.859954986347382,-0.44328165522284035,5.65685424949238,6.918214849999998
session-3-20261005-80000Hz-600mV,80 kHz,SMILE_RIGHT,T003,1,70,L6->L7,R8->R7,50.566787519082126,True,10.649608312773145,10.637465780211185,0.5084082909659755,5.385164807134504,7.016135949999999
session-3-20261005-80000Hz-600mV,80 kHz,SMILE_RIGHT,T003,1,71,L6->L7,R7->R6,36.796738985948195,False,11.205084307041927,-9.379615952732646,-6.129985228951256,4.123105625617661,7.115630599999996
session-3-20261005-80000Hz-600mV,80 kHz,SMILE_RIGHT,T003,1,72,L6->L7,R6->R5,17.204650534085253,False,8.219949365267864,-1.3513513513513513,-8.108108108108109,1.414213562373095,7.215181749999999
session-3-20261005-80000Hz-600mV,80 kHz,SMILE_RIGHT,T003,1,73,L6->L7,R5->R4,11.704699910719626,False,12.082441866603538,-10.948905109489052,5.109489051094891,1.414213562373095,7.313746500000001
session-3-20261005-80000Hz-600mV,80 kHz,SMILE_RIGHT,T003,1,74,L6->L7,R4->R3,15.652475842498529,False,14.285714285714285,-8.571428571428571,11.428571428571429,2.23606797749979,7.412222399999997
session-3-20261005-80000Hz-600mV,80 kHz,SMILE_RIGHT,T003,1,75,L6->L7,R3->R2,1.4142135623730951,False,70.71067811865476,-50.0,50.0,1.0000000000000002,7.5101900999999955
session-3-20261005-80000Hz-600mV,80 kHz,SMILE_RIGHT,T003,1,76,L6->L7,R2->R1,59.464274989274024,True,2.3782574707724704,-2.1493212669683257,-1.0180995475113122,1.414213562373095,7.607218600000003
session-3-20261005-80000Hz-600mV,80 kHz,SMILE_RIGHT,T003,1,77,L6->L7,R1->L1,66.30987860040162,True,3.016141851280492,-2.7746190584489425,1.1826245167159426,2.0000000000000004,7.705702899999999
session-3-20261005-80000Hz-600mV,80 kHz,SMILE_RIGHT,T003,1,78,L7->L8,L1->L2,17.720045146669353,False,23.942606534028666,-21.019108280254777,-11.464968152866243,4.242640687119286,7.804230500000003
session-3-20261005-80000Hz-600mV,80 kHz,SMILE_RIGHT,T003,1,79,L7->L8,L2->L3,26.400757564888174,False,0.0,0.0,0.0,0.0,7.901793949999998
session-3-20261005-80000Hz-600mV,80 kHz,SMILE_RIGHT,T003,1,80,L7->L8,L3->L4,30.0,False,3.3333333333333335,2.666666666666667,2.0,1.0,8.000782399999999
session-3-20261005-80000Hz-600mV,80 kHz,SMILE_RIGHT,T003,1,81,L7->L8,L4->L5,88.72992730753249,True,4.063512035761473,-3.8994030229899654,1.143147466023117,3.605551275463989,8.101173100000004
session-3-20261005-80000Hz-600mV,80 kHz,SMILE_RIGHT,T003,1,82,L7->L8,L5->L6,187.27786842016332,True,6.517884744580679,-6.517834231460097,-0.025660764690787985,12.206555615733702,8.200622349999996
session-3-20261005-80000Hz-600mV,80 kHz,SMILE_RIGHT,T003,1,83,L7->L8,R8->R7,122.31925441237779,True,13.182319965944316,13.139954551530545,1.0560085550060156,16.124515496597102,8.298587149999996
session-3-20261005-80000Hz-600mV,80 kHz,SMILE_RIGHT,T003,1,84,L7->L8,R7->R6,60.74537019394976,True,5.935516178355765,-5.934959349593496,0.08130081300812994,3.6055512754639887,8.395585150000002
session-3-20261005-80000Hz-600mV,80 kHz,SMILE_RIGHT,T003,1,85,L7->L8,R6->R5,21.18962010041709,False,4.719291781830087,1.5590200445434297,-4.4543429844097995,1.0,8.492072650000004
session-3-20261005-80000Hz-600mV,80 kHz,SMILE_RIGHT,T003,1,86,L7->L8,R5->R4,13.416407864998739,False,10.5409255338946,-10.0,3.3333333333333335,1.4142135623730954,8.590207249999999
session-3-20261005-80000Hz-600mV,80 kHz,SMILE_RIGHT,T003,1,87,L7->L8,R4->R3,13.92838827718412,False,20.306923302672377,-8.24742268041237,18.556701030927833,2.82842712474619,8.689201099999998
session-3-20261005-80000Hz-600mV,80 kHz,SMILE_RIGHT,T003,1,88,L7->L8,R3->R2,1.0,False,0.0,0.0,0.0,0.0,8.787629900000006
session-3-20261005-80000Hz-600mV,80 kHz,SMILE_RIGHT,T003,1,89,L7->L8,R2->R1,55.362442142665635,True,7.663391503189579,-6.949429037520391,-3.230016313213704,4.242640687119285,8.886157500000003
session-3-20261005-80000Hz-600mV,80 kHz,SMILE_RIGHT,T003,1,90,L7->L8,R1->L1,67.60177512462228,True,2.9585021936377363,-2.5820568927789935,1.4442013129102844,1.9999999999999998,8.984196899999993
session-3-20261005-80000Hz-600mV,80 kHz,SMILE_RIGHT,T003,1,91,L8->R8,L1->L2,12.727922061357857,False,11.11111111111111,0.0,-11.11111111111111,1.4142135623730951,9.082180850000007
session-3-20261005-80000Hz-600mV,80 kHz,SMILE_RIGHT,T003,1,92,L8->R8,L2->L3,24.413111231467404,False,4.096159602595202,2.348993288590604,3.3557046979865772,0.9999999999999999,9.17961295
session-3-20261005-80000Hz-600mV,80 kHz,SMILE_RIGHT,T003,1,93,L8->R8,L3->L4,30.0,False,3.3333333333333335,2.666666666666667,2.0,1.0,9.276125299999997
session-3-20261005-80000Hz-600mV,80 kHz,SMILE_RIGHT,T003,1,94,L8->R8,L4->L5,67.26812023536856,True,1.4865882924943328,1.1049723756906076,0.9944751381215469,1.0000000000000002,9.37421410000001
session-3-20261005-80000Hz-600mV,80 kHz,SMILE_RIGHT,T003,1,95,L8->R8,L5->L6,55.226805085936306,True,0.0,0.0,0.0,0.0,9.474294050000005
session-3-20261005-80000Hz-600mV,80 kHz,SMILE_RIGHT,T003,1,96,L8->R8,L6->L7,308.4493475434824,True,2.075907855999013,1.9875763340725872,-0.5991107934539263,6.40312423743285,9.574679300000007
session-3-20261005-80000Hz-600mV,80 kHz,SMILE_RIGHT,T003,1,97,L8->R8,R7->R6,322.59107241211746,True,0.8767840670844138,0.8513909575745927,-0.2094844568298659,2.82842712474619,9.67413595
session-3-20261005-80000Hz-600mV,80 kHz,SMILE_RIGHT,T003,1,98,L8->R8,R6->R5,70.66116330771806,True,10.205185158818827,10.134187863008211,-1.2016823552974165,7.211102550927978,9.772241849999993
session-3-20261005-80000Hz-600mV,80 kHz,SMILE_RIGHT,T003,1,99,L8->R8,R5->R4,38.47076812334269,False,15.1568377219567,15.135135135135133,-0.8108108108108106,5.830951894845298,9.870725499999999
session-3-20261005-80000Hz-600mV,80 kHz,SMILE_RIGHT,T003,1,100,L8->R8,R4->R3,22.090722034374522,False,0.0,0.0,0.0,0.0,9.96961000000001
session-3-20261005-80000Hz-600mV,80 kHz,SMILE_RIGHT,T003,1,101,L8->R8,R3->R2,5.385164807134504,False,37.13906763541037,34.48275862068966,13.793103448275865,1.9999999999999998,10.06822325000001
session-3-20261005-80000Hz-600mV,80 kHz,SMILE_RIGHT,T003,1,102,L8->R8,R2->R1,50.80354318352215,True,9.841833239736953,-8.795040681906238,-4.416892677256878,5.000000000000001,10.16873524999999
session-3-20261005-80000Hz-600mV,80 kHz,SMILE_RIGHT,T003,1,103,L8->R8,R1->L1,82.37718130647589,True,2.427856802430766,1.3262599469496021,2.033598585322723,2.0000000000000004,10.2691783
session-3-20261005-80000Hz-600mV,80 kHz,SMILE_RIGHT,T003,1,104,R8->R7,L1->L2,13.038404810405298,False,38.34824944236852,-28.82352941176471,25.294117647058822,5.0,10.368289449999999
session-3-20261005-80000Hz-600mV,80 kHz,SMILE_RIGHT,T003,1,105,R8->R7,L2->L3,15.652475842498529,False,0.0,0.0,0.0,0.0,10.467803749999995
session-3-20261005-80000Hz-600mV,80 kHz,SMILE_RIGHT,T003,1,106,R8->R7,L3->L4,18.439088914585774,False,12.126781251816649,-11.76470588235294,-2.941176470588235,2.23606797749979,10.567700300000006
session-3-20261005-80000Hz-600mV,80 kHz,SMILE_RIGHT,T003,1,107,R8->R7,L4->L5,34.058772731852805,False,4.152273992686998,-4.137931034482759,-0.3448275862068966,1.414213562373095,10.666140150000011
session-3-20261005-80000Hz-600mV,80 kHz,SMILE_RIGHT,T003,1,108,R8->R7,L5->L6,17.46424919657298,False,12.803687993289598,9.836065573770492,8.19672131147541,2.2360679774997894,10.764187299999996
session-3-20261005-80000Hz-600mV,80 kHz,SMILE_RIGHT,T003,1,109,R8->R7,L6->L7,55.47071299343465,True,10.511766624552733,10.497237569060774,-0.5524861878453036,5.8309518948453,10.863744750000002
session-3-20261005-80000Hz-600mV,80 kHz,SMILE_RIGHT,T003,1,110,R8->R7,L7->L8,124.19742348374221,True,13.2057646662885,13.19286871961102,0.5834683954619122,16.401219466856723,10.962683700000007
session-3-20261005-80000Hz-600mV,80 kHz,SMILE_RIGHT,T003,1,111,R8->R7,R6->R5,169.04733065032406,True,1.7746509148999974,-0.7978444203380342,1.5851908877768834,2.9999999999999996,11.061221699999997
session-3-20261005-80000Hz-600mV,80 kHz,SMILE_RIGHT,T003,1,112,R8->R7,R5->R4,49.64876634922564,False,17.208894346376425,17.079107505070994,2.1095334685598375,8.544003745317532,11.161377449999996
session-3-20261005-80000Hz-600mV,80 kHz,SMILE_RIGHT,T003,1,113,R8->R7,R4->R3,23.021728866442675,False,17.90962637748571,17.169811320754715,-5.094339622641508,4.12310562561766,11.261863999999996
session-3-20261005-80000Hz-600mV,80 kHz,SMILE_RIGHT,T003,1,114,R8->R7,R3->R2,7.615773105863909,False,0.0,0.0,0.0,0.0,11.361303650000004
session-3-20261005-80000Hz-600mV,80 kHz,SMILE_RIGHT,T003,1,115,R8->R7,R2->R1,39.0,False,14.5047544858779,10.256410256410255,10.256410256410255,5.656854249492381,11.460247550000012
session-3-20261005-80000Hz-600mV,80 kHz,SMILE_RIGHT,T003,1,116,R8->R7,R1->L1,68.47627326307996,True,3.2654638912795506,2.6871401151631478,1.8554062699936018,2.2360679774997894,11.559264699999993
session-3-20261005-80000Hz-600mV,80 kHz,SMILE_RIGHT,T003,1,117,R7->R6,L1->L2,24.020824298928627,False,0.0,0.0,0.0,0.0,11.658192449999994
session-3-20261005-80000Hz-600mV,80 kHz,SMILE_RIGHT,T003,1,118,R7->R6,L2->L3,18.35755975068582,False,15.40742431542691,-14.83679525222552,-4.154302670623146,2.8284271247461907,11.756108450000006
session-3-20261005-80000Hz-600mV,80 kHz,SMILE_RIGHT,T003,1,119,R7->R6,L3->L4,23.853720883753127,False,9.374084606744876,-8.084358523725834,4.745166959578208,2.23606797749979,11.854638549999997
session-3-20261005-80000Hz-600mV,80 kHz,SMILE_RIGHT,T003,1,120,R7->R6,L4->L5,41.036569057366385,False,14.20916033865799,-13.895486935866982,-2.969121140142518,5.830951894845301,11.954945299999999
session-3-20261005-80000Hz-600mV,80 kHz,SMILE_RIGHT,T003,1,121,R7->R6,L5->L6,9.486832980505138,False,29.8142396999972,-26.666666666666668,-13.333333333333336,2.8284271247461903,12.055948499999992
session-3-20261005-80000Hz-600mV,80 kHz,SMILE_RIGHT,T003,1,122,R7->R6,L6->L7,49.51767361255979,False,10.09740489652524,-9.9510603588907,-1.7128874388254487,4.999999999999999,12.156649100000003
session-3-20261005-80000Hz-600mV,80 kHz,SMILE_RIGHT,T003,1,123,R7->R6,L7->L8,68.0147042925278,True,6.237828615518054,-6.22568093385214,0.38910505836575887,4.242640687119285,12.25475500000001
session-3-20261005-80000Hz-600mV,80 kHz,SMILE_RIGHT,T003,1,124,R7->R6,L8->R8,333.7558988242755,True,0.6699710732834397,0.5898036680940455,-0.31779375723788744,2.23606797749979,12.353224449999992
session-3-20261005-80000Hz-600mV,80 kHz,SMILE_RIGHT,T003,1,125,R7->R6,R5->R4,84.17244204607586,True,28.339109931841627,-27.974594213126323,4.530698659139027,23.85372088375312,12.4527383
session-3-20261005-80000Hz-600mV,80 kHz,SMILE_RIGHT,T003,1,126,R7->R6,R4->R3,15.811388300841898,False,58.309518948453,-30.0,50.0,9.219544457292887,12.551791650000006
session-3-20261005-80000Hz-600mV,80 kHz,SMILE_RIGHT,T003,1,127,R7->R6,R3->R2,17.08800749063506,False,29.26028679903264,-28.08219178082192,8.21917808219178,5.0,12.650713450000005
session-3-20261005-80000Hz-600mV,80 kHz,SMILE_RIGHT,T003,1,128,R7->R6,R2->R1,33.60059523282288,False,6.654846326399233,-1.1514614703277233,6.554472984942426,2.2360679774997894,12.750205000000001
session-3-20261005-80000Hz-600mV,80 kHz,SMILE_RIGHT,T003,1,129,R7->R6,R1->L1,70.7248188403477,True,9.998000599800076,-9.796081567373054,-1.9992003198720514,7.071067811865479,12.85012865000001
session-3-20261005-80000Hz-600mV,80 kHz,SMILE_RIGHT,T003,1,130,R6->R5,L1->L2,12.206555615733702,False,18.318582636182796,-2.684563758389261,18.120805369127517,2.23606797749979,12.94917610000001
session-3-20261005-80000Hz-600mV,80 kHz,SMILE_RIGHT,T003,1,131,R6->R5,L2->L3,23.853720883753127,False,0.0,0.0,0.0,0.0,13.0487568
session-3-20261005-80000Hz-600mV,80 kHz,SMILE_RIGHT,T003,1,132,R6->R5,L3->L4,3.0,False,94.28090415820634,66.66666666666666,-66.66666666666666,2.82842712474619,13.148768699999998
session-3-20261005-80000Hz-600mV,80 kHz,SMILE_RIGHT,T003,1,133,R6->R5,L4->L5,17.029386365926403,False,13.130643285972257,-12.068965517241379,-5.1724137931034475,2.2360679774997902,13.248793650000003
session-3-20261005-80000Hz-600mV,80 kHz,SMILE_RIGHT,T003,1,134,R6->R5,L5->L6,48.093658625644196,False,0.0,0.0,0.0,0.0,13.34727745
session-3-20261005-80000Hz-600mV,80 kHz,SMILE_RIGHT,T003,1,135,R6->R5,L6->L7,20.518284528683193,False,4.873701788285794,-3.5629453681710213,-3.32541567695962,1.0000000000000002,13.447313700000002
session-3-20261005-80000Hz-600mV,80 kHz,SMILE_RIGHT,T003,1,136,R6->R5,L7->L8,19.1049731745428,False,5.234239225902136,3.5616438356164384,-3.8356164383561637,0.9999999999999998,13.546289749999993
session-3-20261005-80000Hz-600mV,80 kHz,SMILE_RIGHT,T003,1,137,R6->R5,L8->R8,68.24221567329126,True,10.566923245064377,10.564741249731586,0.21473051320592632,7.211102550927978,13.64375599999999
session-3-20261005-80000Hz-600mV,80 kHz,SMILE_RIGHT,T003,1,138,R6->R5,R8->R7,166.41213898030398,True,2.1666395838411354,-0.010833062506770658,2.166612501354133,3.6055512754639905,13.743264150000009
session-3-20261005-80000Hz-600mV,80 kHz,SMILE_RIGHT,T003,1,139,R6->R5,R4->R3,338.89526405661087,True,0.9331135591319848,0.9090117544623423,0.2107096212451023,3.1622776601683795,13.843299249999994
session-3-20261005-80000Hz-600mV,80 kHz,SMILE_RIGHT,T003,1,140,R6->R5,R3->R2,180.5602392554906,True,2.476811048456555,-2.4599717808723396,-0.2883258695785535,4.47213595499958,13.943774799999993
session-3-20261005-80000Hz-600mV,80 kHz,SMILE_RIGHT,T003,1,141,R6->R5,R2->R1,125.51493934986384,True,3.5630308058659246,2.1962676145740763,-2.805636663704456,4.47213595499958,14.043773500000007
session-3-20261005-80000Hz-600mV,80 kHz,SMILE_RIGHT,T003,1,142,R6->R5,R1->L1,96.83491106000977,True,2.0653708235045274,-1.684973872240589,1.1944118588034554,2.0000000000000004,14.143755050000003
session-3-20261005-80000Hz-600mV,80 kHz,SMILE_RIGHT,T003,1,143,R5->R4,L1->L2,60.74537019394976,True,2.3281009858985944,2.1138211382113825,-0.975609756097561,1.4142135623730951,14.243258950000005
session-3-20261005-80000Hz-600mV,80 kHz,SMILE_RIGHT,T003,1,144,R5->R4,L2->L3,13.038404810405298,False,0.0,0.0,0.0,0.0,14.342754550000002
session-3-20261005-80000Hz-600mV,80 kHz,SMILE_RIGHT,T003,1,145,R5->R4,L3->L4,56.63920903402518,True,3.9479152615929083,-3.802992518703242,-1.059850374064838,2.2360679774997894,14.442846350000003
session-3-20261005-80000Hz-600mV,80 kHz,SMILE_RIGHT,T003,1,146,R5->R4,L4->L5,65.06919393998976,True,3.4364464074382264,-3.2357109116674545,-1.1572980632971184,2.2360679774997902,14.544263800000003
session-3-20261005-80000Hz-600mV,80 kHz,SMILE_RIGHT,T003,1,147,R5->R4,L5->L6,16.492422502470642,False,0.0,0.0,0.0,0.0,14.645216300000008
session-3-20261005-80000Hz-600mV,80 kHz,SMILE_RIGHT,T003,1,148,R5->R4,L6->L7,24.041630560342618,False,4.159451654038515,-2.941176470588235,2.941176470588235,1.0000000000000002,14.74429885
session-3-20261005-80000Hz-600mV,80 kHz,SMILE_RIGHT,T003,1,149,R5->R4,L7->L8,23.259406699226012,False,12.160358006209632,-11.46025878003697,-4.066543438077634,2.8284271247461903,14.84281275
session-3-20261005-80000Hz-600mV,80 kHz,SMILE_RIGHT,T003,1,150,R5->R4,L8->R8,43.84062043356595,False,14.605459900221637,14.516129032258062,1.6129032258064515,6.4031242374328485,14.9423983
session-3-20261005-80000Hz-600mV,80 kHz,SMILE_RIGHT,T003,1,151,R5->R4,R8->R7,56.568542494923804,True,15.20690632574555,15.000000000000002,2.5,8.602325267042628,15.041886499999997
session-3-20261005-80000Hz-600mV,80 kHz,SMILE_RIGHT,T003,1,152,R5->R4,R7->R6,82.32860985101108,True,24.292891664506076,-24.254942460902924,-1.3573325464738863,19.999999999999996,15.141189450000006
session-3-20261005-80000Hz-600mV,80 kHz,SMILE_RIGHT,T003,1,153,R5->R4,R3->R2,253.03161857759991,True,1.1178156866900673,-1.108941819601718,0.14057008980866847,2.8284271247461903,15.24021555000001
session-3-20261005-80000Hz-600mV,80 kHz,SMILE_RIGHT,T003,1,154,R5->R4,R2->R1,63.32456079595025,True,28.46882181372012,-21.571072319201992,-18.5785536159601,18.027756377319943,15.3382401
session-3-20261005-80000Hz-600mV,80 kHz,SMILE_RIGHT,T003,1,155,R5->R4,R1->L1,35.05709628591621,False,12.102088126516394,-8.0553295362083,-9.03173311635476,4.242640687119286,15.436162899999992
session-3-20261005-80000Hz-600mV,80 kHz,SMILE_RIGHT,T003,1,156,R4->R3,L1->L2,36.400549446402586,False,3.8851434494290564,-3.8490566037735845,-0.5283018867924529,1.4142135623730947,15.534732049999995
session-3-20261005-80000Hz-600mV,80 kHz,SMILE_RIGHT,T003,1,157,R4->R3,L2->L3,11.40175425099138,False,8.770580193070291,8.461538461538462,-2.307692307692308,0.9999999999999999,15.633762949999998
session-3-20261005-80000Hz-600mV,80 kHz,SMILE_RIGHT,T003,1,158,R4->R3,L3->L4,41.23105625617661,False,6.859943405700351,-6.823529411764705,-0.7058823529411764,2.8284271247461894,15.732263850000002
session-3-20261005-80000Hz-600mV,80 kHz,SMILE_RIGHT,T003,1,159,R4->R3,L4->L5,23.086792761230395,False,12.251277836633774,-9.380863039399623,7.879924953095685,2.82842712474619,15.830271000000003
session-3-20261005-80000Hz-600mV,80 kHz,SMILE_RIGHT,T003,1,160,R4->R3,L5->L6,3.6055512754639896,False,27.735009811261456,-15.384615384615385,-23.076923076923077,1.0000000000000002,15.92722525
session-3-20261005-80000Hz-600mV,80 kHz,SMILE_RIGHT,T003,1,161,R4->R3,L6->L7,6.0827625302982185,False,23.249527748763853,-18.918918918918916,13.513513513513512,1.4142135623730947,16.025197650000003
session-3-20261005-80000Hz-600mV,80 kHz,SMILE_RIGHT,T003,1,162,R4->R3,L7->L8,12.0,False,18.633899812498246,-16.666666666666664,8.333333333333332,2.23606797749979,16.12376550000001
session-3-20261005-80000Hz-600mV,80 kHz,SMILE_RIGHT,T003,1,163,R4->R3,L8->R8,19.313207915827967,False,5.177803730784978,1.8766756032171583,-4.82573726541555,1.0000000000000002,16.222324500000006
session-3-20261005-80000Hz-600mV,80 kHz,SMILE_RIGHT,T003,1,164,R4->R3,R8->R7,18.027756377319946,False,23.53393621658208,21.23076923076923,-10.153846153846155,4.242640687119285,16.321340549999995
session-3-20261005-80000Hz-600mV,80 kHz,SMILE_RIGHT,T003,1,165,R4->R3,R7->R6,19.6468827043885,False,43.784682773726416,-40.932642487046635,15.544041450777202,8.602325267042627,16.41973810000001
session-3-20261005-80000Hz-600mV,80 kHz,SMILE_RIGHT,T003,1,166,R4->R3,R6->R5,326.65884344373717,True,1.2622054196208565,1.1723801848068525,0.46764005772871253,4.12310562561766,16.5177275
session-3-20261005-80000Hz-600mV,80 kHz,SMILE_RIGHT,T003,1,167,R4->R3,R2->R1,485.26796720987056,True,2.9142940765374505,-2.840945283139054,0.649722912287407,14.142135623730956,16.615763199999996
session-3-20261005-80000Hz-600mV,80 kHz,SMILE_RIGHT,T003,1,168,R4->R3,R1->L1,110.11357772772621,True,2.871832634470952,-2.68041237113402,1.0309278350515463,3.162277660168379,16.714156749999994
session-3-20261005-80000Hz-600mV,80 kHz,SMILE_RIGHT,T003,1,169,R3->R2,L1->L2,27.658633371878665,False,0.0,0.0,0.0,0.0,16.81323220000001
session-3-20261005-80000Hz-600mV,80 kHz,SMILE_RIGHT,T003,1,170,R3->R2,L2->L3,22.47220505424423,False,0.0,0.0,0.0,0.0,16.911334200000006
session-3-20261005-80000Hz-600mV,80 kHz,SMILE_RIGHT,T003,1,171,R3->R2,L3->L4,18.110770276274835,False,5.521576303742328,0.6097560975609756,-5.487804878048781,1.0,17.00821820000001
session-3-20261005-80000Hz-600mV,80 kHz,SMILE_RIGHT,T003,1,172,R3->R2,L4->L5,8.246211251235321,False,0.0,0.0,0.0,0.0,17.1057049
session-3-20261005-80000Hz-600mV,80 kHz,SMILE_RIGHT,T003,1,173,R3->R2,L5->L6,12.041594578792294,False,0.0,0.0,0.0,0.0,17.2042827
session-3-20261005-80000Hz-600mV,80 kHz,SMILE_RIGHT,T003,1,174,R3->R2,L6->L7,11.40175425099138,False,0.0,0.0,0.0,0.0,17.301770499999996
session-3-20261005-80000Hz-600mV,80 kHz,SMILE_RIGHT,T003,1,175,R3->R2,L7->L8,11.045361017187261,False,0.0,0.0,0.0,0.0,17.398670150000008
session-3-20261005-80000Hz-600mV,80 kHz,SMILE_RIGHT,T003,1,176,R3->R2,L8->R8,13.416407864998739,False,10.5409255338946,10.0,3.3333333333333335,1.4142135623730954,17.49763699999999
session-3-20261005-80000Hz-600mV,80 kHz,SMILE_RIGHT,T003,1,177,R3->R2,R8->R7,17.88854381999832,False,5.5901699437494745,2.5,5.0,1.0000000000000002,17.596611700000004
session-3-20261005-80000Hz-600mV,80 kHz,SMILE_RIGHT,T003,1,178,R3->R2,R7->R6,20.591260281974,False,21.718612138153468,-17.92452830188679,-12.264150943396226,4.47213595499958,17.6946455
session-3-20261005-80000Hz-600mV,80 kHz,SMILE_RIGHT,T003,1,179,R3->R2,R6->R5,202.41047403728888,True,1.5623093000542116,-1.425433243836954,-0.6394923114474005,3.1622776601683795,17.793350749999995
session-3-20261005-80000Hz-600mV,80 kHz,SMILE_RIGHT,T003,1,180,R3->R2,R5->R4,276.9440376682625,True,0.8074078778970736,-0.786200422436048,-0.183837909723852,2.2360679774997902,17.892297300000003
session-3-20261005-80000Hz-600mV,80 kHz,SMILE_RIGHT,T003,1,181,R3->R2,R1->L1,68.09552114493287,True,6.567445082740747,-6.555962907051974,0.3881820142333406,4.47213595499958,17.991265750000004
session-3-20261005-80000Hz-600mV,80 kHz,SMILE_RIGHT,T003,1,182,R2->R1,L1->L2,348.644518098306,True,0.6413604291547457,0.14643817923045915,0.6244189777298792,2.23606797749979,18.09120375
session-3-20261005-80000Hz-600mV,80 kHz,SMILE_RIGHT,T003,1,183,R2->R1,L2->L3,26.076809620810597,False,0.0,0.0,0.0,0.0,18.19067839999999
session-3-20261005-80000Hz-600mV,80 kHz,SMILE_RIGHT,T003,1,184,R2->R1,L3->L4,20.518284528683193,False,10.897928500669323,-10.451306413301664,3.0878859857482186,2.23606797749979,18.289158250000007
session-3-20261005-80000Hz-600mV,80 kHz,SMILE_RIGHT,T003,1,185,R2->R1,L4->L5,19.723082923316017,False,5.070201265633938,-2.570694087403599,4.370179948586118,0.9999999999999999,18.387221349999997
session-3-20261005-80000Hz-600mV,80 kHz,SMILE_RIGHT,T003,1,186,R2->R1,L5->L6,24.186773244895647,False,4.134491152973615,-4.102564102564102,-0.5128205128205128,0.9999999999999999,18.485339700000004
session-3-20261005-80000Hz-600mV,80 kHz,SMILE_RIGHT,T003,1,187,R2->R1,L6->L7,8.06225774829855,False,0.0,0.0,0.0,0.0,18.58496809999999
session-3-20261005-80000Hz-600mV,80 kHz,SMILE_RIGHT,T003,1,188,R2->R1,L7->L8,16.401219466856727,False,8.622612271184535,1.1152416356877322,8.550185873605946,1.414213562373095,18.684233749999997
session-3-20261005-80000Hz-600mV,80 kHz,SMILE_RIGHT,T003,1,189,R2->R1,L8->R8,14.0,False,15.971914124998499,7.142857142857142,14.285714285714285,2.23606797749979,18.783234450000002
session-3-20261005-80000Hz-600mV,80 kHz,SMILE_RIGHT,T003,1,190,R2->R1,R8->R7,24.73863375370596,False,18.07753815155468,-17.64705882352941,-3.9215686274509802,4.47213595499958,18.881690299999995
session-3-20261005-80000Hz-600mV,80 kHz,SMILE_RIGHT,T003,1,191,R2->R1,R7->R6,36.1386219991853,False,2.767122664562427,-2.679938744257274,0.6891271056661561,0.9999999999999996,18.97975565000001
session-3-20261005-80000Hz-600mV,80 kHz,SMILE_RIGHT,T003,1,192,R2->R1,R6->R5,138.85243966167826,True,2.277437593371385,2.0954356846473026,-0.892116182572614,3.1622776601683795,19.07984609999999
session-3-20261005-80000Hz-600mV,80 kHz,SMILE_RIGHT,T003,1,193,R2->R1,R5->R4,8.06225774829855,False,149.3575987611354,-98.46153846153847,112.3076923076923,12.041594578792296,19.18027025
session-3-20261005-80000Hz-600mV,80 kHz,SMILE_RIGHT,T003,1,194,R2->R1,R4->R3,460.8047308784926,True,2.1373169895673447,-2.0561267018616283,0.5834954153931647,9.848857801796104,19.279262449999997
session-3-20261005-80000Hz-600mV,80 kHz,SMILE_RIGHT,T003,1,195,R1->L1,L2->L3,23.259406699226012,False,4.299335803923477,-1.8484288354898335,3.8817005545286505,0.9999999999999998,19.377723300000007
session-3-20261005-80000Hz-600mV,80 kHz,SMILE_RIGHT,T003,1,196,R1->L1,L3->L4,30.528675044947498,False,0.0,0.0,0.0,0.0,19.474661399999995
session-3-20261005-80000Hz-600mV,80 kHz,SMILE_RIGHT,T003,1,197,R1->L1,L4->L5,30.59411708155671,False,0.0,0.0,0.0,0.0,19.574318550000008
session-3-20261005-80000Hz-600mV,80 kHz,SMILE_RIGHT,T003,1,198,R1->L1,L5->L6,9.219544457292887,False,0.0,0.0,0.0,0.0,19.67476815
session-3-20261005-80000Hz-600mV,80 kHz,SMILE_RIGHT,T003,1,199,R1->L1,L6->L7,12.206555615733702,False,11.585688927269846,-11.409395973154362,-2.0134228187919465,1.414213562373095,19.773195750000006
session-3-20261005-80000Hz-600mV,80 kHz,SMILE_RIGHT,T003,1,200,R1->L1,L7->L8,11.180339887498949,False,12.64911064067352,10.4,7.200000000000001,1.4142135623730954,19.87130355
session-3-20261005-80000Hz-600mV,80 kHz,SMILE_RIGHT,T003,1,201,R1->L1,L8->R8,19.4164878389476,False,11.516335992621967,10.079575596816975,5.570291777188328,2.2360679774997894,19.97008985
session-3-20261005-80000Hz-600mV,80 kHz,SMILE_RIGHT,T003,1,202,R1->L1,R8->R7,14.317821063276352,False,15.617376188860607,12.195121951219514,9.75609756097561,2.2360679774997894,20.070258450000004
session-3-20261005-80000Hz-600mV,80 kHz,SMILE_RIGHT,T003,1,203,R1->L1,R7->R6,5.385164807134504,False,52.522573143889026,-20.689655172413794,-48.275862068965516,2.8284271247461903,20.1709868
session-3-20261005-80000Hz-600mV,80 kHz,SMILE_RIGHT,T003,1,204,R1->L1,R6->R5,31.906112267087636,False,7.008274649012562,6.974459724950885,-0.6876227897838901,2.2360679774997902,20.27033174999999
session-3-20261005-80000Hz-600mV,80 kHz,SMILE_RIGHT,T003,1,205,R1->L1,R5->R4,47.42362280551751,False,8.9462601887633,8.937305469097376,0.40017785682525586,4.242640687119286,20.36827915
session-3-20261005-80000Hz-600mV,80 kHz,SMILE_RIGHT,T003,1,206,R1->L1,R4->R3,50.159744815937806,True,4.457893447634325,4.4515103338632755,0.23847376788553265,2.2360679774997894,20.467127450000014
session-3-20261005-80000Hz-600mV,80 kHz,SMILE_RIGHT,T003,1,207,R1->L1,R3->R2,7.0,False,31.943828249996997,14.285714285714285,-28.57142857142857,2.23606797749979,20.56663115
session-3-20261005-80000Hz-600mV,80 kHz,SMILE_BOTH,T004,1,0,L1->L2,L3->L4,299.2607558635111,True,7.151266626083569,7.136237256719184,-0.46339202965709014,21.4009345590327,0.04984385000000202
session-3-20261005-80000Hz-600mV,80 kHz,SMILE_BOTH,T004,1,1,L1->L2,L4->L5,93.38094023943,True,2.3945657130528786,2.293577981651376,0.6880733944954128,2.23606797749979,0.1490042500000044
session-3-20261005-80000Hz-600mV,80 kHz,SMILE_BOTH,T004,1,2,L1->L2,L5->L6,83.40863264674707,True,1.6955242131382064,1.681759379042691,-0.215610176800345,1.4142135623730954,0.2480118500000117
session-3-20261005-80000Hz-600mV,80 kHz,SMILE_BOTH,T004,1,3,L1->L2,L6->L7,45.79301256742124,False,7.873583923214314,-7.868383404864092,0.2861230329041486,3.6055512754639896,0.3473117000000059
session-3-20261005-80000Hz-600mV,80 kHz,SMILE_BOTH,T004,1,4,L1->L2,L7->L8,19.313207915827967,False,43.935121556292756,-40.21447721179625,-17.694369973190348,8.485281374238571,0.44584385000001703
session-3-20261005-80000Hz-600mV,80 kHz,SMILE_BOTH,T004,1,5,L1->L2,L8->R8,7.0710678118654755,False,31.622776601683793,26.0,17.999999999999996,2.23606797749979,0.544783350000003
session-3-20261005-80000Hz-600mV,80 kHz,SMILE_BOTH,T004,1,6,L1->L2,R8->R7,4.242640687119286,False,169.96731711975949,-33.33333333333333,166.66666666666666,7.21110255092798,0.6442809000000125
session-3-20261005-80000Hz-600mV,80 kHz,SMILE_BOTH,T004,1,7,L1->L2,R7->R6,22.561028345356952,False,9.911197057469106,-9.626719056974459,2.3575638506876224,2.2360679774997894,0.7453980000000087
session-3-20261005-80000Hz-600mV,80 kHz,SMILE_BOTH,T004,1,8,L1->L2,R6->R5,10.44030650891055,False,21.41764684390596,21.100917431192656,3.669724770642201,2.236067977499789,0.8458491500000065
session-3-20261005-80000Hz-600mV,80 kHz,SMILE_BOTH,T004,1,9,L1->L2,R5->R4,60.4648658313239,True,3.698127742047171,3.2275711159737424,-1.8052516411378554,2.2360679774997902,0.9438962500000088
session-3-20261005-80000Hz-600mV,80 kHz,SMILE_BOTH,T004,1,10,L1->L2,R4->R3,45.80392996239515,False,3.087537605472192,0.47664442326024786,-3.0505243088655867,1.4142135623730951,1.042323550000006
session-3-20261005-80000Hz-600mV,80 kHz,SMILE_BOTH,T004,1,11,L1->L2,R3->R2,25.612496949731394,False,0.0,0.0,0.0,0.0,1.1397097500000086
session-3-20261005-80000Hz-600mV,80 kHz,SMILE_BOTH,T004,1,12,L1->L2,R2->R1,373.2077169620157,True,0.5991483765935559,0.5341604204359439,-0.2713879555440683,2.2360679774997902,1.2371999000000073
session-3-20261005-80000Hz-600mV,80 kHz,SMILE_BOTH,T004,1,13,L2->L3,L4->L5,247.95160818191923,True,4.922958840733912,-4.921925829538061,0.10084580351333754,12.206555615733704,1.338739099999998
session-3-20261005-80000Hz-600mV,80 kHz,SMILE_BOTH,T004,1,14,L2->L3,L5->L6,161.82088863926066,True,4.826478053348019,-4.815550294050255,0.324600931795616,7.810249675906654,1.4397646500000008
session-3-20261005-80000Hz-600mV,80 kHz,SMILE_BOTH,T004,1,15,L2->L3,L6->L7,40.8166632639171,False,16.434964046729363,-16.386554621848738,-1.260504201680672,6.708203932499368,1.5397667500000125
session-3-20261005-80000Hz-600mV,80 kHz,SMILE_BOTH,T004,1,16,L2->L3,L7->L8,18.867962264113206,False,7.495316889958616,-1.6853932584269662,7.303370786516854,1.4142135623730951,1.6401657499999942
session-3-20261005-80000Hz-600mV,80 kHz,SMILE_BOTH,T004,1,17,L2->L3,L8->R8,15.620499351813308,False,23.082176787424142,22.95081967213115,-2.459016393442624,3.60555127546399,1.7433852500000029
session-3-20261005-80000Hz-600mV,80 kHz,SMILE_BOTH,T004,1,18,L2->L3,R8->R7,9.848857801796104,False,14.35916317235476,-5.154639175257731,13.402061855670103,1.4142135623730947,1.8470582500000035
session-3-20261005-80000Hz-600mV,80 kHz,SMILE_BOTH,T004,1,19,L2->L3,R7->R6,7.280109889280519,False,19.425717247145283,-9.433962264150944,-16.9811320754717,1.4142135623730951,1.9464122000000117
session-3-20261005-80000Hz-600mV,80 kHz,SMILE_BOTH,T004,1,20,L2->L3,R6->R5,18.027756377319946,False,5.547001962252291,-3.076923076923076,-4.615384615384615,1.0,2.045866100000012
session-3-20261005-80000Hz-600mV,80 kHz,SMILE_BOTH,T004,1,21,L2->L3,R5->R4,5.385164807134504,False,18.569533817705185,17.24137931034483,-6.896551724137932,0.9999999999999999,2.1443119000000053
session-3-20261005-80000Hz-600mV,80 kHz,SMILE_BOTH,T004,1,22,L2->L3,R4->R3,16.278820596099706,False,8.687444855261388,7.169811320754717,-4.905660377358491,1.4142135623730951,2.241747800000013
session-3-20261005-80000Hz-600mV,80 kHz,SMILE_BOTH,T004,1,23,L2->L3,R3->R2,7.211102550927979,False,19.6116135138184,-19.23076923076923,-3.846153846153847,1.4142135623730951,2.339682500000009
session-3-20261005-80000Hz-600mV,80 kHz,SMILE_BOTH,T004,1,24,L2->L3,R2->R1,51.61395160225576,True,4.332293707583636,-4.2792792792792795,0.6756756756756757,2.23606797749979,2.4381878000000086
session-3-20261005-80000Hz-600mV,80 kHz,SMILE_BOTH,T004,1,25,L2->L3,R1->L1,33.24154027718932,False,12.403473458920846,-11.583710407239819,-4.4343891402714934,4.123105625617661,2.537198950000004
session-3-20261005-80000Hz-600mV,80 kHz,SMILE_BOTH,T004,1,26,L3->L4,L1->L2,327.9466420014085,True,5.454711690544308,5.26643669397205,1.4207477521873753,17.88854381999832,2.634695850000014
session-3-20261005-80000Hz-600mV,80 kHz,SMILE_BOTH,T004,1,27,L3->L4,L5->L6,252.1606630701942,True,1.2540725510735564,-1.203113941967445,-0.3538570417551309,3.1622776601683795,2.732216000000008
session-3-20261005-80000Hz-600mV,80 kHz,SMILE_BOTH,T004,1,28,L3->L4,L6->L7,26.92582403567252,False,24.913643956121987,-24.827586206896555,-2.0689655172413803,6.7082039324993685,2.8312658000000113
session-3-20261005-80000Hz-600mV,80 kHz,SMILE_BOTH,T004,1,29,L3->L4,L7->L8,23.08679276123039,False,24.50255567326755,21.76360225140713,-11.257035647279551,5.65685424949238,2.929220650000005
session-3-20261005-80000Hz-600mV,80 kHz,SMILE_BOTH,T004,1,30,L3->L4,L8->R8,21.931712199461305,False,9.119215051751063,8.316008316008315,3.7422037422037415,1.9999999999999991,3.026781249999999
session-3-20261005-80000Hz-600mV,80 kHz,SMILE_BOTH,T004,1,31,L3->L4,R8->R7,9.0,False,45.81228472908512,-44.44444444444444,11.11111111111111,4.123105625617661,3.1247753500000073
session-3-20261005-80000Hz-600mV,80 kHz,SMILE_BOTH,T004,1,32,L3->L4,R7->R6,23.769728648009423,False,15.168668220223596,-11.327433628318584,10.08849557522124,3.605551275463989,3.2232983000000104
session-3-20261005-80000Hz-600mV,80 kHz,SMILE_BOTH,T004,1,33,L3->L4,R6->R5,13.601470508735444,False,23.24952774876386,22.162162162162165,-7.027027027027027,3.16227766016838,3.3222253000000137
session-3-20261005-80000Hz-600mV,80 kHz,SMILE_BOTH,T004,1,34,L3->L4,R5->R4,57.384666941614284,True,3.8966297038455666,-3.765563316125114,-1.002125721226845,2.2360679774997894,3.4217442500000175
session-3-20261005-80000Hz-600mV,80 kHz,SMILE_BOTH,T004,1,35,L3->L4,R4->R3,58.18075283115543,True,3.4375629442337035,-1.654357459379616,-3.0132939438700146,2.0000000000000004,3.520715850000002
session-3-20261005-80000Hz-600mV,80 kHz,SMILE_BOTH,T004,1,36,L3->L4,R3->R2,18.027756377319946,False,5.54700196225229,-5.538461538461538,-0.30769230769230765,0.9999999999999998,3.6177113500000075
session-3-20261005-80000Hz-600mV,80 kHz,SMILE_BOTH,T004,1,37,L3->L4,R2->R1,39.45883931389771,False,8.014117280572417,-7.1290944123314075,-3.6608863198458583,3.1622776601683795,3.7147410000000036
session-3-20261005-80000Hz-600mV,80 kHz,SMILE_BOTH,T004,1,38,L3->L4,R1->L1,123.84667940643381,True,3.6110261304004347,-3.5337071326118146,0.74325205372278,4.472135954999579,3.8132868
session-3-20261005-80000Hz-600mV,80 kHz,SMILE_BOTH,T004,1,39,L4->L5,L1->L2,76.05918747922568,True,6.573827785585625,6.378565254969749,1.5903197925669834,5.0,3.911702500000004
session-3-20261005-80000Hz-600mV,80 kHz,SMILE_BOTH,T004,1,40,L4->L5,L2->L3,240.6262662304346,True,4.495209104077379,-4.4921503946391255,0.16580024524619613,10.816653826391967,4.009776299999999
session-3-20261005-80000Hz-600mV,80 kHz,SMILE_BOTH,T004,1,41,L4->L5,L6->L7,175.41949720598336,True,9.691055025678269,-9.690627843494086,-0.09099181073703337,17.0,4.10827740000002
session-3-20261005-80000Hz-600mV,80 kHz,SMILE_BOTH,T004,1,42,L4->L5,L7->L8,66.60330322138684,True,11.43452762477766,10.865644724977457,3.5617673579801625,7.615773105863907,4.206288400000005
session-3-20261005-80000Hz-600mV,80 kHz,SMILE_BOTH,T004,1,43,L4->L5,L8->R8,47.634021455258214,False,23.751319232224652,23.622741295724992,-2.4680475980608194,11.313708498984761,4.3037550000000095
session-3-20261005-80000Hz-600mV,80 kHz,SMILE_BOTH,T004,1,44,L4->L5,R8->R7,22.022715545545243,False,16.371964974107474,-16.288659793814432,1.649484536082474,3.6055512754639887,4.401787000000013
session-3-20261005-80000Hz-600mV,80 kHz,SMILE_BOTH,T004,1,45,L4->L5,R7->R6,19.209372712298546,False,30.35472309364954,-28.455284552845526,-10.569105691056908,5.830951894845299,4.5013052000000044
session-3-20261005-80000Hz-600mV,80 kHz,SMILE_BOTH,T004,1,46,L4->L5,R6->R5,5.0,False,44.721359549995796,-40.0,-20.0,2.23606797749979,4.599743150000009
session-3-20261005-80000Hz-600mV,80 kHz,SMILE_BOTH,T004,1,47,L4->L5,R5->R4,39.623225512317894,False,7.138306102482497,-7.133757961783441,0.2547770700636944,2.82842712474619,4.697771750000015
session-3-20261005-80000Hz-600mV,80 kHz,SMILE_BOTH,T004,1,48,L4->L5,R4->R3,35.014282800023196,False,8.077923917220192,-5.546492659053833,5.872756933115823,2.82842712474619,4.796270250000006
session-3-20261005-80000Hz-600mV,80 kHz,SMILE_BOTH,T004,1,49,L4->L5,R3->R2,18.973665961010276,False,5.2704627669473,-5.0,1.6666666666666667,1.0000000000000002,4.893759450000005
session-3-20261005-80000Hz-600mV,80 kHz,SMILE_BOTH,T004,1,50,L4->L5,R2->R1,115.12167476196652,True,4.429243688589371,-4.1273673885158075,1.6071832792575265,5.0990195135927845,4.991713450000006
session-3-20261005-80000Hz-600mV,80 kHz,SMILE_BOTH,T004,1,51,L4->L5,R1->L1,45.48626166217663,False,11.210021064080525,-7.974867085548574,-7.878202029966168,5.0990195135927845,5.090265900000006
session-3-20261005-80000Hz-600mV,80 kHz,SMILE_BOTH,T004,1,52,L5->L6,L1->L2,88.72992730753249,True,4.646803790706634,4.178839070240061,2.0322621618188745,4.123105625617661,5.1883676000000065
session-3-20261005-80000Hz-600mV,80 kHz,SMILE_BOTH,T004,1,53,L5->L6,L2->L3,176.0113632695344,True,3.811233438506346,-3.757262750161395,-0.6391220142027115,6.708203932499371,5.287238150000007
session-3-20261005-80000Hz-600mV,80 kHz,SMILE_BOTH,T004,1,54,L5->L6,L3->L4,272.3692346796899,True,0.8209693654018734,-0.8155287457033092,-0.09435869784996968,2.2360679774997894,5.38730240000001
session-3-20261005-80000Hz-600mV,80 kHz,SMILE_BOTH,T004,1,55,L5->L6,L7->L8,178.63090438107287,True,2.503562286993286,1.2723682973455765,2.156131498950139,4.472135954999578,5.486911850000013
session-3-20261005-80000Hz-600mV,80 kHz,SMILE_BOTH,T004,1,56,L5->L6,L8->R8,52.69724850502159,True,21.636336952023015,21.570039611091108,-1.6924738926899534,11.401754250991381,5.585359400000016
session-3-20261005-80000Hz-600mV,80 kHz,SMILE_BOTH,T004,1,57,L5->L6,R8->R7,17.029386365926403,False,24.211709905575116,19.655172413793103,14.13793103448276,4.1231056256176615,5.682796050000007
session-3-20261005-80000Hz-600mV,80 kHz,SMILE_BOTH,T004,1,58,L5->L6,R7->R6,3.0,False,47.14045207910317,-33.33333333333333,-33.33333333333333,1.414213562373095,5.7892552499999965
session-3-20261005-80000Hz-600mV,80 kHz,SMILE_BOTH,T004,1,59,L5->L6,R6->R5,45.09988913511873,False,4.434600701584929,4.424778761061947,-0.2949852507374631,2.0000000000000004,5.895879900000011
session-3-20261005-80000Hz-600mV,80 kHz,SMILE_BOTH,T004,1,60,L5->L6,R5->R4,6.4031242374328485,False,22.08630521496931,2.4390243902439024,-21.951219512195124,1.4142135623730951,5.993884300000005
session-3-20261005-80000Hz-600mV,80 kHz,SMILE_BOTH,T004,1,61,L5->L6,R4->R3,5.8309518948453,False,0.0,0.0,0.0,0.0,6.091242950000009
session-3-20261005-80000Hz-600mV,80 kHz,SMILE_BOTH,T004,1,62,L5->L6,R3->R2,2.8284271247461903,False,50.0,-50.0,0.0,1.4142135623730951,6.188249550000009
session-3-20261005-80000Hz-600mV,80 kHz,SMILE_BOTH,T004,1,63,L5->L6,R2->R1,40.2616442783948,False,7.025115778155095,-6.0456508328192475,-3.5780382479950648,2.8284271247461907,6.286369000000008
session-3-20261005-80000Hz-600mV,80 kHz,SMILE_BOTH,T004,1,64,L5->L6,R1->L1,69.8927750200262,True,4.524470031791268,-4.360286591606961,1.2077789150460594,3.162277660168379,6.3853057000000035
session-3-20261005-80000Hz-600mV,80 kHz,SMILE_BOTH,T004,1,65,L6->L7,L1->L2,39.824615503479755,False,10.653312363426524,-10.592686002522068,1.134930643127365,4.242640687119285,6.485763100000014
session-3-20261005-80000Hz-600mV,80 kHz,SMILE_BOTH,T004,1,66,L6->L7,L2->L3,44.687805943008655,False,12.050635947538627,-11.4171256885328,-3.85578367551327,5.385164807134504,6.586279650000009
session-3-20261005-80000Hz-600mV,80 kHz,SMILE_BOTH,T004,1,67,L6->L7,L3->L4,40.22437072223754,False,16.67696426830818,-16.50185414091471,-2.4103831891223737,6.70820393249937,6.684810900000002
session-3-20261005-80000Hz-600mV,80 kHz,SMILE_BOTH,T004,1,68,L6->L7,L4->L5,200.9975124224178,True,9.347525748761669,-9.297029702970299,-0.9702970297029702,18.78829422805594,6.782244750000018
session-3-20261005-80000Hz-600mV,80 kHz,SMILE_BOTH,T004,1,69,L6->L7,L8->R8,295.8530040408581,True,3.479981612613657,3.476562053719339,0.15423459653372035,10.295630140987,6.879748849999999
session-3-20261005-80000Hz-600mV,80 kHz,SMILE_BOTH,T004,1,70,L6->L7,R8->R7,50.566787519082126,True,8.15378201366212,8.017207665232693,1.4861165428236214,4.12310562561766,6.977736250000007
session-3-20261005-80000Hz-600mV,80 kHz,SMILE_BOTH,T004,1,71,L6->L7,R7->R6,36.796738985948195,False,18.23043051467434,-17.06056129985229,-6.425406203840472,6.7082039324993685,7.0762545000000046
session-3-20261005-80000Hz-600mV,80 kHz,SMILE_BOTH,T004,1,72,L6->L7,R6->R5,17.204650534085253,False,12.996881122750912,-6.081081081081081,-11.486486486486488,2.2360679774997902,7.175817300000006
session-3-20261005-80000Hz-600mV,80 kHz,SMILE_BOTH,T004,1,73,L6->L7,R5->R4,11.704699910719626,False,42.717882885838044,-40.87591240875913,12.408759124087592,5.0,7.275329150000005
session-3-20261005-80000Hz-600mV,80 kHz,SMILE_BOTH,T004,1,74,L6->L7,R4->R3,15.652475842498529,False,23.035022137995853,-11.428571428571429,20.0,3.605551275463989,7.373830400000003
session-3-20261005-80000Hz-600mV,80 kHz,SMILE_BOTH,T004,1,75,L6->L7,R3->R2,1.4142135623730951,False,100.0,0.0,100.0,1.4142135623730951,7.471757450000013
session-3-20261005-80000Hz-600mV,80 kHz,SMILE_BOTH,T004,1,76,L6->L7,R2->R1,59.464274989274024,True,7.520710469952335,-7.46606334841629,-0.9049773755656108,4.47213595499958,7.570682099999999
session-3-20261005-80000Hz-600mV,80 kHz,SMILE_BOTH,T004,1,77,L6->L7,R1->L1,66.30987860040162,True,8.7934890214231,-8.710484421196272,-1.205367295883557,5.8309518948453025,7.669852700000007
session-3-20261005-80000Hz-600mV,80 kHz,SMILE_BOTH,T004,1,78,L7->L8,L1->L2,17.720045146669353,False,48.54572996762096,-38.21656050955414,-29.936305732484076,8.602325267042627,7.768454100000014
session-3-20261005-80000Hz-600mV,80 kHz,SMILE_BOTH,T004,1,79,L7->L8,L2->L3,26.400757564888174,False,3.7877700953928515,3.012912482065997,-2.2955523672883786,1.0000000000000002,7.867824000000013
session-3-20261005-80000Hz-600mV,80 kHz,SMILE_BOTH,T004,1,80,L7->L8,L3->L4,30.0,False,14.142135623730953,14.000000000000002,-2.0,4.242640687119286,7.9667544000000134
session-3-20261005-80000Hz-600mV,80 kHz,SMILE_BOTH,T004,1,81,L7->L8,L4->L5,88.72992730753249,True,4.063512035761474,4.039121046615013,0.4445573478978788,3.6055512754639896,8.064255000000003
session-3-20261005-80000Hz-600mV,80 kHz,SMILE_BOTH,T004,1,82,L7->L8,L5->L6,187.27786842016332,True,1.1939841030671636,0.5645368231973312,1.0520913523222992,2.23606797749979,8.160681400000016
session-3-20261005-80000Hz-600mV,80 kHz,SMILE_BOTH,T004,1,83,L7->L8,R8->R7,122.31925441237779,True,24.04436037563791,24.040903622510363,-0.4076995054137139,29.41088233970549,8.257712800000007
session-3-20261005-80000Hz-600mV,80 kHz,SMILE_BOTH,T004,1,84,L7->L8,R7->R6,60.74537019394976,True,2.3281009858985935,2.2764227642276422,-0.4878048780487804,1.4142135623730947,8.356319250000013
session-3-20261005-80000Hz-600mV,80 kHz,SMILE_BOTH,T004,1,85,L7->L8,R6->R5,21.18962010041709,False,26.696345770639994,24.053452115812917,-11.58129175946548,5.656854249492381,8.455344300000007
session-3-20261005-80000Hz-600mV,80 kHz,SMILE_BOTH,T004,1,86,L7->L8,R5->R4,13.416407864998739,False,26.874192494328497,-26.666666666666668,3.3333333333333335,3.605551275463989,8.55483885000001
session-3-20261005-80000Hz-600mV,80 kHz,SMILE_BOTH,T004,1,87,L7->L8,R4->R3,13.92838827718412,False,35.89790793088691,-9.79381443298969,34.5360824742268,5.0,8.65384585000001
session-3-20261005-80000Hz-600mV,80 kHz,SMILE_BOTH,T004,1,88,L7->L8,R3->R2,1.0,False,0.0,0.0,0.0,0.0,8.752316199999996
session-3-20261005-80000Hz-600mV,80 kHz,SMILE_BOTH,T004,1,89,L7->L8,R2->R1,55.362442142665635,True,31.59697261811153,-31.027732463295266,-5.970636215334422,17.4928556845359,8.851291400000008
session-3-20261005-80000Hz-600mV,80 kHz,SMILE_BOTH,T004,1,90,L7->L8,R1->L1,67.60177512462228,True,8.875506580913209,-7.746170678336981,4.332603938730853,5.999999999999999,8.9502047
session-3-20261005-80000Hz-600mV,80 kHz,SMILE_BOTH,T004,1,91,L8->R8,L1->L2,12.727922061357857,False,15.713484026367722,-11.11111111111111,11.11111111111111,2.0,9.048191050000014
session-3-20261005-80000Hz-600mV,80 kHz,SMILE_BOTH,T004,1,92,L8->R8,L2->L3,24.413111231467404,False,9.159291318091396,8.053691275167784,4.3624161073825505,2.2360679774997894,9.144751400000018
session-3-20261005-80000Hz-600mV,80 kHz,SMILE_BOTH,T004,1,93,L8->R8,L3->L4,30.0,False,7.4535599249993005,7.333333333333333,1.3333333333333335,2.2360679774997902,9.242240250000009
session-3-20261005-80000Hz-600mV,80 kHz,SMILE_BOTH,T004,1,94,L8->R8,L4->L5,67.26812023536856,True,11.985257979692344,11.712707182320441,2.541436464088398,8.062257748298551,9.341688300000015
session-3-20261005-80000Hz-600mV,80 kHz,SMILE_BOTH,T004,1,95,L8->R8,L5->L6,55.226805085936306,True,19.58587647712119,19.37704918032787,2.8524590163934427,10.816653826391967,9.441188650000015
session-3-20261005-80000Hz-600mV,80 kHz,SMILE_BOTH,T004,1,96,L8->R8,L6->L7,308.4493475434824,True,3.917351769366675,3.856381581021852,0.6884518766882837,12.083045973594572,9.540193299999999
session-3-20261005-80000Hz-600mV,80 kHz,SMILE_BOTH,T004,1,97,L8->R8,R7->R6,322.59107241211746,True,4.306518430771044,4.305962619516649,0.06918752702637782,13.892443989449802,9.639246250000014
session-3-20261005-80000Hz-600mV,80 kHz,SMILE_BOTH,T004,1,98,L8->R8,R6->R5,70.66116330771806,True,16.50397933431251,16.463048267574603,-1.1616262767875027,11.661903789690601,9.739373600000008
session-3-20261005-80000Hz-600mV,80 kHz,SMILE_BOTH,T004,1,99,L8->R8,R5->R4,38.47076812334269,False,18.74436852367535,18.648648648648646,-1.8918918918918917,7.211102550927978,9.840320350000013
session-3-20261005-80000Hz-600mV,80 kHz,SMILE_BOTH,T004,1,100,L8->R8,R4->R3,22.090722034374522,False,4.526787302125927,4.508196721311474,-0.40983606557377045,1.0,9.941250550000007
session-3-20261005-80000Hz-600mV,80 kHz,SMILE_BOTH,T004,1,101,L8->R8,R3->R2,5.385164807134504,False,41.52273992686998,41.37931034482759,-3.448275862068965,2.2360679774997894,10.041276199999999
session-3-20261005-80000Hz-600mV,80 kHz,SMILE_BOTH,T004,1,102,L8->R8,R2->R1,50.80354318352215,True,23.783864700038563,-23.0530802014723,-5.850445563734987,12.083045973594572,10.140329350000002
session-3-20261005-80000Hz-600mV,80 kHz,SMILE_BOTH,T004,1,103,L8->R8,R1->L1,82.37718130647589,True,7.677557328414646,-4.774535809018567,6.012378426171529,6.324555320336759,10.239832950000007
session-3-20261005-80000Hz-600mV,80 kHz,SMILE_BOTH,T004,1,104,R8->R7,L1->L2,13.038404810405298,False,61.83469424008423,-51.176470588235304,34.70588235294118,8.062257748298551,10.339745000000008
session-3-20261005-80000Hz-600mV,80 kHz,SMILE_BOTH,T004,1,105,R8->R7,L2->L3,15.652475842498529,False,0.0,0.0,0.0,0.0,10.438316350000008
session-3-20261005-80000Hz-600mV,80 kHz,SMILE_BOTH,T004,1,106,R8->R7,L3->L4,18.439088914585774,False,27.11630722733202,-27.058823529411764,-1.7647058823529405,5.0,10.53740565000001
session-3-20261005-80000Hz-600mV,80 kHz,SMILE_BOTH,T004,1,107,R8->R7,L4->L5,34.058772731852805,False,6.565321642986128,-6.0344827586206895,-2.5862068965517238,2.2360679774997902,10.63682485000001
session-3-20261005-80000Hz-600mV,80 kHz,SMILE_BOTH,T004,1,108,R8->R7,L5->L6,17.46424919657298,False,25.607375986579196,19.672131147540984,16.39344262295082,4.472135954999579,10.733774900000014
session-3-20261005-80000Hz-600mV,80 kHz,SMILE_BOTH,T004,1,109,R8->R7,L6->L7,55.47071299343465,True,8.062156971966248,8.059798505037374,0.19499512512187214,4.47213595499958,10.830855850000006
session-3-20261005-80000Hz-600mV,80 kHz,SMILE_BOTH,T004,1,110,R8->R7,L7->L8,124.19742348374221,True,27.0541805862996,27.001620745542947,1.6855753646677467,33.60059523282289,10.929355600000008
session-3-20261005-80000Hz-600mV,80 kHz,SMILE_BOTH,T004,1,111,R8->R7,R6->R5,169.04733065032406,True,3.1855958839561724,-2.3865346257479794,2.1100885327361167,5.385164807134504,11.028826850000002
session-3-20261005-80000Hz-600mV,80 kHz,SMILE_BOTH,T004,1,112,R8->R7,R5->R4,49.64876634922564,False,17.208894346376425,17.079107505070994,2.1095334685598375,8.544003745317532,11.127817800000003
session-3-20261005-80000Hz-600mV,80 kHz,SMILE_BOTH,T004,1,113,R8->R7,R4->R3,23.021728866442675,False,23.391661149237663,21.32075471698113,-9.622641509433961,5.385164807134504,11.226320049999998
session-3-20261005-80000Hz-600mV,80 kHz,SMILE_BOTH,T004,1,114,R8->R7,R3->R2,7.615773105863909,False,0.0,0.0,0.0,0.0,11.325814600000001
session-3-20261005-80000Hz-600mV,80 kHz,SMILE_BOTH,T004,1,115,R8->R7,R2->R1,39.0,False,12.82051282051282,0.0,12.82051282051282,5.0,11.424330200000014
session-3-20261005-80000Hz-600mV,80 kHz,SMILE_BOTH,T004,1,116,R8->R7,R1->L1,68.47627326307996,True,6.021217903867289,-4.414587332053744,4.094689699296225,4.12310562561766,11.521757250000007
session-3-20261005-80000Hz-600mV,80 kHz,SMILE_BOTH,T004,1,117,R7->R6,L1->L2,24.020824298928627,False,8.326108942436266,-8.318890814558058,-0.34662045060658575,1.9999999999999998,11.61883315
session-3-20261005-80000Hz-600mV,80 kHz,SMILE_BOTH,T004,1,118,R7->R6,L2->L3,18.35755975068582,False,12.180638428352397,-10.089020771513352,-6.824925816023739,2.2360679774997894,11.717250300000003
session-3-20261005-80000Hz-600mV,80 kHz,SMILE_BOTH,T004,1,119,R7->R6,L3->L4,23.853720883753127,False,11.857383334575045,-11.599297012302285,2.460456942003515,2.8284271247461907,11.822772900000004
session-3-20261005-80000Hz-600mV,80 kHz,SMILE_BOTH,T004,1,120,R7->R6,L4->L5,41.036569057366385,False,15.603459023296292,-15.558194774346795,-1.1876484560570073,6.403124237432849,11.927305350000012
session-3-20261005-80000Hz-600mV,80 kHz,SMILE_BOTH,T004,1,121,R7->R6,L5->L6,9.486832980505138,False,23.570226039551585,-16.666666666666664,-16.666666666666668,2.23606797749979,12.026406100000003
session-3-20261005-80000Hz-600mV,80 kHz,SMILE_BOTH,T004,1,122,R7->R6,L6->L7,49.51767361255979,False,17.372232254587804,-17.047308319738985,-3.3442088091353996,8.602325267042627,12.125950650000007
session-3-20261005-80000Hz-600mV,80 kHz,SMILE_BOTH,T004,1,123,R7->R6,L7->L8,68.0147042925278,True,2.0792762051726847,0.12970168612191962,2.0752269779507135,1.4142135623730951,12.226974350000006
session-3-20261005-80000Hz-600mV,80 kHz,SMILE_BOTH,T004,1,124,R7->R6,L8->R8,333.7558988242755,True,4.454174083420645,4.419487759554011,-0.5547924914491933,14.86606874731851,12.327407700000009
session-3-20261005-80000Hz-600mV,80 kHz,SMILE_BOTH,T004,1,125,R7->R6,R5->R4,84.17244204607586,True,27.350672389712322,-26.887791107974596,5.010585744530699,23.021728866442675,12.425278149999997
session-3-20261005-80000Hz-600mV,80 kHz,SMILE_BOTH,T004,1,126,R7->R6,R4->R3,15.811388300841898,False,53.665631459994955,-24.0,48.0,8.485281374238571,12.52274150000001
session-3-20261005-80000Hz-600mV,80 kHz,SMILE_BOTH,T004,1,127,R7->R6,R3->R2,17.08800749063506,False,29.26028679903264,-28.08219178082192,8.21917808219178,5.0,12.620237700000018
session-3-20261005-80000Hz-600mV,80 kHz,SMILE_BOTH,T004,1,128,R7->R6,R2->R1,33.60059523282288,False,10.730617271749669,-10.717449069973425,-0.5314437555358721,3.605551275463988,12.71828425000001
session-3-20261005-80000Hz-600mV,80 kHz,SMILE_BOTH,T004,1,129,R7->R6,R1->L1,70.7248188403477,True,17.259225001747204,-17.253098760495803,-0.45981607357057164,12.206555615733706,12.816916200000009
session-3-20261005-80000Hz-600mV,80 kHz,SMILE_BOTH,T004,1,130,R6->R5,L1->L2,12.206555615733702,False,16.38463841038081,-9.395973154362416,13.422818791946309,1.9999999999999998,12.915490300000016
session-3-20261005-80000Hz-600mV,80 kHz,SMILE_BOTH,T004,1,131,R6->R5,L2->L3,23.853720883753127,False,4.192218081503186,-2.2847100175746924,-3.5149384885764503,1.0,13.014865850000007
session-3-20261005-80000Hz-600mV,80 kHz,SMILE_BOTH,T004,1,132,R6->R5,L3->L4,3.0,False,94.28090415820634,66.66666666666666,-66.66666666666666,2.82842712474619,13.114215850000008
session-3-20261005-80000Hz-600mV,80 kHz,SMILE_BOTH,T004,1,133,R6->R5,L4->L5,17.029386365926403,False,8.304547985373995,-8.275862068965518,-0.6896551724137931,1.414213562373095,13.21324100000001
session-3-20261005-80000Hz-600mV,80 kHz,SMILE_BOTH,T004,1,134,R6->R5,L5->L6,48.093658625644196,False,2.0792762051726843,2.075226977950713,0.12970168612191957,1.0,13.311221450000005
session-3-20261005-80000Hz-600mV,80 kHz,SMILE_BOTH,T004,1,135,R6->R5,L6->L7,20.518284528683193,False,6.892455167955777,-6.888361045130642,0.23752969121140138,1.4142135623730954,13.409280350000017
session-3-20261005-80000Hz-600mV,80 kHz,SMILE_BOTH,T004,1,136,R6->R5,L7->L8,19.1049731745428,False,26.171196129510683,26.027397260273972,2.7397260273972606,4.999999999999999,13.5083664
session-3-20261005-80000Hz-600mV,80 kHz,SMILE_BOTH,T004,1,137,R6->R5,L8->R8,68.24221567329126,True,19.714518226493063,19.56194975305991,-2.4479278505475635,13.453624047073708,13.607830050000004
session-3-20261005-80000Hz-600mV,80 kHz,SMILE_BOTH,T004,1,138,R6->R5,R8->R7,166.41213898030398,True,3.8005372439118252,-3.011591376882245,2.3182753764489226,6.324555320336761,13.706729150000001
session-3-20261005-80000Hz-600mV,80 kHz,SMILE_BOTH,T004,1,139,R6->R5,R4->R3,338.89526405661087,True,0.2950764162443282,-0.15411406181976492,0.25163256421419244,1.0000000000000002,13.803698400000002
session-3-20261005-80000Hz-600mV,80 kHz,SMILE_BOTH,T004,1,140,R6->R5,R3->R2,180.5602392554906,True,1.9968689066490308,-1.8373105944420587,0.7821606036439481,3.605551275463989,13.901261200000008
session-3-20261005-80000Hz-600mV,80 kHz,SMILE_BOTH,T004,1,141,R6->R5,R2->R1,125.51493934986384,True,8.580914487197012,4.7099149422368916,-7.17278151580551,10.770329614269007,13.998837350000002
session-3-20261005-80000Hz-600mV,80 kHz,SMILE_BOTH,T004,1,142,R6->R5,R1->L1,96.83491106000977,True,8.515742061378097,-7.93430734776581,3.0926735629732325,8.246211251235323,14.096325800000002
session-3-20261005-80000Hz-600mV,80 kHz,SMILE_BOTH,T004,1,143,R5->R4,L1->L2,60.74537019394976,True,1.646215994415983,0.5691056910569106,-1.5447154471544717,1.0000000000000002,14.194323850000018
session-3-20261005-80000Hz-600mV,80 kHz,SMILE_BOTH,T004,1,144,R5->R4,L2->L3,13.038404810405298,False,7.669649888473703,6.470588235294117,-4.117647058823529,1.0,14.29082785
session-3-20261005-80000Hz-600mV,80 kHz,SMILE_BOTH,T004,1,145,R5->R4,L3->L4,56.63920903402518,True,3.9479152615929083,-3.802992518703242,-1.059850374064838,2.2360679774997894,14.3883443
session-3-20261005-80000Hz-600mV,80 kHz,SMILE_BOTH,T004,1,146,R5->R4,L4->L5,65.06919393998976,True,3.4364464074382264,-3.2357109116674545,-1.1572980632971184,2.2360679774997902,14.485331450000004
session-3-20261005-80000Hz-600mV,80 kHz,SMILE_BOTH,T004,1,147,R5->R4,L5->L6,16.492422502470642,False,8.57492925712544,-4.411764705882352,-7.352941176470589,1.414213562373095,14.58243465000001
session-3-20261005-80000Hz-600mV,80 kHz,SMILE_BOTH,T004,1,148,R5->R4,L6->L7,24.041630560342618,False,17.64705882352941,-17.64705882352941,0.0,4.242640687119285,14.679885049999996
session-3-20261005-80000Hz-600mV,80 kHz,SMILE_BOTH,T004,1,149,R5->R4,L7->L8,23.259406699226012,False,18.24053700931445,-17.190388170055453,-6.099815157116451,4.242640687119286,14.77677605000001
session-3-20261005-80000Hz-600mV,80 kHz,SMILE_BOTH,T004,1,150,R5->R4,L8->R8,43.84062043356595,False,22.809896167307986,22.58064516129032,-3.225806451612903,10.000000000000002,14.87478010000001
session-3-20261005-80000Hz-600mV,80 kHz,SMILE_BOTH,T004,1,151,R5->R4,R8->R7,56.568542494923804,True,11.858541225631424,11.25,3.7500000000000004,6.70820393249937,14.973341099999999
session-3-20261005-80000Hz-600mV,80 kHz,SMILE_BOTH,T004,1,152,R5->R4,R7->R6,82.32860985101108,True,23.332560512149392,-23.325464738861022,-0.5753909707878432,19.209372712298546,15.071764400000006
session-3-20261005-80000Hz-600mV,80 kHz,SMILE_BOTH,T004,1,153,R5->R4,R3->R2,253.03161857759991,True,2.530562889107527,-2.5302616165560328,0.039047247169074546,6.40312423743285,15.170719500000004
session-3-20261005-80000Hz-600mV,80 kHz,SMILE_BOTH,T004,1,154,R5->R4,R2->R1,63.32456079595025,True,30.169926067240254,-26.807980049875308,-13.840399002493767,19.104973174542796,15.268830900000012
session-3-20261005-80000Hz-600mV,80 kHz,SMILE_BOTH,T004,1,155,R5->R4,R1->L1,35.05709628591621,False,28.093763731803346,-24.97965825874695,-12.855980471928397,9.848857801796106,15.366818600000016
session-3-20261005-80000Hz-600mV,80 kHz,SMILE_BOTH,T004,1,156,R4->R3,L1->L2,36.400549446402586,False,3.8851434494290564,-3.8490566037735845,-0.5283018867924529,1.4142135623730947,15.466298200000011
session-3-20261005-80000Hz-600mV,80 kHz,SMILE_BOTH,T004,1,157,R4->R3,L2->L3,11.40175425099138,False,12.403473458920846,6.153846153846154,-10.76923076923077,1.414213562373095,15.565309049999996
session-3-20261005-80000Hz-600mV,80 kHz,SMILE_BOTH,T004,1,158,R4->R3,L3->L4,41.23105625617661,False,6.859943405700351,-6.823529411764705,-0.7058823529411764,2.8284271247461894,15.664820200000008
session-3-20261005-80000Hz-600mV,80 kHz,SMILE_BOTH,T004,1,159,R4->R3,L4->L5,23.086792761230395,False,9.685485552825746,-9.005628517823638,3.564727954971857,2.23606797749979,15.764853500000001
session-3-20261005-80000Hz-600mV,80 kHz,SMILE_BOTH,T004,1,160,R4->R3,L5->L6,3.6055512754639896,False,27.735009811261456,23.076923076923077,-15.384615384615385,1.0000000000000002,15.864353050000005
session-3-20261005-80000Hz-600mV,80 kHz,SMILE_BOTH,T004,1,161,R4->R3,L6->L7,6.0827625302982185,False,51.987524491003626,-51.35135135135134,8.108108108108107,3.162277660168378,15.962759800000015
session-3-20261005-80000Hz-600mV,80 kHz,SMILE_BOTH,T004,1,162,R4->R3,L7->L8,12.0,False,30.046260628866577,-25.0,16.666666666666664,3.6055512754639896,16.06068775
session-3-20261005-80000Hz-600mV,80 kHz,SMILE_BOTH,T004,1,163,R4->R3,L8->R8,19.313207915827967,False,7.3225202593821255,2.949061662198392,6.702412868632708,1.4142135623730954,16.158209900000003
session-3-20261005-80000Hz-600mV,80 kHz,SMILE_BOTH,T004,1,164,R4->R3,R8->R7,18.027756377319946,False,31.378581622109447,28.30769230769231,-13.538461538461538,5.656854249492381,16.255806550000017
session-3-20261005-80000Hz-600mV,80 kHz,SMILE_BOTH,T004,1,165,R4->R3,R7->R6,19.6468827043885,False,36.70354559259034,-34.715025906735754,11.917098445595856,7.211102550927978,16.354371850000007
session-3-20261005-80000Hz-600mV,80 kHz,SMILE_BOTH,T004,1,166,R4->R3,R6->R5,326.65884344373717,True,0.3061297803719914,0.24834592244109985,0.17899649504245307,0.9999999999999999,16.45338360000001
session-3-20261005-80000Hz-600mV,80 kHz,SMILE_BOTH,T004,1,167,R4->R3,R2->R1,485.26796720987056,True,1.050763672473675,-0.7631059303140328,-0.7223390024842348,5.099019513592785,16.55292655000001
session-3-20261005-80000Hz-600mV,80 kHz,SMILE_BOTH,T004,1,168,R4->R3,R1->L1,110.11357772772621,True,8.122769321068949,-7.917525773195874,1.8144329896907212,8.944271909999156,16.65286395000001
session-3-20261005-80000Hz-600mV,80 kHz,SMILE_BOTH,T004,1,169,R3->R2,L1->L2,27.658633371878665,False,3.6155076303109364,0.7843137254901961,-3.5294117647058822,1.0000000000000002,16.75729695000001
session-3-20261005-80000Hz-600mV,80 kHz,SMILE_BOTH,T004,1,170,R3->R2,L2->L3,22.47220505424423,False,6.293167755275525,1.3861386138613863,-6.138613861386139,1.4142135623730947,16.860776549999997
session-3-20261005-80000Hz-600mV,80 kHz,SMILE_BOTH,T004,1,171,R3->R2,L3->L4,18.110770276274835,False,0.0,0.0,0.0,0.0,16.958797250000003
session-3-20261005-80000Hz-600mV,80 kHz,SMILE_BOTH,T004,1,172,R3->R2,L4->L5,8.246211251235321,False,0.0,0.0,0.0,0.0,17.05680670000001
session-3-20261005-80000Hz-600mV,80 kHz,SMILE_BOTH,T004,1,173,R3->R2,L5->L6,12.041594578792294,False,0.0,0.0,0.0,0.0,17.154877400000004
session-3-20261005-80000Hz-600mV,80 kHz,SMILE_BOTH,T004,1,174,R3->R2,L6->L7,11.40175425099138,False,19.611613513818405,-19.230769230769234,3.8461538461538463,2.23606797749979,17.255392
session-3-20261005-80000Hz-600mV,80 kHz,SMILE_BOTH,T004,1,175,R3->R2,L7->L8,11.045361017187261,False,9.053574604251853,-9.016393442622949,-0.8196721311475409,1.0,17.356798700000013
session-3-20261005-80000Hz-600mV,80 kHz,SMILE_BOTH,T004,1,176,R3->R2,L8->R8,13.416407864998739,False,33.33333333333333,33.33333333333333,0.0,4.47213595499958,17.456878400000008
session-3-20261005-80000Hz-600mV,80 kHz,SMILE_BOTH,T004,1,177,R3->R2,R8->R7,17.88854381999832,False,5.5901699437494745,-5.0,2.5,1.0000000000000002,17.55691385
session-3-20261005-80000Hz-600mV,80 kHz,SMILE_BOTH,T004,1,178,R3->R2,R7->R6,20.591260281974,False,17.510104899311873,-15.566037735849056,-8.018867924528301,3.6055512754639896,17.656372349999998
session-3-20261005-80000Hz-600mV,80 kHz,SMILE_BOTH,T004,1,179,R3->R2,R6->R5,202.41047403728888,True,1.5623093000542116,-1.425433243836954,-0.6394923114474005,3.1622776601683795,17.75631150000001
session-3-20261005-80000Hz-600mV,80 kHz,SMILE_BOTH,T004,1,180,R3->R2,R5->R4,276.9440376682625,True,2.8201544765741318,-2.8201517640616443,0.003911444887741527,7.810249675906655,17.855252550000003
session-3-20261005-80000Hz-600mV,80 kHz,SMILE_BOTH,T004,1,181,R3->R2,R1->L1,68.09552114493287,True,13.134890165481494,-13.111925814103948,0.7763640284666812,8.94427190999916,17.952199949999994
session-3-20261005-80000Hz-600mV,80 kHz,SMILE_BOTH,T004,1,182,R2->R1,L1->L2,348.644518098306,True,2.994541995341724,2.4960305381191743,1.6544223507441198,10.440306508910549,18.050284849999997
session-3-20261005-80000Hz-600mV,80 kHz,SMILE_BOTH,T004,1,183,R2->R1,L2->L3,26.076809620810597,False,3.8348249442368525,0.2941176470588236,-3.823529411764706,1.0000000000000002,18.14934020000001
session-3-20261005-80000Hz-600mV,80 kHz,SMILE_BOTH,T004,1,184,R2->R1,L3->L4,20.518284528683193,False,9.747403576571587,-7.1258907363420425,6.65083135391924,2.0000000000000004,18.24790585000001
session-3-20261005-80000Hz-600mV,80 kHz,SMILE_BOTH,T004,1,185,R2->R1,L4->L5,19.723082923316017,False,5.070201265633938,4.370179948586118,2.570694087403599,0.9999999999999999,18.344933800000007
session-3-20261005-80000Hz-600mV,80 kHz,SMILE_BOTH,T004,1,186,R2->R1,L5->L6,24.186773244895647,False,5.847053462046862,-4.615384615384616,3.5897435897435894,1.4142135623730951,18.44282910000001
session-3-20261005-80000Hz-600mV,80 kHz,SMILE_BOTH,T004,1,187,R2->R1,L6->L7,8.06225774829855,False,12.403473458920846,-12.307692307692308,1.5384615384615385,0.9999999999999999,18.541251400000007
session-3-20261005-80000Hz-600mV,80 kHz,SMILE_BOTH,T004,1,188,R2->R1,L7->L8,16.401219466856727,False,27.26709415746059,-5.204460966542751,26.765799256505574,4.47213595499958,18.64020205
session-3-20261005-80000Hz-600mV,80 kHz,SMILE_BOTH,T004,1,189,R2->R1,L8->R8,14.0,False,45.17539514526256,42.857142857142854,14.285714285714285,6.324555320336759,18.738885100000005
session-3-20261005-80000Hz-600mV,80 kHz,SMILE_BOTH,T004,1,190,R2->R1,R8->R7,24.73863375370596,False,30.78493817275996,-30.392156862745097,-4.901960784313726,7.615773105863908,18.83687280000001
session-3-20261005-80000Hz-600mV,80 kHz,SMILE_BOTH,T004,1,191,R2->R1,R7->R6,36.1386219991853,False,8.750410185091365,-8.728943338437977,-0.6125574272588057,3.1622776601683786,18.935718400000013
session-3-20261005-80000Hz-600mV,80 kHz,SMILE_BOTH,T004,1,192,R2->R1,R6->R5,138.85243966167826,True,3.600945011972984,3.589211618257261,-0.2904564315352696,5.0,19.03385265
session-3-20261005-80000Hz-600mV,80 kHz,SMILE_BOTH,T004,1,193,R2->R1,R5->R4,8.06225774829855,False,124.03473458920845,-89.23076923076924,86.15384615384616,10.0,19.130703550000007
session-3-20261005-80000Hz-600mV,80 kHz,SMILE_BOTH,T004,1,194,R2->R1,R4->R3,460.8047308784926,True,1.4557584770691563,0.33342595165323696,1.4170602945262571,6.708203932499368,19.228810650000014
session-3-20261005-80000Hz-600mV,80 kHz,SMILE_BOTH,T004,1,195,R1->L1,L2->L3,23.259406699226012,False,4.299335803923477,-1.8484288354898335,3.8817005545286505,0.9999999999999998,19.32786785000002
session-3-20261005-80000Hz-600mV,80 kHz,SMILE_BOTH,T004,1,196,R1->L1,L3->L4,30.528675044947498,False,3.275608910402092,2.7896995708154506,1.7167381974248928,1.0,19.42535120000001
session-3-20261005-80000Hz-600mV,80 kHz,SMILE_BOTH,T004,1,197,R1->L1,L4->L5,30.59411708155671,False,4.622501635210243,3.8461538461538463,-2.5641025641025648,1.4142135623730951,19.523273750000016
session-3-20261005-80000Hz-600mV,80 kHz,SMILE_BOTH,T004,1,198,R1->L1,L5->L6,9.219544457292887,False,0.0,0.0,0.0,0.0,19.621203100000002
session-3-20261005-80000Hz-600mV,80 kHz,SMILE_BOTH,T004,1,199,R1->L1,L6->L7,12.206555615733702,False,34.75706678180953,-34.22818791946308,-6.0402684563758395,4.242640687119284,19.718724199999997
session-3-20261005-80000Hz-600mV,80 kHz,SMILE_BOTH,T004,1,200,R1->L1,L7->L8,11.180339887498949,False,20.0,12.000000000000002,16.0,2.23606797749979,19.816786800000017
session-3-20261005-80000Hz-600mV,80 kHz,SMILE_BOTH,T004,1,201,R1->L1,L8->R8,19.4164878389476,False,25.751310131230237,25.72944297082228,1.0610079575596816,5.0,19.91582355
session-3-20261005-80000Hz-600mV,80 kHz,SMILE_BOTH,T004,1,202,R1->L1,R8->R7,14.317821063276352,False,6.984302957695782,2.9268292682926833,6.341463414634147,0.9999999999999998,20.014343350000004
session-3-20261005-80000Hz-600mV,80 kHz,SMILE_BOTH,T004,1,203,R1->L1,R7->R6,5.385164807134504,False,52.522573143889026,-20.689655172413794,-48.275862068965516,2.8284271247461903,20.110854000000003
session-3-20261005-80000Hz-600mV,80 kHz,SMILE_BOTH,T004,1,204,R1->L1,R6->R5,31.906112267087636,False,6.268391408072227,5.304518664047151,-3.3398821218074657,2.0,20.207787600000003
session-3-20261005-80000Hz-600mV,80 kHz,SMILE_BOTH,T004,1,205,R1->L1,R5->R4,47.42362280551751,False,5.964173459175533,5.958203646064917,0.2667852378835039,2.8284271247461907,20.30583340000001
session-3-20261005-80000Hz-600mV,80 kHz,SMILE_BOTH,T004,1,206,R1->L1,R4->R3,50.159744815937806,True,4.457893447634325,4.4515103338632755,0.23847376788553265,2.2360679774997894,20.404358550000012
session-3-20261005-80000Hz-600mV,80 kHz,SMILE_BOTH,T004,1,207,R1->L1,R3->R2,7.0,False,14.285714285714285,0.0,-14.285714285714285,1.0,20.50321655000002
session-3-20261005-80000Hz-600mV,80 kHz,PUFF_LEFT,T005,1,0,L1->L2,L3->L4,299.2607558635111,True,3.8099730845402155,3.7998146431881366,-0.27803521779425405,11.40175425099138,0.048455699999991
session-3-20261005-80000Hz-600mV,80 kHz,PUFF_LEFT,T005,1,1,L1->L2,L4->L5,93.38094023943,True,4.54336899611537,4.541284403669724,-0.1376146788990826,4.242640687119284,0.14591355000000306
session-3-20261005-80000Hz-600mV,80 kHz,PUFF_LEFT,T005,1,2,L1->L2,L5->L6,83.40863264674707,True,3.7913073980738705,3.5791289348857265,1.250539025442001,3.162277660168379,0.24277869999998813
session-3-20261005-80000Hz-600mV,80 kHz,PUFF_LEFT,T005,1,3,L1->L2,L6->L7,45.79301256742124,False,2.183739273601395,1.859799713876967,1.144492131616595,1.0,0.3412773999999956
session-3-20261005-80000Hz-600mV,80 kHz,PUFF_LEFT,T005,1,4,L1->L2,L7->L8,19.313207915827967,False,16.373653066597825,-10.455764075067025,-12.600536193029491,3.1622776601683795,0.4407776000000041
session-3-20261005-80000Hz-600mV,80 kHz,PUFF_LEFT,T005,1,5,L1->L2,L8->R8,7.0710678118654755,False,31.62277660168379,-29.999999999999993,10.0,2.2360679774997894,0.5393270999999942
session-3-20261005-80000Hz-600mV,80 kHz,PUFF_LEFT,T005,1,6,L1->L2,R8->R7,4.242640687119286,False,70.71067811865476,50.0,50.0,3.0000000000000004,0.6383347999999955
session-3-20261005-80000Hz-600mV,80 kHz,PUFF_LEFT,T005,1,7,L1->L2,R7->R6,22.561028345356952,False,8.864844143558724,1.9646365422396856,-8.644400785854616,1.9999999999999996,0.7362831999999884
session-3-20261005-80000Hz-600mV,80 kHz,PUFF_LEFT,T005,1,8,L1->L2,R6->R5,10.44030650891055,False,19.15652570442303,18.348623853211006,-5.504587155963303,2.0,0.8337944999999962
session-3-20261005-80000Hz-600mV,80 kHz,PUFF_LEFT,T005,1,9,L1->L2,R5->R4,60.4648658313239,True,1.6538530041390564,0.9299781181619257,-1.3676148796498906,1.0000000000000002,0.9308672499999915
session-3-20261005-80000Hz-600mV,80 kHz,PUFF_LEFT,T005,1,10,L1->L2,R4->R3,45.80392996239515,False,2.1832187779978622,-1.2869399428026693,-1.7635843660629171,1.0000000000000002,1.0274959000000052
session-3-20261005-80000Hz-600mV,80 kHz,PUFF_LEFT,T005,1,11,L1->L2,R3->R2,25.612496949731394,False,0.0,0.0,0.0,0.0,1.1260385499999899
session-3-20261005-80000Hz-600mV,80 kHz,PUFF_LEFT,T005,1,12,L1->L2,R2->R1,373.2077169620157,True,2.3965935063742236,2.1366416817437757,-1.0855518221762732,8.944271909999161,1.2264037000000059
session-3-20261005-80000Hz-600mV,80 kHz,PUFF_LEFT,T005,1,13,L2->L3,L4->L5,247.95160818191923,True,3.469356512796319,-3.4677944046844504,0.1040988939492517,8.602325267042625,1.326383100000001
session-3-20261005-80000Hz-600mV,80 kHz,PUFF_LEFT,T005,1,14,L2->L3,L5->L6,161.82088863926066,True,3.089835955076389,-3.0894371037959214,0.04964484839227071,4.999999999999999,1.4254856000000018
session-3-20261005-80000Hz-600mV,80 kHz,PUFF_LEFT,T005,1,15,L2->L3,L6->L7,40.8166632639171,False,5.478321348909789,-5.46218487394958,-0.42016806722689065,2.23606797749979,1.5233721500000001
session-3-20261005-80000Hz-600mV,80 kHz,PUFF_LEFT,T005,1,16,L2->L3,L7->L8,18.867962264113206,False,5.2999894000318,4.49438202247191,-2.8089887640449436,0.9999999999999999,1.6206954999999965
session-3-20261005-80000Hz-600mV,80 kHz,PUFF_LEFT,T005,1,17,L2->L3,L8->R8,15.620499351813308,False,20.244408254472905,-18.852459016393446,7.37704918032787,3.1622776601683795,1.7197937999999908
session-3-20261005-80000Hz-600mV,80 kHz,PUFF_LEFT,T005,1,18,L2->L3,R8->R7,9.848857801796104,False,10.153461651336189,9.278350515463917,-4.123711340206185,0.9999999999999998,1.8194833000000017
session-3-20261005-80000Hz-600mV,80 kHz,PUFF_LEFT,T005,1,19,L2->L3,R7->R6,7.280109889280519,False,13.736056394868903,-13.20754716981132,-3.7735849056603774,1.0000000000000002,1.9193179499999928
session-3-20261005-80000Hz-600mV,80 kHz,PUFF_LEFT,T005,1,20,L2->L3,R6->R5,18.027756377319946,False,5.547001962252291,-3.076923076923076,-4.615384615384615,1.0,2.0178166999999974
session-3-20261005-80000Hz-600mV,80 kHz,PUFF_LEFT,T005,1,21,L2->L3,R5->R4,5.385164807134504,False,18.569533817705185,17.24137931034483,-6.896551724137932,0.9999999999999999,2.1153804000000065
session-3-20261005-80000Hz-600mV,80 kHz,PUFF_LEFT,T005,1,22,L2->L3,R4->R3,16.278820596099706,False,0.0,0.0,0.0,0.0,2.213882699999985
session-3-20261005-80000Hz-600mV,80 kHz,PUFF_LEFT,T005,1,23,L2->L3,R3->R2,7.211102550927979,False,19.6116135138184,-19.23076923076923,-3.846153846153847,1.4142135623730951,2.311839049999989
session-3-20261005-80000Hz-600mV,80 kHz,PUFF_LEFT,T005,1,24,L2->L3,R2->R1,51.61395160225576,True,8.664587415167272,-8.558558558558559,1.3513513513513513,4.47213595499958,2.410763149999994
session-3-20261005-80000Hz-600mV,80 kHz,PUFF_LEFT,T005,1,25,L2->L3,R1->L1,33.24154027718932,False,15.339299776947406,-14.570135746606336,-4.796380090497737,5.0990195135927845,2.5102620499999944
session-3-20261005-80000Hz-600mV,80 kHz,PUFF_LEFT,T005,1,26,L3->L4,L1->L2,327.9466420014085,True,3.722116360527112,3.6969195436498716,0.4323610633292732,12.206555615733704,2.6088141500000006
session-3-20261005-80000Hz-600mV,80 kHz,PUFF_LEFT,T005,1,27,L3->L4,L5->L6,252.1606630701942,True,0.3965725612490276,-0.32554847841472045,-0.2264685067232838,1.0,2.706324500000008
session-3-20261005-80000Hz-600mV,80 kHz,PUFF_LEFT,T005,1,28,L3->L4,L6->L7,26.92582403567252,False,10.504514628777805,-2.4827586206896552,-10.206896551724139,2.8284271247461903,2.803328449999995
session-3-20261005-80000Hz-600mV,80 kHz,PUFF_LEFT,T005,1,29,L3->L4,L7->L8,23.08679276123039,False,12.251277836633776,5.6285178236397755,10.881801125703564,2.82842712474619,2.901345549999988
session-3-20261005-80000Hz-600mV,80 kHz,PUFF_LEFT,T005,1,30,L3->L4,L8->R8,21.931712199461305,False,14.418745018211808,-10.602910602910601,-9.77130977130977,3.1622776601683786,3.000290300000003
session-3-20261005-80000Hz-600mV,80 kHz,PUFF_LEFT,T005,1,31,L3->L4,R8->R7,9.0,False,35.136418446315325,-11.11111111111111,33.33333333333333,3.1622776601683795,3.102358499999994
session-3-20261005-80000Hz-600mV,80 kHz,PUFF_LEFT,T005,1,32,L3->L4,R7->R6,23.769728648009423,False,4.207031619116712,-4.070796460176991,-1.0619469026548671,0.9999999999999998,3.2044263499999914
session-3-20261005-80000Hz-600mV,80 kHz,PUFF_LEFT,T005,1,33,L3->L4,R6->R5,13.601470508735444,False,14.704292441876154,11.891891891891891,-8.648648648648647,2.0,3.302872149999999
session-3-20261005-80000Hz-600mV,80 kHz,PUFF_LEFT,T005,1,34,L3->L4,R5->R4,57.384666941614284,True,4.928890024967746,-4.919526267840875,0.30367446097783174,2.8284271247461903,3.3998334999999997
session-3-20261005-80000Hz-600mV,80 kHz,PUFF_LEFT,T005,1,35,L3->L4,R4->R3,58.18075283115543,True,3.8433122101204393,-3.1610044313146233,-2.1861152141802065,2.23606797749979,3.496411699999996
session-3-20261005-80000Hz-600mV,80 kHz,PUFF_LEFT,T005,1,36,L3->L4,R3->R2,18.027756377319946,False,0.0,0.0,0.0,0.0,3.5948789499999947
session-3-20261005-80000Hz-600mV,80 kHz,PUFF_LEFT,T005,1,37,L3->L4,R2->R1,39.45883931389771,False,13.64754995527151,-11.753371868978807,-6.936416184971099,5.385164807134504,3.6939256
session-3-20261005-80000Hz-600mV,80 kHz,PUFF_LEFT,T005,1,38,L3->L4,R1->L1,123.84667940643381,True,5.416539195600652,-5.300560698917722,1.11487808058417,6.7082039324993685,3.7904054499999944
session-3-20261005-80000Hz-600mV,80 kHz,PUFF_LEFT,T005,1,39,L4->L5,L1->L2,76.05918747922568,True,4.740454631399773,4.528954191875541,1.400172860847018,3.60555127546399,3.88749614999999
session-3-20261005-80000Hz-600mV,80 kHz,PUFF_LEFT,T005,1,40,L4->L5,L2->L3,240.6262662304346,True,2.9968060693849194,-2.9947669297594173,0.11053349683079743,7.211102550927979,3.9849106500000033
session-3-20261005-80000Hz-600mV,80 kHz,PUFF_LEFT,T005,1,41,L4->L5,L6->L7,175.41949720598336,True,1.2746975183004459,-1.2738853503184715,-0.04549590536851679,2.23606797749979,4.087825349999989
session-3-20261005-80000Hz-600mV,80 kHz,PUFF_LEFT,T005,1,42,L4->L5,L7->L8,66.60330322138684,True,0.0,0.0,0.0,0.0,4.190845799999991
session-3-20261005-80000Hz-600mV,80 kHz,PUFF_LEFT,T005,1,43,L4->L5,L8->R8,47.634021455258214,False,9.38853327594895,-8.55002203613927,3.878360511238431,4.47213595499958,4.287785400000004
session-3-20261005-80000Hz-600mV,80 kHz,PUFF_LEFT,T005,1,44,L4->L5,R8->R7,22.022715545545243,False,14.35916317235476,-5.154639175257731,-13.402061855670103,3.1622776601683795,4.384870550000002
session-3-20261005-80000Hz-600mV,80 kHz,PUFF_LEFT,T005,1,45,L4->L5,R7->R6,19.209372712298546,False,14.724203476646206,-14.634146341463413,-1.6260162601626011,2.82842712474619,4.481352149999992
session-3-20261005-80000Hz-600mV,80 kHz,PUFF_LEFT,T005,1,46,L4->L5,R6->R5,5.0,False,20.0,-12.0,-16.0,1.0,4.57928059999999
session-3-20261005-80000Hz-600mV,80 kHz,PUFF_LEFT,T005,1,47,L4->L5,R5->R4,39.623225512317894,False,9.099590527639178,-8.980891719745223,-1.4649681528662422,3.605551275463989,4.676932500000007
session-3-20261005-80000Hz-600mV,80 kHz,PUFF_LEFT,T005,1,48,L4->L5,R4->R3,35.014282800023196,False,8.077923917220192,-5.546492659053833,5.872756933115823,2.82842712474619,4.774503150000001
session-3-20261005-80000Hz-600mV,80 kHz,PUFF_LEFT,T005,1,49,L4->L5,R3->R2,18.973665961010276,False,5.2704627669473,-5.0,1.6666666666666667,1.0000000000000002,4.873495250000005
session-3-20261005-80000Hz-600mV,80 kHz,PUFF_LEFT,T005,1,50,L4->L5,R2->R1,115.12167476196652,True,7.1630396867364485,-6.790915264468422,2.278729344299404,8.24621125123532,4.973484549999995
session-3-20261005-80000Hz-600mV,80 kHz,PUFF_LEFT,T005,1,51,L4->L5,R1->L1,45.48626166217663,False,15.545502209836048,-11.64813919768004,-10.294828419526343,7.0710678118654755,5.0733678
session-3-20261005-80000Hz-600mV,80 kHz,PUFF_LEFT,T005,1,52,L5->L6,L1->L2,88.72992730753249,True,3.5639358175152314,3.315127651467039,1.3082687666709003,3.1622776601683786,5.172375949999989
session-3-20261005-80000Hz-600mV,80 kHz,PUFF_LEFT,T005,1,53,L5->L6,L2->L3,176.0113632695344,True,2.5408222923375634,-2.50484183344093,-0.4260813428018077,4.47213595499958,5.271340850000001
session-3-20261005-80000Hz-600mV,80 kHz,PUFF_LEFT,T005,1,54,L5->L6,L3->L4,272.3692346796899,True,0.519226616778591,-0.5081889869919795,0.10649053043068003,1.414213562373095,5.369800949999998
session-3-20261005-80000Hz-600mV,80 kHz,PUFF_LEFT,T005,1,55,L5->L6,L7->L8,178.63090438107287,True,7.299075630603371,-7.298881193393712,-0.053276505061267694,13.038404810405298,5.46739294999999
session-3-20261005-80000Hz-600mV,80 kHz,PUFF_LEFT,T005,1,56,L5->L6,L8->R8,52.69724850502159,True,22.92917811912545,22.650342095786822,3.5649981994958586,12.083045973594572,5.5668898499999955
session-3-20261005-80000Hz-600mV,80 kHz,PUFF_LEFT,T005,1,57,L5->L6,R8->R7,17.029386365926403,False,26.261286571944513,25.517241379310345,-6.206896551724138,4.4721359549995805,5.667877799999999
session-3-20261005-80000Hz-600mV,80 kHz,PUFF_LEFT,T005,1,58,L5->L6,R7->R6,3.0,False,47.14045207910317,-33.33333333333333,33.33333333333333,1.414213562373095,5.7680802
session-3-20261005-80000Hz-600mV,80 kHz,PUFF_LEFT,T005,1,59,L5->L6,R6->R5,45.09988913511873,False,4.434600701584929,4.424778761061947,-0.2949852507374631,2.0000000000000004,5.867324649999986
session-3-20261005-80000Hz-600mV,80 kHz,PUFF_LEFT,T005,1,60,L5->L6,R5->R4,6.4031242374328485,False,15.61737618886061,-9.756097560975611,-12.195121951219514,1.0000000000000002,5.965337300000002
session-3-20261005-80000Hz-600mV,80 kHz,PUFF_LEFT,T005,1,61,L5->L6,R4->R3,5.8309518948453,False,0.0,0.0,0.0,0.0,6.063358750000006
session-3-20261005-80000Hz-600mV,80 kHz,PUFF_LEFT,T005,1,62,L5->L6,R3->R2,2.8284271247461903,False,0.0,0.0,0.0,0.0,6.1619131499999895
session-3-20261005-80000Hz-600mV,80 kHz,PUFF_LEFT,T005,1,63,L5->L6,R2->R1,40.2616442783948,False,11.107683342678127,-10.857495373226405,-2.344231955582974,4.4721359549995805,6.260410300000004
session-3-20261005-80000Hz-600mV,80 kHz,PUFF_LEFT,T005,1,64,L5->L6,R1->L1,69.8927750200262,True,4.524470031791268,-4.360286591606961,1.2077789150460594,3.162277660168379,6.358333999999999
session-3-20261005-80000Hz-600mV,80 kHz,PUFF_LEFT,T005,1,65,L6->L7,L1->L2,39.824615503479755,False,2.5110098047591274,-1.9546027742749057,-1.5762925598991173,1.0000000000000002,6.456281500000003
session-3-20261005-80000Hz-600mV,80 kHz,PUFF_LEFT,T005,1,66,L6->L7,L2->L3,44.687805943008655,False,4.475493835053445,-3.4051076614922384,-2.9043565348022033,1.9999999999999998,6.554789200000002
session-3-20261005-80000Hz-600mV,80 kHz,PUFF_LEFT,T005,1,67,L6->L7,L3->L4,40.22437072223754,False,2.4860550508181416,-2.0395550061804695,-1.4215080346106304,1.0,6.651773900000009
session-3-20261005-80000Hz-600mV,80 kHz,PUFF_LEFT,T005,1,68,L6->L7,L4->L5,200.9975124224178,True,3.026287468431273,-2.811881188118812,-1.1188118811881187,6.08276253029822,6.74933424999999
session-3-20261005-80000Hz-600mV,80 kHz,PUFF_LEFT,T005,1,69,L6->L7,L8->R8,295.8530040408581,True,19.621805525686963,19.28617943767209,-3.6136594728604234,58.05170109479997,6.847900199999998
session-3-20261005-80000Hz-600mV,80 kHz,PUFF_LEFT,T005,1,70,L6->L7,R8->R7,50.566787519082126,True,30.8908279884671,27.84513101290575,-13.375048885412594,15.62049935181331,6.945399099999989
session-3-20261005-80000Hz-600mV,80 kHz,PUFF_LEFT,T005,1,71,L6->L7,R7->R6,36.796738985948195,False,19.216561050602195,19.202363367799112,0.7385524372230428,7.071067811865475,7.042854300000002
session-3-20261005-80000Hz-600mV,80 kHz,PUFF_LEFT,T005,1,72,L6->L7,R6->R5,17.204650534085253,False,12.996881122750912,11.486486486486488,-6.081081081081081,2.2360679774997902,7.140803300000002
session-3-20261005-80000Hz-600mV,80 kHz,PUFF_LEFT,T005,1,73,L6->L7,R5->R4,11.704699910719626,False,8.54357657716761,2.9197080291970803,-8.02919708029197,1.0,7.238919050000007
session-3-20261005-80000Hz-600mV,80 kHz,PUFF_LEFT,T005,1,74,L6->L7,R4->R3,15.652475842498529,False,0.0,0.0,0.0,0.0,7.337377149999995
session-3-20261005-80000Hz-600mV,80 kHz,PUFF_LEFT,T005,1,75,L6->L7,R3->R2,1.4142135623730951,False,0.0,0.0,0.0,0.0,7.434811299999993
session-3-20261005-80000Hz-600mV,80 kHz,PUFF_LEFT,T005,1,76,L6->L7,R2->R1,59.464274989274024,True,5.317945372643964,-5.316742081447964,0.11312217194570139,3.1622776601683795,7.5328659000000044
session-3-20261005-80000Hz-600mV,80 kHz,PUFF_LEFT,T005,1,77,L6->L7,R1->L1,66.30987860040162,True,4.524212776920738,-4.161928587673414,1.773936775073914,3.0,7.631826649999994
session-3-20261005-80000Hz-600mV,80 kHz,PUFF_LEFT,T005,1,78,L7->L8,L1->L2,17.720045146669353,False,23.942606534028666,-21.019108280254777,-11.464968152866243,4.242640687119286,7.729762199999996
session-3-20261005-80000Hz-600mV,80 kHz,PUFF_LEFT,T005,1,79,L7->L8,L2->L3,26.400757564888174,False,3.7877700953928515,2.2955523672883786,3.012912482065997,1.0000000000000002,7.826818099999997
session-3-20261005-80000Hz-600mV,80 kHz,PUFF_LEFT,T005,1,80,L7->L8,L3->L4,30.0,False,6.666666666666667,5.333333333333334,4.0,2.0,7.927813
session-3-20261005-80000Hz-600mV,80 kHz,PUFF_LEFT,T005,1,81,L7->L8,L4->L5,88.72992730753249,True,1.5938405510820688,0.1397180236250476,1.5877048139209957,1.414213562373095,8.028860050000006
session-3-20261005-80000Hz-600mV,80 kHz,PUFF_LEFT,T005,1,82,L7->L8,L5->L6,187.27786842016332,True,7.183776791441322,-7.133692584039005,0.8468052347959967,13.45362404707371,8.125406549999994
session-3-20261005-80000Hz-600mV,80 kHz,PUFF_LEFT,T005,1,83,L7->L8,R8->R7,122.31925441237779,True,9.844398281072076,9.76473733458094,-1.2498329100387644,12.041594578792298,8.222341549999996
session-3-20261005-80000Hz-600mV,80 kHz,PUFF_LEFT,T005,1,84,L7->L8,R7->R6,60.74537019394976,True,5.205792062953535,5.0406504065040645,1.3008130081300815,3.162277660168379,8.320894949999996
session-3-20261005-80000Hz-600mV,80 kHz,PUFF_LEFT,T005,1,85,L7->L8,R6->R5,21.18962010041709,False,10.552657229828181,10.46770601336303,-1.33630289532294,2.23606797749979,8.418906500000006
session-3-20261005-80000Hz-600mV,80 kHz,PUFF_LEFT,T005,1,86,L7->L8,R5->R4,13.416407864998739,False,0.0,0.0,0.0,0.0,8.516538100000005
session-3-20261005-80000Hz-600mV,80 kHz,PUFF_LEFT,T005,1,87,L7->L8,R4->R3,13.92838827718412,False,10.153461651336189,-4.123711340206185,9.278350515463917,1.414213562373095,8.615896149999998
session-3-20261005-80000Hz-600mV,80 kHz,PUFF_LEFT,T005,1,88,L7->L8,R3->R2,1.0,False,100.0,0.0,-100.0,1.0,8.715386699999996
session-3-20261005-80000Hz-600mV,80 kHz,PUFF_LEFT,T005,1,89,L7->L8,R2->R1,55.362442142665635,True,15.538196896869108,-14.97553017944535,-4.143556280587276,8.602325267042627,8.816489650000008
session-3-20261005-80000Hz-600mV,80 kHz,PUFF_LEFT,T005,1,90,L7->L8,R1->L1,67.60177512462228,True,7.542730208182939,-5.733041575492341,4.901531728665208,5.0990195135927845,8.916946499999995
session-3-20261005-80000Hz-600mV,80 kHz,PUFF_LEFT,T005,1,91,L8->R8,L1->L2,12.727922061357857,False,17.568209223157663,-5.555555555555555,16.666666666666664,2.23606797749979,9.01584369999999
session-3-20261005-80000Hz-600mV,80 kHz,PUFF_LEFT,T005,1,92,L8->R8,L2->L3,24.413111231467404,False,4.096159602595202,-2.348993288590604,-3.3557046979865772,0.9999999999999999,9.114860100000001
session-3-20261005-80000Hz-600mV,80 kHz,PUFF_LEFT,T005,1,93,L8->R8,L3->L4,30.0,False,16.666666666666668,-16.666666666666668,0.0,5.000000000000001,9.213375349999993
session-3-20261005-80000Hz-600mV,80 kHz,PUFF_LEFT,T005,1,94,L8->R8,L4->L5,67.26812023536856,True,6.648224953145336,-6.4088397790055245,-1.7679558011049725,4.47213595499958,9.31083464999999
session-3-20261005-80000Hz-600mV,80 kHz,PUFF_LEFT,T005,1,95,L8->R8,L5->L6,55.226805085936306,True,22.1025923855989,21.934426229508198,2.721311475409836,12.206555615733706,9.408795149999989
session-3-20261005-80000Hz-600mV,80 kHz,PUFF_LEFT,T005,1,96,L8->R8,L6->L7,308.4493475434824,True,19.262093949372407,18.85517284871927,-3.9383651632839682,59.413803110051795,9.50736400000001
session-3-20261005-80000Hz-600mV,80 kHz,PUFF_LEFT,T005,1,97,L8->R8,R7->R6,322.59107241211746,True,7.075652853736342,-7.069619949070292,-0.2921251141113728,22.825424421026657,9.605325350000001
session-3-20261005-80000Hz-600mV,80 kHz,PUFF_LEFT,T005,1,98,L8->R8,R6->R5,70.66116330771806,True,2.0014014717171036,-1.9026637292209092,0.6208692169036651,1.4142135623730951,9.703277449999987
session-3-20261005-80000Hz-600mV,80 kHz,PUFF_LEFT,T005,1,99,L8->R8,R5->R4,38.47076812334269,False,0.0,0.0,0.0,0.0,9.800880249999992
session-3-20261005-80000Hz-600mV,80 kHz,PUFF_LEFT,T005,1,100,L8->R8,R4->R3,22.090722034374522,False,4.526787302125927,4.508196721311474,-0.40983606557377045,1.0,9.899411299999997
session-3-20261005-80000Hz-600mV,80 kHz,PUFF_LEFT,T005,1,101,L8->R8,R3->R2,5.385164807134504,False,18.569533817705185,-6.896551724137932,17.24137931034483,0.9999999999999999,9.997963850000005
session-3-20261005-80000Hz-600mV,80 kHz,PUFF_LEFT,T005,1,102,L8->R8,R2->R1,50.80354318352215,True,4.401401629453763,-1.239829523440527,4.223169314219295,2.23606797749979,10.096468949999988
session-3-20261005-80000Hz-600mV,80 kHz,PUFF_LEFT,T005,1,103,L8->R8,R1->L1,82.37718130647589,True,5.42885284987047,-5.393457117595049,0.618921308576481,4.4721359549995805,10.195312299999998
session-3-20261005-80000Hz-600mV,80 kHz,PUFF_LEFT,T005,1,104,R8->R7,L1->L2,13.038404810405298,False,7.669649888473705,-0.5882352941176472,-7.647058823529412,1.0000000000000002,10.294340950000006
session-3-20261005-80000Hz-600mV,80 kHz,PUFF_LEFT,T005,1,105,R8->R7,L2->L3,15.652475842498529,False,9.035079029052513,-8.571428571428571,-2.857142857142857,1.4142135623730951,10.392353150000005
session-3-20261005-80000Hz-600mV,80 kHz,PUFF_LEFT,T005,1,106,R8->R7,L3->L4,18.439088914585774,False,12.126781251816649,-11.76470588235294,-2.941176470588235,2.23606797749979,10.490297899999987
session-3-20261005-80000Hz-600mV,80 kHz,PUFF_LEFT,T005,1,107,R8->R7,L4->L5,34.058772731852805,False,4.152273992686998,-4.137931034482759,-0.3448275862068966,1.414213562373095,10.588775850000005
session-3-20261005-80000Hz-600mV,80 kHz,PUFF_LEFT,T005,1,108,R8->R7,L5->L6,17.46424919657298,False,12.803687993289598,9.836065573770492,8.19672131147541,2.2360679774997894,10.686326999999991
session-3-20261005-80000Hz-600mV,80 kHz,PUFF_LEFT,T005,1,109,R8->R7,L6->L7,55.47071299343465,True,24.253562503633294,23.52941176470588,-5.882352941176469,13.453624047073708,10.78335204999999
session-3-20261005-80000Hz-600mV,80 kHz,PUFF_LEFT,T005,1,110,R8->R7,L7->L8,124.19742348374221,True,6.92633150169069,6.709886547811994,-1.7179902755267424,8.602325267042627,10.881294850000003
session-3-20261005-80000Hz-600mV,80 kHz,PUFF_LEFT,T005,1,111,R8->R7,R6->R5,169.04733065032406,True,1.322746694016196,-0.0034993176330615707,1.322742065297267,2.2360679774997894,10.979335949999992
session-3-20261005-80000Hz-600mV,80 kHz,PUFF_LEFT,T005,1,112,R8->R7,R5->R4,49.64876634922564,False,2.0141487362769017,-0.9330628803245435,1.7849898580121704,0.9999999999999999,11.07689839999999
session-3-20261005-80000Hz-600mV,80 kHz,PUFF_LEFT,T005,1,113,R8->R7,R4->R3,23.021728866442675,False,4.343722427630693,0.18867924528301885,4.339622641509433,0.9999999999999999,11.174894899999998
session-3-20261005-80000Hz-600mV,80 kHz,PUFF_LEFT,T005,1,114,R8->R7,R3->R2,7.615773105863909,False,0.0,0.0,0.0,0.0,11.272366999999988
session-3-20261005-80000Hz-600mV,80 kHz,PUFF_LEFT,T005,1,115,R8->R7,R2->R1,39.0,False,10.57206570671195,-10.256410256410255,-2.564102564102564,4.123105625617661,11.368886200000006
session-3-20261005-80000Hz-600mV,80 kHz,PUFF_LEFT,T005,1,116,R8->R7,R1->L1,68.47627326307996,True,7.864278458094766,-7.805502239283428,0.959692898272553,5.385164807134503,11.465405399999995
session-3-20261005-80000Hz-600mV,80 kHz,PUFF_LEFT,T005,1,117,R7->R6,L1->L2,24.020824298928627,False,9.308872791678185,4.5060658578856145,-8.145580589254765,2.2360679774997894,11.562883799999994
session-3-20261005-80000Hz-600mV,80 kHz,PUFF_LEFT,T005,1,118,R7->R6,L2->L3,18.35755975068582,False,7.703712157713455,-7.41839762611276,-2.077151335311573,1.4142135623730954,11.660855299999994
session-3-20261005-80000Hz-600mV,80 kHz,PUFF_LEFT,T005,1,119,R7->R6,L3->L4,23.853720883753127,False,4.192218081503186,-2.2847100175746924,3.5149384885764503,1.0,11.759325250000003
session-3-20261005-80000Hz-600mV,80 kHz,PUFF_LEFT,T005,1,120,R7->R6,L4->L5,41.036569057366385,False,5.448964250334662,-5.225653206650832,-1.5439429928741093,2.23606797749979,11.85788819999999
session-3-20261005-80000Hz-600mV,80 kHz,PUFF_LEFT,T005,1,121,R7->R6,L5->L6,9.486832980505138,False,10.5409255338946,-10.0,3.3333333333333335,1.0000000000000002,11.955823300000006
session-3-20261005-80000Hz-600mV,80 kHz,PUFF_LEFT,T005,1,122,R7->R6,L6->L7,49.51767361255979,False,12.930987605622779,12.805872756933114,1.794453507340946,6.403124237432848,12.0532829
session-3-20261005-80000Hz-600mV,80 kHz,PUFF_LEFT,T005,1,123,R7->R6,L7->L8,68.0147042925278,True,6.575248692937263,6.095979247730221,-2.4643320363164722,4.472135954999579,12.151298249999996
session-3-20261005-80000Hz-600mV,80 kHz,PUFF_LEFT,T005,1,124,R7->R6,L8->R8,333.7558988242755,True,6.234691917053036,-6.234682610217877,0.010772669736877313,20.808652046684813,12.248856549999985
session-3-20261005-80000Hz-600mV,80 kHz,PUFF_LEFT,T005,1,125,R7->R6,R5->R4,84.17244204607586,True,9.578262852211514,-9.527170077628794,0.9880028228652085,8.06225774829855,12.345908249999994
session-3-20261005-80000Hz-600mV,80 kHz,PUFF_LEFT,T005,1,126,R7->R6,R4->R3,15.811388300841898,False,22.803508501982755,-6.0,21.999999999999996,3.605551275463989,12.443901199999999
session-3-20261005-80000Hz-600mV,80 kHz,PUFF_LEFT,T005,1,127,R7->R6,R3->R2,17.08800749063506,False,8.276058886023678,-7.534246575342466,3.4246575342465753,1.4142135623730947,12.542745949999997
session-3-20261005-80000Hz-600mV,80 kHz,PUFF_LEFT,T005,1,128,R7->R6,R2->R1,33.60059523282288,False,16.026992289332963,-8.41452612931798,-13.640389725420723,5.385164807134503,12.642701500000001
session-3-20261005-80000Hz-600mV,80 kHz,PUFF_LEFT,T005,1,129,R7->R6,R1->L1,70.7248188403477,True,9.484936182929347,-9.416233506597361,1.1395441823270693,6.70820393249937,12.741781399999994
session-3-20261005-80000Hz-600mV,80 kHz,PUFF_LEFT,T005,1,130,R6->R5,L1->L2,12.206555615733702,False,0.0,0.0,0.0,0.0,12.839107549999994
session-3-20261005-80000Hz-600mV,80 kHz,PUFF_LEFT,T005,1,131,R6->R5,L2->L3,23.853720883753127,False,0.0,0.0,0.0,0.0,12.937190349999995
session-3-20261005-80000Hz-600mV,80 kHz,PUFF_LEFT,T005,1,132,R6->R5,L3->L4,3.0,False,47.14045207910317,33.33333333333333,-33.33333333333333,1.414213562373095,13.035091699999995
session-3-20261005-80000Hz-600mV,80 kHz,PUFF_LEFT,T005,1,133,R6->R5,L4->L5,17.029386365926403,False,0.0,0.0,0.0,0.0,13.136526349999997
session-3-20261005-80000Hz-600mV,80 kHz,PUFF_LEFT,T005,1,134,R6->R5,L5->L6,48.093658625644196,False,0.0,0.0,0.0,0.0,13.237876799999995
session-3-20261005-80000Hz-600mV,80 kHz,PUFF_LEFT,T005,1,135,R6->R5,L6->L7,20.518284528683193,False,9.747403576571587,7.1258907363420425,6.65083135391924,2.0000000000000004,13.334988899999999
session-3-20261005-80000Hz-600mV,80 kHz,PUFF_LEFT,T005,1,136,R6->R5,L7->L8,19.1049731745428,False,18.87231791703509,18.35616438356164,-4.383561643835616,3.6055512754639887,13.434417799999991
session-3-20261005-80000Hz-600mV,80 kHz,PUFF_LEFT,T005,1,137,R6->R5,L8->R8,68.24221567329126,True,4.396105798150608,-2.512347004509341,3.6074726218595665,3.0,13.534380049999996
session-3-20261005-80000Hz-600mV,80 kHz,PUFF_LEFT,T005,1,138,R6->R5,R8->R7,166.41213898030398,True,2.1666395838411354,2.166612501354133,0.010833062506770658,3.6055512754639905,13.632825600000004
session-3-20261005-80000Hz-600mV,80 kHz,PUFF_LEFT,T005,1,139,R6->R5,R4->R3,338.89526405661087,True,0.0,0.0,0.0,0.0,13.730326449999993
session-3-20261005-80000Hz-600mV,80 kHz,PUFF_LEFT,T005,1,140,R6->R5,R3->R2,180.5602392554906,True,1.2384055242282774,-1.070486473222502,0.6226611864302803,2.23606797749979,13.827386699999991
session-3-20261005-80000Hz-600mV,80 kHz,PUFF_LEFT,T005,1,141,R6->R5,R2->R1,125.51493934986384,True,5.344546208798886,3.294401421861114,-4.208454995556684,6.7082039324993685,13.925971499999989
session-3-20261005-80000Hz-600mV,80 kHz,PUFF_LEFT,T005,1,142,R6->R5,R1->L1,96.83491106000977,True,6.531276015131936,-6.249333475525222,1.8982617041697774,6.324555320336761,14.033541
session-3-20261005-80000Hz-600mV,80 kHz,PUFF_LEFT,T005,1,143,R5->R4,L1->L2,60.74537019394976,True,1.646215994415983,-1.5447154471544717,-0.5691056910569106,1.0000000000000002,14.13949215000001
session-3-20261005-80000Hz-600mV,80 kHz,PUFF_LEFT,T005,1,144,R5->R4,L2->L3,13.038404810405298,False,0.0,0.0,0.0,0.0,14.238388599999993
session-3-20261005-80000Hz-600mV,80 kHz,PUFF_LEFT,T005,1,145,R5->R4,L3->L4,56.63920903402518,True,4.993761694389224,-4.987531172069825,0.24937655860349126,2.82842712474619,14.337352300000006
session-3-20261005-80000Hz-600mV,80 kHz,PUFF_LEFT,T005,1,146,R5->R4,L4->L5,65.06919393998976,True,3.4364464074382264,-3.2357109116674545,-1.1572980632971184,2.2360679774997902,14.435402849999988
session-3-20261005-80000Hz-600mV,80 kHz,PUFF_LEFT,T005,1,147,R5->R4,L5->L6,16.492422502470642,False,8.57492925712544,-7.352941176470589,4.411764705882352,1.414213562373095,14.534402249999985
session-3-20261005-80000Hz-600mV,80 kHz,PUFF_LEFT,T005,1,148,R5->R4,L6->L7,24.041630560342618,False,9.300816647554058,2.941176470588235,8.823529411764705,2.23606797749979,14.632798999999991
session-3-20261005-80000Hz-600mV,80 kHz,PUFF_LEFT,T005,1,149,R5->R4,L7->L8,23.259406699226012,False,6.080179003104816,2.033271719038817,-5.730129390018485,1.4142135623730951,14.729823199999984
session-3-20261005-80000Hz-600mV,80 kHz,PUFF_LEFT,T005,1,150,R5->R4,L8->R8,43.84062043356595,False,6.842968850192396,-4.838709677419355,4.838709677419355,3.000000000000001,14.827451150000002
session-3-20261005-80000Hz-600mV,80 kHz,PUFF_LEFT,T005,1,151,R5->R4,R8->R7,56.568542494923804,True,5.3033008588991075,3.7500000000000004,-3.7500000000000004,3.000000000000001,14.926522750000004
session-3-20261005-80000Hz-600mV,80 kHz,PUFF_LEFT,T005,1,152,R5->R4,R7->R6,82.32860985101108,True,8.588834215301198,-8.557096488639717,0.7376807317792858,7.071067811865473,15.026900499999996
session-3-20261005-80000Hz-600mV,80 kHz,PUFF_LEFT,T005,1,153,R5->R4,R3->R2,253.03161857759991,True,0.5589078433450336,-0.554470909800859,0.07028504490433424,1.4142135623730951,15.126831249999995
session-3-20261005-80000Hz-600mV,80 kHz,PUFF_LEFT,T005,1,154,R5->R4,R2->R1,63.32456079595025,True,14.559192107152363,-13.192019950124688,-6.159600997506234,9.219544457292889,15.22436710000001
session-3-20261005-80000Hz-600mV,80 kHz,PUFF_LEFT,T005,1,155,R5->R4,R1->L1,35.05709628591621,False,15.361126213119746,-13.913751017087064,-6.509357200976402,5.385164807134504,15.321355099999991
session-3-20261005-80000Hz-600mV,80 kHz,PUFF_LEFT,T005,1,156,R4->R3,L1->L2,36.400549446402586,False,3.8851434494290564,-3.8490566037735845,-0.5283018867924529,1.4142135623730947,15.4179015
session-3-20261005-80000Hz-600mV,80 kHz,PUFF_LEFT,T005,1,157,R4->R3,L2->L3,11.40175425099138,False,8.770580193070291,8.461538461538462,-2.307692307692308,0.9999999999999999,15.514525649999996
session-3-20261005-80000Hz-600mV,80 kHz,PUFF_LEFT,T005,1,158,R4->R3,L3->L4,41.23105625617661,False,6.859943405700351,-6.823529411764705,-0.7058823529411764,2.8284271247461894,15.612460549999994
session-3-20261005-80000Hz-600mV,80 kHz,PUFF_LEFT,T005,1,159,R4->R3,L4->L5,23.086792761230395,False,9.685485552825746,-5.065666041275796,8.25515947467167,2.23606797749979,15.710806500000004
session-3-20261005-80000Hz-600mV,80 kHz,PUFF_LEFT,T005,1,160,R4->R3,L5->L6,3.6055512754639896,False,0.0,0.0,0.0,0.0,15.808759999999992
session-3-20261005-80000Hz-600mV,80 kHz,PUFF_LEFT,T005,1,161,R4->R3,L6->L7,6.0827625302982185,False,23.249527748763853,-13.513513513513512,-18.918918918918916,1.4142135623730947,15.906829649999992
session-3-20261005-80000Hz-600mV,80 kHz,PUFF_LEFT,T005,1,162,R4->R3,L7->L8,12.0,False,16.666666666666664,0.0,16.666666666666664,2.0,16.004380249999997
session-3-20261005-80000Hz-600mV,80 kHz,PUFF_LEFT,T005,1,163,R4->R3,L8->R8,19.313207915827967,False,20.711214923139913,7.506702412868633,-19.3029490616622,4.000000000000001,16.101337799999996
session-3-20261005-80000Hz-600mV,80 kHz,PUFF_LEFT,T005,1,164,R4->R3,R8->R7,18.027756377319946,False,11.094003924504582,-3.6923076923076925,10.461538461538462,2.0,16.19928399999999
session-3-20261005-80000Hz-600mV,80 kHz,PUFF_LEFT,T005,1,165,R4->R3,R7->R6,19.6468827043885,False,18.35177279629517,-17.357512953367877,5.958549222797928,3.605551275463989,16.296754750000005
session-3-20261005-80000Hz-600mV,80 kHz,PUFF_LEFT,T005,1,166,R4->R3,R6->R5,326.65884344373717,True,0.3061297803719914,-0.17899649504245307,0.24834592244109985,0.9999999999999999,16.39481325
session-3-20261005-80000Hz-600mV,80 kHz,PUFF_LEFT,T005,1,167,R4->R3,R2->R1,485.26796720987056,True,0.41214342077828364,0.21912223708516468,-0.34906681954264607,2.0000000000000004,16.49388839999999
session-3-20261005-80000Hz-600mV,80 kHz,PUFF_LEFT,T005,1,168,R4->R3,R1->L1,110.11357772772621,True,5.295397729481898,-5.237113402061855,0.783505154639175,5.8309518948453,16.591317149999995
session-3-20261005-80000Hz-600mV,80 kHz,PUFF_LEFT,T005,1,169,R3->R2,L1->L2,27.658633371878665,False,3.6155076303109364,0.7843137254901961,-3.5294117647058822,1.0000000000000002,16.689274949999998
session-3-20261005-80000Hz-600mV,80 kHz,PUFF_LEFT,T005,1,170,R3->R2,L2->L3,22.47220505424423,False,4.4499415948998475,-2.376237623762376,-3.762376237623762,0.9999999999999999,16.787322000000003
session-3-20261005-80000Hz-600mV,80 kHz,PUFF_LEFT,T005,1,171,R3->R2,L3->L4,18.110770276274835,False,0.0,0.0,0.0,0.0,16.883321600000002
session-3-20261005-80000Hz-600mV,80 kHz,PUFF_LEFT,T005,1,172,R3->R2,L4->L5,8.246211251235321,False,0.0,0.0,0.0,0.0,16.979759099999995
session-3-20261005-80000Hz-600mV,80 kHz,PUFF_LEFT,T005,1,173,R3->R2,L5->L6,12.041594578792294,False,8.304547985373995,0.6896551724137931,8.275862068965518,0.9999999999999998,17.077828499999995
session-3-20261005-80000Hz-600mV,80 kHz,PUFF_LEFT,T005,1,174,R3->R2,L6->L7,11.40175425099138,False,12.403473458920846,-1.5384615384615385,12.307692307692308,1.414213562373095,17.1763969
session-3-20261005-80000Hz-600mV,80 kHz,PUFF_LEFT,T005,1,175,R3->R2,L7->L8,11.045361017187261,False,18.107149208503706,18.032786885245898,1.6393442622950818,2.0,17.276397349999996
session-3-20261005-80000Hz-600mV,80 kHz,PUFF_LEFT,T005,1,176,R3->R2,L8->R8,13.416407864998739,False,22.360679774997898,-20.0,10.0,3.0000000000000004,17.37640524999999
session-3-20261005-80000Hz-600mV,80 kHz,PUFF_LEFT,T005,1,177,R3->R2,R8->R7,17.88854381999832,False,16.770509831248425,15.000000000000002,-7.500000000000001,3.000000000000001,17.474918099999996
session-3-20261005-80000Hz-600mV,80 kHz,PUFF_LEFT,T005,1,178,R3->R2,R7->R6,20.591260281974,False,6.868028197434452,-6.60377358490566,-1.8867924528301887,1.4142135623730951,17.57183479999999
session-3-20261005-80000Hz-600mV,80 kHz,PUFF_LEFT,T005,1,179,R3->R2,R6->R5,202.41047403728888,True,0.494045579783473,-0.3636807420063461,-0.3343910178179156,1.0,17.6687778
session-3-20261005-80000Hz-600mV,80 kHz,PUFF_LEFT,T005,1,180,R3->R2,R5->R4,276.9440376682625,True,0.8074078778970734,-0.7392630837831495,0.32464992568254714,2.23606797749979,17.7674131
session-3-20261005-80000Hz-600mV,80 kHz,PUFF_LEFT,T005,1,181,R3->R2,R1->L1,68.09552114493287,True,7.908251110484709,-7.828337287039035,1.1214147077852061,5.385164807134505,17.866933399999994
session-3-20261005-80000Hz-600mV,80 kHz,PUFF_LEFT,T005,1,182,R2->R1,L1->L2,348.644518098306,True,1.9240812874642368,1.7621942691665367,0.7725025297606806,6.70820393249937,17.9649412
session-3-20261005-80000Hz-600mV,80 kHz,PUFF_LEFT,T005,1,183,R2->R1,L2->L3,26.076809620810597,False,0.0,0.0,0.0,0.0,18.062347250000002
session-3-20261005-80000Hz-600mV,80 kHz,PUFF_LEFT,T005,1,184,R2->R1,L3->L4,20.518284528683193,False,4.873701788285794,-3.5629453681710213,3.32541567695962,1.0000000000000002,18.160270499999996
session-3-20261005-80000Hz-600mV,80 kHz,PUFF_LEFT,T005,1,185,R2->R1,L4->L5,19.723082923316017,False,7.170347393820747,1.7994858611825193,6.940874035989718,1.414213562373095,18.25781959999999
session-3-20261005-80000Hz-600mV,80 kHz,PUFF_LEFT,T005,1,186,R2->R1,L5->L6,24.186773244895647,False,9.245003270420483,-8.717948717948717,3.076923076923077,2.236067977499789,18.35643284999999
session-3-20261005-80000Hz-600mV,80 kHz,PUFF_LEFT,T005,1,187,R2->R1,L6->L7,8.06225774829855,False,49.613893835683385,-49.23076923076923,6.153846153846154,3.9999999999999996,18.454937450000003
session-3-20261005-80000Hz-600mV,80 kHz,PUFF_LEFT,T005,1,188,R2->R1,L7->L8,16.401219466856727,False,25.13901868058991,15.613382899628252,19.70260223048327,4.1231056256176615,18.552864350000007
session-3-20261005-80000Hz-600mV,80 kHz,PUFF_LEFT,T005,1,189,R2->R1,L8->R8,14.0,False,57.58755534498964,-57.14285714285714,-7.142857142857142,8.06225774829855,18.650448949999998
session-3-20261005-80000Hz-600mV,80 kHz,PUFF_LEFT,T005,1,190,R2->R1,R8->R7,24.73863375370596,False,24.253562503633297,23.52941176470588,-5.88235294117647,5.999999999999999,18.749058449999993
session-3-20261005-80000Hz-600mV,80 kHz,PUFF_LEFT,T005,1,191,R2->R1,R7->R6,36.1386219991853,False,6.187474380041936,-1.3016845329249618,6.049004594180704,2.236067977499789,18.84906495
session-3-20261005-80000Hz-600mV,80 kHz,PUFF_LEFT,T005,1,192,R2->R1,R6->R5,138.85243966167826,True,2.0370021093167763,2.033195020746888,0.1244813278008299,2.8284271247461903,18.949445899999986
session-3-20261005-80000Hz-600mV,80 kHz,PUFF_LEFT,T005,1,193,R2->R1,R5->R4,8.06225774829855,False,52.62348115842176,-32.30769230769231,41.53846153846154,4.242640687119286,19.051398849999998
session-3-20261005-80000Hz-600mV,80 kHz,PUFF_LEFT,T005,1,194,R2->R1,R4->R3,460.8047308784926,True,1.1065466936226658,0.5279244234509586,0.9724923589886078,5.099019513592784,19.15146374999999
session-3-20261005-80000Hz-600mV,80 kHz,PUFF_LEFT,T005,1,195,R1->L1,L2->L3,23.259406699226012,False,4.299335803923477,3.8817005545286505,1.8484288354898335,0.9999999999999998,19.248432199999996
session-3-20261005-80000Hz-600mV,80 kHz,PUFF_LEFT,T005,1,196,R1->L1,L3->L4,30.528675044947498,False,3.275608910402092,1.7167381974248928,-2.7896995708154506,1.0,19.345900450000002
session-3-20261005-80000Hz-600mV,80 kHz,PUFF_LEFT,T005,1,197,R1->L1,L4->L5,30.59411708155671,False,4.622501635210243,3.8461538461538463,-2.5641025641025648,1.4142135623730951,19.443335500000003
session-3-20261005-80000Hz-600mV,80 kHz,PUFF_LEFT,T005,1,198,R1->L1,L5->L6,9.219544457292887,False,10.846522890932809,7.0588235294117645,8.235294117647058,0.9999999999999999,19.53982434999999
session-3-20261005-80000Hz-600mV,80 kHz,PUFF_LEFT,T005,1,199,R1->L1,L6->L7,12.206555615733702,False,16.38463841038081,-13.422818791946309,9.395973154362416,1.9999999999999998,19.63633455
session-3-20261005-80000Hz-600mV,80 kHz,PUFF_LEFT,T005,1,200,R1->L1,L7->L8,11.180339887498949,False,28.284271247461906,28.000000000000004,4.0,3.16227766016838,19.73326809999999
session-3-20261005-80000Hz-600mV,80 kHz,PUFF_LEFT,T005,1,201,R1->L1,L8->R8,19.4164878389476,False,15.450786078738144,-12.73209549071618,8.753315649867375,3.0000000000000004,19.830398700000003
session-3-20261005-80000Hz-600mV,80 kHz,PUFF_LEFT,T005,1,202,R1->L1,R8->R7,14.317821063276352,False,15.617376188860607,9.75609756097561,-12.195121951219514,2.2360679774997894,19.928460749999985
session-3-20261005-80000Hz-600mV,80 kHz,PUFF_LEFT,T005,1,203,R1->L1,R7->R6,5.385164807134504,False,18.569533817705185,-17.24137931034483,-6.896551724137932,0.9999999999999999,20.02683445000001
session-3-20261005-80000Hz-600mV,80 kHz,PUFF_LEFT,T005,1,204,R1->L1,R6->R5,31.906112267087636,False,3.1341957040361135,2.6522593320235757,-1.6699410609037328,1.0,20.124771449999997
session-3-20261005-80000Hz-600mV,80 kHz,PUFF_LEFT,T005,1,205,R1->L1,R5->R4,47.42362280551751,False,2.9820867295877664,2.9791018230324586,0.13339261894175194,1.4142135623730954,20.224353800000003
session-3-20261005-80000Hz-600mV,80 kHz,PUFF_LEFT,T005,1,206,R1->L1,R4->R3,50.159744815937806,True,2.8194193721730048,2.6232114467408585,1.0333863275039747,1.414213562373095,20.32438655
session-3-20261005-80000Hz-600mV,80 kHz,PUFF_LEFT,T005,1,207,R1->L1,R3->R2,7.0,False,14.285714285714285,0.0,-14.285714285714285,1.0,20.422582399999996
session-3-20261005-80000Hz-600mV,80 kHz,PUFF_RIGHT,T006,1,0,L1->L2,L3->L4,299.2607558635111,True,5.21969521420898,5.189990732159408,-0.556070435588508,15.62049935181331,0.05022830000000056
session-3-20261005-80000Hz-600mV,80 kHz,PUFF_RIGHT,T006,1,1,L1->L2,L4->L5,93.38094023943,True,1.5144563320384565,-1.513761467889908,0.04587155963302753,1.4142135623730947,0.1505889499999995
session-3-20261005-80000Hz-600mV,80 kHz,PUFF_RIGHT,T006,1,2,L1->L2,L5->L6,83.40863264674707,True,1.1989166687760109,0.948684777921518,0.733074601121173,1.0000000000000002,0.24858865000000208
session-3-20261005-80000Hz-600mV,80 kHz,PUFF_RIGHT,T006,1,3,L1->L2,L6->L7,45.79301256742124,False,4.882989460908731,4.148783977110158,-2.575107296137339,2.23606797749979,0.344676800000002
session-3-20261005-80000Hz-600mV,80 kHz,PUFF_RIGHT,T006,1,4,L1->L2,L7->L8,19.313207915827967,False,11.57792111618723,-7.774798927613942,8.579088471849866,2.23606797749979,0.4496688499999948
session-3-20261005-80000Hz-600mV,80 kHz,PUFF_RIGHT,T006,1,5,L1->L2,L8->R8,7.0710678118654755,False,28.284271247461902,-27.999999999999996,-3.9999999999999996,2.0,0.5556450500000096
session-3-20261005-80000Hz-600mV,80 kHz,PUFF_RIGHT,T006,1,6,L1->L2,R8->R7,4.242640687119286,False,100.0,0.0,100.0,4.242640687119286,0.653168700000009
session-3-20261005-80000Hz-600mV,80 kHz,PUFF_RIGHT,T006,1,7,L1->L2,R7->R6,22.561028345356952,False,6.268391408072227,3.3398821218074657,5.304518664047151,1.414213562373095,0.7506872499999986
session-3-20261005-80000Hz-600mV,80 kHz,PUFF_RIGHT,T006,1,8,L1->L2,R6->R5,10.44030650891055,False,9.578262852211514,9.174311926605503,-2.7522935779816513,1.0,0.8481227500000017
session-3-20261005-80000Hz-600mV,80 kHz,PUFF_RIGHT,T006,1,9,L1->L2,R5->R4,60.4648658313239,True,2.3389013486249404,2.2975929978118166,-0.4376367614879649,1.4142135623730956,0.9455668500000058
session-3-20261005-80000Hz-600mV,80 kHz,PUFF_RIGHT,T006,1,10,L1->L2,R4->R3,45.80392996239515,False,2.1832187779978622,1.7635843660629171,-1.2869399428026693,1.0000000000000002,1.0436293500000033
session-3-20261005-80000Hz-600mV,80 kHz,PUFF_RIGHT,T006,1,11,L1->L2,R3->R2,25.612496949731394,False,0.0,0.0,0.0,0.0,1.1422071500000044
session-3-20261005-80000Hz-600mV,80 kHz,PUFF_RIGHT,T006,1,12,L1->L2,R2->R1,373.2077169620157,True,1.9321954566287576,1.8178685276126476,-0.6547772895666409,7.21110255092798,1.2401509000000033
session-3-20261005-80000Hz-600mV,80 kHz,PUFF_RIGHT,T006,1,13,L2->L3,L4->L5,247.95160818191923,True,3.469356512796319,-3.4677944046844504,0.1040988939492517,8.602325267042625,1.3386935999999992
session-3-20261005-80000Hz-600mV,80 kHz,PUFF_RIGHT,T006,1,14,L2->L3,L5->L6,161.82088863926066,True,3.089835955076389,-3.0894371037959214,0.04964484839227071,4.999999999999999,1.4377673500000014
session-3-20261005-80000Hz-600mV,80 kHz,PUFF_RIGHT,T006,1,15,L2->L3,L6->L7,40.8166632639171,False,4.899959575500252,-4.201680672268907,-2.5210084033613445,1.9999999999999996,1.5365891000000005
session-3-20261005-80000Hz-600mV,80 kHz,PUFF_RIGHT,T006,1,16,L2->L3,L7->L8,18.867962264113206,False,10.5999788000636,-8.98876404494382,5.617977528089887,1.9999999999999998,1.6351521500000104
session-3-20261005-80000Hz-600mV,80 kHz,PUFF_RIGHT,T006,1,17,L2->L3,L8->R8,15.620499351813308,False,23.082176787424142,-22.95081967213115,2.459016393442624,3.60555127546399,1.7326587000000018
session-3-20261005-80000Hz-600mV,80 kHz,PUFF_RIGHT,T006,1,18,L2->L3,R8->R7,9.848857801796104,False,10.153461651336189,4.123711340206185,9.278350515463917,0.9999999999999998,1.83015915
session-3-20261005-80000Hz-600mV,80 kHz,PUFF_RIGHT,T006,1,19,L2->L3,R7->R6,7.280109889280519,False,27.472112789737807,26.41509433962264,7.547169811320755,2.0000000000000004,1.927154200000004
session-3-20261005-80000Hz-600mV,80 kHz,PUFF_RIGHT,T006,1,20,L2->L3,R6->R5,18.027756377319946,False,0.0,0.0,0.0,0.0,2.0240903499999945
session-3-20261005-80000Hz-600mV,80 kHz,PUFF_RIGHT,T006,1,21,L2->L3,R5->R4,5.385164807134504,False,18.569533817705185,17.24137931034483,-6.896551724137932,0.9999999999999999,2.1221463500000084
session-3-20261005-80000Hz-600mV,80 kHz,PUFF_RIGHT,T006,1,22,L2->L3,R4->R3,16.278820596099706,False,0.0,0.0,0.0,0.0,2.221685100000002
session-3-20261005-80000Hz-600mV,80 kHz,PUFF_RIGHT,T006,1,23,L2->L3,R3->R2,7.211102550927979,False,19.6116135138184,-19.23076923076923,-3.846153846153847,1.4142135623730951,2.3197138499999994
session-3-20261005-80000Hz-600mV,80 kHz,PUFF_RIGHT,T006,1,24,L2->L3,R2->R1,51.61395160225576,True,6.985613702374244,-6.981981981981981,0.22522522522522526,3.6055512754639887,2.418225300000003
session-3-20261005-80000Hz-600mV,80 kHz,PUFF_RIGHT,T006,1,25,L2->L3,R1->L1,33.24154027718932,False,9.513029883089882,-8.597285067873305,-4.0723981900452495,3.1622776601683795,2.5182082500000007
session-3-20261005-80000Hz-600mV,80 kHz,PUFF_RIGHT,T006,1,26,L3->L4,L1->L2,327.9466420014085,True,4.573914801644951,4.5579224353550485,0.382151391458777,15.000000000000002,2.6162008000000014
session-3-20261005-80000Hz-600mV,80 kHz,PUFF_RIGHT,T006,1,27,L3->L4,L5->L6,252.1606630701942,True,1.2540725510735562,1.004953998584572,-0.7501769285208776,3.162277660168379,2.713247999999993
session-3-20261005-80000Hz-600mV,80 kHz,PUFF_RIGHT,T006,1,28,L3->L4,L6->L7,26.92582403567252,False,5.252257314388903,-5.103448275862069,1.2413793103448276,1.4142135623730951,2.8112332000000038
session-3-20261005-80000Hz-600mV,80 kHz,PUFF_RIGHT,T006,1,29,L3->L4,L7->L8,23.08679276123039,False,8.662961636484198,-8.25515947467167,-2.626641651031895,1.9999999999999998,2.9088198500000004
session-3-20261005-80000Hz-600mV,80 kHz,PUFF_RIGHT,T006,1,30,L3->L4,L8->R8,21.931712199461305,False,14.418745018211808,-10.602910602910601,-9.77130977130977,3.1622776601683786,3.0052245500000083
session-3-20261005-80000Hz-600mV,80 kHz,PUFF_RIGHT,T006,1,31,L3->L4,R8->R7,9.0,False,40.06168083848877,-33.33333333333333,22.22222222222222,3.605551275463989,3.1036325000000033
session-3-20261005-80000Hz-600mV,80 kHz,PUFF_RIGHT,T006,1,32,L3->L4,R7->R6,23.769728648009423,False,9.407208683835972,1.9469026548672566,9.203539823008848,2.236067977499789,3.2021213499999988
session-3-20261005-80000Hz-600mV,80 kHz,PUFF_RIGHT,T006,1,33,L3->L4,R6->R5,13.601470508735444,False,7.352146220938077,5.945945945945946,-4.324324324324324,1.0,3.2991289999999935
session-3-20261005-80000Hz-600mV,80 kHz,PUFF_RIGHT,T006,1,34,L3->L4,R5->R4,57.384666941614284,True,2.464445012483873,-2.4597631339204376,0.15183723048891587,1.4142135623730951,3.3962848999999977
session-3-20261005-80000Hz-600mV,80 kHz,PUFF_RIGHT,T006,1,35,L3->L4,R4->R3,58.18075283115543,True,1.7187814721168517,-0.827178729689808,-1.5066469719350073,1.0000000000000002,3.4942762999999957
session-3-20261005-80000Hz-600mV,80 kHz,PUFF_RIGHT,T006,1,36,L3->L4,R3->R2,18.027756377319946,False,0.0,0.0,0.0,0.0,3.5931884500000137
session-3-20261005-80000Hz-600mV,80 kHz,PUFF_RIGHT,T006,1,37,L3->L4,R2->R1,39.45883931389771,False,11.333673348634099,-9.248554913294798,-6.551059730250483,4.47213595499958,3.6917623500000047
session-3-20261005-80000Hz-600mV,80 kHz,PUFF_RIGHT,T006,1,38,L3->L4,R1->L1,123.84667940643381,True,4.34825126757072,-4.166123353761899,1.2452731777285173,5.385164807134503,3.788766250000009
session-3-20261005-80000Hz-600mV,80 kHz,PUFF_RIGHT,T006,1,39,L4->L5,L1->L2,76.05918747922568,True,2.9399051601892734,-2.679343128781331,-1.2100259291270525,2.23606797749979,3.8860851500000138
session-3-20261005-80000Hz-600mV,80 kHz,PUFF_RIGHT,T006,1,40,L4->L5,L2->L3,240.6262662304346,True,2.9968060693849194,-2.9947669297594173,0.11053349683079743,7.211102550927979,3.9831649000000056
session-3-20261005-80000Hz-600mV,80 kHz,PUFF_RIGHT,T006,1,41,L4->L5,L6->L7,175.41949720598336,True,0.8061894971187148,0.7734303912647862,-0.22747952684258418,1.4142135623730951,4.079709000000008
session-3-20261005-80000Hz-600mV,80 kHz,PUFF_RIGHT,T006,1,42,L4->L5,L7->L8,66.60330322138684,True,8.085432023145191,-7.213706041478811,3.651938683498648,5.385164807134505,4.177633350000008
session-3-20261005-80000Hz-600mV,80 kHz,PUFF_RIGHT,T006,1,43,L4->L5,L8->R8,47.634021455258214,False,11.875659616112326,-11.811370647862496,1.2340237990304097,5.656854249492381,4.275647550000002
session-3-20261005-80000Hz-600mV,80 kHz,PUFF_RIGHT,T006,1,44,L4->L5,R8->R7,22.022715545545243,False,10.15346165133619,-9.278350515463918,-4.123711340206185,2.23606797749979,4.374687499999993
session-3-20261005-80000Hz-600mV,80 kHz,PUFF_RIGHT,T006,1,45,L4->L5,R7->R6,19.209372712298546,False,16.462159944159826,8.94308943089431,-13.821138211382115,3.162277660168379,4.472689550000013
session-3-20261005-80000Hz-600mV,80 kHz,PUFF_RIGHT,T006,1,46,L4->L5,R6->R5,5.0,False,0.0,0.0,0.0,0.0,4.569226299999997
session-3-20261005-80000Hz-600mV,80 kHz,PUFF_RIGHT,T006,1,47,L4->L5,R5->R4,39.623225512317894,False,5.643326479831004,-5.414012738853504,-1.5923566878980893,2.23606797749979,4.66516630000001
session-3-20261005-80000Hz-600mV,80 kHz,PUFF_RIGHT,T006,1,48,L4->L5,R4->R3,35.014282800023196,False,4.038961958610096,-2.7732463295269163,2.9363784665579113,1.414213562373095,4.762146550000011
session-3-20261005-80000Hz-600mV,80 kHz,PUFF_RIGHT,T006,1,49,L4->L5,R3->R2,18.973665961010276,False,0.0,0.0,0.0,0.0,4.862702399999989
session-3-20261005-80000Hz-600mV,80 kHz,PUFF_RIGHT,T006,1,50,L4->L5,R2->R1,115.12167476196652,True,4.343230768956709,-3.6595487814079832,2.3390930355391233,5.0,4.962214899999992
session-3-20261005-80000Hz-600mV,80 kHz,PUFF_RIGHT,T006,1,51,L4->L5,R1->L1,45.48626166217663,False,8.793864023620424,-7.34654422426293,-4.8332527791203495,4.0,5.059206249999988
session-3-20261005-80000Hz-600mV,80 kHz,PUFF_RIGHT,T006,1,52,L5->L6,L1->L2,88.72992730753249,True,2.5200831842786426,2.4514162326940174,0.5842753715229265,2.23606797749979,5.156647050000004
session-3-20261005-80000Hz-600mV,80 kHz,PUFF_RIGHT,T006,1,53,L5->L6,L2->L3,176.0113632695344,True,2.5408222923375634,-2.50484183344093,-0.4260813428018077,4.47213595499958,5.254142450000018
session-3-20261005-80000Hz-600mV,80 kHz,PUFF_RIGHT,T006,1,54,L5->L6,L3->L4,272.3692346796899,True,0.519226616778591,0.5081889869919795,-0.10649053043068003,1.414213562373095,5.351221850000002
session-3-20261005-80000Hz-600mV,80 kHz,PUFF_RIGHT,T006,1,55,L5->L6,L7->L8,178.63090438107287,True,3.75534343048993,-3.234197248425209,1.9085524460183647,6.708203932499368,5.449819900000023
session-3-20261005-80000Hz-600mV,80 kHz,PUFF_RIGHT,T006,1,56,L5->L6,L8->R8,52.69724850502159,True,6.000840176441171,-4.717320849837955,3.709038530788621,3.16227766016838,5.548153800000023
session-3-20261005-80000Hz-600mV,80 kHz,PUFF_RIGHT,T006,1,57,L5->L6,R8->R7,17.029386365926403,False,21.17252611449483,20.344827586206897,5.862068965517241,3.605551275463989,5.6455786500000045
session-3-20261005-80000Hz-600mV,80 kHz,PUFF_RIGHT,T006,1,58,L5->L6,R7->R6,3.0,False,100.0,100.0,0.0,3.0,5.743082000000015
session-3-20261005-80000Hz-600mV,80 kHz,PUFF_RIGHT,T006,1,59,L5->L6,R6->R5,45.09988913511873,False,2.2173003507924647,2.2123893805309733,-0.14749262536873156,1.0000000000000002,5.839673300000015
session-3-20261005-80000Hz-600mV,80 kHz,PUFF_RIGHT,T006,1,60,L5->L6,R5->R4,6.4031242374328485,False,22.08630521496931,2.4390243902439024,-21.951219512195124,1.4142135623730951,5.936099200000001
session-3-20261005-80000Hz-600mV,80 kHz,PUFF_RIGHT,T006,1,61,L5->L6,R4->R3,5.8309518948453,False,17.14985851425088,14.705882352941178,-8.823529411764707,0.9999999999999998,6.032622199999992
session-3-20261005-80000Hz-600mV,80 kHz,PUFF_RIGHT,T006,1,62,L5->L6,R3->R2,2.8284271247461903,False,35.35533905932738,-25.0,-25.0,1.0000000000000002,6.130213050000009
session-3-20261005-80000Hz-600mV,80 kHz,PUFF_RIGHT,T006,1,63,L5->L6,R2->R1,40.2616442783948,False,8.955300609515348,-8.451573103022826,-2.9611351017890195,3.6055512754639905,6.2287103500000285
session-3-20261005-80000Hz-600mV,80 kHz,PUFF_RIGHT,T006,1,64,L5->L6,R1->L1,69.8927750200262,True,3.19928344075492,-3.1729785056294784,0.40941658137154563,2.23606797749979,6.330281350000007
session-3-20261005-80000Hz-600mV,80 kHz,PUFF_RIGHT,T006,1,65,L6->L7,L1->L2,39.824615503479755,False,2.5110098047591274,1.9546027742749057,1.5762925598991173,1.0000000000000002,6.4322805500000015
session-3-20261005-80000Hz-600mV,80 kHz,PUFF_RIGHT,T006,1,66,L6->L7,L2->L3,44.687805943008655,False,0.0,0.0,0.0,0.0,6.530699700000014
session-3-20261005-80000Hz-600mV,80 kHz,PUFF_RIGHT,T006,1,67,L6->L7,L3->L4,40.22437072223754,False,3.5158127696731505,-3.4610630407911,0.6180469715698391,1.4142135623730954,6.627632900000009
session-3-20261005-80000Hz-600mV,80 kHz,PUFF_RIGHT,T006,1,68,L6->L7,L4->L5,200.9975124224178,True,0.4975185951049945,-0.25742574257425743,0.4257425742574258,0.9999999999999999,6.72471065000002
session-3-20261005-80000Hz-600mV,80 kHz,PUFF_RIGHT,T006,1,69,L6->L7,L8->R8,295.8530040408581,True,6.377478682456607,-6.377314947046123,0.04569913971369473,18.867962264113206,6.824306699999994
session-3-20261005-80000Hz-600mV,80 kHz,PUFF_RIGHT,T006,1,70,L6->L7,R8->R7,50.566787519082126,True,8.390172473420943,7.8607743449354714,-2.9331247555729374,4.242640687119286,6.924675700000023
session-3-20261005-80000Hz-600mV,80 kHz,PUFF_RIGHT,T006,1,71,L6->L7,R7->R6,36.796738985948195,False,25.638090200490915,25.184638109305762,-4.800590841949778,9.433981132056605,7.02313989999999
session-3-20261005-80000Hz-600mV,80 kHz,PUFF_RIGHT,T006,1,72,L6->L7,R6->R5,17.204650534085253,False,12.996881122750912,12.83783783783784,2.027027027027027,2.2360679774997902,7.120410400000026
session-3-20261005-80000Hz-600mV,80 kHz,PUFF_RIGHT,T006,1,73,L6->L7,R5->R4,11.704699910719626,False,19.10401799752175,-18.978102189781023,2.1897810218978098,2.23606797749979,7.218708450000008
session-3-20261005-80000Hz-600mV,80 kHz,PUFF_RIGHT,T006,1,74,L6->L7,R4->R3,15.652475842498529,False,14.285714285714285,-8.571428571428571,11.428571428571429,2.23606797749979,7.3176871000000006
session-3-20261005-80000Hz-600mV,80 kHz,PUFF_RIGHT,T006,1,75,L6->L7,R3->R2,1.4142135623730951,False,0.0,0.0,0.0,0.0,7.417130700000001
session-3-20261005-80000Hz-600mV,80 kHz,PUFF_RIGHT,T006,1,76,L6->L7,R2->R1,59.464274989274024,True,5.317945372643964,-5.316742081447964,0.11312217194570139,3.1622776601683795,7.517153199999996
session-3-20261005-80000Hz-600mV,80 kHz,PUFF_RIGHT,T006,1,77,L6->L7,R1->L1,66.30987860040162,True,6.21793571733773,-6.140550375255857,0.977939504207414,4.123105625617661,7.615601200000015
session-3-20261005-80000Hz-600mV,80 kHz,PUFF_RIGHT,T006,1,78,L7->L8,L1->L2,17.720045146669353,False,7.980868844676222,-7.0063694267515935,-3.821656050955414,1.4142135623730954,7.713220149999984
session-3-20261005-80000Hz-600mV,80 kHz,PUFF_RIGHT,T006,1,79,L7->L8,L2->L3,26.400757564888174,False,0.0,0.0,0.0,0.0,7.8112535500000035
session-3-20261005-80000Hz-600mV,80 kHz,PUFF_RIGHT,T006,1,80,L7->L8,L3->L4,30.0,False,7.4535599249993005,-7.333333333333333,-1.3333333333333335,2.2360679774997902,7.909202050000005
session-3-20261005-80000Hz-600mV,80 kHz,PUFF_RIGHT,T006,1,81,L7->L8,L4->L5,88.72992730753249,True,5.635077309001173,-5.626825860536008,-0.3048393242728312,4.999999999999999,8.006158900000003
session-3-20261005-80000Hz-600mV,80 kHz,PUFF_RIGHT,T006,1,82,L7->L8,L5->L6,187.27786842016332,True,1.6885485118154586,-0.4875545291249679,1.6166281755196306,3.1622776601683804,8.102600100000018
session-3-20261005-80000Hz-600mV,80 kHz,PUFF_RIGHT,T006,1,83,L7->L8,R8->R7,122.31925441237779,True,13.408534531745026,13.387247694158535,-0.7552466247827825,16.401219466856727,8.199651950000003
session-3-20261005-80000Hz-600mV,80 kHz,PUFF_RIGHT,T006,1,84,L7->L8,R7->R6,60.74537019394976,True,38.431299348938175,37.80487804878048,-6.910569105691056,23.345235059857497,8.296650849999992
session-3-20261005-80000Hz-600mV,80 kHz,PUFF_RIGHT,T006,1,85,L7->L8,R6->R5,21.18962010041709,False,31.657971689484544,31.403118040089083,-4.008908685968819,6.7082039324993685,8.395092449999993
session-3-20261005-80000Hz-600mV,80 kHz,PUFF_RIGHT,T006,1,86,L7->L8,R5->R4,13.416407864998739,False,7.4535599249993,-6.666666666666667,-3.3333333333333335,1.0,8.49524439999999
session-3-20261005-80000Hz-600mV,80 kHz,PUFF_RIGHT,T006,1,87,L7->L8,R4->R3,13.92838827718412,False,7.179581586177382,2.577319587628866,6.701030927835052,1.0,8.5943422
session-3-20261005-80000Hz-600mV,80 kHz,PUFF_RIGHT,T006,1,88,L7->L8,R3->R2,1.0,False,0.0,0.0,0.0,0.0,8.693813049999989
session-3-20261005-80000Hz-600mV,80 kHz,PUFF_RIGHT,T006,1,89,L7->L8,R2->R1,55.362442142665635,True,2.5544638343965267,-2.316476345840131,-1.0766721044045677,1.4142135623730951,8.792141600000008
session-3-20261005-80000Hz-600mV,80 kHz,PUFF_RIGHT,T006,1,90,L7->L8,R1->L1,67.60177512462228,True,2.9585021936377363,-2.5820568927789935,1.4442013129102844,1.9999999999999998,8.890263300000015
session-3-20261005-80000Hz-600mV,80 kHz,PUFF_RIGHT,T006,1,91,L8->R8,L1->L2,12.727922061357857,False,7.856742013183861,-5.555555555555555,5.555555555555555,1.0,8.986694650000004
session-3-20261005-80000Hz-600mV,80 kHz,PUFF_RIGHT,T006,1,92,L8->R8,L2->L3,24.413111231467404,False,5.792844463634923,-5.704697986577181,-1.0067114093959733,1.414213562373095,9.083130649999987
session-3-20261005-80000Hz-600mV,80 kHz,PUFF_RIGHT,T006,1,93,L8->R8,L3->L4,30.0,False,7.4535599249993,-6.666666666666667,3.3333333333333335,2.23606797749979,9.181202750000011
session-3-20261005-80000Hz-600mV,80 kHz,PUFF_RIGHT,T006,1,94,L8->R8,L4->L5,67.26812023536856,True,7.432941462471662,-7.403314917127071,-0.6629834254143647,5.0,9.280200750000006
session-3-20261005-80000Hz-600mV,80 kHz,PUFF_RIGHT,T006,1,95,L8->R8,L5->L6,55.226805085936306,True,5.121475197315839,-5.114754098360655,0.2622950819672131,2.8284271247461903,9.378703000000002
session-3-20261005-80000Hz-600mV,80 kHz,PUFF_RIGHT,T006,1,96,L8->R8,L6->L7,308.4493475434824,True,6.683602443082528,-6.5439715790248165,-1.3590355367296958,20.615528128088307,9.476647000000014
session-3-20261005-80000Hz-600mV,80 kHz,PUFF_RIGHT,T006,1,97,L8->R8,R7->R6,322.59107241211746,True,18.43332939893236,17.669725652236583,-5.250564551001776,59.464274989274024,9.575097400000004
session-3-20261005-80000Hz-600mV,80 kHz,PUFF_RIGHT,T006,1,98,L8->R8,R6->R5,70.66116330771806,True,25.97970213247351,25.95633887442419,-1.1015421590226322,18.357559750685816,9.674155550000023
session-3-20261005-80000Hz-600mV,80 kHz,PUFF_RIGHT,T006,1,99,L8->R8,R5->R4,38.47076812334269,False,5.812381937190963,-5.81081081081081,-0.13513513513513514,2.2360679774997894,9.773164049999991
session-3-20261005-80000Hz-600mV,80 kHz,PUFF_RIGHT,T006,1,100,L8->R8,R4->R3,22.090722034374522,False,12.803687993289595,-8.19672131147541,9.83606557377049,2.8284271247461894,9.87120010000001
session-3-20261005-80000Hz-600mV,80 kHz,PUFF_RIGHT,T006,1,101,L8->R8,R3->R2,5.385164807134504,False,18.569533817705185,-6.896551724137932,17.24137931034483,0.9999999999999999,9.968720700000006
session-3-20261005-80000Hz-600mV,80 kHz,PUFF_RIGHT,T006,1,102,L8->R8,R2->R1,50.80354318352215,True,2.783690809250067,-1.5885315769081754,2.2859356838434715,1.4142135623730951,10.067709949999994
session-3-20261005-80000Hz-600mV,80 kHz,PUFF_RIGHT,T006,1,103,L8->R8,R1->L1,82.37718130647589,True,4.3768810953240855,-4.376657824933687,-0.04420866489832004,3.60555127546399,10.167137200000013
session-3-20261005-80000Hz-600mV,80 kHz,PUFF_RIGHT,T006,1,104,R8->R7,L1->L2,13.038404810405298,False,27.653315937748612,-21.764705882352946,17.058823529411764,3.60555127546399,10.265565850000002
session-3-20261005-80000Hz-600mV,80 kHz,PUFF_RIGHT,T006,1,105,R8->R7,L2->L3,15.652475842498529,False,0.0,0.0,0.0,0.0,10.363673549999987
session-3-20261005-80000Hz-600mV,80 kHz,PUFF_RIGHT,T006,1,106,R8->R7,L3->L4,18.439088914585774,False,15.33929977694741,-15.294117647058824,1.1764705882352944,2.8284271247461903,10.460735699999987
session-3-20261005-80000Hz-600mV,80 kHz,PUFF_RIGHT,T006,1,107,R8->R7,L4->L5,34.058772731852805,False,4.152273992686998,-4.137931034482759,-0.3448275862068966,1.414213562373095,10.557673399999999
session-3-20261005-80000Hz-600mV,80 kHz,PUFF_RIGHT,T006,1,108,R8->R7,L5->L6,17.46424919657298,False,11.451966686277364,4.590163934426229,10.491803278688524,1.9999999999999998,10.655098399999986
session-3-20261005-80000Hz-600mV,80 kHz,PUFF_RIGHT,T006,1,109,R8->R7,L6->L7,55.47071299343465,True,6.499918751523405,5.71985700357491,-3.087422814429639,3.6055512754639887,10.753143599999987
session-3-20261005-80000Hz-600mV,80 kHz,PUFF_RIGHT,T006,1,110,R8->R7,L7->L8,124.19742348374221,True,10.311203015046502,10.307941653160455,0.2593192868719608,12.8062484748657,10.85120575000002
session-3-20261005-80000Hz-600mV,80 kHz,PUFF_RIGHT,T006,1,111,R8->R7,R6->R5,169.04733065032406,True,2.645493388032392,-2.1205864856353007,1.5816915701438221,4.472135954999579,10.948140249999994
session-3-20261005-80000Hz-600mV,80 kHz,PUFF_RIGHT,T006,1,112,R8->R7,R5->R4,49.64876634922564,False,6.369297552984819,6.288032454361055,1.0141987829614603,3.162277660168379,11.046073000000007
session-3-20261005-80000Hz-600mV,80 kHz,PUFF_RIGHT,T006,1,113,R8->R7,R4->R3,23.021728866442675,False,17.90962637748571,17.169811320754715,-5.094339622641508,4.12310562561766,11.14415009999999
session-3-20261005-80000Hz-600mV,80 kHz,PUFF_RIGHT,T006,1,114,R8->R7,R3->R2,7.615773105863909,False,0.0,0.0,0.0,0.0,11.241214300000024
session-3-20261005-80000Hz-600mV,80 kHz,PUFF_RIGHT,T006,1,115,R8->R7,R2->R1,39.0,False,9.245003270420487,5.128205128205128,7.6923076923076925,3.6055512754639896,11.3376394
session-3-20261005-80000Hz-600mV,80 kHz,PUFF_RIGHT,T006,1,116,R8->R7,R1->L1,68.47627326307996,True,1.4603598477944115,0.7037747920665387,1.2795905310300704,0.9999999999999999,11.435119250000014
session-3-20261005-80000Hz-600mV,80 kHz,PUFF_RIGHT,T006,1,117,R7->R6,L1->L2,24.020824298928627,False,13.164734152397184,4.679376083188908,-12.305025996533795,3.162277660168378,11.533719599999984
session-3-20261005-80000Hz-600mV,80 kHz,PUFF_RIGHT,T006,1,118,R7->R6,L2->L3,18.35755975068582,False,0.0,0.0,0.0,0.0,11.63228135
session-3-20261005-80000Hz-600mV,80 kHz,PUFF_RIGHT,T006,1,119,R7->R6,L3->L4,23.853720883753127,False,4.192218081503186,3.5149384885764503,2.2847100175746924,1.0,11.731768799999998
session-3-20261005-80000Hz-600mV,80 kHz,PUFF_RIGHT,T006,1,120,R7->R6,L4->L5,41.036569057366385,False,2.436850894142897,1.66270783847981,-1.7814726840855106,1.0000000000000002,11.830283800000018
session-3-20261005-80000Hz-600mV,80 kHz,PUFF_RIGHT,T006,1,121,R7->R6,L5->L6,9.486832980505138,False,10.5409255338946,10.0,-3.3333333333333335,1.0000000000000002,11.929293050000012
session-3-20261005-80000Hz-600mV,80 kHz,PUFF_RIGHT,T006,1,122,R7->R6,L6->L7,49.51767361255979,False,17.372232254587807,17.21044045676998,-2.3654159869494285,8.602325267042627,12.02871140000002
session-3-20261005-80000Hz-600mV,80 kHz,PUFF_RIGHT,T006,1,123,R7->R6,L7->L8,68.0147042925278,True,31.25837544485948,31.25810635538262,0.12970168612191912,21.260291625469296,12.126137349999993
session-3-20261005-80000Hz-600mV,80 kHz,PUFF_RIGHT,T006,1,124,R7->R6,L8->R8,333.7558988242755,True,18.239954779930276,17.804529907624357,-3.9616492957367155,60.876925020897694,12.223703450000016
session-3-20261005-80000Hz-600mV,80 kHz,PUFF_RIGHT,T006,1,125,R7->R6,R5->R4,84.17244204607586,True,6.057825328153829,-5.913902611150319,-1.3126323218066336,5.099019513592786,12.323357950000002
session-3-20261005-80000Hz-600mV,80 kHz,PUFF_RIGHT,T006,1,126,R7->R6,R4->R3,15.811388300841898,False,0.0,0.0,0.0,0.0,12.422750800000017
session-3-20261005-80000Hz-600mV,80 kHz,PUFF_RIGHT,T006,1,127,R7->R6,R3->R2,17.08800749063506,False,5.852057359806527,-5.47945205479452,-2.054794520547945,0.9999999999999997,12.521109850000016
session-3-20261005-80000Hz-600mV,80 kHz,PUFF_RIGHT,T006,1,128,R7->R6,R2->R1,33.60059523282288,False,15.175384478343362,-10.186005314437555,-11.248892825509298,5.099019513592784,12.62016645
session-3-20261005-80000Hz-600mV,80 kHz,PUFF_RIGHT,T006,1,129,R7->R6,R1->L1,70.7248188403477,True,4.471241796047325,-4.318272690923631,1.15953618552579,3.1622776601683795,12.720355299999994
session-3-20261005-80000Hz-600mV,80 kHz,PUFF_RIGHT,T006,1,130,R6->R5,L1->L2,12.206555615733702,False,8.192319205190405,-4.697986577181208,6.7114093959731544,0.9999999999999999,12.819199700000013
session-3-20261005-80000Hz-600mV,80 kHz,PUFF_RIGHT,T006,1,131,R6->R5,L2->L3,23.853720883753127,False,0.0,0.0,0.0,0.0,12.916576300000003
session-3-20261005-80000Hz-600mV,80 kHz,PUFF_RIGHT,T006,1,132,R6->R5,L3->L4,3.0,False,74.53559924999298,33.33333333333333,-66.66666666666666,2.23606797749979,13.01463369999999
session-3-20261005-80000Hz-600mV,80 kHz,PUFF_RIGHT,T006,1,133,R6->R5,L4->L5,17.029386365926403,False,5.872202195147035,-4.482758620689655,3.793103448275862,1.0000000000000002,13.112703699999997
session-3-20261005-80000Hz-600mV,80 kHz,PUFF_RIGHT,T006,1,134,R6->R5,L5->L6,48.093658625644196,False,2.9405406092748727,1.9455252918287937,2.2049286640726327,1.4142135623730951,13.210212300000023
session-3-20261005-80000Hz-600mV,80 kHz,PUFF_RIGHT,T006,1,135,R6->R5,L6->L7,20.518284528683193,False,10.897928500669323,10.451306413301664,3.0878859857482186,2.23606797749979,13.307156899999995
session-3-20261005-80000Hz-600mV,80 kHz,PUFF_RIGHT,T006,1,136,R6->R5,L7->L8,19.1049731745428,False,28.187240871451134,26.301369863013697,10.136986301369863,5.385164807134504,13.404573400000004
session-3-20261005-80000Hz-600mV,80 kHz,PUFF_RIGHT,T006,1,137,R6->R5,L8->R8,68.24221567329126,True,28.901586398864932,28.816834872235347,2.211724286021043,19.723082923316017,13.502149750000001
session-3-20261005-80000Hz-600mV,80 kHz,PUFF_RIGHT,T006,1,138,R6->R5,R8->R7,166.41213898030398,True,1.2018354023060265,-0.6716498754197813,0.9966417506229012,2.0000000000000004,13.599643749999984
session-3-20261005-80000Hz-600mV,80 kHz,PUFF_RIGHT,T006,1,139,R6->R5,R4->R3,338.89526405661087,True,1.2519032093675326,-1.217239878101872,0.2925555071832826,4.242640687119286,13.697595400000012
session-3-20261005-80000Hz-600mV,80 kHz,PUFF_RIGHT,T006,1,140,R6->R5,R3->R2,180.5602392554906,True,2.3497092740977155,-2.3004723636586717,0.4784982516410036,4.2426406871192865,13.794208800000007
session-3-20261005-80000Hz-600mV,80 kHz,PUFF_RIGHT,T006,1,141,R6->R5,R2->R1,125.51493934986384,True,2.8726072722018974,2.0375777580297068,-2.024882569506157,3.6055512754639896,13.891906699999993
session-3-20261005-80000Hz-600mV,80 kHz,PUFF_RIGHT,T006,1,142,R6->R5,R1->L1,96.83491106000977,True,3.265638007565968,-3.124666737762611,0.9491308520848887,3.1622776601683804,13.992387750000006
session-3-20261005-80000Hz-600mV,80 kHz,PUFF_RIGHT,T006,1,143,R5->R4,L1->L2,60.74537019394976,True,0.0,0.0,0.0,0.0,14.091865949999999
session-3-20261005-80000Hz-600mV,80 kHz,PUFF_RIGHT,T006,1,144,R5->R4,L2->L3,13.038404810405298,False,7.669649888473703,-6.470588235294117,4.117647058823529,1.0,14.19075079999999
session-3-20261005-80000Hz-600mV,80 kHz,PUFF_RIGHT,T006,1,145,R5->R4,L3->L4,56.63920903402518,True,2.496880847194612,-2.4937655860349124,0.12468827930174563,1.414213562373095,14.290184099999976
session-3-20261005-80000Hz-600mV,80 kHz,PUFF_RIGHT,T006,1,146,R5->R4,L4->L5,65.06919393998976,True,4.346799081843114,-4.345772319319793,-0.0944733112895606,2.8284271247461903,14.387697550000013
session-3-20261005-80000Hz-600mV,80 kHz,PUFF_RIGHT,T006,1,147,R5->R4,L5->L6,16.492422502470642,False,13.55815361366601,-10.294117647058822,-8.823529411764705,2.23606797749979,14.48375255000002
session-3-20261005-80000Hz-600mV,80 kHz,PUFF_RIGHT,T006,1,148,R5->R4,L6->L7,24.041630560342618,False,4.159451654038515,-2.941176470588235,-2.941176470588235,1.0000000000000002,14.580363550000015
session-3-20261005-80000Hz-600mV,80 kHz,PUFF_RIGHT,T006,1,149,R5->R4,L7->L8,23.259406699226012,False,12.898007411770433,-11.645101663585953,5.5452865064695,2.9999999999999996,14.678838049999996
session-3-20261005-80000Hz-600mV,80 kHz,PUFF_RIGHT,T006,1,150,R5->R4,L8->R8,43.84062043356595,False,7.2131225080638375,-6.451612903225806,3.225806451612903,3.16227766016838,14.778855899999996
session-3-20261005-80000Hz-600mV,80 kHz,PUFF_RIGHT,T006,1,151,R5->R4,R8->R7,56.568542494923804,True,10.307764064044152,10.0,2.5,5.830951894845301,14.879355400000009
session-3-20261005-80000Hz-600mV,80 kHz,PUFF_RIGHT,T006,1,152,R5->R4,R7->R6,82.32860985101108,True,5.008107914222269,-2.935969312481558,-4.0572440247860735,4.123105625617661,14.977699900000005
session-3-20261005-80000Hz-600mV,80 kHz,PUFF_RIGHT,T006,1,153,R5->R4,R3->R2,253.03161857759991,True,1.9760376304381095,-1.975790706755174,-0.031237797735259695,5.000000000000001,15.075124500000015
session-3-20261005-80000Hz-600mV,80 kHz,PUFF_RIGHT,T006,1,154,R5->R4,R2->R1,63.32456079595025,True,10.111596759534637,-8.204488778054863,-5.910224438902743,6.403124237432847,15.174198649999994
session-3-20261005-80000Hz-600mV,80 kHz,PUFF_RIGHT,T006,1,155,R5->R4,R1->L1,35.05709628591621,False,10.284797252054439,-8.21806346623271,-6.183889340927583,3.605551275463989,15.272807900000004
session-3-20261005-80000Hz-600mV,80 kHz,PUFF_RIGHT,T006,1,156,R4->R3,L1->L2,36.400549446402586,False,0.0,0.0,0.0,0.0,15.37130024999999
session-3-20261005-80000Hz-600mV,80 kHz,PUFF_RIGHT,T006,1,157,R4->R3,L2->L3,11.40175425099138,False,0.0,0.0,0.0,0.0,15.470237249999997
session-3-20261005-80000Hz-600mV,80 kHz,PUFF_RIGHT,T006,1,158,R4->R3,L3->L4,41.23105625617661,False,3.4299717028501755,-3.4117647058823524,-0.3529411764705882,1.4142135623730947,15.569805599999995
session-3-20261005-80000Hz-600mV,80 kHz,PUFF_RIGHT,T006,1,159,R4->R3,L4->L5,23.086792761230395,False,6.125638918316887,-4.690431519699811,3.9399624765478425,1.414213562373095,15.668714850000015
session-3-20261005-80000Hz-600mV,80 kHz,PUFF_RIGHT,T006,1,160,R4->R3,L5->L6,3.6055512754639896,False,39.2232270276368,7.692307692307694,-38.46153846153846,1.4142135623730951,15.767167050000012
session-3-20261005-80000Hz-600mV,80 kHz,PUFF_RIGHT,T006,1,161,R4->R3,L6->L7,6.0827625302982185,False,23.249527748763853,-18.918918918918916,13.513513513513512,1.4142135623730947,15.865762799999999
session-3-20261005-80000Hz-600mV,80 kHz,PUFF_RIGHT,T006,1,162,R4->R3,L7->L8,12.0,False,18.633899812498246,-8.333333333333332,-16.666666666666664,2.23606797749979,15.96327869999999
session-3-20261005-80000Hz-600mV,80 kHz,PUFF_RIGHT,T006,1,163,R4->R3,L8->R8,19.313207915827967,False,11.57792111618723,-7.774798927613942,-8.579088471849866,2.23606797749979,16.06381195
session-3-20261005-80000Hz-600mV,80 kHz,PUFF_RIGHT,T006,1,164,R4->R3,R8->R7,18.027756377319946,False,20.0,19.384615384615387,-4.923076923076923,3.605551275463989,16.164321849999993
session-3-20261005-80000Hz-600mV,80 kHz,PUFF_RIGHT,T006,1,165,R4->R3,R7->R6,19.6468827043885,False,10.17973197118575,-2.5906735751295336,9.844559585492227,1.9999999999999998,16.2627679
session-3-20261005-80000Hz-600mV,80 kHz,PUFF_RIGHT,T006,1,166,R4->R3,R6->R5,326.65884344373717,True,0.8658657744967345,-0.8546848349671059,0.13869885479729352,2.8284271247461903,16.360766549999994
session-3-20261005-80000Hz-600mV,80 kHz,PUFF_RIGHT,T006,1,167,R4->R3,R2->R1,485.26796720987056,True,0.41214342077828364,0.21912223708516468,-0.34906681954264607,2.0000000000000004,16.459213599999998
session-3-20261005-80000Hz-600mV,80 kHz,PUFF_RIGHT,T006,1,168,R4->R3,R1->L1,110.11357772772621,True,3.2743929948214943,-3.2577319587628857,0.32989690721649473,3.6055512754639882,16.557638199999985
session-3-20261005-80000Hz-600mV,80 kHz,PUFF_RIGHT,T006,1,169,R3->R2,L1->L2,27.658633371878665,False,0.0,0.0,0.0,0.0,16.654635050000024
session-3-20261005-80000Hz-600mV,80 kHz,PUFF_RIGHT,T006,1,170,R3->R2,L2->L3,22.47220505424423,False,4.4499415948998475,-2.376237623762376,-3.762376237623762,0.9999999999999999,16.752703050000008
session-3-20261005-80000Hz-600mV,80 kHz,PUFF_RIGHT,T006,1,171,R3->R2,L3->L4,18.110770276274835,False,5.521576303742328,5.487804878048781,0.6097560975609756,1.0,16.85121005000002
session-3-20261005-80000Hz-600mV,80 kHz,PUFF_RIGHT,T006,1,172,R3->R2,L4->L5,8.246211251235321,False,0.0,0.0,0.0,0.0,16.94924500000002
session-3-20261005-80000Hz-600mV,80 kHz,PUFF_RIGHT,T006,1,173,R3->R2,L5->L6,12.041594578792294,False,0.0,0.0,0.0,0.0,17.04731049999998
session-3-20261005-80000Hz-600mV,80 kHz,PUFF_RIGHT,T006,1,174,R3->R2,L6->L7,11.40175425099138,False,0.0,0.0,0.0,0.0,17.146822299999997
session-3-20261005-80000Hz-600mV,80 kHz,PUFF_RIGHT,T006,1,175,R3->R2,L7->L8,11.045361017187261,False,20.244408254472894,-18.85245901639344,7.377049180327868,2.2360679774997894,17.246255050000002
session-3-20261005-80000Hz-600mV,80 kHz,PUFF_RIGHT,T006,1,176,R3->R2,L8->R8,13.416407864998739,False,16.666666666666664,-16.666666666666664,0.0,2.23606797749979,17.344217200000003
session-3-20261005-80000Hz-600mV,80 kHz,PUFF_RIGHT,T006,1,177,R3->R2,R8->R7,17.88854381999832,False,5.5901699437494745,2.5,5.0,1.0000000000000002,17.441791550000005
session-3-20261005-80000Hz-600mV,80 kHz,PUFF_RIGHT,T006,1,178,R3->R2,R7->R6,20.591260281974,False,17.510104899311873,8.018867924528301,-15.566037735849056,3.6055512754639896,17.5387092
session-3-20261005-80000Hz-600mV,80 kHz,PUFF_RIGHT,T006,1,179,R3->R2,R6->R5,202.41047403728888,True,1.3973719187205331,-1.3961435196485235,0.05857944837686112,2.82842712474619,17.63567470000001
session-3-20261005-80000Hz-600mV,80 kHz,PUFF_RIGHT,T006,1,180,R3->R2,R5->R4,276.9440376682625,True,1.5319487369507243,-1.5254635062191975,0.14081201595869514,4.242640687119286,17.732762500000007
session-3-20261005-80000Hz-600mV,80 kHz,PUFF_RIGHT,T006,1,181,R3->R2,R1->L1,68.09552114493287,True,4.64388495307623,-4.550355833513048,0.9273237006685358,3.1622776601683804,17.82919444999999
session-3-20261005-80000Hz-600mV,80 kHz,PUFF_RIGHT,T006,1,182,R2->R1,L1->L2,348.644518098306,True,1.6724633809389684,1.578735201928377,0.5520225745148207,5.830951894845302,17.93317780000001
session-3-20261005-80000Hz-600mV,80 kHz,PUFF_RIGHT,T006,1,183,R2->R1,L2->L3,26.076809620810597,False,3.8348249442368525,-0.2941176470588236,3.823529411764706,1.0000000000000002,18.037647100000015
session-3-20261005-80000Hz-600mV,80 kHz,PUFF_RIGHT,T006,1,184,R2->R1,L3->L4,20.518284528683193,False,4.873701788285794,3.5629453681710213,-3.32541567695962,1.0000000000000002,18.13527345
session-3-20261005-80000Hz-600mV,80 kHz,PUFF_RIGHT,T006,1,185,R2->R1,L4->L5,19.723082923316017,False,5.070201265633938,4.370179948586118,2.570694087403599,0.9999999999999999,18.23227270000001
session-3-20261005-80000Hz-600mV,80 kHz,PUFF_RIGHT,T006,1,186,R2->R1,L5->L6,24.186773244895647,False,4.134491152973615,-0.5128205128205128,4.102564102564102,0.9999999999999999,18.330764450000004
session-3-20261005-80000Hz-600mV,80 kHz,PUFF_RIGHT,T006,1,187,R2->R1,L6->L7,8.06225774829855,False,0.0,0.0,0.0,0.0,18.430296749999997
session-3-20261005-80000Hz-600mV,80 kHz,PUFF_RIGHT,T006,1,188,R2->R1,L7->L8,16.401219466856727,False,25.139018680589903,-23.048327137546465,-10.037174721189592,4.123105625617661,18.528208250000006
session-3-20261005-80000Hz-600mV,80 kHz,PUFF_RIGHT,T006,1,189,R2->R1,L8->R8,14.0,False,21.428571428571427,-21.428571428571427,0.0,3.0,18.625134650000007
session-3-20261005-80000Hz-600mV,80 kHz,PUFF_RIGHT,T006,1,190,R2->R1,R8->R7,24.73863375370596,False,9.03876907577734,-8.823529411764705,-1.9607843137254901,2.23606797749979,18.722623950000013
session-3-20261005-80000Hz-600mV,80 kHz,PUFF_RIGHT,T006,1,191,R2->R1,R7->R6,36.1386219991853,False,16.60273598737456,16.079632465543643,-4.134762633996936,5.999999999999997,18.820102100000014
session-3-20261005-80000Hz-600mV,80 kHz,PUFF_RIGHT,T006,1,192,R2->R1,R6->R5,138.85243966167826,True,1.6103915660020771,1.4937759336099583,0.6016597510373445,2.23606797749979,18.9175951
session-3-20261005-80000Hz-600mV,80 kHz,PUFF_RIGHT,T006,1,193,R2->R1,R5->R4,8.06225774829855,False,52.62348115842176,-32.30769230769231,41.53846153846154,4.242640687119286,19.01567159999999
session-3-20261005-80000Hz-600mV,80 kHz,PUFF_RIGHT,T006,1,194,R2->R1,R4->R3,460.8047308784926,True,0.6510349827096404,0.41678243956654626,0.5001389274798554,2.9999999999999996,19.11320035
session-3-20261005-80000Hz-600mV,80 kHz,PUFF_RIGHT,T006,1,195,R1->L1,L2->L3,23.259406699226012,False,0.0,0.0,0.0,0.0,19.21168825000001
session-3-20261005-80000Hz-600mV,80 kHz,PUFF_RIGHT,T006,1,196,R1->L1,L3->L4,30.528675044947498,False,0.0,0.0,0.0,0.0,19.309121000000005
session-3-20261005-80000Hz-600mV,80 kHz,PUFF_RIGHT,T006,1,197,R1->L1,L4->L5,30.59411708155671,False,0.0,0.0,0.0,0.0,19.406619550000016
session-3-20261005-80000Hz-600mV,80 kHz,PUFF_RIGHT,T006,1,198,R1->L1,L5->L6,9.219544457292887,False,0.0,0.0,0.0,0.0,19.506159200000013
session-3-20261005-80000Hz-600mV,80 kHz,PUFF_RIGHT,T006,1,199,R1->L1,L6->L7,12.206555615733702,False,11.585688927269846,-11.409395973154362,-2.0134228187919465,1.414213562373095,19.605158450000005
session-3-20261005-80000Hz-600mV,80 kHz,PUFF_RIGHT,T006,1,200,R1->L1,L7->L8,11.180339887498949,False,12.64911064067352,-7.200000000000001,10.4,1.4142135623730954,19.70419444999999
session-3-20261005-80000Hz-600mV,80 kHz,PUFF_RIGHT,T006,1,201,R1->L1,L8->R8,19.4164878389476,False,16.286558549611406,-15.649867374005305,4.509283819628647,3.1622776601683795,19.80369350000001
session-3-20261005-80000Hz-600mV,80 kHz,PUFF_RIGHT,T006,1,202,R1->L1,R8->R7,14.317821063276352,False,9.877295966495899,9.26829268292683,3.414634146341463,1.4142135623730951,19.902197699999988
session-3-20261005-80000Hz-600mV,80 kHz,PUFF_RIGHT,T006,1,203,R1->L1,R7->R6,5.385164807134504,False,58.72202195147036,58.62068965517242,3.448275862068967,3.16227766016838,20.0002796
session-3-20261005-80000Hz-600mV,80 kHz,PUFF_RIGHT,T006,1,204,R1->L1,R6->R5,31.906112267087636,False,3.1341957040361135,2.6522593320235757,-1.6699410609037328,1.0,20.098779499999978
session-3-20261005-80000Hz-600mV,80 kHz,PUFF_RIGHT,T006,1,205,R1->L1,R5->R4,47.42362280551751,False,2.9820867295877664,2.9791018230324586,0.13339261894175194,1.4142135623730954,20.196716900000013
session-3-20261005-80000Hz-600mV,80 kHz,PUFF_RIGHT,T006,1,206,R1->L1,R4->R3,50.159744815937806,True,2.8194193721730048,2.6232114467408585,1.0333863275039747,1.414213562373095,20.295144100000016
session-3-20261005-80000Hz-600mV,80 kHz,PUFF_RIGHT,T006,1,207,R1->L1,R3->R2,7.0,False,14.285714285714285,0.0,-14.285714285714285,1.0,20.393202300000013
session-3-20261005-80000Hz-600mV,80 kHz,PUFF_BOTH,T007,1,0,L1->L2,L3->L4,299.2607558635111,True,2.8354140019978415,2.7803521779425395,-0.5560704355885079,8.485281374238571,0.04885699999999815
session-3-20261005-80000Hz-600mV,80 kHz,PUFF_BOTH,T007,1,1,L1->L2,L4->L5,93.38094023943,True,1.0708823421952982,0.7798165137614679,0.7339449541284403,0.9999999999999998,0.14783815000001255
session-3-20261005-80000Hz-600mV,80 kHz,PUFF_BOTH,T007,1,2,L1->L2,L5->L6,83.40863264674707,True,2.6808591707407596,2.630444156964209,0.517464424320828,2.23606797749979,0.24631519999999796
session-3-20261005-80000Hz-600mV,80 kHz,PUFF_BOTH,T007,1,3,L1->L2,L6->L7,45.79301256742124,False,4.36747854720279,3.719599427753934,2.28898426323319,2.0,0.344889749999993
session-3-20261005-80000Hz-600mV,80 kHz,PUFF_BOTH,T007,1,4,L1->L2,L7->L8,19.313207915827967,False,11.57792111618723,-8.579088471849866,-7.774798927613942,2.23606797749979,0.44340965000000665
session-3-20261005-80000Hz-600mV,80 kHz,PUFF_BOTH,T007,1,5,L1->L2,L8->R8,7.0710678118654755,False,42.426406871192846,-41.99999999999999,-5.999999999999999,2.9999999999999996,0.541899299999983
session-3-20261005-80000Hz-600mV,80 kHz,PUFF_BOTH,T007,1,6,L1->L2,R8->R7,4.242640687119286,False,84.98365855987974,16.666666666666664,83.33333333333333,3.60555127546399,0.6413921499999731
session-3-20261005-80000Hz-600mV,80 kHz,PUFF_BOTH,T007,1,7,L1->L2,R7->R6,22.561028345356952,False,8.864844143558724,8.644400785854616,1.9646365422396856,1.9999999999999996,0.7408106000000032
session-3-20261005-80000Hz-600mV,80 kHz,PUFF_BOTH,T007,1,8,L1->L2,R6->R5,10.44030650891055,False,9.578262852211514,-2.7522935779816513,-9.174311926605503,1.0,0.8404059000000075
session-3-20261005-80000Hz-600mV,80 kHz,PUFF_BOTH,T007,1,9,L1->L2,R5->R4,60.4648658313239,True,1.6538530041390564,0.9299781181619257,-1.3676148796498906,1.0000000000000002,0.9400250500000027
session-3-20261005-80000Hz-600mV,80 kHz,PUFF_BOTH,T007,1,10,L1->L2,R4->R3,45.80392996239515,False,0.0,0.0,0.0,0.0,1.039994699999994
session-3-20261005-80000Hz-600mV,80 kHz,PUFF_BOTH,T007,1,11,L1->L2,R3->R2,25.612496949731394,False,0.0,0.0,0.0,0.0,1.1419812000000036
session-3-20261005-80000Hz-600mV,80 kHz,PUFF_BOTH,T007,1,12,L1->L2,R2->R1,373.2077169620157,True,0.9660977283143788,0.9089342638063238,-0.32738864478332047,3.60555127546399,1.2439760000000035
session-3-20261005-80000Hz-600mV,80 kHz,PUFF_BOTH,T007,1,13,L2->L3,L4->L5,247.95160818191923,True,1.7110760919148826,-1.6785946649316854,0.33181522446324,4.242640687119286,1.3439982999999813
session-3-20261005-80000Hz-600mV,80 kHz,PUFF_BOTH,T007,1,14,L2->L3,L5->L6,161.82088863926066,True,1.7478751652708222,-1.7261131902543345,0.27495608340334526,2.8284271247461903,1.4445481999999856
session-3-20261005-80000Hz-600mV,80 kHz,PUFF_BOTH,T007,1,15,L2->L3,L6->L7,40.8166632639171,False,3.464794643376185,-3.361344537815126,0.8403361344537815,1.414213562373095,1.5445370500000024
session-3-20261005-80000Hz-600mV,80 kHz,PUFF_BOTH,T007,1,16,L2->L3,L7->L8,18.867962264113206,False,0.0,0.0,0.0,0.0,1.6445243000000005
session-3-20261005-80000Hz-600mV,80 kHz,PUFF_BOTH,T007,1,17,L2->L3,L8->R8,15.620499351813308,False,28.62991671569341,-27.868852459016395,6.55737704918033,4.472135954999579,1.7450153000000057
session-3-20261005-80000Hz-600mV,80 kHz,PUFF_BOTH,T007,1,18,L2->L3,R8->R7,9.848857801796104,False,14.35916317235476,13.402061855670103,5.154639175257731,1.4142135623730947,1.8439050499999894
session-3-20261005-80000Hz-600mV,80 kHz,PUFF_BOTH,T007,1,19,L2->L3,R7->R6,7.280109889280519,False,27.472112789737807,26.41509433962264,7.547169811320755,2.0000000000000004,1.9418316000000004
session-3-20261005-80000Hz-600mV,80 kHz,PUFF_BOTH,T007,1,20,L2->L3,R6->R5,18.027756377319946,False,0.0,0.0,0.0,0.0,2.0400517000000207
session-3-20261005-80000Hz-600mV,80 kHz,PUFF_BOTH,T007,1,21,L2->L3,R5->R4,5.385164807134504,False,18.569533817705185,17.24137931034483,-6.896551724137932,0.9999999999999999,2.1390476499999806
session-3-20261005-80000Hz-600mV,80 kHz,PUFF_BOTH,T007,1,22,L2->L3,R4->R3,16.278820596099706,False,0.0,0.0,0.0,0.0,2.2378419499999893
session-3-20261005-80000Hz-600mV,80 kHz,PUFF_BOTH,T007,1,23,L2->L3,R3->R2,7.211102550927979,False,13.867504905630728,-7.6923076923076925,-11.538461538461538,1.0000000000000002,2.336445249999997
session-3-20261005-80000Hz-600mV,80 kHz,PUFF_BOTH,T007,1,24,L2->L3,R2->R1,51.61395160225576,True,4.332293707583636,-4.2792792792792795,0.6756756756756757,2.23606797749979,2.4340075500000182
session-3-20261005-80000Hz-600mV,80 kHz,PUFF_BOTH,T007,1,25,L2->L3,R1->L1,33.24154027718932,False,6.726727939963125,-5.610859728506788,-3.7104072398190047,2.23606797749979,2.531456850000012
session-3-20261005-80000Hz-600mV,80 kHz,PUFF_BOTH,T007,1,26,L3->L4,L1->L2,327.9466420014085,True,1.5246382672149834,1.5193074784516825,0.12738379715292567,5.0,2.629887449999984
session-3-20261005-80000Hz-600mV,80 kHz,PUFF_BOTH,T007,1,27,L3->L4,L5->L6,252.1606630701942,True,0.3965725612490276,0.2264685067232838,-0.32554847841472045,1.0,2.7333627499999977
session-3-20261005-80000Hz-600mV,80 kHz,PUFF_BOTH,T007,1,28,L3->L4,L6->L7,26.92582403567252,False,8.304547985373997,0.6896551724137935,-8.275862068965518,2.23606797749979,2.8379891499999985
session-3-20261005-80000Hz-600mV,80 kHz,PUFF_BOTH,T007,1,29,L3->L4,L7->L8,23.08679276123039,False,8.662961636484198,8.25515947467167,2.626641651031895,1.9999999999999998,2.9364060999999992
session-3-20261005-80000Hz-600mV,80 kHz,PUFF_BOTH,T007,1,30,L3->L4,L8->R8,21.931712199461305,False,14.418745018211808,-10.602910602910601,-9.77130977130977,3.1622776601683786,3.0344619999999907
session-3-20261005-80000Hz-600mV,80 kHz,PUFF_BOTH,T007,1,31,L3->L4,R8->R7,9.0,False,31.426968052735443,-22.22222222222222,22.22222222222222,2.82842712474619,3.131932149999983
session-3-20261005-80000Hz-600mV,80 kHz,PUFF_BOTH,T007,1,32,L3->L4,R7->R6,23.769728648009423,False,9.407208683835972,1.9469026548672566,9.203539823008848,2.236067977499789,3.2293684999999925
session-3-20261005-80000Hz-600mV,80 kHz,PUFF_BOTH,T007,1,33,L3->L4,R6->R5,13.601470508735444,False,10.397504898200726,1.6216216216216213,-10.27027027027027,1.4142135623730951,3.327886449999994
session-3-20261005-80000Hz-600mV,80 kHz,PUFF_BOTH,T007,1,34,L3->L4,R5->R4,57.384666941614284,True,2.464445012483873,-2.4597631339204376,0.15183723048891587,1.4142135623730951,3.4264346999999873
session-3-20261005-80000Hz-600mV,80 kHz,PUFF_BOTH,T007,1,35,L3->L4,R4->R3,58.18075283115543,True,2.4307240686232454,-2.333825701624815,-0.6794682422451993,1.4142135623730954,3.525519199999991
session-3-20261005-80000Hz-600mV,80 kHz,PUFF_BOTH,T007,1,36,L3->L4,R3->R2,18.027756377319946,False,0.0,0.0,0.0,0.0,3.625517500000001
session-3-20261005-80000Hz-600mV,80 kHz,PUFF_BOTH,T007,1,37,L3->L4,R2->R1,39.45883931389771,False,5.666836674317049,-4.624277456647399,-3.2755298651252414,2.23606797749979,3.7249577499999873
session-3-20261005-80000Hz-600mV,80 kHz,PUFF_BOTH,T007,1,38,L3->L4,R1->L1,123.84667940643381,True,2.553381063847966,-2.399269787455992,0.8736471508671274,3.162277660168379,3.8234684499999787
session-3-20261005-80000Hz-600mV,80 kHz,PUFF_BOTH,T007,1,39,L4->L5,L1->L2,76.05918747922568,True,1.8593592822160565,1.849611063094209,0.19014693171996538,1.4142135623730954,3.9215084000000218
session-3-20261005-80000Hz-600mV,80 kHz,PUFF_BOTH,T007,1,40,L4->L5,L2->L3,240.6262662304346,True,0.9292701135787187,-0.9257180359579283,-0.08117303673511683,2.23606797749979,4.019441450000016
session-3-20261005-80000Hz-600mV,80 kHz,PUFF_BOTH,T007,1,41,L4->L5,L6->L7,175.41949720598336,True,0.5700620603340159,0.5004549590536852,0.272975432211101,1.0,4.117835849999977
session-3-20261005-80000Hz-600mV,80 kHz,PUFF_BOTH,T007,1,42,L4->L5,L7->L8,66.60330322138684,True,3.002854067691021,2.254283137962128,1.9837691614066728,1.9999999999999996,4.217335350000013
session-3-20261005-80000Hz-600mV,80 kHz,PUFF_BOTH,T007,1,43,L4->L5,L8->R8,47.634021455258214,False,13.442333949165283,-13.133539003966508,2.864698104892023,6.403124237432849,4.316903600000018
session-3-20261005-80000Hz-600mV,80 kHz,PUFF_BOTH,T007,1,44,L4->L5,R8->R7,22.022715545545243,False,9.081532183729998,-5.77319587628866,-7.010309278350515,2.0000000000000004,4.415993850000007
session-3-20261005-80000Hz-600mV,80 kHz,PUFF_BOTH,T007,1,45,L4->L5,R7->R6,19.209372712298546,False,20.823168251814142,16.260162601626014,-13.008130081300814,4.0,4.515966099999986
session-3-20261005-80000Hz-600mV,80 kHz,PUFF_BOTH,T007,1,46,L4->L5,R6->R5,5.0,False,0.0,0.0,0.0,0.0,4.616892649999983
session-3-20261005-80000Hz-600mV,80 kHz,PUFF_BOTH,T007,1,47,L4->L5,R5->R4,39.623225512317894,False,5.643326479831004,-5.414012738853504,-1.5923566878980893,2.23606797749979,4.717878299999995
session-3-20261005-80000Hz-600mV,80 kHz,PUFF_BOTH,T007,1,48,L4->L5,R4->R3,35.014282800023196,False,2.8559773898876992,-2.854812398042414,0.08156606851549754,1.0,4.81734904999999
session-3-20261005-80000Hz-600mV,80 kHz,PUFF_BOTH,T007,1,49,L4->L5,R3->R2,18.973665961010276,False,5.2704627669473,-5.0,1.6666666666666667,1.0000000000000002,4.915872949999994
session-3-20261005-80000Hz-600mV,80 kHz,PUFF_BOTH,T007,1,50,L4->L5,R2->R1,115.12167476196652,True,2.6059384613740253,-2.19572926884479,1.403455821323474,2.9999999999999996,5.014355549999976
session-3-20261005-80000Hz-600mV,80 kHz,PUFF_BOTH,T007,1,51,L4->L5,R1->L1,45.48626166217663,False,6.952159937113321,-4.30159497341711,-5.461575640405994,3.1622776601683795,5.1132940500000075
session-3-20261005-80000Hz-600mV,80 kHz,PUFF_BOTH,T007,1,52,L5->L6,L1->L2,88.72992730753249,True,2.5200831842786426,2.4514162326940174,0.5842753715229265,2.23606797749979,5.212671799999981
session-3-20261005-80000Hz-600mV,80 kHz,PUFF_BOTH,T007,1,53,L5->L6,L2->L3,176.0113632695344,True,1.2704111461687817,-1.252420916720465,-0.21304067140090385,2.23606797749979,5.31266715000001
session-3-20261005-80000Hz-600mV,80 kHz,PUFF_BOTH,T007,1,54,L5->L6,L3->L4,272.3692346796899,True,0.0,0.0,0.0,0.0,5.411308600000012
session-3-20261005-80000Hz-600mV,80 kHz,PUFF_BOTH,T007,1,55,L5->L6,L7->L8,178.63090438107287,True,7.61428743579524,-7.602870663449182,0.4168103043028616,13.60147050873544,5.508846900000009
session-3-20261005-80000Hz-600mV,80 kHz,PUFF_BOTH,T007,1,56,L5->L6,L8->R8,52.69724850502159,True,16.213377335067815,15.80842635938063,3.6010082823190492,8.544003745317534,5.606868400000025
session-3-20261005-80000Hz-600mV,80 kHz,PUFF_BOTH,T007,1,57,L5->L6,R8->R7,17.029386365926403,False,33.21819194149598,33.10344827586207,2.7586206896551726,5.65685424949238,5.704941400000024
session-3-20261005-80000Hz-600mV,80 kHz,PUFF_BOTH,T007,1,58,L5->L6,R7->R6,3.0,False,137.43685418725536,133.33333333333331,33.33333333333333,4.123105625617661,5.814483949999982
session-3-20261005-80000Hz-600mV,80 kHz,PUFF_BOTH,T007,1,59,L5->L6,R6->R5,45.09988913511873,False,3.1357362279453245,2.359882005899705,2.0648967551622417,1.4142135623730954,5.922886149999982
session-3-20261005-80000Hz-600mV,80 kHz,PUFF_BOTH,T007,1,60,L5->L6,R5->R4,6.4031242374328485,False,0.0,0.0,0.0,0.0,6.019303150000013
session-3-20261005-80000Hz-600mV,80 kHz,PUFF_BOTH,T007,1,61,L5->L6,R4->R3,5.8309518948453,False,0.0,0.0,0.0,0.0,6.1154014000000245
session-3-20261005-80000Hz-600mV,80 kHz,PUFF_BOTH,T007,1,62,L5->L6,R3->R2,2.8284271247461903,False,35.35533905932738,-25.0,-25.0,1.0000000000000002,6.2119438
session-3-20261005-80000Hz-600mV,80 kHz,PUFF_BOTH,T007,1,63,L5->L6,R2->R1,40.2616442783948,False,3.5125578890775473,-3.0228254164096238,-1.7890191239975324,1.4142135623730954,6.3098515499999905
session-3-20261005-80000Hz-600mV,80 kHz,PUFF_BOTH,T007,1,64,L5->L6,R1->L1,69.8927750200262,True,1.4307630505634845,-1.1873080859774823,0.7983623336745139,1.0,6.408289249999996
session-3-20261005-80000Hz-600mV,80 kHz,PUFF_BOTH,T007,1,65,L6->L7,L1->L2,39.824615503479755,False,5.022019609518255,3.1525851197982346,-3.9092055485498114,2.0000000000000004,6.509824899999984
session-3-20261005-80000Hz-600mV,80 kHz,PUFF_BOTH,T007,1,66,L6->L7,L2->L3,44.687805943008655,False,2.2377469175267226,-1.7025538307461192,-1.4521782674011017,0.9999999999999999,6.61087169999999
session-3-20261005-80000Hz-600mV,80 kHz,PUFF_BOTH,T007,1,67,L6->L7,L3->L4,40.22437072223754,False,2.4860550508181416,1.4215080346106304,-2.0395550061804695,1.0,6.709927599999986
session-3-20261005-80000Hz-600mV,80 kHz,PUFF_BOTH,T007,1,68,L6->L7,L4->L5,200.9975124224178,True,1.1124853987249619,-0.5940594059405941,-0.9405940594059405,2.2360679774997894,6.810996949999975
session-3-20261005-80000Hz-600mV,80 kHz,PUFF_BOTH,T007,1,69,L6->L7,L8->R8,295.8530040408581,True,16.25944412468412,15.920437797758458,-3.302905322807298,48.10405388322277,6.912038249999995
session-3-20261005-80000Hz-600mV,80 kHz,PUFF_BOTH,T007,1,70,L6->L7,R8->R7,50.566787519082126,True,34.987008036209275,33.24208056315995,-10.911224090731327,17.69180601295413,7.011042300000014
session-3-20261005-80000Hz-600mV,80 kHz,PUFF_BOTH,T007,1,71,L6->L7,R7->R6,36.796738985948195,False,59.84963926818404,59.74889217134416,-3.471196454948302,22.022715545545235,7.11003869999999
session-3-20261005-80000Hz-600mV,80 kHz,PUFF_BOTH,T007,1,72,L6->L7,R6->R5,17.204650534085253,False,29.061909685954824,29.054054054054056,-0.6756756756756754,5.000000000000001,7.208547949999996
session-3-20261005-80000Hz-600mV,80 kHz,PUFF_BOTH,T007,1,73,L6->L7,R5->R4,11.704699910719626,False,12.082441866603538,10.948905109489052,-5.109489051094891,1.414213562373095,7.307069899999988
session-3-20261005-80000Hz-600mV,80 kHz,PUFF_BOTH,T007,1,74,L6->L7,R4->R3,15.652475842498529,False,0.0,0.0,0.0,0.0,7.407580700000011
session-3-20261005-80000Hz-600mV,80 kHz,PUFF_BOTH,T007,1,75,L6->L7,R3->R2,1.4142135623730951,False,0.0,0.0,0.0,0.0,7.509061899999978
session-3-20261005-80000Hz-600mV,80 kHz,PUFF_BOTH,T007,1,76,L6->L7,R2->R1,59.464274989274024,True,2.3782574707724704,2.1493212669683257,1.0180995475113122,1.414213562373095,7.610089649999992
session-3-20261005-80000Hz-600mV,80 kHz,PUFF_BOTH,T007,1,77,L6->L7,R1->L1,66.30987860040162,True,1.508070925640246,0.5913122583579713,1.3873095292244713,1.0000000000000002,7.710052750000017
session-3-20261005-80000Hz-600mV,80 kHz,PUFF_BOTH,T007,1,78,L7->L8,L1->L2,17.720045146669353,False,15.961737689352445,-14.012738853503187,-7.643312101910828,2.8284271247461907,7.8094629
session-3-20261005-80000Hz-600mV,80 kHz,PUFF_BOTH,T007,1,79,L7->L8,L2->L3,26.400757564888174,False,3.7877700953928515,2.2955523672883786,3.012912482065997,1.0000000000000002,7.909946350000013
session-3-20261005-80000Hz-600mV,80 kHz,PUFF_BOTH,T007,1,80,L7->L8,L3->L4,30.0,False,7.4535599249993005,7.333333333333333,1.3333333333333335,2.2360679774997902,8.011019349999998
session-3-20261005-80000Hz-600mV,80 kHz,PUFF_BOTH,T007,1,81,L7->L8,L4->L5,88.72992730753249,True,1.1270154618002346,0.8637114187730216,0.723993395147974,0.9999999999999998,8.109389800000002
session-3-20261005-80000Hz-600mV,80 kHz,PUFF_BOTH,T007,1,82,L7->L8,L5->L6,187.27786842016332,True,7.183776791441322,-7.133692584039005,0.8468052347959967,13.45362404707371,8.207398799999993
session-3-20261005-80000Hz-600mV,80 kHz,PUFF_BOTH,T007,1,83,L7->L8,R8->R7,122.31925441237779,True,15.704291858694248,15.65967116695629,-1.1829969255447128,19.20937271229855,8.306459450000006
session-3-20261005-80000Hz-600mV,80 kHz,PUFF_BOTH,T007,1,84,L7->L8,R7->R6,60.74537019394976,True,43.211210028032326,42.84552845528455,-5.609756097560975,26.24880949681338,8.405386100000015
session-3-20261005-80000Hz-600mV,80 kHz,PUFF_BOTH,T007,1,85,L7->L8,R6->R5,21.18962010041709,False,35.941055430786136,35.85746102449889,-2.44988864142539,7.615773105863909,8.504942199999988
session-3-20261005-80000Hz-600mV,80 kHz,PUFF_BOTH,T007,1,86,L7->L8,R5->R4,13.416407864998739,False,7.4535599249993,6.666666666666667,3.3333333333333335,1.0,8.604976499999992
session-3-20261005-80000Hz-600mV,80 kHz,PUFF_BOTH,T007,1,87,L7->L8,R4->R3,13.92838827718412,False,7.179581586177382,2.577319587628866,6.701030927835052,1.0,8.704342249999996
session-3-20261005-80000Hz-600mV,80 kHz,PUFF_BOTH,T007,1,88,L7->L8,R3->R2,1.0,False,100.0,0.0,-100.0,1.0,8.803852799999987
session-3-20261005-80000Hz-600mV,80 kHz,PUFF_BOTH,T007,1,89,L7->L8,R2->R1,55.362442142665635,True,7.663391503189579,-6.949429037520391,-3.230016313213704,4.242640687119285,8.902880449999998
session-3-20261005-80000Hz-600mV,80 kHz,PUFF_BOTH,T007,1,90,L7->L8,R1->L1,67.60177512462228,True,3.307706008278112,0.15317286652078763,3.304157549234135,2.2360679774997894,9.000884000000013
session-3-20261005-80000Hz-600mV,80 kHz,PUFF_BOTH,T007,1,91,L8->R8,L1->L2,12.727922061357857,False,0.0,0.0,0.0,0.0,9.09944649999997
session-3-20261005-80000Hz-600mV,80 kHz,PUFF_BOTH,T007,1,92,L8->R8,L2->L3,24.413111231467404,False,9.159291318091396,-8.053691275167784,-4.3624161073825505,2.2360679774997894,9.198954900000018
session-3-20261005-80000Hz-600mV,80 kHz,PUFF_BOTH,T007,1,93,L8->R8,L3->L4,30.0,False,12.01850425154663,-12.000000000000002,-0.6666666666666667,3.6055512754639896,9.297395649999999
session-3-20261005-80000Hz-600mV,80 kHz,PUFF_BOTH,T007,1,94,L8->R8,L4->L5,67.26812023536856,True,8.668224820974668,-8.508287292817679,-1.6574585635359116,5.830951894845301,9.396407449999998
session-3-20261005-80000Hz-600mV,80 kHz,PUFF_BOTH,T007,1,95,L8->R8,L5->L6,55.226805085936306,True,15.576358715042234,15.475409836065573,1.7704918032786892,8.602325267042628,9.494892749999991
session-3-20261005-80000Hz-600mV,80 kHz,PUFF_BOTH,T007,1,96,L8->R8,L6->L7,308.4493475434824,True,16.562900685201566,15.983645326410276,-4.341976645189771,51.088159097779204,9.592394349999978
session-3-20261005-80000Hz-600mV,80 kHz,PUFF_BOTH,T007,1,97,L8->R8,R7->R6,322.59107241211746,True,16.014815607283175,15.380771633113918,-4.461634555325998,51.66236541235796,9.690929699999998
session-3-20261005-80000Hz-600mV,80 kHz,PUFF_BOTH,T007,1,98,L8->R8,R6->R5,70.66116330771806,True,22.81948773809089,22.791908672141,-1.1215701982775892,16.1245154965971,9.789932549999975
session-3-20261005-80000Hz-600mV,80 kHz,PUFF_BOTH,T007,1,99,L8->R8,R5->R4,38.47076812334269,False,12.996881122750908,-12.837837837837837,2.0270270270270268,5.0,9.888365399999998
session-3-20261005-80000Hz-600mV,80 kHz,PUFF_BOTH,T007,1,100,L8->R8,R4->R3,22.090722034374522,False,12.803687993289595,-8.19672131147541,9.83606557377049,2.8284271247461894,9.985902149999987
session-3-20261005-80000Hz-600mV,80 kHz,PUFF_BOTH,T007,1,101,L8->R8,R3->R2,5.385164807134504,False,26.261286571944513,-24.137931034482758,10.344827586206897,1.4142135623730951,10.08548055
session-3-20261005-80000Hz-600mV,80 kHz,PUFF_BOTH,T007,1,102,L8->R8,R2->R1,50.80354318352215,True,4.401401629453762,2.6346377373111194,3.5257652072839987,2.23606797749979,10.185020750000007
session-3-20261005-80000Hz-600mV,80 kHz,PUFF_BOTH,T007,1,103,L8->R8,R1->L1,82.37718130647589,True,4.3768810953240855,-4.022988505747127,-1.7241379310344827,3.6055512754639896,10.283018499999997
session-3-20261005-80000Hz-600mV,80 kHz,PUFF_BOTH,T007,1,104,R8->R7,L1->L2,13.038404810405298,False,17.14985851425088,-14.705882352941178,8.823529411764707,2.23606797749979,10.380410299999994
session-3-20261005-80000Hz-600mV,80 kHz,PUFF_BOTH,T007,1,105,R8->R7,L2->L3,15.652475842498529,False,6.388765649999399,-2.857142857142857,-5.714285714285714,1.0,10.479392950000005
session-3-20261005-80000Hz-600mV,80 kHz,PUFF_BOTH,T007,1,106,R8->R7,L3->L4,18.439088914585774,False,15.33929977694741,-15.294117647058824,1.1764705882352944,2.8284271247461903,10.579426250000012
session-3-20261005-80000Hz-600mV,80 kHz,PUFF_BOTH,T007,1,107,R8->R7,L4->L5,34.058772731852805,False,4.152273992686998,-4.137931034482759,-0.3448275862068966,1.414213562373095,10.678364549999998
session-3-20261005-80000Hz-600mV,80 kHz,PUFF_BOTH,T007,1,108,R8->R7,L5->L6,17.46424919657298,False,18.107149208503706,12.131147540983607,13.442622950819672,3.162277660168379,10.777402350000017
session-3-20261005-80000Hz-600mV,80 kHz,PUFF_BOTH,T007,1,109,R8->R7,L6->L7,55.47071299343465,True,30.699779121176878,29.99675008124797,-6.53233669158271,17.029386365926403,10.876887499999981
session-3-20261005-80000Hz-600mV,80 kHz,PUFF_BOTH,T007,1,110,R8->R7,L7->L8,124.19742348374221,True,13.10721280641595,12.998379254457051,-1.6855753646677476,16.27882059609971,10.975880149999995
session-3-20261005-80000Hz-600mV,80 kHz,PUFF_BOTH,T007,1,111,R8->R7,R6->R5,169.04733065032406,True,3.7877700953928506,-3.443328550932568,1.5781922525107603,6.403124237432847,11.074933399999992
session-3-20261005-80000Hz-600mV,80 kHz,PUFF_BOTH,T007,1,112,R8->R7,R5->R4,49.64876634922564,False,6.369297552984819,6.288032454361055,1.0141987829614603,3.162277660168379,11.174394199999995
session-3-20261005-80000Hz-600mV,80 kHz,PUFF_BOTH,T007,1,113,R8->R7,R4->R3,23.021728866442675,False,13.031167282892081,13.018867924528301,-0.5660377358490566,3.0,11.273409750000013
session-3-20261005-80000Hz-600mV,80 kHz,PUFF_BOTH,T007,1,114,R8->R7,R3->R2,7.615773105863909,False,0.0,0.0,0.0,0.0,11.372962950000016
session-3-20261005-80000Hz-600mV,80 kHz,PUFF_BOTH,T007,1,115,R8->R7,R2->R1,39.0,False,7.25237724293895,5.128205128205128,5.128205128205128,2.8284271247461903,11.471875349999976
session-3-20261005-80000Hz-600mV,80 kHz,PUFF_BOTH,T007,1,116,R8->R7,R1->L1,68.47627326307996,True,0.0,0.0,0.0,0.0,11.57087494999999
session-3-20261005-80000Hz-600mV,80 kHz,PUFF_BOTH,T007,1,117,R7->R6,L1->L2,24.020824298928627,False,15.010106358526599,8.838821490467936,-12.1317157712305,3.605551275463988,11.670385799999991
session-3-20261005-80000Hz-600mV,80 kHz,PUFF_BOTH,T007,1,118,R7->R6,L2->L3,18.35755975068582,False,0.0,0.0,0.0,0.0,11.768905799999999
session-3-20261005-80000Hz-600mV,80 kHz,PUFF_BOTH,T007,1,119,R7->R6,L3->L4,23.853720883753127,False,4.192218081503186,3.5149384885764503,2.2847100175746924,1.0,11.865922649999987
session-3-20261005-80000Hz-600mV,80 kHz,PUFF_BOTH,T007,1,120,R7->R6,L4->L5,41.036569057366385,False,3.4462275839778886,3.444180522565321,-0.11876484560570069,1.4142135623730954,11.963488350000006
session-3-20261005-80000Hz-600mV,80 kHz,PUFF_BOTH,T007,1,121,R7->R6,L5->L6,9.486832980505138,False,29.8142396999972,26.666666666666668,13.333333333333336,2.8284271247461903,12.061474599999997
session-3-20261005-80000Hz-600mV,80 kHz,PUFF_BOTH,T007,1,122,R7->R6,L6->L7,49.51767361255979,False,40.085552880748715,39.8858075040783,3.99673735725938,19.849433241279208,12.159524249999976
session-3-20261005-80000Hz-600mV,80 kHz,PUFF_BOTH,T007,1,123,R7->R6,L7->L8,68.0147042925278,True,37.48468486801148,37.48378728923476,-0.25940337224383975,25.495097567963917,12.258067850000003
session-3-20261005-80000Hz-600mV,80 kHz,PUFF_BOTH,T007,1,124,R7->R6,L8->R8,333.7558988242755,True,15.277691065701434,14.882443241496324,-3.4526406506692515,50.990195135927856,12.357442649999996
session-3-20261005-80000Hz-600mV,80 kHz,PUFF_BOTH,T007,1,125,R7->R6,R5->R4,84.17244204607586,True,6.057825328153829,-5.913902611150319,-1.3126323218066336,5.099019513592786,12.457395999999989
session-3-20261005-80000Hz-600mV,80 kHz,PUFF_BOTH,T007,1,126,R7->R6,R4->R3,15.811388300841898,False,6.324555320336758,1.9999999999999998,6.0,1.0,12.556897700000007
session-3-20261005-80000Hz-600mV,80 kHz,PUFF_BOTH,T007,1,127,R7->R6,R3->R2,17.08800749063506,False,5.852057359806527,-5.47945205479452,-2.054794520547945,0.9999999999999997,12.655902099999992
session-3-20261005-80000Hz-600mV,80 kHz,PUFF_BOTH,T007,1,128,R7->R6,R2->R1,33.60059523282288,False,18.822747860605126,-10.806023029229408,-15.4118689105403,6.324555320336757,12.753985949999986
session-3-20261005-80000Hz-600mV,80 kHz,PUFF_BOTH,T007,1,129,R7->R6,R1->L1,70.7248188403477,True,4.471241796047325,-4.318272690923631,1.15953618552579,3.1622776601683795,12.851958849999988
session-3-20261005-80000Hz-600mV,80 kHz,PUFF_BOTH,T007,1,130,R6->R5,L1->L2,12.206555615733702,False,0.0,0.0,0.0,0.0,12.949323800000002
session-3-20261005-80000Hz-600mV,80 kHz,PUFF_BOTH,T007,1,131,R6->R5,L2->L3,23.853720883753127,False,0.0,0.0,0.0,0.0,13.048344500000013
session-3-20261005-80000Hz-600mV,80 kHz,PUFF_BOTH,T007,1,132,R6->R5,L3->L4,3.0,False,33.33333333333333,0.0,-33.33333333333333,1.0,13.147808749999996
session-3-20261005-80000Hz-600mV,80 kHz,PUFF_BOTH,T007,1,133,R6->R5,L4->L5,17.029386365926403,False,5.872202195147035,3.793103448275862,4.482758620689655,1.0000000000000002,13.245387249999993
session-3-20261005-80000Hz-600mV,80 kHz,PUFF_BOTH,T007,1,134,R6->R5,L5->L6,48.093658625644196,False,2.0792762051726843,-0.12970168612191957,2.075226977950713,1.0,13.3439683
session-3-20261005-80000Hz-600mV,80 kHz,PUFF_BOTH,T007,1,135,R6->R5,L6->L7,20.518284528683193,False,26.24568735074515,24.46555819477435,9.501187648456058,5.385164807134504,13.444041950000013
session-3-20261005-80000Hz-600mV,80 kHz,PUFF_BOTH,T007,1,136,R6->R5,L7->L8,19.1049731745428,False,37.74463583407018,37.26027397260274,6.027397260273973,7.211102550927977,13.544068099999976
session-3-20261005-80000Hz-600mV,80 kHz,PUFF_BOTH,T007,1,137,R6->R5,L8->R8,68.24221567329126,True,22.9366466022067,22.69701524586644,3.3068499033712686,15.652475842498527,13.644558899999993
session-3-20261005-80000Hz-600mV,80 kHz,PUFF_BOTH,T007,1,138,R6->R5,R8->R7,166.41213898030398,True,0.8498259628406538,-0.834145813021341,0.16249593760155998,1.4142135623730951,13.745075749999984
session-3-20261005-80000Hz-600mV,80 kHz,PUFF_BOTH,T007,1,139,R6->R5,R4->R3,338.89526405661087,True,1.66920427915671,-1.6229865041358296,0.39007400957771016,5.656854249492381,13.844596050000007
session-3-20261005-80000Hz-600mV,80 kHz,PUFF_BOTH,T007,1,140,R6->R5,R3->R2,180.5602392554906,True,2.3497092740977155,-2.3004723636586717,0.4784982516410036,4.2426406871192865,13.94502804999999
session-3-20261005-80000Hz-600mV,80 kHz,PUFF_BOTH,T007,1,141,R6->R5,R2->R1,125.51493934986384,True,3.380187815964465,2.8183318522280056,-1.8661927129617875,4.242640687119286,14.044534499999997
session-3-20261005-80000Hz-600mV,80 kHz,PUFF_BOTH,T007,1,142,R6->R5,R1->L1,96.83491106000977,True,3.265638007565968,-3.124666737762611,0.9491308520848887,3.1622776601683804,14.141536099999996
session-3-20261005-80000Hz-600mV,80 kHz,PUFF_BOTH,T007,1,143,R5->R4,L1->L2,60.74537019394976,True,0.0,0.0,0.0,0.0,14.23905425000001
session-3-20261005-80000Hz-600mV,80 kHz,PUFF_BOTH,T007,1,144,R5->R4,L2->L3,13.038404810405298,False,0.0,0.0,0.0,0.0,14.337971949999996
session-3-20261005-80000Hz-600mV,80 kHz,PUFF_BOTH,T007,1,145,R5->R4,L3->L4,56.63920903402518,True,2.496880847194612,-2.4937655860349124,0.12468827930174563,1.414213562373095,14.437371249999984
session-3-20261005-80000Hz-600mV,80 kHz,PUFF_BOTH,T007,1,146,R5->R4,L4->L5,65.06919393998976,True,2.173399540921557,-2.1728861596598965,-0.0472366556447803,1.4142135623730951,14.537882150000002
session-3-20261005-80000Hz-600mV,80 kHz,PUFF_BOTH,T007,1,147,R5->R4,L5->L6,16.492422502470642,False,6.063390625908324,-5.88235294117647,-1.4705882352941175,1.0,14.637373999999994
session-3-20261005-80000Hz-600mV,80 kHz,PUFF_BOTH,T007,1,148,R5->R4,L6->L7,24.041630560342618,False,8.31890330807703,5.88235294117647,5.88235294117647,2.0000000000000004,14.735913049999994
session-3-20261005-80000Hz-600mV,80 kHz,PUFF_BOTH,T007,1,149,R5->R4,L7->L8,23.259406699226012,False,0.0,0.0,0.0,0.0,14.835456649999998
session-3-20261005-80000Hz-600mV,80 kHz,PUFF_BOTH,T007,1,150,R5->R4,L8->R8,43.84062043356595,False,12.283505009457917,-11.29032258064516,4.838709677419355,5.385164807134505,14.934385450000008
session-3-20261005-80000Hz-600mV,80 kHz,PUFF_BOTH,T007,1,151,R5->R4,R8->R7,56.568542494923804,True,8.838834764831846,8.75,1.25,5.000000000000001,15.032929849999988
session-3-20261005-80000Hz-600mV,80 kHz,PUFF_BOTH,T007,1,152,R5->R4,R7->R6,82.32860985101108,True,5.008107914222269,-2.935969312481558,-4.0572440247860735,4.123105625617661,15.131966599999998
session-3-20261005-80000Hz-600mV,80 kHz,PUFF_BOTH,T007,1,153,R5->R4,R3->R2,253.03161857759991,True,1.9760376304381095,-1.975790706755174,-0.031237797735259695,5.000000000000001,15.231467449999997
session-3-20261005-80000Hz-600mV,80 kHz,PUFF_BOTH,T007,1,154,R5->R4,R2->R1,63.32456079595025,True,10.111596759534637,-8.204488778054863,-5.910224438902743,6.403124237432847,15.330968100000007
session-3-20261005-80000Hz-600mV,80 kHz,PUFF_BOTH,T007,1,155,R5->R4,R1->L1,35.05709628591621,False,10.284797252054439,-8.21806346623271,-6.183889340927583,3.605551275463989,15.429921500000006
session-3-20261005-80000Hz-600mV,80 kHz,PUFF_BOTH,T007,1,156,R4->R3,L1->L2,36.400549446402586,False,0.0,0.0,0.0,0.0,15.52783685
session-3-20261005-80000Hz-600mV,80 kHz,PUFF_BOTH,T007,1,157,R4->R3,L2->L3,11.40175425099138,False,8.770580193070291,8.461538461538462,-2.307692307692308,0.9999999999999999,15.625382849999994
session-3-20261005-80000Hz-600mV,80 kHz,PUFF_BOTH,T007,1,158,R4->R3,L3->L4,41.23105625617661,False,3.4299717028501755,-3.4117647058823524,-0.3529411764705882,1.4142135623730947,15.72239725
session-3-20261005-80000Hz-600mV,80 kHz,PUFF_BOTH,T007,1,159,R4->R3,L4->L5,23.086792761230395,False,6.125638918316887,-4.690431519699811,3.9399624765478425,1.414213562373095,15.82039180000001
session-3-20261005-80000Hz-600mV,80 kHz,PUFF_BOTH,T007,1,160,R4->R3,L5->L6,3.6055512754639896,False,0.0,0.0,0.0,0.0,15.918380299999995
session-3-20261005-80000Hz-600mV,80 kHz,PUFF_BOTH,T007,1,161,R4->R3,L6->L7,6.0827625302982185,False,32.87979746107145,5.405405405405404,-32.43243243243243,1.999999999999999,16.01641860000001
session-3-20261005-80000Hz-600mV,80 kHz,PUFF_BOTH,T007,1,162,R4->R3,L7->L8,12.0,False,11.785113019775793,-8.333333333333332,8.333333333333332,1.414213562373095,16.1148867
session-3-20261005-80000Hz-600mV,80 kHz,PUFF_BOTH,T007,1,163,R4->R3,L8->R8,19.313207915827967,False,14.645040518764251,-5.898123324396784,-13.404825737265416,2.8284271247461907,16.212899899999996
session-3-20261005-80000Hz-600mV,80 kHz,PUFF_BOTH,T007,1,164,R4->R3,R8->R7,18.027756377319946,False,16.641005886756872,15.692307692307693,5.538461538461539,3.0,16.3119054
session-3-20261005-80000Hz-600mV,80 kHz,PUFF_BOTH,T007,1,165,R4->R3,R7->R6,19.6468827043885,False,10.17973197118575,-2.5906735751295336,9.844559585492227,1.9999999999999998,16.410904750000014
session-3-20261005-80000Hz-600mV,80 kHz,PUFF_BOTH,T007,1,166,R4->R3,R6->R5,326.65884344373717,True,1.731731548993469,-1.7093696699342118,0.27739770959458704,5.656854249492381,16.510491700000017
session-3-20261005-80000Hz-600mV,80 kHz,PUFF_BOTH,T007,1,167,R4->R3,R2->R1,485.26796720987056,True,0.4607903526697707,0.3936556468564877,-0.23950570100006374,2.23606797749979,16.610015500000003
session-3-20261005-80000Hz-600mV,80 kHz,PUFF_BOTH,T007,1,168,R4->R3,R1->L1,110.11357772772621,True,3.2743929948214943,-3.2577319587628857,0.32989690721649473,3.6055512754639882,16.7089445
session-3-20261005-80000Hz-600mV,80 kHz,PUFF_BOTH,T007,1,169,R3->R2,L1->L2,27.658633371878665,False,0.0,0.0,0.0,0.0,16.808919349999996
session-3-20261005-80000Hz-600mV,80 kHz,PUFF_BOTH,T007,1,170,R3->R2,L2->L3,22.47220505424423,False,0.0,0.0,0.0,0.0,16.907172799999984
session-3-20261005-80000Hz-600mV,80 kHz,PUFF_BOTH,T007,1,171,R3->R2,L3->L4,18.110770276274835,False,0.0,0.0,0.0,0.0,17.005194450000005
session-3-20261005-80000Hz-600mV,80 kHz,PUFF_BOTH,T007,1,172,R3->R2,L4->L5,8.246211251235321,False,0.0,0.0,0.0,0.0,17.104949250000004
session-3-20261005-80000Hz-600mV,80 kHz,PUFF_BOTH,T007,1,173,R3->R2,L5->L6,12.041594578792294,False,0.0,0.0,0.0,0.0,17.203986249999986
session-3-20261005-80000Hz-600mV,80 kHz,PUFF_BOTH,T007,1,174,R3->R2,L6->L7,11.40175425099138,False,19.611613513818405,-8.461538461538462,17.692307692307693,2.23606797749979,17.303010099999995
session-3-20261005-80000Hz-600mV,80 kHz,PUFF_BOTH,T007,1,175,R3->R2,L7->L8,11.045361017187261,False,12.803687993289595,8.19672131147541,9.83606557377049,1.4142135623730947,17.402911149999994
session-3-20261005-80000Hz-600mV,80 kHz,PUFF_BOTH,T007,1,176,R3->R2,L8->R8,13.416407864998739,False,30.73181485764296,-30.0,6.666666666666667,4.123105625617661,17.50288014999998
session-3-20261005-80000Hz-600mV,80 kHz,PUFF_BOTH,T007,1,177,R3->R2,R8->R7,17.88854381999832,False,7.90569415042095,7.500000000000001,2.5,1.4142135623730954,17.60286959999999
session-3-20261005-80000Hz-600mV,80 kHz,PUFF_BOTH,T007,1,178,R3->R2,R7->R6,20.591260281974,False,17.510104899311873,8.018867924528301,-15.566037735849056,3.6055512754639896,17.7020043
session-3-20261005-80000Hz-600mV,80 kHz,PUFF_BOTH,T007,1,179,R3->R2,R6->R5,202.41047403728888,True,2.0960578780807992,-2.0942152794727846,0.08786917256529167,4.242640687119284,17.802057999999988
session-3-20261005-80000Hz-600mV,80 kHz,PUFF_BOTH,T007,1,180,R3->R2,R5->R4,276.9440376682625,True,2.0425983159342986,-2.0339513416255968,0.18774935461159353,5.656854249492381,17.90209150000001
session-3-20261005-80000Hz-600mV,80 kHz,PUFF_BOTH,T007,1,181,R3->R2,R1->L1,68.09552114493287,True,4.64388495307623,-4.550355833513048,0.9273237006685358,3.1622776601683804,18.00044970000002
session-3-20261005-80000Hz-600mV,80 kHz,PUFF_BOTH,T007,1,182,R2->R1,L1->L2,348.644518098306,True,1.2827208583094913,1.1747961794443575,0.5150016865071203,4.47213595499958,18.099465699999996
session-3-20261005-80000Hz-600mV,80 kHz,PUFF_BOTH,T007,1,183,R2->R1,L2->L3,26.076809620810597,False,0.0,0.0,0.0,0.0,18.19851270000001
session-3-20261005-80000Hz-600mV,80 kHz,PUFF_BOTH,T007,1,184,R2->R1,L3->L4,20.518284528683193,False,0.0,0.0,0.0,0.0,18.297836649999994
session-3-20261005-80000Hz-600mV,80 kHz,PUFF_BOTH,T007,1,185,R2->R1,L4->L5,19.723082923316017,False,5.070201265633938,4.370179948586118,2.570694087403599,0.9999999999999999,18.39639654999999
session-3-20261005-80000Hz-600mV,80 kHz,PUFF_BOTH,T007,1,186,R2->R1,L5->L6,24.186773244895647,False,8.26898230594723,-8.205128205128204,-1.0256410256410255,1.9999999999999998,18.501879000000002
session-3-20261005-80000Hz-600mV,80 kHz,PUFF_BOTH,T007,1,187,R2->R1,L6->L7,8.06225774829855,False,49.613893835683385,-49.23076923076923,6.153846153846154,3.9999999999999996,18.60794765
session-3-20261005-80000Hz-600mV,80 kHz,PUFF_BOTH,T007,1,188,R2->R1,L7->L8,16.401219466856727,False,13.633547078730293,5.947955390334572,12.267657992565054,2.2360679774997894,18.705936999999977
session-3-20261005-80000Hz-600mV,80 kHz,PUFF_BOTH,T007,1,189,R2->R1,L8->R8,14.0,False,50.50762722761054,-50.0,-7.142857142857142,7.0710678118654755,18.802335950000014
session-3-20261005-80000Hz-600mV,80 kHz,PUFF_BOTH,T007,1,190,R2->R1,R8->R7,24.73863375370596,False,4.0422604172722165,3.9215686274509802,-0.9803921568627451,1.0,18.899353050000002
session-3-20261005-80000Hz-600mV,80 kHz,PUFF_BOTH,T007,1,191,R2->R1,R7->R6,36.1386219991853,False,19.369858651936987,18.759571209800917,-4.823889739663093,6.999999999999997,18.998849699999994
session-3-20261005-80000Hz-600mV,80 kHz,PUFF_BOTH,T007,1,192,R2->R1,R6->R5,138.85243966167826,True,1.6103915660020771,1.4937759336099583,0.6016597510373445,2.23606797749979,19.098373899999984
session-3-20261005-80000Hz-600mV,80 kHz,PUFF_BOTH,T007,1,193,R2->R1,R5->R4,8.06225774829855,False,52.62348115842176,-32.30769230769231,41.53846153846154,4.242640687119286,19.196883499999984
session-3-20261005-80000Hz-600mV,80 kHz,PUFF_BOTH,T007,1,194,R2->R1,R4->R3,460.8047308784926,True,0.6862511272702677,0.5834954153931646,0.36121144762434004,3.162277660168379,19.295406200000002
session-3-20261005-80000Hz-600mV,80 kHz,PUFF_BOTH,T007,1,195,R1->L1,L2->L3,23.259406699226012,False,4.299335803923477,3.8817005545286505,1.8484288354898335,0.9999999999999998,19.39446755
session-3-20261005-80000Hz-600mV,80 kHz,PUFF_BOTH,T007,1,196,R1->L1,L3->L4,30.528675044947498,False,0.0,0.0,0.0,0.0,19.49298244999997
session-3-20261005-80000Hz-600mV,80 kHz,PUFF_BOTH,T007,1,197,R1->L1,L4->L5,30.59411708155671,False,4.622501635210243,3.8461538461538463,-2.5641025641025648,1.4142135623730951,19.5914037
session-3-20261005-80000Hz-600mV,80 kHz,PUFF_BOTH,T007,1,198,R1->L1,L5->L6,9.219544457292887,False,0.0,0.0,0.0,0.0,19.689849199999998
session-3-20261005-80000Hz-600mV,80 kHz,PUFF_BOTH,T007,1,199,R1->L1,L6->L7,12.206555615733702,False,16.38463841038081,-13.422818791946309,9.395973154362416,1.9999999999999998,19.78785739999998
session-3-20261005-80000Hz-600mV,80 kHz,PUFF_BOTH,T007,1,200,R1->L1,L7->L8,11.180339887498949,False,20.0,19.2,5.6000000000000005,2.23606797749979,19.885840300000012
session-3-20261005-80000Hz-600mV,80 kHz,PUFF_BOTH,T007,1,201,R1->L1,L8->R8,19.4164878389476,False,27.735009811261456,-27.055702917771885,6.10079575596817,5.385164807134505,19.98391115000001
session-3-20261005-80000Hz-600mV,80 kHz,PUFF_BOTH,T007,1,202,R1->L1,R8->R7,14.317821063276352,False,15.617376188860607,15.609756097560975,0.48780487804878014,2.2360679774997894,20.08305844999998
session-3-20261005-80000Hz-600mV,80 kHz,PUFF_BOTH,T007,1,203,R1->L1,R7->R6,5.385164807134504,False,58.72202195147036,58.62068965517242,3.448275862068967,3.16227766016838,20.183044599999988
session-3-20261005-80000Hz-600mV,80 kHz,PUFF_BOTH,T007,1,204,R1->L1,R6->R5,31.906112267087636,False,0.0,0.0,0.0,0.0,20.282482149999993
session-3-20261005-80000Hz-600mV,80 kHz,PUFF_BOTH,T007,1,205,R1->L1,R5->R4,47.42362280551751,False,2.9820867295877664,2.9791018230324586,0.13339261894175194,1.4142135623730954,20.380970899999994
session-3-20261005-80000Hz-600mV,80 kHz,PUFF_BOTH,T007,1,206,R1->L1,R4->R3,50.159744815937806,True,2.8194193721730048,2.6232114467408585,1.0333863275039747,1.414213562373095,20.47890479999998
session-3-20261005-80000Hz-600mV,80 kHz,PUFF_BOTH,T007,1,207,R1->L1,R3->R2,7.0,False,14.285714285714285,0.0,-14.285714285714285,1.0,20.57690464999999
