task,pattern_id,drive_pair,sense_pair,rest_abs_counts,strong,dz_abs_pct,dz_re_pct,dz_im_pct,dv_abs_counts,t_after_frame_start_s
SMILE_LEFT,0,L1->L2,L3->L4,299.2607558635111,True,2.755527107936702,2.594995366079704,0.9267840593141797,8.246211251235321,0.04834689999999853
SMILE_LEFT,1,L1->L2,L4->L5,93.38094023943002,True,4.54336899611537,4.541284403669724,-0.1376146788990826,4.242640687119285,0.14730229999999978
SMILE_LEFT,2,L1->L2,L5->L6,83.40863264674707,True,1.1989166687760109,0.733074601121173,-0.948684777921518,1.0,0.2483686499999962
SMILE_LEFT,3,L1->L2,L6->L7,45.79301256742124,False,3.088273697413863,-3.004291845493562,0.7153075822603718,1.4142135623730951,0.34725274999999556
SMILE_LEFT,4,L1->L2,L7->L8,19.313207915827967,False,7.3225202593821255,-6.702412868632708,-2.949061662198392,1.4142135623730951,0.44530309999999673
SMILE_LEFT,5,L1->L2,L8->R8,7.0710678118654755,False,31.622776601683793,26.0,17.999999999999996,2.23606797749979,0.543422900000003
SMILE_LEFT,6,L1->L2,R8->R7,4.242640687119285,False,0.0,-0.0,-0.0,0.0,0.6434604999999962
SMILE_LEFT,7,L1->L2,R7->R6,22.561028345356956,False,0.0,0.0,0.0,0.0,0.7439202999999992
SMILE_LEFT,8,L1->L2,R6->R5,10.44030650891055,False,9.578262852211513,-2.7522935779816513,-9.174311926605503,1.0,0.8434258999999926
SMILE_LEFT,9,L1->L2,R5->R4,60.4648658313239,True,0.0,0.0,0.0,0.0,0.942920799999996
SMILE_LEFT,10,L1->L2,R4->R3,45.803929962395145,False,2.1832187779978622,-1.2869399428026693,-1.7635843660629171,1.0,1.0423659999999941
SMILE_LEFT,11,L1->L2,R3->R2,25.612496949731394,False,0.0,0.0,0.0,0.0,1.1413410000000042
SMILE_LEFT,12,L1->L2,R2->R1,373.2077169620157,True,0.5991483765935559,-0.5341604204359439,0.2713879555440683,2.23606797749979,1.242285349999996
SMILE_LEFT,13,L2->L3,L4->L5,247.95160818191923,True,3.607265133540433,-3.5783994795055305,-0.4554326610279767,8.94427190999916,1.3427858499999985
SMILE_LEFT,14,L2->L3,L5->L6,161.82088863926066,True,3.956920698728221,-3.9524936989230888,0.18712289009394334,6.4031242374328485,1.4413373000000007
SMILE_LEFT,15,L2->L3,L6->L7,40.8166632639171,False,14.285714285714285,-14.285714285714285,2.3324013122377234e-16,5.830951894845301,1.539798949999998
SMILE_LEFT,16,L2->L3,L7->L8,18.867962264113206,False,5.2999894000318,2.8089887640449436,4.49438202247191,1.0,1.638218099999996
SMILE_LEFT,17,L2->L3,L8->R8,15.620499351813308,False,23.082176787424142,22.95081967213115,-2.459016393442624,3.605551275463989,1.7377314499999983
SMILE_LEFT,18,L2->L3,R8->R7,9.848857801796104,False,14.35916317235476,-5.154639175257731,13.402061855670103,1.4142135623730951,1.8368096999999963
SMILE_LEFT,19,L2->L3,R7->R6,7.280109889280518,False,0.0,-0.0,-0.0,0.0,1.9353679999999969
SMILE_LEFT,20,L2->L3,R6->R5,18.027756377319946,False,0.0,-0.0,-0.0,0.0,2.034339349999996
SMILE_LEFT,21,L2->L3,R5->R4,5.385164807134504,False,0.0,0.0,0.0,0.0,2.132343949999999
SMILE_LEFT,22,L2->L3,R4->R3,16.278820596099706,False,0.0,-0.0,-0.0,0.0,2.2303981999999962
SMILE_LEFT,23,L2->L3,R3->R2,7.211102550927978,False,0.0,-0.0,-0.0,0.0,2.3293323500000014
SMILE_LEFT,24,L2->L3,R2->R1,51.61395160225576,True,0.0,0.0,0.0,0.0,2.430774299999996
SMILE_LEFT,25,L2->L3,R1->L1,33.24154027718932,False,4.25435629811517,-2.6244343891402715,-3.3484162895927603,1.4142135623730951,2.5323497500000016
SMILE_LEFT,26,L3->L4,L1->L2,327.9466420014085,True,2.156164115208445,1.7973202912160968,1.191084993816772,7.0710678118654755,2.631819549999996
SMILE_LEFT,27,L3->L4,L5->L6,252.1606630701942,True,1.4298627040254526,-1.429582448690729,-0.02830856334041045,3.605551275463989,2.7308207499999995
SMILE_LEFT,28,L3->L4,L6->L7,26.92582403567252,False,29.94247358081712,-29.931034482758623,-0.8275862068965526,8.06225774829855,2.8294130999999965
SMILE_LEFT,29,L3->L4,L7->L8,23.08679276123039,False,12.251277836633776,10.881801125703564,-5.6285178236397755,2.8284271247461903,2.929358299999997
SMILE_LEFT,30,L3->L4,L8->R8,21.93171219946131,False,16.439898730535727,16.216216216216214,-2.702702702702702,3.605551275463989,3.028868099999997
SMILE_LEFT,31,L3->L4,R8->R7,9.0,False,11.11111111111111,-11.11111111111111,-0.0,1.0,3.125978949999997
SMILE_LEFT,32,L3->L4,R7->R6,23.769728648009426,False,4.207031619116712,-1.0619469026548671,4.070796460176991,1.0,3.2238491000000025
SMILE_LEFT,33,L3->L4,R6->R5,13.601470508735444,False,0.0,-0.0,-0.0,0.0,3.32382415
SMILE_LEFT,34,L3->L4,R5->R4,57.38466694161429,True,2.4644450124838726,-2.4597631339204376,0.15183723048891587,1.4142135623730951,3.4238831500000018
SMILE_LEFT,35,L3->L4,R4->R3,58.180752831155424,True,1.7187814721168517,-0.827178729689808,-1.5066469719350073,1.0,3.524395949999999
SMILE_LEFT,36,L3->L4,R3->R2,18.027756377319946,False,0.0,-0.0,-0.0,0.0,3.6244193500000037
SMILE_LEFT,37,L3->L4,R2->R1,39.45883931389772,False,3.584022203803136,2.1194605009633913,2.8901734104046244,1.4142135623730951,3.7237954
SMILE_LEFT,38,L3->L4,R1->L1,123.84667940643382,True,1.1419067262449565,1.1344373451558223,0.1303950971443474,1.4142135623730951,3.8223732499999983
SMILE_LEFT,39,L4->L5,L1->L2,76.05918747922567,True,5.578077846648169,5.548833189282628,0.5704407951598961,4.242640687119285,3.920360449999997
SMILE_LEFT,40,L4->L5,L2->L3,240.62626623043462,True,2.787810340736156,-2.7771541078737845,-0.24351911020535053,6.708203932499369,4.018744750000003
SMILE_LEFT,41,L4->L5,L6->L7,175.41949720598336,True,9.191974525877908,-9.1901728844404,0.18198362147406763,16.1245154965971,4.116265800000001
SMILE_LEFT,42,L4->L5,L7->L8,66.60330322138685,True,12.104891737125877,11.857529305680794,2.4346257889990985,8.06225774829855,4.213840299999994
SMILE_LEFT,43,L4->L5,L8->R8,47.634021455258214,False,23.751319232224652,23.622741295724992,-2.4680475980608194,11.313708498984761,4.311874249999995
SMILE_LEFT,44,L4->L5,R8->R7,22.02271554554524,False,4.540766091864998,-2.88659793814433,-3.5051546391752577,1.0,4.410847299999993
SMILE_LEFT,45,L4->L5,R7->R6,19.209372712298546,False,7.362101738323103,-7.317073170731707,-0.8130081300813006,1.4142135623730951,4.510848250000002
SMILE_LEFT,46,L4->L5,R6->R5,5.0,False,20.0,-16.0,12.0,1.0,4.61184325
SMILE_LEFT,47,L4->L5,R5->R4,39.6232255123179,False,5.643326479831004,-5.414012738853504,-1.5923566878980893,2.23606797749979,4.711832449999996
SMILE_LEFT,48,L4->L5,R4->R3,35.014282800023196,False,4.038961958610096,-2.7732463295269163,2.9363784665579113,1.4142135623730951,4.81033695
SMILE_LEFT,49,L4->L5,R3->R2,18.973665961010276,False,7.4535599249993,-6.666666666666667,-3.333333333333334,1.4142135623730951,4.908288749999997
SMILE_LEFT,50,L4->L5,R2->R1,115.12167476196652,True,0.8686461537913418,0.46781860710782464,0.7319097562815967,1.0,5.005706499999995
SMILE_LEFT,51,L4->L5,R1->L1,45.48626166217664,False,0.0,-0.0,-0.0,0.0,5.10277335
SMILE_LEFT,52,L5->L6,L1->L2,88.72992730753249,True,2.2540309236004696,1.7274228375460432,1.447986790295948,2.0,5.200354299999994
SMILE_LEFT,53,L5->L6,L2->L3,176.0113632695344,True,3.059555194108661,-2.9632020658489346,-0.7617817947062622,5.385164807134504,5.299350099999998
SMILE_LEFT,54,L5->L6,L3->L4,272.3692346796899,True,1.3237733254653992,-1.3237177326952887,0.012131832580710353,3.605551275463989,5.397318249999998
SMILE_LEFT,55,L5->L6,L7->L8,178.63090438107287,True,8.015310179884763,7.935065342066501,1.1313422545363372,14.317821063276353,5.495811850000003
SMILE_LEFT,56,L5->L6,L8->R8,52.69724850502159,True,14.820981925009624,14.728123874684911,-1.6564638098667632,7.810249675906654,5.595344949999998
SMILE_LEFT,57,L5->L6,R8->R7,17.029386365926403,False,5.872202195147034,-4.482758620689655,3.793103448275862,1.0,5.694349150000001
SMILE_LEFT,58,L5->L6,R7->R6,3.0,False,47.14045207910317,-33.33333333333333,-33.33333333333333,1.4142135623730951,5.792863599999997
SMILE_LEFT,59,L5->L6,R6->R5,45.09988913511872,False,2.2173003507924642,-0.14749262536873156,-2.2123893805309733,1.0,5.891911700000001
SMILE_LEFT,60,L5->L6,R5->R4,6.4031242374328485,False,22.08630521496931,2.4390243902439024,-21.951219512195124,1.4142135623730951,5.991878299999996
SMILE_LEFT,61,L5->L6,R4->R3,5.830951894845301,False,0.0,-0.0,-0.0,0.0,6.0908178000000035
SMILE_LEFT,62,L5->L6,R3->R2,2.8284271247461903,False,35.35533905932738,-25.0,-25.0,1.0,6.190476099999998
SMILE_LEFT,63,L5->L6,R2->R1,40.26164427839479,False,2.4837535026770383,-0.6169031462060456,-2.405922270203578,1.0,6.291392949999995
SMILE_LEFT,64,L5->L6,R1->L1,69.8927750200262,True,0.0,-0.0,-0.0,0.0,6.3908378
SMILE_LEFT,65,L6->L7,L1->L2,39.824615503479755,False,7.102208242284351,-7.0617906683480465,0.7566204287515766,2.8284271247461903,6.489903599999998
SMILE_LEFT,66,L6->L7,L2->L3,44.68780594300866,False,12.050635947538627,-11.4171256885328,-3.85578367551327,5.385164807134504,6.588778599999998
SMILE_LEFT,67,L6->L7,L3->L4,40.22437072223753,False,22.235952357744235,-22.00247218788628,-3.213844252163165,8.94427190999916,6.687717999999997
SMILE_LEFT,68,L6->L7,L4->L5,200.9975124224178,True,8.899883189799697,-8.871287128712872,-0.7128712871287126,17.88854381999832,6.787738349999998
SMILE_LEFT,69,L6->L7,L8->R8,295.8530040408581,True,0.9560244736793603,0.22164082761142018,0.929977493173691,2.8284271247461903,6.888294549999998
SMILE_LEFT,70,L6->L7,R8->R7,50.566787519082126,True,14.26055105479414,-14.078998826750096,2.2682831443097387,7.211102550927978,6.988840099999997
SMILE_LEFT,71,L6->L7,R7->R6,36.796738985948195,False,15.84638219455263,-15.214180206794683,-4.431314623338258,5.830951894845301,7.088865300000002
SMILE_LEFT,72,L6->L7,R6->R5,17.204650534085253,False,18.380365552345193,-17.56756756756757,-5.405405405405405,3.1622776601683795,7.189291050000001
SMILE_LEFT,73,L6->L7,R5->R4,11.704699910719626,False,30.80430342483094,-29.927007299270077,7.2992700729927,3.605551275463989,7.2897979500000005
SMILE_LEFT,74,L6->L7,R4->R3,15.652475842498529,False,14.285714285714285,-8.571428571428571,11.428571428571429,2.23606797749979,7.388298900000002
SMILE_LEFT,75,L6->L7,R3->R2,1.4142135623730951,False,100.0,0.0,100.0,1.4142135623730951,7.486317149999998
SMILE_LEFT,76,L6->L7,R2->R1,59.464274989274024,True,2.3782574707724704,2.1493212669683257,1.0180995475113122,1.4142135623730951,7.585814750000004
SMILE_LEFT,77,L6->L7,R1->L1,66.30987860040162,True,6.744298209245242,-5.139868091880828,-4.3666136001819424,4.47213595499958,7.6857361
SMILE_LEFT,78,L7->L8,L1->L2,17.72004514666935,False,12.618861628126718,-8.598726114649683,-9.235668789808917,2.23606797749979,7.784741149999995
SMILE_LEFT,79,L7->L8,L2->L3,26.40075756488817,False,8.469711416439276,8.321377331420372,-1.57819225251076,2.23606797749979,7.8816691999999975
SMILE_LEFT,80,L7->L8,L3->L4,30.0,False,9.428090415820636,9.333333333333334,-1.3333333333333335,2.8284271247461903,7.978695049999999
SMILE_LEFT,81,L7->L8,L4->L5,88.72992730753249,True,9.694953583391873,9.665946907151021,0.74939667217071,8.602325267042627,8.076698
SMILE_LEFT,82,L7->L8,L5->L6,187.27786842016332,True,7.883912383660889,7.826533230690274,0.9494482935591483,14.7648230602334,8.174739499999994
SMILE_LEFT,83,L7->L8,R8->R7,122.31925441237777,True,1.828058867953267,1.8112551797887981,0.24729314262799096,2.23606797749979,8.272310499999996
SMILE_LEFT,84,L7->L8,R7->R6,60.74537019394976,True,2.3281009858985935,2.2764227642276422,-0.4878048780487804,1.4142135623730951,8.369771649999997
SMILE_LEFT,85,L7->L8,R6->R5,21.18962010041709,False,6.674086442659998,6.013363028953229,-2.89532293986637,1.4142135623730951,8.467234349999998
SMILE_LEFT,86,L7->L8,R5->R4,13.416407864998739,False,7.4535599249993,-6.666666666666667,-3.3333333333333335,1.0,8.564724349999999
SMILE_LEFT,87,L7->L8,R4->R3,13.92838827718412,False,10.153461651336189,-4.123711340206185,9.278350515463917,1.4142135623730951,8.662741149999995
SMILE_LEFT,88,L7->L8,R3->R2,1.0,False,100.0,0.0,-100.0,1.0,8.76074105
SMILE_LEFT,89,L7->L8,R2->R1,55.362442142665635,True,4.0389619586100975,-2.9363784665579122,-2.7732463295269167,2.23606797749979,8.858733049999998
SMILE_LEFT,90,L7->L8,R1->L1,67.60177512462228,True,4.183953926553039,4.0262582056892775,1.137855579868709,2.8284271247461903,8.956737449999999
SMILE_LEFT,91,L8->R8,L1->L2,12.727922061357855,False,15.713484026367722,-11.11111111111111,11.11111111111111,2.0,9.054263650000003
SMILE_LEFT,92,L8->R8,L2->L3,24.413111231467404,False,11.585688927269846,11.409395973154362,2.0134228187919465,2.8284271247461903,9.152805249999993
SMILE_LEFT,93,L8->R8,L3->L4,30.0,False,12.018504251546632,12.000000000000002,0.6666666666666667,3.605551275463989,9.252267749999994
SMILE_LEFT,94,L8->R8,L4->L5,67.26812023536856,True,18.14612267003067,18.011049723756905,2.209944751381215,12.206555615733702,9.350740299999998
SMILE_LEFT,95,L8->R8,L5->L6,55.226805085936306,True,13.057250984747458,12.918032786885245,1.9016393442622952,7.211102550927978,9.449289899999997
SMILE_LEFT,96,L8->R8,L6->L7,308.4493475434824,True,1.2968093568219061,-0.73575009722412,1.067888712542437,4.0,9.548772550000002
SMILE_LEFT,97,L8->R8,R7->R6,322.59107241211746,True,4.17048864572619,4.096478162686782,-0.7822034305482151,13.45362404707371,9.647706749999998
SMILE_LEFT,98,L8->R8,R6->R5,70.66116330771806,True,4.4752697410275655,4.4261966753454836,0.6609252954135789,3.1622776601683795,9.74527895
SMILE_LEFT,99,L8->R8,R5->R4,38.47076812334269,False,5.812381937190962,5.81081081081081,0.13513513513513514,2.23606797749979,9.842946149999996
SMILE_LEFT,100,L8->R8,R4->R3,22.090722034374522,False,0.0,0.0,-0.0,0.0,9.942410000000002
SMILE_LEFT,101,L8->R8,R3->R2,5.385164807134504,False,18.56953381770519,17.24137931034483,6.896551724137932,1.0,10.04234795
SMILE_LEFT,102,L8->R8,R2->R1,50.80354318352215,True,4.401401629453763,-4.223169314219295,-1.239829523440527,2.23606797749979,10.1408542
SMILE_LEFT,103,L8->R8,R1->L1,82.37718130647589,True,3.838778664207323,3.0061892130857646,2.3872679045092835,3.1622776601683795,10.2403592
SMILE_LEFT,104,R8->R7,L1->L2,13.038404810405298,False,7.669649888473705,-7.647058823529412,0.5882352941176472,1.0,10.339296349999998
SMILE_LEFT,105,R8->R7,L2->L3,15.652475842498529,False,6.388765649999399,-2.857142857142857,-5.714285714285714,1.0,10.437259149999996
SMILE_LEFT,106,R8->R7,L3->L4,18.439088914585774,False,5.423261445466404,-4.117647058823529,-3.5294117647058822,1.0,10.534721650000002
SMILE_LEFT,107,R8->R7,L4->L5,34.058772731852805,False,0.0,-0.0,-0.0,0.0,10.632729149999996
SMILE_LEFT,108,R8->R7,L5->L6,17.46424919657298,False,12.803687993289598,-12.786885245901638,-0.6557377049180327,2.23606797749979,10.73169575
SMILE_LEFT,109,R8->R7,L6->L7,55.47071299343465,True,14.079951842030681,-13.779655508612285,2.8924276893077665,7.810249675906654,10.829722400000001
SMILE_LEFT,110,R8->R7,L7->L8,124.19742348374221,True,1.8004141428847737,1.7504051863857375,0.42139384116693673,2.23606797749979,10.928248099999998
SMILE_LEFT,111,R8->R7,R6->R5,169.04733065032408,True,3.7877700953928506,-3.705777373412184,0.783847149805788,6.4031242374328485,11.026737349999998
SMILE_LEFT,112,R8->R7,R5->R4,49.64876634922564,False,2.8484364594794256,-2.718052738336714,0.8519269776876268,1.4142135623730951,11.12533105
SMILE_LEFT,113,R8->R7,R4->R3,23.021728866442675,False,4.343722427630693,0.18867924528301885,4.339622641509433,1.0,11.224394799999999
SMILE_LEFT,114,R8->R7,R3->R2,7.615773105863909,False,13.130643285972255,-12.068965517241379,-5.1724137931034475,1.0,11.324441799999995
SMILE_LEFT,115,R8->R7,R2->R1,39.0,False,5.733507634614845,2.564102564102564,5.128205128205128,2.23606797749979,11.424359349999996
SMILE_LEFT,116,R8->R7,R1->L1,68.47627326307996,True,2.0652607026959657,-1.983365323096609,-0.5758157389635316,1.4142135623730951,11.523946349999996
SMILE_LEFT,117,R7->R6,L1->L2,24.020824298928627,False,4.163054471218133,0.17331022530329288,-4.159445407279029,1.0,11.621940849999994
SMILE_LEFT,118,R7->R6,L2->L3,18.35755975068582,False,0.0,-0.0,-0.0,0.0,11.721193749999998
SMILE_LEFT,119,R7->R6,L3->L4,23.853720883753127,False,0.0,0.0,0.0,0.0,11.82257105
SMILE_LEFT,120,R7->R6,L4->L5,41.036569057366385,False,2.436850894142897,-1.7814726840855106,-1.66270783847981,1.0,11.921745199999997
SMILE_LEFT,121,R7->R6,L5->L6,9.486832980505138,False,23.570226039551585,-16.666666666666664,-16.666666666666668,2.23606797749979,12.022794249999997
SMILE_LEFT,122,R7->R6,L6->L7,49.51767361255979,False,14.279886949438495,-14.27406199021207,-0.4078303425774879,7.0710678118654755,12.124365249999997
SMILE_LEFT,123,R7->R6,L7->L8,68.01470429252781,True,2.0792762051726847,2.0752269779507135,-0.12970168612191962,1.4142135623730951,12.224417299999992
SMILE_LEFT,124,R7->R6,L8->R8,333.75589882427545,True,4.454174083420645,4.346772238830088,-0.9722334437531979,14.866068747318506,12.324929699999998
SMILE_LEFT,125,R7->R6,R5->R4,84.17244204607586,True,3.5641118720991907,-3.2604093154551874,-1.4396612561750177,3.0,12.423280150000004
SMILE_LEFT,126,R7->R6,R4->R3,15.811388300841896,False,8.944271909999157,-4.0,7.999999999999999,1.4142135623730951,12.521813849999994
SMILE_LEFT,127,R7->R6,R3->R2,17.08800749063506,False,0.0,-0.0,-0.0,0.0,12.621898099999996
SMILE_LEFT,128,R7->R6,R2->R1,33.60059523282288,False,2.9761377531286874,-2.391496899911426,-1.7714791851195746,1.0,12.721810400000003
SMILE_LEFT,129,R7->R6,R1->L1,70.7248188403477,True,1.9996001199600142,-1.9592163134746103,-0.39984006397441024,1.4142135623730951,12.821821999999997
SMILE_LEFT,130,R6->R5,L1->L2,12.206555615733702,False,8.192319205190405,-6.7114093959731544,-4.697986577181208,1.0,12.921329100000001
SMILE_LEFT,131,R6->R5,L2->L3,23.853720883753127,False,4.192218081503186,-2.2847100175746924,-3.5149384885764503,1.0,13.020213149999996
SMILE_LEFT,132,R6->R5,L3->L4,3.0,False,33.33333333333333,33.33333333333333,-0.0,1.0,13.1197995
SMILE_LEFT,133,R6->R5,L4->L5,17.029386365926403,False,0.0,-0.0,-0.0,0.0,13.2192705
SMILE_LEFT,134,R6->R5,L5->L6,48.093658625644196,False,2.0792762051726843,0.12970168612191957,-2.075226977950713,1.0,13.318332499999997
SMILE_LEFT,135,R6->R5,L6->L7,20.518284528683193,False,13.784910335911555,-13.776722090261284,0.47505938242280277,2.8284271247461903,13.417811749999998
SMILE_LEFT,136,R6->R5,L7->L8,19.1049731745428,False,5.234239225902137,3.8356164383561637,3.5616438356164384,1.0,13.517690600000002
SMILE_LEFT,137,R6->R5,L8->R8,68.24221567329127,True,6.21703244137159,6.1198196263689075,-1.0951256173502255,4.242640687119285,13.616286799999997
SMILE_LEFT,138,R6->R5,R8->R7,166.41213898030395,True,4.693317280676894,-4.669049940418157,0.47665475029790927,7.810249675906654,13.719407699999998
SMILE_LEFT,139,R6->R5,R4->R3,338.89526405661087,True,0.2950764162443281,0.15411406181976492,-0.25163256421419244,1.0,13.82436165
SMILE_LEFT,140,R6->R5,R3->R2,180.5602392554906,True,0.7832364246992383,-0.7668241212195571,0.1594994172136679,1.4142135623730951,13.924363300000003
SMILE_LEFT,141,R6->R5,R2->R1,125.51493934986385,True,0.7967179087842061,0.15868985654436965,-0.7807540941982988,1.0,14.023358850000001
SMILE_LEFT,142,R6->R5,R1->L1,96.83491106000976,True,0.0,-0.0,-0.0,0.0,14.121416500000002
SMILE_LEFT,143,R5->R4,L1->L2,60.74537019394976,True,1.6462159944159827,-1.5447154471544717,-0.5691056910569106,1.0,14.219320700000004
SMILE_LEFT,144,R5->R4,L2->L3,13.038404810405298,False,0.0,-0.0,-0.0,0.0,14.318354050000003
SMILE_LEFT,145,R5->R4,L3->L4,56.639209034025185,True,2.4968808471946113,-2.4937655860349124,0.12468827930174563,1.4142135623730951,14.417933949999998
SMILE_LEFT,146,R5->R4,L4->L5,65.06919393998976,True,2.173399540921557,-2.1728861596598965,-0.0472366556447803,1.4142135623730951,14.516325649999999
SMILE_LEFT,147,R5->R4,L5->L6,16.492422502470642,False,8.574929257125442,-4.411764705882352,-7.352941176470589,1.4142135623730951,14.613185350000002
SMILE_LEFT,148,R5->R4,L6->L7,24.041630560342615,False,17.64705882352941,-17.64705882352941,-0.0,4.242640687119285,14.710665599999999
SMILE_LEFT,149,R5->R4,L7->L8,23.259406699226016,False,9.613607115671604,-9.611829944547134,-0.18484288354898357,2.23606797749979,14.80867335
SMILE_LEFT,150,R5->R4,L8->R8,43.840620433565945,False,8.224225021923846,8.064516129032258,-1.6129032258064515,3.605551275463989,14.906179950000002
SMILE_LEFT,151,R5->R4,R8->R7,56.568542494923804,True,2.5,-2.5,-0.0,1.4142135623730951,15.003187599999997
SMILE_LEFT,152,R5->R4,R7->R6,82.3286098510111,True,1.7177668430602402,-1.7114192977279434,0.14753614635585718,1.4142135623730951,15.100192650000004
SMILE_LEFT,153,R5->R4,R3->R2,253.03161857759991,True,0.5589078433450336,-0.554470909800859,0.07028504490433424,1.4142135623730951,15.197711349999999
SMILE_LEFT,154,R5->R4,R2->R1,63.324560795950255,True,1.5791661046371634,-0.42394014962593507,-1.5211970074812966,1.0,15.294693299999999
SMILE_LEFT,155,R5->R4,R1->L1,35.05709628591621,False,4.034029375505464,-2.685109845402766,-3.010577705451587,1.4142135623730951,15.39225295
SMILE_LEFT,156,R4->R3,L1->L2,36.40054944640259,False,3.8851434494290564,-3.8490566037735845,-0.5283018867924529,1.4142135623730951,15.489821149999997
SMILE_LEFT,157,R4->R3,L2->L3,11.40175425099138,False,12.403473458920846,6.153846153846154,-10.76923076923077,1.4142135623730951,15.586837499999994
SMILE_LEFT,158,R4->R3,L3->L4,41.23105625617661,False,5.423261445466403,-5.2941176470588225,1.1764705882352942,2.23606797749979,15.684776399999997
SMILE_LEFT,159,R4->R3,L4->L5,23.08679276123039,False,6.125638918316888,-4.690431519699811,3.9399624765478425,1.4142135623730951,15.782229699999995
SMILE_LEFT,160,R4->R3,L5->L6,3.605551275463989,False,27.735009811261456,-15.384615384615385,-23.076923076923077,1.0,15.879708799999996
SMILE_LEFT,161,R4->R3,L6->L7,6.082762530298219,False,36.76073110469037,-35.13513513513512,10.81081081081081,2.23606797749979,15.978225099999996
SMILE_LEFT,162,R4->R3,L7->L8,12.0,False,8.333333333333332,-8.333333333333332,-0.0,1.0,16.077206499999996
SMILE_LEFT,163,R4->R3,L8->R8,19.313207915827967,False,5.177803730784978,-1.8766756032171583,4.82573726541555,1.0,16.175218249999993
SMILE_LEFT,164,R4->R3,R8->R7,18.027756377319946,False,0.0,0.0,0.0,0.0,16.2738157
SMILE_LEFT,165,R4->R3,R7->R6,19.6468827043885,False,7.198157507486945,-6.217616580310881,3.6269430051813476,1.4142135623730951,16.372034149999998
SMILE_LEFT,166,R4->R3,R6->R5,326.65884344373717,True,0.6845269988488538,0.606338912526006,-0.31769534983974657,2.23606797749979,16.47044245
SMILE_LEFT,167,R4->R3,R2->R1,485.26796720987056,True,0.291429407653745,0.28409452831390536,-0.0649722912287407,1.4142135623730951,16.5708505
SMILE_LEFT,168,R4->R3,R1->L1,110.11357772772621,True,1.284322598135871,-1.2783505154639174,-0.12371134020618557,1.4142135623730951,16.6693146
SMILE_LEFT,169,R3->R2,L1->L2,27.65863337187866,False,3.615507630310936,0.7843137254901961,-3.5294117647058822,1.0,16.767325199999995
SMILE_LEFT,170,R3->R2,L2->L3,22.47220505424423,False,4.4499415948998475,3.762376237623762,-2.376237623762376,1.0,16.8668015
SMILE_LEFT,171,R3->R2,L3->L4,18.110770276274835,False,0.0,-0.0,-0.0,0.0,16.965788999999994
SMILE_LEFT,172,R3->R2,L4->L5,8.246211251235321,False,12.126781251816649,11.76470588235294,-2.941176470588235,1.0,17.065259949999998
SMILE_LEFT,173,R3->R2,L5->L6,12.041594578792296,False,0.0,-0.0,-0.0,0.0,17.164786099999993
SMILE_LEFT,174,R3->R2,L6->L7,11.40175425099138,False,19.611613513818405,-19.230769230769234,3.8461538461538463,2.23606797749979,17.262317649999993
SMILE_LEFT,175,R3->R2,L7->L8,11.045361017187261,False,0.0,-0.0,-0.0,0.0,17.360118199999995
SMILE_LEFT,176,R3->R2,L8->R8,13.416407864998739,False,16.666666666666664,16.666666666666664,-0.0,2.23606797749979,17.4591431
SMILE_LEFT,177,R3->R2,R8->R7,17.88854381999832,False,7.905694150420948,-7.500000000000001,-2.5,1.4142135623730951,17.557245199999997
SMILE_LEFT,178,R3->R2,R7->R6,20.591260281974,False,4.856429311786321,-2.3584905660377355,-4.245283018867925,1.0,17.65474425
SMILE_LEFT,179,R3->R2,R6->R5,202.41047403728888,True,0.494045579783473,-0.3343910178179156,0.3636807420063461,1.0,17.7528345
SMILE_LEFT,180,R3->R2,R5->R4,276.9440376682625,True,0.5106495789835748,-0.5084878354063992,0.04693733865289838,1.4142135623730951,17.849324349999996
SMILE_LEFT,181,R3->R2,R1->L1,68.09552114493287,True,1.468525364350504,-1.2723743799870606,0.7332326935518655,1.0,17.946725649999998
SMILE_LEFT,182,R2->R1,L1->L2,348.644518098306,True,0.4056319514464114,-0.03702088800770034,0.40393902248401936,1.4142135623730951,18.046220499999997
SMILE_LEFT,183,R2->R1,L2->L3,26.076809620810597,False,0.0,-0.0,-0.0,0.0,18.1457064
SMILE_LEFT,184,R2->R1,L3->L4,20.518284528683193,False,9.747403576571587,-7.1258907363420425,6.65083135391924,2.0,18.244779199999996
SMILE_LEFT,185,R2->R1,L4->L5,19.72308292331602,False,0.0,0.0,0.0,0.0,18.34280245
SMILE_LEFT,186,R2->R1,L5->L6,24.186773244895647,False,0.0,-0.0,-0.0,0.0,18.44069495
SMILE_LEFT,187,R2->R1,L6->L7,8.06225774829855,False,27.735009811261456,-26.153846153846157,-9.230769230769232,2.23606797749979,18.53771045
SMILE_LEFT,188,R2->R1,L7->L8,16.401219466856727,False,6.097107608496924,-3.717472118959108,4.83271375464684,1.0,18.634265899999995
SMILE_LEFT,189,R2->R1,L8->R8,14.0,False,21.428571428571427,21.428571428571427,-0.0,3.0,18.732290799999994
SMILE_LEFT,190,R2->R1,R8->R7,24.73863375370596,False,5.716619504750295,-4.901960784313726,-2.941176470588235,1.4142135623730951,18.830844899999995
SMILE_LEFT,191,R2->R1,R7->R6,36.138621999185304,False,0.0,-0.0,-0.0,0.0,18.929862449999995
SMILE_LEFT,192,R2->R1,R6->R5,138.85243966167826,True,0.0,-0.0,-0.0,0.0,19.027772050000003
SMILE_LEFT,193,R2->R1,R5->R4,8.06225774829855,False,12.403473458920846,-12.307692307692308,1.5384615384615385,1.0,19.12479045
SMILE_LEFT,194,R2->R1,R4->R3,460.8047308784926,True,0.21701166090321347,0.1389274798555154,0.16671297582661848,1.0,19.223362
SMILE_LEFT,195,R1->L1,L2->L3,23.259406699226016,False,4.299335803923478,3.8817005545286505,1.8484288354898335,1.0,19.323278049999992
SMILE_LEFT,196,R1->L1,L3->L4,30.528675044947494,False,0.0,-0.0,-0.0,0.0,19.4237774
SMILE_LEFT,197,R1->L1,L4->L5,30.59411708155671,False,4.622501635210243,3.8461538461538463,-2.5641025641025648,1.4142135623730951,19.523865949999994
SMILE_LEFT,198,R1->L1,L5->L6,9.219544457292887,False,0.0,-0.0,-0.0,0.0,19.62448155
SMILE_LEFT,199,R1->L1,L6->L7,12.206555615733702,False,34.757066781809534,-34.22818791946308,-6.0402684563758395,4.242640687119285,19.724525800000002
SMILE_LEFT,200,R1->L1,L7->L8,11.180339887498949,False,12.64911064067352,10.4,7.200000000000001,1.4142135623730951,19.822890949999994
SMILE_LEFT,201,R1->L1,L8->R8,19.4164878389476,False,16.286558549611406,15.649867374005305,-4.509283819628647,3.1622776601683795,19.92083505
SMILE_LEFT,202,R1->L1,R8->R7,14.317821063276353,False,6.984302957695782,-6.341463414634147,2.9268292682926833,1.0,20.0187495
SMILE_LEFT,203,R1->L1,R7->R6,5.385164807134504,False,18.56953381770519,17.24137931034483,6.896551724137932,1.0,20.116717799999996
SMILE_LEFT,204,R1->L1,R6->R5,31.906112267087632,False,3.1341957040361135,2.6522593320235757,-1.6699410609037328,1.0,20.216223049999996
SMILE_LEFT,205,R1->L1,R5->R4,47.4236228055175,False,2.108653748577924,1.4228546020453536,1.5562472209871054,1.0,20.315791999999995
SMILE_LEFT,206,R1->L1,R4->R3,50.15974481593781,True,2.8194193721730048,2.6232114467408585,1.0333863275039747,1.4142135623730951,20.4148664
SMILE_LEFT,207,R1->L1,R3->R2,7.0,False,14.285714285714285,0.0,-14.285714285714285,1.0,20.513903
SMILE_RIGHT,0,L1->L2,L3->L4,299.2607558635111,True,0.7471971963205328,0.7414272474513438,0.09267840593141796,2.23606797749979,0.05024705000000296
SMILE_RIGHT,1,L1->L2,L4->L5,93.38094023943002,True,1.5144563320384565,1.513761467889908,-0.04587155963302753,1.4142135623730951,0.1491312500000035
SMILE_RIGHT,2,L1->L2,L5->L6,83.40863264674707,True,1.6955242131382064,1.681759379042691,-0.215610176800345,1.4142135623730951,0.24509085000000397
SMILE_RIGHT,3,L1->L2,L6->L7,45.79301256742124,False,0.0,-0.0,-0.0,0.0,0.3416552500000023
SMILE_RIGHT,4,L1->L2,L7->L8,19.313207915827967,False,21.967560778146378,-20.107238605898125,-8.847184986595174,4.242640687119285,0.4402635499999974
SMILE_RIGHT,5,L1->L2,L8->R8,7.0710678118654755,False,19.999999999999996,-12.0,-15.999999999999998,1.4142135623730951,0.5392632000000006
SMILE_RIGHT,6,L1->L2,R8->R7,4.242640687119285,False,105.40925533894598,-33.33333333333333,100.0,4.47213595499958,0.6392681999999965
SMILE_RIGHT,7,L1->L2,R7->R6,22.561028345356956,False,6.268391408072227,-5.304518664047151,3.3398821218074657,1.4142135623730951,0.739738250000002
SMILE_RIGHT,8,L1->L2,R6->R5,10.44030650891055,False,21.417646843905963,21.100917431192656,3.669724770642201,2.23606797749979,0.8391520000000057
SMILE_RIGHT,9,L1->L2,R5->R4,60.4648658313239,True,3.698127742047171,3.2275711159737424,-1.8052516411378554,2.23606797749979,0.93911765
SMILE_RIGHT,10,L1->L2,R4->R3,45.803929962395145,False,2.1832187779978622,-1.2869399428026693,-1.7635843660629171,1.0,1.0391783500000003
SMILE_RIGHT,11,L1->L2,R3->R2,25.612496949731394,False,3.904344047215152,3.0487804878048785,2.439024390243903,1.0,1.1392230500000053
SMILE_RIGHT,12,L1->L2,R2->R1,373.2077169620157,True,0.267947299734367,-0.1593865770655639,0.21538726630481608,1.0,1.2397586000000018
SMILE_RIGHT,13,L2->L3,L4->L5,247.95160818191923,True,2.351649153478044,-2.3487312947299936,-0.11711125569290831,5.830951894845301,1.3402300499999953
SMILE_RIGHT,14,L2->L3,L5->L6,161.82088863926066,True,0.6179671910152779,-0.50026731841442,-0.36278927671274724,1.0,1.438628399999999
SMILE_RIGHT,15,L2->L3,L6->L7,40.8166632639171,False,0.0,-0.0,-0.0,0.0,1.5356737999999979
SMILE_RIGHT,16,L2->L3,L7->L8,18.867962264113206,False,5.2999894000318,-4.49438202247191,2.8089887640449436,1.0,1.6354272999999964
SMILE_RIGHT,17,L2->L3,L8->R8,15.620499351813308,False,6.4018439966448,4.0983606557377055,4.918032786885247,1.0,1.7351810000000043
SMILE_RIGHT,18,L2->L3,R8->R7,9.848857801796104,False,14.35916317235476,-5.154639175257731,13.402061855670103,1.4142135623730951,1.8345903500000063
SMILE_RIGHT,19,L2->L3,R7->R6,7.280109889280518,False,19.425717247145283,-9.433962264150944,-16.9811320754717,1.4142135623730951,1.9361050500000019
SMILE_RIGHT,20,L2->L3,R6->R5,18.027756377319946,False,7.84464540552736,1.5384615384615385,-7.692307692307692,1.4142135623730951,2.040235349999996
SMILE_RIGHT,21,L2->L3,R5->R4,5.385164807134504,False,18.56953381770519,17.24137931034483,-6.896551724137932,1.0,2.1447482499999992
SMILE_RIGHT,22,L2->L3,R4->R3,16.278820596099706,False,6.142951168339512,6.037735849056604,1.1320754716981134,1.0,2.2466784000000004
SMILE_RIGHT,23,L2->L3,R3->R2,7.211102550927978,False,13.867504905630728,-7.6923076923076925,-11.538461538461538,1.0,2.346153749999999
SMILE_RIGHT,24,L2->L3,R2->R1,51.61395160225576,True,1.9374606457303212,-1.5765765765765765,1.1261261261261262,1.0,2.4456361000000015
SMILE_RIGHT,25,L2->L3,R1->L1,33.24154027718932,False,0.0,-0.0,-0.0,0.0,2.545643300000002
SMILE_RIGHT,26,L3->L4,L1->L2,327.9466420014085,True,0.6818389613180385,0.6583045867465063,0.1775934690234219,2.23606797749979,2.645656449999997
SMILE_RIGHT,27,L3->L4,L5->L6,252.1606630701942,True,0.3965725612490276,-0.32554847841472045,-0.2264685067232838,1.0,2.7456122999999977
SMILE_RIGHT,28,L3->L4,L6->L7,26.92582403567252,False,3.7139067635410377,-3.1724137931034484,-1.9310344827586208,1.0,2.8450967500000033
SMILE_RIGHT,29,L3->L4,L7->L8,23.08679276123039,False,0.0,0.0,0.0,0.0,2.9436753999999965
SMILE_RIGHT,30,L3->L4,L8->R8,21.93171219946131,False,0.0,0.0,0.0,0.0,3.042342099999999
SMILE_RIGHT,31,L3->L4,R8->R7,9.0,False,22.22222222222222,-22.22222222222222,-0.0,2.0,3.1413359499999984
SMILE_RIGHT,32,L3->L4,R7->R6,23.769728648009426,False,13.303802104754785,-7.256637168141593,11.150442477876107,3.1622776601683795,3.2402702000000048
SMILE_RIGHT,33,L3->L4,R6->R5,13.601470508735444,False,16.43989873053573,16.216216216216218,-2.7027027027027026,2.23606797749979,3.3390315500000014
SMILE_RIGHT,34,L3->L4,R5->R4,57.38466694161429,True,3.8966297038455666,-3.765563316125114,-1.002125721226845,2.23606797749979,3.436526149999999
SMILE_RIGHT,35,L3->L4,R4->R3,58.180752831155424,True,3.8433122101204393,-3.1610044313146233,-2.1861152141802065,2.23606797749979,3.5342594000000034
SMILE_RIGHT,36,L3->L4,R3->R2,18.027756377319946,False,7.84464540552736,-5.23076923076923,-5.846153846153846,1.4142135623730951,3.6317604499999945
SMILE_RIGHT,37,L3->L4,R2->R1,39.45883931389772,False,3.584022203803136,2.1194605009633913,2.8901734104046244,1.4142135623730951,3.729744950000004
SMILE_RIGHT,38,L3->L4,R1->L1,123.84667940643382,True,1.8055130652002176,-1.7668535663059073,0.37162602686139,2.23606797749979,3.828679749999999
SMILE_RIGHT,39,L4->L5,L1->L2,76.05918747922567,True,1.859359282216056,1.849611063094209,0.19014693171996538,1.4142135623730951,3.9281793000000036
SMILE_RIGHT,40,L4->L5,L2->L3,240.62626623043462,True,1.8585402271574374,-1.8514360719158567,-0.16234607347023366,4.47213595499958,4.028289199999996
SMILE_RIGHT,41,L4->L5,L6->L7,175.41949720598336,True,1.2746975183004459,-1.2738853503184715,-0.04549590536851679,2.23606797749979,4.127219700000005
SMILE_RIGHT,42,L4->L5,L7->L8,66.60330322138685,True,3.3572929109344387,-3.1109107303877366,1.262398557258792,2.23606797749979,4.225782250000002
SMILE_RIGHT,43,L4->L5,L8->R8,47.634021455258214,False,2.9689149040280816,2.952842661965624,-0.3085059497576024,1.4142135623730951,4.325267850000003
SMILE_RIGHT,44,L4->L5,R8->R7,22.02271554554524,False,10.15346165133619,-9.896907216494846,2.268041237113402,2.23606797749979,4.424676600000005
SMILE_RIGHT,45,L4->L5,R7->R6,19.209372712298546,False,26.028960314767673,-25.203252032520325,-6.5040650406504055,5.0,4.5312833500000025
SMILE_RIGHT,46,L4->L5,R6->R5,5.0,False,44.721359549995796,-40.0,-20.0,2.23606797749979,4.638320300000004
SMILE_RIGHT,47,L4->L5,R5->R4,39.6232255123179,False,7.138306102482497,-7.133757961783441,0.2547770700636944,2.8284271247461903,4.737240499999999
SMILE_RIGHT,48,L4->L5,R4->R3,35.014282800023196,False,8.077923917220192,-5.546492659053833,5.872756933115823,2.8284271247461903,4.8351884
SMILE_RIGHT,49,L4->L5,R3->R2,18.973665961010276,False,7.4535599249993,-6.666666666666667,-3.333333333333334,1.4142135623730951,4.932722500000004
SMILE_RIGHT,50,L4->L5,R2->R1,115.12167476196652,True,2.7469003267255467,-2.6635478759526148,0.6715460650418772,3.1622776601683795,5.030705400000002
SMILE_RIGHT,51,L4->L5,R1->L1,45.48626166217664,False,2.198466005905106,-1.8366360560657324,-1.2083131947800874,1.0,5.1312573499999985
SMILE_RIGHT,52,L5->L6,L1->L2,88.72992730753249,True,1.593840551082069,1.5877048139209957,-0.1397180236250476,1.4142135623730951,5.232257600000004
SMILE_RIGHT,53,L5->L6,L2->L3,176.0113632695344,True,0.5681451364413634,-0.45836023240800516,-0.3357004519044545,1.0,5.331764850000006
SMILE_RIGHT,54,L5->L6,L3->L4,272.3692346796899,True,0.3671486616966905,-0.30733975871132974,-0.20084922828064972,1.0,5.431760450000006
SMILE_RIGHT,55,L5->L6,L7->L8,178.63090438107287,True,7.299075630603369,-7.298881193393712,-0.053276505061267694,13.038404810405298,5.532153700000002
SMILE_RIGHT,56,L5->L6,L8->R8,52.69724850502159,True,2.6836573113268583,0.5401512423478575,2.6287360460929063,1.4142135623730951,5.6316552999999985
SMILE_RIGHT,57,L5->L6,R8->R7,17.029386365926403,False,13.130643285972255,12.068965517241379,5.1724137931034475,2.23606797749979,5.729753800000005
SMILE_RIGHT,58,L5->L6,R7->R6,3.0,False,74.53559924999298,-33.33333333333333,-66.66666666666666,2.23606797749979,5.827685500000001
SMILE_RIGHT,59,L5->L6,R6->R5,45.09988913511872,False,2.2173003507924642,2.2123893805309733,-0.14749262536873156,1.0,5.926124250000001
SMILE_RIGHT,60,L5->L6,R5->R4,6.4031242374328485,False,15.617376188860607,-9.756097560975611,-12.195121951219514,1.0,6.031582750000005
SMILE_RIGHT,61,L5->L6,R4->R3,5.830951894845301,False,0.0,-0.0,-0.0,0.0,6.1360725000000045
SMILE_RIGHT,62,L5->L6,R3->R2,2.8284271247461903,False,35.35533905932738,-25.0,-25.0,1.0,6.232638200000004
SMILE_RIGHT,63,L5->L6,R2->R1,40.26164427839479,False,0.0,0.0,0.0,0.0,6.330217749999996
SMILE_RIGHT,64,L5->L6,R1->L1,69.8927750200262,True,2.0234045106491827,-1.9856704196519963,-0.3889457523029683,1.4142135623730951,6.428173100000002
SMILE_RIGHT,65,L6->L7,L1->L2,39.824615503479755,False,2.5110098047591274,-1.9546027742749057,-1.5762925598991173,1.0,6.525675650000004
SMILE_RIGHT,66,L6->L7,L2->L3,44.68780594300866,False,0.0,-0.0,-0.0,0.0,6.6241647499999985
SMILE_RIGHT,67,L6->L7,L3->L4,40.22437072223753,False,2.486055050818141,-2.0395550061804695,-1.4215080346106304,1.0,6.7221166
SMILE_RIGHT,68,L6->L7,L4->L5,200.9975124224178,True,1.112485398724962,-1.108910891089109,-0.08910891089108908,2.23606797749979,6.820230549999998
SMILE_RIGHT,69,L6->L7,L8->R8,295.8530040408581,True,1.9120489473587206,1.859954986347382,-0.44328165522284035,5.656854249492381,6.918214849999998
SMILE_RIGHT,70,L6->L7,R8->R7,50.566787519082126,True,10.649608312773145,10.637465780211185,0.5084082909659755,5.385164807134504,7.016135949999999
SMILE_RIGHT,71,L6->L7,R7->R6,36.796738985948195,False,11.205084307041929,-9.379615952732646,-6.129985228951256,4.123105625617661,7.115630599999996
SMILE_RIGHT,72,L6->L7,R6->R5,17.204650534085253,False,8.219949365267865,-1.3513513513513513,-8.108108108108109,1.4142135623730951,7.215181749999999
SMILE_RIGHT,73,L6->L7,R5->R4,11.704699910719626,False,12.08244186660354,-10.948905109489052,5.109489051094891,1.4142135623730951,7.313746500000001
SMILE_RIGHT,74,L6->L7,R4->R3,15.652475842498529,False,14.285714285714285,-8.571428571428571,11.428571428571429,2.23606797749979,7.412222399999997
SMILE_RIGHT,75,L6->L7,R3->R2,1.4142135623730951,False,70.71067811865476,-50.0,50.0,1.0,7.5101900999999955
SMILE_RIGHT,76,L6->L7,R2->R1,59.464274989274024,True,2.3782574707724704,-2.1493212669683257,-1.0180995475113122,1.4142135623730951,7.607218600000003
SMILE_RIGHT,77,L6->L7,R1->L1,66.30987860040162,True,3.016141851280492,-2.7746190584489425,1.1826245167159426,2.0,7.705702899999999
SMILE_RIGHT,78,L7->L8,L1->L2,17.72004514666935,False,23.942606534028666,-21.019108280254777,-11.464968152866243,4.242640687119285,7.804230500000003
SMILE_RIGHT,79,L7->L8,L2->L3,26.40075756488817,False,0.0,-0.0,-0.0,0.0,7.901793949999998
SMILE_RIGHT,80,L7->L8,L3->L4,30.0,False,3.333333333333334,2.666666666666667,2.0,1.0,8.000782399999999
SMILE_RIGHT,81,L7->L8,L4->L5,88.72992730753249,True,4.063512035761473,-3.8994030229899654,1.143147466023117,3.605551275463989,8.101173100000004
SMILE_RIGHT,82,L7->L8,L5->L6,187.27786842016332,True,6.517884744580679,-6.517834231460097,-0.025660764690787985,12.206555615733702,8.200622349999996
SMILE_RIGHT,83,L7->L8,R8->R7,122.31925441237777,True,13.182319965944316,13.139954551530545,1.0560085550060156,16.1245154965971,8.298587149999996
SMILE_RIGHT,84,L7->L8,R7->R6,60.74537019394976,True,5.9355161783557655,-5.934959349593496,0.08130081300812994,3.605551275463989,8.395585150000002
SMILE_RIGHT,85,L7->L8,R6->R5,21.18962010041709,False,4.719291781830087,1.5590200445434297,-4.4543429844097995,1.0,8.492072650000004
SMILE_RIGHT,86,L7->L8,R5->R4,13.416407864998739,False,10.5409255338946,-10.0,3.3333333333333335,1.4142135623730951,8.590207249999999
SMILE_RIGHT,87,L7->L8,R4->R3,13.92838827718412,False,20.306923302672377,-8.24742268041237,18.556701030927833,2.8284271247461903,8.689201099999998
SMILE_RIGHT,88,L7->L8,R3->R2,1.0,False,0.0,0.0,0.0,0.0,8.787629900000006
SMILE_RIGHT,89,L7->L8,R2->R1,55.362442142665635,True,7.663391503189579,-6.949429037520391,-3.230016313213704,4.242640687119285,8.886157500000003
SMILE_RIGHT,90,L7->L8,R1->L1,67.60177512462228,True,2.9585021936377363,-2.5820568927789935,1.4442013129102844,2.0,8.984196899999993
SMILE_RIGHT,91,L8->R8,L1->L2,12.727922061357855,False,11.11111111111111,-0.0,-11.11111111111111,1.4142135623730951,9.082180850000007
SMILE_RIGHT,92,L8->R8,L2->L3,24.413111231467404,False,4.096159602595202,2.348993288590604,3.3557046979865772,1.0,9.17961295
SMILE_RIGHT,93,L8->R8,L3->L4,30.0,False,3.333333333333334,2.666666666666667,2.0,1.0,9.276125299999997
SMILE_RIGHT,94,L8->R8,L4->L5,67.26812023536856,True,1.4865882924943326,1.1049723756906076,0.9944751381215469,1.0,9.37421410000001
SMILE_RIGHT,95,L8->R8,L5->L6,55.226805085936306,True,0.0,-0.0,-0.0,0.0,9.474294050000005
SMILE_RIGHT,96,L8->R8,L6->L7,308.4493475434824,True,2.075907855999013,1.9875763340725872,-0.5991107934539263,6.4031242374328485,9.574679300000007
SMILE_RIGHT,97,L8->R8,R7->R6,322.59107241211746,True,0.8767840670844138,0.8513909575745927,-0.2094844568298659,2.8284271247461903,9.67413595
SMILE_RIGHT,98,L8->R8,R6->R5,70.66116330771806,True,10.205185158818828,10.134187863008211,-1.2016823552974165,7.211102550927978,9.772241849999993
SMILE_RIGHT,99,L8->R8,R5->R4,38.47076812334269,False,15.156837721956704,15.135135135135133,-0.8108108108108106,5.830951894845301,9.870725499999999
SMILE_RIGHT,100,L8->R8,R4->R3,22.090722034374522,False,0.0,0.0,-0.0,0.0,9.96961000000001
SMILE_RIGHT,101,L8->R8,R3->R2,5.385164807134504,False,37.13906763541038,34.48275862068966,13.793103448275865,2.0,10.06822325000001
SMILE_RIGHT,102,L8->R8,R2->R1,50.80354318352215,True,9.841833239736953,-8.795040681906238,-4.416892677256878,5.0,10.16873524999999
SMILE_RIGHT,103,L8->R8,R1->L1,82.37718130647589,True,2.4278568024307656,1.3262599469496021,2.033598585322723,2.0,10.2691783
SMILE_RIGHT,104,R8->R7,L1->L2,13.038404810405298,False,38.34824944236852,-28.82352941176471,25.294117647058822,5.0,10.368289449999999
SMILE_RIGHT,105,R8->R7,L2->L3,15.652475842498529,False,0.0,-0.0,-0.0,0.0,10.467803749999995
SMILE_RIGHT,106,R8->R7,L3->L4,18.439088914585774,False,12.126781251816649,-11.76470588235294,-2.941176470588235,2.23606797749979,10.567700300000006
SMILE_RIGHT,107,R8->R7,L4->L5,34.058772731852805,False,4.1522739926869985,-4.137931034482759,-0.3448275862068966,1.4142135623730951,10.666140150000011
SMILE_RIGHT,108,R8->R7,L5->L6,17.46424919657298,False,12.803687993289598,9.836065573770492,8.19672131147541,2.23606797749979,10.764187299999996
SMILE_RIGHT,109,R8->R7,L6->L7,55.47071299343465,True,10.511766624552733,10.497237569060774,-0.5524861878453036,5.830951894845301,10.863744750000002
SMILE_RIGHT,110,R8->R7,L7->L8,124.19742348374221,True,13.2057646662885,13.19286871961102,0.5834683954619122,16.401219466856727,10.962683700000007
SMILE_RIGHT,111,R8->R7,R6->R5,169.04733065032408,True,1.7746509148999974,-0.7978444203380342,1.5851908877768834,3.0,11.061221699999997
SMILE_RIGHT,112,R8->R7,R5->R4,49.64876634922564,False,17.208894346376425,17.079107505070994,2.1095334685598375,8.54400374531753,11.161377449999996
SMILE_RIGHT,113,R8->R7,R4->R3,23.021728866442675,False,17.90962637748571,17.169811320754715,-5.094339622641508,4.123105625617661,11.261863999999996
SMILE_RIGHT,114,R8->R7,R3->R2,7.615773105863909,False,0.0,-0.0,-0.0,0.0,11.361303650000004
SMILE_RIGHT,115,R8->R7,R2->R1,39.0,False,14.504754485877896,10.256410256410255,10.256410256410255,5.656854249492381,11.460247550000012
SMILE_RIGHT,116,R8->R7,R1->L1,68.47627326307996,True,3.2654638912795506,2.6871401151631478,1.8554062699936018,2.23606797749979,11.559264699999993
SMILE_RIGHT,117,R7->R6,L1->L2,24.020824298928627,False,0.0,0.0,0.0,0.0,11.658192449999994
SMILE_RIGHT,118,R7->R6,L2->L3,18.35755975068582,False,15.40742431542691,-14.83679525222552,-4.154302670623146,2.8284271247461903,11.756108450000006
SMILE_RIGHT,119,R7->R6,L3->L4,23.853720883753127,False,9.374084606744876,-8.084358523725834,4.745166959578208,2.23606797749979,11.854638549999997
SMILE_RIGHT,120,R7->R6,L4->L5,41.036569057366385,False,14.20916033865799,-13.895486935866982,-2.969121140142518,5.830951894845301,11.954945299999999
SMILE_RIGHT,121,R7->R6,L5->L6,9.486832980505138,False,29.8142396999972,-26.666666666666668,-13.333333333333336,2.8284271247461903,12.055948499999992
SMILE_RIGHT,122,R7->R6,L6->L7,49.51767361255979,False,10.097404896525243,-9.9510603588907,-1.7128874388254487,5.0,12.156649100000003
SMILE_RIGHT,123,R7->R6,L7->L8,68.01470429252781,True,6.237828615518053,-6.22568093385214,0.38910505836575887,4.242640687119285,12.25475500000001
SMILE_RIGHT,124,R7->R6,L8->R8,333.75589882427545,True,0.6699710732834399,0.5898036680940455,-0.31779375723788744,2.23606797749979,12.353224449999992
SMILE_RIGHT,125,R7->R6,R5->R4,84.17244204607586,True,28.339109931841634,-27.974594213126323,4.530698659139027,23.853720883753127,12.4527383
SMILE_RIGHT,126,R7->R6,R4->R3,15.811388300841896,False,58.309518948453,-30.0,50.0,9.219544457292887,12.551791650000006
SMILE_RIGHT,127,R7->R6,R3->R2,17.08800749063506,False,29.26028679903264,-28.08219178082192,8.21917808219178,5.0,12.650713450000005
SMILE_RIGHT,128,R7->R6,R2->R1,33.60059523282288,False,6.654846326399233,-1.1514614703277233,6.554472984942426,2.23606797749979,12.750205000000001
SMILE_RIGHT,129,R7->R6,R1->L1,70.7248188403477,True,9.998000599800074,-9.796081567373054,-1.9992003198720514,7.0710678118654755,12.85012865000001
SMILE_RIGHT,130,R6->R5,L1->L2,12.206555615733702,False,18.318582636182796,-2.684563758389261,18.120805369127517,2.23606797749979,12.94917610000001
SMILE_RIGHT,131,R6->R5,L2->L3,23.853720883753127,False,0.0,-0.0,-0.0,0.0,13.0487568
SMILE_RIGHT,132,R6->R5,L3->L4,3.0,False,94.28090415820634,66.66666666666666,-66.66666666666666,2.8284271247461903,13.148768699999998
SMILE_RIGHT,133,R6->R5,L4->L5,17.029386365926403,False,13.130643285972255,-12.068965517241379,-5.1724137931034475,2.23606797749979,13.248793650000003
SMILE_RIGHT,134,R6->R5,L5->L6,48.093658625644196,False,0.0,-0.0,-0.0,0.0,13.34727745
SMILE_RIGHT,135,R6->R5,L6->L7,20.518284528683193,False,4.873701788285794,-3.5629453681710213,-3.32541567695962,1.0,13.447313700000002
SMILE_RIGHT,136,R6->R5,L7->L8,19.1049731745428,False,5.234239225902137,3.5616438356164384,-3.8356164383561637,1.0,13.546289749999993
SMILE_RIGHT,137,R6->R5,L8->R8,68.24221567329127,True,10.566923245064375,10.564741249731586,0.21473051320592632,7.211102550927978,13.64375599999999
SMILE_RIGHT,138,R6->R5,R8->R7,166.41213898030395,True,2.1666395838411354,-0.010833062506770658,2.166612501354133,3.605551275463989,13.743264150000009
SMILE_RIGHT,139,R6->R5,R4->R3,338.89526405661087,True,0.9331135591319848,0.9090117544623423,0.2107096212451023,3.1622776601683795,13.843299249999994
SMILE_RIGHT,140,R6->R5,R3->R2,180.5602392554906,True,2.476811048456555,-2.4599717808723396,-0.2883258695785535,4.47213595499958,13.943774799999993
SMILE_RIGHT,141,R6->R5,R2->R1,125.51493934986385,True,3.5630308058659237,2.1962676145740763,-2.805636663704456,4.47213595499958,14.043773500000007
SMILE_RIGHT,142,R6->R5,R1->L1,96.83491106000976,True,2.0653708235045274,-1.684973872240589,1.1944118588034554,2.0,14.143755050000003
SMILE_RIGHT,143,R5->R4,L1->L2,60.74537019394976,True,2.3281009858985944,2.1138211382113825,-0.975609756097561,1.4142135623730951,14.243258950000005
SMILE_RIGHT,144,R5->R4,L2->L3,13.038404810405298,False,0.0,-0.0,-0.0,0.0,14.342754550000002
SMILE_RIGHT,145,R5->R4,L3->L4,56.639209034025185,True,3.9479152615929083,-3.802992518703242,-1.059850374064838,2.23606797749979,14.442846350000003
SMILE_RIGHT,146,R5->R4,L4->L5,65.06919393998976,True,3.436446407438227,-3.2357109116674545,-1.1572980632971184,2.23606797749979,14.544263800000003
SMILE_RIGHT,147,R5->R4,L5->L6,16.492422502470642,False,0.0,-0.0,-0.0,0.0,14.645216300000008
SMILE_RIGHT,148,R5->R4,L6->L7,24.041630560342615,False,4.159451654038515,-2.941176470588235,2.941176470588235,1.0,14.74429885
SMILE_RIGHT,149,R5->R4,L7->L8,23.259406699226016,False,12.160358006209632,-11.46025878003697,-4.066543438077634,2.8284271247461903,14.84281275
SMILE_RIGHT,150,R5->R4,L8->R8,43.840620433565945,False,14.605459900221637,14.516129032258062,1.6129032258064515,6.4031242374328485,14.9423983
SMILE_RIGHT,151,R5->R4,R8->R7,56.568542494923804,True,15.20690632574555,15.000000000000002,2.5,8.602325267042627,15.041886499999997
SMILE_RIGHT,152,R5->R4,R7->R6,82.3286098510111,True,24.29289166450608,-24.254942460902924,-1.3573325464738863,20.0,15.141189450000006
SMILE_RIGHT,153,R5->R4,R3->R2,253.03161857759991,True,1.1178156866900673,-1.108941819601718,0.14057008980866847,2.8284271247461903,15.24021555000001
SMILE_RIGHT,154,R5->R4,R2->R1,63.324560795950255,True,28.46882181372012,-21.571072319201992,-18.5785536159601,18.027756377319946,15.3382401
SMILE_RIGHT,155,R5->R4,R1->L1,35.05709628591621,False,12.102088126516392,-8.0553295362083,-9.03173311635476,4.242640687119285,15.436162899999992
SMILE_RIGHT,156,R4->R3,L1->L2,36.40054944640259,False,3.8851434494290564,-3.8490566037735845,-0.5283018867924529,1.4142135623730951,15.534732049999995
SMILE_RIGHT,157,R4->R3,L2->L3,11.40175425099138,False,8.770580193070293,8.461538461538462,-2.307692307692308,1.0,15.633762949999998
SMILE_RIGHT,158,R4->R3,L3->L4,41.23105625617661,False,6.859943405700353,-6.823529411764705,-0.7058823529411764,2.8284271247461903,15.732263850000002
SMILE_RIGHT,159,R4->R3,L4->L5,23.08679276123039,False,12.251277836633776,-9.380863039399623,7.879924953095685,2.8284271247461903,15.830271000000003
SMILE_RIGHT,160,R4->R3,L5->L6,3.605551275463989,False,27.735009811261456,-15.384615384615385,-23.076923076923077,1.0,15.92722525
SMILE_RIGHT,161,R4->R3,L6->L7,6.082762530298219,False,23.249527748763853,-18.918918918918916,13.513513513513512,1.4142135623730951,16.025197650000003
SMILE_RIGHT,162,R4->R3,L7->L8,12.0,False,18.633899812498246,-16.666666666666664,8.333333333333332,2.23606797749979,16.12376550000001
SMILE_RIGHT,163,R4->R3,L8->R8,19.313207915827967,False,5.177803730784978,1.8766756032171583,-4.82573726541555,1.0,16.222324500000006
SMILE_RIGHT,164,R4->R3,R8->R7,18.027756377319946,False,23.533936216582084,21.23076923076923,-10.153846153846155,4.242640687119285,16.321340549999995
SMILE_RIGHT,165,R4->R3,R7->R6,19.6468827043885,False,43.784682773726416,-40.932642487046635,15.544041450777202,8.602325267042627,16.41973810000001
SMILE_RIGHT,166,R4->R3,R6->R5,326.65884344373717,True,1.2622054196208568,1.1723801848068525,0.46764005772871253,4.123105625617661,16.5177275
SMILE_RIGHT,167,R4->R3,R2->R1,485.26796720987056,True,2.91429407653745,-2.840945283139054,0.649722912287407,14.142135623730951,16.615763199999996
SMILE_RIGHT,168,R4->R3,R1->L1,110.11357772772621,True,2.871832634470952,-2.68041237113402,1.0309278350515463,3.1622776601683795,16.714156749999994
SMILE_RIGHT,169,R3->R2,L1->L2,27.65863337187866,False,0.0,0.0,0.0,0.0,16.81323220000001
SMILE_RIGHT,170,R3->R2,L2->L3,22.47220505424423,False,0.0,-0.0,-0.0,0.0,16.911334200000006
SMILE_RIGHT,171,R3->R2,L3->L4,18.110770276274835,False,5.521576303742328,0.6097560975609756,-5.487804878048781,1.0,17.00821820000001
SMILE_RIGHT,172,R3->R2,L4->L5,8.246211251235321,False,0.0,-0.0,0.0,0.0,17.1057049
SMILE_RIGHT,173,R3->R2,L5->L6,12.041594578792296,False,0.0,-0.0,-0.0,0.0,17.2042827
SMILE_RIGHT,174,R3->R2,L6->L7,11.40175425099138,False,0.0,-0.0,-0.0,0.0,17.301770499999996
SMILE_RIGHT,175,R3->R2,L7->L8,11.045361017187261,False,0.0,-0.0,-0.0,0.0,17.398670150000008
SMILE_RIGHT,176,R3->R2,L8->R8,13.416407864998739,False,10.5409255338946,10.0,3.3333333333333335,1.4142135623730951,17.49763699999999
SMILE_RIGHT,177,R3->R2,R8->R7,17.88854381999832,False,5.5901699437494745,2.5,5.0,1.0,17.596611700000004
SMILE_RIGHT,178,R3->R2,R7->R6,20.591260281974,False,21.718612138153464,-17.92452830188679,-12.264150943396226,4.47213595499958,17.6946455
SMILE_RIGHT,179,R3->R2,R6->R5,202.41047403728888,True,1.5623093000542116,-1.425433243836954,-0.6394923114474005,3.1622776601683795,17.793350749999995
SMILE_RIGHT,180,R3->R2,R5->R4,276.9440376682625,True,0.8074078778970736,-0.786200422436048,-0.183837909723852,2.23606797749979,17.892297300000003
SMILE_RIGHT,181,R3->R2,R1->L1,68.09552114493287,True,6.567445082740747,-6.555962907051974,0.3881820142333406,4.47213595499958,17.991265750000004
SMILE_RIGHT,182,R2->R1,L1->L2,348.644518098306,True,0.6413604291547457,0.14643817923045915,0.6244189777298792,2.23606797749979,18.09120375
SMILE_RIGHT,183,R2->R1,L2->L3,26.076809620810597,False,0.0,-0.0,-0.0,0.0,18.19067839999999
SMILE_RIGHT,184,R2->R1,L3->L4,20.518284528683193,False,10.897928500669323,-10.451306413301664,3.0878859857482186,2.23606797749979,18.289158250000007
SMILE_RIGHT,185,R2->R1,L4->L5,19.72308292331602,False,5.070201265633938,-2.570694087403599,4.370179948586118,1.0,18.387221349999997
SMILE_RIGHT,186,R2->R1,L5->L6,24.186773244895647,False,4.134491152973615,-4.102564102564102,-0.5128205128205128,1.0,18.485339700000004
SMILE_RIGHT,187,R2->R1,L6->L7,8.06225774829855,False,0.0,-0.0,-0.0,0.0,18.58496809999999
SMILE_RIGHT,188,R2->R1,L7->L8,16.401219466856727,False,8.622612271184535,1.1152416356877322,8.550185873605946,1.4142135623730951,18.684233749999997
SMILE_RIGHT,189,R2->R1,L8->R8,14.0,False,15.971914124998495,7.142857142857142,14.285714285714285,2.23606797749979,18.783234450000002
SMILE_RIGHT,190,R2->R1,R8->R7,24.73863375370596,False,18.077538151554677,-17.64705882352941,-3.9215686274509802,4.47213595499958,18.881690299999995
SMILE_RIGHT,191,R2->R1,R7->R6,36.138621999185304,False,2.7671226645624274,-2.679938744257274,0.6891271056661561,1.0,18.97975565000001
SMILE_RIGHT,192,R2->R1,R6->R5,138.85243966167826,True,2.2774375933713844,2.0954356846473026,-0.892116182572614,3.1622776601683795,19.07984609999999
SMILE_RIGHT,193,R2->R1,R5->R4,8.06225774829855,False,149.35759876113536,-98.46153846153847,112.3076923076923,12.041594578792296,19.18027025
SMILE_RIGHT,194,R2->R1,R4->R3,460.8047308784926,True,2.137316989567345,-2.0561267018616283,0.5834954153931647,9.848857801796104,19.279262449999997
SMILE_RIGHT,195,R1->L1,L2->L3,23.259406699226016,False,4.299335803923478,-1.8484288354898335,3.8817005545286505,1.0,19.377723300000007
SMILE_RIGHT,196,R1->L1,L3->L4,30.528675044947494,False,0.0,-0.0,-0.0,0.0,19.474661399999995
SMILE_RIGHT,197,R1->L1,L4->L5,30.59411708155671,False,0.0,0.0,0.0,0.0,19.574318550000008
SMILE_RIGHT,198,R1->L1,L5->L6,9.219544457292887,False,0.0,-0.0,-0.0,0.0,19.67476815
SMILE_RIGHT,199,R1->L1,L6->L7,12.206555615733702,False,11.585688927269846,-11.409395973154362,-2.0134228187919465,1.4142135623730951,19.773195750000006
SMILE_RIGHT,200,R1->L1,L7->L8,11.180339887498949,False,12.64911064067352,10.4,7.200000000000001,1.4142135623730951,19.87130355
SMILE_RIGHT,201,R1->L1,L8->R8,19.4164878389476,False,11.516335992621968,10.079575596816975,5.570291777188328,2.23606797749979,19.97008985
SMILE_RIGHT,202,R1->L1,R8->R7,14.317821063276353,False,15.617376188860607,12.195121951219514,9.75609756097561,2.23606797749979,20.070258450000004
SMILE_RIGHT,203,R1->L1,R7->R6,5.385164807134504,False,52.522573143889026,-20.689655172413794,-48.275862068965516,2.8284271247461903,20.1709868
SMILE_RIGHT,204,R1->L1,R6->R5,31.906112267087632,False,7.008274649012562,6.974459724950885,-0.6876227897838901,2.23606797749979,20.27033174999999
SMILE_RIGHT,205,R1->L1,R5->R4,47.4236228055175,False,8.9462601887633,8.937305469097376,0.40017785682525586,4.242640687119285,20.36827915
SMILE_RIGHT,206,R1->L1,R4->R3,50.15974481593781,True,4.4578934476343255,4.4515103338632755,0.23847376788553265,2.23606797749979,20.467127450000014
SMILE_RIGHT,207,R1->L1,R3->R2,7.0,False,31.94382824999699,14.285714285714285,-28.57142857142857,2.23606797749979,20.56663115
SMILE_BOTH,0,L1->L2,L3->L4,299.2607558635111,True,7.151266626083569,7.136237256719184,-0.46339202965709014,21.400934559032695,0.04984385000000202
SMILE_BOTH,1,L1->L2,L4->L5,93.38094023943002,True,2.3945657130528786,2.293577981651376,0.6880733944954128,2.23606797749979,0.1490042500000044
SMILE_BOTH,2,L1->L2,L5->L6,83.40863264674707,True,1.6955242131382064,1.681759379042691,-0.215610176800345,1.4142135623730951,0.2480118500000117
SMILE_BOTH,3,L1->L2,L6->L7,45.79301256742124,False,7.873583923214314,-7.868383404864092,0.2861230329041486,3.605551275463989,0.3473117000000059
SMILE_BOTH,4,L1->L2,L7->L8,19.313207915827967,False,43.935121556292756,-40.21447721179625,-17.694369973190348,8.48528137423857,0.44584385000001703
SMILE_BOTH,5,L1->L2,L8->R8,7.0710678118654755,False,31.622776601683793,26.0,17.999999999999996,2.23606797749979,0.544783350000003
SMILE_BOTH,6,L1->L2,R8->R7,4.242640687119285,False,169.96731711975949,-33.33333333333333,166.66666666666666,7.211102550927978,0.6442809000000125
SMILE_BOTH,7,L1->L2,R7->R6,22.561028345356956,False,9.911197057469105,-9.626719056974459,2.3575638506876224,2.23606797749979,0.7453980000000087
SMILE_BOTH,8,L1->L2,R6->R5,10.44030650891055,False,21.417646843905963,21.100917431192656,3.669724770642201,2.23606797749979,0.8458491500000065
SMILE_BOTH,9,L1->L2,R5->R4,60.4648658313239,True,3.698127742047171,3.2275711159737424,-1.8052516411378554,2.23606797749979,0.9438962500000088
SMILE_BOTH,10,L1->L2,R4->R3,45.803929962395145,False,3.087537605472192,0.47664442326024786,-3.0505243088655867,1.4142135623730951,1.042323550000006
SMILE_BOTH,11,L1->L2,R3->R2,25.612496949731394,False,0.0,0.0,0.0,0.0,1.1397097500000086
SMILE_BOTH,12,L1->L2,R2->R1,373.2077169620157,True,0.5991483765935559,0.5341604204359439,-0.2713879555440683,2.23606797749979,1.2371999000000073
SMILE_BOTH,13,L2->L3,L4->L5,247.95160818191923,True,4.922958840733912,-4.921925829538061,0.10084580351333754,12.206555615733702,1.338739099999998
SMILE_BOTH,14,L2->L3,L5->L6,161.82088863926066,True,4.826478053348019,-4.815550294050255,0.324600931795616,7.810249675906654,1.4397646500000008
SMILE_BOTH,15,L2->L3,L6->L7,40.8166632639171,False,16.434964046729363,-16.386554621848738,-1.260504201680672,6.708203932499369,1.5397667500000125
SMILE_BOTH,16,L2->L3,L7->L8,18.867962264113206,False,7.495316889958614,-1.6853932584269662,7.303370786516854,1.4142135623730951,1.6401657499999942
SMILE_BOTH,17,L2->L3,L8->R8,15.620499351813308,False,23.082176787424142,22.95081967213115,-2.459016393442624,3.605551275463989,1.7433852500000029
SMILE_BOTH,18,L2->L3,R8->R7,9.848857801796104,False,14.35916317235476,-5.154639175257731,13.402061855670103,1.4142135623730951,1.8470582500000035
SMILE_BOTH,19,L2->L3,R7->R6,7.280109889280518,False,19.425717247145283,-9.433962264150944,-16.9811320754717,1.4142135623730951,1.9464122000000117
SMILE_BOTH,20,L2->L3,R6->R5,18.027756377319946,False,5.54700196225229,-3.076923076923076,-4.615384615384615,1.0,2.045866100000012
SMILE_BOTH,21,L2->L3,R5->R4,5.385164807134504,False,18.56953381770519,17.24137931034483,-6.896551724137932,1.0,2.1443119000000053
SMILE_BOTH,22,L2->L3,R4->R3,16.278820596099706,False,8.687444855261388,7.169811320754717,-4.905660377358491,1.4142135623730951,2.241747800000013
SMILE_BOTH,23,L2->L3,R3->R2,7.211102550927978,False,19.6116135138184,-19.23076923076923,-3.846153846153847,1.4142135623730951,2.339682500000009
SMILE_BOTH,24,L2->L3,R2->R1,51.61395160225576,True,4.332293707583636,-4.2792792792792795,0.6756756756756757,2.23606797749979,2.4381878000000086
SMILE_BOTH,25,L2->L3,R1->L1,33.24154027718932,False,12.403473458920846,-11.583710407239819,-4.4343891402714934,4.123105625617661,2.537198950000004
SMILE_BOTH,26,L3->L4,L1->L2,327.9466420014085,True,5.454711690544308,5.26643669397205,1.4207477521873753,17.88854381999832,2.634695850000014
SMILE_BOTH,27,L3->L4,L5->L6,252.1606630701942,True,1.2540725510735562,-1.203113941967445,-0.3538570417551309,3.1622776601683795,2.732216000000008
SMILE_BOTH,28,L3->L4,L6->L7,26.92582403567252,False,24.91364395612199,-24.827586206896555,-2.0689655172413803,6.708203932499369,2.8312658000000113
SMILE_BOTH,29,L3->L4,L7->L8,23.08679276123039,False,24.50255567326755,21.76360225140713,-11.257035647279551,5.656854249492381,2.929220650000005
SMILE_BOTH,30,L3->L4,L8->R8,21.93171219946131,False,9.119215051751063,8.316008316008315,3.7422037422037415,2.0,3.026781249999999
SMILE_BOTH,31,L3->L4,R8->R7,9.0,False,45.81228472908512,-44.44444444444444,11.11111111111111,4.123105625617661,3.1247753500000073
SMILE_BOTH,32,L3->L4,R7->R6,23.769728648009426,False,15.168668220223594,-11.327433628318584,10.08849557522124,3.605551275463989,3.2232983000000104
SMILE_BOTH,33,L3->L4,R6->R5,13.601470508735444,False,23.24952774876386,22.162162162162165,-7.027027027027027,3.1622776601683795,3.3222253000000137
SMILE_BOTH,34,L3->L4,R5->R4,57.38466694161429,True,3.8966297038455666,-3.765563316125114,-1.002125721226845,2.23606797749979,3.4217442500000175
SMILE_BOTH,35,L3->L4,R4->R3,58.180752831155424,True,3.4375629442337035,-1.654357459379616,-3.0132939438700146,2.0,3.520715850000002
SMILE_BOTH,36,L3->L4,R3->R2,18.027756377319946,False,5.547001962252291,-5.538461538461538,-0.30769230769230765,1.0,3.6177113500000075
SMILE_BOTH,37,L3->L4,R2->R1,39.45883931389772,False,8.014117280572417,-7.1290944123314075,-3.6608863198458583,3.1622776601683795,3.7147410000000036
SMILE_BOTH,38,L3->L4,R1->L1,123.84667940643382,True,3.611026130400435,-3.5337071326118146,0.74325205372278,4.47213595499958,3.8132868
SMILE_BOTH,39,L4->L5,L1->L2,76.05918747922567,True,6.573827785585625,6.378565254969749,1.5903197925669834,5.0,3.911702500000004
SMILE_BOTH,40,L4->L5,L2->L3,240.62626623043462,True,4.495209104077378,-4.4921503946391255,0.16580024524619613,10.816653826391969,4.009776299999999
SMILE_BOTH,41,L4->L5,L6->L7,175.41949720598336,True,9.691055025678269,-9.690627843494086,-0.09099181073703337,17.0,4.10827740000002
SMILE_BOTH,42,L4->L5,L7->L8,66.60330322138685,True,11.43452762477766,10.865644724977457,3.5617673579801625,7.615773105863909,4.206288400000005
SMILE_BOTH,43,L4->L5,L8->R8,47.634021455258214,False,23.751319232224652,23.622741295724992,-2.4680475980608194,11.313708498984761,4.3037550000000095
SMILE_BOTH,44,L4->L5,R8->R7,22.02271554554524,False,16.371964974107474,-16.288659793814432,1.649484536082474,3.605551275463989,4.401787000000013
SMILE_BOTH,45,L4->L5,R7->R6,19.209372712298546,False,30.354723093649543,-28.455284552845526,-10.569105691056908,5.830951894845301,4.5013052000000044
SMILE_BOTH,46,L4->L5,R6->R5,5.0,False,44.721359549995796,-40.0,-20.0,2.23606797749979,4.599743150000009
SMILE_BOTH,47,L4->L5,R5->R4,39.6232255123179,False,7.138306102482497,-7.133757961783441,0.2547770700636944,2.8284271247461903,4.697771750000015
SMILE_BOTH,48,L4->L5,R4->R3,35.014282800023196,False,8.077923917220192,-5.546492659053833,5.872756933115823,2.8284271247461903,4.796270250000006
SMILE_BOTH,49,L4->L5,R3->R2,18.973665961010276,False,5.2704627669473,-5.0,1.6666666666666667,1.0,4.893759450000005
SMILE_BOTH,50,L4->L5,R2->R1,115.12167476196652,True,4.42924368858937,-4.1273673885158075,1.6071832792575265,5.0990195135927845,4.991713450000006
SMILE_BOTH,51,L4->L5,R1->L1,45.48626166217664,False,11.210021064080525,-7.974867085548574,-7.878202029966168,5.0990195135927845,5.090265900000006
SMILE_BOTH,52,L5->L6,L1->L2,88.72992730753249,True,4.646803790706634,4.178839070240061,2.0322621618188745,4.123105625617661,5.1883676000000065
SMILE_BOTH,53,L5->L6,L2->L3,176.0113632695344,True,3.811233438506345,-3.757262750161395,-0.6391220142027115,6.708203932499369,5.287238150000007
SMILE_BOTH,54,L5->L6,L3->L4,272.3692346796899,True,0.8209693654018734,-0.8155287457033092,-0.09435869784996968,2.23606797749979,5.38730240000001
SMILE_BOTH,55,L5->L6,L7->L8,178.63090438107287,True,2.503562286993286,1.2723682973455765,2.156131498950139,4.47213595499958,5.486911850000013
SMILE_BOTH,56,L5->L6,L8->R8,52.69724850502159,True,21.636336952023015,21.570039611091108,-1.6924738926899534,11.40175425099138,5.585359400000016
SMILE_BOTH,57,L5->L6,R8->R7,17.029386365926403,False,24.211709905575116,19.655172413793103,14.13793103448276,4.123105625617661,5.682796050000007
SMILE_BOTH,58,L5->L6,R7->R6,3.0,False,47.14045207910317,-33.33333333333333,-33.33333333333333,1.4142135623730951,5.7892552499999965
SMILE_BOTH,59,L5->L6,R6->R5,45.09988913511872,False,4.4346007015849285,4.424778761061947,-0.2949852507374631,2.0,5.895879900000011
SMILE_BOTH,60,L5->L6,R5->R4,6.4031242374328485,False,22.08630521496931,2.4390243902439024,-21.951219512195124,1.4142135623730951,5.993884300000005
SMILE_BOTH,61,L5->L6,R4->R3,5.830951894845301,False,0.0,-0.0,-0.0,0.0,6.091242950000009
SMILE_BOTH,62,L5->L6,R3->R2,2.8284271247461903,False,50.0,-50.0,-0.0,1.4142135623730951,6.188249550000009
SMILE_BOTH,63,L5->L6,R2->R1,40.26164427839479,False,7.025115778155095,-6.0456508328192475,-3.5780382479950648,2.8284271247461903,6.286369000000008
SMILE_BOTH,64,L5->L6,R1->L1,69.8927750200262,True,4.524470031791269,-4.360286591606961,1.2077789150460594,3.1622776601683795,6.3853057000000035
SMILE_BOTH,65,L6->L7,L1->L2,39.824615503479755,False,10.653312363426524,-10.592686002522068,1.134930643127365,4.242640687119285,6.485763100000014
SMILE_BOTH,66,L6->L7,L2->L3,44.68780594300866,False,12.050635947538627,-11.4171256885328,-3.85578367551327,5.385164807134504,6.586279650000009
SMILE_BOTH,67,L6->L7,L3->L4,40.22437072223753,False,16.676964268308176,-16.50185414091471,-2.4103831891223737,6.708203932499369,6.684810900000002
SMILE_BOTH,68,L6->L7,L4->L5,200.9975124224178,True,9.347525748761669,-9.297029702970299,-0.9702970297029702,18.788294228055936,6.782244750000018
SMILE_BOTH,69,L6->L7,L8->R8,295.8530040408581,True,3.479981612613657,3.476562053719339,0.15423459653372035,10.295630140987,6.879748849999999
SMILE_BOTH,70,L6->L7,R8->R7,50.566787519082126,True,8.15378201366212,8.017207665232693,1.4861165428236214,4.123105625617661,6.977736250000007
SMILE_BOTH,71,L6->L7,R7->R6,36.796738985948195,False,18.23043051467434,-17.06056129985229,-6.425406203840472,6.708203932499369,7.0762545000000046
SMILE_BOTH,72,L6->L7,R6->R5,17.204650534085253,False,12.996881122750912,-6.081081081081081,-11.486486486486488,2.23606797749979,7.175817300000006
SMILE_BOTH,73,L6->L7,R5->R4,11.704699910719626,False,42.71788288583805,-40.87591240875913,12.408759124087592,5.0,7.275329150000005
SMILE_BOTH,74,L6->L7,R4->R3,15.652475842498529,False,23.035022137995853,-11.428571428571429,20.0,3.605551275463989,7.373830400000003
SMILE_BOTH,75,L6->L7,R3->R2,1.4142135623730951,False,100.0,0.0,100.0,1.4142135623730951,7.471757450000013
SMILE_BOTH,76,L6->L7,R2->R1,59.464274989274024,True,7.520710469952335,-7.46606334841629,-0.9049773755656108,4.47213595499958,7.570682099999999
SMILE_BOTH,77,L6->L7,R1->L1,66.30987860040162,True,8.793489021423099,-8.710484421196272,-1.205367295883557,5.830951894845301,7.669852700000007
SMILE_BOTH,78,L7->L8,L1->L2,17.72004514666935,False,48.545729967620964,-38.21656050955414,-29.936305732484076,8.602325267042627,7.768454100000014
SMILE_BOTH,79,L7->L8,L2->L3,26.40075756488817,False,3.7877700953928506,3.012912482065997,-2.2955523672883786,1.0,7.867824000000013
SMILE_BOTH,80,L7->L8,L3->L4,30.0,False,14.142135623730953,14.000000000000002,-2.0,4.242640687119285,7.9667544000000134
SMILE_BOTH,81,L7->L8,L4->L5,88.72992730753249,True,4.063512035761473,4.039121046615013,0.4445573478978788,3.605551275463989,8.064255000000003
SMILE_BOTH,82,L7->L8,L5->L6,187.27786842016332,True,1.1939841030671634,0.5645368231973312,1.0520913523222992,2.23606797749979,8.160681400000016
SMILE_BOTH,83,L7->L8,R8->R7,122.31925441237777,True,24.04436037563791,24.040903622510363,-0.4076995054137139,29.410882339705484,8.257712800000007
SMILE_BOTH,84,L7->L8,R7->R6,60.74537019394976,True,2.3281009858985935,2.2764227642276422,-0.4878048780487804,1.4142135623730951,8.356319250000013
SMILE_BOTH,85,L7->L8,R6->R5,21.18962010041709,False,26.696345770639994,24.053452115812917,-11.58129175946548,5.656854249492381,8.455344300000007
SMILE_BOTH,86,L7->L8,R5->R4,13.416407864998739,False,26.874192494328497,-26.666666666666668,3.3333333333333335,3.605551275463989,8.55483885000001
SMILE_BOTH,87,L7->L8,R4->R3,13.92838827718412,False,35.8979079308869,-9.79381443298969,34.5360824742268,5.0,8.65384585000001
SMILE_BOTH,88,L7->L8,R3->R2,1.0,False,0.0,0.0,0.0,0.0,8.752316199999996
SMILE_BOTH,89,L7->L8,R2->R1,55.362442142665635,True,31.59697261811153,-31.027732463295266,-5.970636215334422,17.4928556845359,8.851291400000008
SMILE_BOTH,90,L7->L8,R1->L1,67.60177512462228,True,8.87550658091321,-7.746170678336981,4.332603938730853,6.0,8.9502047
SMILE_BOTH,91,L8->R8,L1->L2,12.727922061357855,False,15.713484026367722,-11.11111111111111,11.11111111111111,2.0,9.048191050000014
SMILE_BOTH,92,L8->R8,L2->L3,24.413111231467404,False,9.159291318091396,8.053691275167784,4.3624161073825505,2.23606797749979,9.144751400000018
SMILE_BOTH,93,L8->R8,L3->L4,30.0,False,7.4535599249993,7.333333333333333,1.3333333333333335,2.23606797749979,9.242240250000009
SMILE_BOTH,94,L8->R8,L4->L5,67.26812023536856,True,11.985257979692342,11.712707182320441,2.541436464088398,8.06225774829855,9.341688300000015
SMILE_BOTH,95,L8->R8,L5->L6,55.226805085936306,True,19.585876477121193,19.37704918032787,2.8524590163934427,10.816653826391969,9.441188650000015
SMILE_BOTH,96,L8->R8,L6->L7,308.4493475434824,True,3.917351769366675,3.856381581021852,0.6884518766882837,12.083045973594572,9.540193299999999
SMILE_BOTH,97,L8->R8,R7->R6,322.59107241211746,True,4.306518430771044,4.305962619516649,0.06918752702637782,13.892443989449804,9.639246250000014
SMILE_BOTH,98,L8->R8,R6->R5,70.66116330771806,True,16.503979334312508,16.463048267574603,-1.1616262767875027,11.661903789690601,9.739373600000008
SMILE_BOTH,99,L8->R8,R5->R4,38.47076812334269,False,18.74436852367535,18.648648648648646,-1.8918918918918917,7.211102550927978,9.840320350000013
SMILE_BOTH,100,L8->R8,R4->R3,22.090722034374522,False,4.526787302125926,4.508196721311474,-0.40983606557377045,1.0,9.941250550000007
SMILE_BOTH,101,L8->R8,R3->R2,5.385164807134504,False,41.52273992686998,41.37931034482759,-3.448275862068965,2.23606797749979,10.041276199999999
SMILE_BOTH,102,L8->R8,R2->R1,50.80354318352215,True,23.783864700038563,-23.0530802014723,-5.850445563734987,12.083045973594572,10.140329350000002
SMILE_BOTH,103,L8->R8,R1->L1,82.37718130647589,True,7.677557328414646,-4.774535809018567,6.012378426171529,6.324555320336759,10.239832950000007
SMILE_BOTH,104,R8->R7,L1->L2,13.038404810405298,False,61.83469424008424,-51.176470588235304,34.70588235294118,8.06225774829855,10.339745000000008
SMILE_BOTH,105,R8->R7,L2->L3,15.652475842498529,False,0.0,-0.0,-0.0,0.0,10.438316350000008
SMILE_BOTH,106,R8->R7,L3->L4,18.439088914585774,False,27.11630722733202,-27.058823529411764,-1.7647058823529405,5.0,10.53740565000001
SMILE_BOTH,107,R8->R7,L4->L5,34.058772731852805,False,6.565321642986127,-6.0344827586206895,-2.5862068965517238,2.23606797749979,10.63682485000001
SMILE_BOTH,108,R8->R7,L5->L6,17.46424919657298,False,25.607375986579196,19.672131147540984,16.39344262295082,4.47213595499958,10.733774900000014
SMILE_BOTH,109,R8->R7,L6->L7,55.47071299343465,True,8.062156971966248,8.059798505037374,0.19499512512187214,4.47213595499958,10.830855850000006
SMILE_BOTH,110,R8->R7,L7->L8,124.19742348374221,True,27.054180586299598,27.001620745542947,1.6855753646677467,33.60059523282288,10.929355600000008
SMILE_BOTH,111,R8->R7,R6->R5,169.04733065032408,True,3.1855958839561724,-2.3865346257479794,2.1100885327361167,5.385164807134504,11.028826850000002
SMILE_BOTH,112,R8->R7,R5->R4,49.64876634922564,False,17.208894346376425,17.079107505070994,2.1095334685598375,8.54400374531753,11.127817800000003
SMILE_BOTH,113,R8->R7,R4->R3,23.021728866442675,False,23.39166114923766,21.32075471698113,-9.622641509433961,5.385164807134504,11.226320049999998
SMILE_BOTH,114,R8->R7,R3->R2,7.615773105863909,False,0.0,-0.0,-0.0,0.0,11.325814600000001
SMILE_BOTH,115,R8->R7,R2->R1,39.0,False,12.82051282051282,0.0,12.82051282051282,5.0,11.424330200000014
SMILE_BOTH,116,R8->R7,R1->L1,68.47627326307996,True,6.0212179038672895,-4.414587332053744,4.094689699296225,4.123105625617661,11.521757250000007
SMILE_BOTH,117,R7->R6,L1->L2,24.020824298928627,False,8.326108942436266,-8.318890814558058,-0.34662045060658575,2.0,11.61883315
SMILE_BOTH,118,R7->R6,L2->L3,18.35755975068582,False,12.180638428352399,-10.089020771513352,-6.824925816023739,2.23606797749979,11.717250300000003
SMILE_BOTH,119,R7->R6,L3->L4,23.853720883753127,False,11.857383334575045,-11.599297012302285,2.460456942003515,2.8284271247461903,11.822772900000004
SMILE_BOTH,120,R7->R6,L4->L5,41.036569057366385,False,15.603459023296292,-15.558194774346795,-1.1876484560570073,6.4031242374328485,11.927305350000012
SMILE_BOTH,121,R7->R6,L5->L6,9.486832980505138,False,23.570226039551585,-16.666666666666664,-16.666666666666668,2.23606797749979,12.026406100000003
SMILE_BOTH,122,R7->R6,L6->L7,49.51767361255979,False,17.372232254587804,-17.047308319738985,-3.3442088091353996,8.602325267042627,12.125950650000007
SMILE_BOTH,123,R7->R6,L7->L8,68.01470429252781,True,2.0792762051726847,0.12970168612191962,2.0752269779507135,1.4142135623730951,12.226974350000006
SMILE_BOTH,124,R7->R6,L8->R8,333.75589882427545,True,4.454174083420645,4.419487759554011,-0.5547924914491933,14.866068747318506,12.327407700000009
SMILE_BOTH,125,R7->R6,R5->R4,84.17244204607586,True,27.350672389712326,-26.887791107974596,5.010585744530699,23.021728866442675,12.425278149999997
SMILE_BOTH,126,R7->R6,R4->R3,15.811388300841896,False,53.665631459994955,-24.0,48.0,8.48528137423857,12.52274150000001
SMILE_BOTH,127,R7->R6,R3->R2,17.08800749063506,False,29.26028679903264,-28.08219178082192,8.21917808219178,5.0,12.620237700000018
SMILE_BOTH,128,R7->R6,R2->R1,33.60059523282288,False,10.730617271749669,-10.717449069973425,-0.5314437555358721,3.605551275463989,12.71828425000001
SMILE_BOTH,129,R7->R6,R1->L1,70.7248188403477,True,17.2592250017472,-17.253098760495803,-0.45981607357057164,12.206555615733702,12.816916200000009
SMILE_BOTH,130,R6->R5,L1->L2,12.206555615733702,False,16.38463841038081,-9.395973154362416,13.422818791946309,2.0,12.915490300000016
SMILE_BOTH,131,R6->R5,L2->L3,23.853720883753127,False,4.192218081503186,-2.2847100175746924,-3.5149384885764503,1.0,13.014865850000007
SMILE_BOTH,132,R6->R5,L3->L4,3.0,False,94.28090415820634,66.66666666666666,-66.66666666666666,2.8284271247461903,13.114215850000008
SMILE_BOTH,133,R6->R5,L4->L5,17.029386365926403,False,8.304547985373997,-8.275862068965518,-0.6896551724137931,1.4142135623730951,13.21324100000001
SMILE_BOTH,134,R6->R5,L5->L6,48.093658625644196,False,2.0792762051726843,2.075226977950713,0.12970168612191957,1.0,13.311221450000005
SMILE_BOTH,135,R6->R5,L6->L7,20.518284528683193,False,6.892455167955777,-6.888361045130642,0.23752969121140138,1.4142135623730951,13.409280350000017
SMILE_BOTH,136,R6->R5,L7->L8,19.1049731745428,False,26.171196129510683,26.027397260273972,2.7397260273972606,5.0,13.5083664
SMILE_BOTH,137,R6->R5,L8->R8,68.24221567329127,True,19.714518226493063,19.56194975305991,-2.4479278505475635,13.45362404707371,13.607830050000004
SMILE_BOTH,138,R6->R5,R8->R7,166.41213898030395,True,3.8005372439118252,-3.011591376882245,2.3182753764489226,6.324555320336759,13.706729150000001
SMILE_BOTH,139,R6->R5,R4->R3,338.89526405661087,True,0.2950764162443281,-0.15411406181976492,0.25163256421419244,1.0,13.803698400000002
SMILE_BOTH,140,R6->R5,R3->R2,180.5602392554906,True,1.996868906649031,-1.8373105944420587,0.7821606036439481,3.605551275463989,13.901261200000008
SMILE_BOTH,141,R6->R5,R2->R1,125.51493934986385,True,8.58091448719701,4.7099149422368916,-7.17278151580551,10.770329614269007,13.998837350000002
SMILE_BOTH,142,R6->R5,R1->L1,96.83491106000976,True,8.515742061378097,-7.93430734776581,3.0926735629732325,8.246211251235321,14.096325800000002
SMILE_BOTH,143,R5->R4,L1->L2,60.74537019394976,True,1.6462159944159827,0.5691056910569106,-1.5447154471544717,1.0,14.194323850000018
SMILE_BOTH,144,R5->R4,L2->L3,13.038404810405298,False,7.669649888473703,6.470588235294117,-4.117647058823529,1.0,14.29082785
SMILE_BOTH,145,R5->R4,L3->L4,56.639209034025185,True,3.9479152615929083,-3.802992518703242,-1.059850374064838,2.23606797749979,14.3883443
SMILE_BOTH,146,R5->R4,L4->L5,65.06919393998976,True,3.436446407438227,-3.2357109116674545,-1.1572980632971184,2.23606797749979,14.485331450000004
SMILE_BOTH,147,R5->R4,L5->L6,16.492422502470642,False,8.574929257125442,-4.411764705882352,-7.352941176470589,1.4142135623730951,14.58243465000001
SMILE_BOTH,148,R5->R4,L6->L7,24.041630560342615,False,17.64705882352941,-17.64705882352941,-0.0,4.242640687119285,14.679885049999996
SMILE_BOTH,149,R5->R4,L7->L8,23.259406699226016,False,18.24053700931445,-17.190388170055453,-6.099815157116451,4.242640687119285,14.77677605000001
SMILE_BOTH,150,R5->R4,L8->R8,43.840620433565945,False,22.809896167307983,22.58064516129032,-3.225806451612903,10.0,14.87478010000001
SMILE_BOTH,151,R5->R4,R8->R7,56.568542494923804,True,11.858541225631424,11.25,3.7500000000000004,6.708203932499369,14.973341099999999
SMILE_BOTH,152,R5->R4,R7->R6,82.3286098510111,True,23.332560512149392,-23.325464738861022,-0.5753909707878432,19.209372712298546,15.071764400000006
SMILE_BOTH,153,R5->R4,R3->R2,253.03161857759991,True,2.5305628891075265,-2.5302616165560328,0.039047247169074546,6.4031242374328485,15.170719500000004
SMILE_BOTH,154,R5->R4,R2->R1,63.324560795950255,True,30.169926067240254,-26.807980049875308,-13.840399002493767,19.1049731745428,15.268830900000012
SMILE_BOTH,155,R5->R4,R1->L1,35.05709628591621,False,28.093763731803346,-24.97965825874695,-12.855980471928397,9.848857801796104,15.366818600000016
SMILE_BOTH,156,R4->R3,L1->L2,36.40054944640259,False,3.8851434494290564,-3.8490566037735845,-0.5283018867924529,1.4142135623730951,15.466298200000011
SMILE_BOTH,157,R4->R3,L2->L3,11.40175425099138,False,12.403473458920846,6.153846153846154,-10.76923076923077,1.4142135623730951,15.565309049999996
SMILE_BOTH,158,R4->R3,L3->L4,41.23105625617661,False,6.859943405700353,-6.823529411764705,-0.7058823529411764,2.8284271247461903,15.664820200000008
SMILE_BOTH,159,R4->R3,L4->L5,23.08679276123039,False,9.685485552825744,-9.005628517823638,3.564727954971857,2.23606797749979,15.764853500000001
SMILE_BOTH,160,R4->R3,L5->L6,3.605551275463989,False,27.735009811261456,23.076923076923077,-15.384615384615385,1.0,15.864353050000005
SMILE_BOTH,161,R4->R3,L6->L7,6.082762530298219,False,51.987524491003626,-51.35135135135134,8.108108108108107,3.1622776601683795,15.962759800000015
SMILE_BOTH,162,R4->R3,L7->L8,12.0,False,30.046260628866577,-25.0,16.666666666666664,3.605551275463989,16.06068775
SMILE_BOTH,163,R4->R3,L8->R8,19.313207915827967,False,7.3225202593821255,2.949061662198392,6.702412868632708,1.4142135623730951,16.158209900000003
SMILE_BOTH,164,R4->R3,R8->R7,18.027756377319946,False,31.378581622109447,28.30769230769231,-13.538461538461538,5.656854249492381,16.255806550000017
SMILE_BOTH,165,R4->R3,R7->R6,19.6468827043885,False,36.70354559259034,-34.715025906735754,11.917098445595856,7.211102550927978,16.354371850000007
SMILE_BOTH,166,R4->R3,R6->R5,326.65884344373717,True,0.3061297803719914,0.24834592244109985,0.17899649504245307,1.0,16.45338360000001
SMILE_BOTH,167,R4->R3,R2->R1,485.26796720987056,True,1.050763672473675,-0.7631059303140328,-0.7223390024842348,5.0990195135927845,16.55292655000001
SMILE_BOTH,168,R4->R3,R1->L1,110.11357772772621,True,8.122769321068949,-7.917525773195874,1.8144329896907212,8.94427190999916,16.65286395000001
SMILE_BOTH,169,R3->R2,L1->L2,27.65863337187866,False,3.615507630310936,0.7843137254901961,-3.5294117647058822,1.0,16.75729695000001
SMILE_BOTH,170,R3->R2,L2->L3,22.47220505424423,False,6.293167755275526,1.3861386138613863,-6.138613861386139,1.4142135623730951,16.860776549999997
SMILE_BOTH,171,R3->R2,L3->L4,18.110770276274835,False,0.0,-0.0,-0.0,0.0,16.958797250000003
SMILE_BOTH,172,R3->R2,L4->L5,8.246211251235321,False,0.0,-0.0,0.0,0.0,17.05680670000001
SMILE_BOTH,173,R3->R2,L5->L6,12.041594578792296,False,0.0,-0.0,-0.0,0.0,17.154877400000004
SMILE_BOTH,174,R3->R2,L6->L7,11.40175425099138,False,19.611613513818405,-19.230769230769234,3.8461538461538463,2.23606797749979,17.255392
SMILE_BOTH,175,R3->R2,L7->L8,11.045361017187261,False,9.053574604251851,-9.016393442622949,-0.8196721311475409,1.0,17.356798700000013
SMILE_BOTH,176,R3->R2,L8->R8,13.416407864998739,False,33.33333333333333,33.33333333333333,-0.0,4.47213595499958,17.456878400000008
SMILE_BOTH,177,R3->R2,R8->R7,17.88854381999832,False,5.5901699437494745,-5.0,2.5,1.0,17.55691385
SMILE_BOTH,178,R3->R2,R7->R6,20.591260281974,False,17.51010489931187,-15.566037735849056,-8.018867924528301,3.605551275463989,17.656372349999998
SMILE_BOTH,179,R3->R2,R6->R5,202.41047403728888,True,1.5623093000542116,-1.425433243836954,-0.6394923114474005,3.1622776601683795,17.75631150000001
SMILE_BOTH,180,R3->R2,R5->R4,276.9440376682625,True,2.8201544765741318,-2.8201517640616443,0.003911444887741527,7.810249675906654,17.855252550000003
SMILE_BOTH,181,R3->R2,R1->L1,68.09552114493287,True,13.134890165481494,-13.111925814103948,0.7763640284666812,8.94427190999916,17.952199949999994
SMILE_BOTH,182,R2->R1,L1->L2,348.644518098306,True,2.994541995341724,2.4960305381191743,1.6544223507441198,10.44030650891055,18.050284849999997
SMILE_BOTH,183,R2->R1,L2->L3,26.076809620810597,False,3.8348249442368525,0.2941176470588236,-3.823529411764706,1.0,18.14934020000001
SMILE_BOTH,184,R2->R1,L3->L4,20.518284528683193,False,9.747403576571587,-7.1258907363420425,6.65083135391924,2.0,18.24790585000001
SMILE_BOTH,185,R2->R1,L4->L5,19.72308292331602,False,5.070201265633938,4.370179948586118,2.570694087403599,1.0,18.344933800000007
SMILE_BOTH,186,R2->R1,L5->L6,24.186773244895647,False,5.847053462046861,-4.615384615384616,3.5897435897435894,1.4142135623730951,18.44282910000001
SMILE_BOTH,187,R2->R1,L6->L7,8.06225774829855,False,12.403473458920846,-12.307692307692308,1.5384615384615385,1.0,18.541251400000007
SMILE_BOTH,188,R2->R1,L7->L8,16.401219466856727,False,27.26709415746059,-5.204460966542751,26.765799256505574,4.47213595499958,18.64020205
SMILE_BOTH,189,R2->R1,L8->R8,14.0,False,45.175395145262556,42.857142857142854,14.285714285714285,6.324555320336759,18.738885100000005
SMILE_BOTH,190,R2->R1,R8->R7,24.73863375370596,False,30.78493817275996,-30.392156862745097,-4.901960784313726,7.615773105863909,18.83687280000001
SMILE_BOTH,191,R2->R1,R7->R6,36.138621999185304,False,8.750410185091363,-8.728943338437977,-0.6125574272588057,3.1622776601683795,18.935718400000013
SMILE_BOTH,192,R2->R1,R6->R5,138.85243966167826,True,3.600945011972984,3.589211618257261,-0.2904564315352696,5.0,19.03385265
SMILE_BOTH,193,R2->R1,R5->R4,8.06225774829855,False,124.03473458920845,-89.23076923076924,86.15384615384616,10.0,19.130703550000007
SMILE_BOTH,194,R2->R1,R4->R3,460.8047308784926,True,1.4557584770691565,0.33342595165323696,1.4170602945262571,6.708203932499369,19.228810650000014
SMILE_BOTH,195,R1->L1,L2->L3,23.259406699226016,False,4.299335803923478,-1.8484288354898335,3.8817005545286505,1.0,19.32786785000002
SMILE_BOTH,196,R1->L1,L3->L4,30.528675044947494,False,3.275608910402091,2.7896995708154506,1.7167381974248928,1.0,19.42535120000001
SMILE_BOTH,197,R1->L1,L4->L5,30.59411708155671,False,4.622501635210243,3.8461538461538463,-2.5641025641025648,1.4142135623730951,19.523273750000016
SMILE_BOTH,198,R1->L1,L5->L6,9.219544457292887,False,0.0,-0.0,-0.0,0.0,19.621203100000002
SMILE_BOTH,199,R1->L1,L6->L7,12.206555615733702,False,34.757066781809534,-34.22818791946308,-6.0402684563758395,4.242640687119285,19.718724199999997
SMILE_BOTH,200,R1->L1,L7->L8,11.180339887498949,False,20.0,12.000000000000002,16.0,2.23606797749979,19.816786800000017
SMILE_BOTH,201,R1->L1,L8->R8,19.4164878389476,False,25.751310131230237,25.72944297082228,1.0610079575596816,5.0,19.91582355
SMILE_BOTH,202,R1->L1,R8->R7,14.317821063276353,False,6.984302957695782,2.9268292682926833,6.341463414634147,1.0,20.014343350000004
SMILE_BOTH,203,R1->L1,R7->R6,5.385164807134504,False,52.522573143889026,-20.689655172413794,-48.275862068965516,2.8284271247461903,20.110854000000003
SMILE_BOTH,204,R1->L1,R6->R5,31.906112267087632,False,6.268391408072227,5.304518664047151,-3.3398821218074657,2.0,20.207787600000003
SMILE_BOTH,205,R1->L1,R5->R4,47.4236228055175,False,5.964173459175533,5.958203646064917,0.2667852378835039,2.8284271247461903,20.30583340000001
SMILE_BOTH,206,R1->L1,R4->R3,50.15974481593781,True,4.4578934476343255,4.4515103338632755,0.23847376788553265,2.23606797749979,20.404358550000012
SMILE_BOTH,207,R1->L1,R3->R2,7.0,False,14.285714285714285,0.0,-14.285714285714285,1.0,20.50321655000002
PUFF_LEFT,0,L1->L2,L3->L4,299.2607558635111,True,3.8099730845402155,3.7998146431881366,-0.27803521779425405,11.40175425099138,0.048455699999991
PUFF_LEFT,1,L1->L2,L4->L5,93.38094023943002,True,4.54336899611537,4.541284403669724,-0.1376146788990826,4.242640687119285,0.14591355000000306
PUFF_LEFT,2,L1->L2,L5->L6,83.40863264674707,True,3.7913073980738705,3.5791289348857265,1.250539025442001,3.1622776601683795,0.24277869999998813
PUFF_LEFT,3,L1->L2,L6->L7,45.79301256742124,False,2.1837392736013945,1.859799713876967,1.144492131616595,1.0,0.3412773999999956
PUFF_LEFT,4,L1->L2,L7->L8,19.313207915827967,False,16.373653066597825,-10.455764075067025,-12.600536193029491,3.1622776601683795,0.4407776000000041
PUFF_LEFT,5,L1->L2,L8->R8,7.0710678118654755,False,31.622776601683782,-29.999999999999993,10.0,2.23606797749979,0.5393270999999942
PUFF_LEFT,6,L1->L2,R8->R7,4.242640687119285,False,70.71067811865476,50.0,50.0,3.0,0.6383347999999955
PUFF_LEFT,7,L1->L2,R7->R6,22.561028345356956,False,8.864844143558724,1.9646365422396856,-8.644400785854616,2.0,0.7362831999999884
PUFF_LEFT,8,L1->L2,R6->R5,10.44030650891055,False,19.156525704423025,18.348623853211006,-5.504587155963303,2.0,0.8337944999999962
PUFF_LEFT,9,L1->L2,R5->R4,60.4648658313239,True,1.6538530041390564,0.9299781181619257,-1.3676148796498906,1.0,0.9308672499999915
PUFF_LEFT,10,L1->L2,R4->R3,45.803929962395145,False,2.1832187779978622,-1.2869399428026693,-1.7635843660629171,1.0,1.0274959000000052
PUFF_LEFT,11,L1->L2,R3->R2,25.612496949731394,False,0.0,0.0,0.0,0.0,1.1260385499999899
PUFF_LEFT,12,L1->L2,R2->R1,373.2077169620157,True,2.3965935063742236,2.1366416817437757,-1.0855518221762732,8.94427190999916,1.2264037000000059
PUFF_LEFT,13,L2->L3,L4->L5,247.95160818191923,True,3.46935651279632,-3.4677944046844504,0.1040988939492517,8.602325267042627,1.326383100000001
PUFF_LEFT,14,L2->L3,L5->L6,161.82088863926066,True,3.089835955076389,-3.0894371037959214,0.04964484839227071,5.0,1.4254856000000018
PUFF_LEFT,15,L2->L3,L6->L7,40.8166632639171,False,5.478321348909789,-5.46218487394958,-0.42016806722689065,2.23606797749979,1.5233721500000001
PUFF_LEFT,16,L2->L3,L7->L8,18.867962264113206,False,5.2999894000318,4.49438202247191,-2.8089887640449436,1.0,1.6206954999999965
PUFF_LEFT,17,L2->L3,L8->R8,15.620499351813308,False,20.244408254472905,-18.852459016393446,7.37704918032787,3.1622776601683795,1.7197937999999908
PUFF_LEFT,18,L2->L3,R8->R7,9.848857801796104,False,10.153461651336189,9.278350515463917,-4.123711340206185,1.0,1.8194833000000017
PUFF_LEFT,19,L2->L3,R7->R6,7.280109889280518,False,13.736056394868903,-13.20754716981132,-3.7735849056603774,1.0,1.9193179499999928
PUFF_LEFT,20,L2->L3,R6->R5,18.027756377319946,False,5.54700196225229,-3.076923076923076,-4.615384615384615,1.0,2.0178166999999974
PUFF_LEFT,21,L2->L3,R5->R4,5.385164807134504,False,18.56953381770519,17.24137931034483,-6.896551724137932,1.0,2.1153804000000065
PUFF_LEFT,22,L2->L3,R4->R3,16.278820596099706,False,0.0,-0.0,-0.0,0.0,2.213882699999985
PUFF_LEFT,23,L2->L3,R3->R2,7.211102550927978,False,19.6116135138184,-19.23076923076923,-3.846153846153847,1.4142135623730951,2.311839049999989
PUFF_LEFT,24,L2->L3,R2->R1,51.61395160225576,True,8.664587415167272,-8.558558558558559,1.3513513513513513,4.47213595499958,2.410763149999994
PUFF_LEFT,25,L2->L3,R1->L1,33.24154027718932,False,15.33929977694741,-14.570135746606336,-4.796380090497737,5.0990195135927845,2.5102620499999944
PUFF_LEFT,26,L3->L4,L1->L2,327.9466420014085,True,3.722116360527112,3.6969195436498716,0.4323610633292732,12.206555615733702,2.6088141500000006
PUFF_LEFT,27,L3->L4,L5->L6,252.1606630701942,True,0.3965725612490276,-0.32554847841472045,-0.2264685067232838,1.0,2.706324500000008
PUFF_LEFT,28,L3->L4,L6->L7,26.92582403567252,False,10.504514628777804,-2.4827586206896552,-10.206896551724139,2.8284271247461903,2.803328449999995
PUFF_LEFT,29,L3->L4,L7->L8,23.08679276123039,False,12.251277836633776,5.6285178236397755,10.881801125703564,2.8284271247461903,2.901345549999988
PUFF_LEFT,30,L3->L4,L8->R8,21.93171219946131,False,14.418745018211808,-10.602910602910601,-9.77130977130977,3.1622776601683795,3.000290300000003
PUFF_LEFT,31,L3->L4,R8->R7,9.0,False,35.136418446315325,-11.11111111111111,33.33333333333333,3.1622776601683795,3.102358499999994
PUFF_LEFT,32,L3->L4,R7->R6,23.769728648009426,False,4.207031619116712,-4.070796460176991,-1.0619469026548671,1.0,3.2044263499999914
PUFF_LEFT,33,L3->L4,R6->R5,13.601470508735444,False,14.704292441876154,11.891891891891891,-8.648648648648647,2.0,3.302872149999999
PUFF_LEFT,34,L3->L4,R5->R4,57.38466694161429,True,4.928890024967745,-4.919526267840875,0.30367446097783174,2.8284271247461903,3.3998334999999997
PUFF_LEFT,35,L3->L4,R4->R3,58.180752831155424,True,3.8433122101204393,-3.1610044313146233,-2.1861152141802065,2.23606797749979,3.496411699999996
PUFF_LEFT,36,L3->L4,R3->R2,18.027756377319946,False,0.0,-0.0,-0.0,0.0,3.5948789499999947
PUFF_LEFT,37,L3->L4,R2->R1,39.45883931389772,False,13.64754995527151,-11.753371868978807,-6.936416184971099,5.385164807134504,3.6939256
PUFF_LEFT,38,L3->L4,R1->L1,123.84667940643382,True,5.416539195600652,-5.300560698917722,1.11487808058417,6.708203932499369,3.7904054499999944
PUFF_LEFT,39,L4->L5,L1->L2,76.05918747922567,True,4.740454631399773,4.528954191875541,1.400172860847018,3.605551275463989,3.88749614999999
PUFF_LEFT,40,L4->L5,L2->L3,240.62626623043462,True,2.9968060693849194,-2.9947669297594173,0.11053349683079743,7.211102550927978,3.9849106500000033
PUFF_LEFT,41,L4->L5,L6->L7,175.41949720598336,True,1.2746975183004459,-1.2738853503184715,-0.04549590536851679,2.23606797749979,4.087825349999989
PUFF_LEFT,42,L4->L5,L7->L8,66.60330322138685,True,0.0,-0.0,-0.0,0.0,4.190845799999991
PUFF_LEFT,43,L4->L5,L8->R8,47.634021455258214,False,9.38853327594895,-8.55002203613927,3.878360511238431,4.47213595499958,4.287785400000004
PUFF_LEFT,44,L4->L5,R8->R7,22.02271554554524,False,14.35916317235476,-5.154639175257731,-13.402061855670103,3.1622776601683795,4.384870550000002
PUFF_LEFT,45,L4->L5,R7->R6,19.209372712298546,False,14.724203476646206,-14.634146341463413,-1.6260162601626011,2.8284271247461903,4.481352149999992
PUFF_LEFT,46,L4->L5,R6->R5,5.0,False,20.0,-12.0,-16.0,1.0,4.57928059999999
PUFF_LEFT,47,L4->L5,R5->R4,39.6232255123179,False,9.09959052763918,-8.980891719745223,-1.4649681528662422,3.605551275463989,4.676932500000007
PUFF_LEFT,48,L4->L5,R4->R3,35.014282800023196,False,8.077923917220192,-5.546492659053833,5.872756933115823,2.8284271247461903,4.774503150000001
PUFF_LEFT,49,L4->L5,R3->R2,18.973665961010276,False,5.2704627669473,-5.0,1.6666666666666667,1.0,4.873495250000005
PUFF_LEFT,50,L4->L5,R2->R1,115.12167476196652,True,7.16303968673645,-6.790915264468422,2.278729344299404,8.246211251235321,4.973484549999995
PUFF_LEFT,51,L4->L5,R1->L1,45.48626166217664,False,15.545502209836048,-11.64813919768004,-10.294828419526343,7.0710678118654755,5.0733678
PUFF_LEFT,52,L5->L6,L1->L2,88.72992730753249,True,3.563935817515232,3.315127651467039,1.3082687666709003,3.1622776601683795,5.172375949999989
PUFF_LEFT,53,L5->L6,L2->L3,176.0113632695344,True,2.5408222923375634,-2.50484183344093,-0.4260813428018077,4.47213595499958,5.271340850000001
PUFF_LEFT,54,L5->L6,L3->L4,272.3692346796899,True,0.519226616778591,-0.5081889869919795,0.10649053043068003,1.4142135623730951,5.369800949999998
PUFF_LEFT,55,L5->L6,L7->L8,178.63090438107287,True,7.299075630603369,-7.298881193393712,-0.053276505061267694,13.038404810405298,5.46739294999999
PUFF_LEFT,56,L5->L6,L8->R8,52.69724850502159,True,22.92917811912545,22.650342095786822,3.5649981994958586,12.083045973594572,5.5668898499999955
PUFF_LEFT,57,L5->L6,R8->R7,17.029386365926403,False,26.26128657194451,25.517241379310345,-6.206896551724138,4.47213595499958,5.667877799999999
PUFF_LEFT,58,L5->L6,R7->R6,3.0,False,47.14045207910317,-33.33333333333333,33.33333333333333,1.4142135623730951,5.7680802
PUFF_LEFT,59,L5->L6,R6->R5,45.09988913511872,False,4.4346007015849285,4.424778761061947,-0.2949852507374631,2.0,5.867324649999986
PUFF_LEFT,60,L5->L6,R5->R4,6.4031242374328485,False,15.617376188860607,-9.756097560975611,-12.195121951219514,1.0,5.965337300000002
PUFF_LEFT,61,L5->L6,R4->R3,5.830951894845301,False,0.0,-0.0,-0.0,0.0,6.063358750000006
PUFF_LEFT,62,L5->L6,R3->R2,2.8284271247461903,False,0.0,-0.0,-0.0,0.0,6.1619131499999895
PUFF_LEFT,63,L5->L6,R2->R1,40.26164427839479,False,11.107683342678127,-10.857495373226405,-2.344231955582974,4.47213595499958,6.260410300000004
PUFF_LEFT,64,L5->L6,R1->L1,69.8927750200262,True,4.524470031791269,-4.360286591606961,1.2077789150460594,3.1622776601683795,6.358333999999999
PUFF_LEFT,65,L6->L7,L1->L2,39.824615503479755,False,2.5110098047591274,-1.9546027742749057,-1.5762925598991173,1.0,6.456281500000003
PUFF_LEFT,66,L6->L7,L2->L3,44.68780594300866,False,4.475493835053445,-3.4051076614922384,-2.9043565348022033,2.0,6.554789200000002
PUFF_LEFT,67,L6->L7,L3->L4,40.22437072223753,False,2.486055050818141,-2.0395550061804695,-1.4215080346106304,1.0,6.651773900000009
PUFF_LEFT,68,L6->L7,L4->L5,200.9975124224178,True,3.026287468431273,-2.811881188118812,-1.1188118811881187,6.082762530298219,6.74933424999999
PUFF_LEFT,69,L6->L7,L8->R8,295.8530040408581,True,19.621805525686966,19.28617943767209,-3.6136594728604234,58.05170109479997,6.847900199999998
PUFF_LEFT,70,L6->L7,R8->R7,50.566787519082126,True,30.8908279884671,27.84513101290575,-13.375048885412594,15.620499351813308,6.945399099999989
PUFF_LEFT,71,L6->L7,R7->R6,36.796738985948195,False,19.2165610506022,19.202363367799112,0.7385524372230428,7.0710678118654755,7.042854300000002
PUFF_LEFT,72,L6->L7,R6->R5,17.204650534085253,False,12.996881122750912,11.486486486486488,-6.081081081081081,2.23606797749979,7.140803300000002
PUFF_LEFT,73,L6->L7,R5->R4,11.704699910719626,False,8.54357657716761,2.9197080291970803,-8.02919708029197,1.0,7.238919050000007
PUFF_LEFT,74,L6->L7,R4->R3,15.652475842498529,False,0.0,0.0,-0.0,0.0,7.337377149999995
PUFF_LEFT,75,L6->L7,R3->R2,1.4142135623730951,False,0.0,0.0,0.0,0.0,7.434811299999993
PUFF_LEFT,76,L6->L7,R2->R1,59.464274989274024,True,5.317945372643964,-5.316742081447964,0.11312217194570139,3.1622776601683795,7.5328659000000044
PUFF_LEFT,77,L6->L7,R1->L1,66.30987860040162,True,4.524212776920738,-4.161928587673414,1.773936775073914,3.0,7.631826649999994
PUFF_LEFT,78,L7->L8,L1->L2,17.72004514666935,False,23.942606534028666,-21.019108280254777,-11.464968152866243,4.242640687119285,7.729762199999996
PUFF_LEFT,79,L7->L8,L2->L3,26.40075756488817,False,3.7877700953928506,2.2955523672883786,3.012912482065997,1.0,7.826818099999997
PUFF_LEFT,80,L7->L8,L3->L4,30.0,False,6.666666666666668,5.333333333333334,4.0,2.0,7.927813
PUFF_LEFT,81,L7->L8,L4->L5,88.72992730753249,True,1.593840551082069,0.1397180236250476,1.5877048139209957,1.4142135623730951,8.028860050000006
PUFF_LEFT,82,L7->L8,L5->L6,187.27786842016332,True,7.183776791441324,-7.133692584039005,0.8468052347959967,13.45362404707371,8.125406549999994
PUFF_LEFT,83,L7->L8,R8->R7,122.31925441237777,True,9.844398281072076,9.76473733458094,-1.2498329100387644,12.041594578792296,8.222341549999996
PUFF_LEFT,84,L7->L8,R7->R6,60.74537019394976,True,5.205792062953535,5.0406504065040645,1.3008130081300815,3.1622776601683795,8.320894949999996
PUFF_LEFT,85,L7->L8,R6->R5,21.18962010041709,False,10.552657229828181,10.46770601336303,-1.33630289532294,2.23606797749979,8.418906500000006
PUFF_LEFT,86,L7->L8,R5->R4,13.416407864998739,False,0.0,-0.0,-0.0,0.0,8.516538100000005
PUFF_LEFT,87,L7->L8,R4->R3,13.92838827718412,False,10.153461651336189,-4.123711340206185,9.278350515463917,1.4142135623730951,8.615896149999998
PUFF_LEFT,88,L7->L8,R3->R2,1.0,False,100.0,0.0,-100.0,1.0,8.715386699999996
PUFF_LEFT,89,L7->L8,R2->R1,55.362442142665635,True,15.538196896869108,-14.97553017944535,-4.143556280587276,8.602325267042627,8.816489650000008
PUFF_LEFT,90,L7->L8,R1->L1,67.60177512462228,True,7.542730208182939,-5.733041575492341,4.901531728665208,5.0990195135927845,8.916946499999995
PUFF_LEFT,91,L8->R8,L1->L2,12.727922061357855,False,17.568209223157663,-5.555555555555555,16.666666666666664,2.23606797749979,9.01584369999999
PUFF_LEFT,92,L8->R8,L2->L3,24.413111231467404,False,4.096159602595202,-2.348993288590604,-3.3557046979865772,1.0,9.114860100000001
PUFF_LEFT,93,L8->R8,L3->L4,30.0,False,16.666666666666668,-16.666666666666668,0.0,5.0,9.213375349999993
PUFF_LEFT,94,L8->R8,L4->L5,67.26812023536856,True,6.648224953145336,-6.4088397790055245,-1.7679558011049725,4.47213595499958,9.31083464999999
PUFF_LEFT,95,L8->R8,L5->L6,55.226805085936306,True,22.1025923855989,21.934426229508198,2.721311475409836,12.206555615733702,9.408795149999989
PUFF_LEFT,96,L8->R8,L6->L7,308.4493475434824,True,19.262093949372407,18.85517284871927,-3.9383651632839682,59.413803110051795,9.50736400000001
PUFF_LEFT,97,L8->R8,R7->R6,322.59107241211746,True,7.075652853736342,-7.069619949070292,-0.2921251141113728,22.825424421026653,9.605325350000001
PUFF_LEFT,98,L8->R8,R6->R5,70.66116330771806,True,2.0014014717171036,-1.9026637292209092,0.6208692169036651,1.4142135623730951,9.703277449999987
PUFF_LEFT,99,L8->R8,R5->R4,38.47076812334269,False,0.0,-0.0,-0.0,0.0,9.800880249999992
PUFF_LEFT,100,L8->R8,R4->R3,22.090722034374522,False,4.526787302125926,4.508196721311474,-0.40983606557377045,1.0,9.899411299999997
PUFF_LEFT,101,L8->R8,R3->R2,5.385164807134504,False,18.56953381770519,-6.896551724137932,17.24137931034483,1.0,9.997963850000005
PUFF_LEFT,102,L8->R8,R2->R1,50.80354318352215,True,4.401401629453763,-1.239829523440527,4.223169314219295,2.23606797749979,10.096468949999988
PUFF_LEFT,103,L8->R8,R1->L1,82.37718130647589,True,5.428852849870469,-5.393457117595049,0.618921308576481,4.47213595499958,10.195312299999998
PUFF_LEFT,104,R8->R7,L1->L2,13.038404810405298,False,7.669649888473705,-0.5882352941176472,-7.647058823529412,1.0,10.294340950000006
PUFF_LEFT,105,R8->R7,L2->L3,15.652475842498529,False,9.035079029052513,-8.571428571428571,-2.857142857142857,1.4142135623730951,10.392353150000005
PUFF_LEFT,106,R8->R7,L3->L4,18.439088914585774,False,12.126781251816649,-11.76470588235294,-2.941176470588235,2.23606797749979,10.490297899999987
PUFF_LEFT,107,R8->R7,L4->L5,34.058772731852805,False,4.1522739926869985,-4.137931034482759,-0.3448275862068966,1.4142135623730951,10.588775850000005
PUFF_LEFT,108,R8->R7,L5->L6,17.46424919657298,False,12.803687993289598,9.836065573770492,8.19672131147541,2.23606797749979,10.686326999999991
PUFF_LEFT,109,R8->R7,L6->L7,55.47071299343465,True,24.253562503633294,23.52941176470588,-5.882352941176469,13.45362404707371,10.78335204999999
PUFF_LEFT,110,R8->R7,L7->L8,124.19742348374221,True,6.926331501690691,6.709886547811994,-1.7179902755267424,8.602325267042627,10.881294850000003
PUFF_LEFT,111,R8->R7,R6->R5,169.04733065032408,True,1.322746694016196,-0.0034993176330615707,1.322742065297267,2.23606797749979,10.979335949999992
PUFF_LEFT,112,R8->R7,R5->R4,49.64876634922564,False,2.014148736276902,-0.9330628803245435,1.7849898580121704,1.0,11.07689839999999
PUFF_LEFT,113,R8->R7,R4->R3,23.021728866442675,False,4.343722427630693,0.18867924528301885,4.339622641509433,1.0,11.174894899999998
PUFF_LEFT,114,R8->R7,R3->R2,7.615773105863909,False,0.0,-0.0,-0.0,0.0,11.272366999999988
PUFF_LEFT,115,R8->R7,R2->R1,39.0,False,10.57206570671195,-10.256410256410255,-2.564102564102564,4.123105625617661,11.368886200000006
PUFF_LEFT,116,R8->R7,R1->L1,68.47627326307996,True,7.864278458094766,-7.805502239283428,0.959692898272553,5.385164807134504,11.465405399999995
PUFF_LEFT,117,R7->R6,L1->L2,24.020824298928627,False,9.308872791678185,4.5060658578856145,-8.145580589254765,2.23606797749979,11.562883799999994
PUFF_LEFT,118,R7->R6,L2->L3,18.35755975068582,False,7.703712157713455,-7.41839762611276,-2.077151335311573,1.4142135623730951,11.660855299999994
PUFF_LEFT,119,R7->R6,L3->L4,23.853720883753127,False,4.192218081503186,-2.2847100175746924,3.5149384885764503,1.0,11.759325250000003
PUFF_LEFT,120,R7->R6,L4->L5,41.036569057366385,False,5.448964250334662,-5.225653206650832,-1.5439429928741093,2.23606797749979,11.85788819999999
PUFF_LEFT,121,R7->R6,L5->L6,9.486832980505138,False,10.5409255338946,-10.0,3.3333333333333335,1.0,11.955823300000006
PUFF_LEFT,122,R7->R6,L6->L7,49.51767361255979,False,12.930987605622782,12.805872756933114,1.794453507340946,6.4031242374328485,12.0532829
PUFF_LEFT,123,R7->R6,L7->L8,68.01470429252781,True,6.575248692937265,6.095979247730221,-2.4643320363164722,4.47213595499958,12.151298249999996
PUFF_LEFT,124,R7->R6,L8->R8,333.75589882427545,True,6.234691917053036,-6.234682610217877,0.010772669736877313,20.808652046684813,12.248856549999985
PUFF_LEFT,125,R7->R6,R5->R4,84.17244204607586,True,9.578262852211514,-9.527170077628794,0.9880028228652085,8.06225774829855,12.345908249999994
PUFF_LEFT,126,R7->R6,R4->R3,15.811388300841896,False,22.80350850198276,-6.0,21.999999999999996,3.605551275463989,12.443901199999999
PUFF_LEFT,127,R7->R6,R3->R2,17.08800749063506,False,8.276058886023678,-7.534246575342466,3.4246575342465753,1.4142135623730951,12.542745949999997
PUFF_LEFT,128,R7->R6,R2->R1,33.60059523282288,False,16.026992289332963,-8.41452612931798,-13.640389725420723,5.385164807134504,12.642701500000001
PUFF_LEFT,129,R7->R6,R1->L1,70.7248188403477,True,9.484936182929346,-9.416233506597361,1.1395441823270693,6.708203932499369,12.741781399999994
PUFF_LEFT,130,R6->R5,L1->L2,12.206555615733702,False,0.0,-0.0,-0.0,0.0,12.839107549999994
PUFF_LEFT,131,R6->R5,L2->L3,23.853720883753127,False,0.0,-0.0,-0.0,0.0,12.937190349999995
PUFF_LEFT,132,R6->R5,L3->L4,3.0,False,47.14045207910317,33.33333333333333,-33.33333333333333,1.4142135623730951,13.035091699999995
PUFF_LEFT,133,R6->R5,L4->L5,17.029386365926403,False,0.0,-0.0,-0.0,0.0,13.136526349999997
PUFF_LEFT,134,R6->R5,L5->L6,48.093658625644196,False,0.0,-0.0,-0.0,0.0,13.237876799999995
PUFF_LEFT,135,R6->R5,L6->L7,20.518284528683193,False,9.747403576571587,7.1258907363420425,6.65083135391924,2.0,13.334988899999999
PUFF_LEFT,136,R6->R5,L7->L8,19.1049731745428,False,18.87231791703509,18.35616438356164,-4.383561643835616,3.605551275463989,13.434417799999991
PUFF_LEFT,137,R6->R5,L8->R8,68.24221567329127,True,4.396105798150607,-2.512347004509341,3.6074726218595665,3.0,13.534380049999996
PUFF_LEFT,138,R6->R5,R8->R7,166.41213898030395,True,2.1666395838411354,2.166612501354133,0.010833062506770658,3.605551275463989,13.632825600000004
PUFF_LEFT,139,R6->R5,R4->R3,338.89526405661087,True,0.0,0.0,0.0,0.0,13.730326449999993
PUFF_LEFT,140,R6->R5,R3->R2,180.5602392554906,True,1.2384055242282774,-1.070486473222502,0.6226611864302803,2.23606797749979,13.827386699999991
PUFF_LEFT,141,R6->R5,R2->R1,125.51493934986385,True,5.344546208798886,3.294401421861114,-4.208454995556684,6.708203932499369,13.925971499999989
PUFF_LEFT,142,R6->R5,R1->L1,96.83491106000976,True,6.531276015131936,-6.249333475525222,1.8982617041697774,6.324555320336759,14.033541
PUFF_LEFT,143,R5->R4,L1->L2,60.74537019394976,True,1.6462159944159827,-1.5447154471544717,-0.5691056910569106,1.0,14.13949215000001
PUFF_LEFT,144,R5->R4,L2->L3,13.038404810405298,False,0.0,-0.0,-0.0,0.0,14.238388599999993
PUFF_LEFT,145,R5->R4,L3->L4,56.639209034025185,True,4.993761694389223,-4.987531172069825,0.24937655860349126,2.8284271247461903,14.337352300000006
PUFF_LEFT,146,R5->R4,L4->L5,65.06919393998976,True,3.436446407438227,-3.2357109116674545,-1.1572980632971184,2.23606797749979,14.435402849999988
PUFF_LEFT,147,R5->R4,L5->L6,16.492422502470642,False,8.574929257125442,-7.352941176470589,4.411764705882352,1.4142135623730951,14.534402249999985
PUFF_LEFT,148,R5->R4,L6->L7,24.041630560342615,False,9.300816647554058,2.941176470588235,8.823529411764705,2.23606797749979,14.632798999999991
PUFF_LEFT,149,R5->R4,L7->L8,23.259406699226016,False,6.080179003104816,2.033271719038817,-5.730129390018485,1.4142135623730951,14.729823199999984
PUFF_LEFT,150,R5->R4,L8->R8,43.840620433565945,False,6.842968850192395,-4.838709677419355,4.838709677419355,3.0,14.827451150000002
PUFF_LEFT,151,R5->R4,R8->R7,56.568542494923804,True,5.303300858899107,3.7500000000000004,-3.7500000000000004,3.0,14.926522750000004
PUFF_LEFT,152,R5->R4,R7->R6,82.3286098510111,True,8.5888342153012,-8.557096488639717,0.7376807317792858,7.0710678118654755,15.026900499999996
PUFF_LEFT,153,R5->R4,R3->R2,253.03161857759991,True,0.5589078433450336,-0.554470909800859,0.07028504490433424,1.4142135623730951,15.126831249999995
PUFF_LEFT,154,R5->R4,R2->R1,63.324560795950255,True,14.559192107152361,-13.192019950124688,-6.159600997506234,9.219544457292887,15.22436710000001
PUFF_LEFT,155,R5->R4,R1->L1,35.05709628591621,False,15.361126213119746,-13.913751017087064,-6.509357200976402,5.385164807134504,15.321355099999991
PUFF_LEFT,156,R4->R3,L1->L2,36.40054944640259,False,3.8851434494290564,-3.8490566037735845,-0.5283018867924529,1.4142135623730951,15.4179015
PUFF_LEFT,157,R4->R3,L2->L3,11.40175425099138,False,8.770580193070293,8.461538461538462,-2.307692307692308,1.0,15.514525649999996
PUFF_LEFT,158,R4->R3,L3->L4,41.23105625617661,False,6.859943405700353,-6.823529411764705,-0.7058823529411764,2.8284271247461903,15.612460549999994
PUFF_LEFT,159,R4->R3,L4->L5,23.08679276123039,False,9.685485552825746,-5.065666041275796,8.25515947467167,2.23606797749979,15.710806500000004
PUFF_LEFT,160,R4->R3,L5->L6,3.605551275463989,False,0.0,-0.0,0.0,0.0,15.808759999999992
PUFF_LEFT,161,R4->R3,L6->L7,6.082762530298219,False,23.249527748763853,-13.513513513513512,-18.918918918918916,1.4142135623730951,15.906829649999992
PUFF_LEFT,162,R4->R3,L7->L8,12.0,False,16.666666666666664,0.0,16.666666666666664,2.0,16.004380249999997
PUFF_LEFT,163,R4->R3,L8->R8,19.313207915827967,False,20.711214923139913,7.506702412868633,-19.3029490616622,4.0,16.101337799999996
PUFF_LEFT,164,R4->R3,R8->R7,18.027756377319946,False,11.094003924504584,-3.6923076923076925,10.461538461538462,2.0,16.19928399999999
PUFF_LEFT,165,R4->R3,R7->R6,19.6468827043885,False,18.35177279629517,-17.357512953367877,5.958549222797928,3.605551275463989,16.296754750000005
PUFF_LEFT,166,R4->R3,R6->R5,326.65884344373717,True,0.3061297803719914,-0.17899649504245307,0.24834592244109985,1.0,16.39481325
PUFF_LEFT,167,R4->R3,R2->R1,485.26796720987056,True,0.41214342077828364,0.21912223708516468,-0.34906681954264607,2.0,16.49388839999999
PUFF_LEFT,168,R4->R3,R1->L1,110.11357772772621,True,5.295397729481898,-5.237113402061855,0.783505154639175,5.830951894845301,16.591317149999995
PUFF_LEFT,169,R3->R2,L1->L2,27.65863337187866,False,3.615507630310936,0.7843137254901961,-3.5294117647058822,1.0,16.689274949999998
PUFF_LEFT,170,R3->R2,L2->L3,22.47220505424423,False,4.4499415948998475,-2.376237623762376,-3.762376237623762,1.0,16.787322000000003
PUFF_LEFT,171,R3->R2,L3->L4,18.110770276274835,False,0.0,-0.0,-0.0,0.0,16.883321600000002
PUFF_LEFT,172,R3->R2,L4->L5,8.246211251235321,False,0.0,-0.0,0.0,0.0,16.979759099999995
PUFF_LEFT,173,R3->R2,L5->L6,12.041594578792296,False,8.304547985373997,0.6896551724137931,8.275862068965518,1.0,17.077828499999995
PUFF_LEFT,174,R3->R2,L6->L7,11.40175425099138,False,12.403473458920846,-1.5384615384615385,12.307692307692308,1.4142135623730951,17.1763969
PUFF_LEFT,175,R3->R2,L7->L8,11.045361017187261,False,18.107149208503703,18.032786885245898,1.6393442622950818,2.0,17.276397349999996
PUFF_LEFT,176,R3->R2,L8->R8,13.416407864998739,False,22.360679774997898,-20.0,10.0,3.0,17.37640524999999
PUFF_LEFT,177,R3->R2,R8->R7,17.88854381999832,False,16.770509831248425,15.000000000000002,-7.500000000000001,3.0,17.474918099999996
PUFF_LEFT,178,R3->R2,R7->R6,20.591260281974,False,6.868028197434452,-6.60377358490566,-1.8867924528301887,1.4142135623730951,17.57183479999999
PUFF_LEFT,179,R3->R2,R6->R5,202.41047403728888,True,0.494045579783473,-0.3636807420063461,-0.3343910178179156,1.0,17.6687778
PUFF_LEFT,180,R3->R2,R5->R4,276.9440376682625,True,0.8074078778970734,-0.7392630837831495,0.32464992568254714,2.23606797749979,17.7674131
PUFF_LEFT,181,R3->R2,R1->L1,68.09552114493287,True,7.908251110484709,-7.828337287039035,1.1214147077852061,5.385164807134504,17.866933399999994
PUFF_LEFT,182,R2->R1,L1->L2,348.644518098306,True,1.9240812874642368,1.7621942691665367,0.7725025297606806,6.708203932499369,17.9649412
PUFF_LEFT,183,R2->R1,L2->L3,26.076809620810597,False,0.0,-0.0,-0.0,0.0,18.062347250000002
PUFF_LEFT,184,R2->R1,L3->L4,20.518284528683193,False,4.873701788285794,-3.5629453681710213,3.32541567695962,1.0,18.160270499999996
PUFF_LEFT,185,R2->R1,L4->L5,19.72308292331602,False,7.170347393820747,1.7994858611825193,6.940874035989718,1.4142135623730951,18.25781959999999
PUFF_LEFT,186,R2->R1,L5->L6,24.186773244895647,False,9.245003270420485,-8.717948717948717,3.076923076923077,2.23606797749979,18.35643284999999
PUFF_LEFT,187,R2->R1,L6->L7,8.06225774829855,False,49.613893835683385,-49.23076923076923,6.153846153846154,4.0,18.454937450000003
PUFF_LEFT,188,R2->R1,L7->L8,16.401219466856727,False,25.139018680589903,15.613382899628252,19.70260223048327,4.123105625617661,18.552864350000007
PUFF_LEFT,189,R2->R1,L8->R8,14.0,False,57.58755534498964,-57.14285714285714,-7.142857142857142,8.06225774829855,18.650448949999998
PUFF_LEFT,190,R2->R1,R8->R7,24.73863375370596,False,24.253562503633297,23.52941176470588,-5.88235294117647,6.0,18.749058449999993
PUFF_LEFT,191,R2->R1,R7->R6,36.138621999185304,False,6.187474380041936,-1.3016845329249618,6.049004594180704,2.23606797749979,18.84906495
PUFF_LEFT,192,R2->R1,R6->R5,138.85243966167826,True,2.0370021093167763,2.033195020746888,0.1244813278008299,2.8284271247461903,18.949445899999986
PUFF_LEFT,193,R2->R1,R5->R4,8.06225774829855,False,52.62348115842176,-32.30769230769231,41.53846153846154,4.242640687119285,19.051398849999998
PUFF_LEFT,194,R2->R1,R4->R3,460.8047308784926,True,1.106546693622666,0.5279244234509586,0.9724923589886078,5.0990195135927845,19.15146374999999
PUFF_LEFT,195,R1->L1,L2->L3,23.259406699226016,False,4.299335803923478,3.8817005545286505,1.8484288354898335,1.0,19.248432199999996
PUFF_LEFT,196,R1->L1,L3->L4,30.528675044947494,False,3.275608910402091,1.7167381974248928,-2.7896995708154506,1.0,19.345900450000002
PUFF_LEFT,197,R1->L1,L4->L5,30.59411708155671,False,4.622501635210243,3.8461538461538463,-2.5641025641025648,1.4142135623730951,19.443335500000003
PUFF_LEFT,198,R1->L1,L5->L6,9.219544457292887,False,10.846522890932809,7.0588235294117645,8.235294117647058,1.0,19.53982434999999
PUFF_LEFT,199,R1->L1,L6->L7,12.206555615733702,False,16.38463841038081,-13.422818791946309,9.395973154362416,2.0,19.63633455
PUFF_LEFT,200,R1->L1,L7->L8,11.180339887498949,False,28.284271247461906,28.000000000000004,4.0,3.1622776601683795,19.73326809999999
PUFF_LEFT,201,R1->L1,L8->R8,19.4164878389476,False,15.45078607873814,-12.73209549071618,8.753315649867375,3.0,19.830398700000003
PUFF_LEFT,202,R1->L1,R8->R7,14.317821063276353,False,15.617376188860607,9.75609756097561,-12.195121951219514,2.23606797749979,19.928460749999985
PUFF_LEFT,203,R1->L1,R7->R6,5.385164807134504,False,18.56953381770519,-17.24137931034483,-6.896551724137932,1.0,20.02683445000001
PUFF_LEFT,204,R1->L1,R6->R5,31.906112267087632,False,3.1341957040361135,2.6522593320235757,-1.6699410609037328,1.0,20.124771449999997
PUFF_LEFT,205,R1->L1,R5->R4,47.4236228055175,False,2.9820867295877664,2.9791018230324586,0.13339261894175194,1.4142135623730951,20.224353800000003
PUFF_LEFT,206,R1->L1,R4->R3,50.15974481593781,True,2.8194193721730048,2.6232114467408585,1.0333863275039747,1.4142135623730951,20.32438655
PUFF_LEFT,207,R1->L1,R3->R2,7.0,False,14.285714285714285,0.0,-14.285714285714285,1.0,20.422582399999996
PUFF_RIGHT,0,L1->L2,L3->L4,299.2607558635111,True,5.21969521420898,5.189990732159408,-0.556070435588508,15.620499351813308,0.05022830000000056
PUFF_RIGHT,1,L1->L2,L4->L5,93.38094023943002,True,1.5144563320384565,-1.513761467889908,0.04587155963302753,1.4142135623730951,0.1505889499999995
PUFF_RIGHT,2,L1->L2,L5->L6,83.40863264674707,True,1.1989166687760109,0.948684777921518,0.733074601121173,1.0,0.24858865000000208
PUFF_RIGHT,3,L1->L2,L6->L7,45.79301256742124,False,4.882989460908731,4.148783977110158,-2.575107296137339,2.23606797749979,0.344676800000002
PUFF_RIGHT,4,L1->L2,L7->L8,19.313207915827967,False,11.577921116187232,-7.774798927613942,8.579088471849866,2.23606797749979,0.4496688499999948
PUFF_RIGHT,5,L1->L2,L8->R8,7.0710678118654755,False,28.284271247461902,-27.999999999999996,-3.9999999999999996,2.0,0.5556450500000096
PUFF_RIGHT,6,L1->L2,R8->R7,4.242640687119285,False,100.0,-0.0,100.0,4.242640687119285,0.653168700000009
PUFF_RIGHT,7,L1->L2,R7->R6,22.561028345356956,False,6.268391408072227,3.3398821218074657,5.304518664047151,1.4142135623730951,0.7506872499999986
PUFF_RIGHT,8,L1->L2,R6->R5,10.44030650891055,False,9.578262852211513,9.174311926605503,-2.7522935779816513,1.0,0.8481227500000017
PUFF_RIGHT,9,L1->L2,R5->R4,60.4648658313239,True,2.3389013486249404,2.2975929978118166,-0.4376367614879649,1.4142135623730951,0.9455668500000058
PUFF_RIGHT,10,L1->L2,R4->R3,45.803929962395145,False,2.1832187779978622,1.7635843660629171,-1.2869399428026693,1.0,1.0436293500000033
PUFF_RIGHT,11,L1->L2,R3->R2,25.612496949731394,False,0.0,0.0,0.0,0.0,1.1422071500000044
PUFF_RIGHT,12,L1->L2,R2->R1,373.2077169620157,True,1.9321954566287571,1.8178685276126476,-0.6547772895666409,7.211102550927978,1.2401509000000033
PUFF_RIGHT,13,L2->L3,L4->L5,247.95160818191923,True,3.46935651279632,-3.4677944046844504,0.1040988939492517,8.602325267042627,1.3386935999999992
PUFF_RIGHT,14,L2->L3,L5->L6,161.82088863926066,True,3.089835955076389,-3.0894371037959214,0.04964484839227071,5.0,1.4377673500000014
PUFF_RIGHT,15,L2->L3,L6->L7,40.8166632639171,False,4.899959575500253,-4.201680672268907,-2.5210084033613445,2.0,1.5365891000000005
PUFF_RIGHT,16,L2->L3,L7->L8,18.867962264113206,False,10.5999788000636,-8.98876404494382,5.617977528089887,2.0,1.6351521500000104
PUFF_RIGHT,17,L2->L3,L8->R8,15.620499351813308,False,23.082176787424142,-22.95081967213115,2.459016393442624,3.605551275463989,1.7326587000000018
PUFF_RIGHT,18,L2->L3,R8->R7,9.848857801796104,False,10.153461651336189,4.123711340206185,9.278350515463917,1.0,1.83015915
PUFF_RIGHT,19,L2->L3,R7->R6,7.280109889280518,False,27.472112789737807,26.41509433962264,7.547169811320755,2.0,1.927154200000004
PUFF_RIGHT,20,L2->L3,R6->R5,18.027756377319946,False,0.0,-0.0,-0.0,0.0,2.0240903499999945
PUFF_RIGHT,21,L2->L3,R5->R4,5.385164807134504,False,18.56953381770519,17.24137931034483,-6.896551724137932,1.0,2.1221463500000084
PUFF_RIGHT,22,L2->L3,R4->R3,16.278820596099706,False,0.0,-0.0,-0.0,0.0,2.221685100000002
PUFF_RIGHT,23,L2->L3,R3->R2,7.211102550927978,False,19.6116135138184,-19.23076923076923,-3.846153846153847,1.4142135623730951,2.3197138499999994
PUFF_RIGHT,24,L2->L3,R2->R1,51.61395160225576,True,6.985613702374244,-6.981981981981981,0.22522522522522526,3.605551275463989,2.418225300000003
PUFF_RIGHT,25,L2->L3,R1->L1,33.24154027718932,False,9.513029883089882,-8.597285067873305,-4.0723981900452495,3.1622776601683795,2.5182082500000007
PUFF_RIGHT,26,L3->L4,L1->L2,327.9466420014085,True,4.573914801644951,4.5579224353550485,0.382151391458777,15.0,2.6162008000000014
PUFF_RIGHT,27,L3->L4,L5->L6,252.1606630701942,True,1.2540725510735564,1.004953998584572,-0.7501769285208776,3.1622776601683795,2.713247999999993
PUFF_RIGHT,28,L3->L4,L6->L7,26.92582403567252,False,5.252257314388902,-5.103448275862069,1.2413793103448276,1.4142135623730951,2.8112332000000038
PUFF_RIGHT,29,L3->L4,L7->L8,23.08679276123039,False,8.662961636484198,-8.25515947467167,-2.626641651031895,2.0,2.9088198500000004
PUFF_RIGHT,30,L3->L4,L8->R8,21.93171219946131,False,14.418745018211808,-10.602910602910601,-9.77130977130977,3.1622776601683795,3.0052245500000083
PUFF_RIGHT,31,L3->L4,R8->R7,9.0,False,40.06168083848877,-33.33333333333333,22.22222222222222,3.605551275463989,3.1036325000000033
PUFF_RIGHT,32,L3->L4,R7->R6,23.769728648009426,False,9.407208683835972,1.9469026548672566,9.203539823008848,2.23606797749979,3.2021213499999988
PUFF_RIGHT,33,L3->L4,R6->R5,13.601470508735444,False,7.352146220938077,5.945945945945946,-4.324324324324324,1.0,3.2991289999999935
PUFF_RIGHT,34,L3->L4,R5->R4,57.38466694161429,True,2.4644450124838726,-2.4597631339204376,0.15183723048891587,1.4142135623730951,3.3962848999999977
PUFF_RIGHT,35,L3->L4,R4->R3,58.180752831155424,True,1.7187814721168517,-0.827178729689808,-1.5066469719350073,1.0,3.4942762999999957
PUFF_RIGHT,36,L3->L4,R3->R2,18.027756377319946,False,0.0,-0.0,-0.0,0.0,3.5931884500000137
PUFF_RIGHT,37,L3->L4,R2->R1,39.45883931389772,False,11.333673348634099,-9.248554913294798,-6.551059730250483,4.47213595499958,3.6917623500000047
PUFF_RIGHT,38,L3->L4,R1->L1,123.84667940643382,True,4.34825126757072,-4.166123353761899,1.2452731777285173,5.385164807134504,3.788766250000009
PUFF_RIGHT,39,L4->L5,L1->L2,76.05918747922567,True,2.939905160189274,-2.679343128781331,-1.2100259291270525,2.23606797749979,3.8860851500000138
PUFF_RIGHT,40,L4->L5,L2->L3,240.62626623043462,True,2.9968060693849194,-2.9947669297594173,0.11053349683079743,7.211102550927978,3.9831649000000056
PUFF_RIGHT,41,L4->L5,L6->L7,175.41949720598336,True,0.8061894971187147,0.7734303912647862,-0.22747952684258418,1.4142135623730951,4.079709000000008
PUFF_RIGHT,42,L4->L5,L7->L8,66.60330322138685,True,8.085432023145191,-7.213706041478811,3.651938683498648,5.385164807134504,4.177633350000008
PUFF_RIGHT,43,L4->L5,L8->R8,47.634021455258214,False,11.875659616112326,-11.811370647862496,1.2340237990304097,5.656854249492381,4.275647550000002
PUFF_RIGHT,44,L4->L5,R8->R7,22.02271554554524,False,10.15346165133619,-9.278350515463918,-4.123711340206185,2.23606797749979,4.374687499999993
PUFF_RIGHT,45,L4->L5,R7->R6,19.209372712298546,False,16.462159944159826,8.94308943089431,-13.821138211382115,3.1622776601683795,4.472689550000013
PUFF_RIGHT,46,L4->L5,R6->R5,5.0,False,0.0,-0.0,-0.0,0.0,4.569226299999997
PUFF_RIGHT,47,L4->L5,R5->R4,39.6232255123179,False,5.643326479831004,-5.414012738853504,-1.5923566878980893,2.23606797749979,4.66516630000001
PUFF_RIGHT,48,L4->L5,R4->R3,35.014282800023196,False,4.038961958610096,-2.7732463295269163,2.9363784665579113,1.4142135623730951,4.762146550000011
PUFF_RIGHT,49,L4->L5,R3->R2,18.973665961010276,False,0.0,0.0,0.0,0.0,4.862702399999989
PUFF_RIGHT,50,L4->L5,R2->R1,115.12167476196652,True,4.343230768956709,-3.6595487814079832,2.3390930355391233,5.0,4.962214899999992
PUFF_RIGHT,51,L4->L5,R1->L1,45.48626166217664,False,8.793864023620424,-7.34654422426293,-4.8332527791203495,4.0,5.059206249999988
PUFF_RIGHT,52,L5->L6,L1->L2,88.72992730753249,True,2.5200831842786426,2.4514162326940174,0.5842753715229265,2.23606797749979,5.156647050000004
PUFF_RIGHT,53,L5->L6,L2->L3,176.0113632695344,True,2.5408222923375634,-2.50484183344093,-0.4260813428018077,4.47213595499958,5.254142450000018
PUFF_RIGHT,54,L5->L6,L3->L4,272.3692346796899,True,0.519226616778591,0.5081889869919795,-0.10649053043068003,1.4142135623730951,5.351221850000002
PUFF_RIGHT,55,L5->L6,L7->L8,178.63090438107287,True,3.75534343048993,-3.234197248425209,1.9085524460183647,6.708203932499369,5.449819900000023
PUFF_RIGHT,56,L5->L6,L8->R8,52.69724850502159,True,6.00084017644117,-4.717320849837955,3.709038530788621,3.1622776601683795,5.548153800000023
PUFF_RIGHT,57,L5->L6,R8->R7,17.029386365926403,False,21.17252611449483,20.344827586206897,5.862068965517241,3.605551275463989,5.6455786500000045
PUFF_RIGHT,58,L5->L6,R7->R6,3.0,False,100.0,100.0,-0.0,3.0,5.743082000000015
PUFF_RIGHT,59,L5->L6,R6->R5,45.09988913511872,False,2.2173003507924642,2.2123893805309733,-0.14749262536873156,1.0,5.839673300000015
PUFF_RIGHT,60,L5->L6,R5->R4,6.4031242374328485,False,22.08630521496931,2.4390243902439024,-21.951219512195124,1.4142135623730951,5.936099200000001
PUFF_RIGHT,61,L5->L6,R4->R3,5.830951894845301,False,17.149858514250884,14.705882352941178,-8.823529411764707,1.0,6.032622199999992
PUFF_RIGHT,62,L5->L6,R3->R2,2.8284271247461903,False,35.35533905932738,-25.0,-25.0,1.0,6.130213050000009
PUFF_RIGHT,63,L5->L6,R2->R1,40.26164427839479,False,8.955300609515348,-8.451573103022826,-2.9611351017890195,3.605551275463989,6.2287103500000285
PUFF_RIGHT,64,L5->L6,R1->L1,69.8927750200262,True,3.19928344075492,-3.1729785056294784,0.40941658137154563,2.23606797749979,6.330281350000007
PUFF_RIGHT,65,L6->L7,L1->L2,39.824615503479755,False,2.5110098047591274,1.9546027742749057,1.5762925598991173,1.0,6.4322805500000015
PUFF_RIGHT,66,L6->L7,L2->L3,44.68780594300866,False,0.0,-0.0,-0.0,0.0,6.530699700000014
PUFF_RIGHT,67,L6->L7,L3->L4,40.22437072223753,False,3.5158127696731496,-3.4610630407911,0.6180469715698391,1.4142135623730951,6.627632900000009
PUFF_RIGHT,68,L6->L7,L4->L5,200.9975124224178,True,0.4975185951049945,-0.25742574257425743,0.4257425742574258,1.0,6.72471065000002
PUFF_RIGHT,69,L6->L7,L8->R8,295.8530040408581,True,6.377478682456607,-6.377314947046123,0.04569913971369473,18.867962264113206,6.824306699999994
PUFF_RIGHT,70,L6->L7,R8->R7,50.566787519082126,True,8.390172473420943,7.8607743449354714,-2.9331247555729374,4.242640687119285,6.924675700000023
PUFF_RIGHT,71,L6->L7,R7->R6,36.796738985948195,False,25.638090200490915,25.184638109305762,-4.800590841949778,9.433981132056603,7.02313989999999
PUFF_RIGHT,72,L6->L7,R6->R5,17.204650534085253,False,12.996881122750912,12.83783783783784,2.027027027027027,2.23606797749979,7.120410400000026
PUFF_RIGHT,73,L6->L7,R5->R4,11.704699910719626,False,19.104017997521755,-18.978102189781023,2.1897810218978098,2.23606797749979,7.218708450000008
PUFF_RIGHT,74,L6->L7,R4->R3,15.652475842498529,False,14.285714285714285,-8.571428571428571,11.428571428571429,2.23606797749979,7.3176871000000006
PUFF_RIGHT,75,L6->L7,R3->R2,1.4142135623730951,False,0.0,0.0,0.0,0.0,7.417130700000001
PUFF_RIGHT,76,L6->L7,R2->R1,59.464274989274024,True,5.317945372643964,-5.316742081447964,0.11312217194570139,3.1622776601683795,7.517153199999996
PUFF_RIGHT,77,L6->L7,R1->L1,66.30987860040162,True,6.217935717337731,-6.140550375255857,0.977939504207414,4.123105625617661,7.615601200000015
PUFF_RIGHT,78,L7->L8,L1->L2,17.72004514666935,False,7.980868844676222,-7.0063694267515935,-3.821656050955414,1.4142135623730951,7.713220149999984
PUFF_RIGHT,79,L7->L8,L2->L3,26.40075756488817,False,0.0,-0.0,-0.0,0.0,7.8112535500000035
PUFF_RIGHT,80,L7->L8,L3->L4,30.0,False,7.4535599249993,-7.333333333333333,-1.3333333333333335,2.23606797749979,7.909202050000005
PUFF_RIGHT,81,L7->L8,L4->L5,88.72992730753249,True,5.635077309001173,-5.626825860536008,-0.3048393242728312,5.0,8.006158900000003
PUFF_RIGHT,82,L7->L8,L5->L6,187.27786842016332,True,1.6885485118154582,-0.4875545291249679,1.6166281755196306,3.1622776601683795,8.102600100000018
PUFF_RIGHT,83,L7->L8,R8->R7,122.31925441237777,True,13.408534531745026,13.387247694158535,-0.7552466247827825,16.401219466856727,8.199651950000003
PUFF_RIGHT,84,L7->L8,R7->R6,60.74537019394976,True,38.43129934893818,37.80487804878048,-6.910569105691056,23.345235059857504,8.296650849999992
PUFF_RIGHT,85,L7->L8,R6->R5,21.18962010041709,False,31.657971689484544,31.403118040089083,-4.008908685968819,6.708203932499369,8.395092449999993
PUFF_RIGHT,86,L7->L8,R5->R4,13.416407864998739,False,7.4535599249993,-6.666666666666667,-3.3333333333333335,1.0,8.49524439999999
PUFF_RIGHT,87,L7->L8,R4->R3,13.92838827718412,False,7.17958158617738,2.577319587628866,6.701030927835052,1.0,8.5943422
PUFF_RIGHT,88,L7->L8,R3->R2,1.0,False,0.0,0.0,0.0,0.0,8.693813049999989
PUFF_RIGHT,89,L7->L8,R2->R1,55.362442142665635,True,2.5544638343965267,-2.316476345840131,-1.0766721044045677,1.4142135623730951,8.792141600000008
PUFF_RIGHT,90,L7->L8,R1->L1,67.60177512462228,True,2.9585021936377363,-2.5820568927789935,1.4442013129102844,2.0,8.890263300000015
PUFF_RIGHT,91,L8->R8,L1->L2,12.727922061357855,False,7.856742013183861,-5.555555555555555,5.555555555555555,1.0,8.986694650000004
PUFF_RIGHT,92,L8->R8,L2->L3,24.413111231467404,False,5.792844463634923,-5.704697986577181,-1.0067114093959733,1.4142135623730951,9.083130649999987
PUFF_RIGHT,93,L8->R8,L3->L4,30.0,False,7.4535599249993,-6.666666666666667,3.3333333333333335,2.23606797749979,9.181202750000011
PUFF_RIGHT,94,L8->R8,L4->L5,67.26812023536856,True,7.432941462471662,-7.403314917127071,-0.6629834254143647,5.0,9.280200750000006
PUFF_RIGHT,95,L8->R8,L5->L6,55.226805085936306,True,5.121475197315839,-5.114754098360655,0.2622950819672131,2.8284271247461903,9.378703000000002
PUFF_RIGHT,96,L8->R8,L6->L7,308.4493475434824,True,6.683602443082528,-6.5439715790248165,-1.3590355367296958,20.615528128088304,9.476647000000014
PUFF_RIGHT,97,L8->R8,R7->R6,322.59107241211746,True,18.43332939893236,17.669725652236583,-5.250564551001776,59.464274989274024,9.575097400000004
PUFF_RIGHT,98,L8->R8,R6->R5,70.66116330771806,True,25.97970213247351,25.95633887442419,-1.1015421590226322,18.35755975068582,9.674155550000023
PUFF_RIGHT,99,L8->R8,R5->R4,38.47076812334269,False,5.812381937190962,-5.81081081081081,-0.13513513513513514,2.23606797749979,9.773164049999991
PUFF_RIGHT,100,L8->R8,R4->R3,22.090722034374522,False,12.803687993289598,-8.19672131147541,9.83606557377049,2.8284271247461903,9.87120010000001
PUFF_RIGHT,101,L8->R8,R3->R2,5.385164807134504,False,18.56953381770519,-6.896551724137932,17.24137931034483,1.0,9.968720700000006
PUFF_RIGHT,102,L8->R8,R2->R1,50.80354318352215,True,2.7836908092500674,-1.5885315769081754,2.2859356838434715,1.4142135623730951,10.067709949999994
PUFF_RIGHT,103,L8->R8,R1->L1,82.37718130647589,True,4.3768810953240855,-4.376657824933687,-0.04420866489832004,3.605551275463989,10.167137200000013
PUFF_RIGHT,104,R8->R7,L1->L2,13.038404810405298,False,27.653315937748612,-21.764705882352946,17.058823529411764,3.605551275463989,10.265565850000002
PUFF_RIGHT,105,R8->R7,L2->L3,15.652475842498529,False,0.0,-0.0,-0.0,0.0,10.363673549999987
PUFF_RIGHT,106,R8->R7,L3->L4,18.439088914585774,False,15.33929977694741,-15.294117647058824,1.1764705882352944,2.8284271247461903,10.460735699999987
PUFF_RIGHT,107,R8->R7,L4->L5,34.058772731852805,False,4.1522739926869985,-4.137931034482759,-0.3448275862068966,1.4142135623730951,10.557673399999999
PUFF_RIGHT,108,R8->R7,L5->L6,17.46424919657298,False,11.451966686277364,4.590163934426229,10.491803278688524,2.0,10.655098399999986
PUFF_RIGHT,109,R8->R7,L6->L7,55.47071299343465,True,6.499918751523405,5.71985700357491,-3.087422814429639,3.605551275463989,10.753143599999987
PUFF_RIGHT,110,R8->R7,L7->L8,124.19742348374221,True,10.311203015046502,10.307941653160455,0.2593192868719608,12.806248474865697,10.85120575000002
PUFF_RIGHT,111,R8->R7,R6->R5,169.04733065032408,True,2.645493388032392,-2.1205864856353007,1.5816915701438221,4.47213595499958,10.948140249999994
PUFF_RIGHT,112,R8->R7,R5->R4,49.64876634922564,False,6.36929755298482,6.288032454361055,1.0141987829614603,3.1622776601683795,11.046073000000007
PUFF_RIGHT,113,R8->R7,R4->R3,23.021728866442675,False,17.90962637748571,17.169811320754715,-5.094339622641508,4.123105625617661,11.14415009999999
PUFF_RIGHT,114,R8->R7,R3->R2,7.615773105863909,False,0.0,-0.0,-0.0,0.0,11.241214300000024
PUFF_RIGHT,115,R8->R7,R2->R1,39.0,False,9.245003270420487,5.128205128205128,7.6923076923076925,3.605551275463989,11.3376394
PUFF_RIGHT,116,R8->R7,R1->L1,68.47627326307996,True,1.4603598477944117,0.7037747920665387,1.2795905310300704,1.0,11.435119250000014
PUFF_RIGHT,117,R7->R6,L1->L2,24.020824298928627,False,13.164734152397187,4.679376083188908,-12.305025996533795,3.1622776601683795,11.533719599999984
PUFF_RIGHT,118,R7->R6,L2->L3,18.35755975068582,False,0.0,-0.0,-0.0,0.0,11.63228135
PUFF_RIGHT,119,R7->R6,L3->L4,23.853720883753127,False,4.192218081503186,3.5149384885764503,2.2847100175746924,1.0,11.731768799999998
PUFF_RIGHT,120,R7->R6,L4->L5,41.036569057366385,False,2.436850894142897,1.66270783847981,-1.7814726840855106,1.0,11.830283800000018
PUFF_RIGHT,121,R7->R6,L5->L6,9.486832980505138,False,10.5409255338946,10.0,-3.3333333333333335,1.0,11.929293050000012
PUFF_RIGHT,122,R7->R6,L6->L7,49.51767361255979,False,17.372232254587804,17.21044045676998,-2.3654159869494285,8.602325267042627,12.02871140000002
PUFF_RIGHT,123,R7->R6,L7->L8,68.01470429252781,True,31.25837544485948,31.25810635538262,0.12970168612191912,21.2602916254693,12.126137349999993
PUFF_RIGHT,124,R7->R6,L8->R8,333.75589882427545,True,18.23995477993028,17.804529907624357,-3.9616492957367155,60.876925020897694,12.223703450000016
PUFF_RIGHT,125,R7->R6,R5->R4,84.17244204607586,True,6.057825328153828,-5.913902611150319,-1.3126323218066336,5.0990195135927845,12.323357950000002
PUFF_RIGHT,126,R7->R6,R4->R3,15.811388300841896,False,0.0,0.0,-0.0,0.0,12.422750800000017
PUFF_RIGHT,127,R7->R6,R3->R2,17.08800749063506,False,5.852057359806528,-5.47945205479452,-2.054794520547945,1.0,12.521109850000016
PUFF_RIGHT,128,R7->R6,R2->R1,33.60059523282288,False,15.175384478343362,-10.186005314437555,-11.248892825509298,5.0990195135927845,12.62016645
PUFF_RIGHT,129,R7->R6,R1->L1,70.7248188403477,True,4.471241796047326,-4.318272690923631,1.15953618552579,3.1622776601683795,12.720355299999994
PUFF_RIGHT,130,R6->R5,L1->L2,12.206555615733702,False,8.192319205190405,-4.697986577181208,6.7114093959731544,1.0,12.819199700000013
PUFF_RIGHT,131,R6->R5,L2->L3,23.853720883753127,False,0.0,-0.0,-0.0,0.0,12.916576300000003
PUFF_RIGHT,132,R6->R5,L3->L4,3.0,False,74.53559924999298,33.33333333333333,-66.66666666666666,2.23606797749979,13.01463369999999
PUFF_RIGHT,133,R6->R5,L4->L5,17.029386365926403,False,5.872202195147034,-4.482758620689655,3.793103448275862,1.0,13.112703699999997
PUFF_RIGHT,134,R6->R5,L5->L6,48.093658625644196,False,2.9405406092748723,1.9455252918287937,2.2049286640726327,1.4142135623730951,13.210212300000023
PUFF_RIGHT,135,R6->R5,L6->L7,20.518284528683193,False,10.897928500669323,10.451306413301664,3.0878859857482186,2.23606797749979,13.307156899999995
PUFF_RIGHT,136,R6->R5,L7->L8,19.1049731745428,False,28.187240871451134,26.301369863013697,10.136986301369863,5.385164807134504,13.404573400000004
PUFF_RIGHT,137,R6->R5,L8->R8,68.24221567329127,True,28.901586398864932,28.816834872235347,2.211724286021043,19.72308292331602,13.502149750000001
PUFF_RIGHT,138,R6->R5,R8->R7,166.41213898030395,True,1.2018354023060265,-0.6716498754197813,0.9966417506229012,2.0,13.599643749999984
PUFF_RIGHT,139,R6->R5,R4->R3,338.89526405661087,True,1.2519032093675326,-1.217239878101872,0.2925555071832826,4.242640687119285,13.697595400000012
PUFF_RIGHT,140,R6->R5,R3->R2,180.5602392554906,True,2.349709274097715,-2.3004723636586717,0.4784982516410036,4.242640687119285,13.794208800000007
PUFF_RIGHT,141,R6->R5,R2->R1,125.51493934986385,True,2.872607272201897,2.0375777580297068,-2.024882569506157,3.605551275463989,13.891906699999993
PUFF_RIGHT,142,R6->R5,R1->L1,96.83491106000976,True,3.265638007565968,-3.124666737762611,0.9491308520848887,3.1622776601683795,13.992387750000006
PUFF_RIGHT,143,R5->R4,L1->L2,60.74537019394976,True,0.0,0.0,0.0,0.0,14.091865949999999
PUFF_RIGHT,144,R5->R4,L2->L3,13.038404810405298,False,7.669649888473703,-6.470588235294117,4.117647058823529,1.0,14.19075079999999
PUFF_RIGHT,145,R5->R4,L3->L4,56.639209034025185,True,2.4968808471946113,-2.4937655860349124,0.12468827930174563,1.4142135623730951,14.290184099999976
PUFF_RIGHT,146,R5->R4,L4->L5,65.06919393998976,True,4.346799081843114,-4.345772319319793,-0.0944733112895606,2.8284271247461903,14.387697550000013
PUFF_RIGHT,147,R5->R4,L5->L6,16.492422502470642,False,13.55815361366601,-10.294117647058822,-8.823529411764705,2.23606797749979,14.48375255000002
PUFF_RIGHT,148,R5->R4,L6->L7,24.041630560342615,False,4.159451654038515,-2.941176470588235,-2.941176470588235,1.0,14.580363550000015
PUFF_RIGHT,149,R5->R4,L7->L8,23.259406699226016,False,12.898007411770433,-11.645101663585953,5.5452865064695,3.0,14.678838049999996
PUFF_RIGHT,150,R5->R4,L8->R8,43.840620433565945,False,7.2131225080638375,-6.451612903225806,3.225806451612903,3.1622776601683795,14.778855899999996
PUFF_RIGHT,151,R5->R4,R8->R7,56.568542494923804,True,10.307764064044154,10.0,2.5,5.830951894845301,14.879355400000009
PUFF_RIGHT,152,R5->R4,R7->R6,82.3286098510111,True,5.008107914222269,-2.935969312481558,-4.0572440247860735,4.123105625617661,14.977699900000005
PUFF_RIGHT,153,R5->R4,R3->R2,253.03161857759991,True,1.9760376304381095,-1.975790706755174,-0.031237797735259695,5.0,15.075124500000015
PUFF_RIGHT,154,R5->R4,R2->R1,63.324560795950255,True,10.111596759534638,-8.204488778054863,-5.910224438902743,6.4031242374328485,15.174198649999994
PUFF_RIGHT,155,R5->R4,R1->L1,35.05709628591621,False,10.28479725205444,-8.21806346623271,-6.183889340927583,3.605551275463989,15.272807900000004
PUFF_RIGHT,156,R4->R3,L1->L2,36.40054944640259,False,0.0,-0.0,-0.0,0.0,15.37130024999999
PUFF_RIGHT,157,R4->R3,L2->L3,11.40175425099138,False,0.0,-0.0,-0.0,0.0,15.470237249999997
PUFF_RIGHT,158,R4->R3,L3->L4,41.23105625617661,False,3.4299717028501764,-3.4117647058823524,-0.3529411764705882,1.4142135623730951,15.569805599999995
PUFF_RIGHT,159,R4->R3,L4->L5,23.08679276123039,False,6.125638918316888,-4.690431519699811,3.9399624765478425,1.4142135623730951,15.668714850000015
PUFF_RIGHT,160,R4->R3,L5->L6,3.605551275463989,False,39.2232270276368,7.692307692307694,-38.46153846153846,1.4142135623730951,15.767167050000012
PUFF_RIGHT,161,R4->R3,L6->L7,6.082762530298219,False,23.249527748763853,-18.918918918918916,13.513513513513512,1.4142135623730951,15.865762799999999
PUFF_RIGHT,162,R4->R3,L7->L8,12.0,False,18.633899812498246,-8.333333333333332,-16.666666666666664,2.23606797749979,15.96327869999999
PUFF_RIGHT,163,R4->R3,L8->R8,19.313207915827967,False,11.577921116187232,-7.774798927613942,-8.579088471849866,2.23606797749979,16.06381195
PUFF_RIGHT,164,R4->R3,R8->R7,18.027756377319946,False,20.0,19.384615384615387,-4.923076923076923,3.605551275463989,16.164321849999993
PUFF_RIGHT,165,R4->R3,R7->R6,19.6468827043885,False,10.17973197118575,-2.5906735751295336,9.844559585492227,2.0,16.2627679
PUFF_RIGHT,166,R4->R3,R6->R5,326.65884344373717,True,0.8658657744967345,-0.8546848349671059,0.13869885479729352,2.8284271247461903,16.360766549999994
PUFF_RIGHT,167,R4->R3,R2->R1,485.26796720987056,True,0.41214342077828364,0.21912223708516468,-0.34906681954264607,2.0,16.459213599999998
PUFF_RIGHT,168,R4->R3,R1->L1,110.11357772772621,True,3.2743929948214943,-3.2577319587628857,0.32989690721649473,3.605551275463989,16.557638199999985
PUFF_RIGHT,169,R3->R2,L1->L2,27.65863337187866,False,0.0,0.0,0.0,0.0,16.654635050000024
PUFF_RIGHT,170,R3->R2,L2->L3,22.47220505424423,False,4.4499415948998475,-2.376237623762376,-3.762376237623762,1.0,16.752703050000008
PUFF_RIGHT,171,R3->R2,L3->L4,18.110770276274835,False,5.521576303742328,5.487804878048781,0.6097560975609756,1.0,16.85121005000002
PUFF_RIGHT,172,R3->R2,L4->L5,8.246211251235321,False,0.0,-0.0,0.0,0.0,16.94924500000002
PUFF_RIGHT,173,R3->R2,L5->L6,12.041594578792296,False,0.0,-0.0,-0.0,0.0,17.04731049999998
PUFF_RIGHT,174,R3->R2,L6->L7,11.40175425099138,False,0.0,-0.0,-0.0,0.0,17.146822299999997
PUFF_RIGHT,175,R3->R2,L7->L8,11.045361017187261,False,20.244408254472894,-18.85245901639344,7.377049180327868,2.23606797749979,17.246255050000002
PUFF_RIGHT,176,R3->R2,L8->R8,13.416407864998739,False,16.666666666666664,-16.666666666666664,-0.0,2.23606797749979,17.344217200000003
PUFF_RIGHT,177,R3->R2,R8->R7,17.88854381999832,False,5.5901699437494745,2.5,5.0,1.0,17.441791550000005
PUFF_RIGHT,178,R3->R2,R7->R6,20.591260281974,False,17.51010489931187,8.018867924528301,-15.566037735849056,3.605551275463989,17.5387092
PUFF_RIGHT,179,R3->R2,R6->R5,202.41047403728888,True,1.3973719187205331,-1.3961435196485235,0.05857944837686112,2.8284271247461903,17.63567470000001
PUFF_RIGHT,180,R3->R2,R5->R4,276.9440376682625,True,1.5319487369507243,-1.5254635062191975,0.14081201595869514,4.242640687119285,17.732762500000007
PUFF_RIGHT,181,R3->R2,R1->L1,68.09552114493287,True,4.643884953076229,-4.550355833513048,0.9273237006685358,3.1622776601683795,17.82919444999999
PUFF_RIGHT,182,R2->R1,L1->L2,348.644518098306,True,1.6724633809389684,1.578735201928377,0.5520225745148207,5.830951894845301,17.93317780000001
PUFF_RIGHT,183,R2->R1,L2->L3,26.076809620810597,False,3.8348249442368525,-0.2941176470588236,3.823529411764706,1.0,18.037647100000015
PUFF_RIGHT,184,R2->R1,L3->L4,20.518284528683193,False,4.873701788285794,3.5629453681710213,-3.32541567695962,1.0,18.13527345
PUFF_RIGHT,185,R2->R1,L4->L5,19.72308292331602,False,5.070201265633938,4.370179948586118,2.570694087403599,1.0,18.23227270000001
PUFF_RIGHT,186,R2->R1,L5->L6,24.186773244895647,False,4.134491152973615,-0.5128205128205128,4.102564102564102,1.0,18.330764450000004
PUFF_RIGHT,187,R2->R1,L6->L7,8.06225774829855,False,0.0,-0.0,-0.0,0.0,18.430296749999997
PUFF_RIGHT,188,R2->R1,L7->L8,16.401219466856727,False,25.139018680589903,-23.048327137546465,-10.037174721189592,4.123105625617661,18.528208250000006
PUFF_RIGHT,189,R2->R1,L8->R8,14.0,False,21.428571428571427,-21.428571428571427,-0.0,3.0,18.625134650000007
PUFF_RIGHT,190,R2->R1,R8->R7,24.73863375370596,False,9.038769075777338,-8.823529411764705,-1.9607843137254901,2.23606797749979,18.722623950000013
PUFF_RIGHT,191,R2->R1,R7->R6,36.138621999185304,False,16.602735987374565,16.079632465543643,-4.134762633996936,6.0,18.820102100000014
PUFF_RIGHT,192,R2->R1,R6->R5,138.85243966167826,True,1.6103915660020771,1.4937759336099583,0.6016597510373445,2.23606797749979,18.9175951
PUFF_RIGHT,193,R2->R1,R5->R4,8.06225774829855,False,52.62348115842176,-32.30769230769231,41.53846153846154,4.242640687119285,19.01567159999999
PUFF_RIGHT,194,R2->R1,R4->R3,460.8047308784926,True,0.6510349827096406,0.41678243956654626,0.5001389274798554,3.0,19.11320035
PUFF_RIGHT,195,R1->L1,L2->L3,23.259406699226016,False,0.0,0.0,0.0,0.0,19.21168825000001
PUFF_RIGHT,196,R1->L1,L3->L4,30.528675044947494,False,0.0,-0.0,-0.0,0.0,19.309121000000005
PUFF_RIGHT,197,R1->L1,L4->L5,30.59411708155671,False,0.0,0.0,0.0,0.0,19.406619550000016
PUFF_RIGHT,198,R1->L1,L5->L6,9.219544457292887,False,0.0,-0.0,-0.0,0.0,19.506159200000013
PUFF_RIGHT,199,R1->L1,L6->L7,12.206555615733702,False,11.585688927269846,-11.409395973154362,-2.0134228187919465,1.4142135623730951,19.605158450000005
PUFF_RIGHT,200,R1->L1,L7->L8,11.180339887498949,False,12.64911064067352,-7.200000000000001,10.4,1.4142135623730951,19.70419444999999
PUFF_RIGHT,201,R1->L1,L8->R8,19.4164878389476,False,16.286558549611406,-15.649867374005305,4.509283819628647,3.1622776601683795,19.80369350000001
PUFF_RIGHT,202,R1->L1,R8->R7,14.317821063276353,False,9.877295966495897,9.26829268292683,3.414634146341463,1.4142135623730951,19.902197699999988
PUFF_RIGHT,203,R1->L1,R7->R6,5.385164807134504,False,58.72202195147036,58.62068965517242,3.448275862068967,3.1622776601683795,20.0002796
PUFF_RIGHT,204,R1->L1,R6->R5,31.906112267087632,False,3.1341957040361135,2.6522593320235757,-1.6699410609037328,1.0,20.098779499999978
PUFF_RIGHT,205,R1->L1,R5->R4,47.4236228055175,False,2.9820867295877664,2.9791018230324586,0.13339261894175194,1.4142135623730951,20.196716900000013
PUFF_RIGHT,206,R1->L1,R4->R3,50.15974481593781,True,2.8194193721730048,2.6232114467408585,1.0333863275039747,1.4142135623730951,20.295144100000016
PUFF_RIGHT,207,R1->L1,R3->R2,7.0,False,14.285714285714285,0.0,-14.285714285714285,1.0,20.393202300000013
PUFF_BOTH,0,L1->L2,L3->L4,299.2607558635111,True,2.8354140019978415,2.7803521779425395,-0.5560704355885079,8.48528137423857,0.04885699999999815
PUFF_BOTH,1,L1->L2,L4->L5,93.38094023943002,True,1.0708823421952982,0.7798165137614679,0.7339449541284403,1.0,0.14783815000001255
PUFF_BOTH,2,L1->L2,L5->L6,83.40863264674707,True,2.680859170740759,2.630444156964209,0.517464424320828,2.23606797749979,0.24631519999999796
PUFF_BOTH,3,L1->L2,L6->L7,45.79301256742124,False,4.367478547202789,3.719599427753934,2.28898426323319,2.0,0.344889749999993
PUFF_BOTH,4,L1->L2,L7->L8,19.313207915827967,False,11.577921116187232,-8.579088471849866,-7.774798927613942,2.23606797749979,0.44340965000000665
PUFF_BOTH,5,L1->L2,L8->R8,7.0710678118654755,False,42.426406871192846,-41.99999999999999,-5.999999999999999,3.0,0.541899299999983
PUFF_BOTH,6,L1->L2,R8->R7,4.242640687119285,False,84.98365855987974,16.666666666666664,83.33333333333333,3.605551275463989,0.6413921499999731
PUFF_BOTH,7,L1->L2,R7->R6,22.561028345356956,False,8.864844143558724,8.644400785854616,1.9646365422396856,2.0,0.7408106000000032
PUFF_BOTH,8,L1->L2,R6->R5,10.44030650891055,False,9.578262852211513,-2.7522935779816513,-9.174311926605503,1.0,0.8404059000000075
PUFF_BOTH,9,L1->L2,R5->R4,60.4648658313239,True,1.6538530041390564,0.9299781181619257,-1.3676148796498906,1.0,0.9400250500000027
PUFF_BOTH,10,L1->L2,R4->R3,45.803929962395145,False,0.0,-0.0,-0.0,0.0,1.039994699999994
PUFF_BOTH,11,L1->L2,R3->R2,25.612496949731394,False,0.0,0.0,0.0,0.0,1.1419812000000036
PUFF_BOTH,12,L1->L2,R2->R1,373.2077169620157,True,0.9660977283143786,0.9089342638063238,-0.32738864478332047,3.605551275463989,1.2439760000000035
PUFF_BOTH,13,L2->L3,L4->L5,247.95160818191923,True,1.7110760919148826,-1.6785946649316854,0.33181522446324,4.242640687119285,1.3439982999999813
PUFF_BOTH,14,L2->L3,L5->L6,161.82088863926066,True,1.7478751652708222,-1.7261131902543345,0.27495608340334526,2.8284271247461903,1.4445481999999856
PUFF_BOTH,15,L2->L3,L6->L7,40.8166632639171,False,3.464794643376185,-3.361344537815126,0.8403361344537815,1.4142135623730951,1.5445370500000024
PUFF_BOTH,16,L2->L3,L7->L8,18.867962264113206,False,0.0,-0.0,-0.0,0.0,1.6445243000000005
PUFF_BOTH,17,L2->L3,L8->R8,15.620499351813308,False,28.629916715693415,-27.868852459016395,6.55737704918033,4.47213595499958,1.7450153000000057
PUFF_BOTH,18,L2->L3,R8->R7,9.848857801796104,False,14.35916317235476,13.402061855670103,5.154639175257731,1.4142135623730951,1.8439050499999894
PUFF_BOTH,19,L2->L3,R7->R6,7.280109889280518,False,27.472112789737807,26.41509433962264,7.547169811320755,2.0,1.9418316000000004
PUFF_BOTH,20,L2->L3,R6->R5,18.027756377319946,False,0.0,-0.0,-0.0,0.0,2.0400517000000207
PUFF_BOTH,21,L2->L3,R5->R4,5.385164807134504,False,18.56953381770519,17.24137931034483,-6.896551724137932,1.0,2.1390476499999806
PUFF_BOTH,22,L2->L3,R4->R3,16.278820596099706,False,0.0,-0.0,-0.0,0.0,2.2378419499999893
PUFF_BOTH,23,L2->L3,R3->R2,7.211102550927978,False,13.867504905630728,-7.6923076923076925,-11.538461538461538,1.0,2.336445249999997
PUFF_BOTH,24,L2->L3,R2->R1,51.61395160225576,True,4.332293707583636,-4.2792792792792795,0.6756756756756757,2.23606797749979,2.4340075500000182
PUFF_BOTH,25,L2->L3,R1->L1,33.24154027718932,False,6.7267279399631255,-5.610859728506788,-3.7104072398190047,2.23606797749979,2.531456850000012
PUFF_BOTH,26,L3->L4,L1->L2,327.9466420014085,True,1.5246382672149834,1.5193074784516825,0.12738379715292567,5.0,2.629887449999984
PUFF_BOTH,27,L3->L4,L5->L6,252.1606630701942,True,0.3965725612490276,0.2264685067232838,-0.32554847841472045,1.0,2.7333627499999977
PUFF_BOTH,28,L3->L4,L6->L7,26.92582403567252,False,8.304547985373997,0.6896551724137935,-8.275862068965518,2.23606797749979,2.8379891499999985
PUFF_BOTH,29,L3->L4,L7->L8,23.08679276123039,False,8.662961636484198,8.25515947467167,2.626641651031895,2.0,2.9364060999999992
PUFF_BOTH,30,L3->L4,L8->R8,21.93171219946131,False,14.418745018211808,-10.602910602910601,-9.77130977130977,3.1622776601683795,3.0344619999999907
PUFF_BOTH,31,L3->L4,R8->R7,9.0,False,31.426968052735443,-22.22222222222222,22.22222222222222,2.8284271247461903,3.131932149999983
PUFF_BOTH,32,L3->L4,R7->R6,23.769728648009426,False,9.407208683835972,1.9469026548672566,9.203539823008848,2.23606797749979,3.2293684999999925
PUFF_BOTH,33,L3->L4,R6->R5,13.601470508735444,False,10.397504898200726,1.6216216216216213,-10.27027027027027,1.4142135623730951,3.327886449999994
PUFF_BOTH,34,L3->L4,R5->R4,57.38466694161429,True,2.4644450124838726,-2.4597631339204376,0.15183723048891587,1.4142135623730951,3.4264346999999873
PUFF_BOTH,35,L3->L4,R4->R3,58.180752831155424,True,2.430724068623245,-2.333825701624815,-0.6794682422451993,1.4142135623730951,3.525519199999991
PUFF_BOTH,36,L3->L4,R3->R2,18.027756377319946,False,0.0,-0.0,-0.0,0.0,3.625517500000001
PUFF_BOTH,37,L3->L4,R2->R1,39.45883931389772,False,5.666836674317049,-4.624277456647399,-3.2755298651252414,2.23606797749979,3.7249577499999873
PUFF_BOTH,38,L3->L4,R1->L1,123.84667940643382,True,2.5533810638479655,-2.399269787455992,0.8736471508671274,3.1622776601683795,3.8234684499999787
PUFF_BOTH,39,L4->L5,L1->L2,76.05918747922567,True,1.859359282216056,1.849611063094209,0.19014693171996538,1.4142135623730951,3.9215084000000218
PUFF_BOTH,40,L4->L5,L2->L3,240.62626623043462,True,0.9292701135787187,-0.9257180359579283,-0.08117303673511683,2.23606797749979,4.019441450000016
PUFF_BOTH,41,L4->L5,L6->L7,175.41949720598336,True,0.5700620603340159,0.5004549590536852,0.272975432211101,1.0,4.117835849999977
PUFF_BOTH,42,L4->L5,L7->L8,66.60330322138685,True,3.0028540676910214,2.254283137962128,1.9837691614066728,2.0,4.217335350000013
PUFF_BOTH,43,L4->L5,L8->R8,47.634021455258214,False,13.442333949165283,-13.133539003966508,2.864698104892023,6.4031242374328485,4.316903600000018
PUFF_BOTH,44,L4->L5,R8->R7,22.02271554554524,False,9.081532183729996,-5.77319587628866,-7.010309278350515,2.0,4.415993850000007
PUFF_BOTH,45,L4->L5,R7->R6,19.209372712298546,False,20.823168251814142,16.260162601626014,-13.008130081300814,4.0,4.515966099999986
PUFF_BOTH,46,L4->L5,R6->R5,5.0,False,0.0,-0.0,-0.0,0.0,4.616892649999983
PUFF_BOTH,47,L4->L5,R5->R4,39.6232255123179,False,5.643326479831004,-5.414012738853504,-1.5923566878980893,2.23606797749979,4.717878299999995
PUFF_BOTH,48,L4->L5,R4->R3,35.014282800023196,False,2.8559773898876992,-2.854812398042414,0.08156606851549754,1.0,4.81734904999999
PUFF_BOTH,49,L4->L5,R3->R2,18.973665961010276,False,5.2704627669473,-5.0,1.6666666666666667,1.0,4.915872949999994
PUFF_BOTH,50,L4->L5,R2->R1,115.12167476196652,True,2.6059384613740253,-2.19572926884479,1.403455821323474,3.0,5.014355549999976
PUFF_BOTH,51,L4->L5,R1->L1,45.48626166217664,False,6.952159937113321,-4.30159497341711,-5.461575640405994,3.1622776601683795,5.1132940500000075
PUFF_BOTH,52,L5->L6,L1->L2,88.72992730753249,True,2.5200831842786426,2.4514162326940174,0.5842753715229265,2.23606797749979,5.212671799999981
PUFF_BOTH,53,L5->L6,L2->L3,176.0113632695344,True,1.2704111461687817,-1.252420916720465,-0.21304067140090385,2.23606797749979,5.31266715000001
PUFF_BOTH,54,L5->L6,L3->L4,272.3692346796899,True,0.0,0.0,0.0,0.0,5.411308600000012
PUFF_BOTH,55,L5->L6,L7->L8,178.63090438107287,True,7.61428743579524,-7.602870663449182,0.4168103043028616,13.601470508735444,5.508846900000009
PUFF_BOTH,56,L5->L6,L8->R8,52.69724850502159,True,16.213377335067815,15.80842635938063,3.6010082823190492,8.54400374531753,5.606868400000025
PUFF_BOTH,57,L5->L6,R8->R7,17.029386365926403,False,33.21819194149599,33.10344827586207,2.7586206896551726,5.656854249492381,5.704941400000024
PUFF_BOTH,58,L5->L6,R7->R6,3.0,False,137.43685418725536,133.33333333333331,33.33333333333333,4.123105625617661,5.814483949999982
PUFF_BOTH,59,L5->L6,R6->R5,45.09988913511872,False,3.1357362279453236,2.359882005899705,2.0648967551622417,1.4142135623730951,5.922886149999982
PUFF_BOTH,60,L5->L6,R5->R4,6.4031242374328485,False,0.0,0.0,-0.0,0.0,6.019303150000013
PUFF_BOTH,61,L5->L6,R4->R3,5.830951894845301,False,0.0,-0.0,-0.0,0.0,6.1154014000000245
PUFF_BOTH,62,L5->L6,R3->R2,2.8284271247461903,False,35.35533905932738,-25.0,-25.0,1.0,6.2119438
PUFF_BOTH,63,L5->L6,R2->R1,40.26164427839479,False,3.5125578890775473,-3.0228254164096238,-1.7890191239975324,1.4142135623730951,6.3098515499999905
PUFF_BOTH,64,L5->L6,R1->L1,69.8927750200262,True,1.4307630505634845,-1.1873080859774823,0.7983623336745139,1.0,6.408289249999996
PUFF_BOTH,65,L6->L7,L1->L2,39.824615503479755,False,5.022019609518255,3.1525851197982346,-3.9092055485498114,2.0,6.509824899999984
PUFF_BOTH,66,L6->L7,L2->L3,44.68780594300866,False,2.2377469175267226,-1.7025538307461192,-1.4521782674011017,1.0,6.61087169999999
PUFF_BOTH,67,L6->L7,L3->L4,40.22437072223753,False,2.486055050818141,1.4215080346106304,-2.0395550061804695,1.0,6.709927599999986
PUFF_BOTH,68,L6->L7,L4->L5,200.9975124224178,True,1.1124853987249619,-0.5940594059405941,-0.9405940594059405,2.23606797749979,6.810996949999975
PUFF_BOTH,69,L6->L7,L8->R8,295.8530040408581,True,16.25944412468412,15.920437797758458,-3.302905322807298,48.104053883222775,6.912038249999995
PUFF_BOTH,70,L6->L7,R8->R7,50.566787519082126,True,34.987008036209275,33.24208056315995,-10.911224090731327,17.69180601295413,7.011042300000014
PUFF_BOTH,71,L6->L7,R7->R6,36.796738985948195,False,59.84963926818404,59.74889217134416,-3.471196454948302,22.02271554554524,7.11003869999999
PUFF_BOTH,72,L6->L7,R6->R5,17.204650534085253,False,29.061909685954824,29.054054054054056,-0.6756756756756754,5.0,7.208547949999996
PUFF_BOTH,73,L6->L7,R5->R4,11.704699910719626,False,12.08244186660354,10.948905109489052,-5.109489051094891,1.4142135623730951,7.307069899999988
PUFF_BOTH,74,L6->L7,R4->R3,15.652475842498529,False,0.0,0.0,-0.0,0.0,7.407580700000011
PUFF_BOTH,75,L6->L7,R3->R2,1.4142135623730951,False,0.0,0.0,0.0,0.0,7.509061899999978
PUFF_BOTH,76,L6->L7,R2->R1,59.464274989274024,True,2.3782574707724704,2.1493212669683257,1.0180995475113122,1.4142135623730951,7.610089649999992
PUFF_BOTH,77,L6->L7,R1->L1,66.30987860040162,True,1.508070925640246,0.5913122583579713,1.3873095292244713,1.0,7.710052750000017
PUFF_BOTH,78,L7->L8,L1->L2,17.72004514666935,False,15.961737689352445,-14.012738853503187,-7.643312101910828,2.8284271247461903,7.8094629
PUFF_BOTH,79,L7->L8,L2->L3,26.40075756488817,False,3.7877700953928506,2.2955523672883786,3.012912482065997,1.0,7.909946350000013
PUFF_BOTH,80,L7->L8,L3->L4,30.0,False,7.4535599249993,7.333333333333333,1.3333333333333335,2.23606797749979,8.011019349999998
PUFF_BOTH,81,L7->L8,L4->L5,88.72992730753249,True,1.1270154618002348,0.8637114187730216,0.723993395147974,1.0,8.109389800000002
PUFF_BOTH,82,L7->L8,L5->L6,187.27786842016332,True,7.183776791441324,-7.133692584039005,0.8468052347959967,13.45362404707371,8.207398799999993
PUFF_BOTH,83,L7->L8,R8->R7,122.31925441237777,True,15.704291858694248,15.65967116695629,-1.1829969255447128,19.209372712298546,8.306459450000006
PUFF_BOTH,84,L7->L8,R7->R6,60.74537019394976,True,43.21121002803232,42.84552845528455,-5.609756097560975,26.248809496813376,8.405386100000015
PUFF_BOTH,85,L7->L8,R6->R5,21.18962010041709,False,35.941055430786136,35.85746102449889,-2.44988864142539,7.615773105863909,8.504942199999988
PUFF_BOTH,86,L7->L8,R5->R4,13.416407864998739,False,7.4535599249993,6.666666666666667,3.3333333333333335,1.0,8.604976499999992
PUFF_BOTH,87,L7->L8,R4->R3,13.92838827718412,False,7.17958158617738,2.577319587628866,6.701030927835052,1.0,8.704342249999996
PUFF_BOTH,88,L7->L8,R3->R2,1.0,False,100.0,0.0,-100.0,1.0,8.803852799999987
PUFF_BOTH,89,L7->L8,R2->R1,55.362442142665635,True,7.663391503189579,-6.949429037520391,-3.230016313213704,4.242640687119285,8.902880449999998
PUFF_BOTH,90,L7->L8,R1->L1,67.60177512462228,True,3.307706008278112,0.15317286652078763,3.304157549234135,2.23606797749979,9.000884000000013
PUFF_BOTH,91,L8->R8,L1->L2,12.727922061357855,False,0.0,-0.0,-0.0,0.0,9.09944649999997
PUFF_BOTH,92,L8->R8,L2->L3,24.413111231467404,False,9.159291318091396,-8.053691275167784,-4.3624161073825505,2.23606797749979,9.198954900000018
PUFF_BOTH,93,L8->R8,L3->L4,30.0,False,12.018504251546632,-12.000000000000002,-0.6666666666666667,3.605551275463989,9.297395649999999
PUFF_BOTH,94,L8->R8,L4->L5,67.26812023536856,True,8.668224820974668,-8.508287292817679,-1.6574585635359116,5.830951894845301,9.396407449999998
PUFF_BOTH,95,L8->R8,L5->L6,55.226805085936306,True,15.576358715042232,15.475409836065573,1.7704918032786892,8.602325267042627,9.494892749999991
PUFF_BOTH,96,L8->R8,L6->L7,308.4493475434824,True,16.562900685201566,15.983645326410276,-4.341976645189771,51.088159097779204,9.592394349999978
PUFF_BOTH,97,L8->R8,R7->R6,322.59107241211746,True,16.014815607283175,15.380771633113918,-4.461634555325998,51.66236541235796,9.690929699999998
PUFF_BOTH,98,L8->R8,R6->R5,70.66116330771806,True,22.819487738090892,22.791908672141,-1.1215701982775892,16.1245154965971,9.789932549999975
PUFF_BOTH,99,L8->R8,R5->R4,38.47076812334269,False,12.996881122750908,-12.837837837837837,2.0270270270270268,5.0,9.888365399999998
PUFF_BOTH,100,L8->R8,R4->R3,22.090722034374522,False,12.803687993289598,-8.19672131147541,9.83606557377049,2.8284271247461903,9.985902149999987
PUFF_BOTH,101,L8->R8,R3->R2,5.385164807134504,False,26.261286571944513,-24.137931034482758,10.344827586206897,1.4142135623730951,10.08548055
PUFF_BOTH,102,L8->R8,R2->R1,50.80354318352215,True,4.401401629453762,2.6346377373111194,3.5257652072839987,2.23606797749979,10.185020750000007
PUFF_BOTH,103,L8->R8,R1->L1,82.37718130647589,True,4.3768810953240855,-4.022988505747127,-1.7241379310344827,3.605551275463989,10.283018499999997
PUFF_BOTH,104,R8->R7,L1->L2,13.038404810405298,False,17.149858514250884,-14.705882352941178,8.823529411764707,2.23606797749979,10.380410299999994
PUFF_BOTH,105,R8->R7,L2->L3,15.652475842498529,False,6.388765649999399,-2.857142857142857,-5.714285714285714,1.0,10.479392950000005
PUFF_BOTH,106,R8->R7,L3->L4,18.439088914585774,False,15.33929977694741,-15.294117647058824,1.1764705882352944,2.8284271247461903,10.579426250000012
PUFF_BOTH,107,R8->R7,L4->L5,34.058772731852805,False,4.1522739926869985,-4.137931034482759,-0.3448275862068966,1.4142135623730951,10.678364549999998
PUFF_BOTH,108,R8->R7,L5->L6,17.46424919657298,False,18.107149208503706,12.131147540983607,13.442622950819672,3.1622776601683795,10.777402350000017
PUFF_BOTH,109,R8->R7,L6->L7,55.47071299343465,True,30.699779121176878,29.99675008124797,-6.53233669158271,17.029386365926403,10.876887499999981
PUFF_BOTH,110,R8->R7,L7->L8,124.19742348374221,True,13.10721280641595,12.998379254457051,-1.6855753646677476,16.278820596099706,10.975880149999995
PUFF_BOTH,111,R8->R7,R6->R5,169.04733065032408,True,3.7877700953928506,-3.443328550932568,1.5781922525107603,6.4031242374328485,11.074933399999992
PUFF_BOTH,112,R8->R7,R5->R4,49.64876634922564,False,6.36929755298482,6.288032454361055,1.0141987829614603,3.1622776601683795,11.174394199999995
PUFF_BOTH,113,R8->R7,R4->R3,23.021728866442675,False,13.031167282892081,13.018867924528301,-0.5660377358490566,3.0,11.273409750000013
PUFF_BOTH,114,R8->R7,R3->R2,7.615773105863909,False,0.0,-0.0,-0.0,0.0,11.372962950000016
PUFF_BOTH,115,R8->R7,R2->R1,39.0,False,7.252377242938948,5.128205128205128,5.128205128205128,2.8284271247461903,11.471875349999976
PUFF_BOTH,116,R8->R7,R1->L1,68.47627326307996,True,0.0,-0.0,-0.0,0.0,11.57087494999999
PUFF_BOTH,117,R7->R6,L1->L2,24.020824298928627,False,15.0101063585266,8.838821490467936,-12.1317157712305,3.605551275463989,11.670385799999991
PUFF_BOTH,118,R7->R6,L2->L3,18.35755975068582,False,0.0,-0.0,-0.0,0.0,11.768905799999999
PUFF_BOTH,119,R7->R6,L3->L4,23.853720883753127,False,4.192218081503186,3.5149384885764503,2.2847100175746924,1.0,11.865922649999987
PUFF_BOTH,120,R7->R6,L4->L5,41.036569057366385,False,3.4462275839778886,3.444180522565321,-0.11876484560570069,1.4142135623730951,11.963488350000006
PUFF_BOTH,121,R7->R6,L5->L6,9.486832980505138,False,29.8142396999972,26.666666666666668,13.333333333333336,2.8284271247461903,12.061474599999997
PUFF_BOTH,122,R7->R6,L6->L7,49.51767361255979,False,40.085552880748715,39.8858075040783,3.99673735725938,19.849433241279208,12.159524249999976
PUFF_BOTH,123,R7->R6,L7->L8,68.01470429252781,True,37.48468486801148,37.48378728923476,-0.25940337224383975,25.495097567963924,12.258067850000003
PUFF_BOTH,124,R7->R6,L8->R8,333.75589882427545,True,15.277691065701434,14.882443241496324,-3.4526406506692515,50.99019513592785,12.357442649999996
PUFF_BOTH,125,R7->R6,R5->R4,84.17244204607586,True,6.057825328153828,-5.913902611150319,-1.3126323218066336,5.0990195135927845,12.457395999999989
PUFF_BOTH,126,R7->R6,R4->R3,15.811388300841896,False,6.324555320336758,1.9999999999999998,6.0,1.0,12.556897700000007
PUFF_BOTH,127,R7->R6,R3->R2,17.08800749063506,False,5.852057359806528,-5.47945205479452,-2.054794520547945,1.0,12.655902099999992
PUFF_BOTH,128,R7->R6,R2->R1,33.60059523282288,False,18.822747860605126,-10.806023029229408,-15.4118689105403,6.324555320336759,12.753985949999986
PUFF_BOTH,129,R7->R6,R1->L1,70.7248188403477,True,4.471241796047326,-4.318272690923631,1.15953618552579,3.1622776601683795,12.851958849999988
PUFF_BOTH,130,R6->R5,L1->L2,12.206555615733702,False,0.0,-0.0,-0.0,0.0,12.949323800000002
PUFF_BOTH,131,R6->R5,L2->L3,23.853720883753127,False,0.0,-0.0,-0.0,0.0,13.048344500000013
PUFF_BOTH,132,R6->R5,L3->L4,3.0,False,33.33333333333333,-0.0,-33.33333333333333,1.0,13.147808749999996
PUFF_BOTH,133,R6->R5,L4->L5,17.029386365926403,False,5.872202195147034,3.793103448275862,4.482758620689655,1.0,13.245387249999993
PUFF_BOTH,134,R6->R5,L5->L6,48.093658625644196,False,2.0792762051726843,-0.12970168612191957,2.075226977950713,1.0,13.3439683
PUFF_BOTH,135,R6->R5,L6->L7,20.518284528683193,False,26.245687350745158,24.46555819477435,9.501187648456058,5.385164807134504,13.444041950000013
PUFF_BOTH,136,R6->R5,L7->L8,19.1049731745428,False,37.74463583407018,37.26027397260274,6.027397260273973,7.211102550927978,13.544068099999976
PUFF_BOTH,137,R6->R5,L8->R8,68.24221567329127,True,22.9366466022067,22.69701524586644,3.3068499033712686,15.652475842498529,13.644558899999993
PUFF_BOTH,138,R6->R5,R8->R7,166.41213898030395,True,0.8498259628406538,-0.834145813021341,0.16249593760155998,1.4142135623730951,13.745075749999984
PUFF_BOTH,139,R6->R5,R4->R3,338.89526405661087,True,1.66920427915671,-1.6229865041358296,0.39007400957771016,5.656854249492381,13.844596050000007
PUFF_BOTH,140,R6->R5,R3->R2,180.5602392554906,True,2.349709274097715,-2.3004723636586717,0.4784982516410036,4.242640687119285,13.94502804999999
PUFF_BOTH,141,R6->R5,R2->R1,125.51493934986385,True,3.3801878159644647,2.8183318522280056,-1.8661927129617875,4.242640687119285,14.044534499999997
PUFF_BOTH,142,R6->R5,R1->L1,96.83491106000976,True,3.265638007565968,-3.124666737762611,0.9491308520848887,3.1622776601683795,14.141536099999996
PUFF_BOTH,143,R5->R4,L1->L2,60.74537019394976,True,0.0,0.0,0.0,0.0,14.23905425000001
PUFF_BOTH,144,R5->R4,L2->L3,13.038404810405298,False,0.0,-0.0,-0.0,0.0,14.337971949999996
PUFF_BOTH,145,R5->R4,L3->L4,56.639209034025185,True,2.4968808471946113,-2.4937655860349124,0.12468827930174563,1.4142135623730951,14.437371249999984
PUFF_BOTH,146,R5->R4,L4->L5,65.06919393998976,True,2.173399540921557,-2.1728861596598965,-0.0472366556447803,1.4142135623730951,14.537882150000002
PUFF_BOTH,147,R5->R4,L5->L6,16.492422502470642,False,6.063390625908324,-5.88235294117647,-1.4705882352941175,1.0,14.637373999999994
PUFF_BOTH,148,R5->R4,L6->L7,24.041630560342615,False,8.31890330807703,5.88235294117647,5.88235294117647,2.0,14.735913049999994
PUFF_BOTH,149,R5->R4,L7->L8,23.259406699226016,False,0.0,-0.0,-0.0,0.0,14.835456649999998
PUFF_BOTH,150,R5->R4,L8->R8,43.840620433565945,False,12.283505009457917,-11.29032258064516,4.838709677419355,5.385164807134504,14.934385450000008
PUFF_BOTH,151,R5->R4,R8->R7,56.568542494923804,True,8.838834764831844,8.75,1.25,5.0,15.032929849999988
PUFF_BOTH,152,R5->R4,R7->R6,82.3286098510111,True,5.008107914222269,-2.935969312481558,-4.0572440247860735,4.123105625617661,15.131966599999998
PUFF_BOTH,153,R5->R4,R3->R2,253.03161857759991,True,1.9760376304381095,-1.975790706755174,-0.031237797735259695,5.0,15.231467449999997
PUFF_BOTH,154,R5->R4,R2->R1,63.324560795950255,True,10.111596759534638,-8.204488778054863,-5.910224438902743,6.4031242374328485,15.330968100000007
PUFF_BOTH,155,R5->R4,R1->L1,35.05709628591621,False,10.28479725205444,-8.21806346623271,-6.183889340927583,3.605551275463989,15.429921500000006
PUFF_BOTH,156,R4->R3,L1->L2,36.40054944640259,False,0.0,-0.0,-0.0,0.0,15.52783685
PUFF_BOTH,157,R4->R3,L2->L3,11.40175425099138,False,8.770580193070293,8.461538461538462,-2.307692307692308,1.0,15.625382849999994
PUFF_BOTH,158,R4->R3,L3->L4,41.23105625617661,False,3.4299717028501764,-3.4117647058823524,-0.3529411764705882,1.4142135623730951,15.72239725
PUFF_BOTH,159,R4->R3,L4->L5,23.08679276123039,False,6.125638918316888,-4.690431519699811,3.9399624765478425,1.4142135623730951,15.82039180000001
PUFF_BOTH,160,R4->R3,L5->L6,3.605551275463989,False,0.0,-0.0,0.0,0.0,15.918380299999995
PUFF_BOTH,161,R4->R3,L6->L7,6.082762530298219,False,32.879797461071455,5.405405405405404,-32.43243243243243,2.0,16.01641860000001
PUFF_BOTH,162,R4->R3,L7->L8,12.0,False,11.785113019775793,-8.333333333333332,8.333333333333332,1.4142135623730951,16.1148867
PUFF_BOTH,163,R4->R3,L8->R8,19.313207915827967,False,14.645040518764251,-5.898123324396784,-13.404825737265416,2.8284271247461903,16.212899899999996
PUFF_BOTH,164,R4->R3,R8->R7,18.027756377319946,False,16.641005886756876,15.692307692307693,5.538461538461539,3.0,16.3119054
PUFF_BOTH,165,R4->R3,R7->R6,19.6468827043885,False,10.17973197118575,-2.5906735751295336,9.844559585492227,2.0,16.410904750000014
PUFF_BOTH,166,R4->R3,R6->R5,326.65884344373717,True,1.731731548993469,-1.7093696699342118,0.27739770959458704,5.656854249492381,16.510491700000017
PUFF_BOTH,167,R4->R3,R2->R1,485.26796720987056,True,0.4607903526697707,0.3936556468564877,-0.23950570100006374,2.23606797749979,16.610015500000003
PUFF_BOTH,168,R4->R3,R1->L1,110.11357772772621,True,3.2743929948214943,-3.2577319587628857,0.32989690721649473,3.605551275463989,16.7089445
PUFF_BOTH,169,R3->R2,L1->L2,27.65863337187866,False,0.0,0.0,0.0,0.0,16.808919349999996
PUFF_BOTH,170,R3->R2,L2->L3,22.47220505424423,False,0.0,-0.0,-0.0,0.0,16.907172799999984
PUFF_BOTH,171,R3->R2,L3->L4,18.110770276274835,False,0.0,-0.0,-0.0,0.0,17.005194450000005
PUFF_BOTH,172,R3->R2,L4->L5,8.246211251235321,False,0.0,-0.0,0.0,0.0,17.104949250000004
PUFF_BOTH,173,R3->R2,L5->L6,12.041594578792296,False,0.0,-0.0,-0.0,0.0,17.203986249999986
PUFF_BOTH,174,R3->R2,L6->L7,11.40175425099138,False,19.611613513818405,-8.461538461538462,17.692307692307693,2.23606797749979,17.303010099999995
PUFF_BOTH,175,R3->R2,L7->L8,11.045361017187261,False,12.803687993289598,8.19672131147541,9.83606557377049,1.4142135623730951,17.402911149999994
PUFF_BOTH,176,R3->R2,L8->R8,13.416407864998739,False,30.73181485764296,-30.0,6.666666666666667,4.123105625617661,17.50288014999998
PUFF_BOTH,177,R3->R2,R8->R7,17.88854381999832,False,7.905694150420948,7.500000000000001,2.5,1.4142135623730951,17.60286959999999
PUFF_BOTH,178,R3->R2,R7->R6,20.591260281974,False,17.51010489931187,8.018867924528301,-15.566037735849056,3.605551275463989,17.7020043
PUFF_BOTH,179,R3->R2,R6->R5,202.41047403728888,True,2.0960578780807997,-2.0942152794727846,0.08786917256529167,4.242640687119285,17.802057999999988
PUFF_BOTH,180,R3->R2,R5->R4,276.9440376682625,True,2.042598315934299,-2.0339513416255968,0.18774935461159353,5.656854249492381,17.90209150000001
PUFF_BOTH,181,R3->R2,R1->L1,68.09552114493287,True,4.643884953076229,-4.550355833513048,0.9273237006685358,3.1622776601683795,18.00044970000002
PUFF_BOTH,182,R2->R1,L1->L2,348.644518098306,True,1.2827208583094913,1.1747961794443575,0.5150016865071203,4.47213595499958,18.099465699999996
PUFF_BOTH,183,R2->R1,L2->L3,26.076809620810597,False,0.0,-0.0,-0.0,0.0,18.19851270000001
PUFF_BOTH,184,R2->R1,L3->L4,20.518284528683193,False,0.0,-0.0,-0.0,0.0,18.297836649999994
PUFF_BOTH,185,R2->R1,L4->L5,19.72308292331602,False,5.070201265633938,4.370179948586118,2.570694087403599,1.0,18.39639654999999
PUFF_BOTH,186,R2->R1,L5->L6,24.186773244895647,False,8.26898230594723,-8.205128205128204,-1.0256410256410255,2.0,18.501879000000002
PUFF_BOTH,187,R2->R1,L6->L7,8.06225774829855,False,49.613893835683385,-49.23076923076923,6.153846153846154,4.0,18.60794765
PUFF_BOTH,188,R2->R1,L7->L8,16.401219466856727,False,13.633547078730293,5.947955390334572,12.267657992565054,2.23606797749979,18.705936999999977
PUFF_BOTH,189,R2->R1,L8->R8,14.0,False,50.50762722761054,-50.0,-7.142857142857142,7.0710678118654755,18.802335950000014
PUFF_BOTH,190,R2->R1,R8->R7,24.73863375370596,False,4.0422604172722165,3.9215686274509802,-0.9803921568627451,1.0,18.899353050000002
PUFF_BOTH,191,R2->R1,R7->R6,36.138621999185304,False,19.36985865193699,18.759571209800917,-4.823889739663093,7.0,18.998849699999994
PUFF_BOTH,192,R2->R1,R6->R5,138.85243966167826,True,1.6103915660020771,1.4937759336099583,0.6016597510373445,2.23606797749979,19.098373899999984
PUFF_BOTH,193,R2->R1,R5->R4,8.06225774829855,False,52.62348115842176,-32.30769230769231,41.53846153846154,4.242640687119285,19.196883499999984
PUFF_BOTH,194,R2->R1,R4->R3,460.8047308784926,True,0.6862511272702676,0.5834954153931646,0.36121144762434004,3.1622776601683795,19.295406200000002
PUFF_BOTH,195,R1->L1,L2->L3,23.259406699226016,False,4.299335803923478,3.8817005545286505,1.8484288354898335,1.0,19.39446755
PUFF_BOTH,196,R1->L1,L3->L4,30.528675044947494,False,0.0,-0.0,-0.0,0.0,19.49298244999997
PUFF_BOTH,197,R1->L1,L4->L5,30.59411708155671,False,4.622501635210243,3.8461538461538463,-2.5641025641025648,1.4142135623730951,19.5914037
PUFF_BOTH,198,R1->L1,L5->L6,9.219544457292887,False,0.0,-0.0,-0.0,0.0,19.689849199999998
PUFF_BOTH,199,R1->L1,L6->L7,12.206555615733702,False,16.38463841038081,-13.422818791946309,9.395973154362416,2.0,19.78785739999998
PUFF_BOTH,200,R1->L1,L7->L8,11.180339887498949,False,20.0,19.2,5.6000000000000005,2.23606797749979,19.885840300000012
PUFF_BOTH,201,R1->L1,L8->R8,19.4164878389476,False,27.735009811261456,-27.055702917771885,6.10079575596817,5.385164807134504,19.98391115000001
PUFF_BOTH,202,R1->L1,R8->R7,14.317821063276353,False,15.617376188860607,15.609756097560975,0.48780487804878014,2.23606797749979,20.08305844999998
PUFF_BOTH,203,R1->L1,R7->R6,5.385164807134504,False,58.72202195147036,58.62068965517242,3.448275862068967,3.1622776601683795,20.183044599999988
PUFF_BOTH,204,R1->L1,R6->R5,31.906112267087632,False,0.0,-0.0,-0.0,0.0,20.282482149999993
PUFF_BOTH,205,R1->L1,R5->R4,47.4236228055175,False,2.9820867295877664,2.9791018230324586,0.13339261894175194,1.4142135623730951,20.380970899999994
PUFF_BOTH,206,R1->L1,R4->R3,50.15974481593781,True,2.8194193721730048,2.6232114467408585,1.0333863275039747,1.4142135623730951,20.47890479999998
PUFF_BOTH,207,R1->L1,R3->R2,7.0,False,14.285714285714285,0.0,-14.285714285714285,1.0,20.57690464999999
